Porosity,Mean,Variance,Skew,Kurtosis,P10,P20,P30,P40,P50,P60,P70,P80,P90,P100,,Input1,Input2,Input3,Input4,Input5,Input6,Input7,Input8,Input9,Input10,Input11,Input12,Input13,Input14,Input15
0.148376,0.021816835,6.107363485418036e-05,-0.11516085,-0.680760764,0.0115,0.0143,0.0174,0.0198,0.0219,0.0244,0.0267,0.029,0.032,0.0402,,0.397150117,0.4521010104566813,0.7976997251495719,0.044203235,0.1333271676301956,0.059203235,0.074203235,0.102209838,0.1178664036855101,0.8476397115051747,0.9915946519076824,0.8470695325016976,0.05421695,0.067378791,0.071714806
0.145053,0.019930704,6.290889235362987e-05,-0.024589966,-0.780578485,0.0094,0.012,0.0152,0.0175,0.0202,0.0223,0.0249,0.0272,0.0307,0.0369,,0.3944991253316403,0.4547074735164642,0.7125017518702894,0.047882539,0.1320433117449283,0.062886561,0.077886561,0.093451387,0.1103662668988108,0.8250682037085295,0.9946440248668194,0.8510333981871605,0.083669944,0.088649321,0.064919047
0.143195,0.019118545,7.074885540275385e-05,-0.094956055,-0.841880575,0.0068,0.0111,0.0141,0.0172,0.0193,0.0224,0.0244,0.027,0.0303,0.0388,,0.3821263965964317,0.4695616334676742,0.5197345787912607,0.044969734,0.1453534996509552,0.059969734,0.074969734,0.089969734,0.1098493592403829,0.983474642,0.8167034795045853,0.8272278032302857,0.065886605,0.093446824,0.096674024
0.143636,0.019263042,7.549240750353405e-05,0.065676525,-0.653488987,0.0071,0.0111,0.0141,0.0166,0.0196,0.022,0.0242,0.0272,0.0308,0.0416,,0.3772246165573597,0.4730790510773658,0.5350827223330736,0.04160796,0.1402456724643707,0.058553258,0.073590185,0.094985066,0.1104828232437372,0.8175491615653039,0.9486567353785038,0.820475866,0.054222372,0.089010632,0.090976627
0.144492,0.018988252,5.572121496308618e-05,-0.017274706,-0.783463723,0.009,0.0116,0.0146,0.0167,0.0193,0.0212,0.0233,0.026,0.0291,0.0372,,0.4015331533551216,0.4496358063770458,0.7452471084706485,0.039370814,0.1198880755901336,0.054373773,0.073176417,0.088291774,0.1048761115223169,0.8343418917715549,0.9918870418727398,0.908708056,0.06078541,0.084797559,0.069948788
0.143446,0.020045611,5.859515609476777e-05,-0.04416369,-0.820718989,0.0097,0.0128,0.0152,0.0175,0.0201,0.0223,0.0248,0.0275,0.0305,0.0363,,0.4022531475126743,0.4485011652112007,0.7593875950880349,0.04496921,0.1265306714177131,0.05996921,0.07496921,0.08996921,0.106810105,0.8490433722406626,0.9765055814683438,0.8197882637798787,0.081945434,0.079899523,0.077396765
0.144348,0.02208263,8.570416285183281e-05,0.2383927803026848,-0.479625536,0.0101,0.0133,0.0162,0.0187,0.0215,0.0243,0.0273,0.0309,0.0348,0.0481,,0.3896886128187179,0.4592272415757179,0.7325437362067401,0.044205744,0.1421468961238861,0.059205744,0.086808222,0.1088633101731538,0.1271090770214796,0.860259662,0.988190795,0.8906755026996136,0.060630832,0.088685385,0.081978971
0.144228,0.019174827,6.19142679109898e-05,0.09291605,-0.639061309,0.0083,0.0125,0.0145,0.0167,0.0188,0.0216,0.0239,0.0263,0.0299,0.0424,,0.379350144,0.4672626912593841,0.7375572950905189,0.037224617,0.1319109146296978,0.052225912,0.075515807,0.090658633,0.1056714779943227,0.8183665164887906,0.9941706953883171,0.9234025568500162,0.053191598,0.057712617,0.093695915
0.143927,0.020572533,7.262837258017598e-05,0.1330055830845339,-0.661687683,0.009,0.0121,0.0156,0.0178,0.0201,0.0229,0.0258,0.0286,0.0319,0.0436,,0.3883674348518252,0.4599679261445999,0.7218358884926419,0.044477726,0.1416613090038299,0.059477726,0.074477726,0.089477726,0.1266195593088865,0.9686202504694462,0.9893321606993676,0.8162588387072087,0.05591686,0.066031058,0.070538891
0.138977,0.019556756,7.569882613852135e-05,-0.022723979,-0.77653403,0.0072,0.0115,0.0144,0.0169,0.0197,0.0225,0.0248,0.0275,0.0313,0.0419,,0.3937721571326256,0.4605020686984062,0.5333176383823156,0.040493792,0.1419903099536895,0.060863536,0.076104664,0.091324454,0.1203282330334186,0.8107551869571209,0.8310819215714932,0.9194128739237786,0.053892398,0.095947804,0.09459536
0.168963,0.022400233,9.663270595986432e-05,0.016467857,-0.651308077,0.0092,0.0131,0.0164,0.0194,0.0223,0.0254,0.0283,0.0316,0.0353,0.0483,,0.3863844444975257,0.4406431533396244,0.5135838036060333,0.043859807,0.1380098813772201,0.058859807,0.092392068,0.1075251941770315,0.1229192275553941,0.8284682710319757,0.9053833755873144,0.8217200835168362,0.081227461,0.087922219,0.07664006
0.159887,0.021900896,7.235145120106887e-05,-0.057779967,-0.816059933,0.0109,0.0138,0.0165,0.0198,0.0221,0.0244,0.0274,0.0302,0.0331,0.0415,,0.4161002695560455,0.418843675,0.6936831049203872,0.03929519,0.1425359714031219,0.060746028,0.097535971,0.1125359714031219,0.1275359714031219,0.8454421504616738,0.8396499288499355,0.960251351,0.079533425,0.082284712,0.090536476
0.156643,0.019351934,7.010060873801408e-05,-0.034054654,-0.760573297,0.0074,0.0117,0.0141,0.0172,0.0197,0.0219,0.0246,0.027,0.0303,0.0402,,0.3731270104646683,0.4622213579714298,0.6290480591252446,0.037710907,0.115788437,0.055788437,0.070788437,0.085788437,0.100788437,0.9296609128832816,0.8372762789607048,0.8266780476927758,0.07874968,0.083329001,0.08388825
0.170658,0.022313049,7.657815380086101e-05,0.086274599,-0.497607705,0.0105,0.0138,0.0168,0.0196,0.0223,0.0251,0.0276,0.0301,0.0334,0.0476,,0.3652897796034813,0.4563637517392635,0.7354619053881615,0.037471712,0.1288730847090482,0.052471712,0.068586436,0.098873085,0.1138730847090482,0.8981119663320482,0.8064914455771446,0.9433957821011544,0.075311734,0.080429348,0.084952334
0.159706,0.021239714,7.869483642147283e-05,0.077556192,-0.751754988,0.0098,0.0131,0.0156,0.0185,0.0214,0.0235,0.0262,0.0297,0.0334,0.0415,,0.412176023,0.4167312324047089,0.6539325571507215,0.036905969,0.1419524991512298,0.061110033,0.078204693,0.09398354,0.1234889820843934,0.9287367789909244,0.978991611,0.9525921562790872,0.059573217,0.083687387,0.082804479
0.155854,0.023297331,0.000104679,-0.018935041,-0.736927542,0.0095,0.0135,0.017,0.0202,0.0233,0.0264,0.03,0.033,0.0367,0.0482,,0.4102952280640602,0.4268393740057945,0.5217825141549111,0.044681655,0.1343172344565391,0.074180672,0.089195798,0.1042105152025818,0.1192115377753973,0.8572287738904357,0.9098961118221284,0.952626323,0.063101217,0.092667479,0.088517333
0.168915,0.02416885,9.574447535839792e-05,0.021073923,-0.803865995,0.0108,0.0147,0.0179,0.0216,0.0242,0.0271,0.0302,0.0334,0.0372,0.0465,,0.3827055048942566,0.4413555555045604,0.6892334655448794,0.045999715,0.1454661679267883,0.060999715,0.075999715,0.1081657146215439,0.1304661679267883,0.8598498495101929,0.931822537,0.988503175,0.052090294,0.085342301,0.097097913
0.169237,0.022688874,0.000104464,0.015589956,-0.799736651,0.0091,0.013,0.0165,0.0195,0.0225,0.0256,0.0288,0.0323,0.037,0.0491,,0.3512777850031853,0.4725492164492607,0.5640969246983528,0.040666906,0.1350098139047622,0.055666906,0.077155826,0.0995465,0.1199988675996661,0.8462503963917494,0.8189201567590236,0.8958975409410894,0.0685066,0.067456454,0.067971392
0.157203,0.020896848,8.698690965096188e-05,0.044186583,-0.696123766,0.008,0.0117,0.0157,0.0183,0.0209,0.0234,0.0262,0.0292,0.0337,0.0437,,0.3999891646206379,0.4310693114995956,0.5383939400553703,0.04057912,0.1404608905315399,0.05557912,0.07057912,0.08557912,0.1242533008188009,0.8551763997167349,0.8570307330667972,0.8509873400986195,0.057967718,0.084274574,0.092350009
0.167221,0.022284587,8.643333355395567e-05,0.025984553,-0.76926102,0.0095,0.0134,0.0165,0.02,0.0225,0.025,0.0277,0.0311,0.0346,0.0461,,0.4076542088389396,0.4197998464107513,0.6308372199565172,0.047526841,0.1225268410146236,0.062526841,0.077526841,0.092526841,0.1075268410146236,0.981779058,0.9707029411256314,0.9110387482732536,0.053410989,0.071801953,0.062189958
0.187305,0.022294724,8.674318824545382e-05,-0.099729555,-0.812041369,0.0089,0.0138,0.0166,0.0197,0.0227,0.0251,0.028,0.0314,0.0345,0.0419,,0.3898046686500311,0.4152458131313324,0.5336512837707996,0.042921851,0.1234077227115631,0.062276103,0.078329594,0.093353759,0.1084062889128923,0.9429173906549811,0.9664977096199988,0.8349489669024944,0.056310523,0.068464563,0.086652719
0.184276,0.024911922,7.285041145816044e-05,-0.120036827,-0.512808758,0.0132,0.0169,0.0205,0.0228,0.0251,0.0275,0.0298,0.0324,0.0361,0.046,,0.3917429885268211,0.4157314628362656,0.7674376796498894,0.04502115,0.1381858623027801,0.060024431,0.075054589,0.1081030162632465,0.1231048759371042,0.8791528505973518,0.8581107431411743,0.9934716662704944,0.072543481,0.076318349,0.090253279
0.180138,0.02436327,8.076634793799415e-05,0.01608279,-0.609851204,0.012,0.0164,0.0193,0.0218,0.0242,0.0268,0.0295,0.0326,0.0363,0.0455,,0.3889540783688426,0.4195454508066177,0.7212250044506975,0.043729278,0.1257201740145683,0.058729278,0.073729278,0.095720174,0.1107201740145683,0.9513579453974962,0.9932993013620376,0.9373405249029398,0.080652023,0.089667682,0.093712914
0.177928,0.028752906,0.000133829,0.3515262400349626,-0.171767122,0.014,0.0189,0.022,0.0249,0.0279,0.0312,0.0347,0.0385,0.0437,0.0609,,0.3600935742259025,0.4511989307589829,0.7467983936760575,0.048781016,0.1446106481552124,0.063781016,0.07969629,0.09469629,0.1096962898850441,0.8153719870328904,0.8140764892876149,0.8222450504541398,0.059726262,0.098369248,0.094612043
0.182049,0.023898969,0.000117338,0.1140834289716865,-0.560536818,0.0098,0.0139,0.0173,0.0206,0.0239,0.0268,0.0299,0.0336,0.0383,0.0534,,0.3556447470188141,0.4542820937931537,0.5273251554518938,0.042277107,0.1268352830410003,0.057277107,0.072277107,0.096835283,0.1118352830410003,0.9628561461627484,0.9889060206651688,0.8355355629563332,0.054101454,0.091839603,0.094304427
0.181412,0.023522787,8.192777196055779e-05,-0.05501298,-0.800455499,0.0106,0.0152,0.018,0.0207,0.0237,0.0263,0.029,0.032,0.0359,0.0432,,0.3631006523966789,0.4497452525887638,0.6944107922807335,0.046436813,0.1214368131756782,0.061436813,0.076436813,0.091436813,0.1064368131756782,0.864646944,0.9733111627459526,0.8109332494080067,0.067544389,0.093974027,0.089182275
0.177363,0.021641566,7.130861664061964e-05,0.1055340372783913,-0.595986413,0.0101,0.0139,0.0169,0.0191,0.0213,0.0237,0.0269,0.0294,0.0329,0.0442,,0.3741074432432651,0.4421219579875469,0.7283684561263304,0.036020476,0.114772595,0.054772595,0.069772595,0.084772595,0.099772595,0.8257225797355175,0.9753611853420734,0.9918520352244378,0.067152328,0.063808625,0.096306322
0.171039,0.023691073,7.534239008510929e-05,-0.01761116,-0.69926,0.0127,0.0156,0.0181,0.0213,0.0239,0.0261,0.0286,0.0321,0.0354,0.0424,,0.4137344568967819,0.4073531836271286,0.7184292006704025,0.037641496,0.1354757785797119,0.073653325,0.090315299,0.1054013461999595,0.1204581108763813,0.8421389339596034,0.8478629524171353,0.9816181363582612,0.072500748,0.076212801,0.078783993
0.184365,0.024205823,7.946384845599801e-05,-0.003395248,-0.615314861,0.0124,0.016,0.0188,0.0215,0.0239,0.0266,0.0294,0.0324,0.0363,0.0495,,0.3684615248441696,0.4410579279065132,0.7386091324483975,0.035760322,0.1233520078659057,0.063352008,0.078352008,0.093352008,0.1083520078659057,0.8103133858829737,0.9430213719397784,0.9919632891774176,0.081399037,0.085676409,0.07841869
0.185842,0.024592569,7.673896130875888e-05,0.000895107,-0.506040016,0.0127,0.0164,0.0192,0.022,0.0245,0.0271,0.0299,0.0326,0.0361,0.048,,0.3585770320892334,0.4500931097834836,0.7761795406334102,0.038944309,0.1382542610168457,0.055189905,0.070228259,0.1048495832622051,0.1198495832622051,0.8490812975853682,0.8416576268315316,0.9816611100137234,0.076839295,0.079684115,0.076568413
0.138624,0.018200124,6.508955715199331e-05,0.04598381,-0.61538881,0.0069,0.0103,0.0137,0.0158,0.018,0.0207,0.023,0.0254,0.0288,0.0419,,0.3907220263034105,0.4623173348605633,0.5170666486769915,0.038726216,0.1396364212036132,0.053863478,0.081799603,0.096990004,0.1133787623381242,0.8624706600219012,0.955751307,0.8142248158633709,0.07425474,0.077539665,0.063047229
0.139932,0.017348346,5.4391505725846015e-05,0.03131273,-0.716767014,0.0068,0.0104,0.0126,0.0152,0.0171,0.0197,0.0217,0.0243,0.0271,0.0369,,0.4156367096304894,0.439666074,0.6701275897197425,0.037378606,0.1399232387542724,0.052378606,0.067378606,0.082378606,0.097387856,0.8604475966706873,0.8127485336661339,0.815952176,0.059974858,0.060767106,0.066094003
0.139376,0.01945073,6.614957369751332e-05,-0.080636239,-0.854266134,0.0084,0.0124,0.0146,0.0177,0.0195,0.0225,0.0243,0.0274,0.0303,0.0356,,0.3922372593730688,0.4601191945374012,0.6694656396813691,0.048397794,0.1301407639309764,0.06363097,0.07863097,0.100054866,0.115098126,0.8076584866464138,0.9908218704223632,0.8547743421286345,0.053098274,0.069101062,0.082502556
0.136957,0.017450898,6.041241981427451e-05,0.003606427,-0.82881583,0.0074,0.0098,0.0129,0.015,0.0177,0.0196,0.0222,0.0246,0.0279,0.035,,0.4124075844883919,0.4446138374507427,0.6323902960181236,0.035773855,0.1283460237085819,0.058760952,0.073803546,0.088803546,0.1039726273953914,0.885241334,0.9831121453523636,0.837308874,0.055883405,0.076620709,0.07369115
0.142021,0.017725017,5.268580340244238e-05,0.003794307,-0.728841767,0.0073,0.0105,0.0134,0.0155,0.0177,0.0201,0.022,0.0244,0.0275,0.0363,,0.3932576901465654,0.4595753692090511,0.7100081680566073,0.038235859,0.130002822,0.054489525,0.076628408,0.091653797,0.1096917416468262,0.828935451,0.8164386767566204,0.9907073294639588,0.069717051,0.081137532,0.080510318
0.117598,0.01633797,5.227938132722721e-05,0.061151276,-0.642708708,0.0056,0.0093,0.0122,0.0141,0.0165,0.0181,0.0207,0.0228,0.0257,0.0339,,0.3783854763209819,0.4809997171163559,0.683125121,0.038021279,0.1213306599855423,0.060825357,0.075934699,0.091107818,0.1063181177437305,0.8281971042215824,0.9636263703763484,0.8152397789359094,0.068547827,0.076418871,0.084790107
0.141594,0.017847388,5.8647107248233355e-05,-0.062343505,-0.790192748,0.0077,0.0102,0.0133,0.0159,0.0181,0.0201,0.0226,0.0249,0.028,0.0351,,0.4164523282647133,0.4379698790609836,0.6190876888632775,0.041112084,0.119476169,0.05745687,0.074358038,0.089358038,0.1043728665381669,0.8198886179685593,0.9754429168641569,0.949529014,0.059384364,0.063269623,0.072428386
0.1323,0.018708469,6.297245803802693e-05,0.091023363,-0.743915266,0.0075,0.0113,0.0133,0.0167,0.0186,0.0206,0.0233,0.0261,0.03,0.0391,,0.4157476976513862,0.4422318160533905,0.7144570275971666,0.040392151,0.1403963732719421,0.055392151,0.070392151,0.085392151,0.1003921511769294,0.8257657536238432,0.8205414610207081,0.8472109102904797,0.06213158,0.07063816,0.064376925
0.133917,0.018258089,6.037059177597499e-05,-0.012243071,-0.747771432,0.0071,0.0107,0.0134,0.0159,0.0183,0.0207,0.0229,0.0256,0.0282,0.0368,,0.4068586069345474,0.4498312667710706,0.6870151559293269,0.038273221,0.1440238010883331,0.056732589,0.072738161,0.1084565464958548,0.1244428921997547,0.8639277355611324,0.8573031665116548,0.9836087865948676,0.082875043,0.085915361,0.089807712
0.139003,0.018336359,5.808201336709361e-05,0.00655822,-0.827271887,0.0076,0.0109,0.0135,0.016,0.0182,0.0207,0.0228,0.0257,0.0286,0.0372,,0.3802558550983667,0.4747573748230934,0.7310288343641906,0.03824063,0.1389587730169296,0.05333365,0.06833365,0.08333365,0.09833365,0.9502000189721584,0.8437599359273911,0.8137244767546654,0.084380318,0.078546771,0.084387661
0.130921,0.01816942,6.192274688455402e-05,-0.082504651,-0.895177762,0.0077,0.0104,0.0133,0.0159,0.0183,0.0209,0.0232,0.0258,0.0288,0.0348,,0.4081027546525002,0.4555044051259756,0.6579619735434651,0.044242881,0.1479891896247863,0.059242881,0.074242881,0.089242881,0.104242881,0.956775163,0.804791667,0.980699005,0.052652616,0.056790436,0.063315127
0.139931,0.018665939,6.670447950363555e-05,-0.055248243,-0.803686713,0.0068,0.011,0.0137,0.0167,0.0188,0.0215,0.0238,0.0262,0.0296,0.0388,,0.3920720645040274,0.4606163710355759,0.5173895321756601,0.042443725,0.1420211851596832,0.058009372,0.086796385,0.1034444467492401,0.121896216,0.8475381066113711,0.8185416289389134,0.9878443265259266,0.054258384,0.058965836,0.063760378
0.127881,0.0178459,5.715763871712479e-05,-0.090465336,-0.867463825,0.0076,0.011,0.0132,0.0159,0.0179,0.0205,0.0227,0.025,0.028,0.0336,,0.4164621832966804,0.4487078719772399,0.693656666,0.046362007,0.1213940691947937,0.061365461,0.076387864,0.091394069,0.1063940691947937,0.8601093813538552,0.9937721663892268,0.8203961174130441,0.081615944,0.077437291,0.098151762
0.127885,0.01755685,5.3337911940268046e-05,0.022089601,-0.715261194,0.008,0.0103,0.0134,0.0155,0.018,0.0197,0.0222,0.0241,0.0272,0.0355,,0.3759308348596096,0.4878263413906097,0.7496542129173874,0.036454806,0.1366719424724579,0.051454806,0.066454806,0.10318797,0.1182323288470506,0.9869935429483652,0.8609819394767284,0.8126228280127049,0.061524427,0.072400332,0.079503089
0.129017,0.018781449,6.825599397859426e-05,0.061764908,-0.787343027,0.007,0.011,0.0136,0.0165,0.0186,0.0211,0.0238,0.0264,0.0302,0.039,,0.3675691938400268,0.4985054939985275,0.7341527241725474,0.037655443,0.1355519527196884,0.057554943,0.072554943,0.088199916,0.1205519527196884,0.995485722,0.834877954,0.8604062936365605,0.063219471,0.083723256,0.083362421
0.140827,0.019084762,7.672575776438358e-05,0.1653992712467727,-0.441007712,0.0072,0.0105,0.0139,0.0169,0.019,0.0214,0.0238,0.0269,0.0303,0.0437,,0.3639540785551071,0.4896144300699234,0.5124256205499172,0.038659415,0.1174864113330841,0.053662544,0.0688149,0.084995403,0.1023280916810035,0.8433907682090998,0.8269153050243855,0.9023869309786708,0.074480058,0.060860995,0.096640022
0.127094,0.016738012,5.708420177123501e-05,0.033766094,-0.789910485,0.0056,0.0094,0.0122,0.0144,0.0167,0.0188,0.0212,0.0238,0.027,0.0339,,0.3864131435751915,0.4768561869859695,0.5900705648392439,0.037463244,0.136515548,0.060172178,0.075172178,0.090172178,0.1051721778705716,0.8093692259073257,0.9757119889914988,0.8140399999678135,0.052241331,0.064948369,0.061478902
0.128723,0.016907386,5.225328941878986e-05,0.026964042,-0.854941315,0.0074,0.0104,0.0122,0.0148,0.0167,0.0189,0.0213,0.0235,0.0269,0.0329,,0.4154651290178299,0.4505394265986979,0.712196069,0.039593518,0.1299228256801143,0.056716924,0.071734751,0.086926166,0.1089660408914089,0.8335235657781362,0.8480930999517441,0.9779458091437816,0.063600401,0.066285988,0.095307889
0.132728,0.017599931,5.534135103964096e-05,-0.021859309,-0.805519281,0.0069,0.0104,0.0127,0.0155,0.0176,0.0202,0.0221,0.0248,0.0274,0.0372,,0.3918071411550045,0.4719930276274681,0.7132839598288759,0.041778184,0.1224312430620193,0.056780501,0.071785847,0.087775395,0.1028679906070232,0.8471044613331556,0.9915997489631176,0.8197762118637563,0.066482723,0.066289525,0.097868136
0.132362,0.017601192,5.2073345348224174e-05,0.068666063,-0.7413354,0.0075,0.0107,0.0128,0.0154,0.0174,0.0199,0.0217,0.0244,0.0275,0.037,,0.3767731433361769,0.4861664056777954,0.7548248251989483,0.037628194,0.1321884977817535,0.052629338,0.067632114,0.084045648,0.099075042,0.8629553371101618,0.9877520080149174,0.8394240029394627,0.059237971,0.064696682,0.097797389
0.170061,0.023301847,7.942015236210256e-05,-0.055741661,-0.817664502,0.0106,0.0151,0.0179,0.0204,0.0235,0.0262,0.0288,0.0317,0.0355,0.0432,,0.4060282891988754,0.4161151468753815,0.6896666718162596,0.038799044,0.1295047894492745,0.068044466,0.08308314,0.098109517,0.1131095165417529,0.8455119006872177,0.8122482064664364,0.9075052041724324,0.05406126,0.093104889,0.088793938
0.174763,0.022749172,9.168074793697264e-05,0.034608355,-0.730714715,0.0096,0.0134,0.0176,0.0201,0.0226,0.0254,0.0282,0.0317,0.0355,0.0449,,0.3651822337508201,0.454768681,0.644698467,0.03704778,0.1307609297335148,0.063249137,0.08143222,0.1007178855430334,0.1157269763246178,0.8624182430967688,0.985251331,0.8408984989047051,0.06439046,0.094857357,0.091935266
0.17024,0.020441971,6.049271563580642e-05,-0.028643739,-0.689553264,0.0103,0.013,0.0159,0.0184,0.0206,0.0228,0.0253,0.0277,0.0305,0.0401,,0.3746334326267242,0.4469849776476621,0.7164980550136417,0.036084034,0.1166531908512115,0.056653191,0.071653191,0.086653191,0.1016531908512115,0.8454509317934513,0.8519581744611263,0.9856880577147008,0.059634381,0.084030723,0.076294693
0.172509,0.024497277,9.304841647645422e-05,0.1527414694393844,-0.511975802,0.0121,0.0157,0.0187,0.0214,0.0239,0.0268,0.0298,0.033,0.0375,0.0501,,0.3743730221688747,0.4437325775623321,0.716199223,0.046816733,0.1381430691480636,0.061816733,0.090308317,0.1080397082731127,0.1230540479063987,0.8374964809566736,0.9739580005168916,0.8289716273665428,0.052586215,0.078190142,0.079008333
0.172962,0.021962854,8.992248645464391e-05,-0.040962768,-0.778248862,0.0087,0.0131,0.0165,0.0191,0.022,0.0249,0.0275,0.0307,0.0352,0.0429,,0.3568604019284248,0.4609873004257679,0.5568019180476665,0.040071554,0.1345618435740471,0.056211542,0.076125058,0.1032220154777169,0.1195392204150557,0.9528946367561816,0.8378096715211869,0.8483539249718189,0.062253387,0.090295673,0.084445122
0.166358,0.021529819,9.068000009924392e-05,0.0600218,-0.577692762,0.009,0.0128,0.0161,0.0189,0.0216,0.0239,0.027,0.0299,0.0342,0.0499,,0.3953312069177627,0.4225925922393799,0.561079186,0.041103153,0.1366249084472656,0.056113659,0.072493588,0.1057687444411218,0.1214179993882775,0.8450887465387583,0.9028539000496268,0.9171736618489028,0.081354674,0.07817544,0.091592163
0.172712,0.023020929,7.710019444576373e-05,-0.045203091,-0.799770978,0.0112,0.0148,0.0175,0.0202,0.0234,0.0258,0.0283,0.0314,0.0348,0.0424,,0.3845929274242371,0.4354380622506141,0.7094265117008239,0.042054285,0.1329636737704277,0.064527304,0.079619552,0.094631476,0.1096639918684959,0.8660075022473932,0.8249179797887802,0.9639977228999138,0.053849029,0.085699903,0.080751268
0.16756,0.024572147,7.197659670288806e-05,-0.10960023,-0.609342229,0.0133,0.017,0.0195,0.0222,0.0249,0.0271,0.0295,0.0323,0.0363,0.0433,,0.360134774,0.4644847363233566,0.8101810178428888,0.040049817,0.1374977469444274,0.064001184,0.079001184,0.094001184,0.1090011835776269,0.8382259987324476,0.8115640101373196,0.9887231696367264,0.052797737,0.09429811,0.090695886
0.170997,0.022844843,0.000102188,0.1184320165107776,-0.526415192,0.0096,0.0135,0.017,0.02,0.0227,0.0253,0.0284,0.0315,0.0366,0.0492,,0.3872340162098407,0.4309075877070427,0.5584206912249327,0.041374138,0.1340844115614891,0.058612373,0.082682876,0.1013101933028549,0.1166275582380592,0.87016112,0.935927664,0.9327377677321436,0.074399118,0.08608322,0.082200292
0.172346,0.022827215,9.586513307901607e-05,0.016295458,-0.659356166,0.0098,0.0136,0.017,0.0199,0.0228,0.0256,0.0287,0.0318,0.0356,0.0491,,0.3957522591948509,0.422765452,0.5792856636106968,0.044881736,0.1368484878540039,0.062965369,0.079032595,0.094150695,0.1091970407605171,0.9086794524189084,0.8917689157374203,0.9556876051902772,0.07915668,0.088981862,0.089358537
0.121904,0.019552426,7.464774875584403e-05,-0.069182693,-0.847993575,0.0071,0.0111,0.0147,0.017,0.0203,0.0223,0.0248,0.0277,0.0311,0.0375,,0.4047713866829872,0.4691350251436234,0.5381206175386906,0.046251455,0.1333090752363205,0.069427109,0.084428491,0.099428491,0.1144284906297922,0.8896267863091082,0.8111173866093159,0.9912472838878632,0.082929185,0.095111557,0.094738992
0.119386,0.020320962,5.3374462127099765e-05,-0.101832959,-0.661954263,0.0106,0.0134,0.0163,0.0182,0.0204,0.0229,0.0247,0.0271,0.03,0.0386,,0.3826028550043702,0.48986226,0.8356478306025267,0.046023667,0.1324362087249755,0.061023667,0.076023667,0.1016471233408898,0.1174099054433405,0.8259439419776201,0.9879745218753816,0.8245506463170051,0.055517442,0.057877155,0.071113006
0.131048,0.020739895,5.841310092876621e-05,-0.031530319,-0.682793083,0.0106,0.0134,0.0164,0.0183,0.0209,0.0229,0.0252,0.0281,0.0307,0.0381,,0.4030681622028351,0.4586625687777996,0.7950709492832422,0.04479524,0.1448407709598541,0.06021416,0.093672954,0.1087369253709912,0.1239245365828275,0.8266545030385256,0.8115698217332363,0.9825706664562226,0.081623177,0.07585835,0.08828027
0.122824,0.022006192,5.6665714790142915e-05,-0.180445875,-0.602002119,0.0116,0.0152,0.0176,0.0203,0.022,0.0243,0.0266,0.029,0.032,0.0372,,0.4174570846557617,0.4501347468583844,0.8489532924056054,0.048559712,0.1352899664640426,0.063559712,0.078559712,0.099164303,0.1202899664640426,0.9665130644619464,0.8752351315289736,0.8555704444289208,0.080769805,0.085148481,0.06518585
0.118334,0.021230113,5.2734489849121735e-05,-0.202039975,-0.606521756,0.0111,0.0145,0.0172,0.0194,0.0214,0.0235,0.0255,0.0282,0.0308,0.0359,,0.3806876339018345,0.4960784256458282,0.8588759022384882,0.04689356,0.1294636157527566,0.06189356,0.076897047,0.099081539,0.1140887095196172,0.809723911,0.9551388501286506,0.8368053192555904,0.060894467,0.057257906,0.068228537
0.12226,0.016588566,5.5439987836760656e-05,0.037853267,-0.773125589,0.006,0.0095,0.0125,0.0141,0.0167,0.0185,0.0211,0.0236,0.0267,0.0348,,0.4184269958734512,0.4545283067971468,0.5297172836601733,0.036396626,0.1283632215857506,0.053028375,0.08232617,0.098363222,0.1133632215857505,0.807831992,0.976615031,0.95387041,0.083491006,0.091952964,0.076989482
0.118651,0.022067403,6.385766261556736e-05,-0.078947451,-0.654879239,0.0113,0.0148,0.0177,0.0197,0.0226,0.0243,0.0267,0.0297,0.0327,0.0388,,0.4099781376123428,0.4634939834475517,0.836451548,0.046253211,0.1469225585460662,0.064421349,0.087882234,0.1041857760213315,0.123338769,0.8271416584402324,0.9864611191809176,0.8924283590741456,0.055807533,0.056041707,0.097766741
0.119643,0.018804923,6.964042318894458e-05,-0.03569231,-0.789167861,0.007,0.0109,0.0137,0.0168,0.0189,0.0216,0.0238,0.0266,0.0298,0.0385,,0.3948668959736824,0.4775429964065552,0.5606191456228494,0.047271361,0.1459588074684143,0.062271361,0.077271361,0.098705596,0.1137263853794429,0.8111737121403217,0.9871773150146008,0.9379045980453492,0.089282507,0.081416316,0.081194543
0.122063,0.019078873,4.685851249602531e-05,-0.045088096,-0.593700087,0.0098,0.0127,0.015,0.0173,0.0192,0.0209,0.0231,0.0252,0.0282,0.0359,,0.4118723982572556,0.4603688970208168,0.818747589,0.041596819,0.1400997006893158,0.058207076,0.089724842,0.1057827909655869,0.1231613549470901,0.8267682909876108,0.8291916999995709,0.9793485056996346,0.060681527,0.070457444,0.079522367
0.115554,0.020390453,5.562091021671149e-05,-0.060824918,-0.6803225,0.0105,0.0131,0.0161,0.0179,0.0205,0.0226,0.025,0.0275,0.0303,0.0378,,0.4062547609210014,0.4687697127461433,0.8324272312089801,0.038138078,0.1355280703306198,0.066963885,0.081976033,0.097274647,0.1200110790506005,0.819785708,0.8426312239646911,0.987268258,0.07426053,0.082896207,0.083015433
0.113283,0.017246416,5.9558533113887584e-05,-0.010735774,-0.828110855,0.0069,0.0098,0.0128,0.0148,0.0174,0.0194,0.022,0.0247,0.0277,0.0348,,0.4006515431404114,0.4816948592662811,0.5516574130654335,0.042171767,0.1345199936628341,0.057173672,0.072204936,0.087494321,0.1186734289169311,0.8283959054708481,0.9272815397113562,0.831114814,0.060753796,0.093649853,0.089859273
0.133185,0.018977867,7.169667362486491e-05,-0.035074425,-0.84797558,0.0069,0.0109,0.0137,0.0166,0.0193,0.0217,0.0239,0.0271,0.0302,0.0377,,0.3846422779792919,0.4795572966337204,0.5140044152498245,0.038076904,0.1310929512232542,0.063468463,0.078468463,0.093468463,0.1154607030764222,0.8386348132163286,0.814291768,0.980461027,0.055025254,0.083157844,0.090264397
0.09927,0.01585779,5.340431468451408e-05,0.1118872404796992,-0.717354681,0.0055,0.009,0.0116,0.0134,0.0155,0.0179,0.0203,0.0227,0.0259,0.0348,,0.3966113430261612,0.4947523087263107,0.6949988431155681,0.039642262,0.129231474,0.054642262,0.069642262,0.084642262,0.1142232663510367,0.9637139464467764,0.967761029,0.813266099,0.053739961,0.096027273,0.094178206
0.102441,0.018471173,6.813184391542439e-05,-0.046188492,-0.881760507,0.0065,0.0103,0.0134,0.0161,0.0185,0.021,0.0237,0.0261,0.0294,0.0362,,0.4164282539486885,0.4736099570989608,0.5266132356673479,0.046458267,0.1340854525566101,0.066365802,0.081365802,0.096365802,0.1144176685385406,0.8075307105243207,0.8813770044311882,0.8567618275463581,0.06769817,0.063956588,0.076563602
0.127063,0.016590445,5.4190176343761074e-05,-0.039969466,-0.817337351,0.0058,0.0095,0.0127,0.0146,0.0173,0.0189,0.0211,0.0235,0.0266,0.0356,,0.4188559505343437,0.4459907837212086,0.5101945186257362,0.036253826,0.1322148814797401,0.05746259,0.084014032,0.099073603,0.1149546881049871,0.8201142636418343,0.8105029294312001,0.9525721848726272,0.054614056,0.093009218,0.094445315
0.110833,0.016301576,5.086133800679239e-05,-0.016181227,-0.8687945,0.0068,0.0101,0.0118,0.0142,0.0166,0.0185,0.0208,0.0229,0.0259,0.0321,,0.3998214392364025,0.4866767287254333,0.7474851962417364,0.038746465,0.1427919793128967,0.054549082,0.070191558,0.09223122,0.1080981687545776,0.8128941799730063,0.8120262940108777,0.9707998267412186,0.053627082,0.081232193,0.08626174
0.101522,0.014368534,4.312718828340354e-05,0.033537799,-0.853689218,0.0055,0.0079,0.0103,0.0125,0.0144,0.0166,0.0183,0.0207,0.0233,0.0295,,0.401473149,0.4930614858865738,0.7210964564912953,0.037456575,0.1130731725692749,0.053073173,0.068073173,0.083073173,0.098073173,0.8922278976544737,0.9957105063080788,0.810190753,0.054976957,0.07085801,0.063086211
0.119797,0.0163277,5.250360955311043e-05,-0.019803049,-0.814489477,0.0067,0.0101,0.0119,0.0143,0.0162,0.0185,0.0206,0.0232,0.026,0.033,,0.3976783463358879,0.47504476,0.5602071917384863,0.036115356,0.1278076468408107,0.060716708,0.075805984,0.090897306,0.112747795,0.8249683562725783,0.98843106,0.8270849725425243,0.058008539,0.065246163,0.074102555
0.112816,0.016118487,4.1608421069388286e-05,0.000901432,-0.844094553,0.0072,0.01,0.0124,0.0138,0.016,0.0178,0.02,0.0223,0.025,0.0301,,0.395397996,0.487610912,0.7967039286911487,0.036975608,0.1366475105285644,0.055332904,0.070332904,0.085332904,0.1003329038441181,0.8201499608874321,0.8173283868372441,0.9915926689386368,0.057838605,0.072081965,0.077289926
0.121358,0.017216789,6.084047782438195e-05,0.005942295,-0.84906806,0.0064,0.0096,0.0125,0.0152,0.0173,0.02,0.0218,0.0248,0.0279,0.0342,,0.3895611592382192,0.4812682390213013,0.6332730390250683,0.036788124,0.1319030882418155,0.060360531,0.080719687,0.09762736,0.1133962943777441,0.8153158317863941,0.8168083025932312,0.9909825109124184,0.054467053,0.073379072,0.077320208
0.144839,0.024940505,8.61947576270233e-05,-0.11520368,-0.758022825,0.0117,0.0166,0.0195,0.0222,0.025,0.0283,0.0312,0.0336,0.0368,0.0448,,0.4121834951639175,0.4299813717603684,0.7579588402971625,0.046110942,0.1438991916179657,0.07475557,0.089780216,0.1047985359027981,0.1198789363384246,0.9318214779496192,0.9853600182533264,0.840353203,0.082058352,0.083318661,0.092330283
0.159162,0.023574503,6.977677202055181e-05,-0.12494261,-0.70352304,0.0126,0.0156,0.0188,0.0216,0.0237,0.0262,0.029,0.0313,0.0347,0.0416,,0.3904862174391746,0.4359382748603821,0.755499588,0.044576119,0.1434127330780029,0.064256522,0.089129458,0.1132641433238983,0.1284094757467508,0.8372047667831183,0.8574343710303307,0.984645114,0.068002069,0.088363492,0.091294847
0.155753,0.02248295,9.487074529053228e-05,-0.03456215,-0.741216433,0.0092,0.013,0.0167,0.0196,0.0227,0.0258,0.0285,0.0315,0.0351,0.0471,,0.3726978503167629,0.4627925425767898,0.5934810251444578,0.043020008,0.1361084192991256,0.065758094,0.081186756,0.096852226,0.1119802331753075,0.9044599353715778,0.957247912,0.8757431890442968,0.069950713,0.081511116,0.082553685
0.150814,0.022863423,9.605221302882404e-05,-0.065121371,-0.729671677,0.009,0.0138,0.0173,0.0201,0.0232,0.0261,0.0287,0.0316,0.0359,0.0432,,0.3883950517326593,0.4524862578138709,0.5709919991523027,0.047206195,0.143151422,0.077236762,0.092237547,0.1072375473946333,0.1222375473946333,0.8830493923172354,0.9660786494910716,0.8252815676391125,0.080187627,0.07984001,0.089412709
0.153848,0.023871492,8.668206897928319e-05,0.1031841521097218,-0.587701579,0.0113,0.0151,0.018,0.0215,0.0239,0.0263,0.029,0.0322,0.0363,0.0464,,0.3728374125063419,0.459997709,0.7808965385891496,0.038918953,0.1462413990497589,0.053918953,0.1012413990497589,0.1162413990497589,0.1312413990497589,0.962173591,0.844364401,0.8243778882920743,0.071623455,0.087064895,0.09782388
0.155794,0.025865336,9.550098782562332e-05,0.1648058683040563,-0.411428431,0.0136,0.0175,0.0203,0.0229,0.0254,0.0281,0.0311,0.0343,0.039,0.051,,0.3654813957214355,0.4689166843891144,0.8312230119243265,0.040294666,0.1407198691368103,0.055294666,0.070294666,0.1016096927940845,0.1166891175791621,0.8120141821026803,0.8629864875257015,0.8377879017353058,0.083978196,0.073348066,0.096564929
0.152913,0.022990395,6.378484907751995e-05,0.022866964,-0.166318549,0.0124,0.0157,0.0182,0.0208,0.0231,0.0251,0.0276,0.0304,0.0332,0.0482,,0.3870506993681192,0.4509622194804251,0.8438694051414728,0.036368949,0.1418866157531738,0.051368949,0.066368949,0.081368949,0.1139403350795619,0.8320260627508164,0.8177072778820992,0.8310320524811745,0.053691764,0.083125014,0.07237493
0.155275,0.022683616,9.871766511795996e-05,0.001805238,-0.733088194,0.0091,0.0131,0.0176,0.0201,0.0227,0.0254,0.0284,0.032,0.036,0.0453,,0.3582352122664451,0.4779159694910049,0.6062191758692265,0.042594643,0.1423998415470123,0.068553051,0.083569608,0.098587397,0.1203794052720069,0.9818108593165874,0.8667812572062016,0.8576091296494007,0.055409211,0.077129271,0.094802927
0.14575,0.022118072,9.742490880732275e-05,0.068202082,-0.557255824,0.0093,0.0132,0.0166,0.0195,0.0223,0.025,0.0278,0.0309,0.0351,0.0509,,0.3900040390342474,0.454453269,0.515615965,0.038773607,0.1349960413575172,0.063936235,0.078959236,0.1042887297175824,0.1195219372615218,0.9545472726732492,0.9042470831688494,0.9537155508697032,0.053429517,0.091460819,0.086653611
0.161821,0.026113457,8.396759641837297e-05,-0.022747912,-0.118012925,0.0143,0.018,0.021,0.0238,0.0263,0.0287,0.0312,0.0341,0.0377,0.0535,,0.357470127,0.4726655080914497,0.8744087937891483,0.037858366,0.1392495107650757,0.053101732,0.086824624,0.1086521115690469,0.1239374103307724,0.8349947426825762,0.8142717136561871,0.9734211125433444,0.07138632,0.079742473,0.090287929
0.11873,0.017482889,6.297305546430927e-05,0.088854841,-0.660527197,0.0063,0.0102,0.0124,0.0154,0.0173,0.0202,0.022,0.0245,0.028,0.0375,,0.3904868349432945,0.4821724712848663,0.553203788,0.043550805,0.1327953132987022,0.058550805,0.075943715,0.090954847,0.1059899318516254,0.9903434125095606,0.8589727469146252,0.8684224791646004,0.06109795,0.084033672,0.076374744
0.122556,0.017464688,5.81356177304634e-05,-0.068533688,-0.835173371,0.0074,0.01,0.0128,0.0156,0.0176,0.0202,0.022,0.0248,0.0279,0.0342,,0.4000070232152939,0.4715801566839218,0.5144537342011928,0.042644297,0.1442507135868072,0.057644297,0.079052046,0.09429481,0.1095441995963454,0.9914028557628394,0.8646604980796576,0.9152648250088096,0.06278908,0.083516518,0.069052093
0.1293,0.018508936,6.973166464760346e-05,0.006473479,-0.808078484,0.0068,0.0107,0.0132,0.0163,0.0185,0.0212,0.0236,0.026,0.0299,0.0385,,0.4126407966017723,0.4548904787749052,0.5119986563086509,0.044509282,0.1427314496040344,0.059509282,0.074509282,0.089509282,0.118365888,0.9659457272797825,0.8468081298947334,0.8593756523549557,0.076260974,0.090714037,0.075987192
0.133215,0.016823986,5.8063696432258647e-05,0.050895478,-0.694756054,0.0059,0.0098,0.012,0.0148,0.0167,0.0192,0.0214,0.0236,0.0267,0.037,,0.3996128480136394,0.4635176137089729,0.5205627886354923,0.036938776,0.1404935264587402,0.052492521,0.075864194,0.091418284,0.1199367194205522,0.8095468661725521,0.8790661939114333,0.9854400049865246,0.060688764,0.061225532,0.098104019
0.124105,0.01643128,5.356854720872743e-05,0.030307623,-0.689864724,0.0058,0.0096,0.012,0.0144,0.0162,0.0186,0.0208,0.0229,0.026,0.0363,,0.3980387705564499,0.4716899424791336,0.579772267,0.037760567,0.1354832398891449,0.052760845,0.070104892,0.085116014,0.1079360225886106,0.8960384036209434,0.9825297,0.8464295305013657,0.07641756,0.08479939,0.071531708
0.113565,0.019450297,7.705157782114578e-05,0.1451722929157957,-0.68469287,0.0076,0.0107,0.0143,0.0168,0.0189,0.0216,0.0246,0.0275,0.0314,0.0431,,0.4022570413351059,0.4712228015065193,0.7208716939869336,0.04465081,0.1491424751281738,0.05965081,0.092027496,0.1070274960190057,0.1220274960190057,0.991646273,0.8284577121078969,0.9509831659317016,0.08761905,0.082646856,0.075405027
0.12066,0.017443463,6.392127024088743e-05,0.068918794,-0.758163968,0.0062,0.0101,0.0122,0.0153,0.0173,0.0202,0.022,0.0247,0.0283,0.0377,,0.3903746572881937,0.4820536226034164,0.5088083657741547,0.040105469,0.1180742406845092,0.055105469,0.072408516,0.087420241,0.1024695452630519,0.8659941991850734,0.9246424142152072,0.8165602021098137,0.054187059,0.057178068,0.094318386
0.115454,0.017428889,6.391305136074847e-05,0.1186775170066553,-0.654206351,0.0063,0.0104,0.0126,0.0149,0.0175,0.0197,0.0219,0.0246,0.0282,0.0402,,0.4038251116871834,0.4669553339481354,0.6828537422105669,0.038761459,0.1391493886709213,0.053761459,0.085676669,0.1007926538083702,0.1180774646833539,0.8789366296641529,0.8676170105487109,0.987313435,0.061864831,0.080850858,0.069524637
0.115254,0.018900216,7.027562436485558e-05,-0.079202286,-0.906780321,0.0067,0.0105,0.0139,0.0165,0.0192,0.0216,0.0243,0.0269,0.0302,0.0362,,0.3937341029196978,0.4814451158046722,0.6288053537160158,0.038220064,0.1471941483020782,0.070609128,0.09089139,0.107297586,0.1249993578791618,0.8198312056928874,0.8082846861422062,0.9886013166666032,0.053791077,0.074974373,0.066610922
0.125702,0.018615019,6.972083104203345e-05,0.012897542,-0.776034575,0.0067,0.0107,0.0132,0.0162,0.0186,0.0213,0.0235,0.0263,0.03,0.0375,,0.4148996955156326,0.4521411759778857,0.5372318703889847,0.037626824,0.1393088144063949,0.070046173,0.089644541,0.1049372624024748,0.1235870486825704,0.8136127061903478,0.8082693473398685,0.972721631,0.053822999,0.08079789,0.069549719
0.11673,0.016919694,5.371474076608606e-05,-0.070834281,-0.851843433,0.0072,0.0105,0.0125,0.0152,0.0171,0.0196,0.0215,0.0238,0.0268,0.0335,,0.408084355,0.4717275455594062,0.7042374899536371,0.039726642,0.1355058479309082,0.060273185,0.075286282,0.090286282,0.1052862817183137,0.8372898575305939,0.8488444214046001,0.9903743714630604,0.069376058,0.080439009,0.071720173
0.10999,0.017754326,6.244994089364553e-05,-0.043000722,-0.853000194,0.0075,0.01,0.0133,0.0156,0.0181,0.02,0.0228,0.0253,0.0284,0.0354,,0.4158193218708038,0.4640765130519867,0.6618204863011837,0.043002875,0.1359501540660858,0.061796183,0.076796183,0.091796183,0.1103365376919508,0.949699611,0.838692814,0.9204485929086804,0.053207736,0.083872199,0.083288367
0.116572,0.018222757,6.796437824626684e-05,0.036466013,-0.739693495,0.0065,0.0108,0.013,0.0158,0.0184,0.0205,0.0231,0.0259,0.0293,0.0394,,0.4080632176995277,0.4684847652912139,0.5598100069731473,0.041791659,0.1320982474088669,0.056874481,0.077069433,0.092617436,0.1142247550617903,0.8475199660718441,0.8630358473867178,0.906860324,0.080754726,0.081444772,0.072755342
0.111394,0.018815475,6.608684298313142e-05,-0.150338329,-0.848086464,0.0069,0.0109,0.014,0.0167,0.0198,0.0217,0.024,0.0266,0.0293,0.0375,,0.4155751699209213,0.465419953,0.6489547475427389,0.036636677,0.1420118391513824,0.06799374,0.08587746,0.105846253,0.1219595750451087,0.9870536063045264,0.9423758054554464,0.8384025732755661,0.054536445,0.095454649,0.080399013
0.115709,0.017554332,6.638918096955425e-05,0.146981179,-0.545445357,0.0065,0.0095,0.0126,0.0153,0.0175,0.0196,0.0221,0.0249,0.0284,0.0432,,0.3825891676917672,0.4921575307846069,0.6683674745991826,0.037185897,0.1275205327570438,0.054019364,0.078520889,0.093714599,0.1105777919709682,0.9034554562402888,0.8231782642602921,0.9492514681428672,0.058171052,0.056450831,0.094027831
0.116623,0.017698672,5.534307370854942e-05,-0.094394019,-0.844298459,0.0077,0.0103,0.0131,0.0159,0.0178,0.0205,0.0223,0.0248,0.0274,0.0344,,0.4054632645845413,0.4694044277071952,0.710490109,0.039829286,0.1409166264533996,0.063553972,0.080217741,0.095402807,0.121203835,0.8183089135736228,0.9787649882435798,0.905763067,0.056139302,0.065015134,0.061226971
0.115124,0.016765553,5.735051477756306e-05,0.073392268,-0.795090493,0.0064,0.0094,0.0125,0.0142,0.0171,0.0188,0.0213,0.0236,0.0271,0.0352,,0.3970200045406818,0.4826986640691757,0.7201009955042973,0.037130619,0.1406040644645691,0.056217806,0.071738887,0.087262991,0.1130974826989695,0.8534093503147364,0.8391193170428276,0.9690569970071315,0.073726469,0.076693596,0.092311493
0.126849,0.018596702,6.833059297481506e-05,-0.036691167,-0.851101899,0.0066,0.0104,0.0136,0.0164,0.0188,0.0209,0.0237,0.0265,0.0296,0.0361,,0.3839012711122632,0.4864232242107391,0.6407045059025287,0.047315483,0.139670889,0.062324858,0.077337171,0.092362135,0.1111529334932565,0.8529339996680617,0.841995664,0.9935295559585094,0.072428677,0.068210506,0.076070111
0.118636,0.018325157,7.052099623754426e-05,0.1082600442467323,-0.656978273,0.0065,0.0107,0.0132,0.0161,0.0182,0.0206,0.0233,0.0259,0.0295,0.039,,0.4026586881279945,0.4723291546106338,0.5649653676599264,0.041703892,0.1335254701972008,0.058009436,0.074675459,0.094514484,0.1178261738061904,0.8499732104241848,0.9333778026014566,0.9209991701677442,0.073659839,0.074646965,0.073032073
0.126935,0.018417445,5.8659556800099525e-05,0.083303873,-0.720034022,0.008,0.0111,0.0135,0.0162,0.0183,0.0206,0.023,0.0253,0.0287,0.0384,,0.3686674562096595,0.4958484947681427,0.7474635585442185,0.041810054,0.1303394662588834,0.057735497,0.078362026,0.093393768,0.1083945387378335,0.8461569472938776,0.8240873443424702,0.9849520572006704,0.062633295,0.061692851,0.061948365
0.108676,0.016885071,5.704038543045638e-05,-0.069254809,-0.919701737,0.0067,0.0103,0.012,0.0148,0.0177,0.0192,0.0218,0.0244,0.027,0.0325,,0.4059886229038238,0.4765853375196457,0.5145920171141625,0.046194618,0.1325552099943161,0.061205181,0.085402741,0.1005058243723586,0.1157630724444985,0.8241044197797776,0.9885594923496246,0.8248814071059227,0.054742742,0.055338905,0.096050551
0.102319,0.016309264,5.407463552140371e-05,0.032578989,-0.818495806,0.0055,0.0097,0.0119,0.0143,0.0162,0.0185,0.0206,0.0232,0.0264,0.0334,,0.4185053208470344,0.4728713825345039,0.7249894274172483,0.036897417,0.1429688739776611,0.062838162,0.078755551,0.09529349,0.1146412457255646,0.8447470848172903,0.8249774474203587,0.9797444147169592,0.072121515,0.079194625,0.084210109
0.098055,0.017130182,5.999931419520826e-05,0.1305684348919242,-0.683833494,0.0064,0.01,0.012,0.015,0.0169,0.0196,0.0216,0.0242,0.0275,0.0375,,0.4164551508426666,0.4790434330701828,0.7539977076262235,0.039668452,0.1477780246734619,0.056419655,0.095882463,0.1121054768770933,0.1271054768770933,0.8973203038040549,0.9846110369205476,0.8328509748220444,0.066313577,0.06519533,0.068615611
0.113846,0.016411018,5.557383486446126e-05,0.050661378,-0.75651816,0.0057,0.0094,0.0125,0.0142,0.0168,0.0186,0.0208,0.0234,0.0266,0.0356,,0.4034523624181747,0.476145276,0.535801156,0.036015424,0.1226295405626297,0.051034498,0.067443356,0.082499693,0.1072141514956951,0.8374591096580029,0.9341127372592688,0.912261149,0.072899733,0.082712986,0.066531742
0.106509,0.016871285,6.220218955708356e-05,0.2190468427885396,-0.404811331,0.006,0.0102,0.0121,0.0142,0.0173,0.019,0.021,0.0237,0.0272,0.0396,,0.4122064700722694,0.4666302308440208,0.5475704011291265,0.036810439,0.1366597086191177,0.051810439,0.066810439,0.099714865,0.118311342,0.8270852172344924,0.8244076609313489,0.8239992771089077,0.053789613,0.054394239,0.095130864
0.099819,0.016558731,5.634466985760883e-05,0.124297336,-0.62417294,0.0061,0.01,0.0119,0.0146,0.0166,0.0184,0.0206,0.0232,0.0269,0.0382,,0.4008077789843082,0.4893291920423507,0.7375118401782587,0.036874798,0.142916772,0.051874798,0.096564809,0.111564809,0.1270234886586666,0.8052469923436643,0.8064081420660019,0.9278052769243718,0.067371389,0.078858991,0.071439018
0.13484,0.016739104,5.449935984169472e-05,-0.071170611,-0.84863622,0.0058,0.0095,0.0124,0.0148,0.017,0.0193,0.0214,0.0238,0.0265,0.0341,,0.4094818165898323,0.4533710770308971,0.5238192051529884,0.036335259,0.1483220815658569,0.056157984,0.074802013,0.091603282,0.1100625752687454,0.8129025859832764,0.8220983077764511,0.9610734957516194,0.073626574,0.078716384,0.078264116
0.1074,0.017008173,6.116507324543022e-05,0.1243374779215552,-0.601180777,0.006,0.0102,0.0121,0.0146,0.0173,0.019,0.0213,0.0239,0.0273,0.0391,,0.3949203956127167,0.4920534133911133,0.622982783,0.040428511,0.1246381789445877,0.055428511,0.070428511,0.085428511,0.1084162312969565,0.8616319236874581,0.9746930304467678,0.9736694570422172,0.073486567,0.079753857,0.079762777
0.124641,0.017395241,6.230691013847244e-05,-0.000421869,-0.864208596,0.0066,0.0098,0.0128,0.0148,0.0176,0.0196,0.0223,0.0249,0.0279,0.0349,,0.4046258893609047,0.4672171518206596,0.5338869061678648,0.036842278,0.1384069550037384,0.059884206,0.075896509,0.1040235171079635,0.1229513610869646,0.8519869592487812,0.9899837799370288,0.824893816,0.05783778,0.089314059,0.064844309
0.102581,0.015874822,5.2679715333591726e-05,-0.009516025,-0.896987545,0.0063,0.0087,0.0114,0.0134,0.0157,0.0182,0.0204,0.0229,0.0255,0.0327,,0.4116679751873016,0.4786142528057098,0.5566711403131485,0.038759388,0.1209662342071533,0.05976097,0.075021308,0.090286051,0.1056438462167978,0.8109981689095498,0.9925585789263248,0.9425833317101002,0.05378492,0.054318059,0.096507521
0.201976,0.023316909,0.000102459,-0.025218755,-0.758822391,0.0095,0.0134,0.0173,0.0203,0.0236,0.0266,0.0294,0.0327,0.0368,0.0473,,0.3531782332062721,0.4371024280786514,0.5153036688566208,0.042276708,0.1446069502830505,0.058693007,0.073693007,0.088693007,0.1140399202093482,0.9904819597631692,0.9237013286739588,0.8039690758764744,0.056379797,0.095001936,0.098454664
0.196326,0.019069653,6.519668389045295e-05,-0.025832622,-0.719340114,0.0078,0.0114,0.0144,0.017,0.019,0.0217,0.0239,0.0265,0.0297,0.0385,,0.3872169821709394,0.4094552636146545,0.5074994760543108,0.036057867,0.1260015353560447,0.051057867,0.072475668,0.096001535,0.1110015353560447,0.8164486772030592,0.8731481165766716,0.9801363520801069,0.059106766,0.077691076,0.068194126
0.195072,0.024005772,9.841523554743288e-05,-0.134171478,-0.75700633,0.0102,0.0144,0.0179,0.0214,0.0245,0.0277,0.0306,0.0332,0.0369,0.0481,,0.3698045931756497,0.4277094542980194,0.5283812814831734,0.048753671,0.1331926342844963,0.067894949,0.088192634,0.1031926342844963,0.1181926342844963,0.8096533800333738,0.962316915,0.818293546,0.05164385,0.097979061,0.08221251
0.187088,0.025966862,9.062721094224666e-05,0.005380332,-0.599429788,0.0131,0.0171,0.0203,0.0231,0.0258,0.0284,0.0316,0.0351,0.0386,0.0491,,0.3595914015173912,0.4454919084906578,0.7486841082930564,0.036101931,0.1303404026851058,0.065027311,0.085340403,0.1003404026851058,0.1153404026851058,0.8045447121858598,0.904322311,0.9868136554718018,0.052641849,0.078877245,0.07319102
0.176827,0.026016446,9.79343128337895e-05,0.021623372,-0.74510838,0.0126,0.0166,0.0198,0.023,0.0258,0.029,0.0319,0.0353,0.0396,0.048,,0.4074647080898285,0.4079975366592407,0.7015693722099066,0.041671221,0.1432647049427032,0.079678391,0.097915748,0.112915748,0.127915748,0.8209726239293814,0.8053726359546185,0.968762178,0.065624743,0.067893844,0.090429539
0.188104,0.026086214,8.073871469005144e-05,-0.150855665,-0.616599394,0.0134,0.0176,0.0211,0.024,0.0265,0.0289,0.0314,0.0345,0.0379,0.047,,0.3515453958511352,0.452703245,0.7720064536817371,0.047971196,0.1229711963236332,0.062971196,0.077971196,0.092971196,0.1079711963236332,0.8562444664284588,0.8088305176615715,0.963179526,0.064328648,0.06631184,0.098457853
0.196549,0.025869767,7.212570913003256e-05,-0.179260611,-0.354738918,0.014,0.0181,0.0218,0.0242,0.0263,0.0284,0.0306,0.0333,0.0367,0.0467,,0.361208716,0.4330931559205055,0.8048943768426776,0.036805832,0.1397822749614715,0.051805832,0.078924762,0.094396304,0.1098454423598945,0.9765907745987176,0.9772250046432018,0.8110846426725388,0.052731806,0.094448034,0.093452435
0.187802,0.024974724,7.837757780495147e-05,-0.143752783,-0.707189268,0.0129,0.0168,0.0196,0.0226,0.0254,0.0277,0.0303,0.0334,0.0367,0.0429,,0.4007768808305263,0.4015279859304428,0.734597635,0.042220824,0.1264669308066368,0.066466931,0.081466931,0.096466931,0.1114669308066368,0.8216247837722301,0.8371757907509804,0.9580790888190268,0.054735275,0.090416169,0.095377334
0.196162,0.020488666,7.514666727849808e-05,-0.11662459,-0.821642296,0.008,0.0123,0.0153,0.0183,0.0208,0.0235,0.0262,0.0285,0.032,0.0401,,0.3813712104409933,0.4176797330379486,0.5185795586317777,0.042854843,0.1178548425342887,0.057854843,0.072854843,0.087854843,0.1028548425342887,0.8280729681223631,0.993593031,0.8619555960357189,0.055212943,0.098083915,0.096307444
0.195211,0.024011367,6.905396712754427e-05,-0.184425588,-0.65541862,0.0122,0.0167,0.0191,0.0217,0.0242,0.0272,0.0294,0.0319,0.0348,0.0439,,0.3742399249970913,0.4245800077915191,0.7652409172676503,0.042042966,0.1193023288249969,0.059302329,0.074302329,0.089302329,0.1043023288249969,0.8272634,0.8080653817594051,0.9939907739758492,0.067831007,0.084807998,0.088817353
0.180297,0.02323871,9.616329031887232e-05,-0.092388258,-0.83658286,0.0093,0.0143,0.0175,0.0203,0.0234,0.0264,0.0292,0.0326,0.0366,0.0434,,0.3992394968867302,0.413144526,0.5320751292854548,0.044582526,0.1417134928703308,0.069898945,0.096313117,0.1113131173625588,0.1263172804236412,0.8264814083337784,0.9763851813971997,0.8319425140082837,0.080197223,0.094005931,0.092939802
0.18154,0.025805622,6.70899122086156e-05,-0.392891058,-0.275213263,0.0149,0.0188,0.0214,0.0241,0.0266,0.029,0.0311,0.0331,0.0361,0.0445,,0.3572080275416374,0.45904088,0.8696272848039865,0.040462225,0.1156942582130432,0.055694258,0.070694258,0.085694258,0.1006942582130432,0.8749334549337626,0.8294867575824261,0.9815760082423688,0.075288656,0.054363139,0.093778491
0.176198,0.026721905,7.822326418529292e-05,-0.256571489,-0.503450015,0.0148,0.0188,0.0218,0.0246,0.0273,0.0301,0.0323,0.0346,0.0378,0.0446,,0.4046268489956856,0.4079273253679276,0.8111156068906188,0.046759448,0.1459469878673553,0.061759448,0.076759448,0.096837333,0.1118710685547441,0.814874251,0.8819392703816294,0.8592980056226254,0.090873344,0.074319626,0.088304048
0.177735,0.028624796,9.992028659958832e-05,-0.071794982,-0.457304425,0.0154,0.0194,0.0231,0.0262,0.0288,0.0315,0.0342,0.0373,0.0418,0.0535,,0.4057857498526573,0.4084191381931305,0.7913134950935841,0.041336241,0.1433861005306244,0.061651916,0.097926668,0.1132351514473557,0.1282351514473557,0.858672636,0.9663820671975611,0.976846828,0.073154065,0.08426465,0.072519951
0.185695,0.025438723,0.000113103,-0.106596718,-0.739545797,0.0105,0.0151,0.019,0.0229,0.0261,0.0294,0.0319,0.035,0.0392,0.048,,0.3809555967897177,0.4253065884113312,0.5380771277099847,0.047663314,0.1430051839351654,0.078214581,0.093259621,0.1082597496628761,0.1232845216691494,0.8144252832114697,0.9740303536951542,0.8874579343542457,0.064374524,0.083154053,0.08355756
0.177978,0.027942183,9.806258432378704e-05,-0.009731514,-0.532939328,0.0151,0.0188,0.0221,0.0251,0.0279,0.0306,0.0337,0.037,0.0406,0.0536,,0.3664638698101043,0.447915343,0.7920114967927336,0.046124786,0.1459070575237274,0.067239724,0.083106333,0.098106333,0.1131063334961887,0.8273946013063193,0.9937020580589772,0.929415991,0.062944543,0.089000085,0.092398142
0.176199,0.030184782,0.000100754,-0.171496058,-0.235106528,0.0169,0.0215,0.025,0.0282,0.0307,0.0331,0.0358,0.0388,0.0431,0.0579,,0.3580952432751655,0.4585818290710449,0.8709096517592668,0.04642211,0.1214221097528934,0.06142211,0.07642211,0.09142211,0.1064221097528934,0.8893473169997335,0.8849651453793049,0.8274237183213234,0.060482551,0.067081508,0.09273596
0.178267,0.02712933,0.000134054,-0.087180115,-0.771229428,0.0117,0.0168,0.0207,0.0242,0.0277,0.0309,0.0342,0.038,0.0423,0.0515,,0.3744248101115227,0.4405836701393127,0.5150828691869974,0.047331569,0.1400118255615234,0.079872025,0.094872025,0.1098720250844955,0.1248720250844955,0.8177880924284459,0.9786890802264212,0.946825675,0.067896441,0.094031103,0.083242292
0.179872,0.024720956,0.000112228,-0.03893973,-0.710385756,0.0106,0.0148,0.0186,0.0217,0.0247,0.0279,0.031,0.0344,0.0382,0.0502,,0.3521936708688736,0.4587554126977921,0.5457602861076594,0.046207456,0.136922812,0.067189478,0.082213898,0.098314914,0.1133319484919309,0.8117826921373607,0.9623094663143158,0.9382706928610802,0.057626174,0.092568784,0.087187814
0.185957,0.025699612,7.664074848743056e-05,-0.101637889,-0.239957119,0.0142,0.0178,0.0208,0.0232,0.026,0.0283,0.0309,0.0337,0.0371,0.0485,,0.3834870163351297,0.4211076647043228,0.8436856488883495,0.035502387,0.1389345389604568,0.050502387,0.093934539,0.1089345389604568,0.1239345389604568,0.8698776031628251,0.9769413261175156,0.8053614770948887,0.064938458,0.063893962,0.097606534
0.097562,0.016831781,5.52797801675424e-05,-0.052369526,-0.791435279,0.006,0.0104,0.0124,0.0152,0.017,0.0195,0.0214,0.0237,0.0265,0.0335,,0.4030208709836006,0.4905530840158462,0.6863212854288518,0.039156996,0.1445587491989135,0.06629275,0.082166664,0.1018412520304322,0.1282998469352722,0.8528855176612735,0.9831968719899654,0.8201713229775429,0.059751324,0.080583877,0.083897173
0.106949,0.016418332,5.67295194895119e-05,0.077462453,-0.772763293,0.0056,0.0093,0.0123,0.0138,0.0163,0.0184,0.021,0.0235,0.0266,0.0348,,0.3853791402932257,0.4976790368556976,0.5146020552903414,0.037272071,0.1293878977000713,0.055753306,0.070970856,0.086744638,0.1141778885408304,0.9189776855371892,0.964644537,0.8217617293179036,0.057636621,0.066978435,0.075324978
0.120069,0.018195986,6.82536808788888e-05,0.044132953,-0.796541898,0.0065,0.0103,0.0128,0.0158,0.018,0.0207,0.0229,0.026,0.0294,0.0372,,0.4036637449264526,0.4726086556911468,0.5434289900511503,0.039451808,0.144030852,0.059953863,0.075975192,0.092545735,0.1085399460464715,0.9534482240647078,0.829680005,0.9869891287505628,0.081656031,0.070897055,0.071896417
0.118742,0.01972642,9.264384402246647e-05,0.34645214,-0.306682274,0.0077,0.0111,0.0139,0.0166,0.0191,0.0217,0.0244,0.0279,0.0328,0.0496,,0.3756212326884269,0.4975855618715286,0.6622209076747299,0.039809392,0.1235293543338775,0.062774008,0.078269573,0.093345955,0.1083894572407007,0.8256254548698664,0.983556786,0.9561781967759132,0.0629021,0.059437338,0.097096798
0.11568,0.018364964,7.05739275666314e-05,0.016419519,-0.827697272,0.0064,0.0107,0.0128,0.0162,0.0184,0.0207,0.0236,0.026,0.0301,0.0391,,0.3906250833719968,0.4877713263034821,0.5132387262225151,0.036715155,0.1261092045903206,0.059472008,0.074551658,0.089568466,0.1081468657746911,0.9774728635460138,0.9676391344487668,0.8235921974420548,0.072004761,0.058185315,0.096848124
0.103049,0.018143116,5.735996458557183e-05,-0.019914363,-0.820369052,0.008,0.0106,0.0133,0.0161,0.018,0.0207,0.0226,0.0252,0.0282,0.0344,,0.4171043291687965,0.4699529498815536,0.7677894882403314,0.048944165,0.1466663920879364,0.063944165,0.085356429,0.1005000374443829,0.1170672259740531,0.824394776,0.9908403770208358,0.8927380096577108,0.087284024,0.08159509,0.071537684
0.099034,0.018860979,6.520546058575288e-05,0.008158228,-0.862763191,0.0082,0.0107,0.0138,0.0169,0.0187,0.0213,0.0235,0.0265,0.0301,0.0354,,0.418331007,0.4728920578956604,0.7772051065161824,0.048660518,0.1474361944198608,0.063660518,0.078660518,0.093660518,0.1157966126576066,0.8190256346732379,0.9475028418183328,0.9345129036277532,0.083370466,0.093706287,0.085800777
0.098253,0.016570251,5.6140952592798446e-05,0.036703548,-0.749454971,0.0058,0.0095,0.0119,0.0145,0.0168,0.0188,0.0208,0.0234,0.0266,0.0361,,0.4058430650830269,0.483840674,0.5161647406607867,0.040686078,0.1384811437129974,0.056418365,0.083701384,0.1027187755540013,0.1234722931325435,0.9642909645408392,0.8731015940368175,0.8551767445325852,0.072769569,0.083508942,0.085262709
0.099518,0.018552921,5.671505398145185e-05,0.1456240053958092,-0.666545737,0.0089,0.0114,0.0139,0.0163,0.018,0.0205,0.0227,0.0254,0.0288,0.0379,,0.3984310431778431,0.4942636460065842,0.8185537949234247,0.046137128,0.1263918501138687,0.061137128,0.076137128,0.091137128,0.1061371283978223,0.8067856556296349,0.8249005390465259,0.8645806331753731,0.072635419,0.062630559,0.072287096
0.101926,0.017556646,5.7915155620666734e-05,0.1359548595391258,-0.723855205,0.007,0.0104,0.0125,0.0151,0.0171,0.0199,0.0218,0.0248,0.0278,0.0372,,0.3931988040357828,0.496054921,0.7877046501383185,0.038563897,0.1479666745662689,0.053563897,0.1003765282869339,0.1153765282869339,0.1303765282869339,0.9951769399046898,0.85381843,0.8082508584856988,0.078273847,0.073244415,0.076003284
0.159376,0.025056239,0.000104183,0.078271427,-0.623805726,0.0114,0.0156,0.0189,0.022,0.025,0.0282,0.0313,0.0345,0.0383,0.053,,0.3536811339855194,0.480822229,0.7264992063086713,0.044549433,0.1357448101043701,0.059788504,0.087091606,0.1035343455769121,0.1185792073726654,0.8219779613107443,0.8888941176712513,0.933280473,0.057493629,0.090129456,0.084270413
0.150485,0.023133797,8.116549851819818e-05,-0.024972742,-0.711980707,0.0106,0.0144,0.0181,0.021,0.0233,0.0257,0.0283,0.0314,0.0354,0.0457,,0.4141451972723007,0.4213483840227127,0.7023210727907717,0.045579098,0.1407489645481109,0.060579098,0.095748965,0.1107489645481109,0.1257489645481109,0.8136525558024645,0.8644273613840342,0.8540236339896917,0.071759761,0.08435005,0.077297691
0.158111,0.022703927,0.000102636,0.071708224,-0.606242452,0.0094,0.0133,0.0168,0.0197,0.0225,0.0255,0.0287,0.0317,0.0361,0.0496,,0.3981188197433948,0.4335039243102074,0.534743877,0.046013974,0.1442054033279419,0.061013974,0.098386945,0.1140086082279682,0.1291569040417671,0.845709427,0.9691538054525852,0.9569551166415214,0.068163976,0.087363715,0.066891238
0.160981,0.020649524,7.858157075525026e-05,-0.040453921,-0.746522601,0.0081,0.0129,0.0154,0.0178,0.0207,0.0235,0.0258,0.0289,0.0325,0.0422,,0.4048517018556595,0.4268468618392944,0.568208851,0.044054829,0.1224810713529586,0.05976558,0.074825541,0.089878718,0.1054622527718543,0.9689671607345344,0.9316172046273948,0.9379453417390584,0.062172913,0.084112351,0.077284712
0.162464,0.025137346,8.656870722403987e-05,0.038836711,-0.622596957,0.0124,0.0166,0.0194,0.0226,0.0253,0.0277,0.0304,0.0336,0.0379,0.0474,,0.4092020329833031,0.4209747940301895,0.7580229626655578,0.046463359,0.1476246869564056,0.061463359,0.076463359,0.1026613688535988,0.1213784411340951,0.8285603022485972,0.8120175647079945,0.8337974610984326,0.079889437,0.090989852,0.086503127
0.15473,0.022999237,7.259882957100774e-05,-0.051742919,-0.708672627,0.011,0.0154,0.018,0.0204,0.0229,0.0255,0.0283,0.0309,0.0343,0.0437,,0.3680393606424331,0.4682954683899879,0.7646289068207145,0.046236285,0.1482384061813354,0.061236285,0.077864019,0.093172644,0.1084994843631982,0.9031981148891152,0.9624351539850236,0.8158558497846127,0.075334425,0.096246211,0.088902884
0.165959,0.021571446,8.61072385712382e-05,-0.086330672,-0.772149096,0.0084,0.0123,0.0165,0.0189,0.0218,0.0248,0.0274,0.0301,0.0339,0.0436,,0.4044798162579536,0.4176550716161728,0.539310885,0.037006084,0.1364404040575027,0.057864054,0.089573945,0.1058258436478674,0.1211035813450813,0.8794166852340103,0.9224937001809478,0.9591981604397296,0.069068236,0.092953091,0.087785636
0.16316,0.023166914,8.699143871562327e-05,-0.024417459,-0.731818265,0.0101,0.0142,0.0181,0.0206,0.0231,0.0259,0.0289,0.0319,0.0353,0.0451,,0.3888014213368296,0.4438549529761076,0.6727422565206885,0.047286225,0.1265688997507095,0.0665689,0.0815689,0.0965689,0.1115688997507095,0.9277905160233378,0.9948370162963868,0.8613645698308945,0.071376528,0.067381995,0.098072208
0.173985,0.022337008,7.85320045551584e-05,-0.020708011,-0.858885587,0.0098,0.014,0.0167,0.0202,0.0224,0.0249,0.0278,0.0311,0.0342,0.0417,,0.3576930144429207,0.459354867,0.6975246556397527,0.036122399,0.1313518121838569,0.059264976,0.082977725,0.098591281,0.1140670310692861,0.8788599196076393,0.8083572477281094,0.9720931390583516,0.063218197,0.085117848,0.081706538
0.145993,0.020341609,7.991902445550357e-05,-0.023113115,-0.826270606,0.0075,0.0119,0.0151,0.0178,0.0202,0.023,0.0256,0.029,0.0325,0.0389,,0.3920375150442123,0.4498572811949998,0.528469682,0.042641523,0.1344857877492904,0.057641523,0.072657044,0.087684534,0.1169534097664058,0.9385229924023152,0.9157857281163336,0.9065216942787172,0.054453265,0.079564155,0.083743378
0.17842,0.021634125,7.753621109022886e-05,0.145973988,-0.556016394,0.0098,0.0133,0.0162,0.0193,0.0219,0.0241,0.0267,0.0292,0.0332,0.0462,,0.3562424764037132,0.4614833049476147,0.7033260898970067,0.036768551,0.1261954474449158,0.051768551,0.069542146,0.084542146,0.1111865464657545,0.81367909,0.9931201184272768,0.9639249588608744,0.065718809,0.054952113,0.097621231
0.173747,0.022414793,9.335611977979306e-05,-0.04799625,-0.697870526,0.0092,0.0129,0.0168,0.0199,0.0231,0.0255,0.0283,0.0312,0.0348,0.0468,,0.3690750078856945,0.4500840233755298,0.5112380600810051,0.047778924,0.1227789235115051,0.062778924,0.077778924,0.092778924,0.1077789235115051,0.9479595342546702,0.9903786528706552,0.8162409096956253,0.065610775,0.075160796,0.087315633
0.174393,0.020776419,7.184128083583815e-05,0.046485012,-0.707709084,0.0089,0.0132,0.0156,0.0181,0.021,0.0233,0.0256,0.0285,0.0322,0.042,,0.3594041809439659,0.4615786954760552,0.6787966002143919,0.041638817,0.1283487178385257,0.056638817,0.071638817,0.086638817,0.1016388172283768,0.8109179513841868,0.8319332310557366,0.9871660132467748,0.062634497,0.07008213,0.070481204
0.164923,0.021966495,8.244530191571823e-05,0.030034221,-0.804620498,0.0095,0.0129,0.0169,0.0194,0.0217,0.0244,0.0276,0.031,0.0341,0.0448,,0.3847746198298409,0.4417266115546227,0.6670643209800124,0.046263712,0.1444241368770599,0.061263712,0.078318476,0.096901181,0.1119011814713478,0.8314886500120163,0.9949946736991404,0.9273872052431108,0.073745721,0.066309733,0.072018857
0.170773,0.021468436,7.247772148036023e-05,-0.068967412,-0.849107388,0.0103,0.0133,0.0163,0.0192,0.0215,0.0241,0.0271,0.0296,0.0326,0.0406,,0.3956711940467358,0.427956411,0.676609069,0.045037965,0.1450375533103942,0.060037965,0.075037965,0.090037965,0.1050379649549722,0.8765022586219013,0.8095107840180398,0.9686193707346916,0.07709661,0.080527349,0.082983223
0.17197,0.019623404,6.041581061698206e-05,-0.037840203,-0.801581148,0.0095,0.012,0.0151,0.0175,0.0196,0.0223,0.0243,0.027,0.0302,0.0384,,0.3846248075412586,0.4407722502946853,0.6780068108528853,0.040826521,0.1363679528236389,0.05583842,0.070892691,0.086020998,0.1012445495188236,0.8110066583245993,0.8100298083603382,0.9708189585626126,0.078735111,0.082501566,0.06994661
0.17684,0.020415916,7.707725388043432e-05,-0.072172317,-0.727862083,0.0081,0.0116,0.0156,0.0184,0.0207,0.0232,0.026,0.0287,0.0318,0.0445,,0.3677251741290092,0.450762272,0.5533445101708174,0.041516824,0.1438005888462066,0.056618445,0.071976191,0.087421845,0.1054536858201026,0.8096194759905339,0.9895629096388816,0.8808130844980478,0.077944748,0.087858501,0.081991652
0.167554,0.022121663,8.781219478101783e-05,0.103111212,-0.542788092,0.0101,0.0137,0.017,0.0196,0.0223,0.0248,0.0275,0.0306,0.0342,0.0513,,0.3612922477722168,0.4650854229927063,0.6691543255493044,0.045261364,0.1411464059352875,0.060261364,0.075261364,0.090261364,0.105261364,0.8120301779478789,0.8095522511839867,0.9475985990554094,0.084543739,0.07525828,0.087438102
0.175658,0.020429451,7.954383082588371e-05,0.021374536,-0.690837316,0.0081,0.0117,0.0155,0.0179,0.0204,0.0227,0.0257,0.0288,0.0325,0.0439,,0.3980596530437469,0.4210985153913498,0.5175892369329929,0.040593573,0.139071901,0.055593573,0.086139562,0.1011395619697868,0.1161768765494227,0.8117259173125029,0.9590596349775792,0.977138075,0.071288503,0.061438901,0.075830371
0.172497,0.019002272,6.744355743736685e-05,-0.121589164,-0.872573972,0.007,0.0108,0.0141,0.0165,0.0196,0.0218,0.0243,0.0268,0.0299,0.0365,,0.3904534193128347,0.4309568107128143,0.5165110376358032,0.039423523,0.1158938789367675,0.054423523,0.07020436,0.085570587,0.1006263213783502,0.8862347742490471,0.9888079023480416,0.8197448018550874,0.073312785,0.090385168,0.091063832
0.154399,0.017705073,5.363316109500832e-05,0.025996751,-0.796197863,0.0081,0.0106,0.0132,0.0153,0.0178,0.0197,0.0222,0.0245,0.0275,0.0349,,0.3890889237448573,0.4486049185506999,0.6899163396187127,0.036360904,0.1362230402231216,0.054040272,0.069929904,0.084937038,0.1105262717932462,0.812647641,0.8111504936516285,0.9896134334862232,0.053130573,0.08394303,0.07200414
0.152634,0.01840396,6.732974870065065e-05,-0.019953059,-0.784349816,0.0068,0.0107,0.0133,0.0163,0.0184,0.0209,0.0235,0.0259,0.0292,0.0385,,0.3835650474205613,0.4566236913204193,0.5234581256568431,0.035813449,0.1224876874685287,0.055264906,0.070264906,0.085264906,0.1002649057328701,0.8120270800560713,0.8182170906066895,0.926141463,0.071743168,0.058074198,0.093288618
0.147625,0.018818983,7.162642126659825e-05,0.043096295,-0.676499648,0.0071,0.0106,0.0138,0.0165,0.0187,0.0212,0.0238,0.0265,0.0298,0.0428,,0.3797396419942379,0.4643863543868065,0.5342879909455776,0.03678411,0.1367043262720108,0.055625257,0.071020796,0.086048977,0.1204188968300819,0.8219923962950707,0.8333555893838406,0.9557123878359794,0.06601328,0.094193395,0.085531599
0.152752,0.016949062,5.060718089199751e-05,-0.057291484,-0.815880804,0.0073,0.0106,0.0124,0.0151,0.0177,0.0191,0.0212,0.0235,0.0266,0.0325,,0.415840503,0.4268311485648155,0.6405481502518058,0.036988918,0.1346036010980606,0.051989612,0.072218626,0.087218626,0.1022186256557703,0.8733844941362738,0.8229160279035569,0.9924162006616593,0.058740966,0.062820597,0.071883845
0.148279,0.020587571,8.325161001230283e-05,0.1533381968492841,-0.616252004,0.0082,0.0116,0.0154,0.0179,0.0203,0.0228,0.0256,0.0288,0.0327,0.0437,,0.3540003022551536,0.4917451828718185,0.7021032249346375,0.037865529,0.1352125853300094,0.052977222,0.068077632,0.085461537,0.1004615371033549,0.9953845344007016,0.9914086451113224,0.8613398258894682,0.079433365,0.088920495,0.077070515
0.156451,0.018908945,7.368268426086515e-05,0.093430183,-0.687691756,0.0068,0.011,0.0138,0.0167,0.0186,0.0212,0.0238,0.0264,0.0306,0.0389,,0.377030641,0.4615240633487701,0.5385414034098387,0.037175689,0.1303382370993495,0.052177915,0.068543206,0.083548356,0.1006326962202787,0.9288879978135228,0.9854662168323992,0.8609358872234821,0.055653754,0.064933844,0.064663302
0.152792,0.017128934,5.484454681158832e-05,-0.110079655,-0.850532268,0.0071,0.0105,0.0125,0.0152,0.0172,0.0195,0.022,0.0238,0.027,0.0329,,0.4037241226434708,0.4352748677134514,0.5644701330989599,0.038906405,0.1343491291999816,0.053906405,0.070107518,0.085165515,0.1004431048393249,0.8277717755913735,0.966195417,0.8138508730113507,0.056923747,0.06570204,0.096993105
0.15268,0.017302841,4.988940674539761e-05,-0.01058697,-0.787118463,0.0078,0.011,0.0129,0.0155,0.0173,0.0196,0.0215,0.0238,0.027,0.0334,,0.3876513671129942,0.4522533550858498,0.6937168916255235,0.037290186,0.1458608293533325,0.052290186,0.067352904,0.083826997,0.1001395974397659,0.8187810799449683,0.9873680496871472,0.8101504762649536,0.05688274,0.063381696,0.095323481
0.14881,0.016982666,5.1609385262037835e-05,-0.063795855,-0.826976844,0.0072,0.0105,0.0124,0.0151,0.0176,0.0191,0.0213,0.0238,0.0264,0.032,,0.4089017111063003,0.4360660389065742,0.6451568122968078,0.036069628,0.1458869338035583,0.056395402,0.072996928,0.089485093,0.1059941873431205,0.822770664,0.9960922852873804,0.8115578590154648,0.067338701,0.074614929,0.09656693
0.151141,0.018523078,5.67780554061874e-05,-0.056545432,-0.830255466,0.0084,0.0112,0.0138,0.0167,0.0186,0.0208,0.0231,0.0258,0.0285,0.0352,,0.3748540098965168,0.4678563192486763,0.6852587163358926,0.038889643,0.1309194176644086,0.053889643,0.082461553,0.097645239,0.1136941276166253,0.8071342399477959,0.9943501641392708,0.8156561238110066,0.072417278,0.071381864,0.059542452
0.203135,0.021979706,8.668234158779881e-05,0.024978297,-0.618939505,0.0094,0.013,0.0162,0.0192,0.0221,0.025,0.0277,0.0303,0.0339,0.0476,,0.3761434409022331,0.4164322853088379,0.5314358355045319,0.035969908,0.1186495387554168,0.058649539,0.073649539,0.088649539,0.1036495387554168,0.8506903574839234,0.9537112280189992,0.8752724884793163,0.066723891,0.070619167,0.081377386
0.197966,0.024096285,9.417210208361763e-05,0.051186978,-0.689516319,0.0107,0.0149,0.0182,0.0216,0.0241,0.0268,0.0295,0.0327,0.0374,0.0461,,0.3508494040369987,0.4445725530385971,0.6598315671041608,0.040284679,0.1403034615516662,0.055284679,0.071067029,0.1006031978845596,0.1156031978845596,0.9947900072604418,0.9485448621571064,0.8026266091287136,0.071680931,0.089942567,0.096708908
0.179376,0.02190627,8.899764197191802e-05,-0.074682117,-0.779438998,0.0086,0.013,0.0165,0.0191,0.0221,0.0251,0.0277,0.0305,0.0345,0.0431,,0.3941842764616012,0.4201439172029495,0.5098356504768133,0.037081634,0.1304536562412977,0.070453656,0.085453656,0.1004536562412977,0.1154536562412977,0.8222511774957181,0.974198074,0.8237203205049038,0.054616521,0.090609033,0.078904748
0.195916,0.023516786,9.02399469191978e-05,0.099312765,-0.646760081,0.0106,0.0146,0.0177,0.0211,0.0234,0.0259,0.0285,0.032,0.0367,0.046,,0.3559487801790237,0.4420366428792476,0.6654882938146591,0.040861994,0.1158619937300682,0.055861994,0.070861994,0.085861994,0.1008619937300682,0.817672344,0.9862350266635418,0.9692483688116074,0.065865972,0.084230029,0.097013543
0.20268,0.022582262,7.752573022543229e-05,0.052248932,-0.580123701,0.0104,0.0143,0.0179,0.0202,0.0224,0.0249,0.0277,0.0307,0.0339,0.0451,,0.3717999628186226,0.4198411345481873,0.6616021727219223,0.036250763,0.1421753585338592,0.052140785,0.082374098,0.098266075,0.1141500742526724,0.8115118946909905,0.858137044,0.9769842103362084,0.058174295,0.072516379,0.075526135
0.201558,0.022996902,8.684459176594711e-05,-0.044041321,-0.72209504,0.0101,0.0138,0.0172,0.0204,0.0233,0.0262,0.0289,0.0317,0.0351,0.0476,,0.3691746774315834,0.4235421180725098,0.5948646584004164,0.043955174,0.1189551741629839,0.058955174,0.073955174,0.088955174,0.1039551741629838,0.8273854208230973,0.8221783124923706,0.9414929191172124,0.079206939,0.070438274,0.091614917
0.190738,0.020098736,6.907358430311598e-05,-0.08269224,-0.77017869,0.008,0.0125,0.015,0.0178,0.0207,0.0228,0.0252,0.0279,0.0309,0.0412,,0.3852524280664511,0.4191121876239776,0.5836226515978574,0.03731924,0.1148007559776306,0.054800756,0.069800756,0.084800756,0.099800756,0.8211596174448729,0.984716074,0.9223606645330787,0.056820996,0.067787627,0.071915806
0.203631,0.0235264,0.000102947,-0.007681853,-0.713737321,0.0099,0.0139,0.0175,0.0207,0.0237,0.0264,0.0293,0.0328,0.037,0.0492,,0.3611566263437271,0.4289383843541146,0.5249903346419335,0.040677109,0.1227854943275451,0.057454376,0.077584783,0.092585214,0.107730522,0.8166776828974486,0.966493154,0.981685952,0.067018526,0.077155976,0.096077755
0.202986,0.022648035,7.485836796855222e-05,-0.04846431,-0.765832248,0.0106,0.0146,0.0173,0.02,0.0232,0.0254,0.0279,0.0309,0.0342,0.0425,,0.3650992774963379,0.4283143043518067,0.6585553115084767,0.043564997,0.1185649970173835,0.058564997,0.073564997,0.088564997,0.1035649970173835,0.8334094739973545,0.8094619868576527,0.9870119106829168,0.080258117,0.074830765,0.089537306
0.202095,0.020857646,7.700799750524223e-05,-0.116771345,-0.794565114,0.0082,0.0125,0.0158,0.0187,0.0211,0.0237,0.0264,0.029,0.0326,0.0401,,0.3731724731624126,0.4187982171773911,0.5091674215525388,0.037182074,0.120249256,0.052188826,0.067604885,0.082656687,0.10111137,0.8611333180010319,0.9842157352626324,0.9457241986006498,0.068280292,0.080585966,0.085099778
0.168341,0.020588575,7.944239033072445e-05,-0.128684606,-0.852491615,0.0077,0.0122,0.0153,0.0185,0.021,0.0235,0.0264,0.0289,0.0322,0.0403,,0.4083343750238418,0.4203810662031174,0.5072943970531225,0.036314678,0.1234509170055389,0.063450917,0.078450917,0.093450917,0.1084509170055389,0.8339441105484963,0.9381435017973184,0.9928936863839628,0.068332513,0.087212509,0.086930505
0.16945,0.02252967,8.749192309013606e-05,0.075783302,-0.689634257,0.0097,0.0136,0.0167,0.0202,0.0226,0.0251,0.0279,0.0309,0.0351,0.046,,0.360169826,0.4619661770761013,0.6883392838418484,0.04112347,0.1381178539991379,0.05612347,0.071137948,0.086164161,0.1231178539991379,0.9773717292934656,0.8811092154994608,0.901098948,0.075195752,0.09201086,0.096045191
0.166913,0.026969266,0.000108771,0.034411219,-0.726316515,0.0131,0.0173,0.0206,0.0237,0.0268,0.0296,0.0327,0.0366,0.0412,0.0502,,0.4027927219867706,0.4134602546691894,0.7199863463647663,0.049592967,0.1471864950656891,0.064592967,0.079592967,0.117186495,0.132186495,0.8157040929496289,0.840368173,0.8472954880654813,0.07241929,0.060850206,0.098525731
0.163058,0.023127858,9.231919177325962e-05,-0.049770414,-0.741003191,0.0097,0.0139,0.0181,0.0207,0.0232,0.026,0.0289,0.032,0.036,0.0453,,0.3653701198101043,0.4593335598707199,0.642946544,0.036444383,0.1341601201891899,0.071220924,0.086220924,0.101220924,0.1162480538889765,0.8320183835536241,0.9513107590436936,0.8134056785643101,0.084580983,0.089802041,0.091078366
0.165216,0.022912848,0.000116726,0.2532528676356331,-0.408144505,0.0089,0.0126,0.0164,0.0193,0.0223,0.0254,0.0287,0.0327,0.0374,0.054,,0.3617691257596016,0.4687425494194031,0.5414024980545044,0.040553358,0.1256309822201728,0.055556111,0.070575046,0.093976084,0.1106053083129227,0.9703542477488518,0.9836846887767314,0.9005800318978727,0.065141412,0.077513043,0.079444614
0.16947,0.024566391,0.000119511,-0.006091054,-0.82881731,0.0099,0.0141,0.0177,0.021,0.0245,0.0279,0.0313,0.0352,0.0393,0.0488,,0.3665399876236915,0.4559637196362018,0.5459165814489126,0.036084,0.1301936315186321,0.06980564,0.08480564,0.09980564,0.1151621954362839,0.8464510325461626,0.8881112574435771,0.8546421729803085,0.084965292,0.081147506,0.075342662
0.171622,0.02221727,8.82169068303304e-05,-0.09536964,-0.803259149,0.0091,0.0128,0.0173,0.0199,0.0224,0.0251,0.0281,0.0312,0.0344,0.045,,0.4109931662678718,0.4105606555938721,0.5696828949987889,0.035480917,0.1249990212917327,0.06383208,0.079999021,0.094999021,0.1099990212917328,0.8451299484997988,0.8468404152154922,0.8086972140610218,0.056453284,0.067687936,0.098980759
0.169365,0.022266736,8.983297645867472e-05,-0.103111214,-0.788547452,0.0087,0.0136,0.0167,0.0195,0.0231,0.0254,0.028,0.0312,0.0346,0.0424,,0.3663878563046455,0.4581798009574413,0.5520328596174717,0.042496435,0.1334672486782074,0.070965698,0.086152309,0.1012157590553164,0.116570165,0.8186682273209095,0.8164635189473629,0.9747882785737516,0.060822173,0.092627828,0.071985315
0.173234,0.023771218,9.323650489520556e-05,0.2127241628123768,-0.387726804,0.0113,0.015,0.018,0.0208,0.0232,0.0261,0.0287,0.032,0.0365,0.0496,,0.3520080190896988,0.4664576724171638,0.7069697267152368,0.03589323,0.1223628145456314,0.06054954,0.075575099,0.090591281,0.1055982708543539,0.8275276021420956,0.956341612,0.9285627166301011,0.055838277,0.097139471,0.074774973
0.14619,0.022690301,7.266413302334449e-05,-0.038556183,-0.724532467,0.0111,0.0147,0.0174,0.0204,0.0229,0.0251,0.0277,0.031,0.0338,0.0419,,0.3636026978492737,0.4829829841852188,0.7772289924167096,0.047433084,0.1434656250476837,0.062433084,0.077433084,0.092433084,0.1074330835044383,0.8983593227534555,0.9775618271172046,0.8098145588755608,0.075495999,0.080209983,0.097865602
0.151296,0.020949941,5.762253086530218e-05,-0.049660664,-0.542049461,0.0103,0.0139,0.0168,0.0188,0.021,0.0232,0.0255,0.0281,0.0307,0.0437,,0.3728892536461353,0.4687033370137214,0.800945427,0.0407819,0.1356990498304367,0.056866618,0.072295294,0.087745669,0.1094619054615497,0.8145484661132097,0.8105459030866623,0.9830874995410442,0.060585959,0.077476866,0.082865855
0.151426,0.022012391,6.535301965593383e-05,0.007351069,-0.558570063,0.0116,0.0146,0.0171,0.0194,0.0225,0.0243,0.0264,0.0293,0.0331,0.0423,,0.4141470539569855,0.4256715923547745,0.7960377368867397,0.040742793,0.1418564331531524,0.055906713,0.075587524,0.097611512,0.1266746344357729,0.9492751731604336,0.8204984754562378,0.9970628157317638,0.087747508,0.077877933,0.077773035
0.149255,0.021809081,6.629095452595127e-05,0.07710823,-0.46761615,0.0108,0.0144,0.0174,0.0194,0.0217,0.0241,0.0266,0.0292,0.0324,0.0443,,0.3649012818932533,0.4765573054552078,0.8064856422007084,0.038556198,0.1417553925514221,0.054524651,0.081970641,0.097522548,0.1146368716502562,0.835404814,0.8119853567957879,0.9925120264947416,0.080360618,0.091744098,0.078890312
0.146273,0.021050091,5.035886393795462e-05,-0.194552236,-0.459119118,0.0114,0.0148,0.017,0.0197,0.0213,0.0231,0.0254,0.0274,0.0302,0.0372,,0.3695618462562561,0.4784887731075287,0.8677512314289808,0.037644334,0.1374601334333419,0.052900042,0.06791197,0.082946526,0.098060165,0.8591908445179463,0.8099159641981125,0.9790726394832134,0.057357575,0.072975403,0.074824505
0.148033,0.020959303,8.763749505114952e-05,0.011481564,-0.81565035,0.0078,0.0127,0.0153,0.0179,0.021,0.0236,0.0264,0.0302,0.0337,0.0419,,0.4104328313469887,0.4275851026177406,0.5084729379057884,0.035715123,0.146547418,0.075616149,0.090616149,0.1056161493331194,0.1297045788943767,0.8240870835006238,0.9475587456792594,0.8059805787861347,0.05392726,0.093772182,0.075291149
0.142238,0.020135097,5.500076907511617e-05,0.011660392,-0.633756761,0.0105,0.0131,0.0159,0.0179,0.02,0.0225,0.0242,0.0269,0.0303,0.0384,,0.3854476668871939,0.4617043241858482,0.8025835122942925,0.037005685,0.1374506479501724,0.058874679,0.073874679,0.088874679,0.1038746793538332,0.8056825082719327,0.8145033379077912,0.9611931455552578,0.061840151,0.07418567,0.077266818
0.151378,0.024013619,7.29195361294899e-05,-0.054963936,-0.558141983,0.0125,0.0163,0.0189,0.0217,0.0243,0.0265,0.0288,0.0316,0.0355,0.0429,,0.377472741,0.461184212,0.8144126451864838,0.048255984,0.1380785781145095,0.063255984,0.078255984,0.093255984,0.1082559838891029,0.8059435533165932,0.993305399,0.9135878744184972,0.086754664,0.097336712,0.0925103
0.153478,0.022140691,5.809446044747057e-05,-0.174384002,-0.630500647,0.0115,0.0153,0.0176,0.0206,0.0223,0.0244,0.027,0.0293,0.0323,0.0375,,0.4162378185987472,0.420800707,0.7977766197234392,0.045878385,0.1411909997463226,0.060878385,0.075878385,0.091166523,0.119435118,0.9837558945178986,0.8640337924867869,0.8790830539703369,0.085048661,0.086239729,0.082934728
0.148646,0.021309227,6.26901346295033e-05,-0.016869588,-0.677368757,0.0111,0.0138,0.0165,0.0192,0.0213,0.0235,0.0263,0.0288,0.0319,0.0408,,0.378992709,0.4661310106515884,0.7991128162309528,0.037795649,0.1339878356456756,0.058082955,0.073082955,0.1009105430383235,0.1160028843618929,0.8192962295651436,0.8282994235277176,0.9940885350227356,0.063182163,0.074266538,0.069183172
0.153235,0.022942037,7.467235365566497e-05,-0.056775369,-0.764313127,0.0113,0.0148,0.0175,0.0203,0.0234,0.0255,0.0282,0.0311,0.0346,0.0423,,0.4083745962381363,0.4300989463925362,0.7255825233100215,0.045941447,0.1385343933105468,0.069136013,0.086004092,0.1012542959544807,0.1162542959544807,0.8130606618702412,0.9795981841266156,0.9874640242636205,0.078442528,0.077464955,0.096496486
0.135364,0.020668671,9.132188219186448e-05,0.1608553566392996,-0.616328215,0.0081,0.0117,0.0147,0.0175,0.0205,0.0232,0.026,0.0291,0.0338,0.047,,0.3620869672298431,0.4882210344076156,0.5852515031576156,0.037559888,0.1388991731405258,0.053959636,0.092597058,0.1082238242283463,0.123575818,0.8177260988473892,0.8127154861688615,0.8897117833442987,0.062855213,0.089145978,0.08148781
0.163639,0.02211733,9.916274877123268e-05,0.098883036,-0.603011371,0.0093,0.0132,0.0164,0.0193,0.0221,0.0248,0.0278,0.031,0.0354,0.0508,,0.392536733,0.4358118638396263,0.5210127776920795,0.043398335,0.1396551597118377,0.058432479,0.076263693,0.091402431,0.1169322379499673,0.8632821140572429,0.8443017779290676,0.8155848543524743,0.067318214,0.090545594,0.076275216
0.152696,0.020423237,8.784142677557323e-05,0.1812162882080961,-0.545953379,0.008,0.0115,0.0147,0.0174,0.0206,0.0228,0.0254,0.0285,0.0333,0.046,,0.3533550626039505,0.4836484402418136,0.6182365815237164,0.03877662,0.1330332481861114,0.055762127,0.071150224,0.098882375,0.1139137416974641,0.8388569082289934,0.9228901108652352,0.8174782794475556,0.062421117,0.079506947,0.069767511
0.16159,0.024186411,8.168870709868418e-05,0.0330195,-0.550348926,0.012,0.0156,0.0186,0.0214,0.0241,0.027,0.0297,0.0326,0.036,0.0486,,0.3573590031266213,0.4756286978721619,0.7703682139478624,0.039814657,0.1305337264761328,0.065943355,0.082843781,0.099149891,0.1141574497985653,0.8560735342904926,0.8192839055001736,0.9778297796785832,0.066631501,0.077876039,0.091978428
0.163857,0.022646801,7.24224515215083e-05,0.033062506,-0.557069951,0.0111,0.0143,0.0172,0.02,0.0227,0.0255,0.0279,0.0303,0.0336,0.0476,,0.4034855803847313,0.4237484157085419,0.7470227264754474,0.03806261,0.1414474415779114,0.053588979,0.094913832,0.1104265820398926,0.1259361704707145,0.9041469771815464,0.8160037300109864,0.9723952765464784,0.054717665,0.080006207,0.082355178
0.162718,0.024617555,9.597730115363002e-05,0.1945503790954856,-0.319038278,0.0118,0.0158,0.0189,0.0217,0.0245,0.0273,0.0301,0.0333,0.0372,0.053,,0.3588346773386002,0.4704941108822822,0.7394193843103946,0.046742077,0.1433504736423492,0.063376383,0.082851838,0.1132844950303435,0.1283426602393388,0.8374170438617468,0.8251417679131031,0.989191682,0.066026592,0.076987418,0.070116659
0.161858,0.020532514,8.008238567538685e-05,0.001591366,-0.717708703,0.0078,0.0125,0.0151,0.0179,0.0209,0.0229,0.0258,0.029,0.0323,0.0412,,0.4091832575201988,0.420128983,0.5468891989678144,0.03959944,0.132656623,0.055701174,0.082239952,0.1025686052918434,0.1176452491879463,0.9231097787372768,0.9291454721480608,0.834524792,0.061057948,0.081102146,0.071600809
0.151022,0.02236942,9.43844756143948e-05,-0.027913694,-0.695495915,0.0089,0.0128,0.0174,0.0199,0.0223,0.0251,0.0285,0.0315,0.0349,0.0448,,0.4095100590586662,0.4313635468482971,0.5181022962927818,0.043925698,0.143158312,0.081666989,0.098127279,0.1131351147010922,0.1281404917448759,0.8565523849591613,0.8398141183435917,0.9883044012784958,0.073717822,0.068569975,0.084944729
0.177027,0.023393304,7.255420211620357e-05,-0.090656155,-0.727922455,0.0124,0.0153,0.0181,0.0213,0.0236,0.0259,0.0287,0.0316,0.0344,0.042,,0.3940386268496513,0.4210625112056732,0.7281135192027781,0.039752758,0.1444383251667022,0.055458397,0.0972968,0.1130116245344281,0.1286946692347526,0.8527233638763428,0.8368940414845943,0.9919414301931858,0.065075157,0.087403933,0.094968913
0.16135,0.02240214,7.698352065450045e-05,-0.001221149,-0.799530411,0.011,0.0139,0.0169,0.02,0.0223,0.0251,0.028,0.0304,0.0345,0.0407,,0.400563635,0.4266816705465317,0.6916322311453521,0.039288496,0.1439621973037719,0.063770117,0.096847299,0.1125589188948273,0.1282602266490459,0.8839836196772755,0.8146190756022931,0.9825712321341038,0.070365252,0.089263101,0.081177584
0.15807,0.022623014,9.357588208013258e-05,0.1973711893466697,-0.660478898,0.0101,0.0133,0.0164,0.019,0.022,0.025,0.0286,0.032,0.0359,0.0482,,0.3653082463145256,0.4689937144517898,0.7259792230867083,0.0381951,0.1425199210643768,0.053844421,0.092152185,0.1110719973906874,0.1268170161664485,0.8751418536901474,0.8181183411121369,0.9719559591948986,0.068151878,0.084437182,0.069782808
0.142722,0.021237594,8.722299439441e-05,0.084228619,-0.624298215,0.0085,0.0121,0.0155,0.0186,0.0216,0.024,0.0267,0.0297,0.0333,0.046,,0.3632935202121735,0.4866761624813079,0.6945834080345928,0.041480191,0.1213636720180511,0.056480191,0.0761957,0.091313868,0.1063303124040365,0.9082797342687844,0.9833565003335476,0.9840817468941212,0.065151303,0.056166497,0.097708309
0.145779,0.022178835,0.000102392,0.1381906325633952,-0.570843362,0.0091,0.0129,0.0163,0.0191,0.0219,0.0245,0.0277,0.0311,0.0357,0.0499,,0.3846055696997791,0.4617393568158149,0.5146668812692166,0.046573457,0.1297090436704457,0.061573457,0.084234873,0.0996531,0.1146993322633206,0.8891988200027496,0.8634993936151266,0.9013509523215704,0.066699022,0.073518259,0.078625527
0.136751,0.02048653,8.136827160988402e-05,-0.007941069,-0.708985125,0.0078,0.0119,0.0153,0.0178,0.0205,0.0234,0.026,0.0287,0.0324,0.0427,,0.4036789843440056,0.4462601784616709,0.5700875581383705,0.042958216,0.1369939070940017,0.057961471,0.07698681,0.099958806,0.1177387897789478,0.8623622576385737,0.8822698912397027,0.8833011114776135,0.074018101,0.082578757,0.078953361
0.141202,0.020970526,9.62255871306973e-05,0.2785072376565757,-0.306568855,0.0086,0.0122,0.0152,0.018,0.0206,0.023,0.0259,0.0293,0.034,0.0499,,0.3720872054994106,0.4757439643144607,0.5694758994966745,0.0411479,0.1401184952259064,0.05744743,0.074339137,0.093851662,0.1089634336799383,0.8681425543874502,0.8555365247160196,0.8897724820695818,0.069026845,0.079960929,0.062580774
0.123091,0.021698959,9.791055330224192e-05,0.070145048,-0.724593431,0.0082,0.0121,0.016,0.0188,0.0216,0.0245,0.0276,0.0308,0.035,0.0443,,0.3804100099951029,0.4899791270494461,0.554401454,0.047390603,0.1362545031309127,0.062390603,0.077390603,0.093276189,0.1085952604398131,0.8767350651912391,0.8653122244983912,0.8440498367905617,0.055041815,0.091994266,0.076719295
0.141804,0.020762976,8.349066296957816e-05,-0.022640474,-0.757763983,0.0079,0.0119,0.0154,0.018,0.0208,0.0237,0.0264,0.0291,0.033,0.0426,,0.4077551478147507,0.4398837380111217,0.5493893883436918,0.045937881,0.1370726174116134,0.060944146,0.079307485,0.099798336,0.1163341870144009,0.8911421022143216,0.9332760609686376,0.957305885,0.083558122,0.080363959,0.084646093
0.138304,0.023603049,0.000103434,0.1020326772552075,-0.593372419,0.0104,0.0143,0.0178,0.0207,0.0235,0.0265,0.0294,0.0327,0.0371,0.0509,,0.3635671454668045,0.4952032625675201,0.6986959962118416,0.044048815,0.1434971213340759,0.080288495,0.095421705,0.110568422,0.1257235759288072,0.826057527,0.8156394930005074,0.9819232868254184,0.070509215,0.08931663,0.079827268
0.141601,0.020254891,7.136521461590468e-05,0.009838185,-0.676626408,0.0084,0.0122,0.0153,0.0178,0.0202,0.023,0.0255,0.0279,0.0313,0.0429,,0.4178216645121574,0.4336186751723289,0.6672583499461412,0.04374757,0.1355431509017944,0.058749576,0.074227328,0.089244971,0.1165122462652623,0.8666992287218571,0.8597855486214161,0.849641807,0.07356332,0.083321062,0.074772491
0.193187,0.022105741,9.855301321112426e-05,0.1559960294284192,-0.427435944,0.0093,0.0131,0.0165,0.0192,0.0219,0.0246,0.0276,0.0306,0.0345,0.0502,,0.3583550414443016,0.4395440310239792,0.528558203,0.037425903,0.1201304900646209,0.052425903,0.07513049,0.09013049,0.1051304900646209,0.8129146379739046,0.8207312548816205,0.894522878,0.06361788,0.095915734,0.097404237
0.196444,0.025052699,7.00942388106478e-05,-0.205057378,-0.558396116,0.0134,0.0177,0.0203,0.023,0.0257,0.028,0.0303,0.0327,0.0361,0.0443,,0.3756606851518154,0.422223037,0.7632121569648385,0.043636232,0.1318593291938305,0.058636299,0.073640528,0.1006584482241422,0.1156584482241422,0.8294315307021142,0.9814935980260372,0.8454029621005059,0.08575199,0.092646019,0.082869426
0.18734,0.025936994,8.630287096848217e-05,-0.053714915,-0.591205977,0.0135,0.0174,0.0205,0.0231,0.0258,0.0285,0.0313,0.0346,0.0384,0.0498,,0.3659285855293274,0.4354197680950165,0.7506582248657941,0.036960672,0.1468300831317901,0.064916235,0.081616041,0.09812893,0.1146756516471505,0.8050160445094109,0.9828129672527314,0.8658999934703112,0.077166825,0.084749199,0.074280677
0.189401,0.026777478,8.601789747298283e-05,-0.110691147,-0.603655459,0.0138,0.018,0.0215,0.0243,0.0273,0.0299,0.0322,0.0352,0.0392,0.0478,,0.399134496,0.4029050469398498,0.751318307,0.043369892,0.131738764,0.059694469,0.074694469,0.101738764,0.116738764,0.9880814629763364,0.9407433543622494,0.9867989002108576,0.084663737,0.089175811,0.093783781
0.185597,0.024903868,7.719553009773312e-05,-0.123310209,-0.66574065,0.0125,0.0172,0.0198,0.0226,0.0254,0.0279,0.0303,0.0328,0.0365,0.0443,,0.3853539276821539,0.4237849086523056,0.727980814,0.04695609,0.1284644821286201,0.068289527,0.083289527,0.098289527,0.1133638607136905,0.8193941229462623,0.8329672485411167,0.9901922589123248,0.081990445,0.087094856,0.089221404
0.189578,0.024144853,6.155931228459189e-05,-0.282488937,-0.210143288,0.0134,0.017,0.0205,0.0226,0.0246,0.0267,0.0287,0.0308,0.034,0.0459,,0.3604360699653625,0.4474097602069378,0.8499171985566616,0.03682343,0.1273858466744423,0.05182343,0.074169936,0.092530483,0.1075304828964173,0.995740417,0.8231218691527844,0.8033736076116562,0.053226958,0.057173298,0.071637549
0.189251,0.022390251,9.139256902618192e-05,-0.085303805,-0.738064779,0.009,0.0129,0.0175,0.0201,0.0226,0.0253,0.0282,0.0313,0.0344,0.045,,0.356877327,0.4481482803821563,0.534839032,0.035370486,0.1265584504604339,0.06655845,0.08155845,0.09655845,0.1115584504604339,0.8042796398818494,0.8172825490653515,0.9835716126263142,0.055827005,0.069152593,0.087764142
0.18942,0.024435259,6.648529465048768e-05,-0.233830722,-0.555146411,0.0127,0.0176,0.02,0.0224,0.0247,0.0271,0.0298,0.0322,0.0348,0.0449,,0.3933343060314655,0.410888022,0.746563153,0.045167403,0.1227262997627258,0.060813849,0.075827122,0.092713888,0.1077138883583247,0.9698829452127218,0.8090967613995076,0.989770626,0.077595152,0.083037987,0.090123008
0.19632,0.025042275,7.795944994618424e-05,-0.016281575,-0.447208425,0.0129,0.0167,0.0198,0.0225,0.0254,0.028,0.0303,0.0328,0.036,0.0476,,0.3696719799935817,0.4294167131185532,0.7706941497758031,0.041668406,0.1255670285224914,0.056668406,0.071668406,0.095567029,0.1105670285224914,0.9210703174106776,0.8216330049693584,0.990727956,0.088864108,0.080769316,0.087457387
0.185478,0.024517501,7.867966855115153e-05,-0.060752182,-0.694666875,0.0122,0.0167,0.0192,0.0219,0.0247,0.0275,0.03,0.0328,0.0362,0.0443,,0.3530855700373649,0.4570750020444393,0.7643955694824457,0.037699263,0.1395237421989441,0.058402156,0.073701812,0.109523742,0.124523742,0.8183919489890337,0.8101252590596676,0.9895787246823312,0.070706842,0.084885962,0.080886812
0.161237,0.020277807,7.745055493206478e-05,-0.014119803,-0.621398743,0.0082,0.0118,0.0151,0.0178,0.021,0.0232,0.0257,0.0281,0.0313,0.0462,,0.3749889731407165,0.45717228,0.5860016591459513,0.035999739,0.1364031571149826,0.060971888,0.075971888,0.090971888,0.1059718878984451,0.8940135407371447,0.985242679,0.8297723712027073,0.052695528,0.079877896,0.070248917
0.157562,0.020939966,7.206097217505892e-05,0.2919967584107441,-0.167274317,0.01,0.0129,0.0155,0.0181,0.0206,0.0231,0.0255,0.0285,0.0317,0.0478,,0.374756434,0.4623508952558041,0.7687654931411146,0.036014824,0.1374113410711288,0.051014824,0.066014824,0.098245115,0.1134699402749072,0.8234747256100178,0.8117053105175496,0.9227016402736308,0.078411377,0.08785162,0.094808485
0.156716,0.022268934,9.495865154201237e-05,-0.040699928,-0.772060225,0.0089,0.0126,0.0165,0.0201,0.0227,0.0252,0.0281,0.0314,0.0352,0.0464,,0.3772255188226699,0.4605108514428139,0.5086982406824827,0.047212349,0.1435199284553527,0.062212349,0.077212349,0.1059295810289681,0.1284918244510889,0.8953739698711782,0.9849757622003557,0.8412926989793778,0.055009769,0.094199376,0.097025838
0.154626,0.02131548,6.258120135787775e-05,-0.064111498,-0.722200446,0.0111,0.0138,0.0163,0.0194,0.0217,0.0236,0.0262,0.0289,0.0317,0.0414,,0.3850274974480271,0.4492799554020166,0.7692593673884869,0.040066214,0.1390284013748169,0.055066214,0.070116599,0.089141533,0.1136037261366378,0.9793270232826472,0.9871228432118891,0.8230854155600071,0.053034937,0.086838725,0.085782116
0.15214,0.023702143,0.000125965,0.1597782323340004,-0.699996424,0.0097,0.0137,0.0174,0.0205,0.0238,0.027,0.0304,0.0341,0.0393,0.0521,,0.3551719599962235,0.4807088732719421,0.5293334875971079,0.03976693,0.1347977092862129,0.054767535,0.089689232,0.1046892321884632,0.1197741231724619,0.8263637420624494,0.9155870843738316,0.9284088730871678,0.05600244,0.074559021,0.078637622
0.150692,0.019774725,5.3843864917632055e-05,-0.055788631,-0.73983089,0.0098,0.0129,0.0152,0.0174,0.0199,0.0219,0.0243,0.0267,0.0297,0.0363,,0.3775468848645687,0.4646413043141365,0.7701499841317534,0.039468907,0.1152896738052368,0.055289674,0.070289674,0.085289674,0.1002896738052368,0.8277593959391117,0.8706609172731639,0.9853455248713494,0.058710737,0.059015386,0.064543105
0.156658,0.022028624,7.34860976629257e-05,0.074538367,-0.611562218,0.0101,0.0142,0.017,0.0193,0.0218,0.0246,0.0271,0.0296,0.0334,0.0432,,0.3827602314576506,0.4514730387367308,0.7532098917245865,0.043880517,0.1188805172219872,0.058880517,0.073880517,0.088880517,0.1038805172219872,0.9328910519048572,0.8052872900485992,0.9650145973682404,0.094201813,0.096412105,0.09693874
0.152132,0.022162464,6.196615887529882e-05,-0.082990824,-0.533586994,0.0111,0.0152,0.0177,0.0199,0.0223,0.0248,0.0271,0.0292,0.0323,0.0433,,0.414129672,0.4207653015851975,0.7877295177429914,0.039741703,0.1414818751811981,0.054741703,0.069741703,0.084837718,0.1261214149445295,0.9495215449213982,0.9348996666461228,0.907483585,0.051869862,0.092860699,0.094364653
0.15706,0.02004346,7.808417910641342e-05,-0.005588652,-0.717326683,0.0074,0.0122,0.0147,0.0174,0.0206,0.0226,0.0253,0.028,0.0315,0.0412,,0.3836818454042077,0.4499101518886164,0.5362032454758883,0.040729248,0.1386903417110443,0.055729248,0.070729248,0.085729248,0.1156795999340713,0.8097795952945948,0.8941752405952662,0.895756037,0.058516213,0.09048588,0.076675492
0.154462,0.021275598,8.359322318257513e-05,-0.074514985,-0.728404335,0.0084,0.0128,0.0162,0.0187,0.0214,0.0244,0.0269,0.0296,0.0333,0.0434,,0.3767824836075306,0.4590766295790672,0.5158768232524396,0.045454922,0.1330799120664596,0.060454922,0.075454922,0.090454922,0.1116437960885465,0.8998937365147169,0.9107864568017424,0.9740660627365112,0.086243858,0.080297865,0.092580895
0.111776,0.018646964,6.878912223939751e-05,-0.033503043,-0.822639132,0.0067,0.0106,0.0134,0.0161,0.0189,0.0212,0.0236,0.0264,0.0301,0.0368,,0.401985558,0.4826300621032715,0.5821705737948417,0.04065378,0.1306174239143729,0.058985278,0.083137553,0.098240641,0.1144323770124465,0.8554049705147744,0.9598346732199192,0.938707792,0.072305499,0.08076828,0.067228292
0.10131,0.018222764,7.425510109813682e-05,0.1242439746736314,-0.803904477,0.0063,0.0102,0.0124,0.0156,0.0178,0.0208,0.0231,0.0263,0.0302,0.0376,,0.4021095538139343,0.4830527096986771,0.5171413118004798,0.039211098,0.1438360726833343,0.067560236,0.083258563,0.1005264600306749,0.1262575934708118,0.9835436829715968,0.8638020163953304,0.8853195394754411,0.057166501,0.089563902,0.072630143
0.10427,0.016590971,5.832876274601337e-05,0.07362045,-0.732498229,0.0057,0.0094,0.0117,0.0143,0.0166,0.0188,0.0209,0.0237,0.0269,0.0362,,0.4121000841259956,0.4668609887361526,0.5234351410478353,0.038971771,0.1470037972927093,0.059561159,0.077212942,0.093824913,0.1153162557486444,0.9554286050200462,0.8568091332226991,0.8820229131802917,0.053900446,0.082043537,0.073413317
0.110211,0.019601489,8.066855258979493e-05,0.1403103816687056,-0.465924403,0.0077,0.0111,0.0139,0.0169,0.0194,0.0221,0.0249,0.0278,0.0313,0.047,,0.4062814450263977,0.4754983961582184,0.526450105,0.042120214,0.1381984716653823,0.057120214,0.093156668,0.1081857735618949,0.1231857735618949,0.9303668151915072,0.8528298394173384,0.9332370112121106,0.076461931,0.086096076,0.088486271
0.129043,0.01862264,4.851130592572811e-05,-0.025304164,-0.692107941,0.0093,0.0124,0.0141,0.0169,0.0185,0.0209,0.0229,0.0252,0.0278,0.0348,,0.4047668701410293,0.4602789670228958,0.8044952219679952,0.036304233,0.1411830902099609,0.055463796,0.08700492,0.1027854034937918,0.1185526334047317,0.8136144279032946,0.8163952565133572,0.9899539953887464,0.057728429,0.054858561,0.096306398
0.111051,0.018754802,4.83342456106028e-05,0.014350257,-0.641791091,0.0095,0.0126,0.0144,0.017,0.0185,0.0205,0.0227,0.0251,0.0281,0.035,,0.4108677878975868,0.4735324203968048,0.8497698290169239,0.040388357,0.1354635268449783,0.055650057,0.071320404,0.089731404,0.1052391846090555,0.8781802451238037,0.8693566278278828,0.9854641207277774,0.063227165,0.054708976,0.058678303
0.10192,0.018404057,6.45157501467341e-05,0.064285006,-0.839398177,0.0071,0.0106,0.0135,0.0156,0.0181,0.0206,0.0231,0.026,0.0297,0.0366,,0.4142866224050522,0.4742679357528686,0.7489997948616743,0.043310826,0.146830313,0.072959913,0.094670549,0.1102119514673948,0.1258609764397144,0.8111853113621473,0.8082278265833855,0.9759270596027374,0.062685434,0.076438678,0.073369205
0.10008,0.0171577,4.678531925526655e-05,0.1821130433018278,-0.561594841,0.0085,0.0106,0.0132,0.0149,0.0174,0.0188,0.0207,0.0234,0.0265,0.0355,,0.4081222268939018,0.47974011,0.8382023521095514,0.035794554,0.1369770950078964,0.058128062,0.075095342,0.090258743,0.1054965625554323,0.8838178020395339,0.9880886101722716,0.8521736678421498,0.052683994,0.060250325,0.095682051
0.120189,0.017726985,4.28808279631087e-05,-0.044938348,-0.66720846,0.0089,0.0115,0.0136,0.0156,0.0179,0.0196,0.0218,0.0238,0.0263,0.0326,,0.4137001729011536,0.4625527426600456,0.8292367262408137,0.035859715,0.1279795975983143,0.051110318,0.082979598,0.097979598,0.1129795975983142,0.8484886589676142,0.9927495220065116,0.8280081409811975,0.057487295,0.094676461,0.073252721
0.13741,0.016474008,5.367351216036585e-05,-0.046398689,-0.85569372,0.0067,0.0098,0.0119,0.0145,0.0164,0.0187,0.021,0.0234,0.0262,0.0326,,0.4030158349871635,0.453309503,0.5281078517496586,0.036619966,0.1268630087375641,0.052484344,0.081863009,0.096863009,0.111863009,0.8066135498672724,0.9925169212162496,0.8176189188778401,0.065112223,0.060467762,0.09736262
0.132176,0.022709615,0.000113105,0.2164225522842583,-0.283576639,0.008,0.0123,0.0161,0.0194,0.0226,0.0259,0.0289,0.0322,0.0367,0.0577,,0.4013239227235317,0.4551412675529718,0.5332187710583209,0.045377048,0.1356948620080948,0.060384734,0.088249324,0.1042308120153844,0.1192478143945336,0.9532814383357764,0.9781552708506585,0.9733061429798604,0.05732952,0.09638514,0.094194106
0.135474,0.023202077,0.000115979,0.1489814466938986,-0.678572205,0.0091,0.013,0.0165,0.0196,0.0229,0.0257,0.0293,0.0333,0.0381,0.048,,0.3945067200064659,0.4607125721871853,0.5305519265145063,0.042824311,0.141817558,0.061102434,0.09680337,0.1118077194780111,0.126817558,0.8152140481680632,0.8391473448932171,0.8478691568911076,0.088378247,0.091532645,0.095788011
0.135866,0.021153159,8.840476254779717e-05,0.044290773,-0.702630236,0.0085,0.0121,0.0157,0.0182,0.0213,0.024,0.0267,0.0298,0.0338,0.0467,,0.4096858412027359,0.4470313917845487,0.5322403638303279,0.048709497,0.1387239521741867,0.06497191,0.079979529,0.095019147,0.1100191466588526,0.8571211936399341,0.8613470398902894,0.8476544434309006,0.057841275,0.089112072,0.075046015
0.132388,0.022369684,9.90117257850351e-05,-0.049963214,-0.849720032,0.0084,0.0124,0.0167,0.0194,0.0224,0.0256,0.0286,0.0317,0.0358,0.0437,,0.4167777842283249,0.4404021754860878,0.5256044860750437,0.038435198,0.1349675971269607,0.074432469,0.089794622,0.1048768959082663,0.1199332265034317,0.9585995594143868,0.9708464387178422,0.8972858733724803,0.058608162,0.085627271,0.088022194
0.136516,0.024228836,0.000127653,0.1385257269328525,-0.739448036,0.0097,0.0136,0.0172,0.0206,0.0235,0.0269,0.0304,0.0345,0.0401,0.0495,,0.3787052464485168,0.4739154145121574,0.5081381935447454,0.049246929,0.1430672180652618,0.064246929,0.079246929,0.1064628540232777,0.1214628540232777,0.8443019475519657,0.8513184910267592,0.840835089,0.055763032,0.070569313,0.098966431
0.136646,0.025764095,9.313954448897244e-05,0.1095613930482203,-0.466706279,0.0137,0.0177,0.0205,0.0232,0.0257,0.0285,0.0314,0.0345,0.0387,0.052,,0.369702773,0.4851857841014862,0.830345281,0.043787604,0.1320716221630573,0.065522285,0.081771585,0.1020716221630573,0.1170716221630573,0.8611120289310813,0.9910626943826676,0.981490001,0.065089778,0.083382522,0.089421207
0.135379,0.025195612,7.788005567293293e-05,-0.078057394,-0.589852737,0.0131,0.0178,0.0203,0.0225,0.0249,0.0276,0.0305,0.0335,0.037,0.045,,0.3878655667230486,0.473759826,0.8479229252189397,0.037464224,0.1377392029762268,0.067546197,0.082577644,0.097577644,0.112577644,0.8133508449703455,0.906996948,0.9032599546782673,0.079899332,0.081322832,0.081542701
0.135249,0.022592567,9.8200947476935e-05,-0.068795184,-0.82564546,0.0086,0.0127,0.0169,0.0197,0.0227,0.0258,0.0289,0.0318,0.036,0.0437,,0.4117005881667137,0.4375129826366901,0.5250834658652543,0.03705698,0.1388348346948623,0.078689348,0.093834835,0.1088348346948623,0.1238348346948623,0.8807917038746178,0.9564114943623544,0.9805578773736954,0.083344574,0.081405207,0.074263407
0.128348,0.024615781,8.674691211099985e-05,0.009086704,-0.66984077,0.0119,0.0161,0.0187,0.0218,0.025,0.0276,0.0302,0.0331,0.0369,0.0474,,0.4172322797775268,0.4433811537921429,0.7918433271870017,0.036362197,0.1373245304822921,0.076601992,0.091817264,0.1069623736754059,0.1221290307313203,0.9158418266825378,0.9747034448742866,0.977130858,0.073645364,0.087408927,0.086396511
0.137849,0.020946261,9.27820305374281e-05,0.091130225,-0.734943967,0.0079,0.0114,0.0154,0.0184,0.0208,0.0233,0.0265,0.0302,0.0341,0.0447,,0.3891559101641178,0.4657663688063622,0.5152610099583864,0.041448781,0.1449721920490265,0.056922001,0.072456963,0.088224532,0.1284897116303444,0.9145030429504812,0.9074067227497696,0.9118799097940328,0.053478105,0.088672043,0.080839029
0.1244,0.01739897,6.0338368341138946e-05,-0.011307638,-0.767426869,0.0062,0.0101,0.0124,0.0153,0.0175,0.0202,0.0219,0.0246,0.0276,0.0372,,0.3736383226513862,0.4973448902368546,0.5982090061247349,0.040312062,0.1375843858718872,0.055312062,0.070312062,0.085312062,0.1095167665079236,0.8592926013275981,0.9865821325659752,0.8175965835332871,0.067172118,0.069653433,0.084892133
0.125059,0.01865529,6.972897256114075e-05,-0.03200637,-0.846322601,0.0068,0.0107,0.0133,0.0164,0.0183,0.0214,0.0236,0.0268,0.0297,0.0379,,0.3790348658710718,0.4906415402889251,0.5202434700965881,0.044112046,0.1352009499073028,0.059112046,0.074112046,0.089112046,0.1041120459511876,0.8939187445031479,0.8659324486136437,0.9807881261348724,0.069854009,0.064281882,0.077488456
0.123066,0.016376221,5.365808059510805e-05,0.031440956,-0.742777925,0.0059,0.0096,0.0116,0.0142,0.0162,0.0184,0.0209,0.0232,0.0262,0.0367,,0.3887542784959077,0.4811157613992691,0.5383375037938356,0.03957915,0.1337765195965767,0.05457915,0.06957915,0.08457915,0.09957915,0.8459160445034504,0.8768675677359105,0.9804322075664996,0.067958099,0.058869378,0.071527166
0.112116,0.018463933,6.383374529894526e-05,-0.035096384,-0.808618261,0.0069,0.0106,0.0137,0.016,0.0187,0.0209,0.0233,0.0259,0.0292,0.0366,,0.4159795850515366,0.4580575942993164,0.7202132984379306,0.046977802,0.1479343950748443,0.061977802,0.076977802,0.09726994,0.112425311,0.8266023512214422,0.992042175,0.9806098482847214,0.090895701,0.095121732,0.092771504
0.117642,0.017147031,5.439815217219123e-05,0.060709512,-0.716189512,0.0067,0.0106,0.0125,0.0146,0.0175,0.0192,0.0214,0.0242,0.0272,0.0394,,0.381697147,0.4956197291612625,0.7479989826656878,0.041891274,0.1418025839328766,0.056894038,0.071900632,0.088171928,0.1041080634027719,0.8129414943128824,0.821657877,0.9767078439414502,0.060493399,0.066714529,0.077107885
0.125028,0.01831233,6.146405133612233e-05,-0.094563776,-0.841550646,0.0078,0.0106,0.0135,0.0164,0.0185,0.0208,0.0233,0.0256,0.0284,0.0349,,0.3898439474403858,0.479890776,0.6908955643750727,0.047245788,0.1302583283558488,0.062245788,0.077245788,0.092245788,0.1072457875311374,0.8621048317655922,0.817737777,0.993452302,0.054022535,0.05699987,0.096238912
0.114451,0.0177058,6.18216241618093e-05,0.002213731,-0.839168725,0.0075,0.01,0.0128,0.0155,0.0177,0.0204,0.0224,0.025,0.0283,0.0344,,0.4102754074335098,0.4653325349092483,0.6873645755946636,0.043034686,0.1436900305747986,0.058034686,0.0760307,0.1061172160089015,0.1218747958153486,0.8365194654554129,0.9943530997097492,0.9746504377603532,0.053145185,0.072607353,0.087747463
0.122298,0.01799126,7.004739615081453e-05,0.103049577,-0.703912888,0.0065,0.0097,0.0132,0.0154,0.0176,0.0204,0.023,0.0255,0.0296,0.0419,,0.3750384370982647,0.4960465252399444,0.6690667763024568,0.040559029,0.1378740441799164,0.055559029,0.070578735,0.086350727,0.1210700201436877,0.8082781245827675,0.9809726206064224,0.9338407264649868,0.059623308,0.055874092,0.094098315
0.123676,0.01838949,6.215837410756399e-05,0.012561962,-0.852300953,0.0071,0.0106,0.0134,0.016,0.0184,0.0206,0.0232,0.0257,0.0292,0.0359,,0.4107545927166939,0.4596428923308849,0.7208511091922409,0.042353874,0.1385507905483246,0.057353874,0.072353874,0.094994962,0.1099949619926512,0.8436281084239483,0.99096538,0.9863304176986216,0.052506086,0.053622092,0.097553953
0.120369,0.01596955,4.460271111957582e-05,0.012488258,-0.761682995,0.007,0.0101,0.0117,0.014,0.0162,0.018,0.0203,0.022,0.025,0.0318,,0.3803765552490949,0.4954288154840469,0.7567429377280176,0.037656427,0.1296713219583034,0.052656427,0.067656427,0.082656427,0.097656427,0.9973752396762372,0.8051387430369854,0.8195906159281731,0.065626209,0.074433304,0.066397381
0.13521,0.017584855,6.178650955758008e-05,0.01068485,-0.806072152,0.0075,0.0099,0.0131,0.0153,0.0179,0.0198,0.0226,0.0249,0.0281,0.0354,,0.3995814533531666,0.4596938133239746,0.5283931423455477,0.042912863,0.1260140514373779,0.057924321,0.072948021,0.087948021,0.1029515249162912,0.974206238,0.9393493603140116,0.8060035274446011,0.056409909,0.055721241,0.095890109
0.122291,0.01837257,6.169366342599202e-05,-0.044966805,-0.871872124,0.008,0.0105,0.0136,0.0164,0.0186,0.021,0.0234,0.0257,0.0289,0.0355,,0.4173034137487411,0.4504771952051669,0.6940479102015495,0.044864395,0.1398884516954422,0.067891624,0.085826852,0.1009484767768532,0.1159857635177671,0.8532212933883071,0.9842057971954346,0.81143893,0.080209907,0.083493848,0.079228395
0.120467,0.01739394,6.672004595191049e-05,0.1669945067551766,-0.652077803,0.0061,0.0102,0.0122,0.0149,0.0175,0.0193,0.0218,0.0248,0.0285,0.0391,,0.3985739140212536,0.4689365446567535,0.5200291838496923,0.037242087,0.1311408371478319,0.052242087,0.067242087,0.098445362,0.114625739,0.8549157240360975,0.8802559216767549,0.8107056563556194,0.05616837,0.071536782,0.063144371
0.124682,0.019599425,7.055444107822658e-05,-0.030009791,-0.820504709,0.0078,0.0115,0.0147,0.0173,0.0195,0.0226,0.0247,0.0273,0.0309,0.0385,,0.3818567619100213,0.485778534,0.7105088974803686,0.047439973,0.1352114474773407,0.062468004,0.077655039,0.092778912,0.1122151886366307,0.870940109,0.8624276424378157,0.9774451484918596,0.052542628,0.095168381,0.088402118
0.125976,0.019284314,6.870893406279768e-05,-0.010828555,-0.836195801,0.0075,0.0115,0.0137,0.0174,0.0194,0.0219,0.0246,0.0272,0.0301,0.0395,,0.3717921835184097,0.4944031417369842,0.7300311712439171,0.044174187,0.1268577337265014,0.059174187,0.074180627,0.089289952,0.1058658472418785,0.9213908613398673,0.9893501135289668,0.8410765385746957,0.070412504,0.080652708,0.085425096
0.130269,0.020635701,8.34716506983388e-05,0.1557323347178054,-0.575389676,0.0084,0.0116,0.0155,0.0183,0.0204,0.0228,0.0256,0.0291,0.0329,0.0448,,0.3683275108039379,0.4966813534498214,0.7281389620508999,0.044064155,0.121849017,0.059084044,0.075430371,0.091527459,0.1066176858752965,0.8188002630442381,0.9674216164171696,0.9372551819741726,0.072361895,0.07005587,0.096212654
0.129533,0.018245019,6.19571523849199e-05,-0.124242643,-0.861026363,0.0066,0.0105,0.0135,0.0162,0.0186,0.0207,0.0233,0.0256,0.0286,0.0359,,0.3980440537631511,0.4652900800108909,0.5254054782271385,0.04451648,0.1204380369186401,0.0595318,0.074830848,0.089908044,0.1054380369186401,0.9141757819578052,0.9681009121894836,0.815455284,0.053958787,0.085595106,0.08616034
0.119879,0.018974238,7.098307320856907e-05,0.061993565,-0.780631385,0.007,0.0111,0.0138,0.0168,0.0188,0.0215,0.0239,0.0266,0.0307,0.0388,,0.4131402218341827,0.4551856182515621,0.6940335531972348,0.038337095,0.1362262779474258,0.069930211,0.085000855,0.100052564,0.11513374,0.8764274847477674,0.8320632416963577,0.977913107,0.083836131,0.077001262,0.088826309
0.128081,0.017778934,6.20286139278022e-05,0.001435806,-0.792241184,0.0065,0.0103,0.0126,0.0154,0.0177,0.0203,0.0224,0.0253,0.0282,0.0368,,0.388137559,0.4766200006008148,0.6576392240658402,0.040095996,0.146651669,0.056108698,0.072100659,0.099998787,0.1206738555267453,0.8519829498618842,0.830723044,0.955827965,0.081002384,0.066778221,0.081598666
0.125555,0.018781695,6.0248045558430594e-05,0.068848512,-0.687617603,0.008,0.0118,0.0139,0.0167,0.0189,0.0209,0.0231,0.026,0.0292,0.0404,,0.3800901381671429,0.4871558904647827,0.7456092852640896,0.04365077,0.1259345051646232,0.05865077,0.080838686,0.095863817,0.1108638165604323,0.9451667698964475,0.8050075712680816,0.8178882172763348,0.081889561,0.078190283,0.080640102
0.178766,0.022218238,9.769563102719171e-05,0.1049950314985349,-0.511039139,0.0093,0.0131,0.0165,0.0193,0.022,0.0246,0.0277,0.0308,0.0352,0.0494,,0.355964635,0.4624593488872051,0.549708707,0.036858444,0.1394252389669418,0.060219398,0.0755997,0.090999339,0.1059993389844894,0.8567031808003783,0.8093566933631897,0.938800334,0.081283548,0.073336345,0.067121734
0.179668,0.021147964,7.744278632624338e-05,-0.090031113,-0.719671604,0.0086,0.0128,0.0161,0.0187,0.0214,0.0241,0.0265,0.0291,0.0324,0.0428,,0.4020353573560715,0.4144365221261978,0.5486119322687387,0.037541735,0.1430605995655059,0.053384112,0.083323762,0.099165267,0.1152275940012186,0.8450834324628115,0.8780462394759059,0.8924065551690757,0.082103305,0.07714722,0.062622666
0.178572,0.023107342,9.321334564929508e-05,0.2313494298675181,-0.45974618,0.0104,0.0138,0.0172,0.0199,0.0229,0.0258,0.0284,0.0314,0.0358,0.0475,,0.3573940548300743,0.4588811308145523,0.6963503682799637,0.038524401,0.1399640125036239,0.055509522,0.084332617,0.099662038,0.1157048210904002,0.8369522171109915,0.978180643,0.8189452370107174,0.057544545,0.082394782,0.076039121
0.17652,0.021740805,8.317414685589393e-05,-0.010392211,-0.699401495,0.0089,0.0127,0.0166,0.0191,0.0218,0.0245,0.0274,0.03,0.0337,0.0437,,0.4076020047068596,0.4072780907154083,0.5807268857091665,0.038033824,0.1364765149354934,0.060611339,0.078253454,0.093458729,0.1200865860402584,0.9384446425482632,0.968415697,0.8939882292293012,0.060261467,0.076037572,0.069972558
0.177209,0.023635747,8.159372082273982e-05,0.004989105,-0.701183503,0.0111,0.0154,0.0187,0.0211,0.0234,0.0261,0.0289,0.032,0.0357,0.045,,0.3896434260159731,0.4260347381234169,0.724755947,0.042202302,0.1336136478185653,0.057202302,0.072202302,0.087202302,0.1185930283918976,0.8657078646197915,0.9645377250790595,0.9802143501281738,0.051598798,0.065004384,0.095068336
0.17321,0.023085029,9.169804929202793e-05,0.056072475,-0.709772465,0.01,0.0134,0.0172,0.0204,0.0234,0.0259,0.0287,0.0318,0.0358,0.0467,,0.3562296715378761,0.4632530614733696,0.6702869273386896,0.037223005,0.1363974803686142,0.065582245,0.081193333,0.096654073,0.1116540728040039,0.8342169633269311,0.9783978930711746,0.8296830953240395,0.066832041,0.089197964,0.085666044
0.172105,0.022728917,8.452536448367356e-05,0.1929083036175911,-0.431974248,0.0112,0.0145,0.0175,0.0201,0.0227,0.0252,0.0279,0.0309,0.0348,0.0514,,0.3524128910899162,0.4690240785479546,0.7412650048568845,0.038141024,0.1262194192409515,0.053142253,0.080989584,0.096082185,0.1112078274212777,0.8357948506891728,0.9835419712245465,0.8349189740657806,0.059180933,0.071517919,0.096137094
0.175762,0.024381598,9.88644006633582e-05,0.073960286,-0.601077645,0.0116,0.0156,0.019,0.0219,0.0246,0.0273,0.0304,0.0337,0.0376,0.052,,0.3535879117250443,0.4642554610967636,0.6696086099803448,0.0407853,0.1329215228557586,0.063084885,0.083639963,0.098667887,0.1137648063964908,0.8425289227932692,0.9060229622609912,0.974930329,0.05685312,0.088975723,0.089929289
0.170376,0.021199737,8.382585529767679e-05,-0.005714516,-0.645146602,0.0084,0.0128,0.0161,0.0187,0.0213,0.0241,0.0267,0.0294,0.033,0.0434,,0.366470619,0.4516971843317151,0.5134436578005552,0.042160845,0.1417626905441284,0.058162735,0.089452894,0.1044910766102373,0.1195108722373843,0.8391120732367039,0.9617890545725822,0.8245738748371602,0.078176864,0.087719548,0.062155205
0.175243,0.021868025,9.669257674055365e-05,0.085070029,-0.689335388,0.0085,0.0121,0.0163,0.0191,0.0217,0.0246,0.0276,0.031,0.0349,0.0445,,0.3936707941442728,0.4217962145805359,0.5511994095504283,0.041466318,0.1284366792440414,0.059013421,0.075419798,0.090446615,0.1054669214993715,0.9141659744493664,0.8743747682213784,0.950043319,0.054009659,0.060653788,0.093415952
0.144759,0.019605719,7.127960938345915e-05,-0.082520588,-0.778920663,0.0076,0.0116,0.015,0.0175,0.0197,0.0225,0.0246,0.0275,0.0309,0.0385,,0.4132293114066124,0.4366834938526153,0.5976177320837974,0.03739549,0.1291376273334026,0.069137627,0.084137627,0.099137627,0.1141376273334026,0.8425845001637936,0.9601652017831802,0.8043985027968884,0.084507659,0.091693495,0.098775452
0.145689,0.020667401,5.3785508030433125e-05,-0.065733974,-0.563502905,0.0108,0.014,0.0165,0.0184,0.021,0.0228,0.0249,0.0274,0.0302,0.0376,,0.3990799826383591,0.4497296772897243,0.8176608127087355,0.036297398,0.1160599780082702,0.056059978,0.071059978,0.086059978,0.1010599780082702,0.9785478320032358,0.991588965,0.8158575110912324,0.067787184,0.077321409,0.093521192
0.146189,0.025741062,7.701074575872728e-05,-0.096528513,-0.370213001,0.0138,0.0177,0.0208,0.0236,0.0261,0.0284,0.0308,0.0333,0.0369,0.0471,,0.3541976344585418,0.4913577765226364,0.8631800282657146,0.04482853,0.1279742302000522,0.059833401,0.074862098,0.095717607,0.1113493885099887,0.8556829437509179,0.9526739534199238,0.9845705580830574,0.071260027,0.093254899,0.095126187
0.143719,0.024085121,6.779421446807884e-05,-0.132795578,-0.354556958,0.013,0.0174,0.0197,0.0218,0.0239,0.0263,0.0292,0.0318,0.0347,0.0448,,0.3624822616577148,0.4878242671489715,0.8915268862456083,0.038176277,0.1270155674219131,0.05536806,0.070388732,0.08758187,0.1026407266527414,0.9273992850542068,0.9812379413962364,0.8252674078285694,0.082408112,0.085029517,0.083166413
0.160948,0.025457079,7.418457264422443e-05,-0.217736307,-0.520538412,0.0138,0.0179,0.0206,0.0232,0.0259,0.0286,0.031,0.0333,0.0365,0.0442,,0.4069186821579933,0.4197510033845901,0.8112844734057784,0.044228462,0.1380118435621261,0.067006021,0.092946655,0.1079610050708055,0.1230091786831617,0.8338713100910187,0.8156515568256378,0.979653775,0.067340316,0.089716873,0.065337671
0.151788,0.024691739,6.646636613677798e-05,-0.326365417,-0.512000925,0.0135,0.0171,0.0205,0.0227,0.0253,0.0278,0.03,0.0323,0.035,0.041,,0.4167000621557236,0.4284765332937241,0.8422547330081462,0.040923707,0.1269722831249237,0.064376427,0.079393632,0.096912066,0.1119395049408078,0.9731061884462834,0.9809837317109108,0.8431242925047875,0.080927982,0.085347605,0.08340725
0.142356,0.024857777,7.353478806804943e-05,-0.245166136,-0.173120537,0.0132,0.0175,0.0206,0.023,0.0254,0.0275,0.0299,0.0324,0.0356,0.047,,0.379270941,0.4728076010942459,0.9276383606135844,0.03687317,0.1197391033172607,0.052661667,0.074739103,0.089739103,0.1047391033172607,0.9809723136216402,0.9794106827497482,0.8335960678637028,0.062220341,0.064062763,0.063658651
0.143094,0.023734176,6.444230017249042e-05,-0.235717018,-0.599381192,0.0128,0.0165,0.0194,0.0216,0.0241,0.0266,0.0287,0.0313,0.0342,0.0401,,0.369561324,0.4792914301156997,0.8464023090541363,0.047359388,0.1267222034931183,0.063371752,0.078521019,0.093524997,0.1086333411186933,0.8065722645014525,0.8167503831326962,0.939133167,0.066462903,0.071083626,0.068986674
0.145182,0.020955234,5.129752665739615e-05,-0.195606755,-0.533622818,0.0111,0.0146,0.0168,0.0194,0.0212,0.0233,0.0255,0.0274,0.0304,0.0369,,0.4077113863825798,0.4383294649422168,0.8251584256723523,0.040543092,0.1290951682627201,0.055543348,0.084095168,0.099095168,0.1140951682627201,0.8330721731543541,0.8064643109023572,0.9703900615930556,0.061012959,0.07741316,0.098009575
0.148439,0.02362106,6.335079978482086e-05,-0.254700564,-0.623571657,0.0126,0.0163,0.0193,0.0216,0.024,0.0265,0.0287,0.0311,0.0338,0.0402,,0.4058884328603744,0.4408510737121105,0.8056677586778999,0.04921931,0.1242193099856376,0.06421931,0.07921931,0.09421931,0.1092193099856376,0.9914499437183142,0.9070014517635108,0.8674894202947617,0.064255791,0.076812608,0.078352016
0.163935,0.022072423,6.766647840727304e-05,-0.087325237,-0.784031819,0.0111,0.0139,0.0173,0.0199,0.0222,0.0248,0.0272,0.0299,0.0332,0.0401,,0.3965590961277485,0.4277416363358498,0.7210847438897006,0.041716092,0.1436988997459411,0.066028727,0.082625738,0.097996245,0.1133173718652687,0.8222950662821531,0.8144697247326375,0.9751957155108452,0.056264186,0.070725144,0.082632601
0.165992,0.021399113,8.921938340449019e-05,0.031021087,-0.563829424,0.0086,0.0123,0.0156,0.0187,0.0216,0.0242,0.0275,0.0302,0.0334,0.0478,,0.3715520171821117,0.4508568705059588,0.5199569465070963,0.041159373,0.137467211,0.05621975,0.080563013,0.099458466,0.1191441826358437,0.9749680214226246,0.8254657346129417,0.9841266617178918,0.077338055,0.081734595,0.089555309
0.172393,0.01974757,7.214274120866987e-05,-0.115614043,-0.828844924,0.0074,0.0115,0.0149,0.0173,0.0204,0.0225,0.0252,0.0277,0.0309,0.0372,,0.3828187884762883,0.4385989002883434,0.5350464160323143,0.043341886,0.1195313215255737,0.058582747,0.073830017,0.089424467,0.1044772622704506,0.8068140847444535,0.9861733201384544,0.8306750501930714,0.075052703,0.088990323,0.097847076
0.173361,0.021345975,6.904972979095313e-05,-0.093493994,-0.767703332,0.0104,0.0134,0.0164,0.0193,0.0216,0.0241,0.0268,0.0292,0.032,0.0407,,0.4120431423187256,0.4039996594190598,0.6413361403807998,0.045528894,0.1205288936942815,0.060528894,0.075528894,0.090528894,0.1055288936942815,0.9162544256582856,0.897998501,0.977438986,0.056839349,0.068681153,0.076095957
0.171724,0.020039387,7.667422267493312e-05,0.002552829,-0.748453955,0.0075,0.0118,0.0146,0.018,0.02,0.0226,0.0253,0.028,0.0316,0.0395,,0.3907167910784483,0.4266551241278649,0.552825795,0.039263074,0.1444590306282043,0.055078455,0.076641995,0.093098475,0.1258954643905162,0.882351726,0.9775534491300584,0.8581845490992069,0.070132883,0.072619235,0.070233899
0.178012,0.021179272,8.757710118369905e-05,0.045597476,-0.654306248,0.0084,0.0121,0.016,0.0189,0.0212,0.0235,0.0265,0.0298,0.0336,0.0451,,0.3522477316856384,0.4659891575574875,0.5136025665521622,0.042110139,0.1228936582803726,0.057632351,0.072642764,0.087647756,0.1078434446603059,0.8605647327259183,0.8391511319577694,0.9752312043547632,0.059821564,0.067528413,0.071651585
0.172143,0.019858385,6.92996541026374e-05,-0.032281834,-0.80111671,0.0084,0.0118,0.0151,0.0176,0.0198,0.0227,0.0248,0.0277,0.0309,0.0385,,0.3868003380857408,0.4371912136673927,0.6295645092174411,0.03828112,0.1435783874988556,0.054433218,0.071834568,0.087684318,0.1034966382652521,0.807850038,0.8808070378184318,0.9527924896121024,0.081169253,0.084692431,0.09377543
0.162637,0.021366487,7.53207463745833e-05,-0.033528027,-0.741342782,0.01,0.0133,0.0161,0.0192,0.0217,0.0238,0.0265,0.0296,0.0329,0.0415,,0.3932455763220787,0.4306362107396126,0.6531933439806104,0.041047941,0.1396538031101226,0.059200633,0.08444265,0.100054855,0.1154412008780986,0.8404670672833919,0.8487173641979695,0.9555474183022976,0.073987675,0.074185821,0.084201677
0.175576,0.021490216,7.389497821857906e-05,-0.056772811,-0.825091173,0.0093,0.0132,0.0163,0.0187,0.0216,0.0243,0.0269,0.0295,0.033,0.0426,,0.3899270283430814,0.4307161405682564,0.6619027082115412,0.043049501,0.119951274,0.058062146,0.074679865,0.08974487,0.1047714219540357,0.8938785024417565,0.8653763932108879,0.9856896177947522,0.076717121,0.084765205,0.09322709
0.168659,0.020925376,7.158547059966401e-05,-0.046445412,-0.799146812,0.0101,0.0127,0.016,0.0188,0.0211,0.0237,0.0262,0.0288,0.0323,0.0398,,0.3594253492355346,0.4647364437580109,0.6701230162516236,0.036371837,0.1306521915644407,0.06237058,0.077402835,0.092402835,0.1074028354160487,0.8141725071549416,0.9959557306468488,0.828699495,0.057725808,0.071548288,0.09018274
0.199237,0.026644007,8.60952947192942e-05,-0.112902252,-0.672944153,0.0137,0.0179,0.0213,0.0242,0.0268,0.0294,0.0323,0.0354,0.0392,0.047,,0.3950141915678978,0.4027485936880112,0.7319276770678349,0.047912671,0.1233992791175842,0.063127306,0.078331952,0.0933826,0.1083825995892286,0.9702273950368164,0.98902788,0.870249008,0.078068539,0.096660284,0.089384536
0.201375,0.02585452,8.78892169036801e-05,-0.043482175,-0.68899121,0.013,0.0168,0.02,0.0231,0.0262,0.0291,0.0316,0.0342,0.0385,0.0478,,0.3947129778563976,0.4011647045612335,0.6797656896293163,0.04019435,0.1291138710826635,0.069113871,0.084113871,0.099113871,0.1141138710826635,0.8273283123791219,0.9540883446216584,0.9885186383783816,0.071651912,0.068361718,0.07370962
0.205886,0.026199372,0.000119988,-0.099493111,-0.697977527,0.0111,0.0161,0.0198,0.0232,0.0265,0.0297,0.033,0.036,0.0403,0.0539,,0.3679143244028091,0.4220147490501404,0.5151533374518156,0.041372925,0.1385416501760482,0.067592112,0.083334866,0.09839802,0.1141774255450814,0.953524682,0.9896657617866992,0.8670895664185286,0.057030293,0.094804079,0.094310568
0.20523,0.026530942,9.584248268701332e-05,0.028051271,-0.597329809,0.0135,0.0175,0.0207,0.0233,0.0263,0.0291,0.0321,0.0357,0.0396,0.0495,,0.3824214164912701,0.4039865344762802,0.6960716346636414,0.046699397,0.1451858949661255,0.062730731,0.07933303,0.09433303,0.1222586422562599,0.890572086,0.9578433679878712,0.8265987872898579,0.065852469,0.096337923,0.095103834
0.204761,0.025555084,0.000104168,0.098732305,-0.540888904,0.012,0.016,0.0192,0.0226,0.0257,0.0284,0.0315,0.0347,0.0384,0.0535,,0.355632954,0.4315647765994072,0.6627034169375896,0.041173619,0.1283327157795429,0.056177209,0.083332716,0.098332716,0.1133327157795429,0.9550324978500604,0.8137707552790642,0.9924649382770062,0.052294774,0.067233258,0.098545819
0.20008,0.025591936,7.915315810352939e-05,-0.182490928,-0.723637723,0.013,0.0174,0.0203,0.023,0.026,0.0286,0.0311,0.0342,0.0376,0.0437,,0.3885290339589119,0.4021426260471344,0.7160461008735001,0.042986158,0.1221566277742386,0.062156628,0.077156628,0.092156628,0.1071566277742386,0.834958795,0.9828082512855528,0.973972506,0.08341556,0.065272152,0.097028065
0.207672,0.025716431,0.000117906,0.030765196,-0.564203966,0.0116,0.0164,0.0202,0.0232,0.0262,0.0292,0.032,0.0353,0.0402,0.0521,,0.3705974768102169,0.4139445334672928,0.5197884016424418,0.043752856,0.1318912242352962,0.060650312,0.083770557,0.1010396810021251,0.116871827,0.8720344179928303,0.8450173425853252,0.912106668,0.06394405,0.095080022,0.081716829
0.209683,0.027573394,0.000102153,-0.1633685,-0.776231172,0.0132,0.0176,0.0215,0.0249,0.0287,0.0315,0.034,0.037,0.0406,0.0482,,0.363324656,0.4211964458227157,0.6689478058218956,0.046948837,0.1303778287023305,0.068040647,0.084742334,0.1002531711380928,0.1153448028486222,0.872672977,0.9796814340472222,0.8162551885962487,0.055279515,0.097304906,0.097731674
0.199537,0.026701361,9.727444796583762e-05,0.07994729,-0.493271032,0.014,0.0183,0.0215,0.0241,0.0268,0.0294,0.0321,0.0355,0.0402,0.0518,,0.3661702924966812,0.4198135226964951,0.7157746571643278,0.044038291,0.1397280728816986,0.059043833,0.094728073,0.1097280728816986,0.1247280728816986,0.8591752478241921,0.8401290103793144,0.9866738913536072,0.064123346,0.079348666,0.094505514
0.201162,0.023864253,0.000104718,0.053838011,-0.514364603,0.0106,0.0149,0.0186,0.0216,0.0243,0.0272,0.0302,0.0332,0.037,0.0521,,0.3876059675216675,0.4073268920183182,0.5178804780632258,0.04149977,0.1217659473419189,0.061765947,0.076765947,0.091765947,0.1067659473419189,0.8474485060483218,0.957925367,0.9545171759724618,0.080883565,0.080639268,0.064915173
0.173234,0.029608124,0.000102525,-0.161296978,-0.388770204,0.0169,0.0209,0.0242,0.0273,0.03,0.0327,0.0355,0.0385,0.0428,0.0515,,0.3565272897481918,0.4669015303254127,0.8896020090043545,0.044850621,0.1209576851129532,0.060758288,0.075759535,0.090859001,0.1058929188653826,0.924913782,0.959102948,0.8252598217904568,0.065112593,0.066004127,0.094937888
0.184225,0.029862894,9.84539875714676e-05,-0.139865088,-0.374606176,0.0174,0.0213,0.0246,0.0276,0.0302,0.0327,0.0353,0.0386,0.0433,0.0515,,0.3954880331456661,0.4123302519321442,0.812198718,0.04862677,0.1342452386021614,0.074245239,0.089245239,0.1042452386021614,0.1192452386021614,0.8889876606971026,0.8740101530998945,0.987134621,0.073705736,0.058420859,0.097603813
0.17076,0.024634795,0.000107697,-0.107959201,-0.737555661,0.0102,0.0146,0.0183,0.022,0.025,0.0282,0.0311,0.0342,0.0383,0.0481,,0.4124703696370125,0.4057475328445434,0.5215630278915167,0.048217026,0.1348667,0.0748667,0.0898667,0.1048667,0.1198667,0.8506445235788822,0.8825028835386038,0.8994453217027709,0.058715617,0.096351474,0.096255555
0.179125,0.030855945,0.000106756,-0.205773799,-0.482775091,0.0169,0.0215,0.0251,0.0285,0.0312,0.0339,0.037,0.0403,0.0446,0.0532,,0.402474652,0.4048076450824738,0.8345309595331549,0.047565447,0.1406507325172424,0.071482747,0.086482747,0.1106507325172424,0.1256507325172424,0.8073402378380299,0.9026791932271794,0.9105646261014044,0.077028566,0.081560888,0.088042337
0.176807,0.029081644,8.824997675062407e-05,-0.27690266,-0.253296325,0.0168,0.0208,0.0238,0.0268,0.0295,0.0319,0.0345,0.0375,0.0415,0.0495,,0.4125006565451622,0.4015240848064423,0.8643057112187147,0.04635535,0.1374193447828293,0.061362954,0.076362954,0.099837742,0.1159852511703968,0.8422561593770981,0.8501973680794239,0.8250091133534909,0.070362186,0.084270073,0.076694933
0.175295,0.030721728,9.84070988965476e-05,-0.522535621,-0.062836404,0.0174,0.0223,0.0261,0.0291,0.0317,0.0341,0.0366,0.0393,0.0428,0.0503,,0.4078255286812782,0.4109852015972137,0.9363748306006192,0.04225439,0.1249624663591384,0.059140572,0.075371093,0.090404578,0.1054045775234699,0.900264422,0.9042700042877346,0.8789462998539209,0.072250095,0.087644626,0.078967787
0.152467,0.029017548,9.43804405632056e-05,-0.286094036,-0.536989314,0.0158,0.0199,0.0234,0.0266,0.0296,0.0325,0.0352,0.0383,0.0417,0.0491,,0.3718192546069622,0.466081803,0.857662047,0.035793859,0.1413728010654449,0.081372801,0.096372801,0.1113728010654449,0.1263728010654449,0.8227342103183269,0.991495081,0.8194148449242116,0.063808404,0.070875975,0.098579526
0.182572,0.027633897,8.26605438960825e-05,-0.303740632,-0.541991761,0.0156,0.0196,0.0224,0.0252,0.028,0.031,0.0337,0.0362,0.0391,0.0451,,0.3857089101802557,0.4228307098150253,0.8238226044237613,0.047740757,0.1266794362664222,0.066679436,0.081679436,0.096679436,0.1116794362664222,0.9199479944005609,0.990130618,0.8140277217805386,0.069824535,0.063228649,0.075955116
0.164269,0.027317855,0.000143161,-0.064285604,-0.798646757,0.0115,0.0168,0.0209,0.0245,0.0281,0.0316,0.035,0.0388,0.0434,0.0525,,0.3743974094092846,0.4499789425259223,0.5355365979999304,0.049241064,0.1480556774139404,0.08700741,0.1020074098825454,0.1170074098825454,0.1320074098825455,0.8077041209757329,0.9423568731099368,0.8157914280056954,0.057214481,0.097159038,0.098572029
0.171326,0.022950346,9.754070639200932e-05,-0.116088774,-0.842018166,0.0089,0.0138,0.0172,0.0201,0.0234,0.0264,0.0289,0.0322,0.0365,0.0434,,0.4128584876656532,0.4048065215349197,0.5342531186699867,0.048163236,0.1231632357835769,0.063163236,0.078163236,0.093163236,0.1081632357835769,0.8914728751439601,0.918317952,0.9198190738126636,0.057116622,0.098326936,0.095947131
0.145043,0.019390062,6.257406819089026e-05,0.019599671,-0.757151613,0.0084,0.0118,0.0145,0.0174,0.0192,0.0216,0.0243,0.0266,0.0303,0.0391,,0.3760449562966824,0.474039988,0.7273074554983991,0.040977858,0.1256280362606048,0.055977858,0.070977858,0.0916041,0.1069245117560029,0.8732239339783788,0.9853994192063809,0.8453768218278885,0.063049586,0.071533593,0.098244269
0.143092,0.018906154,7.03910129238149e-05,-0.007968701,-0.772872876,0.0071,0.0114,0.0138,0.0165,0.0191,0.0215,0.0241,0.0271,0.03,0.0408,,0.3969050236046314,0.4543312467634678,0.5384924455225468,0.043216688,0.1182166878134012,0.058216688,0.073216688,0.088216688,0.1032166878134012,0.8262712342470885,0.9674312924861908,0.9698136001050472,0.068484971,0.076901211,0.077636808
0.145157,0.017648815,6.205434754019156e-05,0.004273648,-0.848519448,0.0064,0.01,0.0129,0.0152,0.0175,0.0201,0.0225,0.0253,0.0282,0.0365,,0.3979716378450393,0.450880185,0.6299339650288224,0.036821908,0.1367770504951477,0.051821908,0.074518107,0.089518107,0.1117809785544872,0.9590523163020612,0.857583588,0.8097425331950188,0.052263314,0.096038361,0.091189126
0.141362,0.017498976,5.7093923199534544e-05,-0.051734683,-0.822739617,0.0075,0.0101,0.013,0.0156,0.0175,0.0202,0.0219,0.0247,0.0278,0.0344,,0.3737608033418655,0.476781479,0.6411920543566346,0.041473784,0.1466511166095733,0.057253918,0.073027931,0.088027931,0.1030279307678341,0.9839097465485336,0.8150759468317033,0.8172863955557347,0.054907033,0.071499278,0.067015656
0.141124,0.017589646,5.0009613784566455e-05,-0.011126674,-0.795905693,0.0079,0.011,0.013,0.0156,0.0174,0.0196,0.022,0.0238,0.0273,0.0329,,0.4108229959011078,0.4425033010542393,0.712193938,0.04006476,0.1286288052797317,0.05617593,0.07117593,0.08617593,0.1038776735931635,0.8618155601605774,0.9902960400819778,0.8548701888024808,0.066547596,0.075829624,0.078647281
0.144575,0.019063006,6.78571347142455e-05,-0.081821575,-0.792690095,0.0073,0.0112,0.0143,0.0171,0.0192,0.022,0.0241,0.0266,0.03,0.0385,,0.4152213525772095,0.4353796064853668,0.5342957909703254,0.041061999,0.1373594725131988,0.059541328,0.074591096,0.089591096,0.1046323451787233,0.834459683,0.9080954966038466,0.9076374164909125,0.055157578,0.085219012,0.067929055
0.165528,0.018980346,7.246145962338804e-05,0.1040536670318045,-0.576796938,0.0072,0.011,0.0141,0.0164,0.0187,0.0215,0.0238,0.0262,0.0305,0.0419,,0.3695082569122314,0.4630280002951622,0.5245858055233955,0.03700799,0.131429222,0.05401594,0.070868633,0.08589119,0.116190646,0.8669503277465701,0.9868682048022748,0.8276290296196938,0.069289297,0.064799409,0.096138916
0.143918,0.018903385,6.386577168654774e-05,-0.021003319,-0.808949263,0.0076,0.0112,0.0141,0.0166,0.0191,0.0215,0.0234,0.0265,0.0295,0.0377,,0.4014559830725193,0.4434397973120212,0.6608843694135547,0.038487651,0.1374543994665145,0.062122537,0.077168628,0.092422052,0.1144802308281883,0.9140923369653524,0.8064933450639248,0.9931846234500408,0.056053127,0.072595475,0.086274199
0.144394,0.019627756,7.925163064863622e-05,0.1568529878922165,-0.639364181,0.0076,0.0108,0.0143,0.017,0.0193,0.0219,0.0245,0.0278,0.0317,0.0437,,0.3821444392949343,0.4668303519487381,0.6497994084700942,0.040664149,0.1450905728340148,0.055664149,0.070664149,0.085664149,0.1009078507781028,0.8529882544770837,0.8165703248858452,0.8338602811157704,0.069633294,0.07473534,0.076891074
0.138965,0.020619043,9.440030442821796e-05,0.1946772742561399,-0.62811114,0.0078,0.0111,0.0148,0.018,0.0203,0.0227,0.0256,0.0297,0.034,0.0448,,0.36278207,0.4845367938280105,0.5184131849080325,0.038297423,0.1341502076387405,0.053297423,0.075967846,0.1033618755534291,0.118528592,0.977263416,0.8521886226981878,0.986589903,0.055505366,0.063170883,0.096044258
0.199135,0.024522433,0.000111468,-0.013569214,-0.697166212,0.0108,0.0151,0.0189,0.0221,0.025,0.0281,0.0311,0.0344,0.0385,0.0521,,0.3689497223496437,0.4243490844964981,0.5318251666367054,0.040934479,0.1199250090122222,0.059698952,0.074877065,0.08987998,0.1048916372567415,0.9712291162252428,0.9878894975125788,0.9305190331965684,0.070484131,0.094258943,0.097039225
0.201731,0.024575596,0.000101947,-0.10606564,-0.638997229,0.0107,0.015,0.0186,0.022,0.0251,0.0281,0.0305,0.0335,0.0374,0.0495,,0.3537886860966682,0.4386866070330143,0.5368492671132088,0.048762024,0.1284287633001804,0.064652553,0.083428763,0.098428763,0.1134287633001804,0.8425693860262633,0.9553337827265262,0.8183023708939553,0.065075247,0.083389379,0.089100904
0.195529,0.023805239,0.000100823,-0.112763881,-0.767828143,0.0099,0.014,0.0178,0.0211,0.0241,0.0275,0.0302,0.0331,0.0371,0.0478,,0.3591584539413452,0.4376812443137169,0.5288755912989378,0.043508881,0.119864445,0.059024489,0.074864445,0.089864445,0.104864445,0.9715015162348748,0.8190622609972954,0.9648852298140528,0.060034613,0.083931944,0.09874135
0.199838,0.027998607,9.9361484248071e-05,-0.071499394,-0.600787916,0.0147,0.019,0.0223,0.0254,0.0284,0.0312,0.0339,0.0369,0.0409,0.0512,,0.3903137700259685,0.4011743843555451,0.7160430460313335,0.049565684,0.1403256845474243,0.064565684,0.086927092,0.1019270918630063,0.1169270918630063,0.9173638000763952,0.9338978451639414,0.8124416920006275,0.078406907,0.097414057,0.098279747
0.199718,0.024777383,9.455269576535852e-05,-0.117880361,-0.82755988,0.0109,0.0153,0.0194,0.0223,0.025,0.0279,0.0309,0.0342,0.0378,0.0456,,0.3688117988407612,0.421033826,0.6031120855987072,0.048264962,0.1325024181604385,0.067762366,0.087502418,0.1025024181604385,0.1175024181604385,0.8224771270006895,0.8161323651611805,0.983690066,0.065306224,0.084702212,0.090769801
0.201836,0.023792523,9.95383257403573e-05,-0.087491348,-0.711721069,0.0102,0.0143,0.0179,0.0211,0.0241,0.0269,0.0298,0.0329,0.0373,0.0491,,0.3779229938983917,0.4168226420879364,0.5103092674434184,0.042794817,0.1230519634485244,0.063051963,0.078051963,0.093051963,0.1080519634485244,0.8654034848347306,0.974976685,0.9853054391503334,0.075596348,0.087661752,0.094987134
0.202002,0.02451341,7.618700992081685e-05,-0.018191559,-0.495654044,0.0128,0.0165,0.0193,0.022,0.0245,0.027,0.0295,0.0323,0.0362,0.0491,,0.385650951,0.4054071009159088,0.7569582358337938,0.037092615,0.1182558763027191,0.052107316,0.067139026,0.083847145,0.09885073,0.9246884971685708,0.902351001,0.8861789247557521,0.054277002,0.097441791,0.092977954
0.194411,0.024078412,0.000111439,0.020394025,-0.684262631,0.0099,0.014,0.0176,0.0209,0.0241,0.0272,0.0306,0.0338,0.0382,0.0483,,0.3517947986721992,0.4441647592931986,0.5093859294623136,0.045443662,0.1204436622560024,0.060443662,0.075443662,0.090443662,0.1054436622560024,0.8295323492079973,0.8078822628974914,0.9022461491985246,0.051874196,0.091430956,0.081102574
0.194802,0.023960475,0.000103352,-0.086870567,-0.732239609,0.01,0.0141,0.0177,0.0213,0.0243,0.0274,0.0305,0.0333,0.0373,0.0481,,0.3548693057894707,0.4429634310305119,0.5231552649021148,0.046542362,0.1260883566737175,0.061560712,0.081088357,0.096088357,0.1110883566737175,0.9834911975353956,0.9038057956207544,0.8222198688566685,0.053368352,0.091320749,0.083286216
0.193874,0.023697212,9.827956360654744e-05,-0.012243416,-0.549187721,0.0104,0.0145,0.0181,0.0211,0.0236,0.0266,0.0294,0.0325,0.0363,0.0497,,0.3789919008314609,0.4129188358783722,0.5318489821761847,0.039883267,0.1309909702092409,0.057965202,0.073011755,0.1009909702092409,0.1159909702092409,0.9064062469638884,0.927878193,0.93408752,0.062589555,0.095115585,0.097662171
0.140194,0.018643512,5.973386042570543e-05,-0.001237418,-0.78810233,0.0078,0.0112,0.0141,0.0166,0.0184,0.021,0.0232,0.0259,0.029,0.0382,,0.4098915702104568,0.4433368258178234,0.6992134816166014,0.041676716,0.1462262487411499,0.056676716,0.078571783,0.097032954,0.1127337544279173,0.8121582638591528,0.9953451260328292,0.9159263421207666,0.069114774,0.087423022,0.081406108
0.140312,0.018550359,6.11486443433045e-05,0.041810326,-0.752102519,0.0074,0.0113,0.0133,0.0166,0.0186,0.0206,0.0233,0.0259,0.0292,0.0392,,0.3699157428741455,0.4814203172922134,0.6984803328987211,0.040612888,0.1409977519512176,0.057597506,0.072736715,0.093235186,0.1190642345249652,0.8375636218041181,0.9917989926218986,0.8281422006845475,0.063840316,0.067475362,0.07595339
0.139435,0.020111316,7.680085723013963e-05,0.076506777,-0.682049634,0.0078,0.0123,0.0147,0.0173,0.0205,0.0226,0.025,0.0282,0.0317,0.0414,,0.3696417202055454,0.4863183736801147,0.7036549842394888,0.042480973,0.1353640568256378,0.057480973,0.072480973,0.087480973,0.1024809727497631,0.9844168297350406,0.98814076,0.8193535492599011,0.077901367,0.084577684,0.0896899
0.145808,0.017353408,6.030564823271911e-05,0.068746004,-0.65090101,0.0064,0.0103,0.0125,0.0154,0.0172,0.0193,0.0219,0.0242,0.0279,0.0378,,0.3793622494488954,0.470966212,0.5155659480392933,0.039143439,0.1375656330585479,0.054162587,0.069193466,0.084211998,0.1224107905358076,0.988636832,0.8264490494966508,0.8334656820893288,0.057981533,0.065209133,0.062948188
0.136837,0.019563681,7.557295922152326e-05,0.1567111557711226,-0.616971119,0.0077,0.0112,0.0145,0.0169,0.0191,0.0218,0.0246,0.0273,0.0311,0.0427,,0.3742819131910801,0.4801250696182251,0.7216365964782424,0.038500238,0.1443952548503875,0.053500238,0.068500238,0.083603978,0.1140365543005056,0.9778551195651292,0.9768751358509064,0.8062178419530392,0.064408813,0.093567144,0.089002195
0.142351,0.017148743,5.341153571648847e-05,-0.021352571,-0.816016298,0.0076,0.01,0.0128,0.0154,0.0174,0.0193,0.0216,0.024,0.0268,0.0347,,0.4068743324279785,0.4441837154328823,0.6700957932271063,0.037310271,0.1309769485145807,0.054109813,0.069185627,0.092937736,0.1120407906755805,0.8712265622779727,0.8080279815196991,0.9870131432652474,0.079306007,0.086085329,0.090654603
0.134901,0.016905086,5.327086895406067e-05,0.011726246,-0.736461561,0.0075,0.0097,0.0128,0.0147,0.0174,0.019,0.0214,0.0234,0.0266,0.0352,,0.3763378514349461,0.4787571251392364,0.6854619760014117,0.039885077,0.1398825192451477,0.054887232,0.069887232,0.084887232,0.1003638875871896,0.9824026698440314,0.8093376329958439,0.8260982516825199,0.056377692,0.06362456,0.059624892
0.144881,0.017764182,6.018002580172633e-05,-0.03024933,-0.840923269,0.0077,0.0101,0.0132,0.0155,0.0181,0.0201,0.0227,0.025,0.0282,0.0354,,0.3858021510858089,0.4645905166864395,0.649987192,0.039091286,0.1367403554916381,0.054091286,0.074533391,0.090044285,0.1070446930110454,0.827163653,0.9950293408215046,0.8173191989183426,0.067113707,0.059786054,0.095798117
0.141825,0.017522849,5.962090867389324e-05,-0.023370122,-0.834451895,0.0075,0.01,0.0129,0.015,0.0177,0.02,0.0223,0.0251,0.0278,0.0348,,0.4038293820619583,0.4495851424522698,0.6255052128329873,0.038373936,0.1458853209018707,0.053373936,0.068373936,0.083373936,0.1295146059930324,0.8166544070065022,0.8090229374587536,0.8919442221708596,0.0592041,0.053545661,0.098479163
0.143891,0.01796083,6.403371262836793e-05,0.018688905,-0.729042135,0.0065,0.0107,0.0132,0.016,0.0181,0.0202,0.0228,0.0253,0.0287,0.039,,0.4149238616228103,0.4385377243161201,0.5103301881283522,0.040277369,0.1438207983970642,0.055277369,0.070277369,0.085277369,0.128174306,0.9848883526980876,0.8188489170730114,0.947958102,0.061170117,0.078075894,0.076829346
0.118188,0.020760886,5.894996062923701e-05,-0.053653029,-0.674588429,0.0106,0.0134,0.0165,0.0185,0.0209,0.0231,0.0251,0.0281,0.0309,0.0383,,0.4110042104125023,0.4600484274327755,0.8110205591663718,0.045255873,0.1369431871175766,0.06530345,0.080696716,0.099606876,0.1147684415571391,0.8589007746100425,0.8698380613863468,0.9715332191824914,0.072026806,0.078908915,0.088491095
0.119698,0.02007517,5.619334192498461e-05,0.019136363,-0.61196935,0.0103,0.0128,0.0159,0.0177,0.02,0.0222,0.0241,0.027,0.0301,0.0379,,0.3846149563556537,0.4890618503093719,0.8304177397817373,0.045406691,0.1204066909104585,0.060406691,0.075406691,0.090406691,0.1054066909104585,0.8738573217883706,0.9925638605713843,0.8681988726526499,0.070742617,0.058886259,0.095524679
0.119026,0.01900471,7.213748995826265e-05,-0.009461722,-0.826124286,0.0068,0.0111,0.0139,0.0168,0.0188,0.0218,0.024,0.0271,0.0307,0.0388,,0.3873901070654392,0.4864665567874908,0.5559505493670702,0.036788217,0.1288263924419879,0.067800011,0.082948658,0.097966595,0.1131782075513154,0.836326634,0.8179776064097881,0.9834206659495832,0.067258797,0.062554819,0.098299472
0.112899,0.02169743,6.54486247931511e-05,-0.011197938,-0.601230585,0.0103,0.0144,0.0171,0.0192,0.0217,0.0243,0.0266,0.0289,0.0322,0.0432,,0.3933281278610229,0.4851877957582474,0.834072574,0.046196147,0.1410926735401153,0.066347661,0.08324237,0.099715095,0.1148738422784954,0.847893322,0.8871908645480872,0.9779448326051235,0.073354561,0.091445711,0.089020361
0.122283,0.017594844,6.182231663141421e-05,-0.03859055,-0.866727806,0.0074,0.0098,0.013,0.0152,0.0179,0.0199,0.0226,0.025,0.0281,0.0352,,0.4145397907495499,0.4562103789299727,0.5257798124045133,0.036840551,0.1265028738975525,0.06094148,0.078011464,0.096502874,0.1115028738975524,0.8894666297707707,0.982387059,0.8231794312238694,0.058473282,0.05375275,0.097197036
0.123889,0.016994576,5.9248222102102286e-05,-0.007405026,-0.879549063,0.0058,0.0094,0.0123,0.0147,0.017,0.0196,0.0216,0.0244,0.0274,0.034,,0.4104172039031982,0.4605539537966251,0.5096827056616544,0.036170731,0.1278465336561203,0.05999069,0.082846534,0.097846534,0.1128465336561203,0.8234234555006028,0.9718828082323074,0.8044471927762032,0.054203222,0.057442395,0.098605683
0.117378,0.021981889,6.911388206544454e-05,-0.017498896,-0.760753212,0.0111,0.0138,0.017,0.0196,0.0219,0.0247,0.0272,0.0297,0.0331,0.0401,,0.3793914932757616,0.4958325654268264,0.8263495309978723,0.046618576,0.1470479142665863,0.064022083,0.079113901,0.094170218,0.109255717,0.9840526665955782,0.9823596151351928,0.846817621,0.078832275,0.080405908,0.073395714
0.113257,0.022626754,8.755750440831954e-05,0.1508209843441319,-0.689069987,0.01,0.0139,0.0172,0.0195,0.0221,0.0249,0.0282,0.0312,0.0353,0.044,,0.3980088341236114,0.47626017,0.7832019049242138,0.047511438,0.1462816703319549,0.062605269,0.1012816703319549,0.1162816703319549,0.1312816703319549,0.9880753863424064,0.9721518386781216,0.8973468307465315,0.069818455,0.095528773,0.093118334
0.12811,0.020611849,6.208665345921262e-05,0.038726468,-0.656200696,0.0106,0.0132,0.0159,0.0182,0.0206,0.0228,0.0254,0.0281,0.031,0.0407,,0.4182642564177513,0.4453141797333956,0.7911096222817897,0.0446622,0.1359717738628387,0.060991815,0.090971774,0.1059717738628387,0.1209717738628387,0.8953378209738061,0.8190856026530267,0.9919418886899948,0.06058478,0.068833119,0.095716598
0.11867,0.018448842,6.638245371208922e-05,-0.032337878,-0.761428642,0.0066,0.0109,0.0135,0.0165,0.0186,0.021,0.0236,0.0258,0.0295,0.0388,,0.3856064908113331,0.4903091907501221,0.5280606495380402,0.048675041,0.123675041,0.063675041,0.078675041,0.093675041,0.108675041,0.8858174286477268,0.9862841453671456,0.827295875,0.053871307,0.081438173,0.058980156
0.143756,0.020492941,8.417722423694862e-05,0.1468675402703762,-0.65010235,0.0081,0.0116,0.0151,0.0179,0.0202,0.0228,0.0259,0.029,0.0329,0.0442,,0.3587344518303871,0.4946075648069382,0.7049148792162537,0.040129096,0.1294121126085519,0.056598991,0.071598991,0.086598991,0.1015989913463592,0.8457441412955523,0.8200451412022114,0.9459754697382452,0.084306597,0.079374483,0.08226149
0.151574,0.019483985,7.570543503333788e-05,0.093956483,-0.612886637,0.0074,0.0117,0.0144,0.0168,0.0194,0.0221,0.0242,0.0271,0.0313,0.0419,,0.3918074660748243,0.4465553682297468,0.5517683422833681,0.038520236,0.1439461290836334,0.054355347,0.070221612,0.086038331,0.1071300327792763,0.845225715,0.837211208,0.8608917137354613,0.068094942,0.074296386,0.072627207
0.13987,0.021580088,8.578120615981112e-05,0.031877665,-0.674860467,0.0089,0.0125,0.0165,0.0192,0.0215,0.0241,0.027,0.0304,0.0336,0.0449,,0.3647831299901009,0.4861000746488571,0.6947358971782028,0.046630009,0.141289005,0.061630231,0.076630231,0.091630231,0.106630231,0.9844189148545264,0.8834357831254601,0.8989077102831565,0.075894896,0.091422858,0.089099877
0.154613,0.020241623,8.410715688852218e-05,0.1275928788796005,-0.559236801,0.008,0.0115,0.0147,0.0174,0.0205,0.0228,0.0253,0.0283,0.0323,0.046,,0.372527474,0.4701734960079193,0.5452285576164723,0.041009593,0.1229866123199463,0.056034355,0.071101393,0.086126937,0.1075963803574442,0.8690892879962921,0.8976513097764924,0.9650425537645816,0.087906518,0.069769886,0.092258146
0.150519,0.020531519,6.749479259239787e-05,-0.03754758,-0.736191037,0.0096,0.013,0.0155,0.0181,0.021,0.023,0.0254,0.0284,0.0314,0.0415,,0.3635617506504059,0.4763924747705459,0.7032795276358723,0.041113342,0.121934535,0.056231151,0.076789187,0.091853618,0.1068750321060419,0.8107618652969599,0.9702577824056148,0.9600505893707276,0.060934723,0.086703494,0.075643883
0.146451,0.020944535,7.548961654853466e-05,0.046951986,-0.683626357,0.0088,0.0132,0.0157,0.0181,0.0209,0.0235,0.0258,0.0289,0.0327,0.0422,,0.3739991036057472,0.4748423725366592,0.6873082532510161,0.044784304,0.1376711738109588,0.06352143,0.078955683,0.095260175,0.1109833535097539,0.8870644045688212,0.9653617629349232,0.8426671533226967,0.071266545,0.082305045,0.082032379
0.147913,0.020119302,7.279042738668357e-05,0.084655955,-0.580605613,0.0082,0.0126,0.015,0.0175,0.0203,0.0228,0.025,0.0276,0.0315,0.042,,0.3726040115952492,0.4719077467918396,0.6792925350353122,0.041712585,0.1211206412315368,0.059205159,0.075925452,0.090947697,0.1059657486826181,0.8136276833057404,0.9734088940203188,0.9680783028185368,0.062955571,0.087333231,0.077880818
0.150885,0.019102144,6.384789210418016e-05,-0.041858965,-0.825855191,0.0078,0.0113,0.0145,0.0168,0.0194,0.0217,0.0237,0.0268,0.0297,0.0377,,0.4036329364776611,0.4401061877608299,0.655681337,0.039220007,0.1432384586334228,0.058996164,0.074605742,0.09021131,0.1058056752264499,0.8118055033445358,0.9139097497180104,0.8249151274621487,0.060073486,0.058477456,0.09671556
0.151862,0.01861383,6.524080862116228e-05,-0.08929205,-0.840243761,0.0068,0.0106,0.0138,0.0162,0.019,0.0213,0.0238,0.0261,0.0293,0.0365,,0.3962274098396301,0.4449235916137695,0.5948659852087498,0.036033955,0.1317156206071376,0.063679473,0.078679473,0.093794648,0.1088845139950513,0.8201830308824778,0.9707940629005432,0.811506841,0.07946954,0.087391036,0.096545817
0.14196,0.020189283,7.021562332274034e-05,0.042434724,-0.807730105,0.0089,0.0125,0.015,0.0175,0.0202,0.0225,0.0254,0.0283,0.0315,0.0408,,0.415783951,0.4299474641680718,0.6892009788438678,0.036049433,0.1393538522720337,0.061334858,0.092819183,0.1083488166064024,0.1238278234958648,0.8183368124723435,0.8442346289873124,0.9427074086874724,0.053140707,0.078322328,0.064858245
0.210824,0.02688483,9.788212737377186e-05,0.1686204643776955,-0.233321054,0.0138,0.0177,0.021,0.024,0.0269,0.0298,0.0324,0.0354,0.0398,0.0571,,0.3528896751999855,0.4225588232278824,0.706936451,0.040655853,0.1334862694144249,0.058827,0.07833836,0.1034862694144249,0.1184862694144249,0.974770823,0.991332826,0.8300285161018373,0.078312375,0.084617687,0.078672865
0.209949,0.028916386,0.000120287,0.090356981,-0.489696713,0.014,0.0185,0.0223,0.0258,0.0289,0.0319,0.0351,0.0386,0.0433,0.056,,0.3694916906952858,0.4102819859981537,0.6455166453972458,0.046735628,0.1389082700014114,0.076456977,0.091456977,0.1064569765746593,0.1214569765746593,0.9872307401835918,0.9678933977246283,0.8075128513038159,0.076165221,0.088672308,0.082783141
0.217151,0.026944386,9.65464446504616e-05,-0.104352983,-0.73147417,0.0137,0.0179,0.0211,0.0241,0.0273,0.0302,0.033,0.0358,0.0397,0.0506,,0.3675653897225857,0.409299499,0.6542282142743469,0.04792156,0.1452991020679473,0.068666572,0.083729669,0.098729669,0.1138098955448949,0.8220031078517437,0.9915131764292716,0.8595047102749348,0.058427228,0.091471523,0.090322754
0.224245,0.025250496,7.872671911935826e-05,0.015670072,-0.337867448,0.0133,0.0171,0.0201,0.0228,0.0253,0.0277,0.0303,0.033,0.0367,0.0491,,0.3523070976138115,0.4166758298873901,0.7395917353726923,0.037541789,0.1151865947246551,0.053633714,0.070186595,0.085186595,0.1001865947246551,0.842918256,0.9219350992277264,0.9914623427093028,0.057498022,0.054833665,0.09674525
0.211915,0.024926186,0.000113762,0.031106346,-0.648908661,0.0111,0.0155,0.0192,0.0225,0.0254,0.0284,0.0313,0.0349,0.0394,0.0521,,0.3756619733572006,0.4022894084453583,0.5187011023163796,0.036355573,0.1348488926887512,0.062454189,0.08159945,0.09659945,0.1198310919091105,0.8380064535230398,0.9919780981481076,0.9803873046517372,0.075199824,0.07499768,0.098420808
0.220023,0.027041741,8.8129750479889e-05,-0.020018661,-0.400763095,0.0146,0.0188,0.0219,0.0246,0.0272,0.0296,0.0321,0.035,0.0392,0.0507,,0.3569013094902039,0.4188163787126541,0.7475254662148654,0.040202137,0.1152021370083093,0.055202137,0.070202137,0.085202137,0.1002021370083093,0.8980240241836757,0.8898019748471677,0.8089455168783665,0.054255514,0.09626394,0.095870654
0.221,0.028166342,0.000105615,0.048821934,-0.55348296,0.0148,0.0186,0.0221,0.0253,0.0282,0.0307,0.0339,0.0374,0.042,0.0533,,0.3607615655660629,0.4138857930898666,0.7014917824018746,0.047468584,0.1355860036611557,0.062468584,0.077468584,0.092468584,0.1199257891878485,0.8090026738166809,0.8942182388130575,0.9578823936879636,0.060257108,0.069229677,0.097262928
0.203053,0.027635683,0.000134999,-0.097643517,-0.838589097,0.012,0.0171,0.0209,0.0244,0.0281,0.0316,0.0347,0.0385,0.043,0.0511,,0.3550348761677742,0.4313179358839989,0.5235427599459886,0.047467483,0.1451918411254882,0.079427552,0.094427552,0.1094275522947311,0.1244275522947311,0.8063131615966559,0.9880820244908332,0.8387253728926182,0.070600661,0.089166665,0.087043865
0.21102,0.028201299,0.000117039,-0.048225615,-0.794616625,0.0137,0.0182,0.0218,0.0251,0.0282,0.0314,0.0348,0.0384,0.0424,0.0508,,0.3620836731791496,0.4193988144397735,0.6457109290033579,0.04616944,0.1427628135681152,0.074910631,0.089910631,0.1049106305509805,0.1199106305509805,0.8217050370424986,0.9877644707918168,0.8215158559381962,0.055054563,0.095803408,0.094064439
0.215265,0.025716773,0.000117055,-0.011746912,-0.661459837,0.0115,0.0162,0.0199,0.0232,0.0262,0.0292,0.032,0.0358,0.0399,0.052,,0.3684652246534824,0.4083989530801773,0.513375066,0.046679341,0.121679341,0.061679341,0.076679341,0.091679341,0.106679341,0.9625723673582076,0.992378568,0.904335046,0.086915905,0.098492213,0.097848838
0.15958,0.023985998,9.865412961942436e-05,-0.102344127,-0.840752682,0.0099,0.0144,0.0185,0.0212,0.024,0.0274,0.0305,0.0335,0.0368,0.0451,,0.3784710199385881,0.4516391677781939,0.6348345182061195,0.048152167,0.1458057737350463,0.070780074,0.085780074,0.1007800743550062,0.1157800743550062,0.9023572988341564,0.8558135550379753,0.8076186211585998,0.076800591,0.086693618,0.089971738
0.17474,0.023212802,8.345216342084424e-05,-0.075238782,-0.844008707,0.0104,0.0146,0.0175,0.0204,0.0235,0.0262,0.0288,0.0317,0.0356,0.0428,,0.3995272120833397,0.4200827717781067,0.6475191543281078,0.042953548,0.1433738839626312,0.071897146,0.086971433,0.1020266881108284,0.1174878202557563,0.8609497083365918,0.9907283549368382,0.8421479146182538,0.060830882,0.072563815,0.072146196
0.16826,0.022821032,9.585935489451696e-05,-0.070647823,-0.712509949,0.0096,0.0135,0.0169,0.02,0.0231,0.0261,0.0289,0.0318,0.0354,0.0489,,0.3944744147360325,0.427664864,0.5661809921354055,0.048291558,0.1232915580272674,0.063291558,0.078291558,0.093291558,0.1082915580272674,0.943916604,0.9422365504473448,0.8580398010611534,0.073579033,0.087617906,0.09750001
0.169665,0.021639399,8.186648999914889e-05,0.1868330396162341,-0.588781371,0.0095,0.0129,0.0165,0.0189,0.0213,0.0238,0.0267,0.0298,0.0338,0.0444,,0.4021333934366703,0.4197833508253097,0.69377048,0.035684614,0.136966136,0.050684614,0.074152242,0.090460819,0.1056628168284893,0.9583352139234544,0.9672282438993454,0.9891257179260254,0.054002856,0.097098656,0.094639328
0.166344,0.022007503,8.059102720099184e-05,0.021612764,-0.755745921,0.0094,0.0137,0.0165,0.019,0.0226,0.0247,0.0273,0.0302,0.034,0.0423,,0.3994039407372475,0.4243938386440277,0.6634091047435999,0.037032758,0.1352606916427612,0.067324663,0.082339197,0.097339197,0.1123391968391835,0.8548512223541737,0.8164531640648842,0.9535922688186168,0.069899328,0.066983452,0.09816837
0.156442,0.025489826,0.000121734,0.090127459,-0.64270341,0.0109,0.0154,0.019,0.0224,0.0254,0.0286,0.0318,0.0356,0.0403,0.053,,0.3628075987100601,0.4661677032709121,0.6598583713129162,0.043905753,0.1470287024974823,0.073433707,0.088433707,0.1034337068021297,0.1184337068021297,0.96937529,0.9595308625161648,0.8469668411254884,0.069767961,0.081002695,0.085785407
0.175277,0.02102384,8.207651363081474e-05,0.019195742,-0.568130845,0.0087,0.0122,0.0158,0.0185,0.0216,0.024,0.0263,0.029,0.0328,0.0464,,0.3871912968158722,0.4295530840754509,0.5496589448690414,0.038631236,0.1296565483137965,0.054204522,0.080784901,0.096089257,0.1123508941102773,0.8499942999184131,0.8439368978321552,0.9182903963267804,0.075428689,0.078870548,0.08236916
0.170703,0.022895531,9.85971461233524e-05,0.09296373,-0.447784508,0.01,0.0139,0.0175,0.0203,0.023,0.0257,0.0284,0.0314,0.0356,0.0507,,0.3900289519876241,0.4290346592664719,0.5583802704781293,0.045941167,0.1324960932135582,0.060964725,0.087496093,0.1024960932135582,0.1174960932135582,0.8225116267919541,0.8292225026488305,0.8753240961655975,0.059908614,0.072853593,0.068657486
0.171928,0.021172609,6.605632489379377e-05,0.003202354,-0.600835822,0.0098,0.0134,0.0168,0.019,0.0212,0.0235,0.0263,0.0288,0.0318,0.0442,,0.3853569477936253,0.4343525409698486,0.7071107821885496,0.03600883,0.1402108240127563,0.05100883,0.06600883,0.095647662,0.1113158263757824,0.8093671944051981,0.8461150137186051,0.8551132367700339,0.051844918,0.095733515,0.087288052
0.172702,0.024323114,0.000108064,0.081561636,-0.697495562,0.0109,0.0148,0.0184,0.0215,0.0243,0.0276,0.0307,0.0338,0.0379,0.0515,,0.3681118600070476,0.4559641454368829,0.6389836488962173,0.048419184,0.1390135145187378,0.072065362,0.087065362,0.102065362,0.117065362,0.9822091111809016,0.8055390702962876,0.8438844266235829,0.056411438,0.061635345,0.075597591
0.173968,0.0204733,7.050408638270545e-05,0.1192482241371487,-0.615089378,0.0089,0.013,0.0153,0.0177,0.0206,0.0229,0.025,0.0279,0.0319,0.0421,,0.3627517667412758,0.4551293551921844,0.6735609207160771,0.037931017,0.138411973,0.053237222,0.072095046,0.087190757,0.1101185085833072,0.8727652493938803,0.8130970269680023,0.9561031878888608,0.05239644,0.067012216,0.072329049
0.171998,0.020831423,8.251787824641438e-05,-0.051764735,-0.74140046,0.008,0.0117,0.0158,0.0184,0.0211,0.0237,0.0264,0.0292,0.0328,0.0437,,0.373614015,0.4465826321393251,0.519389555,0.036594648,0.1441068911552429,0.05273305,0.094838394,0.1109840327829122,0.1276125701338052,0.8307664837718011,0.8161781910240651,0.958621175,0.08168624,0.089472777,0.073753228
0.175724,0.022607716,9.671581935153065e-05,0.01894341,-0.6993221,0.0093,0.013,0.0167,0.0197,0.0231,0.0257,0.0284,0.0314,0.0355,0.0467,,0.3548656487464904,0.4606670454144478,0.5906959338337183,0.042567272,0.1465062856674194,0.058157341,0.075617892,0.090617892,0.1056178924053907,0.9683827791899444,0.989330487,0.828205354,0.053607182,0.096222261,0.096992427
0.176434,0.020340232,6.439640791567788e-05,-0.026520291,-0.820528516,0.0099,0.0125,0.0156,0.0178,0.0201,0.0228,0.0252,0.0282,0.031,0.0382,,0.4067105665802956,0.4080979347229004,0.6589353482812643,0.04287957,0.129188859,0.05787957,0.074066183,0.089066183,0.1040661829784512,0.8937769038777799,0.8363773929893971,0.9933221844017506,0.068566272,0.074036244,0.095184206
0.176152,0.022341073,8.859223503392853e-05,0.039024504,-0.722997256,0.0094,0.0133,0.0166,0.0201,0.0226,0.0251,0.0279,0.031,0.0348,0.0462,,0.3570537620782852,0.4629755616188049,0.6548091150864959,0.041772692,0.1393547791242599,0.056773049,0.074034637,0.093424659,0.1106976530380547,0.8442684426605702,0.8726498228400946,0.9796303681015968,0.054434436,0.07012692,0.085885834
0.183823,0.020899671,8.698424392613644e-05,0.10916026,-0.624570893,0.0085,0.012,0.0152,0.018,0.0206,0.0234,0.0262,0.0294,0.0334,0.047,,0.3796642924100161,0.4302387431263924,0.5222590125739575,0.041023846,0.131095547,0.056032462,0.084433301,0.1008389481164515,0.1160488335490226,0.818835984,0.9717332191824912,0.8385888361155988,0.066501476,0.068943551,0.075123181
0.181784,0.021540894,8.347436291900524e-05,-0.089692359,-0.746684737,0.0087,0.0126,0.0167,0.0192,0.0218,0.0245,0.0274,0.0301,0.0337,0.0443,,0.3763941762596369,0.4369161665439606,0.5195102409660817,0.041697831,0.1214941447973251,0.056707481,0.071722153,0.090097818,0.1053458228230476,0.8807325490348041,0.9045207897610964,0.9292075894147158,0.069918447,0.08357364,0.091253869
0.180342,0.022244282,9.670352473985207e-05,-0.010084634,-0.841953556,0.0088,0.0125,0.0169,0.0195,0.022,0.0248,0.0285,0.0318,0.0355,0.0448,,0.3928493822365999,0.422195965,0.5125513590931892,0.036946668,0.1246982789039612,0.064698279,0.079698279,0.094698279,0.1096982789039612,0.9268252963408828,0.938667614,0.8089755037605763,0.053805785,0.061979366,0.06429606
0.182614,0.021118102,8.309905413446057e-05,0.035295124,-0.72534134,0.0085,0.0125,0.0159,0.0183,0.0209,0.0238,0.0265,0.0294,0.0335,0.0432,,0.3645772486925125,0.4488231694325805,0.5930217484295368,0.042143121,0.1235982465744018,0.057144103,0.072144103,0.087144103,0.1021441032558679,0.8680558104380965,0.8429573223769665,0.97550607,0.074853607,0.082641632,0.085780428
0.175702,0.021792361,9.28622457900505e-05,0.045411954,-0.703059206,0.0088,0.0127,0.0161,0.0193,0.022,0.0244,0.0274,0.0306,0.0348,0.0462,,0.3575671207904816,0.456611043,0.544592373,0.036954811,0.1250282260775566,0.055950807,0.074657296,0.089657296,0.106787991,0.9704631446033716,0.9729225777685642,0.8154506219685078,0.065526334,0.075344448,0.078090548
0.137678,0.019744641,8.585222122493836e-05,0.1787390694705229,-0.62838072,0.0076,0.011,0.0139,0.0166,0.0197,0.0221,0.0249,0.0282,0.0324,0.0459,,0.3763145307451486,0.480364442,0.5126112933039665,0.039886606,0.1220595741271972,0.054886606,0.077044902,0.092044902,0.1070595741271972,0.9911749998629094,0.8722714974731207,0.924150618,0.054283903,0.061712392,0.098290273
0.140161,0.018128687,5.722401995248951e-05,0.107431545,-0.679110252,0.0075,0.0112,0.0131,0.0161,0.0181,0.02,0.0226,0.025,0.0283,0.0391,,0.4122823542356491,0.4446298025548458,0.7054663875382393,0.036777961,0.1429356670379638,0.051777961,0.086589606,0.1025991154462099,0.1266498897135257,0.830204592,0.8193113140821457,0.9475610559076072,0.054631599,0.063909902,0.096506425
0.133709,0.021837768,9.988364009378744e-05,0.1954080038417307,-0.580256182,0.0087,0.0123,0.0158,0.0186,0.0216,0.0246,0.0274,0.0306,0.0354,0.0472,,0.3615718019008636,0.4974040925502777,0.7087104690939188,0.046218406,0.1408128225803375,0.061240843,0.076240843,0.091240843,0.1062408431664109,0.972921679,0.9183822565793992,0.8360114766895772,0.089382759,0.08957372,0.072823197
0.13294,0.01698985,5.864635255103326e-05,0.015696304,-0.799012505,0.0062,0.0095,0.0127,0.0146,0.0174,0.0191,0.0217,0.0239,0.0273,0.0351,,0.3890083251148462,0.4677723050117492,0.5818392871767282,0.038890208,0.1334582418203354,0.053903772,0.072671882,0.087739392,0.1165293269984424,0.8273214970171452,0.8277227953135967,0.9688048713982106,0.062889386,0.08006575,0.083085988
0.134688,0.018356516,6.0579791050171416e-05,-0.013885609,-0.844986473,0.0071,0.0106,0.0135,0.0161,0.0185,0.0205,0.0231,0.0256,0.0288,0.0359,,0.4124778214097023,0.4454159468412399,0.6955458466552198,0.042929559,0.1467709815502166,0.057929559,0.080000478,0.095530127,0.1105301272556185,0.815853096,0.8669476200938225,0.9921978609085084,0.064728639,0.078828542,0.093062697
0.137296,0.018586411,7.496325312382963e-05,0.1928860329314209,-0.57815087,0.0068,0.0112,0.0135,0.0157,0.0181,0.021,0.0232,0.0263,0.0305,0.0415,,0.3865807347930968,0.4705480948090553,0.5941541592389346,0.038625854,0.1378980249166488,0.053685068,0.082923927,0.098104085,0.117165664,0.847000694,0.8421695534050465,0.9706867030739784,0.069833003,0.082522428,0.073958538
0.137903,0.018225814,5.346961867870869e-05,0.015397249,-0.768501249,0.0083,0.0113,0.0134,0.0162,0.018,0.0205,0.0225,0.0251,0.028,0.034,,0.4169868886470795,0.4366542369127273,0.7155484195908531,0.04043595,0.1359344798326492,0.05543595,0.090906924,0.1059317937336862,0.1209344798326492,0.8250415618389845,0.988479035,0.822168624,0.070232471,0.083248888,0.058277196
0.133845,0.018516786,6.012437692184667e-05,-0.033339401,-0.840397987,0.0082,0.0106,0.0137,0.0165,0.0185,0.0207,0.0231,0.0259,0.0289,0.035,,0.4178805840015411,0.4405090793967247,0.6855001921020448,0.037691983,0.1333420312404632,0.061680208,0.088230327,0.1033420312404632,0.1183420312404632,0.8987991816877388,0.9952617451131344,0.8086816906690598,0.076440021,0.08262365,0.069153249
0.138361,0.018519026,7.228233460105762e-05,0.1028519772986782,-0.645780795,0.0069,0.01,0.0135,0.0161,0.0183,0.0208,0.0234,0.0264,0.0299,0.0431,,0.3646157091856002,0.4926538586616516,0.5704175983607769,0.038933435,0.1142106890678405,0.053933435,0.068933435,0.083933435,0.099041313,0.9234196438759564,0.9488429773777723,0.8142140322566033,0.05867069,0.058080096,0.096170082
0.136159,0.0177047,6.151715050823286e-05,-0.041650639,-0.840739527,0.0075,0.0099,0.0131,0.0154,0.018,0.02,0.0226,0.0251,0.0281,0.0352,,0.3955545327067375,0.4625486642122269,0.6097966800034046,0.04281582,0.1417485761642456,0.059149202,0.077485137,0.092506692,0.1075323875412345,0.8170785083949567,0.813293847,0.9881127496123314,0.053885927,0.059250413,0.096612846
0.201176,0.020806879,7.751490396873213e-05,-0.109317287,-0.792473341,0.008,0.0128,0.0155,0.0186,0.0214,0.0236,0.0262,0.0293,0.0323,0.0417,,0.3868852570280433,0.4063828855752945,0.5111482525795699,0.037882895,0.1161699640750885,0.056169964,0.071169964,0.086169964,0.1011699640750885,0.8488693898707629,0.8712122001409531,0.9778042110383512,0.055560743,0.08966309,0.089530401
0.191983,0.023761664,8.966485003678522e-05,-0.086518566,-0.775962774,0.0103,0.0145,0.018,0.0215,0.0242,0.0269,0.0295,0.0325,0.0361,0.046,,0.3609456861019134,0.4399725586175919,0.6290903829708695,0.04898477,0.1463315212726593,0.064597023,0.079597023,0.094597023,0.1095970233350992,0.8226549757778645,0.8068958278536796,0.9709874769806862,0.056494693,0.093294849,0.095404606
0.19942,0.021163573,8.274898746560421e-05,0.056971593,-0.555259378,0.0092,0.0126,0.0157,0.0184,0.0212,0.0238,0.0264,0.0293,0.0327,0.0491,,0.3540665191411972,0.4403837010264397,0.5622433600544929,0.035570226,0.1241202759742736,0.050572424,0.079120276,0.094120276,0.1091202759742736,0.8561967946395278,0.8302306537687778,0.9877648219883444,0.065418346,0.089740631,0.090883556
0.194404,0.022371313,9.583483109987512e-05,-0.013668048,-0.720664206,0.009,0.0128,0.0166,0.0196,0.023,0.0256,0.0282,0.0312,0.0352,0.0468,,0.352223125,0.4423313207924366,0.534523265,0.037319658,0.1346737486124039,0.052321366,0.07075512,0.085793956,0.119648229,0.9479996459960938,0.8316660822331905,0.9846013785958292,0.066920368,0.076384035,0.091258409
0.207162,0.022228514,7.425862208729961e-05,0.015462592,-0.609119216,0.0103,0.0141,0.017,0.0203,0.0225,0.0248,0.0273,0.03,0.0334,0.0461,,0.3792951897531748,0.406887212,0.6427799557864666,0.035633337,0.1185665190219879,0.050633337,0.073566519,0.088566519,0.1035665190219879,0.8197774632275104,0.9883837689816952,0.990544706,0.057836381,0.083157573,0.081540367
0.197481,0.022618584,8.745418237475456e-05,0.086044869,-0.69778634,0.01,0.0134,0.0168,0.0197,0.0226,0.0255,0.0281,0.0311,0.035,0.047,,0.3791543310135603,0.4123060762882233,0.6272151739284396,0.035471139,0.1243870627880096,0.05312829,0.079375534,0.094386202,0.1093870627880096,0.8154133081436158,0.8235589,0.9061256434697658,0.068880516,0.059895954,0.098436209
0.198693,0.021446357,7.262879256332314e-05,0.046381814,-0.656287342,0.0096,0.0134,0.0164,0.0187,0.0214,0.024,0.0265,0.029,0.0329,0.0426,,0.3526844385266304,0.4448361977934837,0.6521016487643123,0.036376216,0.1460944247245788,0.051376216,0.073078923,0.091687113,0.1066871134594082,0.989343574,0.8101385792851448,0.8624688445091248,0.051980434,0.073898567,0.062288386
0.203304,0.022812596,8.588058151665598e-05,0.1494159952555404,-0.561241557,0.0106,0.0139,0.0169,0.0197,0.0226,0.0253,0.0284,0.0313,0.0352,0.0482,,0.3535387471318245,0.4386670112609863,0.6481583945006132,0.035564815,0.1258662873506546,0.056397541,0.080399226,0.095517709,0.1107886055402457,0.8153875360667706,0.8210964743852616,0.986157743,0.060707627,0.079174802,0.080043982
0.188972,0.024187445,9.6335588545338e-05,-0.097285606,-0.82580537,0.0103,0.0145,0.0185,0.0216,0.0244,0.0275,0.0306,0.0334,0.0368,0.0456,,0.3924231171607971,0.4092735648155212,0.5631546227395534,0.038403535,0.1464969193935394,0.077917408,0.1014969193935394,0.1164969193935394,0.1314969193935394,0.8063694896101952,0.8118549829304218,0.9805951168417932,0.056859957,0.05678445,0.097513913
0.201417,0.021613531,8.47969338590224e-05,0.025933205,-0.596610481,0.0091,0.0127,0.0164,0.0191,0.0224,0.0245,0.0269,0.0296,0.0336,0.0468,,0.3645690041780471,0.4273604705929756,0.5352725765436888,0.038172764,0.1264601144194603,0.053209736,0.071414204,0.086723749,0.1113854944244027,0.8942549015091732,0.9606212870180608,0.8373842994987966,0.068353495,0.075520113,0.080003241
0.182231,0.0224346,8.129623599434511e-05,0.076088052,-0.673333636,0.01,0.0138,0.0175,0.0198,0.0221,0.0247,0.028,0.031,0.0341,0.0448,,0.3677781741321086,0.4424312978982925,0.6845193892478942,0.038223245,0.1420204436779022,0.056024136,0.078862962,0.094411523,0.1094115229032933,0.8099959353774786,0.991898969,0.9328124640077352,0.085545336,0.093003778,0.095750089
0.182493,0.022863446,9.190374718401944e-05,0.1299431059162717,-0.562234802,0.0103,0.0139,0.0172,0.0199,0.0226,0.0254,0.0281,0.0313,0.0356,0.0496,,0.3660761168599128,0.4407907351851463,0.630605853,0.037939212,0.1358489471673965,0.059338693,0.090848947,0.1058489471673965,0.1208489471673965,0.8667178428813815,0.9923152898013592,0.8464327757060528,0.059417716,0.079806962,0.061552378
0.167778,0.022625622,9.250889659848667e-05,-0.095722306,-0.870383794,0.0089,0.0137,0.0167,0.0197,0.0233,0.0258,0.0285,0.032,0.0354,0.0424,,0.3977586135268211,0.4207912415266037,0.5871025348037481,0.041269027,0.1369407081604003,0.07432105,0.090506831,0.1055150072805583,0.1205150072805583,0.8340271936237812,0.9831864932894708,0.821929218,0.057265464,0.094168264,0.087876523
0.176846,0.024411813,0.000118479,0.3635728723863173,-0.273912649,0.0108,0.0148,0.0181,0.021,0.0239,0.0268,0.0299,0.0333,0.0389,0.053,,0.3789068203419447,0.4282101318240165,0.6248443751692772,0.042622172,0.1430180203914642,0.057622172,0.09801802,0.1130180203914642,0.1280180203914642,0.8106515684336424,0.9018100483287126,0.9205929226428272,0.074983109,0.080876725,0.071962111
0.168706,0.020469941,7.99419195626344e-05,-0.000747251,-0.788352723,0.0079,0.0123,0.015,0.0177,0.0206,0.0231,0.0262,0.029,0.032,0.0407,,0.3582894420623779,0.4661872923374176,0.6123742531299591,0.037705135,0.1272688570618629,0.052705135,0.082268857,0.097268857,0.1122688570618629,0.8402870499819517,0.9622341537475586,0.8099420269429685,0.075139639,0.092771835,0.095868643
0.187886,0.022240129,8.224252607831031e-05,-0.032564769,-0.758685823,0.0095,0.0133,0.0172,0.0197,0.0224,0.0254,0.0281,0.0306,0.0338,0.0443,,0.3575228503346443,0.4502126468811184,0.6436184785500169,0.036428376,0.1373231971263885,0.060567269,0.076241467,0.091386388,0.1065330671712756,0.8178983416318893,0.992886392,0.8310457657039166,0.064818827,0.087161401,0.094104188
0.188674,0.022177175,9.307567751864374e-05,0.0285063,-0.737381212,0.009,0.0129,0.0163,0.0198,0.0224,0.025,0.0277,0.0309,0.0353,0.046,,0.3626685038208961,0.4437306746840477,0.5982040473461151,0.036015843,0.1361573779582977,0.055491364,0.070508633,0.085508633,0.1005086330130696,0.8059369524240494,0.9611350475788116,0.9347993003845216,0.080390652,0.080969627,0.093691178
0.185565,0.024865022,0.000113584,0.1801315958469366,-0.544481353,0.0111,0.0152,0.0183,0.0215,0.0247,0.0275,0.0303,0.0344,0.0391,0.0537,,0.3799487344175577,0.4241240918636322,0.613308239,0.040960103,0.1409108674526214,0.058919623,0.095813245,0.1108829383298754,0.1259018429636955,0.9203190637536348,0.9666708785057068,0.8567079184442759,0.061665111,0.072155318,0.075039721
0.182527,0.023127139,8.7095192020359e-05,-0.074201844,-0.805627201,0.0109,0.0142,0.0174,0.021,0.0232,0.0259,0.0289,0.0319,0.0357,0.0414,,0.3870375462435186,0.4215267688035965,0.6067947828501463,0.040104898,0.1389720249176025,0.067006359,0.08647125,0.1015414258550852,0.1165961793519556,0.8821174228437245,0.9768600947737692,0.8312897753238678,0.077965326,0.07765111,0.08555672
0.178894,0.024872403,0.000114699,0.068914658,-0.760367258,0.0107,0.0146,0.0181,0.0214,0.0245,0.0281,0.0312,0.0348,0.0392,0.0495,,0.3864218315295875,0.4165501415729523,0.5975263833403587,0.036763645,0.1442479610443115,0.063513379,0.099247961,0.1142479610443115,0.1292479610443115,0.9835927011519672,0.9535382199048996,0.901531395,0.053702657,0.061178517,0.064034922
0.2165,0.025693753,8.934838196502971e-05,-0.120265645,-0.711391498,0.0122,0.0167,0.0207,0.0234,0.0262,0.0288,0.0314,0.0344,0.0381,0.0464,,0.3611025279760361,0.4152666300535202,0.6456373648524284,0.048262926,0.1445587348937988,0.063262926,0.078262926,0.093262926,0.1082629263401031,0.8181434087038041,0.9818359820067882,0.8291202815592289,0.066701783,0.089007333,0.090436487
0.227436,0.023337541,8.18911980969965e-05,-0.006611078,-0.670139783,0.0107,0.0147,0.0178,0.0212,0.0235,0.0261,0.0285,0.0314,0.0353,0.0461,,0.3609779235720634,0.4094860762357712,0.5973604518860578,0.039205674,0.1180401563644409,0.054205674,0.07198495,0.086985344,0.1030361562132835,0.8897228001039476,0.9743444180548192,0.8160849910080433,0.066876973,0.069108586,0.075706701
0.210002,0.024571831,0.000111723,0.054008497,-0.537412866,0.0106,0.0149,0.0182,0.0215,0.0246,0.0278,0.0307,0.0339,0.0379,0.054,,0.3828195182420313,0.4014707624912262,0.5201834018647671,0.040261575,0.1269842877984047,0.05526463,0.081984288,0.096984288,0.1119842877984047,0.877953393,0.985171052,0.987163905,0.066817303,0.092036936,0.093800242
0.212619,0.024942714,8.330759393855488e-05,-0.063813471,-0.656538546,0.0123,0.0162,0.0194,0.0222,0.0253,0.0279,0.0308,0.0335,0.0368,0.0483,,0.3536762669682503,0.4259620770812035,0.6450768620431423,0.0474431,0.1460585331916809,0.0624431,0.0774431,0.0924431,0.1074430997669696,0.8708779034912586,0.8055808232784272,0.9756412672281264,0.060628627,0.081871129,0.086020027
0.221543,0.024379504,9.029732355344282e-05,0.058560826,-0.590052755,0.0115,0.0152,0.0183,0.0216,0.0245,0.0272,0.0301,0.033,0.0366,0.048,,0.3655460730195045,0.4096761167049408,0.6388469809368252,0.039086802,0.141789002,0.05449373,0.069911427,0.085340215,0.1007479470938444,0.9752314077585936,0.9895495953679084,0.8187501436412334,0.053174081,0.091630357,0.090045719
0.212042,0.024374192,9.563885817504173e-05,-0.136997983,-0.811922699,0.0104,0.0149,0.0188,0.0222,0.0249,0.0276,0.0304,0.0334,0.0373,0.046,,0.3550561738014221,0.4286282002925873,0.5791267682611942,0.045668578,0.1298541778419167,0.060668578,0.075668578,0.090668578,0.1056685779988765,0.988412354,0.8086990124404431,0.8911065410576761,0.060370389,0.087839809,0.093852753
0.216627,0.025141813,0.000121016,0.170109343,-0.402680301,0.0098,0.0147,0.0186,0.022,0.025,0.0281,0.0316,0.0349,0.0393,0.0568,,0.3655128154158592,0.4080480605363846,0.5154248506844044,0.041228354,0.1351535582542419,0.056229335,0.085583985,0.1050511211894452,0.1201231793493032,0.832161524,0.9047886151641608,0.9630052440345288,0.056958816,0.089168982,0.089304413
0.2014,0.022976437,9.449473887643266e-05,-0.081856303,-0.74513788,0.0095,0.0134,0.0173,0.0203,0.0234,0.0263,0.0289,0.032,0.0356,0.0473,,0.3615691754221916,0.4302373975515365,0.5224534771084786,0.040179995,0.1344235014915466,0.060136305,0.08296766,0.1043329753324389,0.1193904409885406,0.8098428697347642,0.8112315820872784,0.9719453780412676,0.065192473,0.091631416,0.095008903
0.214617,0.023114086,8.859017042840331e-05,-0.083545122,-0.723114668,0.0099,0.0143,0.0183,0.0208,0.0232,0.0261,0.029,0.0322,0.0353,0.0453,,0.3519548553228378,0.4286536931991577,0.5389436675727367,0.045269086,0.1224903190135955,0.060999801,0.076004531,0.091004531,0.1060045314803719,0.8274978802531958,0.8488121956288814,0.9927873568058014,0.055386261,0.068897988,0.07451734
0.217152,0.025269755,0.000103781,0.004254119,-0.697835917,0.0115,0.0157,0.0191,0.0223,0.0252,0.0281,0.031,0.0346,0.0389,0.0495,,0.3580863603949547,0.4178288906812668,0.5876104611575603,0.043540853,0.118540853,0.058540853,0.073540853,0.088540853,0.103540853,0.8582418083414436,0.9909478081822396,0.9783384789109232,0.058855471,0.064448424,0.096139416
0.136727,0.018811375,6.917171771773312e-05,-0.004487345,-0.797369449,0.0071,0.0111,0.0137,0.0165,0.0186,0.0213,0.0236,0.0266,0.0302,0.0382,,0.3710355386137962,0.4864218413829803,0.5365270403176546,0.038195951,0.1372133356332779,0.065128674,0.080128674,0.095128674,0.1221035239011049,0.8130775572955609,0.9907287122070788,0.829070609,0.052854031,0.05975863,0.079015198
0.131049,0.019095808,7.204511495939393e-05,0.044372729,-0.818472015,0.0072,0.0113,0.0136,0.0165,0.0191,0.0215,0.0242,0.0273,0.0305,0.0401,,0.3731832440197468,0.4857448279857635,0.6751759279020131,0.04585054,0.1474778664112091,0.06085054,0.07585054,0.09085054,0.1058505399525165,0.9567931429564952,0.8214211615800857,0.986152688,0.052491356,0.053397398,0.05758777
0.135623,0.0168028,5.709819827340695e-05,0.051515125,-0.660361217,0.0061,0.01,0.012,0.015,0.0168,0.0188,0.0214,0.0235,0.0267,0.0378,,0.4143108594417572,0.4464743375778198,0.5954624056577682,0.036209001,0.1355006748437881,0.051209001,0.080110559,0.096233219,0.1168072823263704,0.8689310780659318,0.8135809495091438,0.9754320676386355,0.087991393,0.083906263,0.093907173
0.137246,0.017323292,5.0614790844046934e-05,-0.037521647,-0.836707378,0.0077,0.011,0.013,0.0155,0.0173,0.0197,0.0218,0.024,0.027,0.0336,,0.4128002086281777,0.4465495370328426,0.70188494,0.044192642,0.1354561787843704,0.059192642,0.074192642,0.089192642,0.106864083,0.8125168448358775,0.9957109528958796,0.8122113301038743,0.066112922,0.061646758,0.085566795
0.138974,0.017776383,6.372822306549108e-05,0.040988352,-0.741751275,0.0065,0.0103,0.0125,0.0156,0.0176,0.0205,0.0225,0.025,0.0284,0.0375,,0.3774896311759949,0.4760034561157226,0.5811901964575052,0.040624612,0.1406235718727111,0.055624612,0.076530631,0.091630942,0.125090097,0.8191069662481547,0.989023265,0.8193591167211534,0.062970225,0.063831228,0.070271418
0.136852,0.020823477,8.355850815341742e-05,0.073851528,-0.790562483,0.0083,0.0118,0.0153,0.0182,0.0207,0.0232,0.0264,0.0296,0.0333,0.0442,,0.3591066232323646,0.4982784062623978,0.7002342378191649,0.048255322,0.1481984233856201,0.063255322,0.078255322,0.093255322,0.1082553222775459,0.989037317,0.8902981450587512,0.8588852066546679,0.05519374,0.052456359,0.065371608
0.13578,0.017102652,5.730072357691657e-05,0.091097361,-0.618377304,0.0065,0.0103,0.0124,0.015,0.0171,0.019,0.0216,0.0237,0.0272,0.0382,,0.3817272357270121,0.4782732397317886,0.6692855321511626,0.037725487,0.1281769312918186,0.052725487,0.067725487,0.082725487,0.097725487,0.9635468330562116,0.9863893257260322,0.8078968453586102,0.054017571,0.067245742,0.069600505
0.129869,0.018659164,7.239111623716253e-05,0.17528387,-0.645775111,0.0071,0.0111,0.0134,0.016,0.0183,0.0209,0.0235,0.0267,0.0301,0.0408,,0.3663402646780014,0.4978363662958145,0.7099942013885826,0.038579454,0.1385609948635101,0.053580832,0.068580832,0.099271206,0.1142812063205987,0.9618578266978264,0.8081950410842895,0.9917109789788724,0.05840188,0.060679791,0.098433248
0.132225,0.016756556,5.5623809385952825e-05,-0.028899518,-0.833013761,0.0058,0.0103,0.0123,0.0149,0.0167,0.0193,0.0212,0.0238,0.0268,0.0334,,0.4066086867451668,0.455556221,0.5104247801810503,0.039659215,0.1472254073619842,0.054659215,0.069659215,0.084659215,0.099659215,0.930538438,0.8187937664568424,0.8320400785565376,0.054511236,0.087164284,0.072045431
0.137763,0.017601096,5.2488225739164926e-05,-0.027246362,-0.807043422,0.0079,0.0104,0.013,0.0157,0.0177,0.0202,0.0221,0.0246,0.0272,0.0341,,0.3910561069846153,0.4661666765809059,0.7280175375193823,0.037965586,0.1437008392810821,0.052965586,0.067965586,0.083425336,0.1005138736069202,0.8304123649507761,0.8350291801452637,0.9836578219354152,0.078079668,0.082597548,0.085795547
0.127559,0.022792024,5.672049801927742e-05,-0.356629084,-0.400373496,0.0123,0.016,0.019,0.0212,0.0231,0.0255,0.0274,0.0297,0.0325,0.0372,,0.4103540182113647,0.4542361970990896,0.887044164,0.048618058,0.1236180579662322,0.063618058,0.078618058,0.093618058,0.1086180579662322,0.8160337980002165,0.9837626868247986,0.8261412789285183,0.08973226,0.078939644,0.097860184
0.133482,0.02123843,6.058121671454244e-05,-0.080693191,-0.758193026,0.0106,0.0138,0.0163,0.0191,0.0212,0.0237,0.0261,0.0288,0.0318,0.0368,,0.4136601456999779,0.4461269874125719,0.8091844909697771,0.041644238,0.130986938,0.069953824,0.085012115,0.100033547,0.115986938,0.8100716371297837,0.9770925228834152,0.81301679,0.085060852,0.094500465,0.091495223
0.117749,0.022331189,6.413435022685401e-05,-0.055069521,-0.548241252,0.012,0.0149,0.0175,0.0207,0.0226,0.0246,0.027,0.0298,0.0328,0.0416,,0.4002898453176021,0.4729493424296379,0.8376435245633125,0.036994139,0.1337496572732925,0.066555683,0.086374768,0.1036967187404632,0.1187317922085523,0.8162527593761683,0.9860798522889614,0.9906261993467808,0.061841185,0.052837733,0.098134842
0.129585,0.022570839,5.688642671313072e-05,-0.322444047,-0.560755954,0.0118,0.0158,0.0181,0.0211,0.023,0.0252,0.0275,0.0297,0.0324,0.0375,,0.3901598863303661,0.4745795831084251,0.8610159904718399,0.049140655,0.1241406546533107,0.064140655,0.079140655,0.094140655,0.1091406546533107,0.816556335,0.9874959167063236,0.8155369503676891,0.085763951,0.08035,0.091553358
0.123242,0.022880818,5.9918219634538934e-05,-0.263923689,-0.410119866,0.0125,0.0162,0.0188,0.0208,0.0232,0.0254,0.0275,0.0298,0.033,0.0394,,0.41803217291831973,0.4481334609910846,0.8993412244409322,0.047386844456195835,0.14394594192504884,0.062747759,0.077798698,0.092798698,0.11657407892048359,0.842296789,0.9970677342712879,0.8942681136194617,0.080217946,0.063308731,0.085502268
0.126341,0.020800733,5.2143852556446574e-05,-0.147292416,-0.499530966,0.0113,0.0139,0.0168,0.0191,0.021,0.0231,0.0254,0.0275,0.03,0.0401,,0.398037678,0.4717333346605301,0.8515107355713845,0.039958355054259306,0.1368419933319092,0.057132081,0.08282324,0.097847482,0.12184199333190919,0.8236395572841168,0.8207249133348465,0.9826362493634224,0.080421591,0.078880553,0.090963672
0.124409,0.021710253,6.197586887029395e-05,-0.016323859,-0.603757338,0.0116,0.0144,0.0174,0.0196,0.0214,0.0236,0.0263,0.0289,0.0327,0.0402,,0.3992142480611801,0.468880208,0.8412591308802366,0.047948531657457355,0.12294853165745735,0.062948532,0.077948532,0.092948532,0.10794853165745735,0.9073904092121869,0.8067846215367317,0.8078628510951996,0.083494081,0.095846848,0.083217327
0.125489,0.021285068,4.988330473118077e-05,-0.349740272,-0.250619913,0.0117,0.0154,0.0176,0.0201,0.0215,0.0234,0.0255,0.0277,0.0304,0.0372,,0.3879861523956061,0.48045961558818817,0.9231981496185064,0.039035235,0.12238849699497223,0.054035235,0.077330136,0.092338919,0.10737621697336434,0.8151830215901137,0.9934074232459068,0.8087352633416653,0.062999649,0.093148796,0.084503937
0.125296,0.022926492,6.742693747431861e-05,-0.085993902,-0.652905413,0.0123,0.0155,0.018,0.0209,0.0228,0.0252,0.0279,0.0306,0.034,0.0411,,0.3704627315700054,0.4975078940391541,0.8478827725142241,0.047720377,0.12272037670016289,0.062720377,0.077720377,0.092720377,0.10772037670016289,0.9865016275167465,0.9892928312003613,0.8053872600972652,0.077258511,0.083246761,0.084779843
0.186953,0.022811628,0.000101603,0.07060573,-0.599633129,0.0095,0.0134,0.0169,0.0198,0.0226,0.0254,0.0284,0.0322,0.0362,0.0491,,0.3740647238492965,0.4291169643402099,0.5248883714318275,0.03579879,0.1279732650518417,0.058277741,0.082973265,0.097973265,0.1129732650518417,0.8087165715932847,0.9882103678703308,0.9791498694002628,0.061072517,0.097738869,0.09642065
0.198927,0.026621127,9.033782644608632e-05,-0.103315366,-0.726247855,0.0136,0.0181,0.0213,0.0238,0.0266,0.0294,0.0324,0.0358,0.0393,0.0458,,0.388838667,0.4061138063669205,0.7053396672908216,0.047671753,0.1322485643625259,0.070182523,0.087198139,0.1022179148010909,0.117222902,0.8201149070501328,0.9572975245594978,0.8085744321882725,0.077976759,0.08933995,0.08501614
0.195633,0.024857278,7.357322475411603e-05,-0.189516789,-0.622984944,0.013,0.0169,0.0197,0.0228,0.0254,0.0278,0.0299,0.0328,0.036,0.0426,,0.370615465,0.4272713854908943,0.7515311726097017,0.041271973,0.1196533477306366,0.059653348,0.074653348,0.089653348,0.1046533477306366,0.8333663954287768,0.9606726267516612,0.8286878059327603,0.087217558,0.091770733,0.08516561
0.185052,0.025166987,7.713783712078678e-05,-0.099318996,-0.604662316,0.013,0.0171,0.0204,0.0229,0.0253,0.0279,0.0302,0.0331,0.0369,0.0456,,0.3908322601765394,0.4150662988424301,0.7242028937756899,0.037854818,0.1379743564128875,0.072969003,0.087969003,0.1029690031379461,0.1179690031379461,0.8355730416357517,0.9926608653962612,0.8733094656527043,0.062535761,0.067242705,0.058405247
0.18712,0.027879121,0.000110833,0.028835701,-0.692732714,0.0143,0.0185,0.0218,0.0249,0.0279,0.031,0.0342,0.0376,0.0419,0.0516,,0.3833223796449602,0.4254212245345116,0.7383761134101078,0.036852467,0.1382932788133621,0.070068061,0.086381775,0.101381775,0.116381775,0.8516124420017004,0.9685675190329552,0.9895422831177711,0.077126588,0.077102348,0.084827351
0.195934,0.024669326,0.000113215,-0.00399842,-0.667905559,0.0104,0.0149,0.0186,0.0217,0.0244,0.0274,0.0306,0.0345,0.0386,0.0498,,0.3676866479218006,0.4313837260007858,0.5091100203394889,0.039048747,0.1280080962181091,0.067136807,0.082622549,0.098008096,0.1130080962181091,0.8111167883783579,0.815137862,0.902790061,0.052332998,0.094327376,0.09142576
0.189828,0.025718235,8.122843278551085e-05,-0.13558958,-0.645233676,0.013,0.0172,0.0203,0.0236,0.0264,0.0288,0.0314,0.034,0.0373,0.0475,,0.3578277117013931,0.4475377034395933,0.7538345035001636,0.043227358,0.1384285813570022,0.063290348,0.080524871,0.096305327,0.1113551057189703,0.8529120463386178,0.9947306450366974,0.8175796251058579,0.080411258,0.084174558,0.075600132
0.202986,0.024504043,8.059630914998263e-05,0.001566473,-0.653227316,0.0121,0.0167,0.0195,0.0218,0.0242,0.0269,0.0301,0.0328,0.0367,0.0449,,0.3568407002091407,0.4340329378843308,0.735306505,0.041463664,0.1164636636152863,0.056463664,0.071463664,0.086463664,0.1014636636152863,0.9948151895463466,0.9233268514052032,0.8061978645920754,0.052539553,0.055339521,0.096169475
0.190412,0.025717987,0.000119722,-0.085945021,-0.793285026,0.0109,0.0154,0.0192,0.0226,0.0258,0.029,0.0324,0.036,0.04,0.0501,,0.3686273361742496,0.4304075986146927,0.5381732744067907,0.047594243,0.1444939827919006,0.070202499,0.085202499,0.1002024988874793,0.1152024988874793,0.8051740191191435,0.996881793,0.9919126580297948,0.05605484,0.096931435,0.087402306
0.192955,0.027328592,8.423721901339169e-05,-0.165277191,-0.474343607,0.0148,0.019,0.0221,0.0249,0.0276,0.0301,0.0327,0.0355,0.0389,0.0501,,0.3784487438946962,0.421431229,0.7559236436337232,0.049069679,0.1262417748570442,0.064069679,0.079069679,0.096199957,0.1112087586015462,0.8239324272096158,0.8230134495437146,0.8969183433352038,0.075734357,0.080489271,0.08424835
0.128124,0.022683476,9.34207479309608e-05,0.1066630398579129,-0.70330191,0.0098,0.0131,0.0166,0.0194,0.0225,0.0256,0.0286,0.0316,0.0352,0.047,,0.3963021799921989,0.4647931858897209,0.7442822524454444,0.046475601,0.1457254242897033,0.061475601,0.085652778,0.1066499949306249,0.1216499949306249,0.9043870731052012,0.9925187611579896,0.98882464,0.082064508,0.094583284,0.0843519
0.120337,0.019768884,7.28912893665101e-05,0.1178988119834369,-0.666499517,0.0079,0.0123,0.0145,0.0169,0.0201,0.0221,0.0243,0.0278,0.0313,0.0415,,0.381148847,0.4857210010290146,0.7387208758441731,0.045487191,0.1471286213397979,0.060487191,0.075487191,0.1007139264702797,0.1157139264702797,0.9920172391980886,0.8425799914121628,0.9720585195720196,0.077325058,0.079420667,0.082379819
0.13279,0.018762227,7.461144025723893e-05,0.08373499,-0.691594216,0.0068,0.0102,0.0138,0.0161,0.0183,0.0213,0.0238,0.0265,0.0303,0.0423,,0.3828861241973936,0.4782435178756714,0.5178494387894869,0.040603311,0.1156033112108707,0.055603311,0.070603311,0.085603311,0.1006033112108707,0.8326299073964357,0.8106329102993012,0.905996964,0.077808392,0.059941206,0.095980104
0.125688,0.021050417,0.000102602,0.49711975,-0.052260954,0.008,0.0114,0.0146,0.0174,0.02,0.0229,0.0259,0.0293,0.0352,0.0548,,0.3693550011515617,0.4947001725435257,0.7477724703490733,0.03591864,0.1409055840969085,0.055677829,0.084139772,0.1109055840969085,0.1259055840969085,0.8638573359698057,0.9887745571255684,0.9291550200760365,0.055356098,0.067764369,0.066402417
0.131839,0.017724205,6.464938593100307e-05,0.072389138,-0.724200098,0.0064,0.0102,0.0124,0.0154,0.0175,0.0205,0.0225,0.025,0.0284,0.0375,,0.4027130889892578,0.4541432153433561,0.5158077622085809,0.036435182,0.1320064289867878,0.052876852,0.086927898,0.1019278980780393,0.1169889454990625,0.9824284180909396,0.9823286219418048,0.8096438968360424,0.054220326,0.064864661,0.060417047
0.13361,0.019113295,7.274145422069467e-05,-0.03084206,-0.811212852,0.0068,0.0113,0.0136,0.0174,0.0193,0.0218,0.0245,0.0271,0.0305,0.0398,,0.3961520357429981,0.4645762249827385,0.5369720303893089,0.036110364,0.1446567404270172,0.059242362,0.075681857,0.096320307,0.1283594499349594,0.9131896783143282,0.8419834096550942,0.9892885676562786,0.082391782,0.083560352,0.08683198
0.129955,0.017446502,6.040139903703732e-05,0.046150942,-0.659144171,0.0064,0.0102,0.0125,0.0154,0.0173,0.0202,0.0219,0.0244,0.0277,0.0375,,0.4092214906215667,0.4568406291306019,0.5759116972357035,0.042120483,0.1331512561440468,0.057164919,0.081612677,0.096895761,0.1122504531539976,0.8459963394761085,0.8526333675801754,0.9771947556436062,0.08190747,0.084459472,0.080708218
0.133211,0.018140493,4.8749728383878905e-05,-0.056846611,-0.795819181,0.0084,0.0116,0.0141,0.0161,0.0181,0.0203,0.0225,0.0247,0.0276,0.0334,,0.4003635640442371,0.4604396566748619,0.7670708506509661,0.036857032,0.132962797,0.054758251,0.069772961,0.084799869,0.1179341692626476,0.8751914944276213,0.9782240930080414,0.840136703,0.061307528,0.071139139,0.082721672
0.123139,0.017893653,5.2179782007235513e-05,-0.063552806,-0.831591237,0.0081,0.0107,0.0132,0.016,0.0179,0.0204,0.0223,0.0248,0.0276,0.034,,0.4134407210350037,0.4526991628110409,0.734770291,0.039869319,0.136064601,0.062334342,0.078843749,0.1013850249413401,0.1164729683212935,0.8574228627696634,0.8290945046305657,0.9794982912480832,0.066512859,0.083472563,0.085129614
0.137822,0.017803657,5.910292572355368e-05,-0.003285083,-0.790257706,0.0067,0.0103,0.0132,0.0157,0.0176,0.0201,0.0226,0.0249,0.0282,0.0362,,0.3914589428901672,0.4667509555816651,0.6715116585440933,0.040130764,0.1215214854478836,0.055130764,0.076487491,0.091513874,0.1065138736099004,0.8700788588955999,0.979402323,0.8167851215898991,0.052396404,0.05511826,0.09595057
0.200114,0.028053288,9.60796848700452e-05,-0.056848876,-0.53472512,0.0151,0.0193,0.0226,0.0255,0.0282,0.031,0.0337,0.0367,0.0407,0.0512,,0.3817091878131032,0.4121501296758652,0.7333696660179645,0.047095075,0.1268417435884475,0.066841744,0.081841744,0.096841744,0.1118417435884475,0.8598145901396871,0.8224776930451393,0.921965096,0.066450948,0.086898609,0.083771689
0.199963,0.029154548,9.79670553876444e-05,-0.016957188,-0.183019042,0.0163,0.0204,0.0233,0.0265,0.0292,0.0319,0.0347,0.0379,0.0419,0.0557,,0.3608316397666931,0.4343858450651169,0.8302714759156108,0.036187588,0.1378388285636901,0.056546214,0.082907927,0.097907927,0.1129079267978668,0.9873646882593632,0.9847312643110752,0.8316009993851186,0.05244803,0.087168473,0.076113156
0.188272,0.027574076,0.000137519,0.01192042,-0.645000841,0.0112,0.0166,0.0208,0.0245,0.0281,0.031,0.0344,0.0381,0.043,0.058,,0.3688118280470371,0.4390015870332718,0.544413241,0.048892648,0.1465740764141082,0.086574076,0.1015740764141082,0.1165740764141082,0.1315740764141083,0.8151928752690554,0.9904407523930072,0.8557730732232333,0.083765275,0.091652012,0.092654917
0.191133,0.027741975,0.000109302,0.027324549,-0.734014336,0.0143,0.0186,0.0219,0.0248,0.0278,0.0308,0.0341,0.0379,0.0421,0.052,,0.3680763556063175,0.4307288631796837,0.7059646007169038,0.044422566,0.132834865,0.072834865,0.087834865,0.102834865,0.117834865,0.9687354801297188,0.8054753451943397,0.9854874207019806,0.062896199,0.08348729,0.097476066
0.193242,0.024263856,7.980130768440678e-05,-0.064394885,-0.714670304,0.0118,0.0165,0.0194,0.0218,0.0241,0.0269,0.0297,0.033,0.0362,0.0453,,0.3919662246108055,0.4082111030817032,0.6971819303255528,0.041374292,0.1233483588695526,0.063348359,0.078348359,0.093348359,0.1083483588695526,0.8292470631599427,0.9866255766272544,0.9168091419994832,0.074156429,0.059784071,0.097728193
0.203448,0.028646342,9.637175395740376e-05,-0.13276432,-0.550880067,0.0156,0.0197,0.0232,0.0261,0.0289,0.0317,0.0346,0.0378,0.0416,0.0531,,0.3799166461080313,0.4107811003923416,0.7511977835364639,0.045540756,0.1403482222557067,0.062916362,0.078511428,0.1102748881444335,0.1252935343533754,0.8151264254897833,0.8403940751254558,0.9042443767275662,0.065943529,0.078276808,0.091275572
0.201261,0.027990804,0.000141262,-0.091004609,-0.828594321,0.0121,0.0174,0.0214,0.025,0.0285,0.0318,0.0351,0.0394,0.0441,0.0517,,0.3553686141967773,0.4393282450735569,0.5213119126617909,0.041186189,0.1411860013008117,0.078175208,0.093175208,0.1111860013008117,0.1261860013008117,0.8223726029396058,0.8174803279161453,0.9515729297816754,0.061817725,0.098321996,0.091485049
0.191999,0.023159906,7.305638882875504e-05,-0.066019008,-0.627416024,0.0111,0.0154,0.0187,0.0211,0.0233,0.0259,0.0282,0.0309,0.0346,0.0453,,0.3677809789776802,0.4371803104877472,0.7085258216008544,0.042104607,0.1171046071592718,0.057104607,0.072104607,0.087104607,0.1021046071592718,0.9153254393950104,0.992022918,0.8402712276339531,0.079181783,0.07033106,0.076949934
0.194807,0.025826937,8.437808642363107e-05,-0.139843329,-0.694807226,0.0128,0.0172,0.0206,0.0237,0.0262,0.0288,0.0315,0.0345,0.0376,0.0468,,0.3551328027248382,0.4463993601500988,0.724195568,0.047985883,0.1229858827590942,0.062985883,0.077985883,0.092985883,0.1079858827590942,0.8774047117397189,0.8110177677571774,0.948477791,0.07129108,0.075163679,0.098120869
0.194452,0.027588249,9.954106232682504e-05,0.082431252,-0.231921312,0.0142,0.019,0.022,0.0247,0.0274,0.0303,0.0332,0.0367,0.0407,0.0605,,0.3822259232401848,0.4147744476795196,0.7526179928105324,0.046897263,0.1218972626328468,0.061897263,0.076897263,0.091897263,0.1068972626328468,0.8394982731103897,0.897821317,0.8789365121379495,0.069855195,0.059118461,0.097550479
0.220516,0.024621207,9.54631218077026e-05,0.049190987,-0.610162503,0.0116,0.0155,0.0187,0.0217,0.0243,0.0274,0.0302,0.0334,0.0374,0.0495,,0.3511544051766395,0.4222061842679978,0.6488613415762782,0.035576289,0.1127052319049835,0.050927753,0.067705232,0.082705232,0.097705232,0.8755179362662137,0.9869899386823178,0.9894011554181577,0.075223505,0.059364541,0.097105982
0.218117,0.024825911,8.797552252971908e-05,0.062335286,-0.446148014,0.0125,0.0162,0.0194,0.0222,0.0249,0.0276,0.0301,0.0329,0.0367,0.0503,,0.3571518033742905,0.4194077968597412,0.690588505,0.035888598,0.1243776327371597,0.050888598,0.072674759,0.094377633,0.1093776327371597,0.9192235360182822,0.8815883863463998,0.9915251389086248,0.072073015,0.073535798,0.095544037
0.207233,0.022641176,0.000100749,0.1405337237088677,-0.43656278,0.01,0.0139,0.0175,0.0203,0.023,0.0257,0.0286,0.0318,0.0358,0.0522,,0.3578424504399299,0.4283424064517021,0.5160201185524463,0.03713678,0.1138400506973266,0.053840051,0.068840051,0.083840051,0.098840051,0.9788275478035212,0.9729868685483932,0.8815887896448374,0.053169306,0.08732019,0.084071025
0.199529,0.022895219,9.45073930200301e-05,-0.057429925,-0.760505696,0.0095,0.0133,0.0171,0.02,0.0231,0.0262,0.0291,0.0321,0.0353,0.0471,,0.3802092460542917,0.4114458203315735,0.5239875221818685,0.042041273,0.1353981685638428,0.057047915,0.089822618,0.1053981685638427,0.1203981685638427,0.8617334898576141,0.95876191,0.8094952902793885,0.057950754,0.096796477,0.085678677
0.208717,0.024483822,0.000106284,-0.03873366,-0.749153263,0.0106,0.0149,0.0184,0.0215,0.0243,0.0275,0.0307,0.034,0.038,0.05,,0.3533240267634392,0.4291668832302093,0.5456825002938509,0.037457165,0.1322974361479282,0.065259133,0.080259133,0.095259133,0.110259133,0.8793017951503396,0.993095211,0.8408324813187122,0.071610214,0.09417411,0.095196134
0.211961,0.024923737,0.000116081,0.099920374,-0.616391957,0.0109,0.0151,0.0189,0.0221,0.0248,0.0276,0.0307,0.0345,0.0395,0.051,,0.3537603643536567,0.4286108031868935,0.5454795254230499,0.038565502,0.126489311,0.054037851,0.081441542,0.096453837,0.1114858312554657,0.9849307580709458,0.983422405,0.8657759581744672,0.056841596,0.096480968,0.093030763
0.21195,0.024404829,9.393026955526167e-05,0.0793729,-0.653860746,0.0118,0.0154,0.0186,0.0213,0.0239,0.0268,0.0298,0.0334,0.0374,0.0501,,0.3737963348627091,0.4025456041097641,0.6327244640886783,0.037270492,0.1401845872402191,0.052712508,0.089044824,0.1044800184421241,0.1247373373240232,0.8457971450328827,0.952851832,0.8286461184501648,0.068667663,0.079415159,0.097992429
0.205766,0.024680808,0.000103319,-0.192754188,-0.829626235,0.0101,0.0149,0.0189,0.0223,0.0253,0.0283,0.0312,0.0343,0.0378,0.0461,,0.3831979875080287,0.4065451025962829,0.5157497713029384,0.045277795,0.1339440628886223,0.060277795,0.075277795,0.092376726,0.1073862115949392,0.8350842717558146,0.8632429,0.8246660267412663,0.054823016,0.096800496,0.091430435
0.213016,0.023778465,9.679226867336694e-05,-0.062771279,-0.669155435,0.0101,0.0142,0.0178,0.0211,0.0242,0.0272,0.0298,0.0327,0.0363,0.0476,,0.3588244780898094,0.4195671647787094,0.5117249451309442,0.039485013,0.1327472180128097,0.063526314,0.078539873,0.093539873,0.1085398726671934,0.8175911201268435,0.8368849965929985,0.9347816125303507,0.061200903,0.07748768,0.068640804
0.215052,0.024134714,9.7636850964229e-05,-0.009699221,-0.723890633,0.0107,0.0147,0.018,0.0212,0.0241,0.0272,0.0302,0.0336,0.0372,0.0485,,0.3507647141814232,0.428551722,0.5646832265585661,0.042373427,0.1259629318118095,0.057374475,0.078001459,0.093001459,0.1099769773446023,0.8566676563218236,0.9649203376889228,0.8274278269290924,0.06260661,0.096275853,0.096294641
0.133785,0.024488176,0.00011151,-0.098024535,-0.829996718,0.0099,0.0142,0.018,0.0215,0.0251,0.0283,0.0313,0.0342,0.0381,0.0472,,0.4164432492852211,0.4428053721785545,0.5095168814241886,0.048568464,0.1419346737861633,0.081934674,0.096934674,0.1119346737861633,0.1269346737861633,0.805482373,0.8624987630337477,0.8455567848026753,0.05490296,0.094486918,0.094984183
0.123802,0.021429582,8.825981509137663e-05,-0.040063594,-0.783047038,0.0081,0.013,0.0158,0.0186,0.022,0.0242,0.0269,0.0304,0.034,0.0419,,0.3794354628026485,0.4887262105941772,0.5228928651005029,0.04934517,0.1322256180644035,0.072225618,0.087225618,0.1022256180644035,0.1172256180644035,0.8247899951517582,0.9947387669801712,0.9896597416639328,0.053388532,0.098764298,0.085872276
0.138483,0.024743774,7.943070548148572e-05,-0.060095894,-0.280111375,0.0129,0.0171,0.0199,0.0229,0.0249,0.0272,0.0296,0.0323,0.0363,0.0468,,0.3850211556625436,0.4712527230381965,0.9246377232581376,0.03633109,0.1180052876472473,0.05133109,0.066346999,0.088005288,0.1030052876472473,0.9780816946059464,0.9740461748123168,0.8760405301794411,0.052570244,0.084510819,0.098613388
0.144625,0.023719889,7.136534040760546e-05,0.008733739,-0.121730149,0.013,0.0166,0.0192,0.0213,0.0235,0.0258,0.0282,0.0308,0.0347,0.0501,,0.3539537850022316,0.4983108729124069,0.907775946,0.036369235,0.1170857381820678,0.051372644,0.067682212,0.087085738,0.1020857381820678,0.8164913447052241,0.9321328706294298,0.8252365694522859,0.053790724,0.073541632,0.0953628
0.127695,0.025150663,8.675774216473162e-05,0.029686978,-0.629616579,0.0127,0.0166,0.0203,0.0225,0.0247,0.0273,0.0303,0.0338,0.038,0.0461,,0.3909055016934872,0.4715166166424751,0.825311685,0.048848852,0.1486704492568969,0.075380832,0.093515004,0.1085150044366717,0.1236175451278686,0.8135269005447626,0.9955252974152564,0.9795325236916542,0.051480234,0.053741377,0.066336003
0.141049,0.024742743,7.053985332854626e-05,-0.20556714,-0.516544373,0.0137,0.0171,0.0197,0.0226,0.0253,0.0276,0.0298,0.0325,0.0354,0.0433,,0.3728316651284695,0.4823454856872559,0.869079608,0.049562877,0.1245628768205642,0.064562877,0.079562877,0.094562877,0.1095628768205642,0.9949311758071184,0.8828656304344535,0.8211722512841225,0.052923874,0.06026951,0.071039568
0.136985,0.02163906,8.869957155151162e-05,-0.038943503,-0.77086739,0.0085,0.0124,0.0164,0.0189,0.0217,0.0243,0.0276,0.0305,0.0341,0.0439,,0.401627461,0.4527638854458928,0.5370243254005909,0.038142779,0.138334635,0.078334635,0.093334635,0.108334635,0.123334635,0.8406301176697016,0.9565000080645084,0.8161096307456494,0.056381604,0.097200277,0.098140545
0.140468,0.020870206,6.279792220369073e-05,0.008875208,-0.744683779,0.0105,0.0134,0.0164,0.0183,0.0205,0.0232,0.0255,0.0284,0.0318,0.0386,,0.4155716609954834,0.4402617558836937,0.8022780649334192,0.036778307,0.1182016563415527,0.058201656,0.073201656,0.088201656,0.1032016563415527,0.8828921415418387,0.9906630280733107,0.913213093,0.083380745,0.089348525,0.087641537
0.139429,0.026156979,8.81406144344368e-05,-0.026106841,-0.17059616,0.0147,0.0188,0.0216,0.024,0.0266,0.029,0.0316,0.0345,0.0386,0.0523,,0.3597280368208885,0.4931656450033188,0.9264690136045216,0.038160527,0.1268265905976295,0.053160527,0.068160527,0.096826591,0.1118265905976295,0.8605500475272536,0.9251611825138332,0.822874287,0.06534485,0.076743904,0.08576348
0.131253,0.021956869,9.484298479826123e-05,-0.024529926,-0.790072744,0.0086,0.0124,0.0167,0.0195,0.0221,0.0248,0.0278,0.0314,0.035,0.0453,,0.387629825,0.4757810801267624,0.5161521292805672,0.047451001,0.1362464851140976,0.076246485,0.091246485,0.1062464851140976,0.1212464851140976,0.8049450491696597,0.9662481265842916,0.8476568252325059,0.079337593,0.09756445,0.0883938
0.145211,0.022166693,9.985343265805596e-05,0.02211696,-0.745761227,0.0085,0.0123,0.0162,0.0197,0.0225,0.0251,0.028,0.0312,0.0359,0.0464,,0.3870946482941508,0.4602836549282074,0.5111644557237625,0.043945646,0.1438005566596985,0.065440028,0.080440028,0.098333788,0.1287636927098035,0.9087321136008948,0.9258646714359522,0.8079781838834286,0.055521294,0.097577199,0.098049171
0.128816,0.02184061,9.618234870678108e-05,0.028906557,-0.826961495,0.0084,0.0122,0.0162,0.0187,0.0215,0.0245,0.0279,0.0311,0.0353,0.0437,,0.3663002812862396,0.4931983917951584,0.5414905766844749,0.036405541,0.1350336474180221,0.075033647,0.090033647,0.1050336474180221,0.1200336474180221,0.8095743837922812,0.8652240948617459,0.9562535391151904,0.06785421,0.086274585,0.075933605
0.137722,0.02301133,6.41443545707701e-05,-0.082426821,-0.431041198,0.0123,0.0159,0.0183,0.0208,0.0232,0.0254,0.0275,0.0299,0.0337,0.0428,,0.3948863212764263,0.4613503970205784,0.8541372933894396,0.040018404,0.1335960748791694,0.058334987,0.078574135,0.093574135,0.1085741352975368,0.9625787061214448,0.9367557778418064,0.8063276906430722,0.052064824,0.097890557,0.086851379
0.128297,0.019851762,7.552763634499797e-05,-0.101516593,-0.862971765,0.0075,0.0114,0.0148,0.0175,0.02,0.0231,0.0253,0.0281,0.0312,0.0385,,0.3893145539611578,0.4756333708763122,0.5428990172356367,0.044971703,0.1308496429026127,0.070849643,0.085849643,0.1008496429026127,0.1158496429026127,0.8449929204046727,0.8103900379896164,0.973373477,0.077780646,0.082192681,0.090647445
0.138757,0.02116105,9.405159325576686e-05,0.072579245,-0.818770876,0.0078,0.0126,0.0152,0.0179,0.0212,0.0237,0.0266,0.0304,0.0349,0.042,,0.4030930313467979,0.4547592263668775,0.5176826093941926,0.035753553,0.1342281320691108,0.074228132,0.089228132,0.1042281320691108,0.1192281320691108,0.8126637146949769,0.9487192666023968,0.9833603587329388,0.05486301,0.086588391,0.075362467
0.147981,0.022521481,6.306842479603773e-05,-0.121808631,-0.674297446,0.0117,0.0154,0.018,0.0202,0.023,0.0249,0.0275,0.0301,0.0332,0.0388,,0.3988156251609325,0.4483618043363094,0.7891058736562728,0.049082091,0.1240820913016796,0.064082091,0.079082091,0.094082091,0.1090820913016796,0.8787216061852873,0.9839127284169196,0.8308078534960748,0.070510865,0.070248989,0.087857195
0.129913,0.020006552,7.720737633052323e-05,-0.060776237,-0.792879679,0.0074,0.0119,0.0146,0.0177,0.0204,0.0228,0.0256,0.0281,0.0317,0.0401,,0.4133552697300911,0.4505118979606777,0.5256659615278244,0.042610451,0.1280894322693348,0.068089432,0.083089432,0.098089432,0.1130894322693348,0.8573228366091847,0.8462494366466999,0.9554936193585396,0.058206148,0.098214271,0.096516692
0.129785,0.023592362,0.000115521,0.032943311,-0.806632587,0.0091,0.0129,0.017,0.0205,0.0238,0.0268,0.0301,0.0334,0.0378,0.0468,,0.3662480854988098,0.4930759817361831,0.5239417807996273,0.037585274,0.1375850391387939,0.077585039,0.092585039,0.1075850391387939,0.1225850391387939,0.8060290551304817,0.9851753988564016,0.9605010237812996,0.055731616,0.096521024,0.067807568
0.130197,0.021767846,9.340896538024308e-05,-0.036505839,-0.819415133,0.0082,0.0126,0.0162,0.0188,0.0217,0.0249,0.0277,0.0309,0.0348,0.0431,,0.411652325,0.448563537,0.5430899838209152,0.046749519,0.1384913569688797,0.078491357,0.093491357,0.1084913569688797,0.1234913569688797,0.8785427476145328,0.9877339420497416,0.8309520775377751,0.080975869,0.094921303,0.091153738
0.138129,0.02291933,5.919440585420975e-05,-0.260262389,-0.426290909,0.0125,0.0161,0.0188,0.0211,0.0233,0.0257,0.0277,0.0298,0.0326,0.0401,,0.3716710004210472,0.4805236935615539,0.8777660745441913,0.043199389,0.1395849335193634,0.058245473,0.073300963,0.088337224,0.1033372240304947,0.8803715552769602,0.98173647,0.808788907,0.084250685,0.080562875,0.095111048
0.130074,0.021327758,8.044770176702827e-05,0.144934066,-0.654719042,0.0091,0.013,0.016,0.0184,0.0208,0.0237,0.0264,0.0294,0.0336,0.0432,,0.3673370435833931,0.4918767064809799,0.757817616,0.045148285,0.1461426532268524,0.060148285,0.075148285,0.090148285,0.1129044951219111,0.8811257310800255,0.9315404659569264,0.8177404741227627,0.087803056,0.092657062,0.091257931
0.139741,0.020639222,6.324368338747555e-05,-0.053190418,-0.746616012,0.0102,0.0127,0.0163,0.0185,0.0206,0.0232,0.0254,0.0278,0.0314,0.0391,,0.4101846218109131,0.4451465483754873,0.7448429663378745,0.04082436,0.138845899,0.063482266,0.079868508,0.094868508,0.1098841498889029,0.886011653,0.9826050121545792,0.8548964541196824,0.082871258,0.082292327,0.09047518
0.131714,0.021560033,8.85078264185608e-05,0.1487747833141342,-0.486033833,0.0095,0.013,0.0162,0.0189,0.0214,0.0239,0.0269,0.03,0.034,0.0506,,0.3678159368038177,0.4919038057327271,0.6996146250285208,0.046203978,0.1391829496622085,0.068006706,0.087985985,0.1075700070261955,0.1225814756691455,0.8919127943977714,0.9751771316230298,0.8368302805364132,0.072409469,0.075864112,0.062810365
0.131,0.01956471,7.508041762993762e-05,-0.014005358,-0.801025559,0.0074,0.0113,0.0144,0.0171,0.0194,0.0224,0.0246,0.0278,0.0311,0.0382,,0.3854476254899054,0.4756815284490585,0.6092575669527054,0.038958464,0.1318808820843696,0.061486071,0.0826481,0.097813787,0.1132972152696922,0.8756486896410585,0.9614767110645772,0.8604244310557843,0.074581036,0.074041036,0.076522575
0.125965,0.019225343,5.554941560401428e-05,0.037708878,-0.678187956,0.0095,0.012,0.0148,0.0168,0.0194,0.0214,0.0235,0.0261,0.0291,0.0372,,0.4135816371440887,0.4505414878949523,0.7853397282019258,0.036282893,0.1459157073497772,0.05607378,0.072783075,0.089202391,0.1042023906826973,0.8240469240993261,0.9180111748665571,0.9237561397641898,0.052673748,0.087857026,0.086889247
0.126633,0.020812875,9.677833180209612e-05,0.2861548218774091,-0.257583716,0.0083,0.012,0.015,0.018,0.0205,0.023,0.0258,0.0288,0.0335,0.0501,,0.3773592788726091,0.4801868438720703,0.5281536065340042,0.03766518,0.1470824468135833,0.054098618,0.097858488,0.1143112765997648,0.1306952147781848,0.94461402,0.8707069485664368,0.9453159399420024,0.059264842,0.070961176,0.066006122
0.137009,0.020852023,7.742734830935162e-05,0.040986608,-0.832756659,0.0087,0.0119,0.0156,0.0181,0.0205,0.0234,0.0265,0.0294,0.0326,0.0436,,0.3798476681858301,0.4780043423175811,0.7265935428837547,0.048462765,0.1382909840345382,0.063462765,0.078700354,0.093716355,0.1087206593826413,0.8769156216450036,0.9690008401989936,0.8488258551418781,0.058397422,0.057340284,0.058727122
0.124114,0.018211574,6.594550945253568e-05,0.075359234,-0.770556976,0.0069,0.0105,0.0128,0.0158,0.0179,0.0207,0.023,0.0258,0.0291,0.0376,,0.3783258355408907,0.4897193193435669,0.7046783739555627,0.035808612,0.1173697233200073,0.055977678,0.070977678,0.085977678,0.1009776783257722,0.8696327207729221,0.8125600021600723,0.8511044383972883,0.062715821,0.078523203,0.080934968
0.136211,0.020397992,7.248027694251761e-05,-0.008019921,-0.811946348,0.0083,0.0127,0.0151,0.0178,0.0209,0.0231,0.0255,0.0285,0.0318,0.0417,,0.4050024166703224,0.4531703174114227,0.7004927225310356,0.038341893,0.1415418517589569,0.066924366,0.092055057,0.1075577233463525,0.1230343189179897,0.8825233077347279,0.8236338552713395,0.9844462399482728,0.076043346,0.086853612,0.078460619
0.129965,0.02045179,5.6745016350332146e-05,-0.044724704,-0.687737375,0.0103,0.0131,0.016,0.0182,0.0207,0.0225,0.025,0.0274,0.0304,0.0372,,0.3966231079399586,0.4656930655241013,0.819615624,0.041389227,0.1434892833232879,0.057087228,0.077694952,0.093019707,0.1083481182470917,0.8608743550971151,0.9813746448993684,0.8439740478634835,0.084049921,0.080640196,0.097311646
0.132813,0.019625209,7.713730868303913e-05,-0.001816233,-0.845923606,0.0072,0.0114,0.0138,0.0175,0.0195,0.0222,0.0251,0.028,0.0315,0.0394,,0.4032693037390709,0.4518732937052846,0.5132164653271436,0.036738067,0.1263513320684433,0.065542949,0.081051989,0.096154078,0.111255692,0.9114138721551748,0.8627658493340016,0.9815390545904636,0.067048627,0.073130064,0.097212345
0.115853,0.019907806,7.896972000995981e-05,0.041341042,-0.730566173,0.0075,0.0122,0.0146,0.0172,0.0199,0.0226,0.0249,0.028,0.0322,0.0421,,0.4070444214344024,0.4652484551072121,0.5169912350356578,0.044949438,0.1377439922094345,0.060032909,0.090274278,0.1054783726915717,0.1205390556976199,0.8644032887622715,0.921268874,0.8991411333066878,0.088981447,0.074670865,0.092995857
0.130767,0.018442395,6.494792843170341e-05,-0.047207232,-0.809440716,0.0067,0.0109,0.0136,0.0164,0.0185,0.0208,0.0235,0.026,0.0295,0.0388,,0.4061844280362129,0.456033969,0.6443331859722733,0.036079296,0.1468151950836181,0.056235081,0.072895047,0.08950014,0.1061280664861202,0.8882916850470006,0.8441305978477002,0.8992907513847109,0.055770758,0.079157897,0.075116811
0.11903,0.018442383,6.567067531390636e-05,0.007214545,-0.830575632,0.0069,0.0109,0.013,0.0163,0.0185,0.0207,0.0236,0.0261,0.0295,0.0391,,0.3913233261555433,0.4831461578607559,0.7176262056291103,0.037954291,0.1394421297311782,0.058958879,0.09444213,0.1094421297311782,0.1244421297311782,0.8408051247268915,0.9916449138760568,0.8263824601590634,0.053798425,0.058241859,0.097590332
0.110377,0.019585858,6.66629638934138e-05,0.056187879,-0.667379579,0.0079,0.0118,0.0149,0.0176,0.0196,0.022,0.0243,0.0267,0.0306,0.039,,0.3889071496203541,0.4949853599071502,0.7845092332988978,0.044445248,0.1333476448059082,0.059452739,0.074454016,0.089469855,0.1045357794761657,0.9052328560264782,0.9660489186525344,0.9230110675632954,0.086652124,0.082125671,0.094285281
0.114296,0.019251717,7.740521226453143e-05,0.1620724201520866,-0.425411379,0.0076,0.0109,0.0135,0.0167,0.0192,0.0221,0.0243,0.0271,0.0305,0.0467,,0.4045596098899841,0.4710521697998047,0.580061632,0.04056112,0.1290237007290124,0.061286629,0.08139686,0.096840536,0.1122361626967787,0.9036676029989495,0.8940654060471803,0.8845303012296558,0.074415929,0.075886681,0.078213912
0.115821,0.020950846,8.82509930105529e-05,0.020747404,-0.722476771,0.008,0.0117,0.0158,0.0184,0.021,0.0237,0.027,0.0297,0.0333,0.0442,,0.4139718788862228,0.4572764381766319,0.515793998,0.043942498,0.1282282188534736,0.067569827,0.0827886,0.097857877,0.1131120265897363,0.9040318420963362,0.927663527,0.9330427187234164,0.088802164,0.076001204,0.09344939
0.097559,0.018870851,7.036388958494351e-05,0.057045134,-0.788777209,0.0071,0.0108,0.0134,0.0163,0.0187,0.0216,0.0235,0.0265,0.0303,0.0377,,0.4081074860692024,0.4814632445573806,0.7446111082568765,0.037450909,0.1373046612739563,0.071248555,0.089253697,0.1043384245306253,0.1193696168780326,0.875454142,0.8644174769073725,0.9423302474260332,0.073398301,0.073444297,0.076978711
0.128094,0.020117322,6.981596958174564e-05,-0.026884881,-0.878853308,0.0088,0.0117,0.0152,0.0175,0.0206,0.0226,0.0252,0.0281,0.0316,0.0375,,0.4148318681120873,0.444678146,0.7144643191795796,0.042804842,0.1460374343395233,0.066582811,0.086686229,0.1021393831972032,0.1171393831972032,0.8138238632619381,0.8374393311440945,0.9201914372324944,0.061485665,0.055237089,0.096858409
0.142806,0.019107283,7.14259820057414e-05,-0.004685564,-0.760565421,0.0071,0.0115,0.0138,0.0167,0.0193,0.0216,0.0241,0.0271,0.0303,0.0405,,0.409810058,0.4393651641905308,0.5285854625433684,0.039609818,0.1326300475001335,0.05633444,0.071480894,0.093887064,0.1127609892936423,0.9338989956855774,0.935198348,0.9093686967201532,0.07867827,0.078131507,0.081883065
0.219059,0.02848173,0.000104956,-0.060118292,-0.621008308,0.0145,0.0187,0.0224,0.0257,0.0286,0.0314,0.0345,0.0377,0.0419,0.0539,,0.3550566285848617,0.4213194072246551,0.6608355522483587,0.044983525,0.1286518020927906,0.068651802,0.083651802,0.098651802,0.1136518020927906,0.8222831334412098,0.9665704974770546,0.98892492,0.070354084,0.086911225,0.079459071
0.202989,0.02666499,0.000132342,0.009818608,-0.683296348,0.0111,0.016,0.0197,0.0234,0.0269,0.03,0.0333,0.0369,0.0415,0.0541,,0.3777241153270006,0.4137157559394837,0.5321455975502729,0.045999527,0.1375820624828338,0.061007264,0.092582062,0.1075820624828338,0.1225820624828338,0.9156528403885664,0.9725645870327948,0.883573969,0.052800505,0.096518581,0.094054083
0.193982,0.024586847,0.000104131,-0.108723816,-0.819036433,0.0103,0.0147,0.0185,0.0224,0.025,0.0279,0.0311,0.0343,0.0378,0.0467,,0.3964214313030243,0.4016302555799484,0.5295192005574703,0.037497441,0.1326277104020118,0.07262771,0.08762771,0.1026277104020118,0.1176277104020118,0.8740315662875772,0.9718036014199256,0.8992766423270107,0.083823232,0.078214474,0.088987641
0.215052,0.027810958,9.772963122297894e-05,-0.174901274,-0.716295214,0.0137,0.0181,0.0221,0.0258,0.0288,0.0313,0.0338,0.0367,0.0407,0.0476,,0.3756992687284946,0.4011718481779098,0.6813678743518888,0.047806593,0.1228065931797027,0.062806593,0.077806593,0.092806593,0.1078065931797027,0.9406201906874776,0.8633549968928099,0.9546573688149452,0.076886544,0.092385772,0.083803313
0.212619,0.025638057,0.00012539,0.072428835,-0.541404721,0.01,0.0153,0.0189,0.0222,0.0253,0.0286,0.0319,0.0356,0.0404,0.0552,,0.3510104474425315,0.4321591019630432,0.5114958629608154,0.04007811,0.1375194323062896,0.058821402,0.074465828,0.099607927,0.1147312011092901,0.8775583061091602,0.8177576113045216,0.906276868,0.052425931,0.093774719,0.083384968
0.202585,0.025591939,0.000123279,0.099353265,-0.455893281,0.0099,0.015,0.0189,0.0224,0.0257,0.0291,0.0321,0.0353,0.04,0.0567,,0.3856705648172647,0.4031952321529388,0.5201081758528947,0.040972013,0.1456229376792907,0.056669082,0.097030347,0.1127362119719386,0.128429174,0.9320484491631388,0.9697503336191178,0.8700271078377962,0.053622544,0.093325291,0.085118323
0.218186,0.025198959,8.192781583558055e-05,-0.14773155,-0.742030183,0.0122,0.0174,0.02,0.0226,0.0254,0.0285,0.0311,0.0338,0.037,0.0449,,0.3675581361353397,0.405436024,0.6704909408725798,0.039299109,0.1184596848487854,0.058459685,0.073459685,0.088459685,0.1034596848487854,0.9485137649714946,0.9869781011283396,0.8462087374925614,0.064379388,0.09020996,0.077128596
0.217285,0.028327844,0.000111029,-0.027342918,-0.617524848,0.0137,0.0183,0.022,0.0255,0.0287,0.0314,0.0345,0.0377,0.0417,0.054,,0.3560916781425476,0.4232450693845749,0.6552569598063827,0.038623276,0.1310929390788078,0.071092939,0.086092939,0.1010929390788078,0.1160929390788078,0.8108688080966473,0.9881435345172882,0.945652206,0.065756108,0.068904281,0.096264819
0.219529,0.026825298,9.619416173714009e-05,0.04710966,-0.572217028,0.014,0.018,0.021,0.0238,0.0267,0.0294,0.0324,0.0354,0.0399,0.0506,,0.3682358302175998,0.4037482142448425,0.7193806185730732,0.037351995,0.1275844560563564,0.052351995,0.082584456,0.097584456,0.1125844560563564,0.8650967637583613,0.9936611982524396,0.9814371968448162,0.084406977,0.059798853,0.092847371
0.205453,0.027720622,0.000152158,0.1040545551798544,-0.634170356,0.0107,0.016,0.0203,0.024,0.0278,0.0314,0.0346,0.0387,0.0444,0.0568,,0.3524808895587921,0.4337083607912064,0.5137025596529246,0.04681271,0.1433832645416259,0.063753677,0.078914829,0.093916954,0.11460352,0.8305221196830272,0.8571911652684212,0.8865424189418555,0.05602213,0.088506214,0.088190992
0.165588,0.020646682,8.0039293436509e-05,-0.062869512,-0.741770318,0.0078,0.0127,0.0152,0.0181,0.0213,0.0236,0.026,0.029,0.0323,0.0417,,0.3872971520945429,0.44399514,0.5343809747457504,0.041679549,0.1344287666678428,0.057322752,0.072383423,0.087466182,0.1116465842656791,0.9409049405619502,0.8805427620440721,0.8290374544084073,0.065757845,0.090004634,0.073284279
0.15147,0.020650845,7.234265032457076e-05,0.012837421,-0.814629351,0.0087,0.0129,0.0153,0.0178,0.0207,0.0233,0.0258,0.029,0.0319,0.0419,,0.4173621913790702,0.4223166853189468,0.6723014244519174,0.037158203,0.1313088181614876,0.070702054,0.086116518,0.1011310249160975,0.1163088181614876,0.8665841420412064,0.8131872198402882,0.9666321324288846,0.059429187,0.071506761,0.088058256
0.166519,0.021883739,8.840804830639016e-05,0.158241087,-0.60464574,0.0095,0.0127,0.0158,0.0187,0.0215,0.0245,0.0276,0.0305,0.0342,0.0476,,0.3574486434459686,0.4704131931066513,0.7007087929330766,0.038315253,0.1133152528107166,0.053315253,0.068315253,0.083315253,0.098315253,0.9854921556413174,0.9931860645592212,0.872128559,0.056025931,0.058389119,0.098697156
0.161547,0.020594229,8.413262030078373e-05,0.015779955,-0.722823626,0.0078,0.0118,0.0153,0.0179,0.0205,0.0233,0.026,0.0289,0.0326,0.0429,,0.4029005265235901,0.4289556935429573,0.5295510975658894,0.042207259,0.1277961626648903,0.057552181,0.072560519,0.087560519,0.1127748887857422,0.9408607390075924,0.8828646077483893,0.8952743514828384,0.070649382,0.079312521,0.084580131
0.164831,0.020224013,7.607605016966876e-05,-0.053778606,-0.81801644,0.0076,0.0119,0.0152,0.0178,0.0202,0.0229,0.0255,0.0285,0.0319,0.0389,,0.3933859343826771,0.4379850722849369,0.5562553534269332,0.039052856,0.1365929096937179,0.066136523,0.081151699,0.096151699,0.1209746997460722,0.8590902494177223,0.9917787234902382,0.8396503098189831,0.067638216,0.064967366,0.069278827
0.1563,0.021830615,9.034173214337791e-05,0.1212814910359921,-0.570289249,0.0092,0.0126,0.0161,0.019,0.0218,0.0246,0.0272,0.0302,0.0345,0.047,,0.3568021750450134,0.4798585534095764,0.6632854703307152,0.040223463,0.1214636796712875,0.06146368,0.07646368,0.09146368,0.1064636796712875,0.8168537920892239,0.804095925,0.8902972696274519,0.075492308,0.062215902,0.073508978
0.15848,0.021070546,7.896794554694618e-05,-0.099078586,-0.715329404,0.0083,0.0131,0.0158,0.0186,0.0219,0.024,0.0263,0.0293,0.0327,0.0419,,0.4111443650722504,0.4257919684052467,0.5467589841216802,0.039390185,0.130246789,0.069062677,0.08485766,0.099878336,0.1151070111703127,0.8222328761041164,0.8134892025113106,0.8867856887146831,0.066761846,0.07516621,0.078696437
0.155791,0.018130782,5.84543025300811e-05,-0.053839626,-0.878227744,0.0079,0.0106,0.0133,0.0162,0.0181,0.0206,0.0229,0.0256,0.0283,0.0346,,0.3855994250439107,0.455116319,0.6498991469308734,0.040856661,0.1163664329051971,0.056366433,0.071366433,0.086366433,0.1013664329051971,0.8308973279982805,0.9725361721396446,0.8148314011871816,0.086938842,0.074764939,0.08486373
0.16289,0.021539424,9.14586245603432e-05,0.010004284,-0.764787445,0.0086,0.0123,0.0157,0.019,0.0217,0.0242,0.0272,0.0305,0.0343,0.0457,,0.3779493572562933,0.4523095220327377,0.5229378157585859,0.046327411,0.1344470638036728,0.062261657,0.07769513,0.092782157,0.1080720140859484,0.9489841351613404,0.8134639613687993,0.9785663160979748,0.068119594,0.083387033,0.081601632
0.157703,0.021250007,6.888001063963433e-05,-0.06522418,-0.794137466,0.0105,0.0131,0.0167,0.0192,0.0214,0.0241,0.0265,0.0289,0.0326,0.04,,0.4172270873188972,0.4187918573617935,0.6974420266404748,0.041659528,0.1424943494796753,0.060040301,0.075199781,0.090399873,0.1055246682018041,0.867199797,0.9903488803505898,0.9803130579411984,0.067327752,0.09205703,0.091699886
0.11857,0.019057666,7.216649593473565e-05,0.07725224,-0.723460448,0.0074,0.0109,0.014,0.0166,0.0188,0.0214,0.0242,0.027,0.0306,0.043,,0.3810576868057251,0.4916507095098495,0.7197165331053548,0.03848442,0.1462646508216858,0.05348442,0.096638919,0.1128341993555426,0.1294042598485946,0.832084196,0.8348125731527806,0.9475841266334056,0.071313476,0.07876947,0.074000441
0.117597,0.016618296,5.623213744372079e-05,0.06660619,-0.690177601,0.0058,0.0095,0.0126,0.0144,0.0172,0.0187,0.0208,0.0234,0.0267,0.0354,,0.3765450793504715,0.4963776350021362,0.6819541594594717,0.041685046,0.1413644671440124,0.056685046,0.073356633,0.088356633,0.1034720297336578,0.990175429,0.8141194569885731,0.8319956758201122,0.068613892,0.082825446,0.069550392
0.123978,0.020498173,9.654105321027684e-05,0.406390078,-0.02200039,0.0082,0.0117,0.0146,0.0174,0.0201,0.0227,0.0252,0.0282,0.0327,0.0491,,0.4073016077280044,0.4597063839435577,0.5819851154744625,0.038651422,0.1479491341114044,0.053651422,0.099017457,0.1140174567777663,0.1290174567777663,0.992624146,0.9028753213778138,0.986269414,0.052872624,0.085277376,0.063905166
0.128306,0.01736343,5.7452147345909994e-05,0.051269686,-0.743053768,0.0066,0.0105,0.0126,0.0152,0.0175,0.0195,0.0225,0.0243,0.0277,0.0388,,0.4096674767136574,0.4545864410698414,0.6951349146813154,0.036436587,0.1423911345005035,0.052713739,0.088964331,0.1062057540692389,0.122253249,0.8077501306265593,0.8089550203859807,0.9538418697178364,0.054518706,0.06417904,0.095647542
0.127663,0.017396239,6.048149185110587e-05,0.051501626,-0.671765985,0.0064,0.0103,0.0126,0.0156,0.0175,0.0194,0.022,0.0241,0.0281,0.0382,,0.386206462,0.4813432991504669,0.5654101835042238,0.038439715,0.1253152504563331,0.055665563,0.070676577,0.085714296,0.1065922014325857,0.9069463465280831,0.9913896442890168,0.872041508,0.073930778,0.078746911,0.070192244
0.131292,0.016525879,5.4258257214272486e-05,0.004044123,-0.787672456,0.0056,0.0103,0.0122,0.0148,0.0166,0.0187,0.021,0.0234,0.0264,0.0336,,0.4094695457816124,0.4524070125073194,0.5040891095638275,0.036500482,0.1240490692853927,0.051741013,0.073230415,0.094049069,0.1090490692853927,0.9797467757076024,0.8616643970906734,0.878602994,0.052283591,0.053588117,0.097453032
0.11869,0.018524305,5.8025700811729125e-05,-0.002020483,-0.865843988,0.0084,0.0114,0.0136,0.0164,0.0184,0.0208,0.0232,0.0259,0.0292,0.0348,,0.3889175788685679,0.48552351,0.7515009810190648,0.04307004,0.1466890084743499,0.063257551,0.088447084,0.1044471063561737,0.1200955610975623,0.8155746129870415,0.808162369,0.9923970033407212,0.053058848,0.064867808,0.068267473
0.116401,0.017727858,6.150836372965209e-05,-0.051382867,-0.808191274,0.0064,0.0103,0.0127,0.0156,0.0178,0.0205,0.0225,0.0252,0.0279,0.0372,,0.3878765589743853,0.486987892,0.55952481,0.040362351,0.1401010823249817,0.062111372,0.077503483,0.09265501,0.1078532527193427,0.9031650594154372,0.8080916947126389,0.989725467,0.080145527,0.091901657,0.085345534
0.129854,0.016910542,5.717966342713921e-05,0.037210176,-0.729345758,0.0062,0.0101,0.0122,0.0152,0.017,0.0188,0.0215,0.0237,0.0273,0.0382,,0.4000389790534973,0.4664787799119949,0.5671378889858723,0.037730677,0.1234294515848159,0.052731454,0.078107192,0.093136992,0.1083329670369625,0.9433234140574932,0.9894894786953926,0.8521773477256298,0.060345661,0.064786438,0.067139055
0.122243,0.016564432,5.492148407067431e-05,-0.036270035,-0.861614934,0.0067,0.01,0.0119,0.0146,0.0164,0.0188,0.0213,0.0234,0.0265,0.0329,,0.3764250358194113,0.4949997991323471,0.6362747619509697,0.040139821,0.1151398210227489,0.055139821,0.070139821,0.085139821,0.1001398210227489,0.9806182722479104,0.817267752,0.8291149582326413,0.056648053,0.071003358,0.098146698
0.151615,0.01913955,6.500178820376422e-05,-0.055049221,-0.812663286,0.0075,0.0115,0.014,0.0173,0.0192,0.0216,0.0242,0.0267,0.0301,0.0392,,0.4187119343876839,0.4240199953317642,0.6370957145556807,0.041277062,0.1181063139438629,0.058106314,0.073106314,0.088106314,0.1031063139438629,0.9213288007371128,0.993759031,0.9155165055185556,0.065815667,0.088472759,0.073748079
0.150305,0.021340591,6.272994690494553e-05,0.035403727,-0.556641334,0.0114,0.014,0.0167,0.0194,0.0214,0.0232,0.0258,0.0286,0.0319,0.0411,,0.4098581477999687,0.4343765139579773,0.80567639,0.036450926,0.1446038436889648,0.053003636,0.069907505,0.086159846,0.1023841910362243,0.8840802575185895,0.9712068410277368,0.9848795670688152,0.052618088,0.093584545,0.082065522
0.141996,0.021534148,6.548213884869644e-05,-0.100480894,-0.798425408,0.0106,0.0138,0.0171,0.0191,0.022,0.0241,0.0266,0.0295,0.0323,0.0388,,0.3904933317750692,0.4578605301678181,0.7563503465339542,0.046206805,0.1368081694841385,0.063889545,0.085114531,0.1001450555426999,0.1151863402433693,0.8452545611977578,0.8365163056135178,0.9872977387845516,0.076445783,0.081497752,0.09261342
0.149785,0.021512257,6.50695583126824e-05,0.041341974,-0.590194555,0.0104,0.0141,0.0165,0.0189,0.0217,0.0238,0.0262,0.0291,0.032,0.0419,,0.3928913260996342,0.4446956403553486,0.753364244,0.042519698,0.143871636,0.060485311,0.096537649,0.1118700563415885,0.1271140657037496,0.826967152,0.8116155404150486,0.9855692832231522,0.079922546,0.085676608,0.084993465
0.141733,0.02181656,6.627319488787994e-05,-0.042146221,-0.723533227,0.011,0.0138,0.0175,0.0194,0.0217,0.0243,0.0267,0.0294,0.0328,0.0394,,0.4023535680770874,0.4487308929674327,0.7786431087590754,0.038084062,0.1444887328147888,0.064973732,0.084019919,0.1015007173098623,0.1270731394797563,0.8623596929416061,0.8237389105856419,0.992096545,0.065594472,0.073492912,0.082896919
0.141551,0.021353585,6.910222213101992e-05,-0.067923508,-0.849177321,0.0103,0.0133,0.0166,0.0188,0.0218,0.0239,0.0264,0.0295,0.0326,0.0388,,0.413681775,0.4361091434955597,0.714879118,0.044456659,0.1436698544025421,0.072370226,0.087370672,0.1024721705503761,0.1175154769860208,0.8325599486589432,0.8178520795106888,0.945657725,0.054829404,0.081384865,0.085088227
0.137962,0.020826118,7.579478719343743e-05,0.054218917,-0.803633591,0.01,0.0124,0.0154,0.0185,0.0208,0.0233,0.026,0.0287,0.0331,0.0398,,0.3968935914337635,0.4570900164544582,0.7163962182858958,0.037824726,0.1324625016748905,0.072462502,0.087462502,0.1024625016748905,0.1174625016748905,0.820697543,0.8108749727964402,0.986265353,0.07034008,0.083965108,0.084203272
0.154522,0.021789749,6.290513400714194e-05,-0.025808348,-0.574333169,0.0108,0.0146,0.0171,0.0195,0.0219,0.0241,0.0263,0.0288,0.0327,0.0426,,0.3808805890753865,0.4607037015259266,0.7894454226717352,0.035578465,0.1212167727947235,0.057039892,0.072040317,0.091216773,0.1062167727947235,0.9456514946445824,0.9558836156725884,0.8088259802103043,0.076255908,0.088896438,0.086242827
0.144364,0.022069834,5.871370817733555e-05,-0.043341377,-0.251682135,0.0117,0.0155,0.0181,0.02,0.022,0.0242,0.0266,0.029,0.0318,0.0442,,0.3684095303714275,0.4823741465806961,0.8695171731144189,0.03923339,0.1284974819421768,0.054365354,0.069781788,0.085757043,0.100777115,0.886577867,0.9817603240787984,0.8190527038991452,0.054737137,0.068562758,0.065047833
0.149328,0.021997929,7.280982722751472e-05,0.1190746139819408,-0.506034068,0.0108,0.0139,0.0166,0.019,0.0216,0.0242,0.0272,0.0302,0.0336,0.0485,,0.3607481953501701,0.4847761332988739,0.7909377268910408,0.040973212,0.1232165986299514,0.058413913,0.074757216,0.089798769,0.1048114107012748,0.8615220349118113,0.9880356508135796,0.8385981489598752,0.060232361,0.083398904,0.071616048
0.141421,0.01825821,5.920916927748613e-05,0.009935114,-0.698569121,0.0073,0.0108,0.0134,0.0162,0.0182,0.0209,0.0227,0.0252,0.0283,0.0375,,0.365309502,0.488327882,0.7062513571679592,0.040472592,0.1184734761714935,0.055472592,0.070472592,0.085472592,0.1004725917428732,0.9974337719589472,0.8615836599707604,0.8099280159950257,0.06523553,0.054004684,0.098809138
0.137104,0.017273885,5.5765809436610504e-05,0.041716945,-0.675629191,0.0066,0.0105,0.0127,0.0153,0.0175,0.0193,0.0218,0.0242,0.0271,0.039,,0.3942812746763229,0.4584208682179451,0.6705119687743485,0.035793333,0.1472428095340728,0.050793333,0.080887914,0.097597174,0.1125971735417842,0.9926945038795472,0.9040544203534724,0.8173290476679802,0.053339222,0.058542043,0.06629398
0.138378,0.01708857,5.058873257804999e-05,0.030821054,-0.765577287,0.0077,0.0101,0.0127,0.0153,0.0172,0.0195,0.0213,0.0236,0.0264,0.0342,,0.4065637236833572,0.4473138857632875,0.7058270666465163,0.036860555,0.1228418523073196,0.051860555,0.069949003,0.086746887,0.1077980586588382,0.8871252826109529,0.8399736275970936,0.9802406749904156,0.05428401,0.05765592,0.096637763
0.138641,0.018136657,5.8164720681717205e-05,-0.005558204,-0.774780094,0.008,0.0105,0.0135,0.0161,0.0182,0.0203,0.0227,0.0252,0.0283,0.0351,,0.370221784,0.4869432717561722,0.7011581939723343,0.041101308,0.1301826207898557,0.056102955,0.071106557,0.086106557,0.1095286789923906,0.8252104565173388,0.8376640958070756,0.9853238445222378,0.067223352,0.070477968,0.073733379
0.138832,0.020073685,8.378932322781407e-05,0.1866720454665578,-0.639361508,0.0078,0.0113,0.0144,0.0171,0.0198,0.0227,0.0253,0.0282,0.0323,0.043,,0.366553408,0.4903653085231781,0.7098441949848086,0.035839607,0.1348689299821853,0.050870232,0.080089295,0.095089295,0.110089295,0.9915983506083488,0.8712704173266888,0.939673788,0.056867304,0.061811509,0.061204286
0.140223,0.018052858,5.174733199138907e-05,0.001561064,-0.79501605,0.0083,0.0111,0.0133,0.0161,0.0179,0.0204,0.0224,0.0248,0.0278,0.034,,0.4169729050993919,0.4374874517321587,0.722912271,0.040601689,0.1429097962379455,0.055601689,0.082109208,0.097470768,0.1128086595201864,0.810694474,0.9927169806420804,0.8467002282083035,0.062733336,0.085801236,0.079201046
0.139394,0.018367942,6.186687315755377e-05,-0.0341895,-0.889591067,0.008,0.0104,0.0135,0.0162,0.0185,0.0207,0.0231,0.026,0.0288,0.0352,,0.392901461,0.4625939548015594,0.690411212,0.043738763,0.1346895962953567,0.058738763,0.073738763,0.088738763,0.1037387632578611,0.8224619711607695,0.97645551,0.8040527366578579,0.05815394,0.094730133,0.095620481
0.140205,0.020613844,9.59246686355764e-05,0.3000387973053863,-0.524130964,0.0081,0.0114,0.0141,0.0171,0.0201,0.0229,0.0261,0.0292,0.0338,0.047,,0.3786380699276924,0.4727421283721923,0.7001343954920769,0.035514685,0.1365466749668121,0.050514685,0.074644723,0.089644723,0.1046447233945131,0.9439773134857417,0.9547799721717836,0.9229053111061454,0.05235377,0.057795294,0.057992318
0.135899,0.016115415,4.4048894012556784e-05,-0.016007005,-0.85207637,0.007,0.0099,0.0125,0.0137,0.0162,0.018,0.0201,0.0225,0.0253,0.0306,,0.4143814092874527,0.4438215039670467,0.7216574974788352,0.036351338,0.1316222780942917,0.051351587,0.068652512,0.088157907,0.1160665318042039,0.8401016828596592,0.8072526991426945,0.9915628606915474,0.086439628,0.092138214,0.088591943
0.132419,0.021964736,0.000100124,0.179518728,-0.49984058,0.009,0.0126,0.0157,0.0184,0.0216,0.0246,0.0278,0.0309,0.0352,0.048,,0.358961449,0.4963048577308654,0.5162001088142395,0.045441794,0.1419313728809356,0.060798005,0.096791581,0.1118336605176329,0.1268932269632816,0.8420548559844494,0.9624807476222516,0.9791392882466315,0.0564914,0.088102674,0.089258332
0.140573,0.02185582,8.880615505580079e-05,-0.157601501,-0.859816605,0.0081,0.0131,0.0161,0.0201,0.0225,0.0249,0.0279,0.031,0.0341,0.0417,,0.4105141562223434,0.4441382013261318,0.5543140049993992,0.04122215,0.1353690892457962,0.074027999,0.089899544,0.1051195396438241,0.1201664138182997,0.8594955460071564,0.8198721569061279,0.9467019073188304,0.08521117,0.087009655,0.094760466
0.125363,0.018919192,7.07553726632961e-05,-0.0026324,-0.810962036,0.0071,0.0109,0.0138,0.0166,0.0186,0.0215,0.0237,0.027,0.0302,0.0379,,0.3878803130239248,0.4825963586568832,0.5423522113770246,0.043859901,0.1269532606005668,0.059285645,0.074719529,0.090375138,0.1054246044516563,0.8284536096632481,0.8668064417809248,0.8396217520177365,0.060540912,0.092377206,0.092658908
0.120726,0.020606599,8.775718412703731e-05,0.034635006,-0.798445208,0.0077,0.0114,0.0151,0.0177,0.0203,0.0234,0.0265,0.0292,0.0332,0.0432,,0.3916982226073742,0.474628447,0.5361659876257181,0.047333791,0.1405132746696472,0.062349533,0.077521416,0.1010187082834541,0.1254413739711046,0.846888562,0.907079106,0.9088316756337882,0.073862911,0.081453792,0.078215311
0.102838,0.018540038,6.710089822402747e-05,-0.046156682,-0.80250355,0.0067,0.0107,0.0135,0.0163,0.0188,0.0211,0.0232,0.0262,0.0295,0.0372,,0.3945394998788833,0.4921260386705398,0.5479770343780518,0.04467564,0.1415648436546325,0.067765966,0.083164634,0.098211102,0.1265237435877323,0.8895534928698093,0.8218080912053585,0.98558283,0.086869286,0.074022418,0.096023019
0.135309,0.019775175,7.704234162247972e-05,0.029486997,-0.637553986,0.0076,0.0112,0.0151,0.0176,0.0199,0.0223,0.0251,0.028,0.0311,0.0442,,0.3705421298742294,0.4896099627017974,0.5526230480879545,0.039407484,0.1361948972940445,0.057918426,0.088073134,0.1050047632850706,0.1200956954225897,0.8170114509522916,0.9119923249945044,0.9826712142109872,0.066805183,0.079221319,0.072703027
0.122517,0.02156058,6.256807073284569e-05,-0.073488326,-0.73096528,0.0109,0.0142,0.0171,0.0191,0.0219,0.0239,0.0264,0.0291,0.032,0.0385,,0.4153987202048302,0.4527892904356122,0.8078426722794771,0.045869913,0.14491155,0.060885359,0.089681231,0.1048245764650404,0.122764803,0.8917630805846304,0.965013865,0.8654046442359686,0.080871332,0.074286007,0.071082054
0.128168,0.022917653,7.909687583177699e-05,0.1176638288552494,-0.580365168,0.0109,0.0148,0.0181,0.0202,0.0224,0.0249,0.0279,0.0312,0.0349,0.0451,,0.3747778879106045,0.4885555595159531,0.8208714878439903,0.047442405,0.143609653,0.062442405,0.08883705,0.1048773828104138,0.1266380672454834,0.8217611088842154,0.9911735970199108,0.8600547188788653,0.083109215,0.088519372,0.063220941
0.117406,0.020867531,6.082955300274106e-05,-0.052147283,-0.719594485,0.0106,0.0131,0.0167,0.0187,0.0207,0.0232,0.0255,0.0281,0.0314,0.0392,,0.4182633802294731,0.451749469,0.8046282713592052,0.046457838,0.1290614814311266,0.061471168,0.084035558,0.099051498,0.1140514976979233,0.8816395596280694,0.9562953874886037,0.98715389,0.085488018,0.080946131,0.091269634
0.122663,0.02211224,7.983906810311267e-05,0.2018486356205447,-0.45161806,0.0104,0.0134,0.0167,0.0191,0.0222,0.0246,0.0271,0.0299,0.0339,0.0467,,0.3715313839912414,0.4957045614719391,0.8213269918665289,0.039694391,0.1392973673343658,0.064588681,0.079588681,0.094588681,0.1218377720952034,0.9668918770551682,0.8542399910122156,0.8265954170405865,0.052420972,0.085740807,0.089618984
0.123761,0.020551683,6.482804005230567e-05,0.002259753,-0.783364462,0.0099,0.0125,0.0158,0.0179,0.0208,0.0228,0.0253,0.0281,0.0316,0.0375,,0.418759092,0.4484208729118109,0.7626209231302142,0.0380816,0.1296724730730056,0.069672473,0.084672473,0.099672473,0.1146724730730056,0.9388238393992184,0.8840441294938326,0.8308387752354145,0.062093668,0.060031975,0.09811139
0.146298,0.02296837,7.9374240884838e-05,0.015351065,-0.742823773,0.0107,0.0147,0.0182,0.0204,0.0227,0.0253,0.0284,0.0318,0.0347,0.0453,,0.3848610499850474,0.4582987315952778,0.7423531552165746,0.04581223,0.1469256973266601,0.062621595,0.095665216,0.1108451358005404,0.1260375317633152,0.8396790887147189,0.9559993652760984,0.8093136004984379,0.065565144,0.077064177,0.085188197
0.150002,0.023435669,8.093096469438465e-05,0.1405354047601609,-0.432341358,0.0117,0.015,0.018,0.0207,0.0231,0.0258,0.0283,0.0313,0.0357,0.0488,,0.38576686,0.4557655181735754,0.7844493258923292,0.036617358,0.1445649898052215,0.059323894,0.093876852,0.1100811733886599,0.1263111229270696,0.8749540499567986,0.8715246002167464,0.9862920111477376,0.053907321,0.096662377,0.086733224
0.139881,0.021299467,8.822594747981177e-05,-0.034037793,-0.823645956,0.0079,0.0127,0.0155,0.0187,0.0217,0.0239,0.027,0.0303,0.0342,0.0415,,0.4022637932002544,0.4433987379074097,0.5294085259795189,0.041404127,0.1428372955322265,0.077543368,0.094623257,0.1099029886245727,0.1274875648379325,0.851245512,0.9647540819823742,0.81401882,0.06736099,0.066565971,0.077762541
0.151948,0.022184802,9.646518054173893e-05,0.013507694,-0.705628101,0.0087,0.0128,0.0164,0.0201,0.0225,0.025,0.0279,0.0311,0.0353,0.0462,,0.3782463563978672,0.460193994,0.5309307369947434,0.041011358,0.1259560987353325,0.065764372,0.080851088,0.09589469,0.1109429498940706,0.8802427708506584,0.8316731978654861,0.8793040836706758,0.066708118,0.081579076,0.083141811
0.147732,0.021980052,6.898209054348633e-05,0.058097306,-0.647564496,0.0115,0.0142,0.017,0.0198,0.0218,0.0238,0.0269,0.0296,0.0332,0.0411,,0.3663900551199913,0.4808926612138748,0.810528327,0.039614635,0.1250338885188102,0.054614863,0.080033889,0.095033889,0.1100338885188102,0.8418423882663251,0.9702449980854988,0.8143951504051685,0.054630989,0.090707456,0.074665128
0.144718,0.0283785,0.000138276,0.1939118594956914,-0.528382575,0.0123,0.0172,0.0213,0.0251,0.0286,0.0315,0.0345,0.0384,0.0445,0.0576,,0.3692228458821773,0.4778863042593002,0.7600434773236513,0.038370996,0.1421145737171173,0.082114574,0.097114574,0.1121145737171173,0.1271145737171173,0.9525147696882488,0.956766931,0.8168978998959064,0.070770285,0.065958238,0.098608677
0.127397,0.023175409,0.000106036,-0.039666453,-0.807470203,0.009,0.0128,0.0168,0.0208,0.0236,0.0265,0.0294,0.0329,0.0368,0.0464,,0.3719368150830269,0.4903546303510666,0.5168850501626729,0.040016692,0.1428884816169738,0.073949607,0.089524785,0.1050145008817315,0.1204997031286358,0.8374428755134344,0.8281428438901901,0.9150518770590425,0.053585523,0.093879287,0.079919086
0.136395,0.021893674,7.89182418431827e-05,0.05022846,-0.783050229,0.0096,0.0137,0.0164,0.0188,0.0221,0.0243,0.0271,0.0301,0.034,0.0423,,0.40579834,0.446750421,0.7200150247740559,0.043137247,0.1341387581825256,0.074138758,0.089138758,0.1041387581825256,0.1191387581825256,0.910002482,0.9962449111342432,0.8714404927283526,0.082357687,0.067405065,0.093585162
0.138867,0.018713386,5.8644014349052263e-05,0.084091922,-0.621544882,0.0079,0.012,0.0141,0.0162,0.0188,0.0211,0.023,0.0257,0.029,0.0412,,0.3794931347668171,0.4767514795064926,0.754411059,0.036863361,0.1133363056182861,0.053336306,0.068336306,0.083336306,0.098336306,0.8073482625693084,0.978799697,0.9621297830820084,0.054859898,0.06667776,0.078543122
0.146911,0.022263507,9.489563631330868e-05,-0.045443904,-0.72591429,0.009,0.0127,0.0165,0.0194,0.0227,0.0257,0.0283,0.0313,0.0351,0.0475,,0.3650954785943031,0.4787577748298645,0.5568419233292341,0.043356269,0.1372952288389206,0.067645908,0.082651153,0.097670716,0.1126862164858728,0.879788604,0.8159915828227997,0.949670338,0.063798875,0.095045546,0.092400476
0.121269,0.021310506,9.365034803546942e-05,-0.007813247,-0.862312058,0.0078,0.0118,0.0154,0.0181,0.0213,0.0245,0.0274,0.0304,0.0342,0.0426,,0.3745415632426739,0.4956374317407608,0.5270977619469166,0.041440475,0.1374118757247925,0.07119537,0.086245203,0.1073003765940666,0.1223492276966571,0.8597488522797823,0.9782103083312512,0.8506640343487263,0.063360022,0.060449931,0.093692417
0.122017,0.021128924,7.529232681174024e-05,0.023124783,-0.862040886,0.0101,0.0126,0.0156,0.0186,0.0209,0.0237,0.0264,0.0294,0.033,0.0395,,0.3868201712332666,0.485426128,0.761583118,0.048358818,0.1233588184416294,0.063358818,0.078358818,0.093358818,0.1083588184416294,0.8693795604586602,0.8449011880755425,0.8259831213474274,0.055798091,0.070016542,0.067769756
0.12633,0.020209703,7.540726857655075e-05,0.080055343,-0.745287414,0.0083,0.0122,0.0147,0.0174,0.0203,0.0227,0.0257,0.0284,0.0315,0.0408,,0.4184499603509903,0.4523122189566493,0.7363289025977253,0.041217273,0.1446472549438476,0.056730053,0.076140516,0.091652398,0.1071854968890547,0.9472648707404732,0.9810895253837107,0.9622807178497316,0.086997824,0.091645226,0.094411381
0.117367,0.020771058,8.914503998954638e-05,-0.014687222,-0.824985779,0.0074,0.012,0.0149,0.0179,0.0209,0.0237,0.0269,0.0295,0.033,0.0406,,0.3809673215448856,0.4930588006973266,0.5609514508008957,0.038498117,0.1393412864208221,0.073906606,0.090123785,0.1052933280073106,0.120489606,0.8554863646432758,0.836697829,0.9769082189559936,0.057865874,0.08658758,0.061041621
0.126109,0.019450979,7.288776355458571e-05,0.048136489,-0.847461155,0.0074,0.0115,0.0138,0.0172,0.0192,0.0218,0.0248,0.0276,0.0311,0.0394,,0.4145458781719208,0.4564831428229809,0.7042053115010262,0.036471916,0.1332543003559112,0.063928978,0.087978695,0.102986063,0.1180567431822419,0.8128412238955498,0.9882643454492092,0.948251237,0.053206251,0.092521781,0.072486826
0.126894,0.019680603,7.569371309081122e-05,0.094571623,-0.774118571,0.0075,0.0115,0.0139,0.0174,0.0194,0.022,0.0249,0.0278,0.0315,0.0394,,0.3706447909772396,0.4916124939918518,0.72789001,0.038940125,0.1412145340442657,0.054331921,0.092046468,0.1074059794664383,0.1227957968473434,0.8645700953423977,0.8222501059472561,0.9754567014217376,0.072734794,0.087688014,0.070848396
0.125567,0.018486885,7.276385633180358e-05,0.1297675850654379,-0.654592751,0.0067,0.011,0.0133,0.0159,0.0183,0.0208,0.0232,0.0264,0.03,0.0407,,0.3942087043821812,0.4757618188858032,0.5904932940155267,0.037143806,0.1330959317088127,0.059559579,0.086867453,0.1018935087699443,0.1169990170776844,0.9533071329653264,0.8418767585337162,0.975259822,0.063672106,0.061492146,0.080722365
0.124673,0.019808817,7.184973012893336e-05,-0.014604373,-0.805644614,0.0076,0.0116,0.0148,0.0176,0.0198,0.0228,0.0248,0.0279,0.0311,0.0388,,0.4130162453651428,0.4528994476422667,0.6931142458990216,0.04337445,0.1395673304796219,0.06468046,0.091144827,0.1061522595450282,0.1211538226366043,0.9755056307584048,0.8585716396152974,0.8716698483139277,0.083848057,0.090343457,0.080869976
0.120932,0.0198654,8.629260208538878e-05,0.1642990455157643,-0.61907668,0.0074,0.0107,0.0143,0.0171,0.0195,0.0222,0.025,0.0283,0.0323,0.0437,,0.3704544860124588,0.4964543402194977,0.5556049627035856,0.037491313,0.1469097208976745,0.055256001,0.095759131,0.1126304591462016,0.129169835,0.9857277264833452,0.8871302402541041,0.8966182793170214,0.063539885,0.073536298,0.064565534
0.132934,0.018868364,7.742760417385177e-05,0.2538427558364421,-0.352275015,0.0072,0.0104,0.0134,0.0164,0.0185,0.0209,0.0235,0.0266,0.0302,0.0437,,0.3657101893424987,0.4931919246912002,0.5374695969164371,0.038908743,0.1263277292251587,0.054081414,0.074784753,0.089794275,0.1048502362310886,0.871920847,0.9773730752944948,0.895887588,0.068785242,0.068789416,0.066472093
0.194131,0.022938263,7.57828051202247e-05,0.025633806,-0.650342317,0.0108,0.0151,0.0182,0.0205,0.0227,0.0254,0.0283,0.0312,0.0342,0.0447,,0.3830546913482249,0.4069219678640365,0.6731896321669221,0.036634717,0.1396011608839035,0.052515727,0.093094914,0.1085345695525407,0.1239808598130941,0.8946118341244758,0.9835795262813568,0.8394983151495458,0.053051809,0.057605948,0.090342646
0.198018,0.025995675,0.000103427,-0.016310179,-0.772270796,0.0123,0.0164,0.0197,0.023,0.0259,0.0289,0.032,0.0359,0.0398,0.0493,,0.3684773640334606,0.4248202443122864,0.6373385673880577,0.04430742,0.1330699697136879,0.071257736,0.08806997,0.1030699697136879,0.1180699697136879,0.8554332089900971,0.9811574603199958,0.8361551290988922,0.064463938,0.072238663,0.083041379
0.208662,0.025092107,0.000126886,0.1985300810024368,-0.515112142,0.0099,0.0146,0.018,0.0214,0.0242,0.0278,0.0313,0.0352,0.04,0.0556,,0.3736955127120018,0.4153506159782409,0.5339041278719902,0.039751542,0.1308797042071819,0.054751542,0.085836814,0.1008443044863641,0.1158728274188935,0.9601646798878908,0.969064863,0.8426923111021519,0.053174044,0.069194394,0.07454857
0.197554,0.024382323,0.000100265,0.3283187402872814,-0.224873038,0.0111,0.0153,0.0184,0.0208,0.0236,0.0264,0.0294,0.033,0.0377,0.0548,,0.3742178659141064,0.4151772499084473,0.6730456667616963,0.03619606,0.1444458091259002,0.052164445,0.099445809,0.1144458091259002,0.1294458091259002,0.9185220750145614,0.9906884716689588,0.8210226800978184,0.056846565,0.062291777,0.073693275
0.191608,0.022651802,9.35219929531164e-05,-0.025107536,-0.657798146,0.0094,0.0133,0.017,0.0199,0.023,0.0257,0.0284,0.0314,0.035,0.047,,0.3844939488871023,0.4145610123872757,0.5297499311864375,0.03617458,0.1175473189353942,0.057547319,0.072547319,0.087547319,0.1025473189353942,0.9600215572863816,0.9696758308649064,0.9510153917074204,0.071254282,0.075991934,0.087599227
0.192689,0.024603224,8.923327707536194e-05,0.003843254,-0.691753029,0.0116,0.0159,0.0189,0.0225,0.0248,0.0274,0.0301,0.0332,0.0372,0.0468,,0.3521104329824447,0.4466499838978052,0.6780254431284964,0.037050658,0.1232533240318298,0.063253324,0.078253324,0.093253324,0.1082533240318298,0.8176713972270488,0.8439952400624752,0.9417309504151344,0.076019247,0.088432255,0.080209883
0.19597,0.024396823,0.000118541,0.1256637883220936,-0.570413189,0.0103,0.0145,0.0182,0.0214,0.0245,0.0275,0.0305,0.0341,0.039,0.0527,,0.3559662371873855,0.4376462839543819,0.5274139577955007,0.039929861,0.1347221249341964,0.056004262,0.089651755,0.1046683679021895,0.1196683679021895,0.8303352870196105,0.8738832328468561,0.952490412,0.076544256,0.08434681,0.089872149
0.200364,0.023422687,7.509984414721902e-05,-0.00965231,-0.572665729,0.0114,0.0157,0.0186,0.0212,0.0234,0.0259,0.0285,0.0312,0.0346,0.0455,,0.3897365158051252,0.4040830552577972,0.6643016446888447,0.042428369,0.1174283688492141,0.057428369,0.072428369,0.087428369,0.1024283688492141,0.9284775628939272,0.9953705815374853,0.938420097,0.068609471,0.076271122,0.081853634
0.201636,0.026088323,9.549646020859243e-05,-0.042426821,-0.606683166,0.0128,0.0172,0.0205,0.0234,0.0264,0.029,0.0316,0.0346,0.0384,0.0503,,0.3560387939214706,0.4375876076519489,0.6586229921355844,0.044578959,0.1421993124485016,0.070703784,0.085703784,0.1007037843286991,0.1157037843286991,0.8181886379241944,0.9810091931700706,0.8175656856119633,0.091713804,0.087606742,0.093610519
0.198799,0.024181879,7.94255702561807e-05,-0.017294339,-0.587366983,0.0119,0.016,0.0187,0.0217,0.0247,0.0272,0.0295,0.0324,0.0356,0.0474,,0.3640229490399361,0.4319966211915016,0.6783125765137374,0.043860929,0.118860929,0.058860929,0.073860929,0.088860929,0.103860929,0.9692252866119146,0.973031867,0.815038136,0.053276443,0.074278731,0.075075361
0.135302,0.020322195,7.517581362404875e-05,-0.005592672,-0.86304341,0.008,0.012,0.0153,0.018,0.0201,0.0229,0.0257,0.0285,0.0323,0.0394,,0.4140817925333976,0.4441312417387962,0.6940554622873664,0.035962753,0.1444613182544708,0.064354309,0.088319561,0.1033195606797933,0.1214572685211897,0.9063617743439972,0.988035823,0.8217485698640347,0.083681077,0.078817573,0.08706736
0.123746,0.01760654,5.667877233607688e-05,0.023796287,-0.863805034,0.0078,0.0102,0.0129,0.0156,0.0176,0.0198,0.0222,0.0249,0.0279,0.0347,,0.395869211,0.4757570058107376,0.7387743762072175,0.040614314,0.1464996826648712,0.056504816,0.072427441,0.088326228,0.1042734175115823,0.9894759015262128,0.8870940964147449,0.8088875259637833,0.053379533,0.087121,0.073889732
0.121965,0.01922124,7.641776377326132e-05,0.027048366,-0.810722119,0.0068,0.0112,0.0135,0.0171,0.0191,0.0217,0.0245,0.0274,0.0311,0.0394,,0.3804588303714991,0.4884190231561661,0.5517084214746952,0.044322326,0.1278210143744945,0.059353983,0.074396414,0.089396414,0.1044924997657537,0.9636712134122848,0.8339287342131139,0.978259123,0.078157713,0.076624867,0.079522985
0.136246,0.019605386,7.301921426844348e-05,-0.03287929,-0.836870812,0.0076,0.0114,0.0145,0.0172,0.0195,0.0224,0.0247,0.0278,0.031,0.0382,,0.3828187454491853,0.4761055797338486,0.6631796942219138,0.040334148,0.1341273847222328,0.066667168,0.081695839,0.096902625,0.1119824114095419,0.8257453432828188,0.8332456632852554,0.9833611268639564,0.054222234,0.084886817,0.080028231
0.121079,0.018058798,6.316727985952531e-05,0.021684084,-0.869648533,0.0078,0.0102,0.0134,0.0157,0.0181,0.0201,0.0229,0.0258,0.0289,0.0354,,0.4171348309516907,0.4565329939126968,0.7007370579712092,0.03786883,0.1377132087945938,0.064684297,0.08061973,0.095647163,0.1107900919772684,0.8951872779533268,0.8252694086611271,0.9873493405163288,0.062701252,0.073227814,0.076464307
0.121235,0.019409615,7.875206809689917e-05,0.1244128460985858,-0.602265424,0.0073,0.0109,0.0142,0.0167,0.0191,0.0218,0.0244,0.0273,0.0311,0.0428,,0.3798927053064108,0.4911580741405487,0.5434324880003929,0.045534888,0.1225432139635086,0.061006241,0.076246843,0.091390346,0.1067550863862037,0.8314344309478998,0.9424981943309308,0.9475994356632232,0.084470281,0.085892876,0.088567349
0.118475,0.017992332,5.649872372953837e-05,-0.141187253,-0.853624909,0.008,0.0105,0.0137,0.0161,0.0186,0.0204,0.0232,0.025,0.028,0.0358,,0.4182812377810478,0.4559939716011286,0.6950208158656954,0.048205275,0.1484031391143798,0.063205275,0.081637522,0.096637522,0.1116375218868255,0.8276812218308449,0.9719287293672562,0.873824959,0.073417389,0.074755251,0.071455865
0.124714,0.017664488,6.380801988479221e-05,0.034291964,-0.755347037,0.0063,0.0104,0.0127,0.0155,0.0178,0.02,0.0225,0.025,0.0281,0.0389,,0.4000530523061752,0.4655594825744629,0.5312327266126871,0.043293072,0.1415262603759765,0.059565185,0.07480749,0.1050798818878829,0.1264961286008357,0.837784525,0.9775872766673565,0.8351998242020607,0.060708845,0.062941602,0.064360714
0.131573,0.018478869,5.881855535610762e-05,-0.002138063,-0.801060503,0.0077,0.0111,0.0136,0.0163,0.0181,0.0209,0.0231,0.0258,0.0287,0.0378,,0.3666526174545288,0.4940601170063018,0.7371399141915143,0.03876135,0.1331446146965026,0.056383338,0.076492701,0.096305792,0.1114911676436662,0.8167932878792287,0.8530873211026192,0.9869406888604164,0.053068087,0.086041032,0.069015993
0.125352,0.019448226,7.301621329907214e-05,0.016746865,-0.892326273,0.0076,0.0112,0.014,0.0168,0.0192,0.0223,0.0245,0.0279,0.031,0.0382,,0.4040142473578453,0.4630627363920211,0.7060178657054901,0.043201216,0.1421376836299896,0.058205519,0.094815823,0.1098866785183549,0.1250556475281715,0.85541237,0.9930748880147934,0.8291419916808606,0.067893764,0.082711053,0.081345123
0.177586,0.024340151,7.983136568808324e-05,0.030917366,-0.492937972,0.0124,0.016,0.019,0.0218,0.0243,0.0268,0.0294,0.0323,0.0362,0.0491,,0.3524022996425628,0.463254252,0.7811406210646034,0.039745243,0.1421210026741028,0.055107419,0.080819735,0.095819735,0.1108197351425886,0.946836283,0.8180465714752674,0.8044681764483452,0.052530775,0.08465981,0.083108897
0.163855,0.022026067,7.011954442636884e-05,-0.013490833,-0.716960877,0.0111,0.0139,0.017,0.02,0.0221,0.0246,0.0273,0.0296,0.0334,0.0408,,0.3978405267000198,0.4272235840559006,0.6991344896133989,0.040457861,0.1290156777948141,0.069015678,0.084015678,0.099015678,0.1140156777948141,0.8727885163486004,0.8366550157845021,0.9802529353141785,0.082243441,0.081910642,0.07842851
0.18127,0.02832926,0.000112908,0.037161334,-0.485064623,0.0138,0.0189,0.0223,0.0255,0.0284,0.0313,0.034,0.0381,0.0429,0.0599,,0.3729916320741177,0.4352300763130188,0.7215535342140589,0.046495738,0.1433781909942627,0.069766552,0.084778719,0.099821883,0.1278808377355337,0.9350654740795492,0.9049780201215296,0.8157106968402863,0.054576632,0.094630039,0.089958229
0.178696,0.025176996,8.643640830430696e-05,0.002570606,-0.616186994,0.0127,0.0166,0.0195,0.0225,0.0251,0.0277,0.0304,0.0339,0.0374,0.0493,,0.3554077339172363,0.4587382204830647,0.758401247,0.046629446,0.1226450049877166,0.062181302,0.077191305,0.092496549,0.107501752,0.8837812588311732,0.9829002960085867,0.8219034107863903,0.071442507,0.091343052,0.092911651
0.171103,0.021547124,7.026542609154809e-05,-0.027751226,-0.755728761,0.0096,0.0138,0.0165,0.0191,0.0218,0.0239,0.0265,0.0298,0.0327,0.0419,,0.3651954182982445,0.4568902432918548,0.7012468086864799,0.042956009,0.119797271,0.059797271,0.074797271,0.089797271,0.104797271,0.8469255044639111,0.8245639666616917,0.9823645929813384,0.079537842,0.077222868,0.088840905
0.185758,0.024566688,7.321182195159267e-05,-0.184333366,-0.702415906,0.0133,0.0166,0.0193,0.0229,0.025,0.0273,0.03,0.0331,0.0357,0.0425,,0.3892535383999347,0.4183461576700211,0.7443345374051481,0.040510212,0.1384825444221496,0.065946249,0.082167454,0.097217256,0.112305543,0.8191229084759951,0.9698610576212406,0.8200829819560052,0.066324887,0.088437494,0.078901507
0.180915,0.026683867,9.625726619033174e-05,-0.027665455,-0.656525408,0.0136,0.0177,0.0209,0.0238,0.0268,0.0295,0.0322,0.0354,0.0401,0.0504,,0.4033594572544098,0.408512095,0.7336622674617916,0.035719695,0.1278328138589859,0.067468755,0.082832814,0.097832814,0.1128328138589859,0.8138112631827593,0.8175377412438393,0.8038874217629433,0.061915152,0.062262276,0.098755026
0.178473,0.025270147,8.328425039327156e-05,-0.082888854,-0.698408262,0.0125,0.017,0.0202,0.0227,0.0252,0.0279,0.0308,0.034,0.0372,0.0455,,0.3743944564461708,0.4398779384791851,0.7312818644195795,0.045640433,0.1296480124443769,0.069411877,0.084411877,0.099620887,0.1146208871945738,0.8467032128542662,0.8459655556678772,0.989477933,0.078481731,0.087203744,0.082781118
0.181499,0.028070274,0.000120069,0.1883146979360908,-0.452083704,0.0137,0.0184,0.0216,0.0246,0.0274,0.0305,0.034,0.0384,0.0426,0.0601,,0.4082600992918014,0.4024354517459869,0.7104632733665407,0.038676925,0.1413062810897827,0.074598181,0.092676566,0.1081597611159086,0.123605986,0.9213067833647132,0.9638186770379544,0.938169428,0.061783716,0.074073508,0.064344971
0.186541,0.025373452,7.852858021425272e-05,-0.060502161,-0.53187587,0.013,0.0172,0.0202,0.0231,0.0257,0.0281,0.0306,0.0333,0.037,0.0473,,0.3600215765833854,0.4495218459982425,0.7560472947992384,0.046944748,0.1254965776205062,0.06281334,0.077816793,0.095496578,0.1104965776205062,0.8435536219984293,0.8677982507646084,0.9934293833374978,0.076767052,0.076776751,0.078890202
0.135492,0.020693634,8.732990655780112e-05,0.082947184,-0.642021032,0.0078,0.0115,0.0155,0.0181,0.0205,0.0232,0.0261,0.0291,0.0333,0.0437,,0.4069331100583077,0.4438847824931144,0.5648995901316405,0.035499003,0.1314141288399696,0.071414129,0.086414129,0.1014141288399696,0.1164141288399696,0.8356898202419282,0.971293152,0.9477754269838332,0.057567285,0.096674312,0.097314564
0.143687,0.025767576,0.000140515,0.073778628,-0.782052196,0.0094,0.0144,0.0183,0.0219,0.0252,0.0286,0.0326,0.0375,0.0418,0.0551,,0.3651481187343597,0.4825298130512238,0.5092322743356228,0.048345542,0.1454230606555938,0.07676476,0.09176476,0.10676476,0.12176476,0.8151447328388691,0.8895192706272006,0.8988382482957096,0.051773555,0.095424972,0.098020463
0.155677,0.028717848,9.334352920511977e-05,-0.232417816,-0.444821028,0.0156,0.0198,0.0233,0.0264,0.0296,0.0323,0.0346,0.0374,0.041,0.0483,,0.4171121335029602,0.4194517016410828,0.8635795047909021,0.045896063,0.1369545048475265,0.065385431,0.080431376,0.1069545048475265,0.1219545048475265,0.9464544086262584,0.9887486371695996,0.978158337,0.079046867,0.094401097,0.085837132
0.154728,0.027676961,9.07111476084342e-05,-0.178525658,-0.54185487,0.015,0.0189,0.0223,0.0253,0.0281,0.0306,0.0333,0.0364,0.0399,0.0472,,0.3673923018574714,0.4684876665472984,0.8729480180203915,0.037002544,0.1389638620615005,0.063446502,0.092940745,0.1083043090194463,0.1236552960574626,0.8126371621876955,0.9421402690947056,0.8317298667609692,0.058777576,0.073742996,0.098325532
0.149063,0.024955767,7.091673079058523e-05,-0.202711055,-0.573642658,0.0133,0.0176,0.0202,0.0226,0.0253,0.0279,0.0304,0.0329,0.0357,0.0443,,0.4111579021811485,0.4269206330180168,0.8237902785480022,0.049534211,0.1263306099176407,0.06633061,0.08133061,0.09633061,0.1113306099176407,0.9889865299403668,0.8983748132752255,0.9706789384007454,0.076831877,0.097587951,0.094410181
0.140251,0.023250965,0.000105181,-0.033974977,-0.80070773,0.0091,0.0134,0.0169,0.0207,0.0235,0.0264,0.0293,0.0325,0.0373,0.046,,0.3605366939306259,0.4855891495943069,0.5359761200129985,0.048412507,0.1474481880664825,0.064705092,0.099527086,0.1150422939002513,0.130075299,0.8099794986784459,0.9876907183051108,0.955798329,0.058862177,0.096810636,0.098123939
0.146808,0.027510739,8.477695745110394e-05,-0.20351647,-0.295896947,0.0153,0.0193,0.0224,0.0252,0.0278,0.03,0.0327,0.0359,0.0398,0.0494,,0.3608223667740822,0.4826775044202804,0.8893229101806879,0.049075738,0.1445454430580139,0.064075738,0.079075738,0.094075738,0.1090757384896278,0.8315360835015774,0.99461065,0.9109671959757806,0.068041711,0.083901518,0.088696811
0.153366,0.027728887,8.809450992633969e-05,-0.254576522,-0.567011339,0.0149,0.019,0.0226,0.0256,0.0282,0.0309,0.0333,0.0366,0.0402,0.0472,,0.4075408864021301,0.4255507007241249,0.8458028329253197,0.036124005,0.132494866,0.072494866,0.087494866,0.102494866,0.117494866,0.9038792039031164,0.955256124,0.8593769057780505,0.065697759,0.070792963,0.098126569
0.156387,0.026271936,8.07575950659091e-05,-0.095141065,-0.467406212,0.0139,0.0179,0.0213,0.0239,0.0266,0.0291,0.0315,0.0342,0.0383,0.0478,,0.3928720770776271,0.4452223334461451,0.8180613345980644,0.036360512,0.1381105822324753,0.078110582,0.093110582,0.1081105822324753,0.1231105822324753,0.8350135206729175,0.987828833,0.8306883108735085,0.057398944,0.068577575,0.089538319
0.148646,0.028710872,9.067168382769084e-05,-0.382356593,-0.214653425,0.0163,0.0207,0.0237,0.0266,0.0293,0.0317,0.0344,0.0374,0.0404,0.0504,,0.4090149208903312,0.4352392703294754,0.9310865076363086,0.037989719,0.1209813427925109,0.060981343,0.075981343,0.090981343,0.105981343,0.9100701682858168,0.9238950272008776,0.9121160304404796,0.072026949,0.088995164,0.095790023
0.211103,0.022632167,9.093467973099444e-05,-0.044108354,-0.715718745,0.0094,0.0135,0.0169,0.0206,0.023,0.0256,0.0284,0.0312,0.0351,0.0462,,0.3567979902029037,0.4263265624642372,0.5414273053497076,0.038957697,0.1225720858573913,0.053957697,0.077501735,0.092532694,0.1075685620173811,0.8268360037535429,0.8317381436407566,0.9721172607541084,0.061666978,0.091859989,0.090022768
0.233831,0.023416033,7.797711271777565e-05,-0.056139103,-0.750273366,0.0109,0.0154,0.0182,0.0208,0.0236,0.0262,0.0287,0.0315,0.0356,0.0434,,0.3536535257101059,0.4068519026041031,0.5976192867279053,0.037898812,0.1210883510112762,0.05770951,0.072713493,0.087713493,0.1027134929776191,0.814728752,0.9858802037239076,0.8379841502785683,0.052936064,0.058060643,0.068576341
0.216075,0.021780156,8.421259664235656e-05,-0.018998539,-0.692795191,0.009,0.0129,0.0168,0.0193,0.0219,0.0246,0.0275,0.0304,0.0336,0.0443,,0.3513166522979736,0.4263313487172127,0.5145918696910143,0.039864597,0.1357959115505218,0.054864597,0.069864597,0.084864597,0.1177471669033169,0.98617841,0.8156891833364963,0.8448775545299053,0.053765016,0.07564015,0.081928578
0.218149,0.026248253,0.000109046,-0.063538167,-0.719041398,0.0123,0.0168,0.0204,0.0235,0.0266,0.0296,0.0326,0.0358,0.0399,0.0512,,0.3710265243053436,0.4016936928033829,0.5682609987348318,0.048999407,0.1239994072914123,0.063999407,0.078999407,0.093999407,0.1089994072914123,0.983688998,0.959763023,0.8570841091215611,0.06582694,0.093124769,0.094905946
0.215974,0.025145288,0.00011487,-0.006810316,-0.655169615,0.0111,0.0156,0.0194,0.0227,0.0257,0.0288,0.0318,0.0349,0.0394,0.0521,,0.3547579464316368,0.421045047,0.507902772,0.047021426,0.1220214256644248,0.062021426,0.077021426,0.092021426,0.1070214256644249,0.9106558076042682,0.993500986,0.8732551873713732,0.056304069,0.06014152,0.089513651
0.206742,0.026707167,0.000127291,-0.028385377,-0.677039261,0.0113,0.0165,0.0203,0.0238,0.0269,0.0299,0.0333,0.0369,0.0418,0.0531,,0.3510612872242927,0.4356038987636566,0.5289512327760457,0.047764334,0.1351389330625534,0.070545302,0.085545302,0.1005453024327755,0.1155453024327755,0.8217559377878905,0.831258252,0.9545826516985894,0.053942866,0.096875702,0.095382724
0.214134,0.020929848,7.986504106822324e-05,-0.016653651,-0.700889251,0.0087,0.0122,0.0159,0.0187,0.0212,0.0234,0.0261,0.0291,0.0329,0.0454,,0.3527047598361969,0.4304525092244148,0.5111695083171129,0.037687712,0.1133720350265503,0.052687712,0.068372035,0.083372035,0.098372035,0.8225183944940567,0.9934984437942505,0.8847227731287479,0.073033103,0.096921311,0.091300234
0.212576,0.023643411,0.000105918,0.050097068,-0.557937849,0.0103,0.0144,0.0181,0.0211,0.024,0.0268,0.0297,0.0328,0.0369,0.0515,,0.3681548349559307,0.4152031689882278,0.5080947305202483,0.037277536,0.1241088330745697,0.052277536,0.074930971,0.089939411,0.1090683541193604,0.9359164947465062,0.9781327925980092,0.9007162758807652,0.054271633,0.094409095,0.090825403
0.198124,0.02165882,9.181383300842336e-05,0.052843994,-0.669062271,0.0088,0.0125,0.0159,0.0191,0.0219,0.0243,0.0271,0.0302,0.0348,0.0459,,0.3515012818574905,0.444506013,0.5158706180781126,0.038624463,0.1321853798627853,0.053632089,0.079438221,0.094478013,0.1099796405248343,0.8115607877641917,0.8179394975841046,0.977456385,0.05359442,0.095231754,0.083740548
0.213713,0.023012993,0.000102272,0.2120897582790079,-0.230880796,0.009,0.0132,0.0169,0.02,0.0228,0.0256,0.0289,0.0321,0.0365,0.0573,,0.3572213017940521,0.4241148293018341,0.545019646,0.036940811,0.1167850363254547,0.051958597,0.067487119,0.082507539,0.099590906,0.8380452486604453,0.9727755551099776,0.9692637135684492,0.066811148,0.092488014,0.090198171
0.10785,0.020367932,6.02407532019588e-05,0.1047320037614487,-0.476821533,0.0107,0.013,0.0159,0.0184,0.0203,0.0224,0.0248,0.0271,0.0308,0.0398,,0.417837498,0.4655866801738739,0.8604273164391517,0.035895324,0.1368118542432785,0.057807127,0.072948367,0.1059718486875295,0.121105933,0.8972036527252756,0.9627944547116756,0.8962810779877007,0.052992457,0.059568035,0.096641165
0.105745,0.020304736,5.401453879811771e-05,-0.094121345,-0.669776556,0.0103,0.0135,0.0158,0.0182,0.0205,0.0226,0.0249,0.0271,0.0301,0.0366,,0.4156132674217224,0.4677229598164558,0.8508883954524994,0.038103756,0.1320393422245979,0.063309419,0.082638043,0.097651243,0.1170393422245979,0.8591365063041448,0.9807787717282772,0.9586677332222462,0.060263764,0.062887938,0.059361288
0.11379,0.020712489,5.7596897980395475e-05,0.003995386,-0.53178492,0.0111,0.0136,0.0163,0.0186,0.0208,0.0228,0.0251,0.0279,0.0307,0.0408,,0.3820914017409086,0.4980622708797455,0.8750420566231012,0.040509516,0.1462696945667266,0.056447987,0.07232221,0.088198694,0.1066995000779628,0.94757231,0.8341852482914924,0.834987034,0.055384814,0.091393125,0.084848218
0.117686,0.019244484,7.980775943112247e-05,0.1006999121996871,-0.752637863,0.0068,0.0111,0.0135,0.0166,0.0194,0.0216,0.0242,0.0274,0.0315,0.0402,,0.3892333464324474,0.487948927,0.54884206,0.036233265,0.1354935675859451,0.068755021,0.083846875,0.1003393805997446,0.1176190203607082,0.8696545609101654,0.9893581282913684,0.8881135178029538,0.067973042,0.070252114,0.069179948
0.118341,0.020058257,7.672064579397628e-05,-0.080513496,-0.800164994,0.0072,0.0116,0.015,0.0179,0.0202,0.0232,0.0254,0.0284,0.0312,0.0388,,0.4145045158267021,0.4614294916391372,0.5510261337429285,0.046338964,0.1326977697014808,0.071281985,0.087107759,0.1026193230010569,0.1176412259668111,0.9167091425582766,0.9664545096933842,0.8824048038065434,0.061904921,0.086491796,0.073174843
0.14502,0.022297888,6.561675397988177e-05,-0.058962791,-0.64333955,0.0117,0.0147,0.0178,0.0202,0.0223,0.0246,0.0272,0.0297,0.0332,0.0404,,0.4189376634359359,0.4281991302967072,0.7761664702311158,0.040749783,0.1377619963884353,0.070805226,0.092761996,0.1077619963884353,0.1227619963884353,0.8218293101638556,0.9890321013331412,0.8099113850653172,0.058168473,0.068019524,0.098427889
0.120478,0.019804465,8.172981194544304e-05,0.092895644,-0.72870031,0.0073,0.0116,0.0144,0.0168,0.0193,0.0226,0.025,0.028,0.0322,0.0422,,0.4033501487970352,0.470193613,0.5139201562196016,0.045948137,0.1282258592545986,0.060948137,0.075976923,0.090999807,0.1068842496946454,0.9475403567269444,0.948352243,0.8785995780169964,0.087976125,0.080918787,0.086394792
0.133348,0.02133151,6.012685908964973e-05,-0.057207032,-0.680823475,0.0109,0.0141,0.0169,0.0189,0.0216,0.0236,0.0259,0.0287,0.0316,0.0384,,0.404761406,0.451614087,0.8013706151470542,0.036641165,0.1422186017036438,0.066345826,0.097218602,0.1122186017036438,0.1272186017036438,0.815544266,0.9912175531685352,0.8073062121510506,0.060893731,0.062805481,0.094577919
0.107822,0.019828368,5.534934547304792e-05,-0.09040477,-0.791237854,0.0098,0.0124,0.0153,0.0175,0.0202,0.0222,0.0246,0.0268,0.0298,0.0369,,0.4090574577450752,0.4709311857819557,0.8148823956459761,0.040455518,0.1401473379135132,0.071398288,0.086486455,0.1015005999356508,0.1242704906910657,0.8868804568171501,0.8243203619480133,0.989899214,0.054391971,0.074691758,0.074412813
0.11882,0.02163622,6.304856444251101e-05,-0.011401103,-0.622822328,0.0116,0.0142,0.0167,0.0199,0.0219,0.0237,0.026,0.029,0.0325,0.0415,,0.4026290228962898,0.4674795970320701,0.8225301322817802,0.045478899,0.1483477747440338,0.061023476,0.1000991975039243,0.1155607755124569,0.1309913193762302,0.8321317961812019,0.8092701446473599,0.990118048,0.067056116,0.073886391,0.073836697
0.158332,0.019406592,5.79463248951574e-05,-0.035604912,-0.80912661,0.0093,0.0119,0.0149,0.0171,0.0199,0.0216,0.024,0.0266,0.0295,0.0372,,0.4131973826885223,0.4148910135030746,0.6939515122152865,0.041413127,0.1414271068572998,0.056413127,0.071413127,0.1051744538158178,0.1202567833125591,0.826622672,0.9899110575795174,0.8547853579610587,0.076930018,0.080895158,0.084501704
0.154268,0.020804331,8.36409582292588e-05,-0.069433647,-0.836692244,0.0077,0.0125,0.0151,0.0179,0.0213,0.0236,0.0265,0.0297,0.0329,0.0414,,0.3564631235599518,0.4821490466594696,0.5551087229847909,0.047564751,0.1279128055274486,0.062564751,0.077564751,0.092564751,0.1075647509098053,0.8174367378801107,0.993677799,0.8146941379606725,0.086051709,0.076509533,0.091000667
0.153847,0.019226682,7.212531372783878e-05,-0.031668982,-0.797429437,0.007,0.0114,0.0137,0.0174,0.0194,0.0217,0.0245,0.0272,0.0307,0.0395,,0.3705833847820758,0.4700828298926353,0.5348702051639557,0.043071352,0.1434066295623779,0.058116538,0.073167604,0.088167604,0.1031676043212413,0.9904259177088738,0.8067931781589985,0.8484197341501714,0.053167529,0.092180568,0.091903452
0.154954,0.017746532,4.671784155599772e-05,-0.063192848,-0.797803499,0.0085,0.0109,0.0135,0.0157,0.018,0.0199,0.0223,0.0241,0.0266,0.0351,,0.3997623758018017,0.4422181405127048,0.7266931834463496,0.036940044,0.1269103688001632,0.052077945,0.067263984,0.08228124,0.1071031383901834,0.8274945023596287,0.977040921,0.8217674218237401,0.073948779,0.082609605,0.084604403
0.147432,0.019584146,7.373589660930603e-05,0.019434241,-0.876807026,0.0074,0.0114,0.0142,0.0172,0.0194,0.0222,0.0247,0.0276,0.0315,0.0389,,0.4122380337119102,0.4339723154902458,0.6545559158295393,0.037262183,0.1376057791709899,0.062608899,0.077764813,0.092845728,0.1109759901195764,0.8686818973511458,0.831536357,0.9841882431983948,0.054132023,0.084989512,0.085019154
0.155136,0.019877413,6.725298338346805e-05,0.079489687,-0.749188866,0.0092,0.012,0.0149,0.0176,0.0195,0.0222,0.0246,0.0272,0.0314,0.0391,,0.3810003426298499,0.4570811487734318,0.6989391288131476,0.035565967,0.1338075825572013,0.058459161,0.073459161,0.088459161,0.1187977476626634,0.9131080771632492,0.9924692613661288,0.8150932505011559,0.052433475,0.067379254,0.066329393
0.158433,0.019146783,5.908525134785288e-05,-0.004007653,-0.748300599,0.0089,0.0117,0.015,0.0171,0.0189,0.0215,0.0236,0.0265,0.0294,0.0382,,0.3710568602383137,0.4673964276909828,0.6951882416546344,0.042027996,0.1289894308894872,0.057032198,0.072115752,0.087138179,0.1092956204056739,0.8303602131336928,0.8149844022870064,0.9869893907487391,0.06445925,0.07416337,0.073274735
0.153638,0.018535874,5.851770709066052e-05,0.07874766,-0.665186806,0.0079,0.0115,0.014,0.0161,0.0181,0.0208,0.0232,0.0255,0.0289,0.0419,,0.3591779261827469,0.4836347699165344,0.7218217752391006,0.036380803,0.1154270946979522,0.053664792,0.068665601,0.083665601,0.1003962449938058,0.8207169942378998,0.9936575957775116,0.8273581770956516,0.059302597,0.08398268,0.067153433
0.157238,0.020540633,6.497713160852804e-05,-0.085541616,-0.735395373,0.0097,0.0128,0.0159,0.0186,0.0208,0.023,0.0255,0.0281,0.0308,0.0402,,0.3820213283225894,0.4524257367476821,0.6795568044304847,0.045351759,0.1211839663982391,0.060351759,0.075351759,0.090351759,0.1053517594933509,0.8307674310117961,0.970393194,0.988308159,0.067037294,0.077463358,0.097250719
0.156748,0.019210829,6.68792568735117e-05,-0.156971024,-0.859499885,0.0071,0.011,0.0145,0.0173,0.0196,0.022,0.0245,0.027,0.03,0.0361,,0.4029233595728874,0.4338840961456299,0.5181644820570945,0.044430947,0.1469567739963531,0.059811224,0.076194649,0.091588171,0.1183358710557222,0.8054660728693008,0.9699386507630348,0.8490854834258557,0.074309166,0.066261914,0.071494357
0.187293,0.023444236,7.928321617503858e-05,-0.014698422,-0.715832501,0.011,0.0153,0.0186,0.021,0.0233,0.026,0.0284,0.0318,0.0354,0.0451,,0.3964163942635059,0.4124948441982269,0.6718399263381958,0.045809524,0.1386519771814346,0.060809524,0.075809524,0.090809524,0.1058095240592956,0.8858501277893782,0.8278761654734612,0.9311281968206168,0.062787965,0.090245235,0.087732485
0.173125,0.024518815,9.757576873966036e-05,-0.053030077,-0.755389172,0.0107,0.0151,0.0186,0.0224,0.0249,0.0277,0.0305,0.0335,0.0374,0.0468,,0.4137183350324631,0.4019133806228638,0.6172892470747232,0.041411004,0.1375246524810791,0.077524652,0.092524652,0.1075246524810791,0.1225246524810791,0.9110285562232135,0.8093364004135132,0.8286823813796044,0.067644945,0.07374085,0.076491157
0.188216,0.022521811,8.085925790074291e-05,-0.03274376,-0.86053164,0.0098,0.014,0.0168,0.0204,0.0226,0.0251,0.0284,0.0312,0.0346,0.0416,,0.3988834045827389,0.4065665602684021,0.631935717,0.043728792,0.1215601342916488,0.060798858,0.075829745,0.091443892,0.1064646201744675,0.8860494235098362,0.8897995759263635,0.9863287802100182,0.055449883,0.053881884,0.098006442
0.181848,0.023109291,8.523442167383576e-05,0.1294936554496835,-0.564335587,0.0108,0.0142,0.0172,0.0201,0.023,0.0256,0.0286,0.0317,0.0354,0.048,,0.3625557237863541,0.4443828709423542,0.7116734230823815,0.039651506,0.1395532029867172,0.054651506,0.069651506,0.1094936935916543,0.1245523456424474,0.8467389875471593,0.8271159301280976,0.9678332571148872,0.053073398,0.058799923,0.095994714
0.168799,0.021841808,9.216589385460684e-05,-0.028576323,-0.779037931,0.0085,0.0124,0.0166,0.0192,0.0219,0.0246,0.028,0.0309,0.0347,0.0442,,0.364695309,0.4580452792346478,0.5324192015111446,0.03638369,0.1361267340183258,0.062862722,0.085394025,0.1029435600817203,0.1179435600817203,0.816511767,0.9774622856736184,0.8451136267960072,0.081664073,0.083051237,0.073696659
0.187063,0.021665805,8.66826901894697e-05,-6.20E-05,-0.720809511,0.0088,0.0125,0.0164,0.0188,0.0216,0.0245,0.0275,0.0302,0.0338,0.0437,,0.3952249127626419,0.4116392433643341,0.5211075707763433,0.043853485,0.1188534852489829,0.058853485,0.073853485,0.088853485,0.1038534852489829,0.9506037815093994,0.952079593,0.8700246396958828,0.068625587,0.073947518,0.071611109
0.181036,0.023337483,9.91200439675476e-05,-0.081867203,-0.787911528,0.0094,0.0137,0.018,0.0206,0.0232,0.0264,0.0298,0.0327,0.0365,0.0449,,0.3618872380256653,0.448580006,0.5101608391374349,0.040251767,0.1439564907550811,0.064926922,0.080475461,0.095475461,0.1284013425529003,0.8088354472339153,0.8308397995293141,0.9058623040411622,0.072985386,0.083248027,0.081086708
0.179931,0.022327019,8.181229811927725e-05,0.1611807678715879,-0.548029733,0.0103,0.0135,0.0167,0.0195,0.0221,0.0249,0.0274,0.0303,0.0344,0.047,,0.3699367181956768,0.4389474578201771,0.691074744,0.037304187,0.1404259014129638,0.055099214,0.079049653,0.1056298059538006,0.1219123290151357,0.8340283910781146,0.8170146261572838,0.9673342220425606,0.065487791,0.087290382,0.079079634
0.179834,0.023294882,8.151355785526039e-05,-0.070553024,-0.800143079,0.0103,0.0149,0.0178,0.0208,0.0236,0.0262,0.0288,0.0317,0.0356,0.0431,,0.4022313898801803,0.4082741945981979,0.6486833817332983,0.043977208,0.137194059,0.066875007,0.081904738,0.096904738,0.113225198,0.8604277135670185,0.9695065979063512,0.8708481386691332,0.068400365,0.078271936,0.084669949
0.179926,0.020544224,7.05261766086637e-05,-0.023312931,-0.755115183,0.0093,0.0128,0.0157,0.0181,0.0209,0.0228,0.0255,0.0285,0.0316,0.0411,,0.3676545898616314,0.4458808086812496,0.6369352913662791,0.035659383,0.1146309256553649,0.054630926,0.069630926,0.084630926,0.099630926,0.8086118509352207,0.9917109671890736,0.9889328932225704,0.077755842,0.079387885,0.076837144
0.140673,0.017717526,5.100826195921832e-05,-0.036874044,-0.848235918,0.008,0.0112,0.0132,0.0158,0.0177,0.0201,0.0221,0.0244,0.0275,0.0335,,0.4143085542321205,0.4319465294480324,0.7130247480528429,0.040097659,0.1463255286216735,0.055097659,0.070674203,0.086620011,0.1112174339927732,0.810830573,0.8460992223739624,0.9645541058003902,0.081321598,0.082692058,0.089304611
0.138324,0.018481685,5.107252478178201e-05,-0.026702429,-0.808389289,0.0088,0.012,0.0138,0.0165,0.0183,0.0208,0.0227,0.0253,0.0283,0.0342,,0.4103419226408005,0.4467371620237827,0.748722267,0.043078797,0.1260260772705078,0.058078797,0.073078797,0.088078797,0.1030787966772913,0.8118269800752401,0.8556189350515604,0.9691830955386164,0.054408428,0.059355401,0.094791448
0.133992,0.017436982,5.835436725884323e-05,0.002040834,-0.799545905,0.0075,0.0099,0.013,0.0151,0.0177,0.0196,0.0221,0.0244,0.0277,0.0351,,0.3879139816015959,0.4695719331502914,0.6787706738434732,0.035564972,0.1298695178702473,0.055740849,0.070740849,0.085740849,0.1007408491939306,0.8482624,0.825798181,0.9662877417802812,0.068958753,0.07305833,0.093718188
0.137038,0.017518653,5.336489528015544e-05,0.023192442,-0.770576612,0.008,0.0102,0.0131,0.0152,0.0177,0.0196,0.0221,0.0241,0.0271,0.0351,,0.3837742050364613,0.4701166927814483,0.7197070716384798,0.038104269,0.1380774426460266,0.053132298,0.068144501,0.091934556,0.1087498699456453,0.8549628239065409,0.8343859984397888,0.9874211339712144,0.071839421,0.077951657,0.087047008
0.143459,0.017968227,6.004465317401847e-05,0.082646983,-0.691241288,0.0071,0.0107,0.0129,0.0158,0.0178,0.0205,0.0225,0.0251,0.0284,0.0377,,0.3647665032744407,0.4861635506153107,0.6922438227765262,0.039177647,0.1395591783523559,0.055728831,0.070794732,0.08792076,0.1131015225358307,0.8274077554315329,0.9942752981603146,0.8157345267653465,0.054085719,0.059614245,0.091431615
0.138693,0.018268744,5.834400939913179e-05,-0.071949366,-0.853902992,0.0081,0.0106,0.0137,0.0165,0.0185,0.0205,0.0232,0.0254,0.0286,0.0355,,0.3829392668418586,0.4723840326070785,0.695505727,0.042321669,0.1234443622827529,0.057387522,0.07238932,0.088666371,0.108417014,0.8164279451578855,0.9771877,0.8173772196054458,0.067329363,0.064911328,0.097296944
0.13645,0.018096758,5.571105248353784e-05,-0.082058441,-0.841128845,0.0081,0.0105,0.0135,0.0161,0.0183,0.0204,0.0227,0.0251,0.0279,0.035,,0.4157152640819549,0.4412441201508045,0.694148865,0.042949429,0.144789491,0.057949429,0.073121514,0.088291426,0.1037807496905326,0.8329231883883477,0.9021392909051852,0.9889597182631492,0.072896904,0.078876351,0.094270586
0.140278,0.022322576,9.95097351163186e-05,0.018057872,-0.820095158,0.0089,0.0125,0.016,0.0191,0.0223,0.0252,0.0287,0.0316,0.036,0.0478,,0.3724281157553196,0.4768883138895035,0.6652814926430582,0.048714329,0.138815125,0.067455474,0.082455474,0.097455474,0.1124554739117622,0.8204570334553719,0.994696198,0.9379453566253184,0.057891607,0.05985298,0.092866095
0.140397,0.019500273,6.725505058899073e-05,-0.037842839,-0.836124109,0.0079,0.0114,0.0147,0.0171,0.02,0.0219,0.0246,0.0271,0.0304,0.0372,,0.3688091963529586,0.4861263692378997,0.716326898,0.039802182,0.1411510694026947,0.054802182,0.069802182,0.084802182,0.099802182,0.8117328220367432,0.9637427511572838,0.9485194928735496,0.062684092,0.081069325,0.085272995
0.134511,0.017269377,4.9999128069090625e-05,0.055209987,-0.728058054,0.0081,0.0102,0.0131,0.015,0.0175,0.0191,0.0214,0.0235,0.0269,0.0351,,0.4082772141695022,0.4481838122010231,0.7315848026552237,0.036649552,0.1418014287948608,0.051649552,0.066649552,0.082287552,0.1233793952494859,0.8427869533509016,0.8206976476609708,0.9521760019481182,0.077481706,0.077858928,0.081591336
0.137139,0.020915922,9.220217049002654e-05,0.093446778,-0.726627565,0.0078,0.0115,0.0155,0.018,0.0205,0.0233,0.0267,0.0297,0.0341,0.0437,,0.3606617593765259,0.4942027539014816,0.5161530138194561,0.044295176,0.1415826606750488,0.059937043,0.075085764,0.090161685,0.1153310943499207,0.8541624478131533,0.9699426462352276,0.9319610116153956,0.05898738,0.094131099,0.086837709
0.126541,0.020048754,5.979690199923611e-05,-0.08539199,-0.801583788,0.0097,0.0123,0.0155,0.0177,0.0206,0.0226,0.0249,0.0272,0.0302,0.0376,,0.4176185369491577,0.4498529688455164,0.7618449144825339,0.043797569,0.1451772844791412,0.061432691,0.083706505,0.098949337,0.1292906572550535,0.8720220383405686,0.9774970659315586,0.8783033354878426,0.077857099,0.08071272,0.090237609
0.126531,0.021356328,8.77346296293159e-05,0.2649271804238977,-0.493874002,0.0093,0.0124,0.0156,0.0181,0.021,0.0236,0.0264,0.0295,0.0342,0.047,,0.3846036829939112,0.4820623248815536,0.7364753875985741,0.046292873,0.1462929916381836,0.062055157,0.1012929916381835,0.1162929916381835,0.1312929916381836,0.9765611837744712,0.840274259,0.8426796101450921,0.078476266,0.089264414,0.081056978
0.12496,0.019356673,5.48694375281308e-05,0.1195582496106261,-0.463448758,0.0104,0.0129,0.0148,0.0169,0.0195,0.0216,0.0234,0.0258,0.0295,0.0415,,0.4116507267951965,0.4572659954428673,0.794928492,0.04077413,0.1445787394046783,0.05577413,0.07077413,0.086183172,0.1055262950271368,0.829092246,0.8160266608059407,0.8499022389233113,0.058698099,0.069978796,0.067873177
0.116729,0.018766301,6.200588946921111e-05,-0.025906742,-0.834102006,0.0076,0.0111,0.0139,0.0164,0.019,0.0212,0.0236,0.0263,0.0291,0.0372,,0.3938217785954475,0.4823846697807312,0.7423748280946165,0.038442681,0.1280765031278133,0.068076503,0.083076503,0.098076503,0.1130765031278133,0.8261802158027888,0.8097739075958729,0.9426733906060456,0.079151738,0.088924536,0.083269545
0.12059,0.01949392,7.80488661492385e-05,0.040120315,-0.767155308,0.0072,0.0112,0.0143,0.0167,0.0193,0.0224,0.0246,0.0277,0.0317,0.042,,0.3843579896632582,0.4843897938728332,0.5519537737995386,0.039393515,0.128759606,0.05606994,0.074055481,0.089183514,0.1099062437906861,0.8900639048006386,0.8743038828283548,0.8791279047831894,0.076024538,0.075802528,0.071775208
0.131269,0.02091343,7.2857316801161e-05,0.041473607,-0.801437269,0.0098,0.0128,0.0159,0.0185,0.0208,0.023,0.026,0.029,0.0323,0.0403,,0.4171739819645881,0.4403132691979408,0.7239537699625594,0.041524105,0.1427660429477691,0.071846613,0.088211204,0.1044469889819622,0.1226856745779514,0.8813161575958133,0.987638789,0.8619951458513737,0.062281574,0.089884047,0.084719503
0.129648,0.021168966,9.046406082554078e-05,0.042759018,-0.704758736,0.0083,0.0119,0.016,0.0189,0.0212,0.0236,0.0267,0.0301,0.0341,0.0453,,0.3844294415134937,0.4830524653196335,0.5340249344408512,0.043170475,0.1287618751078844,0.068612337,0.083651297,0.098703627,0.1137403478108928,0.9318913711547852,0.8391985298097133,0.8357002049922944,0.071089269,0.089326971,0.088756485
0.121801,0.018549829,7.177334103840363e-05,0.071652468,-0.744593623,0.0068,0.011,0.0133,0.016,0.0185,0.021,0.0235,0.0267,0.03,0.0408,,0.4152816301584244,0.4501143255620263,0.5586945230215787,0.039825746,0.1353605544567108,0.055154848,0.089732824,0.1047619450502097,0.1198463886380195,0.9615515762627124,0.9880672573208809,0.940813534,0.070242413,0.077802758,0.063272568
0.147595,0.020584211,6.831927672237386e-05,0.00352097,-0.834020388,0.0099,0.0127,0.0156,0.0183,0.0206,0.0228,0.0256,0.0284,0.0318,0.0403,,0.415162099,0.4266380831599236,0.7026214307025075,0.039955451,0.1413781344890594,0.065305501,0.091357788,0.1065329215183854,0.1215329215183854,0.8456354886978865,0.989318668,0.8086205081403256,0.064425901,0.05669978,0.097920281
0.098115,0.015561427,5.3472868617507334e-05,0.1727849359818618,-0.589509605,0.0053,0.0088,0.0108,0.0135,0.0156,0.018,0.0196,0.0222,0.0252,0.0356,,0.41387705,0.482698867,0.6501443049252034,0.037668454,0.1467841279506683,0.052668454,0.071061891,0.087488359,0.1065474362179637,0.8091993661165238,0.971327819,0.966880787,0.055604763,0.054047016,0.097817685
0.101011,0.01620047,4.9978478607922305e-05,0.026907342,-0.814473486,0.007,0.01,0.0119,0.0142,0.0161,0.0181,0.0203,0.023,0.0259,0.0333,,0.4000545188784599,0.4945362448692322,0.7573058830708265,0.037672176,0.1436299204826355,0.062892799,0.082932618,0.098865849,0.1138658494137111,0.8228132959216834,0.9925742511808872,0.8149415,0.05241509,0.067783384,0.059380416
0.098269,0.016558925,5.827804479831928e-05,0.057802496,-0.784330897,0.0056,0.0093,0.0117,0.0142,0.0165,0.0188,0.0209,0.0237,0.0267,0.0359,,0.4149895590543747,0.4796619683504105,0.6408097124218941,0.03670616,0.1427503299713134,0.059295816,0.079966217,0.095895863,0.1118092695973813,0.8522691414475441,0.9867413262307644,0.8782710129514337,0.055376308,0.09001439,0.068084845
0.104346,0.015342847,4.7576628066548496e-05,-0.032508436,-0.889439028,0.0059,0.0086,0.0108,0.0132,0.0156,0.0174,0.0196,0.022,0.0248,0.0305,,0.4131537964940071,0.4765807330608368,0.5474626080036163,0.038169903,0.1295624660700559,0.053175139,0.068421413,0.083451197,0.1057545934706926,0.8143902174592018,0.9695702813267708,0.9208176917716862,0.056973343,0.080001017,0.085754547
0.113475,0.015904349,5.053012663904596e-05,-0.036322918,-0.828380209,0.0064,0.0097,0.0115,0.0139,0.0163,0.0183,0.0203,0.0224,0.0254,0.0321,,0.4087747660279274,0.4725346699357032,0.5167071774333716,0.040530858,0.1299264229880646,0.055530858,0.075954034,0.090986542,0.1117231961719691,0.8701703181937337,0.8350405294299126,0.9881246050298214,0.059587025,0.053122189,0.095829078
0.106083,0.015297229,4.7629625895469954e-05,0.018325326,-0.7605932,0.0062,0.0084,0.0112,0.0131,0.0155,0.0179,0.0194,0.0217,0.0245,0.0324,,0.4010839879512787,0.4887888193130493,0.5472376134753227,0.036704189,0.1280495069921016,0.052871721,0.069682525,0.090820674,0.1060442700564861,0.8330236137002707,0.817415906,0.9486035496294498,0.06511852,0.05761501,0.094743679
0.108951,0.016444359,5.337504986661929e-05,-0.068427758,-0.856547581,0.0055,0.01,0.0121,0.0149,0.0166,0.019,0.021,0.0232,0.026,0.0335,,0.4069917228817939,0.4778599232435226,0.5274079134464263,0.042934116,0.1347627794742584,0.057934116,0.074965628,0.089980201,0.116424938,0.8637963938847184,0.8467955897092819,0.9812288844764232,0.059808735,0.057355576,0.094200492
0.101292,0.016570244,4.9998125410038506e-05,-0.02500753,-0.824361684,0.0074,0.0096,0.0124,0.0145,0.0168,0.0187,0.021,0.0232,0.0259,0.0342,,0.4054767662286758,0.4844040811061859,0.7474395821794867,0.044005953,0.1474677419662475,0.061070637,0.086743214,0.1036768093071878,0.1194783096119761,0.8131102996289731,0.8175384379208088,0.9772871040463448,0.0552829,0.055365509,0.072264586
0.087466,0.015553417,5.3869550738564225e-05,0.092938165,-0.855120794,0.006,0.0083,0.011,0.0129,0.0155,0.018,0.0199,0.0225,0.0258,0.0324,,0.4156507849693298,0.4923736065626144,0.6795516714245081,0.036677701,0.1373389667272568,0.058594644,0.083925435,0.1068330888822674,0.1220136977702379,0.8954074051344767,0.9851120727062226,0.8285806724965573,0.061724797,0.071044164,0.065825652
0.089596,0.016153165,5.183952319885262e-05,0.016964819,-0.865991098,0.0067,0.0101,0.0115,0.0137,0.0165,0.0185,0.0205,0.023,0.026,0.0325,,0.4173623019456863,0.4832287460565567,0.7631259177736938,0.041709479,0.1479387152194977,0.06039355,0.08997651,0.1049765098929405,0.1199765098929405,0.8283197509497404,0.9886830066263677,0.8502811776041985,0.068434015,0.078259454,0.065124142
0.120675,0.021882756,6.841403637479937e-05,-0.003785944,-0.746236581,0.0104,0.0142,0.0166,0.0198,0.022,0.0241,0.0268,0.0301,0.0331,0.0417,,0.4107779222726821,0.4544915679842233,0.7861523446977139,0.037588169,0.1436496639251709,0.070488868,0.098649664,0.1136496639251709,0.1286496639251709,0.8512411596685648,0.9148706578031184,0.9666862588703632,0.069395996,0.075261071,0.071798301
0.123743,0.021952243,7.176869217809049e-05,0.026488126,-0.739059533,0.0103,0.0141,0.0166,0.0192,0.0221,0.0243,0.027,0.0301,0.0333,0.042,,0.3953914093971252,0.4655374675989151,0.7832677695661783,0.040566534,0.1463921093940735,0.074527255,0.095205071,0.1145535548239946,0.1304616645991802,0.8412453649401666,0.8268163768947124,0.9761211466610432,0.064882823,0.087181187,0.064234859
0.128867,0.02072911,9.403553660251178e-05,0.1446205147848345,-0.560922939,0.0079,0.0114,0.0145,0.0175,0.0206,0.0234,0.0265,0.0295,0.0336,0.0476,,0.3900649508088827,0.4675705179572105,0.5204913286149502,0.037557279,0.1367613220214844,0.059427666,0.074437044,0.1013848749879747,0.1163915363386273,0.8915130405027419,0.9169919900506734,0.8905012500941754,0.061172047,0.090821086,0.075335724
0.131844,0.021534729,9.606768606093252e-05,0.045004994,-0.803529504,0.0081,0.0118,0.0158,0.0185,0.0213,0.0242,0.0277,0.0307,0.0348,0.0437,,0.4023692737519741,0.4566223792731762,0.5435870544701815,0.036946071,0.1322110526263714,0.071627019,0.086695544,0.1016955441650003,0.1171590329326689,0.8740686397120356,0.9640293592989444,0.9388332535594702,0.080519068,0.073181251,0.096629891
0.129601,0.022708471,7.265210368203927e-05,0.2302640774440404,-0.027185132,0.0117,0.0149,0.0176,0.0201,0.0226,0.0248,0.0271,0.0299,0.0338,0.048,,0.3686638440191745,0.4905433058738708,0.8680214982658625,0.036098585,0.1447516226768493,0.052941663,0.073490946,0.1004877805419266,0.1171831787891685,0.9301193293809892,0.8224879288375377,0.949917905,0.077865178,0.090524228,0.084417206
0.125174,0.020998944,5.646858425264864e-05,-0.139125035,-0.736199577,0.0108,0.0138,0.0169,0.0188,0.0214,0.0235,0.0255,0.0281,0.0309,0.0385,,0.4161133435368538,0.4478509221225977,0.7979132608786225,0.042533124,0.1457962203025818,0.063824737,0.097544106,0.11335550687462093,0.130304303,0.8709190071538091,0.8266911596298218,0.9781910811185837,0.064108227,0.072123626,0.081917388
0.129155,0.023242351,7.840250302281496e-05,0.088810186,-0.535080338,0.0113,0.015,0.0179,0.0209,0.0232,0.0256,0.028,0.0311,0.035,0.046,,0.3732658049464226,0.4878987640142441,0.818105206,0.037700157,0.14549789547920228,0.068280149,0.084574264,0.10075938290543855,0.11733829457908869,0.9617826968640089,0.8200240384399891,0.9943033854365348,0.073798484,0.073284321,0.080321048
0.143439,0.024302874,9.199355825937526e-05,-0.002655667,-0.849937906,0.0111,0.0155,0.0187,0.0211,0.0238,0.0273,0.0306,0.0334,0.0372,0.0451,,0.38976791098713875,0.4622209779918194,0.7542401014365255,0.036848422884941105,0.14334710717201232,0.073628118,0.095117613,0.11135490762144327,0.1273626183092594,0.8341064043343067,0.948984641,0.8169697707593442,0.074544424,0.082516751,0.075094525
0.133823,0.02263758,6.594049016150014e-05,-0.018881107,-0.61609596,0.0117,0.0153,0.0177,0.0201,0.0227,0.0249,0.0272,0.0301,0.0339,0.0426,,0.4003798434138298,0.4551601715385914,0.8127723080232739,0.045899996,0.14351614117622374,0.060902833,0.089648206,0.11289269098639489,0.128350701,0.8536366223812104,0.965475214,0.8276883483886719,0.078449702,0.084125806,0.084430902
0.159287,0.022545617,8.110494838874284e-05,0.02534687,-0.662146365,0.0101,0.0139,0.017,0.0204,0.0228,0.0252,0.0278,0.0307,0.0344,0.046,,0.353127552,0.4804520308971405,0.7297802645844407,0.04472523,0.1421092867851257,0.05972523,0.07472523,0.08972523,0.1047252301126718,0.8946426845842973,0.983196134,0.8112875185787678,0.0718445,0.075917542,0.094731283
0.161896,0.019468681,7.150055675927143e-05,-0.103843261,-0.886177949,0.0073,0.0111,0.0146,0.0169,0.0201,0.0221,0.0252,0.0276,0.0307,0.0372,,0.4070340970158577,0.4265002161264419,0.5331333460450172,0.045010864,0.1271227973699569,0.060010864,0.082122797,0.097122797,0.1121227973699569,0.8207069082170725,0.9707804806768894,0.8241508073270322,0.07670265,0.069768097,0.07109518
0.158732,0.020337332,8.026284794839817e-05,-0.031781938,-0.810617781,0.0076,0.0121,0.0149,0.018,0.0205,0.023,0.0258,0.0287,0.0324,0.0404,,0.383532412,0.4498750336468219,0.5164298744916915,0.042951805,0.1322738270461559,0.057958462,0.086622597,0.1016503607269376,0.1172687025547027,0.8219481798470021,0.9535221665620804,0.818696589,0.064847657,0.088119902,0.082913246
0.156536,0.021152581,9.964045256980473e-05,0.2635815882492142,-0.392564767,0.0086,0.0124,0.0154,0.0182,0.0208,0.0234,0.0264,0.0297,0.0346,0.0507,,0.3918196320533753,0.4385978028178215,0.5143473214924336,0.040589148,0.1385541605949402,0.055589148,0.091443099,0.1065357126146555,0.1217730003803968,0.8169003438711167,0.9715418235599996,0.9709623847007752,0.063270015,0.083286172,0.081935964
0.160066,0.023070856,8.377224571378502e-05,0.097658336,-0.618519152,0.0108,0.0143,0.0174,0.0201,0.023,0.0258,0.0283,0.0312,0.0352,0.047,,0.3572803631424904,0.4763248950242996,0.7282711428182199,0.045288736,0.1469790506362915,0.060947501,0.076462081,0.093240369,0.1082403688222169,0.8098332186102868,0.987639277,0.9842285611450672,0.081388721,0.087365476,0.092455141
0.160601,0.020442232,7.879727925196725e-05,-0.081867103,-0.823389613,0.0076,0.012,0.015,0.0183,0.0206,0.0234,0.0261,0.0286,0.0319,0.0395,,0.3836507907882333,0.4467120241373777,0.5334886224299669,0.037344617,0.1335626992583274,0.066930895,0.082161104,0.098629833,0.1185269987791776,0.8160992528796196,0.984694269,0.8169558848559857,0.064012869,0.087580888,0.082999257
0.159094,0.021812091,6.955475154546977e-05,0.008500632,-0.665612006,0.0101,0.0142,0.0169,0.0192,0.0218,0.0245,0.0268,0.0295,0.0327,0.0433,,0.4071278241276741,0.4259872823953629,0.7257404276890796,0.042014855,0.1329860776662826,0.057014855,0.087870585,0.1029860776662826,0.1179860776662826,0.8982627420667559,0.8690387912899256,0.9945981929302216,0.053294476,0.072505549,0.097676287
0.157764,0.020111549,6.304722092015696e-05,0.05067725,-0.745730273,0.01,0.0125,0.0154,0.0178,0.0199,0.0228,0.0247,0.0276,0.031,0.0388,,0.4084841969609261,0.4277673304080963,0.7231572882392909,0.039341674,0.1174768877029419,0.057476888,0.072476888,0.087476888,0.1024768877029419,0.807428766,0.9907946762025356,0.97313089,0.06309457,0.066874634,0.066386498
0.15555,0.021169713,6.988937283773891e-05,-0.002689676,-0.796699035,0.0103,0.0132,0.0165,0.0186,0.0211,0.0236,0.0261,0.0295,0.0325,0.039,,0.4006436960399151,0.4346013620495796,0.6834071687087416,0.043034784,0.1391064327955246,0.070479542,0.087332872,0.1023328720867634,0.117401759,0.8295198146611452,0.988760725,0.8406424671411514,0.058500105,0.063130318,0.065565004
0.156892,0.019869536,5.519140743985852e-05,-0.10251271,-0.784696971,0.0096,0.0127,0.0154,0.0179,0.02,0.0222,0.0244,0.0269,0.0297,0.0359,,0.3864395911619067,0.4489771080203354,0.7433203415326773,0.040688508,0.1194250273704528,0.0556949,0.073176358,0.088181193,0.103281419,0.8284083923578263,0.8357201229274274,0.9796039658308028,0.07672574,0.082776253,0.084707949
0.178323,0.025313282,8.431019663049038e-05,0.023306191,-0.550248532,0.013,0.0167,0.0198,0.0226,0.0251,0.0279,0.0308,0.0338,0.0378,0.0481,,0.3510902452468872,0.4642712369561195,0.8111535750523209,0.03760337,0.1320096522569656,0.05260337,0.075964868,0.1018819139383733,0.1169824430949986,0.9219554580792784,0.9852376,0.824844126,0.055486102,0.078625516,0.069993458
0.178019,0.025093363,8.412312523800712e-05,0.069723479,-0.459930539,0.0131,0.0169,0.0197,0.0222,0.0246,0.0273,0.03,0.0332,0.0375,0.0497,,0.3653654488921165,0.4448631022125482,0.7756017524600028,0.036531834,0.1437409794330597,0.052617615,0.096790521,0.1129035965234041,0.1279035965234041,0.8687862784326077,0.8430679511070251,0.9832144138395786,0.07049665,0.082932325,0.073064801
0.177313,0.023670074,7.03457434631847e-05,-0.034523767,-0.485376333,0.0122,0.0159,0.0192,0.0217,0.0238,0.026,0.0284,0.0311,0.0348,0.046,,0.357520153,0.4585086517035961,0.7967674144595861,0.040436247,0.1181875562667846,0.055436247,0.073187556,0.088187556,0.1031875562667846,0.901030469,0.9950569994926453,0.8332279782891274,0.075033388,0.079465942,0.074257801
0.169651,0.024930054,7.875544607348681e-05,-0.026404605,-0.542328937,0.0126,0.0168,0.0199,0.023,0.0252,0.0275,0.0298,0.0328,0.0367,0.0468,,0.3883496860414743,0.4288041189312935,0.7620479965701699,0.037536695,0.1375424247980118,0.063172851,0.078172851,0.093172851,0.108172851,0.8330667041838169,0.9069426860190928,0.902810405,0.059149755,0.084837749,0.081087302
0.172431,0.023661133,0.000108672,0.053223408,-0.577451015,0.0102,0.0144,0.0181,0.0211,0.0239,0.0269,0.0297,0.033,0.0373,0.0515,,0.3754829983413219,0.4462114978581667,0.521974848,0.039693022,0.1224050968885421,0.05960139,0.077405097,0.092405097,0.1074050968885421,0.98247802,0.9847556956410408,0.982983403,0.055144655,0.095059614,0.09552122
0.188272,0.023365684,9.473325800847602e-05,-0.113021929,-0.756004566,0.0095,0.014,0.0183,0.0209,0.0234,0.0265,0.0295,0.0324,0.0359,0.045,,0.3868258521147072,0.4184109568595886,0.5479451909780502,0.047130059,0.1259853884577751,0.064537014,0.080878948,0.095878948,0.1109853884577751,0.8203705069541931,0.939731104,0.8882771490618587,0.079299816,0.093018891,0.082822017
0.176565,0.021874356,6.548504197334842e-05,-0.066413589,-0.746035374,0.0109,0.0143,0.0172,0.0194,0.0224,0.0243,0.0267,0.0295,0.0327,0.0385,,0.395534031,0.422332051,0.7116396397277712,0.036826676,0.1194640147686004,0.059464015,0.074464015,0.089464015,0.1044640147686004,0.8951437674671412,0.9920410729825496,0.9215546450063586,0.076544069,0.078341491,0.080349535
0.182279,0.026466186,0.000130044,-0.036502784,-0.695301672,0.0114,0.0162,0.0202,0.0237,0.027,0.0301,0.0332,0.0371,0.0411,0.0516,,0.3602205443382263,0.4525911141186953,0.5150482247471809,0.042239483,0.1343927606940269,0.072825216,0.089110891,0.1042191696539521,0.1193877288356423,0.8210098999083042,0.8380079862773419,0.9128301846235992,0.074434163,0.094994964,0.076323617
0.1803,0.02417916,7.599228436957556e-05,0.012742815,-0.57640087,0.0122,0.0169,0.0193,0.0215,0.0236,0.0264,0.0296,0.0324,0.0357,0.0448,,0.3901801544427872,0.424325943,0.77123538,0.036491887,0.1184003782272339,0.058400378,0.073400378,0.088400378,0.1034003782272339,0.8987777413535397,0.8988214250802994,0.9563124053418636,0.075682041,0.0783202,0.078014167
0.180402,0.022451788,0.000103137,0.1020274173840214,-0.624675484,0.009,0.0128,0.0162,0.0192,0.0221,0.0253,0.0285,0.032,0.0358,0.0483,,0.3782365472614765,0.436974248,0.5339566775232554,0.03664328,0.1325445997714996,0.051648837,0.066662092,0.09421825,0.1092536718189716,0.8457269718259574,0.8703446467697621,0.8628405722856523,0.05404259,0.087071526,0.090854739
0.122003,0.019781522,6.275624815329623e-05,0.001839813,-0.777920707,0.0095,0.0119,0.0152,0.0173,0.0203,0.0221,0.0246,0.0273,0.0303,0.0375,,0.3783538860827684,0.4915912926197052,0.7841670574709773,0.043967676,0.1369643765687942,0.058967676,0.073967676,0.088967676,0.103967676,0.9925653396636248,0.957481364,0.8216655640780927,0.075569498,0.067220664,0.097157162
0.121597,0.019586514,8.15581391194668e-05,0.075400831,-0.760348949,0.0073,0.0106,0.0141,0.017,0.0192,0.022,0.025,0.0282,0.0317,0.0437,,0.4003313036262989,0.4696918681263923,0.5347970430761575,0.037014098,0.1425242841243744,0.062695108,0.081860238,0.097798994,0.1138124626016942,0.9593450551629068,0.8708269913673401,0.9510017082571984,0.07119552,0.091910386,0.092100002
0.114386,0.019704393,7.262194398768669e-05,0.1400817130030351,-0.784196964,0.008,0.0117,0.0141,0.0173,0.0191,0.0217,0.0248,0.0277,0.0316,0.0392,,0.4109871768951416,0.4602921649813652,0.7465820954382419,0.04252362,0.1443469977378845,0.062379907,0.092863709,0.1078637087292969,0.1228637087292969,0.936995347,0.9917789438068868,0.881003705,0.074772033,0.056136775,0.095967766
0.126192,0.018711679,5.351195748279824e-05,-0.02900795,-0.790689575,0.0087,0.0114,0.0143,0.0167,0.0189,0.0209,0.0232,0.0256,0.0285,0.0361,,0.4015708607435226,0.4588478654623031,0.7568766773276031,0.041579363,0.146787064,0.057362489,0.091010362,0.1067948641628027,0.123705216,0.8396123827636243,0.8109480762422085,0.9778890091300012,0.053495358,0.064954064,0.095095049
0.132992,0.019653419,6.144633424038662e-05,0.014451806,-0.763535538,0.0095,0.0119,0.0151,0.0172,0.0201,0.022,0.0241,0.0271,0.0299,0.0377,,0.4081281098723411,0.4502242447808385,0.7416054534886032,0.03632642,0.1392743271589279,0.060235571,0.094274327,0.1092743271589279,0.1242743271589279,0.868893364,0.9874762489795684,0.817504944,0.058278407,0.081287662,0.064681881
0.118578,0.022221596,0.000103379,0.039070147,-0.726908858,0.0085,0.0123,0.016,0.0191,0.0226,0.0256,0.0282,0.0313,0.0358,0.0472,,0.3854194868076592,0.4839957624673843,0.5400180606722832,0.035869407,0.1417486190795898,0.078155903,0.093155903,0.1081559034109115,0.1231559034109115,0.9829563107699156,0.8718415793061256,0.8797502442359925,0.057170041,0.054681448,0.098363665
0.124701,0.019861716,6.11053921366204e-05,0.1398304947606954,-0.541560072,0.0101,0.0126,0.0151,0.0176,0.0198,0.0217,0.0242,0.0271,0.0302,0.0402,,0.3950693006813526,0.4754078865051269,0.7853177487507462,0.042457559,0.1320681430399418,0.057457559,0.087068143,0.1020681430399418,0.1170681430399418,0.939682256,0.9873437374472618,0.8107479452431202,0.069848868,0.075352253,0.076023055
0.124732,0.018590175,6.953820989244911e-05,0.04161152,-0.673962384,0.007,0.0105,0.0139,0.0162,0.0183,0.0211,0.0238,0.0262,0.0295,0.0424,,0.400314534,0.4683560386300087,0.5438719564050436,0.040937436,0.1355031383037567,0.058067613,0.080296808,0.095429655,0.1199380318880081,0.8306654448390007,0.877878538,0.9029986913247036,0.067005769,0.07706149,0.075884045
0.121244,0.019064434,6.24659500229007e-05,0.1187645033326724,-0.6813189,0.0086,0.0116,0.0147,0.0168,0.0186,0.021,0.0234,0.0264,0.0299,0.0382,,0.40997165,0.4642080828547478,0.7616608600325883,0.042977914,0.1377413380146026,0.057977914,0.077059195,0.092104703,0.1071194043114781,0.8101549048870802,0.8884688231766225,0.9093579391643404,0.059236696,0.053515894,0.097674496
0.117933,0.020270692,7.713829217311023e-05,0.068530091,-0.835161068,0.0079,0.0119,0.015,0.0178,0.0199,0.0227,0.0255,0.0285,0.0324,0.0392,,0.4071312370896339,0.4669023782014846,0.7331083978565409,0.037703133,0.1347794848680496,0.070477571,0.089779485,0.1047794848680496,0.1197794848680496,0.8926038357615471,0.9697602955043316,0.8108892992138863,0.071995817,0.072207455,0.076598546
0.171536,0.02454717,8.789684069285574e-05,-0.095567877,-0.742725293,0.0113,0.0157,0.0193,0.0225,0.025,0.0276,0.0301,0.0331,0.037,0.0464,,0.4039062383770943,0.4118203967809677,0.6638132720053196,0.045003002,0.1475341975688934,0.068107864,0.083620007,0.099028914,0.1273326778203249,0.8282550050109625,0.912422933,0.9320687226384878,0.084751445,0.067788162,0.091442935
0.177,0.023008399,8.399985606659028e-05,0.089166776,-0.623935471,0.011,0.0144,0.0174,0.0201,0.0226,0.0253,0.0282,0.0311,0.0356,0.0494,,0.3515181735157967,0.4619208239018917,0.7267800171464681,0.036638869,0.1438281095027923,0.051638869,0.066638869,0.1138281095027923,0.1288281095027924,0.8591491987243295,0.9568439461708068,0.8431913938105107,0.073573648,0.086389058,0.088455971
0.177342,0.023949292,0.000103048,0.1638407823020931,-0.630376811,0.0109,0.0146,0.0178,0.0207,0.0234,0.0265,0.0294,0.0328,0.0378,0.0503,,0.3564682075381279,0.4560911484062672,0.6401574990123511,0.039421989,0.1296388309076428,0.069621764,0.084621764,0.099623507,0.1146354594301432,0.8353819255411625,0.8672238763302564,0.989627004,0.054323156,0.065965384,0.064066876
0.178187,0.024955769,9.630678113964488e-05,0.085232121,-0.624324498,0.0123,0.0161,0.0193,0.0221,0.0249,0.0278,0.0305,0.0334,0.0381,0.0511,,0.3520949891209602,0.4674951866269111,0.6992766105540097,0.046138405,0.1460057711601257,0.061296021,0.088592058,0.1035920581713318,0.1185920581713318,0.8333121346622706,0.9759742313027382,0.8286605759859086,0.074720038,0.084020772,0.074901228
0.177555,0.023443054,0.000103592,-0.003893812,-0.763049741,0.0095,0.0133,0.0173,0.0207,0.0239,0.0266,0.0294,0.0327,0.037,0.0468,,0.401117554,0.4125613063573837,0.5620510398566723,0.037792446,0.1328611069917679,0.066683255,0.082523391,0.097545871,0.1174393897868692,0.8648578477889299,0.94538085,0.94659414,0.071880673,0.083981467,0.088350452
0.179284,0.022233628,8.613429349056638e-05,0.2377890774651283,-0.374640265,0.0105,0.0138,0.0169,0.0193,0.0218,0.0243,0.0272,0.0303,0.0345,0.0504,,0.3749757228791713,0.4393719896674156,0.6800739849373698,0.036013222,0.1200913101434707,0.051013222,0.066013222,0.09009131,0.1050913101434707,0.9596924598991872,0.967960207,0.9847379987359048,0.056701038,0.095266304,0.092742929
0.168936,0.025363195,9.134258980731782e-05,-0.040325107,-0.66256818,0.0123,0.0164,0.0196,0.0227,0.0254,0.0281,0.0311,0.0344,0.0379,0.0491,,0.3520505872368812,0.4724416732788086,0.7225893910283223,0.046484851,0.1417919611930847,0.071688704,0.086688704,0.1016887036383152,0.1166887036383152,0.8518358804270625,0.987030143,0.8142792698025704,0.057199745,0.096688186,0.09424432
0.179755,0.024441557,9.83703841660542e-05,0.054814138,-0.663150904,0.0114,0.0153,0.0187,0.0216,0.0243,0.0272,0.0301,0.0334,0.0377,0.0505,,0.3541846877336502,0.4598752528429031,0.64363044,0.046676507,0.1435359716415405,0.069342225,0.08520745,0.1002333359004929,0.1285359716415405,0.8727236453026533,0.9908615036010742,0.8218547743976117,0.058184148,0.071495433,0.076618715
0.174062,0.022512234,7.768639201197423e-05,0.076314055,-0.632884192,0.0106,0.0139,0.0171,0.0204,0.0227,0.0251,0.0277,0.0305,0.0342,0.0466,,0.4062612906098365,0.4080428212881088,0.7009844172611832,0.038158151,0.1279192800819873,0.053158151,0.077484873,0.092495224,0.1128787107799202,0.8702183712616564,0.8718801257878542,0.8660062426626682,0.053573413,0.096836485,0.091175756
0.169949,0.027332474,0.000151556,0.1652358450559673,-0.670000593,0.0105,0.0156,0.0201,0.0238,0.0271,0.0301,0.0337,0.0388,0.0446,0.0588,,0.3537581300735474,0.4663346663117408,0.6275632399812341,0.038563281,0.1473245000839233,0.078425067,0.093425067,0.1084250673711299,0.1234250673711299,0.9229644086748362,0.9824880001962184,0.8192959930241108,0.06960407,0.071428026,0.063773231
0.125852,0.019896393,5.8313522703413534e-05,0.052290257,-0.652994518,0.0102,0.0127,0.0152,0.0178,0.0199,0.0219,0.0242,0.0271,0.0302,0.0402,,0.3715262739360332,0.4955139905214309,0.8128329592466355,0.038920456,0.1259336224198341,0.057686267,0.073869383,0.088998583,0.1109321931645274,0.882016452,0.963308811,0.8200690365076065,0.055980862,0.069910732,0.060209059
0.118372,0.02193225,5.8445770805527133e-05,-0.105460861,-0.564035489,0.0117,0.0151,0.0177,0.0197,0.0221,0.0242,0.0263,0.029,0.0321,0.0389,,0.4124607440829277,0.454998279,0.8455078794121742,0.045477988,0.1458562421798706,0.060477988,0.09968684,0.1147781956762075,0.1304937048494815,0.8828047258861363,0.8155227132678032,0.986075684,0.077260864,0.078978948,0.077438346
0.128965,0.021345246,6.752081622084759e-05,0.036705168,-0.681011136,0.0102,0.0137,0.0165,0.0187,0.0212,0.0238,0.0262,0.0289,0.0323,0.043,,0.4089886832237244,0.4549209453165531,0.789537837,0.037965061,0.1345698249340057,0.058700325,0.086185958,0.1037722693517804,0.1195698249340057,0.9155879753001036,0.988783548,0.9328475777179004,0.061266101,0.085867314,0.071603298
0.133034,0.021938435,0.000109092,0.2457406178681128,-0.574377139,0.0085,0.0123,0.0154,0.0184,0.0213,0.0241,0.0273,0.0313,0.0369,0.0483,,0.3654444080591202,0.4899097174406052,0.5188840008348227,0.043148361,0.1425772023200988,0.058160293,0.085442493,0.1007801099415868,0.1274595841884613,0.9642487676799296,0.9593487499654292,0.8249918810188771,0.05332646,0.091460004,0.078244497
0.140379,0.021046464,6.931083233480915e-05,0.006531616,-0.759354127,0.0103,0.0131,0.016,0.0187,0.0211,0.0234,0.0261,0.0289,0.0321,0.0407,,0.3963637906312942,0.4540871068835259,0.7449400361046195,0.036686216,0.1349736934900283,0.067628562,0.087579783,0.1031762190058827,0.1182994307279586,0.8445686164617539,0.8272265469491482,0.9884037224054336,0.076682336,0.090474976,0.07688334
0.12489,0.020641192,6.807246953070083e-05,0.1189826916860303,-0.659681964,0.0102,0.0129,0.0158,0.0183,0.0204,0.0225,0.0251,0.0282,0.032,0.0404,,0.3745482504367828,0.4912689924240112,0.7909773100063204,0.041560209,0.1223088860511779,0.061154326,0.077161122,0.092176472,0.1072070164114236,0.8747798739686609,0.9386550413280724,0.9784030733704568,0.069895877,0.06373915,0.064315504
0.147914,0.021807314,7.735086706214079e-05,0.2652970794079525,-0.418218572,0.0102,0.0135,0.017,0.0191,0.0213,0.0237,0.0263,0.0298,0.0336,0.0446,,0.3664383643865585,0.4779124051332474,0.7735203252375126,0.039281221,0.1347728496789932,0.058910664,0.089038439,0.1040442584253847,0.1197426127597689,0.8228085418492556,0.810481457,0.9919631819963456,0.068570113,0.064449675,0.097514174
0.135148,0.017518587,6.153260003992217e-05,0.007027768,-0.792685229,0.0063,0.0101,0.0124,0.0152,0.0174,0.02,0.0222,0.025,0.0281,0.0367,,0.405768743,0.4470250904560089,0.541037867,0.036883726,0.1464416968822479,0.058492298,0.075373604,0.091794828,0.1299857640862464,0.8710166771292687,0.8199763845443726,0.9796925093054772,0.068658087,0.089829926,0.081703255
0.132948,0.019188593,5.196901595490737e-05,-0.006243292,-0.738407907,0.0095,0.0126,0.015,0.0172,0.0189,0.0213,0.0234,0.026,0.0292,0.0347,,0.4092780548334122,0.4528178323060274,0.7903406363368034,0.042235745,0.1318310278654098,0.057235745,0.078854475,0.093854475,0.1088544748991727,0.9406521198242904,0.8308314453601837,0.8082553422272206,0.053518853,0.052819419,0.096996213
0.127348,0.018351746,7.034911925455468e-05,0.07231809,-0.719151372,0.0066,0.0108,0.0131,0.016,0.0185,0.0207,0.0232,0.0261,0.0296,0.0401,,0.37500509,0.4892264544963837,0.5420965662360191,0.037219146,0.139724788,0.052712686,0.093527082,0.1089415046051144,0.1243329219788312,0.8178148534476757,0.9744832115888596,0.8526616215825081,0.063521407,0.06383055,0.093137808
0.11356,0.016103193,5.272785432006039e-05,0.003049335,-0.802048906,0.0055,0.0092,0.0122,0.0137,0.0165,0.0182,0.0206,0.0229,0.0258,0.0347,,0.3885596043244004,0.4915007084608078,0.6607148394942284,0.037240955,0.1249004662036895,0.052506945,0.067506945,0.082506945,0.09987121,0.9416150101304056,0.8141984196662904,0.9791393120646475,0.060425767,0.058386347,0.087565357
0.102179,0.017281656,5.641980252632353e-05,0.058403415,-0.789842004,0.0077,0.0099,0.0129,0.0149,0.0176,0.0194,0.0222,0.024,0.0274,0.0354,,0.4094796136021614,0.4827040076255798,0.7647441448152065,0.044436126,0.1318606734275818,0.064590544,0.079590544,0.094590544,0.1141717924349941,0.8641775239393116,0.8127442464232445,0.9803328745305538,0.060819956,0.063558225,0.084931523
0.103837,0.01664693,5.225219990959107e-05,0.059566879,-0.774705322,0.0076,0.0097,0.0127,0.0144,0.0171,0.0187,0.0208,0.0234,0.0267,0.0356,,0.4054724979400634,0.488648522,0.7765442051924765,0.037675906,0.1200661653280258,0.05483822,0.070142069,0.085164189,0.1010185355335474,0.9447975071504712,0.8351835923433304,0.9792008935451508,0.06797941,0.076406759,0.082281837
0.104851,0.016227121,5.0934255074175585e-05,0.024147468,-0.853507843,0.0063,0.01,0.0119,0.0141,0.0162,0.0182,0.0207,0.0231,0.0257,0.0335,,0.4142519482970238,0.4764717519283294,0.7435872946992517,0.03596571,0.1330379989743232,0.057057596,0.088037999,0.1030379989743232,0.1180379989743232,0.9878349720656872,0.865975449,0.8120592103898525,0.050758938,0.097445144,0.091439021
0.107608,0.015047382,4.649580843763104e-05,0.01943842,-0.80991733,0.0051,0.0084,0.0112,0.013,0.0153,0.017,0.0192,0.0214,0.0242,0.0335,,0.4109327781200409,0.4780498355627059,0.6797720020204783,0.037467037,0.1164847469329834,0.052467037,0.067467037,0.082467037,0.097467037,0.9637903690546752,0.9790543830931188,0.8235497596919537,0.05478382,0.057948234,0.096703276
0.101914,0.016634328,5.470489970091109e-05,-0.06914134,-0.851033474,0.0056,0.0094,0.0124,0.0145,0.017,0.0189,0.0213,0.0235,0.0262,0.0344,,0.4143516126275062,0.4776259750127792,0.5623728913933038,0.042667959,0.1254386484622955,0.05804061,0.080354406,0.095387054,0.1104258139297366,0.8722432754755021,0.9781397236406804,0.865573047,0.053358126,0.093895793,0.088249022
0.101835,0.016847008,6.0817515196307976e-05,0.086982711,-0.791411171,0.0059,0.0097,0.0118,0.0145,0.0165,0.0191,0.0214,0.0242,0.0275,0.0372,,0.4117342567443848,0.4768511444330215,0.531525107,0.03927044,0.1342599228024482,0.054312697,0.079508998,0.094729337,0.1123851311344653,0.8483253226220608,0.8557715281486511,0.902427885,0.081584089,0.077144867,0.078209426
0.120489,0.016796102,6.004471131471799e-05,0.1457554598960651,-0.621587702,0.006,0.0097,0.0119,0.0146,0.0166,0.019,0.0211,0.0235,0.0269,0.0372,,0.4179921332001686,0.4531103942543268,0.5259048942446709,0.038994087,0.1280394710600376,0.053994087,0.081430415,0.096572378,0.1118366962727159,0.8359180633783341,0.8510868995249271,0.9393734937995672,0.073406006,0.055878901,0.095973129
0.104091,0.016702951,5.15728831010451e-05,0.013359992,-0.798523967,0.0073,0.0105,0.0124,0.015,0.0166,0.0188,0.0209,0.0235,0.0265,0.0334,,0.4004367309808731,0.4905755996704101,0.7594116150096059,0.045750716,0.122472431,0.061478409,0.076530166,0.092024806,0.1071202559694647,0.8321809930860996,0.8515590410798788,0.9835566013216972,0.058703582,0.077268981,0.082992992
0.116861,0.017161607,5.0788038527202495e-05,0.025059385,-0.844948362,0.0077,0.0108,0.0127,0.0153,0.017,0.0194,0.0215,0.0238,0.0272,0.0336,,0.4177009570598602,0.462594761,0.7512105389893055,0.044104279,0.1384261333942413,0.059104279,0.074104279,0.089104279,0.1097501548439264,0.8887782670408487,0.8133711842417717,0.9928954370081424,0.053680564,0.058784784,0.07839211
0.091091,0.013743698,3.7797057318688266e-05,-0.01598029,-0.877195962,0.0055,0.008,0.0103,0.0124,0.0134,0.0159,0.0177,0.0198,0.0219,0.027,,0.4090402114391327,0.4925268948078155,0.7610346902623772,0.036332081,0.1218887144327163,0.051332081,0.066332081,0.081332081,0.099628603,0.892446492,0.8150820382893086,0.989451929,0.053962275,0.08219579,0.089147565
0.096239,0.014667918,4.470128789575328e-05,-0.010448821,-0.923978694,0.0055,0.0081,0.0104,0.0126,0.0147,0.0172,0.0187,0.0212,0.0237,0.0294,,0.4177881065011024,0.4764163255691528,0.5177502632170916,0.040192915,0.1390931355953216,0.055192915,0.070192915,0.085192915,0.1188741510853171,0.9840370162844658,0.82852161,0.8253841161072255,0.065539069,0.067847279,0.082892495
0.090131,0.016007764,5.3513927568586285e-05,0.033463882,-0.800218662,0.0053,0.0089,0.0118,0.0134,0.0161,0.0179,0.0206,0.0229,0.0258,0.034,,0.4042835959792137,0.4955839127302169,0.68038149,0.044479072,0.1473357081413269,0.059479072,0.082391609,0.09853331,0.1139718782281503,0.8720207753539085,0.8072902482450008,0.9848245653152466,0.054756001,0.051769146,0.09877581
0.096181,0.014626228,4.611043058356297e-05,0.084423265,-0.800192536,0.0057,0.008,0.0105,0.0124,0.0146,0.0166,0.0184,0.0209,0.0238,0.0311,,0.4160364371538162,0.4790117591619491,0.5583904560774564,0.037367793,0.1371926039457321,0.052367793,0.086697341,0.1017132228735834,0.1180707871437072,0.8424045424371958,0.9895818032801152,0.8322470213890076,0.074589515,0.060202865,0.065258816
0.107569,0.016046633,5.423730378772216e-05,0.1012328357431963,-0.729509429,0.0065,0.0093,0.0117,0.0138,0.0159,0.0178,0.0203,0.0229,0.026,0.0334,,0.3952472576498985,0.4921469956636429,0.5729251991003752,0.039149688,0.1391491937637329,0.054149688,0.069149688,0.084149688,0.1052218221664428,0.8090844641178847,0.9863990553855896,0.9880294937372208,0.066862828,0.067463063,0.072287906
0.113337,0.016287058,5.268718372611986e-05,-0.056530101,-0.889404552,0.0064,0.0099,0.0118,0.0142,0.0167,0.0183,0.0209,0.0233,0.026,0.0317,,0.3991059647500515,0.4836023032665252,0.6099924981504679,0.04217345,0.144215453,0.05717345,0.07217345,0.08717345,0.1021734497137367,0.8244912511467934,0.983924774,0.8324198568224908,0.07862773,0.089437184,0.084224162
0.110701,0.015685759,5.002180051231965e-05,0.015325114,-0.785280687,0.0053,0.0088,0.0116,0.0136,0.0159,0.0178,0.0201,0.0223,0.0251,0.0335,,0.38253664202988147,0.498942557,0.5164918458223343,0.037206216,0.12699674665927888,0.052206216,0.070052057,0.096996747,0.11199674665927888,0.8050455340564251,0.9688188526928425,0.8211509043872357,0.061966424286365514,0.054719538748264324,0.079649467
0.124529,0.016462068,5.664894687349114e-05,0.077705566,-0.688944813,0.0057,0.0094,0.0118,0.0142,0.0165,0.0186,0.0206,0.0232,0.0267,0.0359,,0.37794360622763634,0.49473023116588594,0.5754127502918243,0.036449106782674795,0.14099161624908446,0.051990344804525385,0.066990345,0.081990345,0.096990345,0.8119111712425947,0.9890992264568805,0.9105823094896972,0.052339604,0.085131715,0.067651682
0.097871,0.015696325,5.395526334499961e-05,0.1766824423463655,-0.541168414,0.0056,0.0089,0.0113,0.0134,0.0157,0.0177,0.0197,0.0222,0.0255,0.0389,,0.40894031554460525,0.48610872626304624,0.5516866430550813,0.038294812,0.1354101175069809,0.053337928813695916,0.071661629,0.087027817,0.11164807723239063,0.8309159808814526,0.9723533212304115,0.9297825801402331,0.068819826,0.072720776,0.076810424
0.20841,0.029087525,9.473103251859796e-05,-0.107239246,-0.242458074,0.0175,0.0212,0.0242,0.0271,0.0299,0.0324,0.0349,0.0379,0.0418,0.0525,,0.3594405698776245,0.4294048115611076,0.848412437,0.042383012,0.117889392,0.057383012,0.072889392,0.087889392,0.102889392,0.9531826632469892,0.9844723684310912,0.8542539303869009,0.060143261,0.069449186,0.079359165
0.192162,0.028005295,9.432096114934024e-05,-0.136736078,-0.542238019,0.0149,0.0191,0.0225,0.0256,0.0283,0.0309,0.0335,0.0362,0.0409,0.0503,,0.3532226058840751,0.4424795009195805,0.765274784,0.047947065,0.1273979645967483,0.062952279,0.080322428,0.097347052,0.1123514038924127,0.809791719,0.9597731810569764,0.9352587528914214,0.05392923,0.066361615,0.093766612
0.193894,0.027487287,9.664526207799984e-05,0.090732277,-0.276342036,0.0144,0.0183,0.0218,0.0246,0.0275,0.0303,0.0331,0.0361,0.0399,0.0562,,0.3896216741204262,0.4095294684171677,0.7487001422356814,0.036576949,0.1368316406011581,0.064195925,0.091831641,0.1068316406011581,0.1218316406011581,0.8636140561431647,0.9639441979825496,0.986271236,0.059746812,0.054739119,0.090216559
0.190773,0.027057892,9.263519156221826e-05,0.01088996,-0.461808446,0.0145,0.0186,0.0216,0.0245,0.0273,0.0299,0.0327,0.0356,0.0392,0.0514,,0.3858922234363854,0.4170056998729706,0.7517339581757784,0.039720647,0.1399327754974365,0.06137396,0.094932775,0.1099327754974365,0.1249327754974365,0.8247250764459372,0.987961571,0.9641075954079628,0.064232424,0.061662516,0.097719374
0.199363,0.026710773,9.23520977790147e-05,-0.063040751,-0.614872783,0.0136,0.0177,0.0211,0.024,0.0268,0.0295,0.0322,0.0355,0.0394,0.0492,,0.3609793838858604,0.4362839490175247,0.7519914611835032,0.043167991,0.1194120132923126,0.059412013,0.074412013,0.089412013,0.1044120132923126,0.9723177332788706,0.8297076994538307,0.9544555647194386,0.052240604,0.061017108,0.096242355
0.18869,0.027471996,9.494055739923904e-05,-0.034443285,-0.603725595,0.0145,0.0185,0.0217,0.0244,0.0274,0.0301,0.033,0.0364,0.0408,0.0497,,0.3587318190932274,0.4424375183880329,0.7402551278125494,0.043614074,0.1383243834972381,0.075664341,0.090664341,0.105664341,0.120664341,0.8234241823136806,0.980366148,0.8188956062197685,0.058944809,0.06648361,0.083646998
0.196942,0.02574759,8.109361564507854e-05,-0.004593806,-0.401939558,0.014,0.0178,0.0207,0.0232,0.0258,0.0281,0.0308,0.0336,0.0374,0.0506,,0.387552794,0.405380768,0.7631560323022306,0.037045203,0.1416968297958374,0.05327575,0.09669683,0.1116968297958374,0.1266968297958374,0.8478235952138901,0.8236606029033661,0.9354665531724692,0.063720569,0.072869814,0.095453576
0.202406,0.029044807,0.000102729,-0.000471034,-0.341116013,0.0154,0.0198,0.0234,0.0267,0.0296,0.032,0.0348,0.0377,0.0423,0.0573,,0.3759965667128563,0.4127528756856918,0.7708748503491283,0.046651587,0.1216515865921974,0.061651587,0.076651587,0.091651587,0.1066515865921974,0.9712237247020006,0.9613700480341912,0.9088677867233752,0.080184104,0.095336387,0.092572782
0.170565,0.026954047,0.00015049,0.2284140703150127,-0.290424625,0.0103,0.0164,0.02,0.0235,0.0267,0.0302,0.0336,0.0373,0.0431,0.0623,,0.3754534238576889,0.4399489611387253,0.5247128574728965,0.047089429,0.1476766860485077,0.066075124,0.1002275934815406,0.1152275934815406,0.1302275934815406,0.8257873852491379,0.9033302741404624,0.8829957258075476,0.056496336,0.097376442,0.097814201
0.206089,0.028016277,8.495411355108054e-05,-0.193052421,-0.496276943,0.0153,0.0193,0.0227,0.0258,0.0286,0.0313,0.0338,0.0363,0.04,0.0483,,0.3890744848921895,0.4015006422996521,0.751162234,0.044757935,0.134742405,0.061174046,0.089742405,0.104742405,0.119742405,0.9520177606076002,0.9674385748445988,0.823633772,0.074771159,0.076714408,0.072758634
0.100423,0.02200689,6.967225702416758e-05,0.092166709,-0.556590807,0.011,0.0144,0.0173,0.0193,0.0215,0.0242,0.0272,0.03,0.033,0.0443,,0.3996474146842956,0.4866051733493804,0.8711736732155084,0.041953931,0.1435504496097564,0.063901865,0.092618248,0.107855832,0.122855832,0.8607737987205386,0.9673051999092102,0.9814930143654348,0.056385912,0.062787975,0.070511245
0.102457,0.021950007,5.268546091511433e-05,-0.243573776,-0.327738505,0.0122,0.0155,0.0184,0.0203,0.0224,0.0245,0.0263,0.0283,0.0312,0.0398,,0.418541272,0.4638910621404647,0.8958241101890803,0.045472639,0.1452039790153503,0.060472639,0.088055765,0.1030557650543749,0.1180987164884805,0.9748341746240854,0.9653718022286892,0.8105541142284871,0.078995259,0.091224754,0.097613814
0.103084,0.020974131,5.705438495142072e-05,-0.117419366,-0.674712577,0.0107,0.0139,0.0165,0.0191,0.0212,0.0232,0.0256,0.0279,0.0309,0.0372,,0.4145046263933182,0.4755522072315216,0.8571236441016197,0.046852353,0.1419900107383728,0.067591987,0.089853289,0.1048583748824894,0.1199337568074464,0.8269596692115069,0.8241440431296826,0.9693629632413387,0.056390773,0.06584301,0.086767094
0.114842,0.017615069,6.0897500198220696e-05,-0.063655396,-0.881014502,0.0073,0.0099,0.0128,0.0156,0.0176,0.0204,0.0224,0.0252,0.0279,0.0344,,0.4053288426995277,0.4717137813568115,0.5082889940232038,0.042987959,0.1311085734516382,0.059318992,0.081098363,0.096098363,0.1139098832052201,0.9612925686776638,0.912303462,0.8052773459076882,0.088449052,0.092471434,0.098096395
0.115144,0.019545974,7.597163875666252e-05,-0.035722081,-0.835784394,0.007,0.0113,0.0143,0.0173,0.0195,0.0222,0.0248,0.0278,0.0313,0.0389,,0.4147804170846939,0.4611900061368942,0.5591501141577959,0.047837974,0.1321870242059231,0.064957807,0.08020473,0.095238743,0.1171611256979405,0.8415877058148384,0.8253139721691609,0.8834903262630105,0.051973001,0.091596821,0.093824574
0.099846,0.01584422,5.397310895512215e-05,0.045510612,-0.859436888,0.0062,0.0085,0.0113,0.0132,0.016,0.0183,0.0201,0.0229,0.0261,0.0325,,0.3971806880831718,0.4933516204357147,0.5220708470284938,0.035806422,0.1186395931243896,0.058639593,0.073639593,0.088639593,0.1036395931243896,0.8072150174766779,0.859433587,0.9571182462334632,0.060256041,0.079673837,0.070170376
0.116994,0.019277578,6.994962715076116e-05,-0.110302878,-0.825154925,0.007,0.0111,0.0145,0.017,0.0198,0.022,0.0246,0.0271,0.0306,0.0367,,0.4170212414860725,0.4609823927283287,0.5130271069943905,0.043520537,0.1307314368337392,0.067939766,0.085491598,0.1006947983033955,0.1157114235386252,0.8878556552857161,0.9838543921411036,0.8599228950917721,0.057996702,0.087438636,0.087777871
0.118242,0.018115085,6.355434637305171e-05,-0.057407255,-0.787487289,0.0065,0.0104,0.0135,0.0158,0.0183,0.0206,0.023,0.0256,0.0286,0.0366,,0.4118311902880668,0.4645293742418289,0.5289279265165329,0.041454883,0.1309341837465763,0.063001795,0.085878504,0.1009083745162934,0.1159341837465763,0.839871247,0.9602432593762876,0.8409747403740884,0.066680967,0.088124766,0.079200481
0.116324,0.021600867,5.398771684635203e-05,-0.276588192,-0.50738161,0.0114,0.015,0.0174,0.02,0.0218,0.024,0.0262,0.0287,0.0312,0.0368,,0.4174670565128326,0.4564775116741657,0.8906573711156844,0.048140248,0.1470309352874755,0.063140248,0.078140248,0.093140248,0.1081402483582496,0.8331907985806466,0.817021539,0.9778171263575556,0.078810809,0.070686749,0.089192954
0.116662,0.018920812,7.211269446681278e-05,-0.013581692,-0.780055784,0.0067,0.0111,0.0134,0.017,0.019,0.0213,0.0244,0.0269,0.0301,0.0394,,0.4159635758399963,0.4545683991163969,0.512457437,0.045716705,0.1457762610912323,0.061504841,0.076514938,0.091514938,0.1065149381533265,0.9271774491921068,0.8431868982791901,0.920607949,0.057257355,0.088479308,0.096534291
0.203206,0.027397472,8.730328570986342e-05,-0.155485952,-0.572850805,0.0146,0.0187,0.0221,0.0248,0.0275,0.0302,0.033,0.0361,0.0398,0.0492,,0.3518376588821411,0.4419243909418583,0.753344378,0.049121492,0.1241214916110038,0.064121492,0.079121492,0.094121492,0.1091214916110038,0.8145063288271428,0.9828653728425504,0.8356323415100575,0.077537905,0.092920692,0.087961443
0.221103,0.032610705,0.000120532,-0.132419982,-0.496180767,0.018,0.023,0.0265,0.0296,0.0329,0.0357,0.0389,0.0428,0.0468,0.0586,,0.3549103531241417,0.420302278,0.8041995983496308,0.048593733,0.1266526454687118,0.063595912,0.081652645,0.096652645,0.1116526454687118,0.8379866687178612,0.9667324302136898,0.9575714613974096,0.068648337,0.091293932,0.079394067
0.202479,0.029109013,9.800920253864553e-05,-0.12358575,-0.512857358,0.0158,0.02,0.0236,0.0265,0.0292,0.032,0.0349,0.0382,0.0422,0.0537,,0.3632433292269706,0.4235990405082703,0.7473844509478659,0.048540573,0.1310011252015829,0.071001125,0.086001125,0.1010011252015829,0.1160011252015829,0.8093298945963383,0.984763466,0.967972241,0.056087973,0.067889128,0.095599873
0.208017,0.03031511,0.00010364,-0.120776745,-0.43734397,0.0167,0.0211,0.0246,0.0276,0.0303,0.0329,0.0358,0.0396,0.0434,0.054,,0.356493736,0.4258083924651146,0.7950541564464569,0.048331128,0.1267932930588722,0.065969128,0.081793293,0.096793293,0.1117932930588722,0.8987696792018134,0.8317025237977504,0.984818343,0.072158555,0.090625485,0.094482341
0.213498,0.030628078,9.84122395120502e-05,-0.414076811,-0.212783453,0.0178,0.0222,0.0255,0.0285,0.0313,0.034,0.0366,0.0394,0.0429,0.0508,,0.363749637,0.4145704418420792,0.881763065,0.047011742,0.1291766901314258,0.062017074,0.08417669,0.09917669,0.1141766901314258,0.8275976264119148,0.9928601686000824,0.8058266965389252,0.051007696,0.066325551,0.080516677
0.208371,0.029244503,8.732524828457276e-05,-0.275550304,-0.350657697,0.0167,0.0207,0.0239,0.0271,0.0297,0.0324,0.0349,0.0373,0.0413,0.0498,,0.3668650889396667,0.4195119261741638,0.7973496621832251,0.047777999,0.1263240256905555,0.066324026,0.081324026,0.096324026,0.1113240256905555,0.9150125746630132,0.8288399674475193,0.9917455627381802,0.075139095,0.091964276,0.096149185
0.208681,0.028944964,9.690786357594837e-05,-0.125935716,-0.461970996,0.0158,0.0205,0.0237,0.0267,0.0295,0.032,0.0349,0.038,0.0419,0.0526,,0.3717789895832539,0.413593778,0.7830196027994156,0.045628904,0.125769753,0.065769753,0.080769753,0.095769753,0.110769753,0.8245614064812661,0.8198526618599892,0.9445224129647016,0.063156465,0.069834927,0.094095382
0.213812,0.02985889,0.000100614,-0.15418033,-0.486557737,0.0163,0.0207,0.024,0.0271,0.0299,0.0328,0.0356,0.039,0.0428,0.0546,,0.3621309435367584,0.4151172876358032,0.778358766,0.048463618,0.1291365967690944,0.067953468,0.084136597,0.099136597,0.1141365967690944,0.8388670180797577,0.9792422596037388,0.8241214694857598,0.068244656,0.094113123,0.08173216
0.205497,0.024197667,6.730240140916589e-05,-0.202418474,-0.589771296,0.0125,0.017,0.0194,0.022,0.0247,0.0276,0.0294,0.0316,0.0346,0.044,,0.3668118771910667,0.4219559878110885,0.7429733711019159,0.043838132,0.1188381322845816,0.058838132,0.073838132,0.088838132,0.1038381322845816,0.8165840491175652,0.9872026097476484,0.8368372056245804,0.064138544,0.079418109,0.097229796
0.208082,0.026900073,8.572376484020445e-05,-0.153130327,-0.649561092,0.0141,0.0179,0.0215,0.0244,0.0274,0.0304,0.0329,0.0356,0.039,0.0482,,0.3721385157108307,0.4135806798934937,0.7492405251357704,0.046993837,0.1219938369095325,0.061993837,0.076993837,0.091993837,0.1069938369095325,0.8323460928469897,0.980805567,0.884098228,0.077376348,0.086082944,0.079373859
0.175962,0.024151545,9.883364961154924e-05,0.096095497,-0.649809413,0.0108,0.0146,0.0178,0.0211,0.0241,0.0271,0.0302,0.0333,0.0374,0.0482,,0.3551569521427155,0.4617453090846539,0.6816592159979045,0.046083286,0.1251166531443596,0.061083286,0.076083286,0.091083286,0.1060832861810922,0.9840399414092302,0.979805365,0.8111569541692734,0.081541595,0.09429867,0.094935052
0.176828,0.022185728,7.95589097607646e-05,-0.0314606,-0.755582412,0.0096,0.0136,0.0171,0.0196,0.0222,0.0249,0.0279,0.0304,0.0341,0.0437,,0.3810619196295738,0.4367073267698288,0.6587683446586132,0.040157104,0.1478699707984924,0.057969316,0.077537709,0.094103464,0.1102758477322757,0.8044770411223173,0.9765979358255864,0.9789367636561394,0.052565829,0.098266156,0.096538055
0.17673,0.022448844,7.545886596484146e-05,-0.105138841,-0.815240434,0.01,0.0142,0.017,0.0198,0.023,0.0253,0.0279,0.0307,0.0337,0.0422,,0.3778700512647628,0.4380275346338749,0.6869368641860782,0.043060256,0.1180602555163204,0.058060256,0.073060256,0.088060256,0.1030602555163204,0.9864759865045548,0.9867715751111508,0.8056131382524968,0.083716446,0.09132322,0.094223053
0.174175,0.021762335,6.933928969743905e-05,-0.039862807,-0.655274661,0.0098,0.0141,0.017,0.0193,0.0219,0.0245,0.0268,0.0292,0.0325,0.0431,,0.3971070027351379,0.4165588349103928,0.6661909728482366,0.042472471,0.1420868933200836,0.057472471,0.083181057,0.098181057,0.1131810573337832,0.8273601789623499,0.9811160943806172,0.992813223,0.064109108,0.075663738,0.077164761
0.170301,0.020204148,6.867340715400071e-05,0.048245089,-0.710488052,0.0093,0.0127,0.0152,0.0175,0.0205,0.0225,0.0248,0.0281,0.0312,0.0411,,0.3680777157843113,0.4575180001556873,0.6732191469512879,0.04086869,0.1414755940437317,0.055971267,0.071060833,0.091514566,0.1079743070870637,0.8404268900096417,0.8071012761056423,0.9917631880700588,0.0533864,0.092952612,0.096433884
0.188957,0.021017181,8.404144500820771e-05,0.014150972,-0.633770966,0.0087,0.0122,0.0157,0.0182,0.021,0.024,0.0268,0.0294,0.033,0.0474,,0.3728442676365375,0.4352963984012604,0.5131033917725086,0.041169799,0.1242122685909271,0.056169799,0.071169799,0.086169799,0.1011697987839579,0.8840477788038552,0.9920793723523617,0.869453499,0.064167147,0.066681562,0.08236908
0.17689,0.023179609,9.103464221982124e-05,0.1328127510780745,-0.490728795,0.0109,0.0144,0.0178,0.0206,0.0231,0.0257,0.0284,0.0314,0.0357,0.0509,,0.3680078731477261,0.4487407330423593,0.684137091,0.037599991,0.1455743110179901,0.052599991,0.084799196,0.099799196,0.1147991961192339,0.8255137639552355,0.9884940463960172,0.9899157912909984,0.076575157,0.08151833,0.074855563
0.178455,0.020806821,8.424753746022863e-05,0.034848736,-0.656565561,0.008,0.0121,0.0155,0.018,0.0208,0.0236,0.0262,0.0288,0.0327,0.0428,,0.3666719061136246,0.4460893396288156,0.5265184961915016,0.039410638,0.1387430566549301,0.054410638,0.069410638,0.084410638,0.1228737445414066,0.8838553550414742,0.9718921032130718,0.8193581640005112,0.070953062,0.092017375,0.091010046
0.178043,0.02527707,0.000131298,0.291414013,-0.356522787,0.0099,0.0145,0.0186,0.022,0.0249,0.0281,0.031,0.0352,0.0406,0.059,,0.3698721869289875,0.4434284530580044,0.6334404983192682,0.040606782,0.1450943744182586,0.055606782,0.098387997,0.1133879972159862,0.1283879972159862,0.9824449322372676,0.989026992,0.8078317149937153,0.052533125,0.098452007,0.093237925
0.168189,0.020214648,5.666558524863993e-05,-0.140898696,-0.84307587,0.0096,0.0131,0.0157,0.0182,0.0204,0.0227,0.025,0.0275,0.0305,0.0351,,0.4100856104493141,0.4124846398830414,0.6960522217154502,0.041502128,0.1442164480686187,0.059889902,0.074889902,0.089889902,0.1048899024173617,0.8569249183639884,0.812211086,0.982965182,0.07668743,0.076802407,0.092575824
0.195705,0.021321673,8.367326888163374e-05,-0.010787369,-0.677234171,0.0086,0.0124,0.0163,0.0189,0.0215,0.024,0.0268,0.0298,0.0333,0.0443,,0.3896240017563104,0.4101423561573029,0.5112891891092062,0.039554773,0.1230843257904052,0.054554773,0.069554773,0.084554773,0.1080713042154908,0.81888536,0.8850366961881518,0.906186115,0.064315101,0.068560991,0.083439738
0.201783,0.022519187,7.700691899881216e-05,-0.114069046,-0.787700205,0.0098,0.0142,0.0172,0.0207,0.0229,0.0252,0.0278,0.031,0.0338,0.0417,,0.3566345080733299,0.4363546907901764,0.6220996174916624,0.044103454,0.1212684923410415,0.05911032,0.074607288,0.089607288,0.1046072882711887,0.8081180827260017,0.9954260715603828,0.8367348000645638,0.070567833,0.076582064,0.08347112
0.192574,0.024459499,0.000103756,-0.021018076,-0.698933609,0.011,0.015,0.0188,0.022,0.025,0.0279,0.0308,0.0337,0.0377,0.0515,,0.3535122215747833,0.444175062,0.6219466726765036,0.044678903,0.1207211703062057,0.059678903,0.07572117,0.09072117,0.1057211703062057,0.9656077,0.9790380201160908,0.8042450075924397,0.05334103,0.096487341,0.089622449
0.18117,0.020149116,7.778573848671751e-05,0.042454114,-0.632856374,0.0079,0.0118,0.0151,0.0176,0.02,0.0227,0.0253,0.0279,0.0316,0.0428,,0.3914016313105821,0.4184062004089355,0.5099995850175619,0.037074191,0.1378000044822692,0.058888219,0.073993346,0.088993346,0.1039933464258909,0.8077936500489712,0.9720468607723712,0.9431809465736152,0.052824308,0.088896088,0.077117964
0.195252,0.02302468,9.33629081205748e-05,-0.134448158,-0.774038184,0.0093,0.0137,0.0178,0.0206,0.0234,0.0264,0.0292,0.0319,0.0356,0.0444,,0.3685898874700069,0.4292188346385956,0.5129020385563373,0.048363215,0.1443221950531006,0.063363215,0.078363215,0.093363215,0.1083632150292396,0.9848289625376464,0.8076865145325661,0.8656384210407735,0.06081462,0.083256778,0.072530298
0.18583,0.0199361,7.895918832636628e-05,0.1554029058546629,-0.409439292,0.0084,0.0119,0.0146,0.0173,0.0197,0.0221,0.0246,0.0279,0.0312,0.0494,,0.3640634372830391,0.4431736789643765,0.5598595545530319,0.036954148,0.14334306,0.051954148,0.066954148,0.082118315,0.1125675159543752,0.9896959292918444,0.8322559889912605,0.8726399293124676,0.057878841,0.062403714,0.070576545
0.196748,0.021201033,5.7910074562652086e-05,-0.042977272,-0.630029134,0.0112,0.0138,0.0169,0.0192,0.0212,0.0234,0.0258,0.0282,0.0313,0.0401,,0.3680102127790451,0.4284027338027954,0.7354500369871035,0.036257218,0.1386618113517761,0.052483402,0.067966804,0.082966804,0.097966804,0.8118573155850173,0.8193776829838753,0.9788830123484136,0.052907173,0.069837256,0.068453528
0.181353,0.02154539,9.274201967289934e-05,0.032689312,-0.759138138,0.0083,0.012,0.016,0.0187,0.0214,0.0242,0.0275,0.0304,0.0347,0.0437,,0.3724619543552399,0.4370303213596344,0.5118636971175671,0.040649632,0.1406517624855041,0.055649632,0.071139075,0.086145104,0.1075586518153548,0.9813376086831092,0.8573255494922399,0.9866393790483476,0.058265804,0.068852274,0.079939939
0.197389,0.020570139,7.152350547343142e-05,-0.034829493,-0.752633932,0.0086,0.0129,0.0154,0.0182,0.021,0.023,0.0257,0.0286,0.0317,0.0412,,0.3773038354516029,0.4214035630226135,0.5684504106760024,0.037673365,0.1408077096939086,0.060024755,0.075024755,0.090024755,0.1146265806274488,0.9938077313005924,0.8117846840560436,0.8204933901906014,0.072094554,0.058845877,0.074326928
0.192022,0.023028594,8.876283207509843e-05,0.049435218,-0.599769548,0.0106,0.0143,0.0175,0.0203,0.0229,0.0256,0.0285,0.0312,0.0355,0.0499,,0.3519856470823288,0.4452658992260694,0.6246997128546238,0.037309253,0.1464094543457031,0.059143597,0.07549596,0.09049596,0.1054959596261382,0.9944131010621786,0.8921246794886887,0.8402922768056393,0.064471547,0.067904454,0.075998253
0.184985,0.022475244,8.835028927379073e-05,-0.166431611,-0.798626181,0.009,0.013,0.0175,0.0201,0.0228,0.0258,0.0288,0.0315,0.0344,0.0445,,0.3751059891283512,0.4295813038945198,0.5241040802836419,0.047806925,0.1282735979557037,0.066638228,0.081734816,0.096891328,0.1123864047735929,0.8427801260739565,0.820576485,0.987094994,0.061957853,0.084840745,0.079507796
0.181396,0.021262407,8.516863215582443e-05,-0.009777639,-0.69969009,0.0086,0.0123,0.0164,0.0191,0.0214,0.0237,0.0267,0.0298,0.0338,0.0453,,0.3556096431612968,0.4554302886128425,0.5124088813215494,0.035590581,0.1189145541191101,0.056180046,0.072317994,0.088387612,0.1033876119315624,0.8876506597422064,0.979338085,0.8836867340892554,0.086571682,0.093512023,0.095705585
0.194211,0.022769219,9.689163477064298e-05,0.011784002,-0.698241893,0.0097,0.0136,0.017,0.0199,0.0227,0.0253,0.0283,0.0319,0.0364,0.0491,,0.3601035189628601,0.434798752,0.5222052701354026,0.043173536,0.1269388207793235,0.05888211,0.074171076,0.096765957,0.1119213942658156,0.9484923567518592,0.8182156138896942,0.9782484170377256,0.06201778,0.077652351,0.079465743
0.185795,0.023698436,9.810061690487188e-05,-0.115436079,-0.846594099,0.0095,0.0146,0.0179,0.0208,0.0241,0.027,0.0298,0.0333,0.0368,0.0433,,0.3856267332378775,0.4205039769411087,0.5575264626145363,0.042527443,0.1335174641013145,0.073517464,0.088517464,0.1035174641013145,0.1185174641013145,0.8178417336165905,0.9814810399770736,0.8148184322774411,0.083433171,0.082519146,0.087657729
0.193884,0.025152214,9.172471422833636e-05,-0.028111014,-0.709158763,0.0119,0.0162,0.0194,0.0226,0.0254,0.0281,0.031,0.0338,0.0377,0.0472,,0.3772614712268114,0.4202030420303345,0.6646765216514468,0.048039174,0.1414050757884979,0.063136084,0.078756431,0.093782907,0.1088394386202096,0.8243610264986754,0.9761269345581532,0.984755969,0.080524678,0.078962667,0.085740648
0.191328,0.024593922,0.000105076,0.079719463,-0.710120514,0.0109,0.0148,0.0182,0.0213,0.0242,0.0275,0.0308,0.0342,0.0385,0.0485,,0.3567553010582924,0.4463200140744447,0.635761817,0.046003619,0.1223479771614074,0.062347977,0.077347977,0.092347977,0.1073479771614074,0.9279151257425546,0.8108731983542442,0.9812425798356532,0.056073649,0.087688318,0.080680208
0.190226,0.027969853,0.0001257,0.017308684,-0.758766354,0.0126,0.0176,0.0216,0.0248,0.028,0.0314,0.0346,0.0385,0.0434,0.0528,,0.3917099953442812,0.4108981490135193,0.61916264,0.041564995,0.1442938566207885,0.07830967,0.093710383,0.1087103829786181,0.1237103829786181,0.8580055464312435,0.9479252751737832,0.9341554785698652,0.069343392,0.067159488,0.071624364
0.1796,0.023638835,0.000103659,-0.064539739,-0.745175772,0.0097,0.0138,0.0174,0.0207,0.024,0.027,0.0302,0.0333,0.0369,0.0483,,0.3615053868293762,0.4547764118760824,0.5099984056323766,0.046398676,0.1437646389007568,0.061398676,0.096849023,0.1118664494276046,0.1269123850703239,0.8181083489090204,0.9692924858510494,0.8414966050148011,0.084953143,0.094941762,0.093574803
0.189242,0.021452017,7.809952419789497e-05,0.064040767,-0.681813715,0.0092,0.0136,0.0161,0.0184,0.0216,0.0241,0.0266,0.0293,0.0334,0.0424,,0.3734848488867283,0.4259721145033837,0.6371729910895229,0.03606862,0.1360745269060135,0.05106862,0.06606862,0.1060745269060134,0.1210745269060134,0.9552212011635304,0.8232127884745598,0.9819886196434496,0.07825792,0.081726126,0.088241572
0.194315,0.022472684,9.286798678048616e-05,-0.011737948,-0.652419176,0.0097,0.0134,0.0168,0.0197,0.0224,0.0252,0.0284,0.0313,0.0349,0.0495,,0.3833395730145276,0.4201616615056991,0.5288242880433798,0.044375644,0.1199372804164886,0.059383312,0.074402163,0.089441447,0.1048643319636583,0.8620132801264525,0.8187658041059971,0.9138948767364026,0.053979088,0.086774163,0.097313163
0.112919,0.021356969,5.99163568167962e-05,-0.103407482,-0.719636792,0.0109,0.0141,0.0171,0.0191,0.0218,0.0238,0.0259,0.0289,0.0316,0.0388,,0.4001113240420818,0.4783899337053299,0.8373254859253764,0.046653391,0.1458721363544464,0.061653709,0.097218738,0.1122386747390031,0.1273055693507194,0.9303011875450612,0.8052356109082699,0.9856752674400806,0.071544763,0.072925787,0.077479876
0.107933,0.019807613,5.510594150844309e-05,-0.082970515,-0.797129569,0.0096,0.0131,0.0153,0.018,0.0198,0.0226,0.0243,0.0269,0.0298,0.0355,,0.4111627796292305,0.4693922623991966,0.828005046,0.039742533,0.1364126747846603,0.059688852,0.091412675,0.1064126747846603,0.1214126747846603,0.931415761,0.8223868749499321,0.8650605691760779,0.071923548,0.06203017,0.098500953
0.109514,0.021805487,6.205133313360941e-05,-0.12289473,-0.704333421,0.0114,0.014,0.0176,0.0195,0.0218,0.0245,0.0266,0.0293,0.0324,0.0394,,0.4162615445256233,0.4621511109173298,0.8621045763999223,0.04562697,0.1476925265789032,0.06062697,0.087017874,0.1023609718736261,0.1177287387222051,0.9698038834393023,0.8346751312911511,0.9554574219286442,0.069360702,0.069896875,0.075336308
0.12317,0.021223096,6.040739247971146e-05,-0.049042908,-0.649618588,0.0111,0.0137,0.0168,0.0192,0.0213,0.0233,0.0259,0.0283,0.0316,0.0402,,0.411573386,0.4542038455605507,0.8253009302482008,0.040225474,0.1461034774780273,0.061072779,0.1011034774780273,0.1161034774780273,0.1311034774780273,0.8130643614679576,0.8390367757081986,0.9782314228832724,0.080825857,0.087338707,0.080381884
0.142633,0.020893173,8.695554387515464e-05,0.031928098,-0.708708869,0.0083,0.0119,0.0152,0.0181,0.0212,0.0236,0.0263,0.0291,0.0337,0.0459,,0.4188809177279472,0.4329596668481827,0.5249563603073358,0.045150548,0.1380040889978409,0.060150548,0.075150548,0.1005256066130474,0.1185791901156306,0.8548587794229389,0.9030381484065204,0.8813104299798609,0.087522797,0.084305842,0.079352865
0.111008,0.023492387,6.313923301636363e-05,-0.217903071,-0.421830732,0.0131,0.0162,0.0189,0.0218,0.0239,0.026,0.0282,0.031,0.0334,0.0419,,0.4085006526112557,0.4665818750858307,0.8871555352628231,0.048093973,0.1372948384284973,0.063093973,0.088234675,0.1032390445567667,0.1182711786299943,0.8527842463865877,0.8149006045520306,0.8987563017602079,0.086025098,0.090776535,0.093548422
0.106562,0.020630544,7.123658039062942e-05,0.058567294,-0.826034971,0.01,0.0124,0.0156,0.0181,0.0203,0.023,0.0256,0.0286,0.0324,0.0391,,0.3872071297466755,0.4961653172969818,0.8141994981184602,0.03749563,0.1431060075759887,0.067880214,0.095500817,0.1114037906333804,0.1272491752266883,0.807495406,0.8233459728658199,0.9832219284236432,0.065463623,0.058623439,0.096751263
0.112886,0.019144868,5.14703836350415e-05,-0.050742329,-0.760328182,0.0094,0.0126,0.015,0.0171,0.019,0.0213,0.0234,0.026,0.0289,0.0345,,0.3871945950388908,0.4928426474332809,0.8273559084177017,0.046464911,0.1214649111032486,0.061464911,0.076464911,0.091464911,0.1064649111032486,0.8364413151770831,0.8299749256849289,0.9909709710836412,0.052928725,0.056800496,0.09891286
0.121888,0.018106985,6.813781956432004e-05,0.061225874,-0.725452789,0.0064,0.0107,0.0127,0.016,0.0182,0.0203,0.023,0.0257,0.0292,0.0391,,0.4025145781040192,0.4668936178088188,0.5740304974526167,0.038458166,0.1302356582134962,0.053459483,0.068730194,0.09558572,0.1105934011921286,0.9017537386584096,0.9187967868193984,0.9082114038825037,0.081267954,0.086189244,0.074812896
0.114509,0.021946359,7.503006833979788e-05,0.1742264832392516,-0.519261835,0.0104,0.0139,0.0175,0.0195,0.0216,0.0237,0.0265,0.0297,0.0338,0.0453,,0.3928314407169819,0.4881473362445831,0.841252122,0.037828364,0.1378527098894119,0.058642815,0.083027764,0.098027764,0.113027764,0.8777470928274095,0.9760572430431844,0.9688581999361516,0.077652751,0.093258439,0.093384242
0.182511,0.022160082,9.604479240179104e-05,0.097348999,-0.571669901,0.0092,0.0128,0.0165,0.0192,0.0222,0.025,0.0278,0.0308,0.0354,0.0475,,0.3513517227768898,0.4600481428205967,0.51224886,0.040712346,0.1370462018251419,0.058277209,0.074792286,0.089832607,0.1048622853726148,0.8136951518148184,0.983582873,0.9382676322460176,0.054381891,0.088430264,0.077863369
0.182758,0.024006475,9.693647271530593e-05,0.037157091,-0.707408223,0.0105,0.0144,0.018,0.0216,0.0243,0.0268,0.0296,0.033,0.0372,0.0468,,0.3523493653535843,0.4532439272850752,0.639910565,0.042284323,0.1433376502990722,0.063101878,0.093823407,0.1088234070420265,0.1238234070420265,0.8494429883688689,0.80926291,0.9903806713283062,0.070111606,0.090144551,0.08320639
0.18635,0.022072434,9.443184677539454e-05,0.037059579,-0.70848938,0.009,0.0127,0.0163,0.0191,0.022,0.025,0.0279,0.0311,0.0349,0.0472,,0.4071722781658172,0.4017089813947678,0.5070630767315626,0.039724339,0.1201556611061096,0.057590768,0.074929016,0.090136458,0.1051556611061096,0.9732478276342154,0.9712801231086254,0.953339345,0.05601888,0.090252843,0.08053642
0.196434,0.023500489,0.000120964,0.301239997,-0.34201379,0.0096,0.0136,0.0169,0.0199,0.023,0.026,0.029,0.0326,0.0382,0.0537,,0.3883072733134031,0.4130114704370499,0.5167579446047544,0.036330444,0.1317154930531978,0.052369844,0.082712458,0.1017154930531978,0.1167154930531978,0.9512841857850552,0.9109218882739544,0.9830174090743063,0.071350349,0.081231899,0.092101079
0.190605,0.024015162,8.852398695227843e-05,0.053099673,-0.539837126,0.0117,0.0154,0.0187,0.0215,0.0241,0.0268,0.0291,0.0322,0.036,0.0506,,0.3879015472903848,0.4164184957742691,0.6554331371694803,0.038643821,0.1328970789909362,0.059558521,0.087897079,0.1028970789909362,0.1178970789909362,0.8185880097955466,0.9925305213034152,0.9523182907760144,0.072760026,0.090670423,0.092670079
0.190917,0.022586574,9.756107049629237e-05,0.072801733,-0.543378142,0.0095,0.0133,0.0167,0.0196,0.0225,0.0256,0.0284,0.0315,0.0356,0.0487,,0.3718807275593281,0.4261631697416306,0.5109768530666828,0.041941432,0.1365192347764968,0.056957632,0.076667797,0.09258162,0.1076189073175191,0.9113931631952524,0.8791585810184479,0.822305786,0.053264468,0.078921032,0.077757361
0.179934,0.024206007,9.3707667653764e-05,-0.038062695,-0.815473471,0.0106,0.0154,0.0187,0.0213,0.024,0.0272,0.0305,0.0334,0.0372,0.0448,,0.3934817945957184,0.4135799288749695,0.6255206252530217,0.042854765,0.131900691,0.068971948,0.086900691,0.101900691,0.116900691,0.8396008609890938,0.8279464881658554,0.9157826123028994,0.062052121,0.085992769,0.074054898
0.193749,0.023379899,0.000100561,0.010652953,-0.580388028,0.01,0.014,0.0176,0.0206,0.0236,0.0261,0.0291,0.0323,0.0362,0.0493,,0.3781923013180494,0.4222269982099533,0.5343575612694025,0.03847439,0.1303888184204697,0.054099375,0.08532198,0.1003219799563288,0.1153264819409698,0.8750794430851937,0.8885592222236097,0.9518254841148852,0.063767155,0.089334147,0.094731619
0.190619,0.021867937,8.87102105796675e-05,0.012658531,-0.673938922,0.0088,0.0127,0.0167,0.0191,0.0218,0.0246,0.0277,0.0305,0.0342,0.0438,,0.3645946180820465,0.4394604936242103,0.5437375332981348,0.038625291,0.1195125341415405,0.05362578,0.073193203,0.088193203,0.1039144068241119,0.8971273092402146,0.8991104346548208,0.8185959636688233,0.054475499,0.07342458,0.096735071
0.179277,0.02535435,0.000130455,0.088602907,-0.665794066,0.0105,0.015,0.0183,0.0219,0.0254,0.0287,0.0318,0.0354,0.0404,0.0532,,0.3621498754620552,0.446193391,0.5272391809523105,0.044542305,0.1357974982261657,0.05956117,0.090797498,0.1057974982261657,0.1207974982261657,0.8177586147964001,0.8157155379712582,0.8594909910976887,0.063644068,0.082028147,0.081426065
0.160432,0.021969143,7.967077965346585e-05,0.033161761,-0.732545844,0.0096,0.0132,0.017,0.0194,0.0219,0.0246,0.0273,0.0304,0.0339,0.0443,,0.4140670642256737,0.4182563841342926,0.6862285395160317,0.038251655,0.1381714385747909,0.058761033,0.074967028,0.089993214,0.1050487602263689,0.9057536473842338,0.8739374396741391,0.8994515402983408,0.053026231,0.093298767,0.076767585
0.16068,0.022623047,0.000103933,0.2737767051145047,-0.394507631,0.0101,0.0137,0.0172,0.02,0.0229,0.0253,0.0285,0.0318,0.0364,0.0523,,0.3580691975355148,0.4729942589998245,0.6840268451593816,0.035866879,0.1300035553757334,0.050866879,0.084714692,0.099754734,0.1148147832252085,0.8092743589282037,0.8546919825255871,0.8106162613868714,0.069421319,0.070476716,0.098222857
0.164599,0.021298859,8.927117281463491e-05,0.033646118,-0.739697364,0.0085,0.0122,0.0159,0.0187,0.0214,0.0239,0.0268,0.0301,0.034,0.0455,,0.4095391777157783,0.4198217451572418,0.5346313394576311,0.044348362,0.1289640661329031,0.06095871,0.076071779,0.091079396,0.1139078900322783,0.9237245747283102,0.9313729955315592,0.8698150947451592,0.061319473,0.075912105,0.070630486
0.143682,0.023235128,0.000100677,-0.068086978,-0.895394409,0.009,0.0133,0.0173,0.0202,0.0233,0.0266,0.0296,0.0328,0.0371,0.0437,,0.4136779719591141,0.4288246393203735,0.6325318289414048,0.037745143,0.1457896029949188,0.080819668,0.1001129595428705,0.1151129595428705,0.1301129595428705,0.8131386453390121,0.8376046460390091,0.914747542,0.082968525,0.065988325,0.081652039
0.158257,0.022597426,8.904986393325379e-05,-0.075849601,-0.84221481,0.0091,0.0138,0.0168,0.0197,0.0231,0.0255,0.0284,0.0316,0.0352,0.0422,,0.4137330132722854,0.4210685402154923,0.6276971538081765,0.038699659,0.133762717,0.067865968,0.082941324,0.097969498,0.1130363767631351,0.90030657,0.953722131,0.9646929350614548,0.06270532,0.090659565,0.087763957
0.158254,0.022124684,8.81131056366951e-05,-0.100658805,-0.717417702,0.0087,0.0133,0.0167,0.0196,0.0227,0.0253,0.0277,0.0304,0.0343,0.0426,,0.3933034261316061,0.439460764,0.5136949606597423,0.037116823,0.1423948490619659,0.071058801,0.087430334,0.1032402776554227,0.1192145941361784,0.8283596124768258,0.986256016,0.9603559184730052,0.055457145,0.096455917,0.0738887
0.164615,0.021367226,8.967852098573161e-05,0.020442218,-0.698319038,0.0083,0.012,0.0162,0.0189,0.0214,0.024,0.0269,0.0302,0.0338,0.0446,,0.3850502900779247,0.4426038913428783,0.5329076278030872,0.040556846,0.1222900348901748,0.055578613,0.072715651,0.087815374,0.1028275335878133,0.9178878606036306,0.94050705,0.9273450384229422,0.076806539,0.073523949,0.089488353
0.151582,0.022474785,0.000106852,0.1365134489090337,-0.632460819,0.0089,0.0126,0.016,0.0192,0.0222,0.025,0.0286,0.0319,0.0361,0.0478,,0.3878458183258772,0.4474073888733983,0.5273354482680559,0.03774965,0.1305268454551696,0.070445107,0.085456024,0.1005041857078671,0.1155041857078671,0.9400682476446032,0.9854659191071988,0.8834867744013667,0.08867996,0.087244559,0.091721623
0.161701,0.022697982,8.48444835178725e-05,-0.067553755,-0.795906592,0.0097,0.0142,0.0173,0.02,0.023,0.0258,0.0282,0.031,0.0354,0.043,,0.3972640334069729,0.4342794880270958,0.641106455,0.040189,0.1446586692333221,0.073681526,0.08935428,0.1050515322223305,0.1207314329236745,0.8326211796820164,0.8290883655369282,0.966442202,0.053244904,0.092564491,0.079169355
0.167852,0.022374408,9.248614504142716e-05,0.1986354762838643,-0.643593093,0.0099,0.0132,0.0162,0.0189,0.0218,0.0248,0.0278,0.0314,0.0356,0.0483,,0.3589379861950874,0.4672460690140724,0.7060556278098374,0.036068324,0.1450569343566894,0.053989098,0.07481769,0.091189682,0.1139994127891026,0.9539766350448132,0.8080722770750522,0.9178900928854944,0.051500618,0.069187253,0.061724986
0.176233,0.026633249,8.273343969414402e-05,-0.15099501,-0.541304387,0.014,0.0179,0.0214,0.0244,0.0272,0.03,0.0323,0.0347,0.0383,0.0481,,0.3994177730381489,0.4168854981660843,0.7865414882004261,0.038485122,0.1330656811594963,0.062382254,0.088065681,0.1030656811594963,0.1180656811594963,0.8699894698232412,0.9700132845163344,0.9757124830961228,0.081900423,0.090555033,0.0811836
0.175138,0.025851456,8.656175706496947e-05,-0.016117136,-0.525685557,0.0135,0.0175,0.0204,0.0231,0.0258,0.0286,0.0312,0.0341,0.0377,0.0503,,0.4007929317653179,0.4162747740745545,0.7507027835123241,0.040072112,0.1264402881264686,0.066440288,0.081440288,0.096440288,0.1114402881264686,0.9423242277786136,0.930116071,0.9843361173510552,0.076185891,0.093200092,0.081139301
0.171973,0.027930622,0.000113902,0.177078012,-0.442335497,0.0138,0.0181,0.0216,0.0247,0.0278,0.0304,0.0339,0.0372,0.0422,0.0581,,0.3750030297040939,0.4368904903531074,0.7720038235187531,0.042582746,0.1437431335449218,0.058673509,0.098743134,0.1137431335449219,0.1287431335449219,0.8884344137098641,0.98665186,0.98611989,0.081958615,0.094078592,0.088872116
0.188524,0.026418341,0.000123695,-0.031311675,-0.739357174,0.0116,0.0165,0.0202,0.0234,0.0265,0.0296,0.0329,0.0367,0.0416,0.0511,,0.3825264435634017,0.4180554121732712,0.5477063118696213,0.039448627,0.1452396070957184,0.069275244,0.086018952,0.1019933995794505,0.1259132176816463,0.9234451433978976,0.922362494,0.931382186,0.061873494,0.090547393,0.085069083
0.181789,0.027209371,8.897393964388399e-05,-0.113377655,-0.518994369,0.0145,0.0185,0.0218,0.0245,0.0273,0.03,0.0326,0.0357,0.0395,0.05,,0.4027868244051933,0.4051587671041489,0.7753451323159039,0.039895983,0.1397450476884842,0.065715038,0.080821565,0.095853941,0.1109890662878751,0.8713035538256169,0.849331643,0.8467504723131657,0.059771218,0.095745523,0.077562945
0.184882,0.027448474,0.00010983,0.2484632943786538,-0.050366532,0.0137,0.0184,0.0215,0.0244,0.0272,0.03,0.0329,0.0365,0.0412,0.0605,,0.352267869,0.4569473795592785,0.7759244885355234,0.038928834,0.1321746902167797,0.053928834,0.08717469,0.1021746902167797,0.1171746902167797,0.9875666112303734,0.9704884539365768,0.8418768775045872,0.054599236,0.078782153,0.095815768
0.177761,0.023865957,0.000111461,0.088261919,-0.586890353,0.0102,0.0143,0.018,0.021,0.0239,0.0269,0.0296,0.033,0.0379,0.0511,,0.3605250886082649,0.4541414741426706,0.5285875666737556,0.04629058,0.1264606761932373,0.066460676,0.081460676,0.096460676,0.1114606761932373,0.8437556641191244,0.9906583716511728,0.9740722971022128,0.066639435,0.087824445,0.076861934
0.180232,0.027436998,9.242571636643875e-05,0.044053128,-0.335426651,0.0153,0.0193,0.0225,0.025,0.0277,0.0303,0.033,0.0359,0.0398,0.052,,0.3713739621639251,0.4413148432970047,0.7948394681364298,0.045124981,0.1212496775388717,0.060150375,0.076158715,0.09122293,0.1062362844184041,0.8449710743099451,0.8409279440462589,0.8173912960529328,0.060752014,0.092413157,0.095134991
0.183501,0.028700278,0.000103212,-0.083057208,-0.565361046,0.0151,0.0191,0.0228,0.0261,0.029,0.0318,0.0347,0.0377,0.0418,0.0536,,0.3907350491732359,0.4202971458435058,0.7500135786194354,0.046233229,0.1338222095370292,0.065394806,0.08882221,0.1038222095370292,0.1188222095370292,0.9255381491035224,0.965362108,0.9736870526015758,0.073914336,0.088476078,0.082462772
0.18898,0.019356931,6.041267488469363e-05,-0.11867919,-0.925929199,0.0086,0.012,0.0151,0.0168,0.0198,0.0219,0.0244,0.0273,0.0297,0.0334,,0.3760307641327381,0.4259910166263581,0.6857362165622413,0.042215349,0.1187882876396179,0.058788288,0.073788288,0.088788288,0.1037882876396179,0.9272457696214318,0.9913361252069474,0.8144048622012139,0.057536095,0.058012155,0.098469672
0.158504,0.021148108,7.740059479632269e-05,0.1095297881470463,-0.593222641,0.0092,0.0125,0.0162,0.0189,0.0211,0.0234,0.0261,0.029,0.0329,0.0451,,0.3586555281281471,0.4784632474184036,0.7202225178292953,0.041174157,0.1202616202831268,0.056176709,0.07118201,0.08618201,0.1011820096865296,0.8659723054304719,0.8745414109706878,0.991219322,0.074550189,0.084178699,0.09003175
0.159522,0.020513996,8.03827206957795e-05,-0.08056543,-0.842480481,0.0075,0.0119,0.0154,0.0181,0.0207,0.0234,0.0259,0.0292,0.0326,0.039,,0.3986557187139988,0.4317206621170044,0.5450827829271555,0.037990529,0.1371500521898269,0.06087574,0.07587574,0.09087574,0.1160489035099744,0.9685505717337132,0.9533708685696124,0.8160184017896652,0.089858446,0.090467615,0.082352099
0.155777,0.022034919,8.717686098974243e-05,0.1954669320071977,-0.456121145,0.0102,0.0134,0.0165,0.0192,0.0218,0.0244,0.0272,0.0301,0.0343,0.0503,,0.3540756440162659,0.4824648529291153,0.7347123709224165,0.0398924,0.1338174578547477,0.054901331,0.072920734,0.087926583,0.1033778212487697,0.8703624589756132,0.8109162375092507,0.9451866170465948,0.05338022,0.055053218,0.094631352
0.153099,0.020568703,7.86354332393389e-05,0.1598535107920619,-0.524109402,0.0089,0.012,0.0151,0.0177,0.0202,0.023,0.0258,0.0287,0.0324,0.0474,,0.357963168,0.4802004277706146,0.6841147964693606,0.040473326,0.1310154356062412,0.057402653,0.072402653,0.087402653,0.1024026527822017,0.9769382865697146,0.9799272597908972,0.8098996666014195,0.073819121,0.075024005,0.078951789
0.154148,0.018744815,7.041590011723992e-05,0.029526162,-0.768959173,0.0068,0.011,0.0132,0.0167,0.0187,0.0209,0.0238,0.0264,0.0304,0.0391,,0.3950827866792679,0.4423257328569889,0.5538759438157081,0.037898282,0.1232730585336685,0.054355624,0.072320529,0.087354745,0.1071336805433034,0.8657342443600298,0.9820046850144863,0.9671892655968666,0.085550355,0.081713522,0.081178564
0.154226,0.02282455,0.000111115,0.2855372587301086,-0.304599462,0.0092,0.0131,0.0167,0.02,0.0225,0.0255,0.0286,0.032,0.0368,0.0526,,0.3530648773908615,0.4877813994884491,0.6377272418171167,0.040268456,0.1327345809340477,0.061221243,0.07642001,0.1025897027485072,0.1176128885164856,0.9636518873333932,0.9892492501854896,0.8407035186707974,0.066726208,0.09515718,0.081809849
0.163098,0.019317865,7.300622795550296e-05,-0.01524746,-0.77235435,0.0072,0.0113,0.0142,0.0166,0.02,0.0222,0.0244,0.0271,0.0309,0.0417,,0.3975778120756149,0.431206003,0.5343513828992843,0.037371735,0.1394993233680725,0.052701753,0.091158048,0.1066671904757619,0.1221878156542777,0.8206665581762791,0.8593192335486413,0.9674626190125942,0.059742073,0.085118844,0.061667992
0.157795,0.022324081,0.000104096,0.1529967045885872,-0.562977627,0.0087,0.0124,0.0163,0.0198,0.0227,0.0251,0.0279,0.0308,0.0359,0.0466,,0.3578676387667656,0.4807710826396942,0.5717824686706066,0.04026701,0.1333534449338913,0.057977976,0.081024223,0.09717141,0.1159103022359311,0.8513139422535897,0.8917778043232858,0.9468838293254376,0.070990954,0.07746918,0.081539784
0.15414,0.020890651,8.254217314835095e-05,0.046413935,-0.706808684,0.0085,0.0119,0.0157,0.0187,0.021,0.0232,0.0259,0.0293,0.0333,0.0451,,0.3753273455798626,0.4655568435788155,0.6591453056484461,0.037145793,0.1448939633369445,0.060702762,0.076881933,0.093061328,0.114668504,0.9266202784568072,0.8102106168746949,0.9697518518984318,0.070433219,0.078101692,0.089344974
0.142524,0.021690389,8.924216107985567e-05,-0.037156197,-0.898802044,0.0086,0.0127,0.0159,0.0191,0.0217,0.0247,0.028,0.0307,0.0344,0.0408,,0.4034755897521973,0.4403081461787224,0.6539524592757224,0.045924138,0.1344693645834923,0.070529612,0.085540079,0.1005480171658098,0.1157411555439233,0.8769546804010868,0.9916634859740734,0.8468361873984337,0.081737588,0.087827278,0.090668312
0.156411,0.023968019,0.000114569,0.5060219438337671,0.086579488,0.0102,0.0141,0.0175,0.0205,0.0233,0.0262,0.029,0.0326,0.0386,0.0582,,0.363545209,0.466468571,0.7291721491240896,0.036590912,0.1339422076940536,0.051593418,0.088942208,0.1039422076940536,0.1189422076940536,0.8435127238690854,0.856632195,0.8258863308846951,0.067257088,0.083378988,0.098207592
0.162316,0.024981167,9.959594285753524e-05,0.059607717,-0.711786278,0.0117,0.0155,0.0187,0.0217,0.0248,0.0278,0.0308,0.0344,0.0385,0.0488,,0.3726743663847446,0.4591805979609489,0.7128572301244362,0.037136526,0.1330309370160103,0.069264718,0.088030937,0.1030309370160103,0.1180309370160102,0.8686765892326832,0.9729055181145668,0.9816078827023508,0.076033132,0.084940351,0.074566693
0.15693,0.024561751,9.666144077000836e-05,-0.056536821,-0.872354228,0.0107,0.0154,0.0189,0.0215,0.0244,0.0277,0.0309,0.0338,0.0377,0.0451,,0.3781365595757961,0.4541540451347828,0.6828942735247314,0.047584854,0.1389726984500885,0.076535238,0.09154438,0.10654438,0.1215758084416389,0.8648272,0.950897516,0.8162887839078904,0.073424087,0.062946731,0.095977036
0.163266,0.022293525,9.380344689351216e-05,-0.019998572,-0.720089021,0.009,0.0128,0.0172,0.0198,0.0223,0.0252,0.0281,0.0314,0.035,0.0451,,0.3646390324831009,0.4648923143744469,0.5837829005599022,0.035979431,0.1293948458507657,0.065576253,0.084394846,0.099394846,0.1143948458507657,0.9259901255607604,0.8166438391923905,0.9763700568377972,0.078246715,0.064593973,0.097531272
0.15825,0.02354706,9.090789401346156e-05,0.099763884,-0.734628412,0.0108,0.0143,0.0175,0.0206,0.0236,0.0262,0.029,0.0324,0.0365,0.0468,,0.4121308007836342,0.4225552409887314,0.7165393008274957,0.035779989,0.1423987412452697,0.060984672,0.094282675,0.1092826750278472,0.1273987412452698,0.8229860689222813,0.866124085,0.8062303404569626,0.057703083,0.060515496,0.098511215
0.157888,0.022628866,0.000104137,0.08841767,-0.622851852,0.0096,0.0136,0.0172,0.02,0.0228,0.0256,0.0286,0.0321,0.0366,0.0517,,0.380661945,0.4540857054293156,0.547554949,0.043766632,0.1263240525126457,0.063743152,0.078769079,0.096214032,0.1113209132365882,0.9814282101035118,0.9640229522526264,0.9211528529390692,0.083376939,0.091922134,0.092346223
0.155844,0.025797652,0.000108525,0.061225974,-0.726708758,0.0122,0.0162,0.0196,0.0226,0.0256,0.0288,0.032,0.0353,0.0398,0.0509,,0.3992662352323532,0.4348642483353614,0.7083390213947743,0.036241941,0.1419957244396209,0.077367064,0.092367064,0.1073670642197132,0.1223670642197132,0.8796975582756102,0.8299175480842591,0.909107786,0.051131056,0.097553827,0.07595828
0.161138,0.024067649,0.00011206,-0.080745713,-0.879676018,0.0093,0.0137,0.0178,0.0212,0.0241,0.0274,0.0309,0.0344,0.0381,0.0454,,0.3935318197309971,0.4377126440405846,0.5203224889039993,0.044893759,0.1278028371930122,0.067802837,0.082802837,0.097802837,0.1128028371930122,0.9449349135458468,0.973694299,0.9579809943199158,0.063812792,0.066187685,0.097553167
0.155001,0.023307579,0.0001058,0.1346193952752316,-0.632106364,0.0102,0.0139,0.0175,0.0203,0.0232,0.0262,0.0292,0.0326,0.0372,0.0512,,0.3883374332264065,0.4443773742765188,0.6649621942073106,0.036362095,0.1295758448168635,0.069575845,0.084575845,0.099575845,0.1145758448168635,0.8644666317135096,0.8187090398192406,0.9187617563530804,0.053381348,0.095618302,0.077895129
0.162436,0.024104051,0.000114557,0.056287349,-0.6611597,0.0101,0.0142,0.0178,0.021,0.0239,0.0271,0.0301,0.0337,0.0382,0.0503,,0.361365695,0.4690384477376937,0.5371943310946226,0.037708631,0.1327750808000564,0.066931001,0.087706716,0.1027516037374735,0.1177676440075039,0.8933433658342809,0.9560547064363956,0.9227481404840948,0.074714182,0.078196625,0.097574718
0.106142,0.01604602,4.350684185392e-05,0.009723259,-0.817467191,0.0071,0.0101,0.0119,0.0139,0.0162,0.0178,0.0202,0.0224,0.025,0.0311,,0.4146425926685333,0.4726208388805389,0.773397297,0.03809783,0.1321812927722931,0.055586596,0.070586596,0.085586596,0.100586596,0.9708774518877268,0.8352300077021122,0.9839406608760356,0.053886827,0.073132551,0.069914066
0.120282,0.01695413,6.196513067512561e-05,0.091514317,-0.761078523,0.0058,0.0095,0.012,0.0146,0.017,0.0192,0.0214,0.0243,0.0277,0.0361,,0.3796840139478445,0.495782784,0.6240580670043826,0.037282249,0.1303118069283664,0.052299999,0.073799609,0.091157308,0.1152039561778306,0.8251945559918881,0.8195296240627766,0.9340376627534628,0.056803249,0.06293766,0.093435884
0.134783,0.016004559,5.0279461896232373e-05,-0.014484986,-0.815603935,0.0066,0.01,0.0116,0.0139,0.0162,0.0182,0.0204,0.0225,0.0255,0.0321,,0.4112194940447807,0.4468083288520574,0.5804564848512411,0.037586219,0.1276721774041652,0.052586219,0.06759312,0.082603709,0.09847035,0.8889293078836054,0.8683303184479475,0.990692318,0.057801097,0.056800023,0.096721687
0.116567,0.016614951,5.7138980912764474e-05,0.01851656,-0.858663986,0.0056,0.0092,0.0121,0.0141,0.0167,0.0187,0.0212,0.0239,0.0268,0.034,,0.4088648527860641,0.467509127,0.5489728241354227,0.040084363,0.134195274,0.058850363,0.074990972,0.090074294,0.1116001010432839,0.8089073957711459,0.9221185470759868,0.962108645,0.053523814,0.061512534,0.066544533
0.126068,0.017433907,6.284661062071324e-05,0.065061685,-0.786307533,0.0074,0.0098,0.013,0.015,0.0179,0.0196,0.0226,0.0247,0.0285,0.0358,,0.3831372422352433,0.4869706660509109,0.6790844640143215,0.040952553,0.1244107419252395,0.055952553,0.070952553,0.085952553,0.1014680710285902,0.8205341411739588,0.8708294743955135,0.9711087821364404,0.058122493,0.05505123,0.069873821
0.114482,0.017959727,6.606337973596717e-05,0.033033144,-0.760678185,0.0063,0.0105,0.0129,0.0158,0.0181,0.0202,0.0231,0.0253,0.029,0.0388,,0.4113404580950737,0.4695323869585991,0.5267199834287166,0.04151887,0.1321087904274463,0.057758341,0.076598611,0.097471037,0.1168410107344389,0.8575944293797017,0.9620320340633391,0.9796653031766416,0.061230185,0.093039654,0.087796422
0.105859,0.015962927,5.087049123154521e-05,-0.012982533,-0.831142938,0.0064,0.0098,0.0115,0.0138,0.0161,0.018,0.0205,0.0227,0.0254,0.0314,,0.3940809290111065,0.4937063962221145,0.5802149923324584,0.038412567,0.1234812223911285,0.062285087,0.077439756,0.092531405,0.1075537228330969,0.8120783680379391,0.968553288,0.8212296050667763,0.053915268,0.056750688,0.09673425
0.113741,0.016704768,5.510792488756231e-05,-0.05734227,-0.889394034,0.0057,0.0103,0.0122,0.015,0.0168,0.0191,0.0214,0.0237,0.0268,0.0336,,0.4084781721234322,0.4687126964330673,0.5319013576000928,0.043140127,0.1359113830327987,0.058497141,0.074029499,0.089050508,0.108000867,0.9048041539708152,0.8283741049170494,0.9748693551003932,0.057395408,0.058178196,0.093688074
0.106443,0.015159535,3.774717499918794e-05,0.035739454,-0.767048949,0.0068,0.0096,0.0115,0.0131,0.0154,0.0168,0.0187,0.0207,0.0235,0.0302,,0.4180517536401749,0.4671415969729424,0.7946620309755206,0.037180195,0.1466666877269745,0.053185726,0.068185726,0.088285171,0.1032851714685559,0.9925135989129544,0.811097856,0.860009462,0.066589252,0.066727436,0.068353231
0.125015,0.015791292,4.7160101364545415e-05,-0.060212036,-0.863898961,0.0064,0.0096,0.0121,0.0137,0.0162,0.0179,0.0201,0.0225,0.0249,0.0309,,0.4185351759195327,0.4500000885527697,0.6780398604422807,0.036789034,0.1322176237404346,0.052294829,0.06743916,0.09120704,0.1155867938164621,0.8619124616205692,0.8564238708585501,0.991536214,0.05699897,0.071103089,0.077070383
0.112549,0.019379758,7.147987542869291e-05,-0.074787463,-0.822529573,0.0072,0.0112,0.0147,0.0171,0.0201,0.022,0.0245,0.0274,0.0304,0.0377,,0.4180273434519768,0.4631898894906044,0.5160539320617914,0.04552882,0.1424369513988495,0.073885677,0.089506836,0.1045478192314505,0.1207770455986261,0.878006751,0.8534711960673332,0.9351411067783832,0.052974984,0.083963916,0.067361669
0.104846,0.018365073,5.280280610543063e-05,0.064530278,-0.792235222,0.0089,0.012,0.0136,0.0163,0.0181,0.0203,0.0226,0.0255,0.0285,0.0347,,0.4019222550094127,0.4881168276071548,0.8356933374479413,0.039059095,0.1330106335878372,0.061977618,0.076977618,0.091977618,0.1180106335878372,0.9943818123549224,0.8446644905865193,0.825346543,0.064531699,0.066441215,0.095842636
0.118924,0.02025231,5.875387125855467e-05,0.042576601,-0.632788978,0.0103,0.0129,0.0158,0.0179,0.02,0.0225,0.0245,0.0274,0.0305,0.0382,,0.4182238745689392,0.4581155501306057,0.8100107776120304,0.037925698,0.1444746923446655,0.062582818,0.097974757,0.1129747568711638,0.1279747568711638,0.8603053915217519,0.9923815693855286,0.8088701983571053,0.070896784,0.061393998,0.094127244
0.101904,0.020923859,7.301082826324886e-05,0.1294041464720019,-0.68358397,0.0093,0.0132,0.0155,0.0179,0.0209,0.0233,0.0257,0.0287,0.0326,0.0421,,0.3945256665349007,0.4960509210824966,0.828432285,0.043516273,0.1466083908081054,0.067372206,0.082372206,0.097372206,0.1123722062915563,0.9377729153484108,0.9891384666383266,0.8913673520550132,0.077624615,0.080130296,0.092009785
0.125549,0.018490839,7.194711591729549e-05,0.048247768,-0.824975778,0.0065,0.0107,0.0129,0.0162,0.0184,0.0207,0.0236,0.0263,0.0305,0.0391,,0.4008671303093433,0.4676914900541306,0.5182100760161876,0.042841157,0.1281206272542476,0.057841157,0.082662537,0.097874264,0.1129800268311053,0.8809313904970885,0.8303283314526081,0.954043114,0.061369756,0.061645579,0.097659605
0.106212,0.017476643,6.275841639404549e-05,0.008100196,-0.839947706,0.006,0.0099,0.0126,0.0151,0.0175,0.0197,0.0224,0.0249,0.0282,0.0359,,0.4175046783685684,0.4654730796813965,0.5390753700524569,0.038392601,0.1381291794776916,0.0656242,0.093129179,0.1081291794776916,0.1231291794776916,0.8614286841124297,0.9774832753002644,0.8131447760164738,0.061096173,0.060815438,0.095612461
0.129073,0.018026379,4.499656348781658e-05,-0.024050175,-0.682624528,0.0089,0.012,0.0136,0.0162,0.0178,0.0202,0.022,0.0243,0.0271,0.0339,,0.3919298393279314,0.473009481,0.8013039530798792,0.036650167,0.1251736441254616,0.053771876,0.080173644,0.095173644,0.1101736441254615,0.81403452,0.8087291124582291,0.986688004,0.05533364,0.054329594,0.097827361
0.106525,0.019724152,5.552410703161738e-05,-0.017660508,-0.705925647,0.01,0.0124,0.0155,0.0174,0.0196,0.022,0.024,0.0269,0.0295,0.0378,,0.41533964008092883,0.4712313309311867,0.8435689567655325,0.046934246,0.14289275407791138,0.061934246,0.076992385,0.0970628,0.11843704905062913,0.8192384955853225,0.9846548739790917,0.9416636466562748,0.090929,0.094300144,0.086230286
0.10922,0.016894098,6.040008188694851e-05,0.1076957733568862,-0.633810225,0.0059,0.0101,0.0121,0.0147,0.0172,0.0188,0.0214,0.0238,0.0271,0.0389,,0.40397605,0.48038909733295443,0.5176004812985658,0.037400801926851274,0.13561744809150697,0.054697829,0.071020571,0.093438986,0.11014623410850763,0.9114181853737682,0.8532962348759174,0.9684269033014774,0.079220889,0.087046651,0.075535248
0.167161,0.024301465,8.54679409930912e-05,-0.007855976,-0.643260033,0.0116,0.0155,0.0186,0.0218,0.0247,0.0273,0.0298,0.0326,0.0363,0.047,,0.3643876478075981,0.4587195001542568,0.7267043622672558,0.045717877,0.1431341218948364,0.060721192,0.097544736,0.1125886168017983,0.1276270613789558,0.8144729609578848,0.8216892512142658,0.9914716912806034,0.081577846,0.080661074,0.091302389
0.170095,0.022099337,6.943486783589345e-05,-0.048647152,-0.765506041,0.0112,0.014,0.0169,0.02,0.0221,0.0247,0.0274,0.0299,0.0329,0.0406,,0.410910333,0.4100657403469085,0.68017557,0.046612806,0.1421116995811462,0.06336969,0.088963758,0.1040090394675731,0.1191158153355121,0.8460504036456347,0.845839648,0.975165955,0.070111572,0.070063485,0.064828515
0.174704,0.024888836,0.000102079,0.2054301907732615,-0.540638512,0.012,0.0157,0.0189,0.0216,0.0242,0.027,0.03,0.0338,0.0382,0.0501,,0.4111968863010407,0.4082239985466003,0.6782841238461434,0.046793901,0.1366599345207214,0.061894772,0.086356666,0.1014014075696468,0.1164138128384947,0.8435824383497238,0.8243032665669918,0.8497997083187103,0.054981654,0.059456508,0.064519487
0.179,0.022746047,9.83919010181425e-05,0.027429845,-0.607777214,0.0095,0.0134,0.0168,0.0197,0.0226,0.0257,0.0288,0.0321,0.0358,0.0485,,0.3582244372367859,0.4585363008081913,0.5390213595718145,0.047114826,0.125521562,0.064750581,0.080008683,0.095085827,0.1101364020295441,0.8649755766138435,0.9583289280176164,0.8144269712746144,0.058342118,0.064895482,0.069452266
0.175716,0.023224473,6.60490997381372e-05,-0.168873625,-0.689290149,0.0124,0.0157,0.0186,0.0212,0.0232,0.026,0.0284,0.0309,0.0339,0.041,,0.4124689593911171,0.4061606794595718,0.7284999653225764,0.042839125,0.1418892705440521,0.058938231,0.096835899,0.1118667850375175,0.1268667850375175,0.8340630695939064,0.8483030319452286,0.9866333471357822,0.057598652,0.093142763,0.077320299
0.168942,0.023331328,7.546530436342579e-05,-0.037308592,-0.678964834,0.0111,0.0157,0.0186,0.0208,0.023,0.0258,0.029,0.0316,0.0344,0.0448,,0.4154587349295616,0.4074032068252564,0.7051827688548714,0.044484414,0.1353252035379409,0.059512515,0.090325204,0.1053252035379409,0.1203252035379409,0.8430141718000174,0.987518925,0.9820937821388244,0.081573117,0.077749548,0.082370136
0.177124,0.021778025,6.465563152374268e-05,-0.034565031,-0.682623808,0.0113,0.0142,0.017,0.0199,0.0217,0.0237,0.0269,0.0293,0.0324,0.0409,,0.4030731773376464,0.4156220823526382,0.7086431536741554,0.042310144,0.1447267973423004,0.057673884,0.073019343,0.088019343,0.1030193434208631,0.9320488393783568,0.8105505892813206,0.865660581,0.051942022,0.093970671,0.092802995
0.165364,0.022244853,7.737860743763406e-05,-0.040144597,-0.79864597,0.0099,0.0139,0.0169,0.0195,0.0224,0.0251,0.0277,0.0304,0.034,0.0426,,0.4054350262880325,0.4170457899570465,0.6546166541665792,0.040758183,0.1396706157922744,0.062714167,0.094670616,0.1096706157922744,0.1246706157922744,0.9213731259092688,0.8311044117331505,0.9938976514875888,0.056852144,0.072301234,0.077551557
0.16675,0.021765629,9.042426436277412e-05,-0.002646644,-0.750198564,0.0085,0.0128,0.0162,0.0189,0.0218,0.0248,0.0273,0.0306,0.0347,0.0429,,0.3859369971137494,0.436738546,0.5594300573140383,0.038402506,0.1371070080995559,0.063765207,0.087563332,0.1025866858296096,0.1221035239011049,0.9299458414822817,0.8304903535068036,0.987643529,0.074890437,0.083701651,0.089788251
0.176602,0.022381247,9.701257394706523e-05,0.048290646,-0.665245808,0.009,0.0131,0.0165,0.0201,0.0226,0.0252,0.0279,0.0312,0.0356,0.0462,,0.381102977,0.4366364195942879,0.5176982362478971,0.03896019,0.124672788,0.057528798,0.078916794,0.094100657,0.1091928519651293,0.8997655441366835,0.8874539643079042,0.9002434199481505,0.064665784,0.068012002,0.092481142
0.154596,0.024904709,0.000110186,-0.104425981,-0.754189564,0.0109,0.0154,0.0191,0.0223,0.0254,0.0284,0.0314,0.0347,0.0387,0.0512,,0.3742079764604568,0.4581536993384361,0.5969761331409216,0.046802733,0.1467553663253784,0.086755366,0.1017553663253784,0.1167553663253784,0.1317553663253784,0.8614732967332006,0.9913486177563668,0.8081256948113442,0.087969764,0.08690086,0.097647128
0.169611,0.021161541,8.186584284674275e-05,0.1374517289237782,-0.612399264,0.009,0.0122,0.016,0.0188,0.021,0.0233,0.0262,0.0296,0.0333,0.0449,,0.3652426469326019,0.4546727381646633,0.6522981102123856,0.038426907,0.1298132815212011,0.053426907,0.084813282,0.099813282,0.1148132815212011,0.813678822,0.951214391,0.9922377382218838,0.060741194,0.071997389,0.098261897
0.176748,0.022426213,0.000102998,0.1830845759541616,-0.38797492,0.009,0.0131,0.0167,0.0195,0.0223,0.0251,0.0281,0.0314,0.0358,0.0531,,0.371163425,0.4464881245046854,0.5182825948029757,0.039236022,0.1280115887522697,0.055488651,0.070498511,0.087890673,0.1029198316723108,0.935747359,0.9270612111538648,0.883110302,0.071768111,0.070172804,0.069286856
0.17017,0.022606251,8.890426813958608e-05,0.1648800389977464,-0.475383388,0.0105,0.0139,0.0171,0.0197,0.0224,0.025,0.0278,0.0307,0.0349,0.0502,,0.355285639,0.4690532565116882,0.7032170336231589,0.039332386,0.1354070335626602,0.054341251,0.076349344,0.091398434,0.1203909516274929,0.8267359716355801,0.8261352352261544,0.9350801743388176,0.068386841,0.088474004,0.075514226
0.169499,0.023682942,9.756150836470374e-05,0.1750066802047347,-0.497031651,0.011,0.0146,0.0181,0.0209,0.0234,0.0262,0.0291,0.0323,0.0367,0.0509,,0.3634291771054267,0.4605292163789272,0.7152669209528715,0.039487036,0.1241985702514648,0.054487036,0.069487036,0.084487036,0.1037122429937124,0.9625809282630682,0.9100120690889656,0.9581574322283268,0.056580901,0.095760626,0.086867253
0.165223,0.021654631,7.348941238467492e-05,0.096592659,-0.573136047,0.0099,0.0133,0.0171,0.0194,0.0215,0.0237,0.0265,0.0296,0.0333,0.0449,,0.4131020471453667,0.4114663392305374,0.6811127150371671,0.036934259,0.1420060002803802,0.052701229,0.09686055,0.1118605498854071,0.1268605498854071,0.8812483361057938,0.9717526130020618,0.991777824,0.068261249,0.08298744,0.072861203
0.165026,0.022858186,9.629135253504292e-05,0.035747936,-0.736073891,0.0097,0.0133,0.0166,0.0197,0.0229,0.0259,0.029,0.0322,0.0359,0.048,,0.3670016804337501,0.4550628375262022,0.6380865857407451,0.040427397,0.1407933294773102,0.062067948,0.09470721,0.1097811434820294,0.1256997546911239,0.8365786649763585,0.8470864970028401,0.976875553,0.053729076,0.095125661,0.073178201
0.172583,0.02219335,9.260381812627772e-05,-0.036652503,-0.71127003,0.0089,0.013,0.0165,0.0202,0.0226,0.0252,0.0279,0.0308,0.0348,0.0462,,0.397971883,0.4225230604410172,0.5291099538981914,0.03961706,0.1304719360917806,0.058306842,0.082933181,0.098962813,0.1153014155149459,0.8847360335543752,0.9860025628268718,0.9737197071015836,0.057394282,0.091496338,0.084281742
0.162984,0.02046432,7.748390733066658e-05,-0.110454279,-0.79855087,0.0078,0.0123,0.0153,0.0181,0.0209,0.0234,0.0264,0.0287,0.0318,0.0408,,0.3571890142560005,0.4735474303364754,0.5705416080325842,0.04511655,0.1201165503263473,0.06011655,0.07511655,0.09011655,0.1051165503263473,0.9845166235536336,0.8088241701602936,0.88573761,0.081440948,0.091850148,0.087884956
0.17628,0.019161451,6.128505330007813e-05,0.2333086641598224,-0.103123066,0.0083,0.0125,0.0146,0.0167,0.0194,0.0215,0.0233,0.0255,0.0288,0.0415,,0.4034003689885139,0.4208074390888214,0.6446318518683314,0.042830464,0.1464317047595977,0.059116796,0.1014317047595977,0.1164317047595977,0.1314317047595977,0.8747714858308435,0.8213683332204819,0.9868893193542958,0.061805315,0.080400094,0.072869116
0.167187,0.024690124,9.617752769179774e-05,-0.135708872,-0.804503575,0.0106,0.0152,0.0194,0.0225,0.0253,0.0279,0.0307,0.034,0.0376,0.0462,,0.3643866923451423,0.4583832867443562,0.673245439,0.043579941,0.1364348125457763,0.069972554,0.085015229,0.1000152286143973,0.1150152286143973,0.9859826710641384,0.9626841951608658,0.8093613675296307,0.071443867,0.089319685,0.085202027
0.171768,0.024079947,9.63213972278092e-05,0.052475397,-0.789919166,0.011,0.0147,0.0178,0.0209,0.0236,0.0268,0.03,0.0338,0.0377,0.0485,,0.3879450860247016,0.4337426841259003,0.670182565,0.039149703,0.1284306123852729,0.068430612,0.083430612,0.098430612,0.1134306123852729,0.9721557016223668,0.9708571925520896,0.8199007145881654,0.080279456,0.093646788,0.092112957
0.170805,0.022097422,7.647657535242264e-05,0.1184555313490419,-0.587598492,0.0103,0.0137,0.0169,0.0198,0.022,0.0243,0.0269,0.03,0.0339,0.0457,,0.3730275829136372,0.4455787595361471,0.7015563001323492,0.036501457,0.1308969823271036,0.058527907,0.085896982,0.1008969823271036,0.1158969823271036,0.8134779181092978,0.9746608880341052,0.8742915926128626,0.069113554,0.076857028,0.085701287
0.161751,0.020616853,7.299350223996886e-05,0.019795289,-0.677844399,0.009,0.0123,0.0153,0.018,0.021,0.0233,0.0257,0.0284,0.0318,0.0459,,0.3634741026163101,0.4690277934074401,0.6761138574242591,0.04256331,0.1210633367300033,0.061063337,0.076063337,0.091063337,0.1060633367300033,0.8094414127439261,0.8401738894760609,0.9897608074605464,0.055185964,0.070552822,0.073870159
0.178264,0.0228895,9.685830374229012e-05,0.058031174,-0.666267413,0.0099,0.0136,0.017,0.0199,0.0229,0.0255,0.0286,0.0318,0.0362,0.0493,,0.4093340140581131,0.4062805056571961,0.5630148119866848,0.040368017,0.1388568753004074,0.063675061,0.093830642,0.1088306417778134,0.1238537221074104,0.8152023000091315,0.9503958316385746,0.9557749696731568,0.067563248,0.077957363,0.065497393
0.17356,0.022106255,7.596517697979301e-05,-0.042027274,-0.859597584,0.0107,0.0136,0.0166,0.0198,0.0222,0.0249,0.0278,0.0304,0.0337,0.0407,,0.3921320734918118,0.4239157289266586,0.6801018881186843,0.040951307,0.1295759599283337,0.055960786,0.08457596,0.09957596,0.1145759599283337,0.9311357119381428,0.8139500096678733,0.9693906755030156,0.084237281,0.091267626,0.087055485
0.165757,0.022864122,8.046529650325463e-05,-0.039052077,-0.740380457,0.0102,0.0144,0.018,0.0204,0.0229,0.0255,0.0285,0.0314,0.0346,0.0446,,0.3537978672981262,0.4680463165044785,0.7036223752442747,0.040962521,0.1346483075618744,0.060952929,0.075963598,0.1045828337885439,0.1195828337885439,0.9187693835899234,0.994921409,0.8102293734431267,0.065106132,0.07905002,0.083424238
0.1768,0.021945935,9.56463693301708e-05,0.034937087,-0.754868891,0.0087,0.0126,0.0161,0.0195,0.0221,0.0246,0.0276,0.031,0.0354,0.0462,,0.3734118248522282,0.4427927523851395,0.5283949918359518,0.040159624,0.1262156802415847,0.056196161,0.073797861,0.090698186,0.1057566848367452,0.9230184832699596,0.9577636193156244,0.8475379614233971,0.061245017,0.070664811,0.082909402
0.178331,0.021969657,9.65492973013661e-05,0.075498725,-0.661476934,0.0087,0.0124,0.0162,0.019,0.0225,0.0248,0.0276,0.0308,0.0349,0.0467,,0.385921611,0.4256888240575791,0.52212932,0.037189462,0.1359054696559906,0.058203841,0.090845996,0.1058608693622052,0.1208858068943023,0.9122432634308936,0.979754377,0.8763081672713161,0.066491471,0.07869203,0.06277411
0.177467,0.023770849,8.02653748882587e-05,-0.094240744,-0.802750918,0.011,0.0156,0.0184,0.021,0.0238,0.027,0.0295,0.0322,0.0358,0.0437,,0.4048904106020927,0.4079802066087723,0.6709392513155937,0.043250271,0.1396853893995285,0.064274534,0.086831059,0.101840058,0.1168559431999921,0.8486804005980492,0.9325237808406353,0.8180831260561944,0.057632852,0.087207123,0.086664196
0.143977,0.025254015,8.981650313107049e-05,-0.01337161,-0.756150669,0.0124,0.0163,0.0201,0.0227,0.0253,0.0279,0.0305,0.0342,0.0386,0.0462,,0.3870988439582288,0.4561190623790025,0.7800330074988305,0.035436556,0.1354330348968506,0.075433035,0.090433035,0.1054330348968506,0.1204330348968506,0.8873899557635189,0.9304455934405328,0.9878315600693226,0.059686156,0.082496266,0.077968065
0.145445,0.023556519,7.749949088639032e-05,-0.090763513,-0.753260997,0.0119,0.0152,0.0181,0.0214,0.0238,0.0261,0.029,0.0319,0.0352,0.0421,,0.3887997200712562,0.4539588663727045,0.7620661262668669,0.037581172,0.134842517,0.074842517,0.089842517,0.104842517,0.119842517,0.8209357828468085,0.8785223035603762,0.9859501332998276,0.0685922,0.078820174,0.083912816
0.150402,0.023767252,7.160659326318331e-05,-0.049239981,-0.447198058,0.012,0.0165,0.0192,0.0215,0.0237,0.0263,0.029,0.0314,0.0343,0.0449,,0.405148988,0.4367533281445503,0.815710512,0.039933358,0.1399182277917862,0.055769147,0.070769147,0.1091374168917536,0.1241466616719961,0.9113962461933494,0.9861031641721726,0.972333201,0.076591753,0.080750293,0.094870501
0.161591,0.023887244,8.015066991949519e-05,0.077312501,-0.521740478,0.0119,0.0153,0.0183,0.0211,0.0237,0.0266,0.0294,0.0321,0.0355,0.0478,,0.386407312,0.4412974990904331,0.7692311258040369,0.041931972,0.1412947702407836,0.063020043,0.09629477,0.1112947702407836,0.1262947702407836,0.8275497699409724,0.8141824258685112,0.9894261702895164,0.062765068,0.088606478,0.085367887
0.158794,0.025412139,8.433065836913383e-05,0.055192456,-0.458258363,0.0132,0.0168,0.0198,0.0225,0.0254,0.0281,0.0309,0.0338,0.0376,0.0486,,0.35522601038217544,0.48053874969482424,0.8138383650138974,0.041952936202287676,0.12985517186112702,0.063127574,0.07813214,0.09981085,0.11483743868023157,0.8810544482916594,0.8926480766698718,0.9867497338712216,0.080970622,0.067879321,0.097333518
0.165882,0.025512209,7.591339076861292e-05,-0.10498488,-0.526380528,0.0137,0.0175,0.021,0.0233,0.0257,0.028,0.0304,0.0334,0.0372,0.0462,,0.4021560721099377,0.4250240281224251,0.7909660589396953,0.047952339,0.14757532000541687,0.062952339,0.078198325,0.10730535093992949,0.12237385675013066,0.9374910965561867,0.968777165,0.8230562503993512,0.067967179,0.095245609,0.092917263
0.155104,0.026378941,0.000148802,0.165099428,-0.616340748,0.0099,0.0149,0.0188,0.0223,0.0259,0.0293,0.0331,0.0371,0.0429,0.0554,,0.3712728375196457,0.4676059439778328,0.5331128274232149,0.037201017,0.13369033426046373,0.073690334,0.088690334,0.10369033426046373,0.11869033426046373,0.9249867526598274,0.9794555737555027,0.9874945351421833,0.056915557,0.090708315,0.094429973
0.157128,0.025434744,9.969427746985169e-05,0.2531456085733979,-0.293533248,0.0124,0.0162,0.0192,0.022,0.0248,0.0276,0.0304,0.0341,0.0389,0.0544,,0.3538323432207108,0.4822238802909851,0.8008139721438289,0.047990394,0.12882057711482048,0.063135365,0.083722308,0.098820481,0.11382048098258675,0.8525660296961666,0.8697920479565859,0.9852568087160587,0.056768341344594964,0.058444869339466105,0.068903653
0.146656,0.024650739,7.418429001882048e-05,-0.159305939,-0.71759813,0.0133,0.0166,0.0193,0.0226,0.0247,0.0273,0.03,0.0332,0.0362,0.0423,,0.4147097629308701,0.42982783615589143,0.8003759377643466,0.038262657374143604,0.13552362263202666,0.067506193,0.082551466,0.098624688,0.11362761810047085,0.9207930292852223,0.9866021813809872,0.9811651415109635,0.073291101,0.090560115,0.094328056
0.15355,0.025367228,8.6014774772253e-05,0.003972637,-0.645770009,0.0129,0.0167,0.0204,0.0228,0.0252,0.028,0.0307,0.0337,0.0382,0.0462,,0.4081861865520477,0.4283260092139244,0.7737455878078937,0.037566765,0.1402134728431701,0.070182395,0.085616794,0.1010407286673784,0.1165305844299495,0.9190230651840569,0.9775199609994888,0.984257161,0.057570603,0.085500292,0.080735612
0.16237,0.025366274,7.732774656344212e-05,-0.17374763,-0.636533485,0.0127,0.0178,0.0204,0.0229,0.0254,0.0286,0.0312,0.0335,0.0366,0.0448,,0.4171516746282577,0.4117915719747543,0.7667554555781185,0.035702695,0.1312975761294365,0.070530025,0.086297576,0.1012975761294364,0.1162975761294364,0.9795217019528152,0.9817727928102016,0.9170743243470788,0.075245187,0.090883643,0.096961037
0.166787,0.023766752,7.146285637230278e-05,-0.049787179,-0.505150156,0.0121,0.0163,0.0193,0.0215,0.0237,0.0262,0.0286,0.0314,0.035,0.0454,,0.4186353221535683,0.4115924924612045,0.7803626155033707,0.040715466,0.1219265311956405,0.055715466,0.076926531,0.091926531,0.1069265311956405,0.8047213158488273,0.8370462802886963,0.8251144247114659,0.079999844,0.070634638,0.098551616
0.167127,0.024844927,8.357726582002996e-05,-0.120093047,-0.78152484,0.0118,0.0167,0.0196,0.0222,0.0249,0.0278,0.031,0.0335,0.0367,0.0449,,0.3832580001465976,0.4391367375850677,0.7205763773605227,0.038276524,0.1366067236661911,0.076606724,0.091606724,0.1066067236661911,0.1216067236661911,0.828569405,0.9777941420912742,0.8158880815148354,0.085478591,0.075962077,0.09120787
0.168024,0.025502372,9.576996760742823e-05,0.006502356,-0.697994903,0.0127,0.0167,0.0199,0.0228,0.0255,0.0284,0.0315,0.0346,0.0385,0.0512,,0.3922920028865337,0.4302812948822975,0.7129662219006568,0.041121766,0.138132837,0.078132837,0.093132837,0.108132837,0.123132837,0.835896861,0.986721069,0.8439655865132809,0.077701242,0.064767161,0.089362974
0.151347,0.025584165,9.242615447645856e-05,0.042510592,-0.631451727,0.0126,0.0165,0.0196,0.0227,0.0255,0.0286,0.0312,0.0343,0.0384,0.0478,,0.3887497437000274,0.4521809212863445,0.7947149022772908,0.035956369,0.1360941851139068,0.064863166,0.079907171,0.1054582726925611,0.1204765959590673,0.9050253952015191,0.9787491313993932,0.9802708464622498,0.066184174,0.068511818,0.097535518
0.130867,0.022820483,0.000102901,-0.010092851,-0.797102172,0.0091,0.0129,0.0166,0.0196,0.0229,0.0262,0.029,0.0323,0.036,0.047,,0.3914598441123962,0.4620852328836918,0.5940339959710836,0.037790739,0.1414335858821868,0.081433586,0.096433586,0.1114335858821869,0.1264335858821869,0.8185160553008318,0.8386461900174618,0.890628708,0.07913733,0.086966678,0.083013885
0.147001,0.025351011,0.000105871,0.2737234179544288,-0.208145573,0.0117,0.0158,0.0191,0.0223,0.0253,0.0279,0.0309,0.0341,0.0392,0.0584,,0.3861663453280926,0.4594016261398792,0.7528981135446579,0.036898423,0.1368208914995193,0.076820891,0.091820891,0.1068208914995193,0.1218208914995193,0.84152103,0.8727089957237244,0.9496093784928322,0.07274811,0.069997337,0.083587216
0.14606,0.023694476,0.000111983,0.027341726,-0.595854331,0.0099,0.0141,0.0179,0.0211,0.0241,0.0272,0.0302,0.0333,0.0371,0.0515,,0.3970825310051441,0.4386895507574082,0.5181363912463188,0.049143969,0.1474719417095184,0.064143969,0.079143969,0.1116943270638585,0.1319102107703685,0.938247629,0.9610343509614468,0.956451116,0.070556509,0.072515837,0.094110536
0.148757,0.025704363,9.971785711419382e-05,0.1839687556471923,-0.474851011,0.013,0.0169,0.0199,0.0227,0.0253,0.0281,0.0309,0.0343,0.0389,0.0508,,0.4087508043646812,0.4364651724696159,0.7637278129823506,0.038183386,0.1475548672676086,0.072907156,0.089342609,0.1057517372302711,0.1221605206221342,0.9017157075683586,0.955640964,0.985860911,0.053470778,0.079580314,0.092133357
0.15929,0.023039177,6.432082594864271e-05,-0.167522532,-0.704379912,0.0125,0.0157,0.0182,0.0211,0.023,0.0256,0.0283,0.0306,0.0335,0.0411,,0.4114544543623924,0.4231126308441162,0.7733254351861775,0.036273345,0.1277644951641559,0.067327652,0.082713835,0.097737602,0.1127449576832354,0.8839627416737378,0.8609125933229923,0.9724760255753996,0.072110998,0.057273378,0.096765214
0.162048,0.019979251,7.894101579844642e-05,0.025568656,-0.7272884,0.0075,0.012,0.0146,0.0174,0.0202,0.0225,0.0252,0.0282,0.032,0.0408,,0.4054050502181053,0.4222143828868866,0.5141947921425104,0.039720777,0.1238706302642822,0.054720777,0.07887063,0.09387063,0.1088706302642822,0.8807884808756411,0.8410289026618004,0.8148995862126351,0.068053925,0.078654685,0.098189446
0.162303,0.022985206,0.000104294,0.1000238691169087,-0.507866672,0.0097,0.0136,0.0171,0.02,0.0228,0.0258,0.0287,0.0317,0.0363,0.0501,,0.3710520265996456,0.4621672376990318,0.5314084550052881,0.042246904,0.1415914177894592,0.062765425,0.096591418,0.1115914177894592,0.1265914177894592,0.8307204860359431,0.8841120971798897,0.9905284740269183,0.079526615,0.095783542,0.088442778
0.158725,0.020798615,8.225348295086126e-05,-0.049123233,-0.840147411,0.008,0.0125,0.0154,0.0182,0.021,0.0232,0.0266,0.0294,0.0331,0.0409,,0.4008006609976292,0.4298679828643799,0.5715913144558669,0.047743367,0.122743367,0.062743367,0.077743367,0.092743367,0.107743367,0.8434376655250788,0.8428850466072559,0.926157395,0.06576708,0.09061487,0.080827944
0.164337,0.024329231,7.387231305428416e-05,-0.021279159,-0.349896306,0.0127,0.0166,0.0193,0.0221,0.0248,0.027,0.0292,0.0318,0.0353,0.0475,,0.3683345682919025,0.4598148822784424,0.8535614451706409,0.035666539,0.1453938007354736,0.050666539,0.065666539,0.080666539,0.1288861271739006,0.92895258,0.8070958158254624,0.9170426419198512,0.074227057,0.085265852,0.091096242
0.162461,0.022572322,9.556304583444322e-05,-0.103642716,-0.790534313,0.0088,0.0127,0.0174,0.0201,0.023,0.0259,0.0289,0.0315,0.0352,0.0445,,0.4131967088580132,0.4184214681386948,0.5577521942585707,0.041133276,0.1275719556212425,0.067442875,0.082540016,0.097540016,0.1125400159847922,0.9681661591053008,0.967419074,0.8443474071741105,0.072466682,0.09184401,0.083338148
0.15635,0.025510094,9.488365916287296e-05,0.017562536,-0.712468717,0.0124,0.0162,0.0193,0.0223,0.0257,0.0286,0.0317,0.0345,0.0389,0.0485,,0.4090829944610595,0.4225527673959732,0.7281084176079835,0.037071341,0.1353792756795883,0.075379276,0.090379276,0.1053792756795883,0.1203792756795883,0.91542386,0.9818091212391852,0.9832708089470864,0.053272206,0.094244189,0.083280304
0.163614,0.027170351,9.59959870334346e-05,0.032971073,-0.513563362,0.0145,0.0184,0.0213,0.024,0.0267,0.0295,0.0324,0.0358,0.0406,0.0501,,0.3964946149289608,0.4332787573337555,0.8153395682305098,0.047365495,0.1231226170063018,0.062365495,0.077365495,0.093122617,0.1081226170063018,0.8204689960837365,0.8087920992016793,0.8267774760007859,0.078007804,0.078293667,0.082487832
0.167773,0.02385755,7.661379174223405e-05,0.021698731,-0.577887462,0.0119,0.0161,0.0188,0.0213,0.0238,0.0266,0.0291,0.0316,0.0353,0.0443,,0.3713790774345398,0.4565206803381443,0.7741532563693821,0.03950124,0.1263596025109291,0.06632584,0.081341608,0.096341608,0.1113596025109291,0.8451594678342342,0.9859328355848788,0.8117980875253678,0.075745879,0.088655342,0.080376639
0.159133,0.02391242,7.931586241800812e-05,0.068023682,-0.545137793,0.0119,0.0159,0.0188,0.0218,0.024,0.0262,0.0286,0.0318,0.0359,0.0466,,0.3571986982226371,0.4795374065637589,0.8072204929858446,0.037640627,0.1298317514918744,0.052640627,0.084831751,0.099831751,0.1148317514918744,0.9721881162941456,0.923057741,0.8099128677368165,0.06314139,0.081563868,0.082565488
0.16461,0.021025374,7.735391011151163e-05,-0.129188363,-0.829705366,0.0085,0.0127,0.0159,0.0188,0.0213,0.024,0.0268,0.0293,0.0326,0.0407,,0.3890423368662596,0.4360594779253006,0.5903968524724245,0.044150155,0.1352286231517792,0.063554303,0.080278802,0.095481075,0.1104979912444949,0.8635169938310981,0.9683794043421744,0.848649316,0.069082122,0.082383067,0.071385549
0.160638,0.020708192,7.18025439836461e-05,-0.063171226,-0.809049858,0.0095,0.0124,0.0161,0.0185,0.0207,0.0235,0.026,0.0287,0.0318,0.0394,,0.41084727,0.4198839217424392,0.6370915800064803,0.040145617,0.1280185216665268,0.06604958,0.082264647,0.097445049,0.112482153,0.8667657678633929,0.9578509361624716,0.8487558897197247,0.084511539,0.070353708,0.089029674
0.167178,0.022876577,8.80924468062901e-05,0.034117234,-0.687501128,0.0102,0.0136,0.0169,0.0201,0.023,0.0258,0.0287,0.0314,0.0354,0.0478,,0.3819226656109095,0.4433889366686344,0.6768338151209057,0.044339742,0.1389381277561187,0.059339742,0.074339742,0.08962896,0.1046345708698034,0.8927255062069744,0.9918892986297608,0.9673587903261184,0.076069805,0.094244204,0.088000515
0.169214,0.022288087,8.872959460653096e-05,0.1000734009867442,-0.625247426,0.0098,0.0131,0.0163,0.0193,0.0222,0.025,0.0282,0.0309,0.0346,0.0478,,0.3588340494036675,0.4646648585796356,0.6550640432149172,0.046325399,0.1219881922006607,0.061325399,0.076325399,0.091325399,0.1063253991305828,0.8352647656559944,0.9697583245635032,0.8821752279043198,0.059890143,0.077016575,0.071954762
0.167885,0.022352269,7.739286467297755e-05,0.2131000656107699,-0.392297541,0.0111,0.0142,0.017,0.0195,0.022,0.0244,0.0268,0.0297,0.0345,0.0491,,0.3530824762582779,0.4733899563550949,0.7511531662557274,0.040671753,0.135627344,0.055750994,0.07080878,0.085813429,0.1092049967199564,0.8147199761271477,0.9348448405504228,0.8350980319559574,0.068668381,0.084177214,0.072957264
0.161753,0.020709472,7.983736848580857e-05,-0.071913106,-0.810602311,0.008,0.0124,0.0155,0.0185,0.0208,0.0233,0.0264,0.0292,0.0325,0.0404,,0.3815963110327721,0.4499383530637715,0.5398007053434849,0.036276152,0.1234907418489456,0.063490742,0.078490742,0.093490742,0.1084907418489456,0.8320313768267632,0.8407182264149189,0.9383710947304964,0.072507417,0.074447046,0.067550248
0.158693,0.020987362,8.5268443966353e-05,-0.013962636,-0.750180064,0.0082,0.012,0.0158,0.0186,0.0211,0.0237,0.0265,0.0297,0.0333,0.0444,,0.3959555223584175,0.4336336508393287,0.5160655114799738,0.039635892,0.13075625,0.057314539,0.08575625,0.10075625,0.11575625,0.8544530598521233,0.8303971714735031,0.9091501574911176,0.07940412,0.071885612,0.067994446
0.167456,0.020989427,6.763673698940787e-05,-0.032893452,-0.763449896,0.0094,0.0135,0.016,0.0183,0.0212,0.0237,0.0259,0.0287,0.0322,0.0423,,0.3860050390660763,0.4414433121681213,0.6907494680352508,0.042915087,0.117915087,0.057915087,0.072915087,0.087915087,0.102915087,0.8136955986261368,0.9682253017783164,0.9861474596083164,0.073807292,0.077575367,0.084534682
0.165371,0.022013956,8.819337830648195e-05,-0.076131398,-0.811774287,0.0086,0.0134,0.0163,0.0193,0.0225,0.0249,0.0276,0.0311,0.0344,0.0419,,0.4008189795911312,0.4293219983577728,0.5659602326720953,0.039880919,0.132169632,0.071817332,0.086883005,0.1019461651619523,0.1169953634835779,0.8478080878823996,0.9751343008756638,0.8795481587901712,0.079928282,0.068668638,0.092187696
0.168517,0.021784147,9.7340212024939e-05,0.05789452,-0.767422649,0.0082,0.0119,0.0161,0.0187,0.0215,0.0245,0.028,0.0308,0.0353,0.0437,,0.3626328012347221,0.4641376823186874,0.5532147778004408,0.042115119,0.1400320255756378,0.059001077,0.074020086,0.08921359,0.1063375379711389,0.9407470046758653,0.8240646636366844,0.941133985,0.058593805,0.070063192,0.065655253
0.15332,0.019084574,6.944440423291915e-05,0.002000866,-0.704391627,0.0073,0.0116,0.0139,0.0167,0.0195,0.0216,0.0241,0.0271,0.0299,0.0407,,0.3792029949277639,0.461218749,0.6020120006650687,0.036302276,0.1478615736961364,0.056886582,0.073633253,0.088633253,0.1144693664170801,0.9907730603158474,0.8869470811992883,0.8703611406266689,0.059407049,0.069660889,0.066760688
0.135356,0.020056026,7.885907523249238e-05,-0.036943692,-0.808004461,0.0075,0.012,0.0147,0.0175,0.0206,0.0227,0.0253,0.0285,0.0322,0.041,,0.3895105630159378,0.4708100110292434,0.5426094245642423,0.039384095,0.1445998799800872,0.070198096,0.086002818,0.1017922525368631,0.1176959983959794,0.8136105853259563,0.8314645758628846,0.9878566523492336,0.080518031,0.089938121,0.087767231
0.139821,0.020841804,7.209431710002064e-05,-0.051208739,-0.80548518,0.0093,0.0127,0.0158,0.0186,0.0211,0.0233,0.0263,0.0287,0.0321,0.0402,,0.4000841152667999,0.4509995276108384,0.7103811134409159,0.037487513,0.1424587821960449,0.068736288,0.084180531,0.099180531,0.1141805310249328,0.8310678728997708,0.9895413305163384,0.8592404166370631,0.05492055,0.088234282,0.091512135
0.147329,0.019871114,6.38864875955529e-05,-0.009325263,-0.788731426,0.0093,0.0121,0.0151,0.0177,0.0199,0.0228,0.0246,0.0274,0.0306,0.0388,,0.4020310170948505,0.4448956768959761,0.7164864764330908,0.036245498,0.146247272,0.060249567,0.07699186,0.093498907,0.1100738685987889,0.8219415610820056,0.8447398091077805,0.9498097892343998,0.062497201,0.068361989,0.085006547
0.15063,0.019165028,6.963414586927634e-05,-0.071614273,-0.821084868,0.0072,0.0111,0.0144,0.0169,0.0198,0.0219,0.0241,0.0273,0.0302,0.0377,,0.4031046929955482,0.4420145839452744,0.560089213,0.042445292,0.1182369327545166,0.058036631,0.073114608,0.088190321,0.103201347,0.8499255207628011,0.9879253853082656,0.9708292,0.077513308,0.077189603,0.083978614
0.153178,0.0202065,8.074443130219005e-05,0.030334665,-0.655998821,0.008,0.0115,0.0147,0.0179,0.0206,0.0229,0.0253,0.0283,0.0321,0.0457,,0.379778898,0.4599642857909202,0.5276032625198364,0.040985948,0.1290728319436311,0.055998698,0.083322503,0.098334306,0.1140348609831184,0.96295712,0.85068523,0.8282526448249817,0.056950889,0.06142224,0.094228613
0.148488,0.020421751,6.919238149834763e-05,0.022023051,-0.774552443,0.0099,0.0124,0.0152,0.0183,0.0203,0.0229,0.0255,0.028,0.0316,0.0395,,0.3824631668627262,0.4628125548362732,0.7138087837234139,0.036317176,0.1253878822922706,0.061995676,0.077080065,0.092080065,0.1070800650149583,0.8437212656050921,0.8155072613298893,0.9314071444928648,0.066005438,0.058403507,0.097414156
0.156335,0.019785248,7.495881785081718e-05,-0.055600659,-0.802593086,0.0075,0.012,0.0146,0.0173,0.0204,0.0224,0.0249,0.0281,0.0312,0.0411,,0.3925298040360212,0.4449486698955298,0.5217718594819307,0.042857958,0.1313458558917045,0.060017215,0.077326792,0.099508191,0.1150050392352044,0.8291449816673995,0.9644508965015413,0.8418495701491833,0.058645566,0.061228968,0.096712092
0.14462,0.020193215,8.019405555663096e-05,0.1763292167510311,-0.491940156,0.0084,0.0116,0.0146,0.0174,0.0199,0.0231,0.0254,0.028,0.0319,0.0468,,0.3648163938522339,0.4789967209100723,0.679048999,0.043111117,0.1407390868663788,0.060847057,0.075855468,0.090862037,0.1207990996226668,0.8314750967353582,0.8107140106439591,0.9473602104872464,0.080674636,0.081440326,0.076228618
0.143087,0.022811198,0.00010668,-0.01878969,-0.872181369,0.0086,0.0125,0.0171,0.0198,0.0226,0.0257,0.03,0.0328,0.0364,0.0448,,0.3553980103135109,0.4957438111305237,0.5179480782777071,0.04025196,0.1449189019203186,0.063626099,0.079903126,0.095689244,0.1123573372807353,0.8707770522192121,0.9029585257092492,0.981238328,0.068790638,0.092302841,0.094412539
0.094151,0.015996084,5.288949905804925e-05,0.00745772,-0.860128881,0.0064,0.0092,0.0116,0.0137,0.0159,0.0181,0.0204,0.0231,0.0259,0.0332,,0.4168727505207061,0.4818286448717117,0.6392303213283419,0.042776854,0.1470853745937347,0.057776854,0.094065058,0.1090650582894682,0.1240650582894682,0.8166712190270424,0.980421674,0.8106200603604317,0.065287171,0.069656687,0.09550088
0.085674,0.015442863,5.196750561918229e-05,0.084216377,-0.772611551,0.0051,0.0085,0.0107,0.0129,0.0155,0.0174,0.02,0.0222,0.0251,0.0339,,0.4131691589951515,0.4901939034461975,0.5487226604551076,0.036542833,0.1365282201766967,0.051542833,0.078206274,0.093246142,0.1088998065263033,0.9346361956372856,0.981761152,0.9269043991714716,0.061640415,0.065239087,0.097436543
0.104409,0.0171892,6.407091358717148e-05,0.1613990208289754,-0.583288202,0.006,0.0102,0.0122,0.0147,0.0174,0.0192,0.0216,0.0244,0.0276,0.0391,,0.3881347067281604,0.4981485813856124,0.5107173213154077,0.036535638,0.142809545,0.052477128,0.080810085,0.095810085,0.1109137080818414,0.950668253,0.8204672083556652,0.982615081,0.06102773,0.095372292,0.07645773
0.090644,0.015342403,5.150731006983257e-05,0.1255708171835086,-0.741796694,0.0052,0.0086,0.0108,0.013,0.0153,0.0172,0.0197,0.0218,0.0253,0.0344,,0.403596343,0.4982679456472397,0.71659347,0.03692568,0.1443314886093139,0.052676716,0.068813797,0.084926385,0.1066796013176441,0.9417020459964872,0.8152557133078575,0.9372792679429056,0.081900493,0.089658271,0.080716035
0.070589,0.016292971,6.256495443825805e-05,0.2681599984737329,-0.549978787,0.0056,0.0092,0.0112,0.0133,0.0159,0.0179,0.0208,0.0234,0.027,0.0375,,0.4131514516472817,0.4975571513175964,0.8029536449119449,0.039052826,0.1492014610767364,0.054052826,0.1042014610767364,0.1192014610767364,0.1342014610767364,0.9868018191903828,0.983548587,0.8238685817003251,0.07384169,0.096715539,0.094668826
0.085224,0.015334883,4.6773458454960966e-05,0.1492371513539917,-0.757320236,0.0065,0.0086,0.011,0.0131,0.015,0.0173,0.0195,0.0217,0.0247,0.0316,,0.4062393921613693,0.4988106101751327,0.8044258057683706,0.036323824,0.1295573974400758,0.062781782,0.077926446,0.093035624,0.1080442782998085,0.8609413976460696,0.8101435632050038,0.9926744653642178,0.056901889,0.059088669,0.071229193
0.102938,0.01641738,5.859714513698425e-05,0.071987083,-0.809805654,0.0054,0.009,0.0119,0.0136,0.0165,0.0183,0.021,0.0236,0.0268,0.034,,0.4032402539253235,0.4862055242061615,0.5433694981098175,0.037844927,0.1378431397676467,0.052946598,0.07173531,0.086743477,0.1070997546121478,0.9089487485792488,0.8871759395837784,0.9725150513947012,0.071496609,0.083796702,0.070592372
0.0947,0.016141342,5.8032386346622e-05,0.1556935234377253,-0.67085735,0.0056,0.009,0.0112,0.0135,0.0158,0.018,0.0206,0.023,0.0265,0.0368,,0.4174167194962501,0.4829196155071258,0.6047248814374209,0.038525065,0.1401438605785369,0.053775903,0.093755391,0.1090359243482351,0.1243386876940727,0.957823633,0.8430715476274491,0.8207965816259385,0.057177173,0.080545883,0.061574214
0.121019,0.016231722,5.185524351904806e-05,-0.036127821,-0.836828174,0.0055,0.0099,0.012,0.0145,0.0163,0.0185,0.0207,0.023,0.0258,0.0335,,0.4171485015749931,0.4531332548707724,0.5308951812118292,0.037620089,0.1473866426944732,0.054375949,0.095427908,0.1119035289674997,0.1283829829335212,0.8164915770471096,0.8114230193912984,0.9794311184883118,0.065094473,0.079960201,0.065888985
0.112323,0.017414328,6.274179055979988e-05,0.036145793,-0.743231016,0.006,0.0099,0.0128,0.0151,0.0174,0.0198,0.022,0.0248,0.028,0.0366,,0.3997879688441753,0.4840341836214065,0.5147810940027236,0.041069659,0.1410537314414978,0.056069659,0.071069659,0.086069659,0.1018911062479019,0.982630276,0.9921555066406726,0.8182683468580246,0.061439078,0.094604533,0.085321745
0.193813,0.02053213,7.666343287561771e-05,0.004919087,-0.613621505,0.0083,0.0119,0.0158,0.0182,0.0206,0.0231,0.0257,0.0285,0.0318,0.0437,,0.3925693164765835,0.4060957372188568,0.5302273409485817,0.036515794,0.1298182278685271,0.05153203,0.080949653,0.095981481,0.1141710142068564,0.9252004401728512,0.8188037997961044,0.8149358134150505,0.059467387,0.085609731,0.076041927
0.182497,0.01922858,6.182052537611272e-05,-0.016078897,-0.827027805,0.0083,0.0114,0.0146,0.0167,0.0195,0.0215,0.024,0.0267,0.0303,0.0368,,0.3884748717024922,0.4214820057153702,0.6309898565232753,0.036064679,0.1159905385971069,0.055990539,0.070990539,0.085990539,0.1009905385971069,0.8526993194699287,0.805795483,0.9928719226717948,0.078697814,0.080415824,0.097263017
0.188349,0.023297383,7.890159212124362e-05,-0.081616198,-0.75408463,0.0105,0.0151,0.0179,0.0208,0.0237,0.0263,0.0287,0.0314,0.035,0.0431,,0.37771909,0.4246920675039292,0.648255814,0.041981769,0.1360728788375854,0.06836507,0.084331657,0.09936895,0.1143689504785463,0.9920051574200393,0.8159668359041214,0.8153201528310776,0.05515768,0.09391161,0.087699816
0.19718,0.021941542,8.368421152194823e-05,-0.099303771,-0.732196379,0.0091,0.0129,0.0174,0.0198,0.0222,0.0246,0.0274,0.0307,0.0339,0.0451,,0.3682621367275715,0.4279213041067123,0.531101131,0.04528801,0.1233117341995239,0.060290066,0.077541818,0.092568363,0.1075960090979933,0.8485170821249486,0.9898451471745968,0.820347791,0.068338029,0.077387623,0.081796564
0.199342,0.022038309,8.747887060535191e-05,-0.074591756,-0.77981167,0.0089,0.0127,0.0168,0.0194,0.0222,0.0248,0.0279,0.0308,0.0347,0.0437,,0.3681706063449382,0.4271912083029747,0.5159675152927636,0.039148995,0.127781703,0.054154195,0.069188476,0.084211175,0.1127508028041571,0.9761564739972352,0.9784401045501232,0.8346229220807553,0.068833525,0.087295601,0.080787208
0.19395,0.022157181,8.55275310958817e-05,-0.044568923,-0.694879121,0.0093,0.0131,0.0169,0.02,0.0224,0.0249,0.0278,0.0306,0.034,0.0455,,0.3663694897294045,0.4329829961061477,0.577482732,0.041451954,0.1202300578355789,0.056552135,0.074854181,0.090078798,0.1051415181875228,0.844250028,0.8507580531090498,0.958375927,0.062650934,0.07340152,0.076557131
0.20613,0.020622138,7.31456830611395e-05,-0.061449773,-0.69258731,0.0085,0.0125,0.0157,0.0182,0.0208,0.0235,0.0259,0.0284,0.0316,0.0426,,0.3754048308730126,0.4090527087450027,0.5158202663719654,0.038828274,0.1245385062694549,0.053832838,0.077673858,0.094043892,0.1094742876172065,0.8217632476210595,0.9653905708253384,0.8240402738690377,0.054234775,0.071509831,0.065651335
0.19872,0.024120696,8.020225840541182e-05,0.014801956,-0.612606978,0.0119,0.0158,0.0188,0.0216,0.0243,0.0267,0.0293,0.0322,0.036,0.047,,0.365608589,0.43313922,0.6974211629144847,0.044457329,0.1387594377994537,0.059457329,0.074543913,0.1040040860973298,0.1190151951625943,0.8090875381797552,0.8146748454868794,0.9675377648532392,0.052374177,0.094354879,0.082407323
0.195698,0.023323203,8.041734184511424e-05,0.1390379948122586,-0.442338057,0.0115,0.0148,0.0177,0.0204,0.023,0.0258,0.0287,0.0314,0.035,0.0483,,0.3554716247320175,0.4410268783569336,0.6954159233048558,0.039966688,0.1365930044651031,0.055372841,0.087586056,0.1026732169546187,0.1215296304821968,0.817157231,0.833209472,0.9920639619767666,0.054985726,0.085303681,0.071153017
0.160906,0.026539976,0.000148758,0.1293001607100463,-0.734174452,0.0108,0.0153,0.0189,0.0227,0.0263,0.0295,0.0333,0.0373,0.0437,0.0535,,0.3535052913427353,0.4766508787870407,0.5300251165956259,0.039078139,0.1390465611219406,0.061698977,0.09306763,0.1080676296859979,0.1230676296859979,0.8217206158638001,0.8174081950545311,0.8182641489326954,0.055907155,0.09598264,0.095203814
0.132372,0.020238111,5.802451962362362e-05,-0.020471498,-0.756895446,0.0103,0.0129,0.0158,0.0179,0.0201,0.0227,0.0248,0.0275,0.0304,0.0384,,0.3681399595737457,0.4941726565361023,0.8009526571199298,0.039446274,0.1261434563994407,0.060135369,0.075139551,0.090186012,0.1053022856563329,0.8423885882943869,0.8197617604017258,0.958202692,0.06404651,0.072769759,0.069397391
0.131366,0.019119688,5.508996551994998e-05,-0.040475656,-0.820190636,0.009,0.0125,0.0144,0.0173,0.019,0.0215,0.0235,0.0262,0.029,0.0351,,0.4159381914138794,0.4452333774417639,0.7629963998369872,0.03900029,0.1286331664025783,0.059719445,0.074828149,0.097712047,0.1134815173840615,0.9141393593885004,0.9910359407961368,0.8271373066782952,0.06479742,0.084554965,0.079614257
0.133935,0.018135371,6.625911158989053e-05,-0.022148259,-0.88075159,0.0064,0.0102,0.0131,0.0158,0.0183,0.0205,0.0232,0.0258,0.0292,0.0361,,0.3939584420621395,0.4602973684668541,0.5224091563493013,0.040517865,0.1321142479777336,0.055519484,0.072023269,0.091170277,0.1170187232121825,0.9236456529557704,0.8280450530707837,0.9876840134143828,0.058783262,0.057607834,0.094045618
0.140515,0.019133476,7.232464045744314e-05,-0.02583282,-0.842161154,0.0069,0.0111,0.014,0.0169,0.019,0.0221,0.0243,0.0272,0.0307,0.0386,,0.3767890352010727,0.4786769568920135,0.5177458539247513,0.047061206,0.1410644781589508,0.062061206,0.077061206,0.092061206,0.1085888744041323,0.9704148830235004,0.8162973346948624,0.8430167362987996,0.056457374,0.061839925,0.098109648
0.146906,0.02010723,6.728321562855486e-05,-0.041884865,-0.864257994,0.0091,0.012,0.0154,0.0176,0.0206,0.0226,0.0253,0.028,0.0313,0.0377,,0.4008766296505928,0.4427089989185333,0.6841271398074925,0.045651119,0.1475089025497436,0.062232423,0.088162145,0.1035572719290852,0.1188733283445239,0.813283144,0.8106459149360656,0.983414658,0.053670856,0.061153464,0.065936851
0.135322,0.018578106,5.747484304699705e-05,-0.077433062,-0.884939904,0.0083,0.0113,0.0136,0.0166,0.0184,0.0211,0.0231,0.0259,0.0287,0.0344,,0.4044152975082397,0.4552350006997585,0.7217431603794917,0.042830617,0.1312414986640215,0.057835767,0.073434145,0.089758304,0.1089695519983768,0.9037249422954396,0.8116932645559312,0.9905006784021856,0.062225666,0.082133927,0.084081969
0.138138,0.018700949,7.773443914353802e-05,0.240417573,-0.377571501,0.0072,0.0103,0.0134,0.016,0.0185,0.0213,0.0236,0.0266,0.03,0.0462,,0.3589688467979431,0.4980898022651672,0.5394333000540733,0.036590419,0.1267854684591293,0.051590419,0.069830396,0.085250306,0.1114992520980536,0.817069727,0.9808504341840744,0.945659557,0.080832631,0.072039638,0.076504322
0.136904,0.022306084,6.376130983233537e-05,-0.150638761,-0.708970138,0.0115,0.0152,0.018,0.02,0.0224,0.025,0.0272,0.0302,0.0328,0.0394,,0.3973714447021484,0.4591501787304878,0.8142344977140427,0.045682565,0.1461460828781128,0.060682565,0.075682565,0.090682565,0.11359413,0.8244389086902142,0.8097490892231465,0.9257892664551736,0.08703884,0.080611496,0.084869682
0.135431,0.017655746,5.373139539367471e-05,0.041907566,-0.769755867,0.0072,0.0104,0.0131,0.0155,0.0178,0.0199,0.0221,0.0244,0.0275,0.0361,,0.4009396682679653,0.4556501444429159,0.723542787,0.037340028,0.1379850614070892,0.052635743,0.081546076,0.1013139358889311,0.1164425994381308,0.843721385,0.992701809,0.8219636048674583,0.057048159,0.058146066,0.096945764
0.136837,0.021435383,9.661884624721984e-05,0.07184306,-0.738521659,0.0081,0.0118,0.0158,0.0189,0.0213,0.0238,0.0271,0.0307,0.0347,0.0451,,0.3638411337137222,0.4933095842599869,0.5191977709025144,0.035892552,0.13037397,0.0695655,0.084697584,0.099706221,0.1152458155643194,0.8104619476675987,0.8123329866945743,0.9501731628417968,0.058881869,0.065083592,0.071616295
0.16788,0.021976452,7.987100789831209e-05,0.09681055,-0.633007165,0.0097,0.0132,0.0171,0.0194,0.0218,0.0243,0.0271,0.0302,0.0337,0.0446,,0.3561245310306549,0.464851414,0.7029929655153304,0.03806953,0.1481224453449249,0.05306953,0.076975749,0.091975749,0.1189094644457101,0.8289313164949418,0.9952448998212814,0.9777992628455162,0.080535932,0.088118701,0.077008434
0.180687,0.021529577,8.934014816807759e-05,0.055035974,-0.63476378,0.009,0.0125,0.0161,0.0186,0.0214,0.0244,0.0272,0.0302,0.0342,0.0475,,0.361358625,0.4505268421024084,0.5073454322665929,0.037500215,0.1415592217445373,0.052500215,0.078663977,0.094278953,0.1168720328196883,0.990681053,0.980383405,0.8083000724613667,0.053268835,0.093306542,0.072946678
0.169787,0.018558019,6.453377274645023e-05,-0.021502199,-0.658481861,0.0072,0.0115,0.0138,0.0164,0.0189,0.0212,0.0231,0.0259,0.0292,0.041,,0.3790048386901617,0.4418540894985199,0.526411789,0.036332099,0.1462693095207214,0.052824976,0.069317343,0.085811727,0.1152362544674426,0.8162720675826073,0.8164315492153168,0.9478097398132086,0.067195024,0.075817874,0.089089555
0.171097,0.019009349,6.38582752043904e-05,-0.082002821,-0.859493438,0.0075,0.0111,0.0142,0.0166,0.0196,0.0216,0.0241,0.0264,0.0299,0.0369,,0.4162326261401176,0.4080619364976883,0.5961081994593144,0.045427252,0.1212321203947067,0.060928093,0.075928093,0.090928093,0.1059280933484435,0.809805588,0.8042090901434422,0.9939243395745756,0.057486168,0.0785406,0.07872082
0.170701,0.018584205,6.715144742701678e-05,0.043241776,-0.634843695,0.0071,0.0114,0.0138,0.0164,0.0187,0.0211,0.0231,0.026,0.0294,0.0411,,0.3804115078598261,0.4417459100484848,0.5241421690642833,0.03604147,0.120539054,0.05104147,0.075539054,0.090539054,0.105539054,0.8051325550287962,0.96093004,0.994891506,0.074503495,0.072444276,0.074963559
0.166372,0.021011006,7.643557370054497e-05,0.048077907,-0.74669522,0.0093,0.0129,0.0154,0.0184,0.0213,0.0234,0.0261,0.0291,0.0327,0.0412,,0.361549751,0.4653731673955917,0.6736581898391246,0.040717731,0.1460337245464325,0.059268325,0.075299871,0.09109537,0.10691563,0.807086932,0.8128709046781063,0.9642009798943996,0.068413939,0.058479212,0.084567889
0.165894,0.020622173,7.562727302933014e-05,0.1247362240466578,-0.585370075,0.009,0.0121,0.0157,0.0185,0.0206,0.0229,0.0256,0.0285,0.0322,0.0453,,0.3560859954357147,0.4711616188287735,0.6935920108169317,0.037925027,0.1471681499481201,0.052925027,0.074530071,0.090925011,0.1073070992842316,0.8121719601154328,0.8774875715345144,0.9889137316286564,0.087294647,0.074364612,0.090239735
0.168003,0.019360987,5.728778915082664e-05,-0.059795076,-0.792279488,0.0092,0.0119,0.0149,0.0171,0.0199,0.0216,0.024,0.0265,0.0293,0.0372,,0.4118489852547645,0.4098439663648605,0.6755917248398066,0.037146553,0.140486,0.052146553,0.073178901,0.088178901,0.1031789006859064,0.9613376132160424,0.8286070987045765,0.9855029917299748,0.085944082,0.097097064,0.095272768
0.175794,0.022577195,9.930282558705807e-05,0.002124841,-0.687890693,0.0095,0.0133,0.0169,0.0198,0.0226,0.0254,0.0282,0.0315,0.0359,0.0501,,0.3564843294024467,0.4573258973658085,0.5134887558817863,0.038045893,0.1455970239639282,0.053045893,0.078845617,0.097913227,0.1141772794724442,0.8154566369265318,0.9774891881227492,0.97280734,0.053183348,0.097042117,0.094483274
0.169601,0.020105576,6.538314463433226e-05,0.085214786,-0.599204382,0.009,0.0124,0.0153,0.0176,0.02,0.0225,0.0249,0.0272,0.0306,0.0426,,0.3525596421957016,0.4730343461036682,0.7082616962783038,0.03834415,0.137729537,0.05334415,0.06834415,0.08334415,0.09834415,0.8096424480497837,0.8091607604086399,0.9601828567683696,0.081429474,0.07752324,0.078578286
0.160605,0.019978049,6.49098374571525e-05,-0.087456452,-0.877145464,0.0091,0.012,0.0154,0.0174,0.0201,0.0226,0.0252,0.0279,0.0307,0.0378,,0.3744039985537529,0.4612721987068653,0.6770577274292707,0.044489363,0.144488673,0.059489363,0.074489363,0.089489363,0.1044893633574247,0.8115086597770453,0.9940947159171104,0.829705222,0.086340792,0.088519132,0.081320019
0.164879,0.019278082,6.04080716558669e-05,-0.045822401,-0.871833332,0.0085,0.0115,0.0145,0.0172,0.0194,0.0217,0.0241,0.0267,0.0298,0.0361,,0.4118413749337196,0.4162097185850144,0.6690266805566847,0.042221091,0.1329844477772712,0.057247468,0.072282431,0.087379949,0.1153424402672797,0.8274219104140997,0.832189668,0.985509958,0.070247272,0.077745626,0.085499057
0.156532,0.018090664,6.353967123204452e-05,-0.016333362,-0.861696233,0.0066,0.0103,0.0132,0.0155,0.018,0.0206,0.0232,0.0257,0.0289,0.0364,,0.4093604415655136,0.4293782487511635,0.6139553864970804,0.036136351,0.1268161663413047,0.055365168,0.070365168,0.085365168,0.1003651679128408,0.8485503248870373,0.9931340519666672,0.8896658562548458,0.082328027,0.08538533,0.083882886
0.170931,0.019458963,6.272103899061142e-05,-0.032384392,-0.737216173,0.0081,0.0119,0.015,0.0175,0.0194,0.0219,0.0242,0.0267,0.0302,0.039,,0.412627752,0.4118522822856903,0.6183496416762471,0.038640961,0.1453358244895935,0.054646786,0.085337513,0.1021142713639885,0.1214658517464995,0.8514899203807116,0.8198678696632385,0.9890277603805064,0.055639177,0.075447198,0.082884462
0.162785,0.019468829,6.677232267311328e-05,0.1869374928713107,-0.441040275,0.0086,0.0115,0.0146,0.0176,0.0194,0.0214,0.0237,0.0266,0.0305,0.0451,,0.3517645680904389,0.4812196612358093,0.7063383937843144,0.03768547,0.1399509018659591,0.05268547,0.067778372,0.082778372,0.097778372,0.8076376592814922,0.9919698809325695,0.8596779803872109,0.059817884,0.068954591,0.069132124
0.16558,0.018412184,6.666456945617691e-05,-0.009994073,-0.797700122,0.0067,0.0105,0.0132,0.016,0.0184,0.0209,0.0233,0.0261,0.0297,0.0367,,0.3881785067543387,0.4423690214753151,0.541515732,0.038604235,0.1303943998739123,0.054181435,0.069417716,0.091080756,0.1100794468186795,0.8364344402402639,0.9790224848151208,0.81493969,0.067609247,0.066662288,0.087567203
0.150471,0.018356246,5.054953689100083e-05,0.00818532,-0.72293136,0.0088,0.0122,0.0139,0.0165,0.0183,0.0203,0.0226,0.0248,0.0279,0.0351,,0.4093105843663215,0.4317548766732216,0.7305628955469466,0.037496744,0.1409655201435089,0.053017618,0.068590586,0.085221951,0.1253872531116008,0.8444987649589777,0.8219848089754582,0.9612076030910016,0.073518045,0.066664022,0.096455154
0.154879,0.021645478,8.75425644003998e-05,0.089252926,-0.661124381,0.009,0.0124,0.0165,0.0192,0.0216,0.0238,0.0269,0.0303,0.0341,0.045,,0.3521451738476753,0.4893809378147125,0.684773942,0.044378319,0.1449433577060699,0.059378319,0.074378319,0.089378319,0.1043783185631036,0.9691219004303218,0.8064908620357514,0.8948825231615455,0.052943507,0.09174477,0.089797328
0.160284,0.022461798,0.0001095,0.4509288217150616,-0.153723833,0.0088,0.0125,0.0161,0.0187,0.0214,0.0241,0.0274,0.031,0.0371,0.0553,,0.3532532161474228,0.478965038,0.6951862112358212,0.037952694,0.1379738444089889,0.052952694,0.074259229,0.089259229,0.1175526206545531,0.9822138116359712,0.8501058473527432,0.9456327106237412,0.053928128,0.05767528,0.065608154
0.137065,0.020763831,7.529732856343062e-05,0.1043369805275481,-0.713585517,0.0095,0.0129,0.0153,0.0179,0.0209,0.0231,0.0256,0.029,0.0323,0.0415,,0.363053426,0.4907684087753295,0.7383599328819662,0.04315354,0.1233720850944519,0.060364939,0.077947999,0.093034447,0.1081686007767915,0.8169381738960744,0.9096088665485382,0.9789054846465588,0.066299812,0.086295025,0.088627461
0.144764,0.019032065,6.370778326961845e-05,0.1049567828522156,-0.673354326,0.0083,0.0115,0.0141,0.0167,0.0187,0.0212,0.0235,0.0263,0.0298,0.0382,,0.3767122592031955,0.4738345339894295,0.7198016896577552,0.040447653,0.1341056385636329,0.055601405,0.074334081,0.089347506,0.1043530685216188,0.9713906891554596,0.8268810844898224,0.8202287065327167,0.080164354,0.087760301,0.077803204
0.129697,0.019249856,6.546703409185551e-05,0.028892526,-0.83987947,0.0081,0.0113,0.0144,0.0167,0.0195,0.0216,0.0241,0.0271,0.0302,0.0375,,0.4001079757511616,0.4605092190206051,0.7285065512004308,0.036057177,0.1337594532966614,0.068071637,0.083071637,0.098071637,0.113071637,0.8106542612165213,0.8265224744856358,0.9876303692877292,0.059315108,0.06993152,0.079939275
0.137564,0.020411766,7.058405931616464e-05,-0.054929136,-0.825449342,0.0091,0.0123,0.0152,0.0184,0.0207,0.0232,0.0258,0.0282,0.0319,0.0398,,0.4130136376619339,0.4408782698214054,0.6874290497682989,0.046287946,0.1468690693378448,0.061482264,0.092415888,0.1138265630573034,0.1290374126017093,0.8491104535132646,0.9861795723676682,0.8472663884043694,0.073370274,0.085466503,0.070188367
0.1476,0.020432824,6.978807582411443e-05,-0.054337536,-0.824158523,0.0092,0.0122,0.0157,0.0178,0.0206,0.0229,0.0254,0.0284,0.0317,0.0379,,0.4082123804092407,0.435698327,0.6630061771765351,0.045730259,0.1458334243297576,0.065813036,0.090872576,0.106096439,0.1211638125941157,0.8189760386168957,0.977930328,0.8134499383926392,0.0687985,0.076627819,0.070065474
0.142073,0.019751916,6.152175025212416e-05,0.016542483,-0.782699976,0.0095,0.012,0.0151,0.0172,0.0201,0.0219,0.0244,0.027,0.0303,0.0372,,0.4167631706595421,0.4369397044181823,0.7314755930948071,0.040106017,0.1426196014881134,0.063502769,0.080399137,0.095795054,0.1236014578402042,0.8531699428528547,0.9901992615282535,0.82329689,0.053996352,0.083834916,0.090101456
0.143521,0.018593376,6.738763986610743e-05,0.008519678,-0.738731223,0.0068,0.011,0.0137,0.0165,0.0185,0.0209,0.0235,0.0262,0.0296,0.0389,,0.3737135361135006,0.4758751839399338,0.5862735878437757,0.038896926,0.1327104070782661,0.054009639,0.072627912,0.089408687,0.1132235771994106,0.8467572770237923,0.9518367620646954,0.8916099899061024,0.069945891,0.071371967,0.075313808
0.135104,0.018483375,4.682423339604094e-05,-0.051612598,-0.726999674,0.0096,0.0121,0.0148,0.0165,0.0185,0.0206,0.0227,0.0248,0.0278,0.0335,,0.3796180520951748,0.4728919684886932,0.7905764731675387,0.038786675,0.1463486576080322,0.054925541,0.07279206,0.088938031,0.1051529992461204,0.8191719266563654,0.8183063307583333,0.9757383494615556,0.058246755,0.062539569,0.093206515
0.14506,0.019715844,6.934336305644217e-05,0.017246273,-0.746672338,0.0079,0.012,0.0144,0.0175,0.0199,0.0221,0.0249,0.0275,0.0306,0.0401,,0.3913758974522352,0.4596548780798912,0.6945661528252065,0.042537828,0.1390888458490371,0.059572032,0.075692882,0.091050133,0.1239823000758886,0.8614086193054915,0.9869138579845428,0.8398182149231435,0.058582908,0.092860412,0.094943153
0.137932,0.018735914,6.969024872018009e-05,0.00017921,-0.778773148,0.0067,0.0109,0.0137,0.0166,0.0187,0.0214,0.0237,0.0263,0.0302,0.0388,,0.3922075101733208,0.4615653775632382,0.5909867863029241,0.041510036,0.1226762819290161,0.062676282,0.077676282,0.092676282,0.1076762819290161,0.9861696347922086,0.8461043194293976,0.8682880651682615,0.051762504,0.096178798,0.095742811
0.152843,0.024539101,0.000114177,0.125770163,-0.636423125,0.0108,0.0146,0.0183,0.0215,0.0244,0.0275,0.0306,0.0339,0.0385,0.051,,0.3570112606883049,0.4841020077466965,0.678461859,0.037594583,0.1322760806977748,0.069971352,0.086302988,0.1013454640302807,0.117251842,0.8455291356891393,0.8391982142210007,0.8928840840615333,0.067093985,0.082973564,0.073361518
0.151969,0.024709316,0.000101583,0.256824974,-0.352247115,0.0111,0.0156,0.0184,0.0214,0.0241,0.0269,0.0299,0.0333,0.0383,0.0551,,0.3585700246691704,0.4832478314638138,0.7772978490784764,0.042557994,0.1217489212751388,0.06015681,0.075873114,0.091090395,0.1066938752174377,0.8817605382606387,0.930687757,0.9115807324387132,0.052858528,0.094474901,0.081303814
0.140988,0.022992733,8.020404119598967e-05,0.1023170045950753,-0.551100666,0.011,0.0143,0.0173,0.0203,0.0229,0.0256,0.0284,0.0314,0.0346,0.0477,,0.4168541169166565,0.4285633578896523,0.7605757351979613,0.037096646,0.1261110851168632,0.066084136,0.081084136,0.096111085,0.1111110851168632,0.9778621374815702,0.9707846071481704,0.9423085462361576,0.077743104,0.096472124,0.087828218
0.146485,0.023890782,8.74035486698939e-05,-0.017709342,-0.813502579,0.0108,0.0152,0.0181,0.021,0.0241,0.0268,0.0294,0.0327,0.0366,0.0433,,0.4059511262178421,0.4350587531924247,0.7289664561389946,0.035745712,0.1475587141513824,0.076742008,0.091742008,0.1067420076400041,0.1217420076400041,0.8689712612971664,0.8834582450032235,0.968121664,0.053149329,0.091225205,0.080793483
0.143922,0.024795366,0.000105595,0.032143979,-0.837400476,0.0107,0.0149,0.0185,0.022,0.0248,0.0278,0.0306,0.0345,0.0392,0.0462,,0.3853062899643555,0.4572734221816063,0.7167599932802841,0.044862723,0.1423822510242462,0.074915691,0.089915691,0.1049570040307939,0.1200359212517738,0.8847607169009746,0.9447785192787648,0.8559121525734663,0.078009911,0.065422073,0.098469901
0.151738,0.02122781,8.403322014689153e-05,-0.002418905,-0.695306901,0.0086,0.0121,0.0162,0.019,0.0213,0.0238,0.0267,0.03,0.0333,0.0449,,0.3886729082465172,0.44870377,0.6325904564470053,0.036622942,0.1421651661396026,0.053877473,0.080814402,0.1050202968470752,0.1212750990137457,0.8248606449574233,0.8247075952529908,0.8142377073645592,0.056685456,0.09596687,0.079523153
0.152552,0.02419297,0.000130734,0.1362328455212156,-0.786962457,0.0097,0.0135,0.0173,0.0206,0.0238,0.0272,0.0307,0.0345,0.0401,0.0509,,0.3697299544513225,0.467492664,0.5503009056687355,0.045540926,0.1269656872749328,0.066464864,0.081464864,0.096587972,0.1119207254391163,0.8748391747668386,0.8548897316038608,0.8532785201072693,0.064279205,0.077228992,0.077909398
0.146307,0.023292442,0.00010748,-0.039773508,-0.889680363,0.0089,0.0131,0.0174,0.0203,0.0232,0.0266,0.0299,0.0331,0.0376,0.0443,,0.4071927663683891,0.4398664131760597,0.5187826675236225,0.036648012,0.1362559521198272,0.076255952,0.091255952,0.1062559521198272,0.1212559521198272,0.8740369041934609,0.9695994703054428,0.9794515126645564,0.079466222,0.079925866,0.07461047
0.1472,0.023049069,0.000111364,0.1657682252375928,-0.544090271,0.0098,0.0137,0.0174,0.0203,0.0231,0.0258,0.029,0.0325,0.0375,0.0518,,0.3915856970846653,0.4447464816272259,0.5157001433104277,0.043668563,0.1415269088745117,0.061873011,0.096526909,0.1115269088745117,0.1265269088745117,0.904056168,0.9481980629116296,0.9519874168515206,0.073545306,0.096117287,0.089824048
0.150425,0.02312292,0.000104811,-0.040276298,-0.83732788,0.009,0.013,0.0176,0.0203,0.023,0.0262,0.0296,0.0328,0.0367,0.045,,0.3879174892231822,0.4539477098733186,0.5641587888121604,0.045691207,0.1367652249336242,0.071239376,0.088201627,0.1033976327367127,0.1192911188244819,0.934194478,0.979436144,0.875644384,0.062245247,0.09270457,0.091388935
0.175071,0.023870864,0.000104903,-0.074698512,-0.740996626,0.01,0.0141,0.0177,0.0212,0.0242,0.0271,0.03,0.0333,0.0377,0.0491,,0.4054449188709259,0.4090587615966797,0.541069657,0.048828884,0.1238288840651512,0.063828884,0.078828884,0.093828884,0.1088288840651512,0.9685384661257268,0.970363588,0.9211590753957628,0.091571599,0.094575144,0.095850694
0.162408,0.026370695,9.461224392463336e-05,0.007929091,-0.690515142,0.0132,0.017,0.0204,0.0234,0.0266,0.0294,0.0321,0.0353,0.0395,0.0478,,0.4047775033116341,0.4180980414152145,0.7666521689102054,0.039084802,0.1354214799404144,0.07542148,0.09042148,0.1054214799404144,0.1204214799404144,0.8143429626941681,0.8951370902363212,0.920707356,0.070437699,0.093371844,0.087263228
0.171087,0.027248147,8.368016935922125e-05,-0.170127076,-0.508702906,0.0144,0.0187,0.0222,0.0252,0.0279,0.0303,0.0327,0.0355,0.0387,0.0476,,0.3772973892092705,0.438669354,0.7673393082037568,0.049078494,0.1412323689460754,0.07589024,0.096232369,0.1112323689460754,0.1262323689460754,0.8112024867892266,0.9707170235276222,0.8427787109553815,0.088836553,0.093694331,0.084478501
0.17304,0.028729454,8.788243900400579e-05,-0.261224221,-0.438257968,0.0163,0.0203,0.0235,0.0265,0.0294,0.0322,0.0346,0.0372,0.0401,0.051,,0.4036380788683891,0.4158834844827652,0.8141434237137437,0.039698985,0.1401214396953582,0.06942173,0.089548061,0.1075404867425561,0.1226225390166044,0.8153881437301636,0.8885344507426024,0.8858380993664265,0.081039889,0.095120111,0.090975801
0.169801,0.026695945,8.952672112692893e-05,-0.099346262,-0.69173263,0.0137,0.0176,0.0211,0.024,0.027,0.0299,0.0325,0.0356,0.0396,0.0481,,0.3516577607393265,0.4702581822872161,0.7853168642118573,0.04206342,0.135633944,0.07324506,0.090221463,0.105633944,0.120633944,0.8219708838194609,0.8393877103567123,0.994477983,0.067337162,0.062918557,0.096620899
0.166101,0.028019221,9.12459567741626e-05,-0.187232139,-0.58616302,0.0151,0.0192,0.0223,0.0252,0.0284,0.031,0.0339,0.0371,0.0408,0.0495,,0.4148525440692902,0.4077278137207031,0.7988317003905773,0.041888066,0.1375281518697738,0.074989032,0.092507862,0.1075195450410246,0.1225204902410507,0.8697722956925631,0.9257913982868194,0.976943958,0.081552792,0.083969895,0.087244933
0.18018,0.024246099,0.000110121,-0.06232201,-0.857277947,0.0096,0.0141,0.0177,0.0216,0.0243,0.0274,0.0305,0.0344,0.0385,0.046,,0.3744567628204822,0.4406948871910572,0.5475516917914152,0.049398591,0.1353728342056274,0.075372834,0.090372834,0.1053728342056274,0.1203728342056274,0.8120995468944312,0.9930045772314072,0.8308650167346001,0.085826849,0.093948559,0.086112658
0.170413,0.027195617,8.987108258785086e-05,-0.033437778,-0.422611336,0.0148,0.0185,0.0216,0.0247,0.0273,0.0298,0.0327,0.0357,0.0396,0.0536,,0.4054538643360138,0.4062132328748703,0.7783135644145309,0.048027596,0.1475181746482849,0.064638772,0.1025181746482849,0.1175181746482849,0.1325181746482849,0.942717192,0.8659182828485966,0.8166766722083092,0.071904273,0.085502951,0.079604751
0.177998,0.028218326,8.500353211666037e-05,-0.248446007,-0.444031645,0.0157,0.0197,0.0228,0.026,0.0287,0.0311,0.0338,0.0369,0.0403,0.0494,,0.4043729317188263,0.4074158042669296,0.8127828420773149,0.04923558,0.1247255873680114,0.064236085,0.079691529,0.094691529,0.1097099795341491,0.9324753922715784,0.9155219182819128,0.874312293,0.087725932,0.091090374,0.080614375
0.177482,0.028828398,0.000100403,-0.032377892,-0.463239299,0.0158,0.0197,0.0231,0.0261,0.0287,0.0315,0.0345,0.0379,0.0423,0.0536,,0.3949772800505161,0.4139572739601135,0.8019372628211975,0.047305741,0.1394861400127411,0.066937774,0.081937774,0.108131332,0.123131332,0.8323297693401576,0.8962999114587903,0.9092741764120758,0.073809191,0.084663801,0.082502046
0.159479,0.025957508,8.209398834244215e-05,-0.086014477,-0.547082895,0.0138,0.0176,0.0213,0.0236,0.0261,0.0284,0.0311,0.0343,0.0382,0.0462,,0.4128228351473808,0.4158937335014343,0.8015678606182337,0.039231191,0.1482656228542327,0.060607641,0.092008622,0.1182656228542327,0.1332656228542327,0.8110862383991481,0.8708349465847015,0.829216477,0.078803208,0.077827589,0.098561973
0.147326,0.027934132,9.342804353626835e-05,-0.225689549,-0.311272609,0.0154,0.0196,0.0226,0.0253,0.0281,0.0307,0.0336,0.0366,0.0402,0.0499,,0.3961733500659465,0.4452888809144497,0.923707081,0.038192245,0.1281903985142707,0.054024516,0.079340906,0.094340906,0.1093409062691033,0.8418465585052968,0.8167554325520993,0.8275284282743931,0.051851438,0.091822787,0.072638103
0.156221,0.027032548,9.013906669860756e-05,-0.121049715,-0.587926917,0.0142,0.0182,0.0214,0.0241,0.0271,0.03,0.0329,0.0357,0.0392,0.0497,,0.4171789366006851,0.4165906518697739,0.8018286253631115,0.047095447,0.1311842103302478,0.064016643,0.08612928,0.1011474851988256,0.1161579255267977,0.939261854,0.9554185510456562,0.951890525,0.087783585,0.096200659,0.092378952
0.148112,0.02650596,9.99458154521281e-05,-0.019265357,-0.69691051,0.0132,0.0173,0.0206,0.0235,0.0267,0.0294,0.0323,0.0358,0.0396,0.0506,,0.3981305095553398,0.4401674635708332,0.7485288063827902,0.048325436,0.1479705655574798,0.076810056,0.1029248596668243,0.1179592046141624,0.1329654756486415,0.8092993029147387,0.9293284927606584,0.8607682381629944,0.056266033,0.098046929,0.095038221
0.159026,0.025503846,7.76686818733759e-05,-0.106712824,-0.329939408,0.0138,0.0176,0.0206,0.0231,0.0255,0.028,0.0306,0.0334,0.0367,0.0492,,0.4146878373622894,0.417578113,0.8608855343878269,0.035559767,0.1409118354320526,0.051874757,0.082103302,0.1109118354320525,0.1259118354320526,0.9264637217283248,0.9651117094933986,0.9400079372704028,0.078687094,0.084446032,0.081779034
0.157162,0.025877853,7.965604382626041e-05,-0.131206484,-0.508934104,0.0133,0.0175,0.0208,0.0239,0.0264,0.0287,0.031,0.0338,0.0375,0.047,,0.3682909101247787,0.4682842969894409,0.8106599688470364,0.035748585,0.1355813175439834,0.065704531,0.090211453,0.1052328343205154,0.1202328343205154,0.8687610395506025,0.9544804189383984,0.8532319677948952,0.081020736,0.072309007,0.098349699
0.145441,0.025885646,0.000143517,0.1166331632308408,-0.722047818,0.0106,0.015,0.0191,0.0226,0.026,0.0293,0.0325,0.0365,0.0428,0.0518,,0.374128568,0.4654619142413139,0.5288656335353852,0.037730153,0.1471728265285491,0.082885728,0.099315766,0.1157296908378601,0.1307602672696113,0.8412200277596712,0.947017925,0.9697190247178078,0.058895007,0.070763448,0.098080434
0.155541,0.026311403,0.000101487,0.029451301,-0.772015963,0.0126,0.0168,0.0203,0.0232,0.0262,0.0292,0.0322,0.0359,0.0401,0.047,,0.4152650201320648,0.4136044710874558,0.7280144648775458,0.043768095,0.141176963,0.074836864,0.091564375,0.111040628,0.1261752466320991,0.9811327665448188,0.9732305744886398,0.9265729744553566,0.069540427,0.09246848,0.078675973
0.155461,0.027063057,8.755999192675373e-05,0.003336397,-0.226797694,0.0155,0.0192,0.0221,0.0246,0.0272,0.0296,0.0319,0.0352,0.0393,0.0515,,0.3874351285398006,0.4517864825204015,0.8614089267700911,0.047668252,0.1275707831978798,0.062668252,0.077668252,0.092668252,0.1076682519912719,0.8160527547150851,0.8313314688801765,0.8116370479643346,0.065513844,0.073639016,0.06532497
0.164558,0.023636331,7.681423729058994e-05,-0.027871165,-0.745077096,0.0116,0.0157,0.0183,0.0209,0.0237,0.0263,0.0288,0.0318,0.0358,0.0434,,0.3646192952990532,0.4620419837534428,0.7494522314775734,0.043187387,0.1286015124619007,0.068601512,0.083601512,0.098601512,0.1136015124619007,0.8219437653511763,0.993147217,0.8218506002902985,0.076758286,0.057918488,0.098287503
0.144882,0.021235205,5.803370935930574e-05,-0.078991904,-0.61851359,0.0111,0.0138,0.0172,0.019,0.0211,0.0236,0.0258,0.0281,0.0313,0.0391,,0.418510152,0.4310104802250862,0.8063817155823111,0.040472952,0.1173347127437591,0.057334713,0.072334713,0.087334713,0.1023347127437591,0.9681314865469932,0.978043374,0.8623325459122658,0.058605533,0.095974667,0.089666942
0.112489,0.024433313,9.199926210192486e-05,0.1896565332090485,-0.419652802,0.012,0.0156,0.0186,0.0212,0.0239,0.0269,0.0297,0.0331,0.0372,0.0486,,0.4041616326570511,0.4676327019929885,0.8524164631873369,0.041096175,0.1331426054239273,0.072981415,0.087981415,0.1029814151480794,0.1179814151480794,0.8972940009525977,0.9919904596984388,0.9771938505589962,0.057491969,0.097117976,0.09494346
0.117776,0.023601339,7.481426793392679e-05,-0.006476905,-0.593570184,0.0116,0.016,0.0185,0.0208,0.0233,0.0262,0.0289,0.0315,0.0351,0.0437,,0.4136047413945198,0.456257039,0.8383675196439028,0.035506364,0.1478435206413269,0.075023679,0.1028435206413269,0.1178435206413269,0.1328435206413269,0.8883426915377378,0.8271366815745831,0.9830391549229622,0.07956541,0.070144024,0.088798245
0.124795,0.021830462,9.18330600447063e-05,0.010938917,-0.647000601,0.0085,0.0125,0.0168,0.0193,0.022,0.0246,0.0276,0.0305,0.0343,0.0443,,0.3656975826621055,0.4986293047666549,0.516039444,0.049606667,0.1389216589927673,0.067684088,0.08925039,0.1089216589927673,0.1239216589927673,0.9941202251791954,0.9958366167485714,0.8222332188546658,0.054126948,0.096985862,0.09787139
0.113213,0.024578618,8.36784706512646e-05,-0.002748489,-0.751565224,0.0121,0.0166,0.0191,0.0215,0.0243,0.0271,0.0303,0.0334,0.0372,0.0445,,0.3958741588890552,0.4792373538017273,0.8496838813215494,0.036476407,0.1428769493103027,0.078036871,0.093980801,0.1089808012932539,0.1239808012932539,0.8087038702368736,0.8825231452271343,0.9341897139906884,0.092046844,0.082825989,0.079540862
0.120755,0.02203249,6.338053960409592e-05,0.035434577,-0.389515331,0.0114,0.0152,0.0178,0.0197,0.0219,0.0242,0.0264,0.0291,0.0327,0.0444,,0.3987308205664158,0.4664020359516144,0.8616671719193458,0.035320251,0.1458046615123748,0.056146088,0.1008046615123748,0.1158046615123748,0.1308046615123748,0.9117483878742904,0.8081055746614934,0.9951001814365388,0.072864133,0.073314937,0.099263627
0.130907,0.025797832,8.030509261072539e-05,-0.156503218,-0.333125441,0.0137,0.0177,0.0213,0.0239,0.0262,0.0285,0.0308,0.0335,0.0374,0.0469,,0.370656549,0.4924876749515533,0.909576867,0.040717379,0.1372445303201675,0.055717379,0.070990525,0.1053506744585931,0.1204413664221763,0.8968743715869263,0.9403735617995262,0.9868298279047012,0.072604787,0.068903693,0.067783131
0.115745,0.024249549,7.85053257042372e-05,0.046295262,-0.255407262,0.0129,0.0165,0.0189,0.0215,0.0239,0.0267,0.0292,0.0316,0.0358,0.0494,,0.383341774,0.4891771823167801,0.905556437,0.043901692,0.1295239024609327,0.058901692,0.073901692,0.089479531,0.1143778953293338,0.9299757599681616,0.9683591828465462,0.9328926414042712,0.074510218,0.08230821,0.077499532
0.116247,0.025165898,7.293336981330868e-05,-0.255544357,-0.443579893,0.0142,0.0174,0.0205,0.0232,0.0254,0.0278,0.0306,0.033,0.036,0.042,,0.4145425903797149,0.4588069304823876,0.9119489860922098,0.036428027,0.1267395302653312,0.06673953,0.08173953,0.09673953,0.1117395302653312,0.876465334,0.960659735,0.9470789911717176,0.070664821,0.091980339,0.072255333
0.115861,0.025967494,8.474497735453053e-05,-0.079383597,-0.413832699,0.0138,0.0175,0.0206,0.0232,0.0261,0.0287,0.0318,0.0346,0.0378,0.0485,,0.3749875169992447,0.4948999464511871,0.8940948634654283,0.048086023,0.1448824739456176,0.063139733,0.07848761,0.1131638870030641,0.1281638870030641,0.8506429746329784,0.8867005930170417,0.9568255406796932,0.054424354,0.058761413,0.06042724
0.135233,0.020922826,8.378243305429486e-05,-0.028516743,-0.684731047,0.0082,0.0119,0.0159,0.0189,0.0212,0.0235,0.0263,0.0295,0.033,0.0449,,0.3814624633640051,0.4720098748803139,0.5228137926846743,0.041134695,0.1424049746990204,0.060766754,0.097404975,0.1124049746990204,0.1274049746990204,0.8541409085288644,0.8474088917136192,0.9545229220688344,0.078064027,0.074543254,0.098605236
0.131283,0.021505496,9.539995408249295e-05,0.026441589,-0.816542988,0.008,0.0118,0.0159,0.0185,0.0212,0.0244,0.0277,0.0306,0.0345,0.0437,,0.3880990443006158,0.4683487445116043,0.5493189602851868,0.039397036,0.1351674115657806,0.075167412,0.090167412,0.1051674115657806,0.1201674115657806,0.83013819,0.9288124039888382,0.8320486709058286,0.089171588,0.087810963,0.080663618
0.124029,0.024331192,0.000106706,0.120494659,-0.786886738,0.0108,0.0144,0.0176,0.0207,0.0239,0.027,0.0304,0.0344,0.0384,0.0488,,0.3974382165074348,0.4692943558096886,0.748896788,0.038184747,0.144726893,0.084726893,0.099726893,0.114726893,0.129726893,0.8361013870835304,0.8795230234593153,0.9566108034014702,0.090848579,0.07906147,0.090420925
0.145534,0.023827283,7.634653296975647e-05,-0.017599007,-0.590444676,0.0117,0.0162,0.0191,0.0213,0.0236,0.0262,0.0289,0.0319,0.0354,0.0451,,0.4070786970853806,0.4367882087826729,0.784953547,0.044709714,0.1390197002887725,0.061826629,0.0940197,0.1090197002887725,0.1240197002887725,0.8288961196780205,0.912676797,0.8107729898869992,0.068215001,0.059966529,0.0940356
0.141711,0.020424482,7.985957692247199e-05,-0.059655737,-0.811457024,0.0077,0.0121,0.015,0.0182,0.0208,0.023,0.026,0.0288,0.0323,0.0402,,0.3882403257489204,0.4610839694738388,0.5305225759059191,0.036893067,0.1289653521031141,0.068965352,0.083965352,0.098965352,0.1139653521031141,0.8713096840769052,0.9632858144283296,0.8214595501482487,0.078665578,0.085634917,0.091458745
0.13883,0.024078839,8.752919926738701e-05,0.1877295447871269,-0.441789494,0.0122,0.0156,0.0184,0.0211,0.0234,0.0262,0.0289,0.0323,0.0366,0.0498,,0.3643356835842132,0.4906861007213592,0.8042904177099466,0.046610329,0.146368009,0.061633874,0.09380326,0.1137220892980694,0.1287430570274591,0.8225780348688364,0.8592994318455458,0.9887180428087712,0.074797179,0.086384849,0.082378385
0.138447,0.023509501,0.000124624,0.2111388080101265,-0.613561214,0.0089,0.0132,0.0166,0.0196,0.0229,0.026,0.0295,0.034,0.0388,0.0534,,0.3625131431221962,0.4927657723426819,0.5869515064895153,0.041744034,0.1386551028490066,0.063113519,0.091127476,0.1065151020601391,0.1235291704535484,0.841791631,0.8182689245641231,0.8888081486560404,0.065615192,0.091831989,0.079448337
0.13402,0.024567311,7.926246654036975e-05,0.044572703,-0.267834166,0.0132,0.0169,0.0194,0.0219,0.0242,0.0268,0.0293,0.0322,0.0362,0.05,,0.3655037802457809,0.4957832932472229,0.8936472867876291,0.036239282,0.1423674547672271,0.051239282,0.066239282,0.1056031026512384,0.1216574733942747,0.9109467621985824,0.9416866103202104,0.8895738026000559,0.066097049,0.076887048,0.064329957
0.134774,0.021446214,9.447089059558223e-05,0.1202192099289194,-0.516332119,0.0085,0.0122,0.0158,0.0184,0.0215,0.0245,0.0271,0.0298,0.034,0.0475,,0.3937242656201124,0.4615107238292694,0.5447618963420391,0.045690641,0.1305520947650075,0.065716975,0.080725412,0.095833771,0.1108552,0.9526263593256472,0.896091883,0.9135850296542048,0.056615658,0.092462349,0.085488537
0.131484,0.024922339,0.000140091,0.1824016278689341,-0.591026942,0.0086,0.0137,0.0175,0.0211,0.0246,0.0282,0.0317,0.0357,0.041,0.0571,,0.3882527410238981,0.4714861363172531,0.5499224034368991,0.036927129,0.1420849847793579,0.073477573,0.094679828,0.1105117466256022,0.1263011241078376,0.8420339213848115,0.8537094774544239,0.8845749763846398,0.083191752,0.071584352,0.068771188
0.112683,0.018152393,5.6110951172113915e-05,0.090852075,-0.689452735,0.0076,0.0111,0.0134,0.0161,0.018,0.0202,0.0228,0.0249,0.0282,0.0386,,0.4138096380233764,0.4667336344718933,0.7822603601843119,0.040283726,0.1407104635238647,0.059079417,0.074164623,0.1024125647570937,0.125596497,0.9747533256053924,0.9042266045130788,0.8112650224626065,0.05188978,0.096585427,0.093111152
0.114209,0.017699844,5.888849051764434e-05,0.025510246,-0.76033094,0.0067,0.0103,0.0126,0.0154,0.0176,0.0202,0.0222,0.0249,0.0279,0.0368,,0.3829069899953902,0.4944819688796997,0.7334417458858341,0.042037049,0.1400646102428436,0.057123631,0.072917909,0.099761398,0.1249923636496067,0.8452083370774984,0.8759436103254556,0.9811830228865148,0.054907893,0.064483637,0.081046864
0.112844,0.020609391,6.235747969610331e-05,-0.066542863,-0.85657939,0.0098,0.013,0.0159,0.0184,0.0205,0.0231,0.0256,0.0283,0.0311,0.0361,,0.4154347002506256,0.4633956030011177,0.8126028317123651,0.048246559,0.1365260797739029,0.063246559,0.078246559,0.093246559,0.1082465586066246,0.8098616953849793,0.928659576,0.8949190019417554,0.089974791,0.091514211,0.08635516
0.114672,0.019707402,6.269681854217033e-05,0.043493362,-0.709188031,0.0092,0.0124,0.0149,0.0176,0.0198,0.0219,0.0244,0.0273,0.0302,0.0404,,0.383746087,0.4959300905466079,0.7733891085840762,0.04887576,0.1454323184490203,0.06387576,0.07887576,0.09387576,0.1088757601380348,0.9796031526774168,0.9755366586208344,0.806071838,0.05284049,0.060065308,0.077588062
0.122304,0.017700606,6.72670959862529e-05,0.1685318899574947,-0.538530781,0.0065,0.0107,0.013,0.015,0.0173,0.0203,0.0223,0.0248,0.0286,0.0415,,0.3863813903555274,0.4873551338911056,0.5282063036084175,0.035870996,0.1320119252800941,0.055485245,0.070518255,0.095451809,0.1170119252800941,0.9806335353225468,0.9587410690128804,0.8069885095894337,0.078646065,0.070924842,0.083284413
0.139389,0.017474283,6.094190137311634e-05,-0.059141266,-0.889927626,0.0067,0.0097,0.0126,0.0154,0.0175,0.0203,0.0223,0.025,0.028,0.034,,0.4142457461357117,0.4360573768615722,0.5395803479433059,0.038301566,0.1367361414432525,0.0556695,0.070687241,0.085739955,0.120338182,0.8536950891315938,0.8482350076913834,0.9659992698788644,0.066270155,0.082094627,0.073808198
0.130512,0.019305988,5.305706600140162e-05,-0.069999232,-0.810223088,0.0093,0.0125,0.0151,0.0172,0.0195,0.0215,0.0236,0.0262,0.0293,0.0344,,0.4088484388589859,0.4544050183147192,0.7699088936761022,0.045931871,0.1457555603981018,0.06132829,0.076359564,0.091654392,0.1121168879024684,0.8477545420140028,0.8418568585813045,0.9844219455718994,0.05321042,0.059403327,0.066050872
0.114266,0.018289114,7.522562045862945e-05,0.2279705056828105,-0.571924148,0.0067,0.0098,0.0133,0.0154,0.0177,0.0203,0.0231,0.026,0.0303,0.0419,,0.3918026376515627,0.4840024709701538,0.5766800130754709,0.040642245,0.1294466415792703,0.058021899,0.07500412,0.093706505,0.1137656551758758,0.8473178882062435,0.9469119466125964,0.9385658486932515,0.068843274,0.078538422,0.0703604
0.126103,0.017601316,6.379704172245085e-05,0.027904324,-0.800767642,0.0062,0.01,0.0128,0.0151,0.0174,0.0202,0.0225,0.0251,0.0283,0.0365,,0.3927617873996496,0.4789801001548767,0.5272440861225128,0.040134194,0.1350344061851501,0.055134194,0.070134194,0.085134194,0.1095338836207985,0.921155861,0.8400313981950284,0.8461617028653622,0.056415416,0.061968878,0.097906917
0.124845,0.018107647,5.55991993271736e-05,-0.061866782,-0.870597406,0.008,0.0106,0.0132,0.0161,0.0181,0.0208,0.0228,0.0253,0.0281,0.0341,,0.4083987832069397,0.4593288294970989,0.7402580880023539,0.038895767,0.1317546339333057,0.060033305,0.075056204,0.092849859,0.1165879367858171,0.855120519,0.8212110152244568,0.9892874422550202,0.052176749,0.092486152,0.085304796
0.117777,0.016093691,4.718990516593998e-05,0.053840694,-0.787092358,0.0072,0.0102,0.0119,0.014,0.016,0.0179,0.0202,0.0225,0.0253,0.0334,,0.3840939335059374,0.4950460076332092,0.747824718,0.038994964,0.1432916700839996,0.054638928,0.069638928,0.084638928,0.099638928,0.9808171330720186,0.8183743609666825,0.8239816577315331,0.052845595,0.06312795,0.068779736
0.117039,0.016191091,5.463074653146174e-05,0.042548168,-0.811532723,0.0054,0.009,0.0119,0.0135,0.0163,0.0181,0.0207,0.0231,0.0261,0.034,,0.4056223511695861,0.4690550401806831,0.5184369602411986,0.038264264,0.134932422,0.053275527,0.070391173,0.08539848,0.115899898,0.8577673155725003,0.8821269757002592,0.9650360514461994,0.061754375,0.062280202,0.067475659
0.120774,0.018455971,6.461568946160237e-05,0.1294126508424141,-0.734327822,0.0072,0.011,0.0134,0.0161,0.0182,0.0203,0.0233,0.0257,0.0297,0.0388,,0.3798740305006504,0.4952232241630554,0.7497945698060096,0.041853122,0.1342229384183883,0.056853904,0.071953212,0.088007838,0.1122717884458601,0.8478592030972243,0.8740465916872024,0.9727195052444936,0.0568839,0.057677632,0.076470846
0.115872,0.018061709,6.938030949049163e-05,0.1161417738691641,-0.664434282,0.0066,0.0108,0.0131,0.0156,0.0178,0.0205,0.0227,0.0257,0.0294,0.041,,0.3756945759057998,0.4983727723360062,0.533755391,0.041828635,0.1356579911708831,0.056845748,0.071868065,0.087871108,0.1151023072291165,0.9646201095879078,0.9921340942442416,0.8233049938499928,0.084005534,0.067564778,0.086599705
0.11918,0.016654491,5.5353458284236586e-05,-0.009590107,-0.810051315,0.0057,0.0094,0.0124,0.0144,0.0169,0.0185,0.0212,0.0235,0.0264,0.0344,,0.3818716904893517,0.4923634111881256,0.5219939859598874,0.041419628,0.1396036487817764,0.056419628,0.071419628,0.086419628,0.1245907933831214,0.9856360586732626,0.8130922216832638,0.830494772,0.054865464,0.059349023,0.083772484
0.131267,0.017848213,6.046494590945064e-05,-0.04634567,-0.913217926,0.0075,0.01,0.0129,0.0158,0.0178,0.0206,0.0228,0.0254,0.0283,0.0341,,0.402249472,0.4589833498001098,0.6892040512762964,0.043259549,0.1214452356100082,0.061236454,0.076254579,0.091320731,0.106355255,0.8177788642853498,0.8075856869161129,0.9917771632909776,0.079228692,0.086983196,0.095384333
0.122477,0.017772203,5.663154041733101e-05,-0.030466084,-0.859275593,0.0077,0.0102,0.013,0.0158,0.0178,0.0204,0.0222,0.025,0.0282,0.0342,,0.3856459313444793,0.4857862263917923,0.7315287759955041,0.043484341,0.1385147958993911,0.058496034,0.073548274,0.08947604,0.1097499701470136,0.8309579632729293,0.8221841121792793,0.9786392289996148,0.081850962,0.081271694,0.073727727
0.130362,0.017794485,6.59697035396877e-05,0.059149043,-0.731333426,0.0063,0.0104,0.0128,0.0156,0.0179,0.0201,0.0227,0.0252,0.0285,0.0389,,0.3924602659791708,0.4731656566262245,0.5274959786742925,0.040418017,0.1280728310346603,0.055420705,0.080728807,0.097526588,0.1126145463880151,0.8430503694742918,0.826364388,0.981180903,0.080801876,0.07937851,0.09136838
0.114854,0.01561905,4.30874592245691e-05,0.04192534,-0.795212341,0.0067,0.0096,0.012,0.0133,0.0157,0.0173,0.0195,0.0218,0.0246,0.0302,,0.3920900852978229,0.4844387769699096,0.759175363,0.037306565,0.1442489600181579,0.054593907,0.070635067,0.086714556,0.1027790273278951,0.994846937,0.8333008019924164,0.8185387408852578,0.056314169,0.061984284,0.07064749
0.115225,0.016525823,5.344395286525604e-05,-0.024433789,-0.863495547,0.0068,0.0101,0.0119,0.0146,0.0164,0.0187,0.0211,0.0233,0.0263,0.0327,,0.4005512571334839,0.473674864,0.6908715813092887,0.044276381,0.139368348,0.059282923,0.074526569,0.089609451,0.1130765393050387,0.8099154497653246,0.9929561194777488,0.8582335129857064,0.060010034,0.06685754,0.086614331
0.195794,0.027659036,0.000135727,0.027183534,-0.715393691,0.0113,0.0167,0.0205,0.0241,0.0275,0.0308,0.0343,0.0384,0.0435,0.0548,,0.3908978053182363,0.4075132817029953,0.5541611271947622,0.049259376,0.1395023894309997,0.070223547,0.092154585,0.1095023894309997,0.1245023894309997,0.8524404101833701,0.9128962469875812,0.9020187466902658,0.088129536,0.092196652,0.097876237
0.188234,0.026587022,0.000135849,0.1640567463487001,-0.382025696,0.0108,0.0164,0.0197,0.0229,0.0263,0.03,0.0336,0.0369,0.0417,0.0622,,0.3896979181468487,0.4081027060747146,0.5378075175762176,0.048435494,0.1421277356147766,0.067978946,0.08976255,0.1121277356147766,0.1271277356147766,0.861429542,0.9080919335775076,0.9026220646660776,0.094428956,0.094623168,0.098098833
0.197846,0.029053227,0.000184874,0.258654129,-0.45155188,0.0116,0.0166,0.0208,0.025,0.0286,0.032,0.036,0.0402,0.0482,0.0658,,0.3528158417344093,0.442225894,0.5088238988131284,0.049615524,0.1462938511371612,0.064615524,0.079615524,0.1162938511371612,0.1312938511371612,0.8281596078157425,0.9057048380460592,0.8999223776133906,0.051066067,0.094956035,0.094427447
0.183818,0.030370081,0.000104807,-0.109378568,-0.466372404,0.0166,0.0212,0.0245,0.0275,0.0301,0.0329,0.0363,0.0397,0.0438,0.0546,,0.3974801056087017,0.4053289860486984,0.774517375,0.044360054,0.1419573521614074,0.070951308,0.096957352,0.1119573521614074,0.1269573521614074,0.8126111815989018,0.8120650399684907,0.8506727130383254,0.066093383,0.063574824,0.097300193
0.185415,0.030144886,0.000120464,0.061710718,-0.480353241,0.0159,0.02,0.0234,0.0269,0.0299,0.033,0.0362,0.0399,0.0451,0.0556,,0.3890031185746193,0.419425219,0.7893580141469836,0.036556427,0.1289612081646919,0.068961208,0.083961208,0.098961208,0.1139612081646919,0.938295545,0.9840675336122512,0.979805978,0.053366428,0.097759884,0.095902183
0.182751,0.024849162,0.000113789,-0.062051076,-0.795646194,0.0101,0.0145,0.0183,0.0219,0.0254,0.0283,0.0311,0.0346,0.039,0.047,,0.3942257837951183,0.4083882361650467,0.5170770889163017,0.046291011,0.1320066158473491,0.072006616,0.087006616,0.1020066158473491,0.1170066158473491,0.8258185548067093,0.8919813590429724,0.901666904,0.052350306,0.095522409,0.091749781
0.185822,0.025537686,0.000129611,0.1213387139060216,-0.474699539,0.0097,0.0145,0.0186,0.0223,0.0257,0.0291,0.0321,0.0357,0.0402,0.0576,,0.3935591917484999,0.4028934419155121,0.5192261699616909,0.042201378,0.1451973807811737,0.063088578,0.1001973807811737,0.1151973807811737,0.1301973807811737,0.834867866,0.901413154,0.922074036,0.055165913,0.058820677,0.098846868
0.186323,0.03233526,0.000122805,-0.040189944,-0.309222874,0.0181,0.0221,0.0259,0.0295,0.033,0.0359,0.0386,0.0419,0.046,0.0617,,0.4004463909566402,0.4022119373083115,0.7970413199678064,0.049099656,0.1418404114246368,0.068409431,0.096817243,0.1118272339448332,0.1268307079911232,0.8458950682014227,0.8608138259649277,0.8750341802969576,0.078327219,0.074085397,0.098198226
0.184465,0.027218611,9.691404594206312e-05,0.09182967,-0.26924835,0.0139,0.0182,0.0215,0.0242,0.0269,0.0296,0.0325,0.0356,0.0399,0.0544,,0.3951008935272693,0.41423859,0.7810880144543946,0.036625269,0.1223649501800537,0.06236495,0.07736495,0.09236495,0.1073649501800537,0.9530142094224692,0.9733357846200468,0.9684931173861028,0.052986145,0.097302618,0.095084954
0.183281,0.03069522,0.000105812,-0.134481249,-0.263858705,0.017,0.0215,0.025,0.0283,0.0311,0.0341,0.0369,0.0401,0.0436,0.0562,,0.3772383549809456,0.4283260136842728,0.8359725970968603,0.048688157,0.1308966600894928,0.063688157,0.080022296,0.1008947263054549,0.1158966600894928,0.8126769581824541,0.8403463080942631,0.828745118,0.075024561,0.080532498,0.079015525
0.126256,0.021449619,8.24938276162058e-05,-0.065443364,-0.955913786,0.0094,0.0125,0.016,0.0186,0.022,0.0244,0.0274,0.0302,0.034,0.0388,,0.3998981057107448,0.4684682279825211,0.7203559156752192,0.041534178,0.1379983186721801,0.071249522,0.08831077,0.1038915536835789,0.1202286725357174,0.861970184,0.8473306673943997,0.9588823454558848,0.071509429,0.07669813,0.079938409
0.131357,0.02111609,8.15212725152188e-05,0.033301838,-0.844440434,0.0089,0.0126,0.0156,0.0185,0.021,0.0235,0.0267,0.0296,0.0336,0.0404,,0.3913285978883505,0.469556913,0.7089261843401938,0.040980578,0.1341475993394851,0.073872781,0.08888299,0.1039548076726496,0.1190992499813437,0.8503946964770556,0.8326547680795193,0.9800141299307348,0.076793539,0.088717919,0.087995308
0.119284,0.020228229,7.455225745475581e-05,0.045946983,-0.803824234,0.0081,0.0125,0.0148,0.0173,0.0205,0.0226,0.0252,0.0285,0.032,0.0414,,0.3718156789243221,0.4985844045877456,0.7476597821049392,0.048017603,0.1459528160095214,0.065819068,0.080823049,0.09643993,0.1228007855296134,0.8216106764495373,0.9791942305743696,0.8620277676016093,0.075546228,0.087309693,0.069430556
0.121018,0.018998215,7.521189785368247e-05,0.1280851531146982,-0.56082928,0.0073,0.0106,0.0137,0.0169,0.019,0.0213,0.0238,0.027,0.0306,0.0443,,0.4136346381902694,0.4561162926256656,0.6115279772490263,0.036476833,0.1249303495883941,0.06493035,0.07993035,0.09493035,0.1099303495883941,0.8611867774859071,0.8764634936049581,0.8245653539419174,0.053152621,0.086090256,0.089727204
0.125569,0.019779605,7.054478021862874e-05,0.010423173,-0.850351097,0.0083,0.0115,0.0149,0.0171,0.0202,0.0223,0.0249,0.0278,0.0312,0.0376,,0.4174637874960899,0.4438178271055221,0.6786160068579018,0.043791652,0.1443813872337341,0.077410221,0.099381387,0.1143813872337341,0.1293813872337341,0.8127942312598229,0.9825747156381608,0.8210134506165981,0.063311807,0.058802471,0.058141523
0.117905,0.019719721,7.016269774655195e-05,0.1660094517447447,-0.486276052,0.0084,0.0116,0.0149,0.0173,0.0195,0.022,0.0248,0.027,0.0305,0.0434,,0.3998866453766823,0.471007752,0.7472171055715531,0.04007118,0.1483133924007415,0.065282094,0.081515663,0.097685952,0.113916978,0.9953396566718816,0.9266880423873664,0.9119283161900936,0.077614602,0.077958864,0.076496078
0.112949,0.020811048,8.354969643919983e-05,-0.030874297,-0.865231974,0.0078,0.0126,0.0151,0.0178,0.0211,0.0235,0.0263,0.0298,0.0332,0.0415,,0.3760302373766899,0.4960080236196518,0.7295117819027044,0.039632331,0.1389268225431442,0.071554836,0.086554836,0.101559572,0.1189791997864842,0.974852524,0.8582459074050188,0.860109295,0.083057845,0.083370527,0.090738965
0.137508,0.021993119,0.000102439,0.045492987,-0.812686701,0.0083,0.0121,0.0156,0.019,0.0222,0.0249,0.0279,0.0315,0.0358,0.046,,0.3883861672878265,0.4660675927996635,0.5216987241983413,0.037157055,0.1295760810375213,0.069426009,0.084510673,0.099523256,0.1145387830143794,0.890666888,0.864041611,0.8176620652139187,0.056854087,0.056288341,0.094453538
0.137657,0.02132785,9.267940004225044e-05,0.018542357,-0.761395387,0.0081,0.0118,0.0158,0.0189,0.0214,0.0239,0.0271,0.0303,0.0341,0.045,,0.4052756226062775,0.4471779212355614,0.5626374489337206,0.03710347,0.1417705464363098,0.07549879,0.091272514,0.1069812204927206,0.1235802689999341,0.83767128,0.8182690317451954,0.945871989,0.071690276,0.073822387,0.081596378
0.122189,0.02085181,8.966692393750137e-05,0.011994469,-0.796912199,0.0077,0.0116,0.0153,0.018,0.0207,0.0239,0.0267,0.0294,0.0335,0.0432,,0.4043100088834763,0.4626128807663918,0.5463333064824343,0.045053133,0.1425152063369751,0.073632785,0.092692577,0.1077576897293329,0.1227589031726121,0.964858194,0.9875491321086884,0.8224615085840226,0.053665184,0.061265832,0.056827611
0.206731,0.027040618,9.741247082808524e-05,-0.111991565,-0.704536773,0.0133,0.0176,0.0213,0.0244,0.0274,0.0301,0.033,0.0363,0.0401,0.0492,,0.3725447364151478,0.4137230902910233,0.6542615185037255,0.048376686,0.144916182,0.063376686,0.099916182,0.114916182,0.129916182,0.8466866867929698,0.9796402288794518,0.8104033223688603,0.08278767,0.094229909,0.090354779
0.19247,0.025432533,0.000129183,0.091322014,-0.636122214,0.0097,0.0148,0.0185,0.0218,0.0249,0.0285,0.0319,0.0357,0.0409,0.0553,,0.3520647773146629,0.4485484107397496,0.5263102542936802,0.04656983,0.1451477706432342,0.064025403,0.081958791,0.096958791,0.1119587914979085,0.9876958469361068,0.9880544075012208,0.8316220009207727,0.052544722,0.08907739,0.089219744
0.188952,0.023188084,0.000103637,0.069412917,-0.482040158,0.0098,0.0138,0.0172,0.0202,0.0233,0.0263,0.0291,0.0323,0.036,0.0535,,0.3526556640863418,0.4503914626780897,0.523752382,0.041271481,0.1375513118505477,0.059066661,0.089134015,0.1041408569552004,0.1191408569552004,0.8148641591608524,0.8181736703634263,0.9463732008337976,0.053975481,0.089964826,0.074666222
0.211714,0.025212009,9.206238427597432e-05,0.037094561,-0.667505368,0.0122,0.016,0.0193,0.0224,0.0251,0.0283,0.031,0.0337,0.038,0.0478,,0.3524036931991577,0.4282426431775093,0.6990769007708877,0.03654219,0.1446272158622741,0.05154219,0.079633604,0.11219476,0.1284100587546825,0.82877028,0.8183360318243503,0.9564414334893226,0.057427481,0.086377314,0.085995886
0.213759,0.025562566,0.000101543,0.033091023,-0.672812548,0.0123,0.0164,0.0197,0.0226,0.0255,0.0285,0.0315,0.0347,0.0387,0.0509,,0.3680297653377056,0.4129575163125992,0.6147880927473306,0.048090101,0.1235027861595153,0.063114521,0.078114521,0.093114521,0.1081145214855671,0.8810828923001885,0.9763985790312292,0.8367862827062608,0.081822716,0.086771149,0.094183359
0.210881,0.025273557,0.000100014,0.031739371,-0.711141187,0.0119,0.0158,0.0191,0.0223,0.0252,0.028,0.0312,0.0346,0.0387,0.0492,,0.3690687869489193,0.4136705070734024,0.6198237391367555,0.042322444,0.1334733256697654,0.057380265,0.088473326,0.1034733256697654,0.1184733256697654,0.8881879965230822,0.8211702923715115,0.961109777,0.060118455,0.087907927,0.09481627
0.205855,0.023362462,8.537097222105863e-05,-0.004612968,-0.699265215,0.0106,0.0143,0.0176,0.0213,0.0237,0.0261,0.029,0.0315,0.0357,0.0465,,0.3706907407939434,0.4142997443675995,0.5926276059418917,0.041704822,0.1350176310539245,0.056708672,0.090017631,0.1050176310539245,0.1200176310539245,0.8763274183742702,0.8164904868960381,0.9913126643419266,0.068054467,0.064012118,0.094553369
0.211183,0.02452187,8.766761932491382e-05,-0.077423283,-0.72534368,0.0112,0.0161,0.0194,0.022,0.0246,0.0273,0.0301,0.0334,0.0365,0.0451,,0.3705918890237808,0.4118998348712921,0.6131032203912735,0.046420129,0.1214201289415359,0.061420129,0.076420129,0.091420129,0.1064201289415359,0.9400000761523843,0.8338895595312119,0.8352886177659036,0.063360157,0.082559702,0.077965106
0.211742,0.026480332,0.000111893,0.178703634,-0.444798876,0.0121,0.0165,0.02,0.0234,0.0267,0.0294,0.0323,0.0361,0.0401,0.0579,,0.3527459511160851,0.4281585335731506,0.6836589674457908,0.037194608,0.136284533,0.052194608,0.090277403,0.1052774030074477,0.1202774030074477,0.988530824,0.9799687388658525,0.8158210754811764,0.055372583,0.088277782,0.079943409
0.207696,0.023578123,9.501091827615868e-05,0.080741392,-0.58896412,0.0105,0.0143,0.0174,0.0206,0.0236,0.0265,0.0296,0.0323,0.0363,0.048,,0.355887745,0.4306446731090546,0.585610706,0.041251161,0.1218508416414261,0.058858451,0.076812861,0.091812861,0.1068508416414261,0.8497852517962456,0.8404279741168023,0.9742125673532488,0.061178441,0.08180426,0.082220175
0.143209,0.021096386,6.98457268339577e-05,0.1018518277724461,-0.67055323,0.0096,0.0135,0.0159,0.0182,0.021,0.0233,0.0258,0.0288,0.0325,0.0419,,0.3633755961060524,0.4880576431751251,0.7767869307048618,0.041182213,0.1178004097938537,0.057501694,0.072767483,0.087790189,0.1027901887983083,0.8456761664003134,0.8058866942405701,0.9117294387333096,0.081710104,0.081231112,0.080281119
0.144098,0.020637669,8.396471093200363e-05,0.016737342,-0.738290307,0.0078,0.0126,0.0152,0.0178,0.0209,0.0234,0.0259,0.0292,0.033,0.042,,0.4165430533885956,0.426240163,0.5362563580155373,0.04560737,0.131609321,0.061317939,0.076398646,0.1013011713318526,0.1164351845100521,0.8333544983327389,0.8375604278922081,0.8535249502331019,0.082230683,0.090002099,0.087758882
0.14814,0.021093535,7.625406256868731e-05,0.1818842396884298,-0.573453443,0.0096,0.0127,0.0156,0.0186,0.0211,0.0233,0.0258,0.0287,0.0328,0.0457,,0.3726224960386753,0.4703574478626251,0.7397176548443735,0.037554028,0.1384067773818969,0.056669319,0.093406777,0.1084067773818969,0.1234067773818969,0.833565042,0.9896516853392124,0.8174566705524922,0.056396811,0.068437703,0.09784885
0.138239,0.021789659,9.97223695918294e-05,0.081497976,-0.742535538,0.0083,0.012,0.0161,0.019,0.0215,0.0241,0.0276,0.0312,0.0352,0.045,,0.3937585897743702,0.4569529667496681,0.5187541210412979,0.038926119,0.1405276823043823,0.071814061,0.086814061,0.101814061,0.116814061,0.9602977641284466,0.8223236262083053,0.968925873,0.063299295,0.054010229,0.097653738
0.141107,0.022273317,0.000102898,0.064973027,-0.78134521,0.0087,0.0124,0.0162,0.0191,0.0226,0.0253,0.0282,0.0316,0.0362,0.0468,,0.3812677565962076,0.4731851786375046,0.5714407150089741,0.046376016,0.1420949113368988,0.06877755,0.084232763,0.099275676,0.1143062012698501,0.8178160687744618,0.9780519542515278,0.9647667887747288,0.082862275,0.074692387,0.08951506
0.13323,0.021441635,7.849253908860449e-05,0.0604489,-0.768805269,0.0102,0.0132,0.0162,0.0189,0.0213,0.0234,0.0268,0.0299,0.0334,0.041,,0.3718517465889454,0.4859515368938446,0.7325613968297839,0.036652134,0.1421055507659912,0.07392163,0.091151443,0.1070233386442065,0.1228299452543258,0.8176156173020601,0.8201006252706051,0.9871749390482902,0.082380119,0.068500197,0.079358071
0.145657,0.02200959,9.913451112644206e-05,0.1066755403081282,-0.609353669,0.0091,0.0129,0.0162,0.019,0.0218,0.0244,0.0276,0.0309,0.0352,0.05,,0.3693067690730095,0.4786600917577743,0.5113323974937201,0.041712252,0.134491144,0.060405289,0.076597794,0.096200008,0.1194202807337045,0.9323260589927436,0.841084369,0.9626530708491804,0.087214559,0.086488539,0.088295979
0.138892,0.021832478,8.109017886479228e-05,0.007237643,-0.819158116,0.0093,0.0132,0.0164,0.0191,0.0219,0.0246,0.0271,0.0301,0.0342,0.043,,0.3942372201383114,0.4541387967765331,0.7047464834500105,0.039022455,0.1366266864538192,0.075608771,0.091414071,0.1065311890214681,0.1215398121327161,0.8277830054491758,0.9466152842909098,0.8131824501633644,0.086010669,0.09295762,0.081562894
0.140146,0.022846157,0.000112631,0.084350231,-0.742830953,0.0092,0.0131,0.0166,0.0197,0.0229,0.0261,0.0292,0.0327,0.0372,0.0512,,0.367174469,0.4820660531520843,0.5194955254554748,0.046036363,0.1283606095612049,0.064583346,0.08217865,0.098134745,0.1133298822535201,0.925135009,0.8394967849612236,0.9355675236970188,0.083511458,0.070744638,0.096799621
0.144875,0.022015818,7.234305782155903e-05,0.1684225759971074,-0.3849229,0.0105,0.0141,0.0176,0.0197,0.0217,0.024,0.0268,0.0295,0.0332,0.0449,,0.3668978834152221,0.4853124529123306,0.7830668117120861,0.039038748,0.1434438967704773,0.058506101,0.082862481,0.098844843,0.1145557397417724,0.8627789628103376,0.8106877155542374,0.9612737635850906,0.05995048,0.072992756,0.072585159
0.105783,0.018051376,6.49878580107194e-05,-0.01262058,-0.826442435,0.0065,0.0103,0.0133,0.0155,0.018,0.0205,0.0229,0.0256,0.0291,0.0366,,0.4118580245971679,0.4762410670518875,0.5392521840155124,0.045299469,0.1245425850152969,0.061603656,0.078221794,0.093306966,0.1083250292673707,0.8431030336350203,0.8239848673284054,0.8641786327004433,0.073653963,0.07711729,0.063487898
0.128166,0.019184831,8.022895985662335e-05,0.161143666,-0.677393113,0.007,0.0106,0.0139,0.0163,0.0184,0.0217,0.024,0.0272,0.032,0.0422,,0.3736627964675426,0.4852152645587921,0.5567154208660126,0.038772979,0.1480472493171692,0.053961152,0.098404158,0.1148951575160026,0.1313158766269683,0.8110295112341642,0.8263896235466004,0.9689125824213028,0.068053453,0.076770069,0.060730669
0.124395,0.021037291,7.597231755369606e-05,-0.005166947,-0.879123311,0.0099,0.0126,0.0159,0.0183,0.0209,0.0236,0.0262,0.0298,0.0327,0.0389,,0.4174474361538887,0.4488044820725917,0.7297016415579244,0.037760603,0.1458440256118774,0.077246643,0.093458364,0.1084583640679717,0.1234583640679717,0.8764771716557443,0.9911018809735777,0.8247373914718629,0.062598778,0.059452854,0.097381924
0.104712,0.019276429,7.463025238021952e-05,-0.043611627,-0.820171116,0.0067,0.0111,0.014,0.0172,0.0193,0.0221,0.0246,0.0274,0.0306,0.0389,,0.4114655089378357,0.4765696614980698,0.5268267579942941,0.042050434,0.1412915527820587,0.071728248,0.087805065,0.1028276626728475,0.1178521409794688,0.9717799809634684,0.903957273,0.8152093931019306,0.067666863,0.085440124,0.063778248
0.125913,0.018209091,6.883729777050727e-05,0.1481379532925851,-0.456341279,0.007,0.0102,0.013,0.0161,0.0183,0.0204,0.0228,0.0256,0.0294,0.0442,,0.4159860667586327,0.4522274238988757,0.5810260206788778,0.036313759,0.1351840537786484,0.058667412,0.08779363,0.102814968,0.1178487576678395,0.8988186487914529,0.9809968078017236,0.8709271102786065,0.07440129,0.079409062,0.064898519
0.099731,0.020534919,9.140161537158308e-05,0.2279616415429803,-0.587101182,0.0078,0.0114,0.015,0.0174,0.02,0.0229,0.026,0.0286,0.0338,0.0434,,0.3970288436114788,0.4961750894784927,0.7679525784485042,0.035808859,0.139424181,0.068439478,0.083998866,0.098998866,0.1139988664111122,0.9853111076951028,0.8944035857759416,0.9670545568525792,0.05336383,0.055565519,0.09802677
0.121699,0.020714053,7.233481241776807e-05,0.069104116,-0.707326877,0.0096,0.0129,0.0153,0.018,0.021,0.023,0.0257,0.0285,0.0321,0.0412,,0.3954978443682194,0.4782511353492736,0.7452497721388935,0.038049953,0.1466085004806518,0.071197949,0.097571949,0.1138659954369068,0.1302276759982109,0.8627355506226421,0.987557123,0.8253711531519891,0.058912823,0.080515455,0.063934412
0.116937,0.019644922,7.452516018222897e-05,-0.051471759,-0.780466115,0.0072,0.0115,0.0142,0.0177,0.0198,0.0224,0.0249,0.0277,0.031,0.0394,,0.3833664629980922,0.4935396730899811,0.5240451378285884,0.042659563,0.1222080987691879,0.057659563,0.072659563,0.087659563,0.1045652460962534,0.9078804815471172,0.9399179618567228,0.930898091,0.084294004,0.079400883,0.065701229
0.121967,0.019865768,6.591900228792428e-05,0.042008472,-0.772040382,0.0089,0.0122,0.0147,0.0175,0.0199,0.0222,0.0248,0.0275,0.0305,0.0401,,0.4190875041484833,0.4473643351346254,0.7511569288965314,0.041312705,0.1451713705062866,0.064106796,0.1001713705062866,0.1151713705062866,0.1301713705062866,0.8165112307876349,0.8269740997970104,0.9636188616275788,0.078159833,0.081884933,0.063315466
0.09716,0.020538526,8.510526295980381e-05,0.1048364458111853,-0.789208379,0.008,0.0115,0.015,0.0176,0.0201,0.0228,0.0259,0.0293,0.0333,0.0431,,0.3975152793526649,0.4902201890945434,0.7530532613307237,0.042024578,0.1408097338676452,0.078682252,0.093682252,0.1086822519272566,0.1236822519272566,0.963283774,0.9889586822986602,0.8298812671720982,0.081666747,0.083709638,0.067405306
0.122195,0.018109429,6.859004664513919e-05,0.1197608727917906,-0.64513254,0.0065,0.0108,0.0129,0.0155,0.0182,0.0202,0.0228,0.0257,0.0291,0.0394,,0.3753952960669994,0.4957161217927933,0.6541555078580975,0.036733682,0.1359515190124511,0.05821481,0.07321481,0.094149017,0.114976687,0.8980434437206015,0.8297184711515904,0.9857534798502924,0.083153282,0.089593801,0.08531103
0.146991,0.01912716,7.144859258494671e-05,-0.039696997,-0.800321871,0.007,0.0113,0.0136,0.0175,0.0194,0.0218,0.0243,0.027,0.0304,0.0398,,0.4057229751348495,0.4430842466652393,0.5167637879222631,0.042207124,0.1196137166023254,0.057207124,0.07450997,0.089518827,0.1045702525019645,0.9344502774477004,0.9566642332851888,0.8115308910667897,0.060348601,0.064974083,0.09814322
0.123347,0.020373562,8.226573625394949e-05,0.1378954987872985,-0.600883717,0.0079,0.0125,0.0148,0.0174,0.0201,0.0232,0.0254,0.0284,0.0322,0.0422,,0.3738386255502701,0.4922976225614547,0.7233474103872897,0.045393695,0.139092321,0.060393695,0.075393695,0.090393695,0.1073006008446216,0.9587630744844676,0.971779081,0.8587310892045499,0.085466267,0.083799,0.088836916
0.136607,0.017773292,6.588746802544539e-05,0.095208377,-0.697022132,0.0064,0.0107,0.0127,0.0151,0.0181,0.0201,0.0226,0.0254,0.0284,0.0398,,0.392455176,0.4612696766853332,0.5202446628838777,0.036630572,0.1357638972997665,0.051630572,0.068028329,0.083053499,0.1206697045102715,0.9045357659544796,0.9172318821310996,0.8266073022305966,0.06775518,0.076851941,0.068462623
0.129925,0.017894178,5.9570324140385594e-05,0.044268797,-0.743953458,0.0069,0.0105,0.0129,0.0156,0.0177,0.0204,0.0224,0.0252,0.028,0.0372,,0.3763645668327808,0.4885692000389099,0.7234294731476577,0.041169598,0.1161695984005928,0.056169598,0.071169598,0.086169598,0.1011695984005928,0.8262602724760771,0.8113911092042924,0.9515497846245766,0.075141768,0.067232243,0.097800785
0.149888,0.021451616,9.01542086616415e-05,0.2802068909560125,-0.494986856,0.0091,0.0125,0.0156,0.0184,0.0214,0.0236,0.0264,0.0296,0.0345,0.0462,,0.3663244619965553,0.4771727412939072,0.708207808,0.041350715,0.1415970087051391,0.056350715,0.096597009,0.1115970087051391,0.1265970087051391,0.8347549718141556,0.9926187253713608,0.8091633921802044,0.056321874,0.078894119,0.057554775
0.130286,0.021695596,9.139028946011372e-05,-0.040395245,-0.875039543,0.0083,0.0124,0.016,0.0187,0.0218,0.0249,0.0277,0.0309,0.0345,0.0431,,0.3819604058563709,0.4828397661447525,0.6891393559679388,0.046509292,0.1445361959934234,0.067967503,0.084425797,0.106003439,0.1210042857661843,0.892692199,0.9865359375238418,0.8135185938239098,0.069099736,0.097464432,0.083438439
0.122814,0.019170641,6.783628871902619e-05,0.077890139,-0.637270127,0.0076,0.0117,0.0139,0.0169,0.0193,0.0214,0.024,0.0267,0.0299,0.0401,,0.3725356115400791,0.4961199223995208,0.7296199842112139,0.044129731,0.1405729210376739,0.059129731,0.07451805,0.089537124,0.1163351743966341,0.9701141968786716,0.842580111,0.8793825178861618,0.070911978,0.086929373,0.081034735
0.128925,0.017468905,5.1982310374301473e-05,-0.000681072,-0.785567205,0.008,0.0102,0.0132,0.0153,0.0177,0.0194,0.0218,0.0239,0.0273,0.035,,0.3919397355616092,0.4708942711353302,0.719889254,0.041203927,0.1300446255551651,0.056205286,0.080531831,0.095531831,0.1105758575506508,0.8945125727560371,0.9933416021585464,0.8258970847189426,0.065928441,0.06618666,0.097152033
0.124679,0.020717497,9.152629650251392e-05,0.1798816850072114,-0.45175678,0.0082,0.0117,0.0147,0.0176,0.0204,0.0231,0.0261,0.0296,0.0335,0.048,,0.3765518124401569,0.48676995,0.5236193529725075,0.043961722,0.1451889944076538,0.066621912,0.094632154,0.1099840402036905,0.1258054498314857,0.9784097256034612,0.931932424,0.8058061356365681,0.05438825,0.076492276,0.057768709
0.138137,0.0188874,6.216985668445625e-05,0.102918555,-0.516377361,0.0079,0.0113,0.0143,0.0167,0.0187,0.0211,0.0235,0.0259,0.0292,0.0426,,0.3754333330690861,0.4777992218732834,0.7248704309013978,0.040838282,0.1408870482444763,0.055922264,0.07184751,0.086929451,0.1028759447008371,0.8863344950884581,0.8282198653995991,0.9830770374774932,0.085626286,0.077666417,0.081231307
0.126702,0.018496942,6.757768235313554e-05,0.014544719,-0.866870788,0.0069,0.0106,0.013,0.016,0.0182,0.0211,0.0234,0.0265,0.0299,0.0375,,0.414938659,0.4448135491460562,0.6575716774597764,0.036797982,0.1478165137767791,0.072211977,0.090292103,0.1052921031221747,0.1202921031221747,0.8139758863449097,0.9781849004626274,0.8086160779893399,0.070274314,0.061891597,0.096729393
0.15661,0.018919975,6.926041466500218e-05,0.009207071,-0.714415056,0.0072,0.0116,0.0139,0.0166,0.0192,0.0214,0.0235,0.0269,0.0299,0.0409,,0.3932595468312502,0.4444264780730009,0.5117582091540098,0.037358816,0.1369115233421325,0.052358816,0.091911523,0.1069115233421325,0.1219115233421325,0.8153907054483891,0.9566365091145038,0.808100102,0.053118985,0.065341712,0.097842168
0.141837,0.020746127,8.075608856465794e-05,0.1195188560889153,-0.610775713,0.0087,0.012,0.0153,0.0178,0.0208,0.0235,0.0261,0.0288,0.0325,0.0467,,0.3704188407957554,0.4803680151700973,0.7106255879279226,0.042733978,0.1300738778617233,0.057736051,0.072743738,0.087797893,0.1149415633138269,0.8109149309396744,0.9747000448524952,0.9747019978106022,0.063159198,0.080080665,0.084895817
0.134828,0.019895355,7.537349060067982e-05,-0.036037362,-0.722683554,0.0073,0.0118,0.0151,0.018,0.02,0.0224,0.025,0.0277,0.0317,0.0394,,0.3761674880981445,0.4800753861665726,0.5354628462195397,0.038019396,0.1330762264132499,0.069725332,0.085205263,0.1002420404478907,0.1152745158787816,0.8381111980110407,0.9816967716574668,0.8201572584390641,0.070619971,0.080779516,0.063917461
0.138025,0.017462571,5.006995304391135e-05,-0.041144073,-0.883321954,0.0078,0.0108,0.0127,0.0152,0.0176,0.0196,0.0221,0.0244,0.0269,0.0326,,0.4101780942082405,0.4444439437240362,0.7164624523233623,0.039715761,0.1360883915424346,0.054715761,0.069715761,0.084715761,0.1159626458540558,0.8526379752546549,0.832112587,0.9823336355149748,0.088260953,0.08968532,0.089416255
0.138161,0.020765341,8.92548644037002e-05,0.1401742889346067,-0.689089917,0.008,0.0114,0.0152,0.0181,0.0205,0.0232,0.0263,0.0294,0.0335,0.0445,,0.3625581228733063,0.4946401387453079,0.6918828538477421,0.045186761,0.1225526279211044,0.060242405,0.077552628,0.092552628,0.1075526279211044,0.8166824369698763,0.8143484791219234,0.9298866172343492,0.054267649,0.097205428,0.091224801
0.137611,0.018011052,5.385031279058077e-05,0.008839725,-0.727012287,0.0077,0.0109,0.0134,0.016,0.0178,0.0205,0.0224,0.0249,0.0277,0.0374,,0.400882244,0.4516936192288995,0.7135149752525612,0.036853262,0.137202228,0.051909145,0.085596066,0.1005960662722587,0.1155960662722587,0.8783702203601599,0.9869004782140256,0.8171238911867142,0.055884475,0.06439671,0.093160069
0.137811,0.018041721,6.664718624771621e-05,0.1341522795166035,-0.388976314,0.0069,0.0101,0.0129,0.016,0.0181,0.0203,0.0226,0.0251,0.0286,0.0437,,0.3895694950222969,0.4652546539902687,0.6185068014532328,0.037978738,0.1245864444971084,0.054111089,0.069111089,0.084111089,0.1031193864256143,0.8899186181429773,0.8894615015178919,0.9849350511372088,0.079321659,0.090789279,0.093747532
0.13702,0.018687181,6.717765682313688e-05,9.075095978063491e-06,-0.80745374,0.007,0.0111,0.0134,0.0167,0.0188,0.021,0.0238,0.0266,0.0296,0.0395,,0.3629282873868942,0.4896211951971054,0.6790550497457385,0.042740614,0.1424208736419678,0.058495056,0.073520288,0.088520288,0.1035202875688672,0.9867336596131324,0.8245261912882328,0.8224433413922787,0.066027207,0.084791183,0.074578371
0.12876,0.020308134,6.71801267470295e-05,0.1203992821076805,-0.648536147,0.0091,0.013,0.0152,0.0175,0.0202,0.0227,0.0249,0.0277,0.0316,0.0419,,0.3753069408237934,0.4917552888393402,0.7937683652535081,0.036721891,0.1379415589570999,0.055617962,0.084282525,0.099463742,0.1146814977008849,0.8588313133224845,0.9856644899070264,0.8398699714720249,0.059099631,0.057096738,0.096363935
0.127229,0.021441564,8.363013127221728e-05,0.02782162,-0.811368959,0.0088,0.0127,0.0159,0.0184,0.0213,0.0241,0.0269,0.0299,0.0339,0.0428,,0.3849443536467152,0.4819833815097809,0.7223473944647704,0.044286493,0.1338422480225563,0.071542584,0.086588996,0.1015926677316427,0.1166122155681252,0.9051251767328008,0.8125432640492917,0.9635503252863884,0.075651189,0.079530911,0.084279782
0.129327,0.019023132,7.800293248300203e-05,0.2127094027327344,-0.433358857,0.0073,0.0105,0.0135,0.0169,0.019,0.0212,0.0235,0.0267,0.0309,0.0448,,0.3707728771865368,0.4931674301624298,0.5627783586591482,0.038205934,0.1183350944519043,0.053218875,0.069596435,0.084596435,0.1007609318464994,0.8690998148709536,0.8815467509657144,0.9118866034008564,0.062441271,0.059789788,0.092943273
0.125365,0.020445182,7.587310734613783e-05,0.054109741,-0.774041112,0.0084,0.0121,0.0152,0.0176,0.0201,0.0229,0.0258,0.0284,0.0319,0.0428,,0.3842888791393489,0.4809498876333237,0.7333061283163727,0.044607343,0.1373073160648346,0.061166455,0.091465216,0.1065659317880869,0.1217316030859947,0.860392803,0.8451089407205582,0.9735429119229316,0.059271474,0.069006931,0.096897474
0.132984,0.020735252,8.261352719586852e-05,-0.043307425,-0.79367515,0.0079,0.0125,0.0154,0.0179,0.0211,0.0233,0.0264,0.0294,0.0326,0.0411,,0.415695706,0.4420507304370403,0.5215410886466503,0.039284016,0.1317732629179954,0.071672405,0.086688938,0.1016889376495033,0.1167027991428971,0.8361259080886841,0.9057855982396752,0.8561376347541809,0.06897315,0.080327186,0.087193069
0.138909,0.021979795,9.523709187545646e-05,-0.057485684,-0.837777032,0.0083,0.0127,0.0163,0.0191,0.0221,0.0253,0.028,0.0309,0.0352,0.0434,,0.3735006807744503,0.4775548279285431,0.5194545284181833,0.042105221,0.1421355211734771,0.073588402,0.091403147,0.1064282656729221,0.1270928069025278,0.8397505308657884,0.9760222484230996,0.820444926,0.057291921,0.056045226,0.092019204
0.121909,0.020171988,8.368050444761493e-05,0.060940993,-0.753981357,0.0075,0.012,0.0146,0.0173,0.02,0.0229,0.0255,0.0286,0.0327,0.0421,,0.3831723704747856,0.4816445857286453,0.6235929938793182,0.039793021,0.1359581160545349,0.069710472,0.085007702,0.1001515352239832,0.1199661790445447,0.8502150574758649,0.8423195354521275,0.948902698,0.072075366,0.079419339,0.078970536
0.12971,0.019570516,7.65292113896475e-05,0.075633856,-0.614301609,0.0077,0.011,0.0144,0.0176,0.0197,0.0218,0.0243,0.0276,0.0316,0.0448,,0.3842135354224592,0.478496704,0.5272651274263859,0.037295378,0.1334515863656997,0.060890158,0.075937698,0.090987063,0.1184353816479444,0.8864087968319655,0.9318500823020937,0.9588704602658747,0.065509073,0.066218404,0.071820011
0.136248,0.019969206,5.9537807113285754e-05,-0.043540029,-0.702123991,0.0102,0.0125,0.0153,0.0183,0.0202,0.0224,0.025,0.027,0.0299,0.0398,,0.414607764,0.4442782655358314,0.75185184,0.036722418,0.144660428,0.059692254,0.074692254,0.089692254,0.1120215998034924,0.8537226097300649,0.8106826125442982,0.8727547500133515,0.056673868,0.08665475,0.083544945
0.122946,0.020366556,8.002352698894584e-05,-0.077484067,-0.819169887,0.0076,0.0122,0.015,0.0177,0.0209,0.0232,0.0261,0.0289,0.032,0.041,,0.3871662889420986,0.4797734558582306,0.5553802362173795,0.04335542,0.1309476174414157,0.067347965,0.082744163,0.100188316,0.1153099858481437,0.8696390565574169,0.875312327,0.9392879752129316,0.062742553,0.088997197,0.086764057
0.134713,0.018718563,6.945631981364224e-05,-0.00980029,-0.721231214,0.0069,0.0114,0.0137,0.0162,0.0192,0.0215,0.0235,0.0263,0.0297,0.0414,,0.4119351479411125,0.4414331376552582,0.5265920871466399,0.036506792,0.1334173017740249,0.056160672,0.088417302,0.1034173017740249,0.1184173017740249,0.8096195832252503,0.9891714843630792,0.979240682,0.054442699,0.097198142,0.073975008
0.146571,0.01770789,5.098880674688822e-05,0.033927479,-0.745047948,0.0083,0.0105,0.0134,0.0155,0.0179,0.0197,0.0221,0.0241,0.0273,0.0351,,0.395342184,0.450213471,0.7207791893119924,0.035824026,0.1374940937757492,0.054305333,0.073198786,0.088893955,0.1038939553543925,0.8235081113517284,0.9905420861423015,0.825643768,0.079432308,0.079221308,0.095080451
0.141567,0.019933035,6.316478815987387e-05,-0.004169763,-0.777056321,0.0099,0.0122,0.0148,0.0179,0.0199,0.0223,0.0249,0.0275,0.0307,0.0394,,0.3592204713821411,0.4919112354516983,0.7527314500004053,0.042387781,0.1173877812223509,0.057387781,0.072387781,0.087387781,0.1023877812223509,0.9940110125780106,0.8869322306662798,0.8208880547165871,0.069386672,0.052980726,0.098511793
0.146652,0.018439831,6.898775592855209e-05,0.1448644955918849,-0.536528788,0.0069,0.0112,0.0134,0.0161,0.0185,0.0206,0.0228,0.0257,0.0294,0.0402,,0.3690568812191486,0.4776241332292557,0.5128500919997692,0.035372759,0.1399972224235534,0.050372759,0.094997222,0.1099972224235534,0.1249972224235534,0.9912997257530688,0.8257763394057751,0.8301584374248981,0.060971295,0.065498173,0.06640194
0.143299,0.022294506,9.557848797897128e-05,0.1473416593583543,-0.667895835,0.0094,0.0129,0.0163,0.019,0.022,0.025,0.028,0.0312,0.0354,0.047,,0.3565270748734474,0.4947526842355728,0.7124530276821927,0.045443612,0.1204436121881008,0.060443612,0.075443612,0.090443612,0.1054436121881008,0.9873077227950096,0.9953619891881944,0.8623886492490769,0.090936509,0.088484143,0.086720412
0.135132,0.020370743,9.531687957808428e-05,0.1676337891546463,-0.783752851,0.0072,0.0115,0.0145,0.017,0.0196,0.0231,0.0259,0.0295,0.0342,0.0425,,0.361782671,0.4955547004938125,0.5049030461668969,0.03542543,0.1195735728740692,0.05042543,0.06542543,0.08042543,0.1019912903308868,0.9582332158356904,0.994456494,0.9935432274997236,0.052180345,0.091177869,0.06977915
0.14568,0.018191624,5.7431562897194466e-05,0.1175101266840032,-0.546192913,0.0077,0.0116,0.0136,0.016,0.0179,0.0205,0.0224,0.0248,0.0285,0.0409,,0.4040902546048164,0.4431697949767113,0.6956874901458621,0.036217474,0.1308412248641252,0.051217474,0.085841225,0.1008412248641252,0.1158412248641252,0.8590963022217155,0.9813314330637456,0.8332269898414613,0.062378541,0.078263756,0.06781445
0.142974,0.018278376,6.142926498206931e-05,-0.031414085,-0.853717623,0.008,0.0105,0.0137,0.016,0.0185,0.0204,0.0234,0.0256,0.0289,0.0358,,0.3974403913319111,0.4550392739474773,0.6637390243470669,0.037670912,0.1217904037237167,0.061789649,0.076790404,0.091790404,0.1067904037237167,0.8324541139513254,0.9896880911767484,0.8352015450537205,0.057393167,0.084013615,0.063263287
0.144385,0.017316993,6.034265769183106e-05,0.02382236,-0.762124489,0.0061,0.0099,0.0126,0.0151,0.0172,0.0197,0.0219,0.0245,0.0278,0.0362,,0.3932348576188088,0.4486785156652331,0.5133908669114113,0.036211675,0.1345303401350975,0.051211675,0.08953034,0.1045303401350975,0.1195303401350975,0.9833510060161352,0.8219298548579216,0.8262036642670632,0.05338347,0.055599756,0.098529986
0.14283,0.018791923,6.086404592475871e-05,-0.032749678,-0.855955428,0.0084,0.0114,0.014,0.017,0.0188,0.0214,0.0237,0.0262,0.0292,0.0357,,0.3960405126214028,0.4569043643772602,0.6846333640940487,0.036991393,0.1348877647519111,0.062578802,0.080545872,0.1007311334319412,0.1177240154251456,0.8167060941398144,0.8115789797604084,0.9961446669399738,0.055411349,0.067462444,0.098159372
0.098275,0.015950809,4.021524482741044e-05,0.1094655265664602,-0.662593688,0.0075,0.0103,0.012,0.0138,0.0157,0.0176,0.0198,0.0216,0.0245,0.0313,,0.4064698755741119,0.4921161025762558,0.8422351525336503,0.035977948,0.1245109051465988,0.050977948,0.065977948,0.080977948,0.095977948,0.971686127,0.819644236,0.9511876674175264,0.065333442,0.070077061,0.070072598
0.102912,0.015977326,5.3968497834521446e-05,0.070046551,-0.780312671,0.0054,0.0091,0.0119,0.0135,0.0158,0.018,0.0204,0.0229,0.026,0.0348,,0.4133490237593651,0.4789069414138794,0.5379633036375046,0.040083541,0.1387251728773117,0.055094314,0.070142095,0.086110932,0.1235151903897523,0.8201229139089584,0.9521795152246952,0.9290549337953328,0.060329736,0.068290067,0.06580917
0.087992,0.017796335,6.005477490221e-05,-0.014671611,-0.808825457,0.0076,0.01,0.0132,0.0156,0.0181,0.02,0.0225,0.0249,0.0281,0.0352,,0.4007169777154922,0.4988657087087631,0.788609527,0.049068059,0.1477759385108947,0.064068059,0.079068059,0.094068059,0.1090680588781833,0.9341337265223264,0.8141959009110928,0.973489161,0.066552506,0.056340337,0.08769329
0.108029,0.015899268,5.0516038438648086e-05,0.009944042,-0.75441121,0.0055,0.0092,0.012,0.0137,0.016,0.0181,0.0201,0.0224,0.0254,0.035,,0.4177680855989456,0.4674294531345367,0.5188161727845668,0.039047809,0.1334359103441238,0.054047809,0.069047809,0.084047809,0.112997316,0.8209693771004677,0.8927165065743029,0.8320063224732877,0.069687252,0.07466005,0.065342914
0.091953,0.01580133,5.493516559823837e-05,0.1658749541943089,-0.579484861,0.0054,0.009,0.0114,0.0137,0.0157,0.0182,0.0198,0.0227,0.0254,0.0358,,0.4133694994449615,0.4883578777313232,0.5491758258104324,0.039528516,0.1351757311820983,0.054589171,0.069666701,0.084923673,0.1201406336739659,0.9047731530845166,0.8879263872131705,0.9635813006162643,0.082547714,0.073229481,0.076313815
0.092658,0.01713499,6.0278220363864344e-05,-0.009954216,-0.826482812,0.0058,0.0096,0.0128,0.0148,0.0176,0.0194,0.0222,0.0241,0.0276,0.0354,,0.407461414,0.49374356,0.6090434683352709,0.043530014,0.1345327427983284,0.062409371,0.077457879,0.094474657,0.119480089,0.8204346809744836,0.9771243020713328,0.9828851476311684,0.054802059,0.054405289,0.094375402
0.11075,0.015551145,4.714201791585779e-05,-0.040804691,-0.808069857,0.0063,0.0094,0.0113,0.0137,0.0158,0.0178,0.0201,0.0219,0.0248,0.0317,,0.4046960741281509,0.4812927186489105,0.5271250888377428,0.035706479,0.1194183623790741,0.057506884,0.072612605,0.087662959,0.1030413156002759,0.8545966739460826,0.9756834252357482,0.8175219974160195,0.071763297,0.062328041,0.07533742
0.131303,0.016593973,5.433231870689497e-05,-0.099272005,-0.861387938,0.0064,0.0101,0.0122,0.0147,0.0173,0.0188,0.0211,0.0236,0.0264,0.0317,,0.3864081114903092,0.4949051022529602,0.5385969283282757,0.04100573,0.1293717292696237,0.064221108,0.079243048,0.095347878,0.110413215,0.8136572085976601,0.822938899,0.9902591994464398,0.071160863,0.061221374,0.087105049
0.10142,0.016122201,5.6476871147773085e-05,0.080882571,-0.795997416,0.0054,0.009,0.0117,0.0136,0.016,0.0183,0.0206,0.0233,0.0261,0.0349,,0.3915372829884291,0.4988719463348389,0.618124238,0.037988374,0.1326210606098175,0.052988374,0.067988374,0.082988374,0.1175824254192411,0.8331462723433971,0.9944345037341118,0.9852488237261772,0.071765118,0.087748719,0.076789021
0.088489,0.014621276,4.454408921397016e-05,0.032644161,-0.821512513,0.0057,0.008,0.0105,0.013,0.0146,0.0167,0.0185,0.0207,0.0236,0.0309,,0.4174355429410935,0.4813680440187454,0.6799845057874918,0.040061158,0.1385908883810043,0.055061158,0.070061158,0.085061158,0.1089115562349557,0.9824555186867714,0.9556917436897756,0.8066322754323483,0.077512959,0.072389224,0.091608301
0.168606,0.022265769,9.955899776955728e-05,0.1308950919819233,-0.51677114,0.0097,0.0135,0.0169,0.0198,0.0226,0.0254,0.0284,0.0314,0.0356,0.0521,,0.3846456968737766,0.4327717497944832,0.5670261422395706,0.037710493,0.1360900431871414,0.057968368,0.090051225,0.1050592450022697,0.1201312374517321,0.9411619940921664,0.9758266846477984,0.8630472322791816,0.068749389,0.069328795,0.070294558
0.166381,0.0243318,9.529843295192668e-05,-0.057240801,-0.815053362,0.0108,0.0147,0.018,0.0214,0.0245,0.0278,0.0307,0.0335,0.0373,0.048,,0.3649948170781135,0.4605828292667865,0.673045268,0.042853191,0.1399530863761902,0.070685846,0.091099768,0.1060997684657573,0.1210997684657573,0.8628420763984322,0.9849259408652784,0.8525210655152798,0.074278139,0.084583195,0.071396507
0.190863,0.024800571,0.000110796,-0.079425033,-0.72241357,0.0103,0.0147,0.0185,0.0219,0.0253,0.0283,0.0314,0.0345,0.0388,0.0485,,0.3933816426247358,0.4109302282333374,0.5147211061835288,0.040689634,0.1390217369794845,0.071525607,0.086950708,0.1019641597889363,0.1169641597889363,0.8694459447056055,0.8221584780395031,0.9479916647970676,0.082799118,0.072854246,0.084871878
0.164944,0.023951529,8.333359170854234e-05,-0.118685155,-0.793313239,0.011,0.0153,0.0183,0.0215,0.0247,0.027,0.0294,0.0324,0.0359,0.0428,,0.4169003212451935,0.412512344,0.6652190924450755,0.045907445,0.145020603,0.07779374,0.09279374,0.1077937395244836,0.1227937395244836,0.8492323257684707,0.8840243233248591,0.9883769450008868,0.084435882,0.075541393,0.086148029
0.174512,0.021859034,0.000101332,0.2227557886342063,-0.513526219,0.009,0.0127,0.0158,0.0185,0.0213,0.0242,0.0271,0.0308,0.0355,0.0493,,0.4121958911418915,0.4028890192508698,0.5339573342263698,0.036263663,0.1453672838211059,0.056562478,0.080384439,0.097285102,0.1289232130080461,0.8685143669366837,0.8757553497493267,0.8535703354626895,0.065377458,0.059267346,0.061912113
0.17746,0.023121024,9.888775170814944e-05,0.043701142,-0.588998608,0.0102,0.014,0.0175,0.0203,0.0232,0.0262,0.0288,0.0319,0.0359,0.0506,,0.3881629147753119,0.4300609037280083,0.5524468372195959,0.040935212,0.1360803741216659,0.06808597,0.085034364,0.100128716,0.1175478500172495,0.8980397009311244,0.9599646957695483,0.8696370610296726,0.072172438,0.068492185,0.077308094
0.161289,0.022543005,8.181183558565998e-05,0.003062369,-0.754906635,0.0098,0.0141,0.0172,0.0198,0.0227,0.0255,0.0278,0.0306,0.0348,0.0432,,0.3875964102894068,0.437634277,0.6917925504684448,0.04333751,0.1432466530799865,0.061073247,0.089777705,0.1047777051344514,0.1197777051344513,0.8742599255949259,0.8113346783697606,0.972046843,0.090653785,0.07890375,0.095148071
0.191916,0.024914622,0.000112038,0.184886492,-0.516775972,0.0106,0.0148,0.0182,0.0216,0.0243,0.0276,0.0308,0.0344,0.0392,0.0558,,0.3596436995267868,0.4403312347829342,0.6335846513539553,0.040978271,0.1386670136451721,0.061961413,0.093365064,0.1085682456865906,0.1236217978209257,0.8358312151730061,0.8214707387804985,0.9921394174516202,0.054220687,0.092734816,0.081755412
0.166814,0.023375005,0.000100582,0.436799514,-0.057050578,0.0103,0.0142,0.0171,0.0198,0.0225,0.0253,0.0281,0.0315,0.0364,0.0549,,0.3608201074600219,0.4631593585014343,0.7483199597150088,0.035483962,0.1231255531311035,0.050483962,0.078125553,0.093125553,0.1081255531311035,0.8115139738529921,0.8453714807569981,0.8615329215228558,0.05700927,0.080981281,0.064611037
0.169369,0.023629343,0.000101805,-0.120415782,-0.774459756,0.0097,0.0138,0.0174,0.021,0.024,0.0271,0.0303,0.0332,0.0366,0.048,,0.368753448,0.452956941,0.5191369521528482,0.042482663,0.1372490113973617,0.067932363,0.084217917,0.099238915,0.1142680472485721,0.8165644072920084,0.9455929822921753,0.8526245488405229,0.084687148,0.079474616,0.08921136
0.201594,0.022511003,6.547562153184439e-05,-0.065461503,-0.622771443,0.012,0.015,0.0177,0.0206,0.0225,0.0249,0.0275,0.03,0.033,0.041,,0.3739451189339161,0.4166857928037644,0.7191096552455798,0.039009445,0.1264630976319313,0.054152997,0.069155275,0.084155275,0.1114502376884222,0.8228333249837161,0.8432334625005722,0.9787096052825452,0.075450728,0.073139273,0.085560286
0.187497,0.02528216,8.004635865709045e-05,-0.041041932,-0.590776352,0.0132,0.0169,0.0206,0.0229,0.0253,0.0278,0.0304,0.0333,0.0374,0.0462,,0.3979184834659099,0.4030888795852661,0.7426634507887065,0.040513097,0.1367576545476913,0.059345691,0.080483591,0.095483591,0.1104835908442735,0.9018491088587792,0.98688658,0.9826329207956792,0.068883024,0.066246339,0.074271365
0.19662,0.023988663,7.45435399392853e-05,0.006322845,-0.485171066,0.0122,0.016,0.0189,0.0217,0.0243,0.0266,0.0289,0.0315,0.0352,0.047,,0.3565821766853332,0.4404709957540035,0.7730511142127215,0.037137181,0.134706058,0.052137181,0.0722573,0.092740217,0.1087878093034029,0.988604971,0.8068421063184739,0.8499991871803999,0.06906122,0.084019808,0.088076886
0.187987,0.022072729,6.671280367701667e-05,-0.052855829,-0.694508643,0.0114,0.0143,0.0171,0.02,0.0221,0.0245,0.0272,0.0297,0.0329,0.0407,,0.3757736852765083,0.4306388199329376,0.7271093927082606,0.036991039,0.114538198,0.054538198,0.069538198,0.084538198,0.099538198,0.8122754654467106,0.9925768056631088,0.9360016219258308,0.075329279,0.094990208,0.091087389
0.184867,0.022512915,6.318218889496235e-05,0.028297323,-0.350052263,0.0116,0.0158,0.0185,0.0204,0.0223,0.0243,0.0267,0.0296,0.0332,0.0451,,0.3581111043691635,0.4473870158195496,0.784716048,0.035991847,0.1340064081549644,0.050991847,0.065991847,0.1040064081549644,0.1190064081549644,0.822404887,0.8133820512115956,0.9838550172448158,0.063340842,0.076140321,0.09158139
0.19845,0.020913947,8.04804112194161e-05,-0.026357783,-0.666154953,0.0084,0.0121,0.0161,0.0185,0.021,0.0235,0.0265,0.0291,0.0327,0.0439,,0.3641398951411247,0.431665064,0.5102510487020016,0.036861622,0.1144126963615417,0.051861622,0.069412696,0.084412696,0.099412696,0.8317674900621176,0.9936220354795456,0.9896001608967782,0.052003723,0.098443846,0.094379895
0.198484,0.023913936,8.014083454258531e-05,0.1516228112553628,-0.298409528,0.0122,0.0159,0.0185,0.0214,0.0239,0.0263,0.0288,0.0316,0.0357,0.0532,,0.3622939959168434,0.4324076786637306,0.7399011045243591,0.035563966,0.1359033805131912,0.053216197,0.071344873,0.087415215,0.1075542762249708,0.9770283160716297,0.9949714273154736,0.8139180814981462,0.052293538,0.052030775,0.064611131
0.193281,0.028200166,0.000106762,-0.021084934,-0.576316548,0.0141,0.0184,0.0221,0.0255,0.0283,0.0313,0.0342,0.0373,0.0417,0.0539,,0.3519866129755974,0.4463273081928491,0.7382693204166367,0.047518618,0.1369581890106201,0.062518618,0.091958189,0.1069581890106201,0.1219581890106201,0.8095181034386159,0.993028633,0.8941714954651893,0.05832342,0.070034267,0.095905879
0.193613,0.024059141,7.053501861587668e-05,-0.098132838,-0.609365687,0.0123,0.0169,0.0194,0.0216,0.0238,0.0265,0.0296,0.032,0.0352,0.0448,,0.3946777008473873,0.4037573009729385,0.7553015950106085,0.036386407,0.1280185632407665,0.054259045,0.082534804,0.097534804,0.1125348040034063,0.8608135381191969,0.9399861111551524,0.9935010398387908,0.075470362,0.067620508,0.074059776
0.207948,0.022369724,7.817605716815909e-05,-0.062249255,-0.777696603,0.0108,0.0139,0.0169,0.0204,0.0227,0.025,0.0279,0.0308,0.0337,0.0415,,0.3700599154829979,0.4178313165903091,0.6102833640217781,0.042587599,0.1183004581928253,0.057587599,0.07328342,0.088291132,0.1032911321148276,0.8225672041624785,0.997290701,0.8607602204233409,0.06730898,0.070599969,0.098862452
0.154506,0.016843871,5.476013201287828e-05,-0.042770346,-0.778457358,0.0064,0.0105,0.0125,0.0153,0.017,0.0194,0.0213,0.0236,0.0266,0.0337,,0.398187239,0.444379373,0.5116183984011411,0.035924043,0.123100746,0.050960641,0.076326699,0.091629512,0.1080896647676825,0.8332311903238296,0.9940084351539612,0.8249692419946194,0.065004752,0.057076658,0.094835103
0.134586,0.020416793,8.391272253185815e-05,-0.05872081,-0.908731379,0.0073,0.0117,0.0149,0.018,0.0204,0.0235,0.0262,0.0293,0.0327,0.0394,,0.4169471910595894,0.4444833382964134,0.5246760686963796,0.044474464,0.1415608978271484,0.079373003,0.094373003,0.1093730029255151,0.1243730029255151,0.8260121551722288,0.9959384983122348,0.8070438983857632,0.085556205,0.095995742,0.081254105
0.156938,0.0198018,6.984741670708107e-05,0.2098578201308978,-0.443940079,0.0088,0.0118,0.0147,0.0171,0.0202,0.0221,0.0242,0.0272,0.031,0.0462,,0.3784977431595325,0.4630727082490921,0.7024854194462299,0.036293591,0.1441755592823028,0.052625627,0.085534757,0.1018944718632847,0.1183569521561264,0.8328093468219042,0.814452236,0.9910349820017816,0.055853624,0.061119373,0.096025596
0.140914,0.018649739,5.76522519781688e-05,-0.027732494,-0.831292798,0.0078,0.0111,0.0139,0.0165,0.0188,0.0208,0.0233,0.0256,0.0289,0.0359,,0.4132294303178787,0.4422945670783519,0.7046256048448384,0.045582746,0.1205827464163303,0.060582746,0.075582746,0.090582746,0.1055827464163303,0.8096146623432636,0.8099564786434174,0.9419320161521436,0.084308571,0.079889598,0.070434952
0.144375,0.018187396,5.770820432828736e-05,0.03155683,-0.650562891,0.0075,0.0108,0.0138,0.0159,0.0179,0.0205,0.0231,0.0251,0.0281,0.0422,,0.4099373677372933,0.4389701649546623,0.692623655,0.037764171,0.1362343502044677,0.05302944,0.078138226,0.093300061,0.1212065130278468,0.8071781585216522,0.8250686763763428,0.9339489942342044,0.061236069,0.059193458,0.097605736
0.152187,0.018510988,5.248676931415066e-05,-0.039353333,-0.77890436,0.0088,0.0121,0.0141,0.017,0.0188,0.0206,0.0232,0.0252,0.0284,0.0358,,0.4151973450183868,0.4296974331140518,0.7145313766088337,0.038439027,0.1374335521459579,0.053439027,0.068439027,0.1074335521459579,0.1224335521459579,0.9934927471935748,0.8575164270728827,0.8157741182625294,0.057249412,0.05188167,0.097643493
0.139235,0.018743806,6.718572950496115e-05,-0.045102429,-0.741640913,0.0069,0.0113,0.0136,0.0172,0.0191,0.0213,0.0238,0.0263,0.0295,0.0398,,0.3844115114025772,0.4679313778877258,0.5097473440110684,0.041821431,0.1267486295104027,0.061310899,0.076457748,0.09156347,0.1076054953366518,0.8060310091853142,0.8827217204928398,0.9875702823877336,0.073427428,0.073509052,0.062775069
0.149163,0.017515329,5.622237912186729e-05,-0.025267716,-0.812981058,0.0078,0.0101,0.0133,0.0154,0.018,0.0198,0.0225,0.0244,0.0278,0.0356,,0.3806529290229082,0.4669793352484703,0.6580119231864809,0.035852601,0.1187810862064361,0.054529518,0.069529518,0.088346045,0.1033645184069871,0.8082377804994584,0.9732690584480762,0.8176454402387142,0.052927335,0.057484752,0.098608587
0.14479,0.01835991,6.367915356256343e-05,0.075757355,-0.684406023,0.0073,0.0114,0.0135,0.0161,0.0182,0.0209,0.0229,0.0255,0.0292,0.0411,,0.3880943986773491,0.4627614080905914,0.6762482671290636,0.038548942,0.1355624932050705,0.055029735,0.070299759,0.099626817,0.1147960745006799,0.8657947068676353,0.8284006441414357,0.9924787229537964,0.078873564,0.085669897,0.084307284
0.149037,0.017374991,5.798112370637393e-05,-0.018573785,-0.74665899,0.0065,0.0103,0.0125,0.0154,0.0174,0.0201,0.022,0.0242,0.0275,0.0377,,0.3753037646412849,0.4716832295060157,0.5145552015334367,0.036784201,0.126140713,0.051798267,0.073904299,0.088941605,0.1111095140941441,0.9897842668682336,0.8243407680332661,0.8174064800381661,0.067850015,0.05532872,0.09708215
0.145911,0.022733597,0.000101121,0.01220553,-0.734919417,0.009,0.0131,0.0166,0.0203,0.0229,0.0256,0.0284,0.032,0.0363,0.046,,0.3615473645925522,0.4846197187900543,0.5250741648048163,0.040099285,0.1346168687939644,0.074616869,0.089616869,0.1046168687939644,0.1196168687939644,0.9894427362114192,0.9094795034602284,0.8143951384961605,0.058480731,0.088671833,0.094775065
0.150919,0.02621911,9.750133021891856e-05,0.2180916041315865,-0.107842428,0.0133,0.0173,0.0203,0.0231,0.0259,0.0288,0.0315,0.0347,0.0394,0.0563,,0.3636626729369163,0.4767712622880936,0.8270801266148686,0.045475546,0.1471942341327667,0.060740157,0.096704752,0.1119947202503681,0.1272584669739007,0.8459088716924191,0.8504263842582703,0.9924364638388156,0.061023191,0.076700289,0.081569168
0.139412,0.024171837,7.388109018491609e-05,-0.105458311,-0.529079371,0.0122,0.0158,0.0189,0.022,0.0246,0.0276,0.0298,0.0318,0.0347,0.0478,,0.4008589619398117,0.4493188412394375,0.8004264301925897,0.045044455,0.1485161519050598,0.065768692,0.1035161519050598,0.1185161519050598,0.1335161519050598,0.8082648572653532,0.8379768144488335,0.9604566686809064,0.058573338,0.084566513,0.093700408
0.139611,0.022370811,9.699576682583975e-05,-0.029152464,-0.789738873,0.0088,0.0126,0.0172,0.0198,0.0223,0.0251,0.0283,0.0319,0.036,0.0448,,0.3997699631750583,0.44827064,0.5169762112766504,0.036903177,0.1439438796043396,0.08394388,0.09894388,0.1139438796043396,0.1289438796043396,0.8496607522904873,0.9598281113564968,0.8078011862516403,0.072767228,0.076921909,0.092120409
0.153743,0.024109609,6.945427771662105e-05,-0.15966755,-0.597034338,0.0131,0.0163,0.0192,0.0223,0.0243,0.0266,0.0293,0.0319,0.0349,0.0419,,0.4191095840930939,0.4155614078044891,0.789060112,0.036658234,0.1398095899820327,0.069810604,0.09480959,0.1098095899820327,0.1248095899820327,0.8529934166371823,0.9503515539467334,0.8062171095490456,0.07387208,0.081100751,0.091895979
0.147048,0.02606979,8.433854738247235e-05,-0.095725195,-0.621721324,0.0133,0.0175,0.0208,0.0236,0.0263,0.0289,0.0317,0.0346,0.0382,0.047,,0.408243975,0.4395380042493343,0.8081849687263369,0.047816575,0.1463658630847931,0.069445585,0.084447207,0.099447207,0.114458287,0.9402728872284292,0.994011996,0.9920344216823578,0.054167866,0.096960673,0.09197041
0.144261,0.025937048,9.739682226503582e-05,0.071998443,-0.675729359,0.0131,0.017,0.0199,0.0225,0.0252,0.0283,0.0316,0.0351,0.0396,0.0501,,0.3649400845170021,0.4833270251750946,0.8051400374159217,0.038402752,0.1392989271879196,0.072598844,0.087733233,0.1027332327663898,0.1177332327663898,0.8160982162773609,0.9757140016138554,0.9204175416588783,0.054597597,0.088803606,0.08679542
0.142505,0.022591938,6.0920093307812383e-05,-0.210923091,-0.653124397,0.0118,0.0157,0.0179,0.0204,0.023,0.0251,0.0277,0.03,0.0327,0.0382,,0.4133739325404167,0.4364465281367302,0.8167496773436665,0.039270554,0.1478586292266845,0.06111232,0.1028586292266845,0.1178586292266845,0.1328586292266845,0.8354104559332133,0.8115175173699856,0.9911448545098304,0.053498633,0.083048011,0.091899949
0.132183,0.02216527,7.112818549917124e-05,0.017066674,-0.716339607,0.0115,0.0142,0.0169,0.0202,0.0221,0.0243,0.027,0.0302,0.0335,0.0414,,0.4172722715139389,0.439337071,0.7781081738144159,0.035531509,0.1276458120346069,0.067645812,0.082645812,0.097645812,0.1126458120346069,0.8882445404954254,0.9422196009516716,0.9463189791202544,0.079083818,0.087767766,0.089239399
0.138936,0.026874944,0.000102337,8.333235795331158e-05,-0.760120056,0.013,0.0173,0.0208,0.0238,0.0269,0.0297,0.0327,0.0364,0.0409,0.0478,,0.3977190974354744,0.458497766,0.7876564762741327,0.040398774,0.1404010558128356,0.079949603,0.094949603,0.109949603,0.124949603,0.8271679011583328,0.9815486176431178,0.9641203975915908,0.067404648,0.09181272,0.096352907
0.196932,0.02173743,8.828310688231885e-05,0.025993819,-0.645632065,0.009,0.0126,0.0163,0.019,0.0223,0.0247,0.0273,0.0304,0.0338,0.0467,,0.3707231952250004,0.4263545423746109,0.5260693380653858,0.040213839,0.1254492589831352,0.05521785,0.070222645,0.090701813,0.10961267,0.9720151705265044,0.955775911,0.8224193447411061,0.059641337,0.08768887,0.080622494
0.189365,0.02177336,7.811122406352133e-05,-0.076358519,-0.789645239,0.0092,0.0133,0.0166,0.0191,0.022,0.0248,0.0272,0.0299,0.0334,0.0428,,0.3878501413762569,0.4152441173791885,0.5993158323168755,0.041701675,0.133650832,0.057000919,0.077888553,0.09397817,0.1139158637588843,0.8485711582094431,0.8454460549652577,0.956422058,0.06981789,0.070212844,0.083384506
0.194841,0.023022439,7.411108762867242e-05,-0.079964345,-0.792060116,0.0115,0.0148,0.0176,0.0208,0.0233,0.0255,0.0283,0.0315,0.0342,0.0421,,0.383654174,0.415931049,0.6823304570451378,0.043724605,0.1187246049940586,0.058724605,0.073724605,0.088724605,0.1037246049940586,0.8893158927597106,0.8273593740701676,0.9830416260421276,0.070597952,0.073135842,0.087689152
0.17924,0.020699967,6.472934187816064e-05,-0.066298209,-0.864224636,0.0099,0.0126,0.0159,0.018,0.021,0.0231,0.0257,0.0284,0.0318,0.0375,,0.3891027132794261,0.4232513248920441,0.6721686162985862,0.042939043,0.1397961002588272,0.058176578,0.074099787,0.089165966,0.1043054241806268,0.8291458574175835,0.8123565069854259,0.985842267,0.069940792,0.071658953,0.095370989
0.19227,0.021898405,6.418744963790559e-05,-0.055565085,-0.75270373,0.0113,0.014,0.0176,0.0195,0.0218,0.0244,0.0268,0.0296,0.0327,0.0394,,0.3918941179662943,0.4081129103899002,0.7068283981740474,0.041181625,0.1421012687683105,0.056181625,0.071181625,0.086181625,0.1023618091285228,0.8153454702705145,0.9612325764000416,0.8632778174698353,0.054154103,0.055269302,0.067648004
0.200938,0.022201056,6.597507315292723e-05,-0.106936869,-0.705729791,0.0116,0.0144,0.0172,0.0205,0.0225,0.0246,0.0272,0.0299,0.0329,0.0414,,0.3903520469367504,0.4047780215740204,0.6912926184698939,0.036325388,0.116959684,0.051400215,0.071869033,0.086895987,0.1019412421315908,0.82007467,0.9843877489745616,0.990303031,0.063644099,0.086694377,0.097396491
0.182509,0.023736969,9.390079670188742e-05,0.026575433,-0.736108539,0.0105,0.0141,0.0175,0.0208,0.0239,0.027,0.0298,0.0327,0.0363,0.0476,,0.3542118391394615,0.4513229626230896,0.6530510471373796,0.039628853,0.1429064214229583,0.064356357,0.079894032,0.095470394,0.1233131440937519,0.8144352560400963,0.8807064930409193,0.9905125755012036,0.053035845,0.06507093,0.081782044
0.17684,0.021796686,7.453207425324728e-05,0.1006497660356086,-0.579215975,0.0102,0.0136,0.0164,0.0196,0.0219,0.0241,0.0267,0.0295,0.0336,0.0459,,0.362995318,0.4502190011320636,0.701226377,0.03931602,0.1393937146663665,0.054440211,0.080735948,0.095757997,0.1107979884698987,0.8064686638504267,0.8092806007564068,0.9525103652119636,0.056088466,0.063581276,0.078374379
0.197311,0.021949827,6.845600659913326e-05,0.018323014,-0.554513724,0.0104,0.0143,0.0175,0.0196,0.022,0.0244,0.027,0.0296,0.0327,0.0443,,0.361285528,0.4381542228162289,0.698868331,0.036496473,0.1302509782463312,0.051496473,0.066498116,0.081500216,0.1152340377546846,0.8903074288841337,0.9827628362834454,0.8390656787514686,0.054305899,0.066650541,0.073516152
0.190426,0.023315403,8.101988225883536e-05,0.028249141,-0.71328692,0.0109,0.0151,0.0181,0.0206,0.0231,0.0261,0.0289,0.0316,0.0353,0.0443,,0.3726699531078338,0.4280824035406113,0.680751713,0.03938017,0.1379650074243545,0.054388865,0.069388865,0.1022587866883725,0.1195930926799774,0.8097936072975398,0.9848518072903156,0.9837873859882356,0.065828683,0.077608094,0.092569331
0.218593,0.02972655,0.000152225,0.1031147663837183,-0.609937705,0.0127,0.0185,0.023,0.0262,0.0295,0.0328,0.0363,0.041,0.0463,0.0596,,0.3615565666556358,0.4168592363595962,0.5705325750142336,0.041905371,0.1418907594680786,0.077742285,0.092742285,0.1077422850698232,0.1227422850698232,0.9114362566575408,0.9838297762215138,0.8736892588049173,0.062834966,0.078128179,0.070835796
0.218451,0.025241348,9.429866732728638e-05,-0.043246791,-0.65388042,0.0123,0.0164,0.0198,0.0228,0.0257,0.0284,0.0311,0.0341,0.0375,0.0512,,0.3634038260579109,0.4139032810926437,0.6112106690257788,0.040458213,0.1217059278488159,0.061705928,0.076705928,0.091705928,0.1067059278488159,0.9686116597771643,0.8194368707537651,0.971882302,0.057739829,0.070970547,0.097519173
0.214843,0.028754186,0.000124605,0.027210965,-0.64699355,0.0135,0.018,0.0221,0.0258,0.0293,0.0321,0.0354,0.039,0.0435,0.0573,,0.3600386288762092,0.4162117958068848,0.6402685622513294,0.041598086,0.1323752063512802,0.07132269,0.08632269,0.1013226897984743,0.11737319,0.9659164641171694,0.813518528,0.9833863382339478,0.055713362,0.067943794,0.096542933
0.217613,0.02747107,0.000144767,0.3667045910234393,-0.154623365,0.0119,0.0165,0.0201,0.0234,0.0271,0.0305,0.0334,0.0373,0.0436,0.0637,,0.3568053376674652,0.4196271419525146,0.610785568,0.037711049,0.1376063513755798,0.052711063,0.092556647,0.1075573591738939,0.1225940014779567,0.967052795,0.9837869692921638,0.8762190164372325,0.074973292,0.088320832,0.089766386
0.221965,0.027123882,9.370230574974812e-05,-0.093399456,-0.677088465,0.0145,0.0188,0.0221,0.0249,0.028,0.0307,0.0334,0.0367,0.0402,0.0524,,0.3686971955001354,0.4053637832403183,0.680907291,0.043615735,0.1186157350242138,0.058615735,0.073615735,0.088615735,0.1036157350242137,0.9091203531682492,0.9579830546975135,0.9398471656620504,0.067996574,0.07687808,0.091175675
0.213502,0.029504444,0.000132793,0.2016890932643147,-0.560025487,0.0143,0.0188,0.0223,0.0256,0.0288,0.0319,0.0353,0.0397,0.0459,0.0553,,0.3527463975548744,0.4253090128302574,0.6948068479187787,0.046596331,0.1255875489115715,0.061596331,0.076596331,0.091596331,0.1065963312983512,0.8316679166704417,0.8225412097394467,0.8105739724993706,0.052210551,0.092752607,0.081156872
0.211566,0.026353456,0.000130124,0.00670835,-0.79392725,0.011,0.0157,0.0192,0.0228,0.0263,0.0297,0.0334,0.0369,0.0411,0.0539,,0.3811644665151834,0.4025230526924133,0.5177231641620398,0.047534791,0.1226154577732086,0.06258493,0.07758493,0.09258493,0.1076018461734056,0.9396910525083542,0.9627418585777284,0.9566469115138054,0.070382122,0.081243473,0.085495233
0.198444,0.025159183,0.000129726,0.181616431,-0.634255619,0.0106,0.0149,0.0182,0.0215,0.0246,0.0276,0.0309,0.0354,0.0411,0.0541,,0.3777815645933151,0.4077596455812454,0.5292916864335537,0.039859321,0.1318977007269859,0.054874458,0.0868354,0.1018855349104851,0.1168860487967729,0.97944821,0.9815261274814606,0.9592652855634688,0.064115257,0.078907557,0.095468698
0.181133,0.027280421,0.000145853,0.08291773,-0.547649392,0.0106,0.0161,0.0202,0.0236,0.0274,0.0307,0.034,0.0378,0.0432,0.0559,,0.3545325511693954,0.4506702102255076,0.5118222444087267,0.045625454,0.1455579364299774,0.060625937,0.1005579364299774,0.1155579364299774,0.1305579364299774,0.8842195837132633,0.9737560951948164,0.9548986214995384,0.063850629,0.09544492,0.095190012
0.220813,0.027692875,0.000114276,0.215820153,-0.383621682,0.0135,0.0181,0.0218,0.0244,0.0272,0.0302,0.0334,0.0369,0.0421,0.0593,,0.3575468349456787,0.4150947719812393,0.6698454486183822,0.037645139,0.1224138480424881,0.062413848,0.077413848,0.092413848,0.1074138480424881,0.9685241264611484,0.9824592042148114,0.9003939515075646,0.075523217,0.081503076,0.07926633
0.193709,0.025608783,8.918149835894291e-05,0.081375568,-0.435521214,0.0135,0.0176,0.0205,0.0231,0.0256,0.0282,0.0309,0.0339,0.0383,0.0516,,0.3516850790381431,0.4455883961170911,0.7689168330542743,0.036948029,0.1486831164360046,0.053659518,0.068659518,0.1074841408729553,0.1336831164360046,0.996652204,0.8497978744506836,0.9050082718599588,0.053555959,0.091062206,0.098990263
0.197952,0.022207213,9.044593848198416e-05,0.04391146,-0.706717804,0.0095,0.013,0.0163,0.0191,0.0222,0.0251,0.028,0.0313,0.035,0.0482,,0.3773659968376159,0.4182858437299728,0.568418889,0.036276008,0.1345497074723243,0.052497785,0.089549707,0.1045497074723243,0.1195497074723243,0.8177574411720038,0.8366913561224938,0.9541619659900664,0.052847102,0.06507852,0.099224913
0.185213,0.02661603,9.27143951593335e-05,-0.087237712,-0.649355824,0.0135,0.0176,0.0209,0.0238,0.027,0.0297,0.0323,0.0351,0.0389,0.0502,,0.3976214890182018,0.4122362613677979,0.7117762616174296,0.042492199,0.1485724556446075,0.074345703,0.089345703,0.1043457034647464,0.1193457034647464,0.807783808,0.8132153310537339,0.9279203685551882,0.080482242,0.089465011,0.095436098
0.196789,0.021527762,8.55419415162838e-05,-0.007308255,-0.609860941,0.009,0.0126,0.0159,0.0189,0.0216,0.0245,0.0271,0.03,0.0335,0.0476,,0.3858256822172552,0.4136278867721558,0.5208526895552874,0.038964898,0.1141785061359405,0.054178506,0.069178506,0.084178506,0.099178506,0.8706953691527247,0.8880381406001747,0.8217000704288483,0.076280038,0.093473321,0.092582638
0.192166,0.025713737,8.60140522302079e-05,0.035408939,-0.479300849,0.0136,0.0174,0.0203,0.023,0.0256,0.0283,0.031,0.0338,0.0378,0.0507,,0.371425996,0.4314132079482078,0.7495589189294726,0.044632843,0.1196328425407409,0.059632843,0.074632843,0.089632843,0.1046328425407409,0.9878724029392004,0.9854681877732276,0.842164915,0.054320735,0.08528665,0.090356809
0.19415,0.025945276,9.045064355863342e-05,-0.017694577,-0.645544219,0.0131,0.0171,0.0202,0.0231,0.0259,0.0286,0.0315,0.0348,0.0388,0.0491,,0.368918534,0.42990093380212785,0.7219035523671191,0.04634938,0.12134937986731528,0.061349379867315285,0.07634938,0.09134938,0.10634937986731528,0.92200912,0.9640645861446857,0.8262824959456921,0.066786583,0.075757979,0.093745489
0.192871,0.024474926,7.216823954591353e-05,-0.146350737,-0.595605534,0.0125,0.0175,0.0199,0.0223,0.0246,0.0272,0.0296,0.0326,0.0356,0.0453,,0.3962884457409382,0.40351619720458987,0.7442400240898133,0.040262623,0.13304690390825272,0.055276753,0.088046904,0.10304690390825272,0.11804690390825272,0.8483646181881428,0.8604466444522143,0.9815342493057251,0.069269277,0.09251943,0.088290571
0.198917,0.023542383,0.000105811,0.082407361,-0.59940879,0.0104,0.0144,0.0181,0.0211,0.0238,0.0267,0.0298,0.0331,0.0372,0.0521,,0.37928199529647827,0.4144171386957169,0.5230569738686085,0.045001537,0.1244064712524414,0.060057142,0.07862437,0.093624466,0.10871505317836999,0.8304561405450106,0.8871408333167434,0.8051113521993161,0.062310873624682434,0.057096795,0.094464868
0.193071,0.023413069,8.045711627450912e-05,-0.043934445,-0.818622734,0.011,0.015,0.0178,0.0205,0.0235,0.0261,0.0288,0.032,0.0355,0.0428,,0.3562973216176033,0.4445110853761435,0.6918802839942276,0.038499466,0.12118463158607484,0.061184631586074845,0.076184632,0.091184632,0.10618463158607484,0.8143717611730099,0.9795508220016956,0.8136601978838445,0.06462797,0.094759627,0.090106667
0.112735,0.016786692,4.053066993785219e-05,-0.019160574,-0.691381872,0.0081,0.011,0.0128,0.0151,0.0166,0.0185,0.0204,0.0229,0.0253,0.033,,0.408238583,0.477700874,0.8243747711241245,0.037108848,0.1266897577047348,0.05242651,0.069106564,0.084119945,0.1063238242253661,0.8759462302342057,0.988091915,0.8156373194873333,0.060289951,0.084026529,0.078669832
0.119273,0.016794267,4.532623412304762e-05,0.105655597,-0.595205718,0.008,0.0101,0.0126,0.0149,0.0168,0.0185,0.0207,0.0228,0.0256,0.034,,0.3942935715615749,0.4829240620136261,0.7832921546950936,0.036024227,0.1337904557585716,0.051024227,0.068487196,0.083487196,0.098489977,0.847718213,0.9849142819464208,0.9387130767822266,0.055478281,0.054434687,0.095191994
0.143512,0.01768993,6.314236560221456e-05,0.028472032,-0.782744222,0.0063,0.01,0.0128,0.0153,0.0178,0.02,0.0224,0.025,0.0283,0.0359,,0.4174198216199875,0.4253747776150703,0.508877387,0.03622298,0.1401337623596191,0.055888571,0.071477394,0.086477394,0.124506337,0.9519762667298316,0.9866537831127644,0.8461606072366238,0.066910793,0.073124897,0.059948686
0.123556,0.018551612,6.721579177949654e-05,-0.044857227,-0.808921358,0.0066,0.0106,0.0137,0.016,0.0188,0.0212,0.0237,0.0261,0.0296,0.0365,,0.3891169578582048,0.4780628204345703,0.5224173584371805,0.039755704,0.142597474,0.055182619,0.076426637,0.1004171680154279,0.1176442450150847,0.8620029587849974,0.9756835026443004,0.9793667860269548,0.054452522,0.085378394,0.066978953
0.140247,0.0165524,5.482163480427885e-05,-0.033542069,-0.880320849,0.0067,0.0102,0.0118,0.0145,0.0173,0.0188,0.021,0.0237,0.0266,0.0325,,0.4156893268227577,0.436983597,0.5537556733310223,0.040113572701811796,0.13407702445983888,0.055113573,0.070113573,0.085113573,0.11905082394331692,0.8218877590417862,0.8363551290988922,0.9864546941518784,0.055708883416652685,0.06965196,0.074322891
0.106667,0.017672697,5.398351563471576e-05,0.081634378,-0.707954871,0.0082,0.0105,0.0134,0.0155,0.0179,0.0195,0.0222,0.0243,0.0277,0.0354,,0.4007361119985581,0.4852875620126724,0.7823950379312038,0.039409056752920155,0.13109672084450721,0.054424669739604005,0.085709973,0.10077276356555522,0.11599262482151389,0.8173506939351559,0.9891611235260963,0.9883316550433636,0.062833436,0.070782406,0.079127131
0.106241,0.01683261,4.812983923542592e-05,-0.031366196,-0.846303749,0.0074,0.0106,0.0124,0.0149,0.0175,0.0188,0.0211,0.0235,0.0263,0.0324,,0.4153310137987137,0.47115364372730256,0.7636558302797377,0.04531892,0.13475768029689789,0.060615174,0.075671473,0.093434504,0.108474242,0.8750552705928684,0.8272724264025688,0.9865227719962597,0.063927935,0.053503329545259486,0.096004941
0.122565,0.015432333,5.017555290993636e-05,0.053688801,-0.83118318,0.0052,0.0087,0.011,0.013,0.0156,0.0174,0.0199,0.0222,0.0253,0.0341,,0.3982932531833649,0.4748620942234993,0.6143106695830822,0.037136128246784215,0.11595304369926453,0.052136128246784215,0.067136128,0.082136128,0.098654713,0.8549310228556395,0.9889628385424614,0.8239474788784982,0.05469888,0.062584437,0.096730459
0.106227,0.017649141,6.672533658348777e-05,0.08560902,-0.792712417,0.0062,0.01,0.0122,0.0151,0.0173,0.0201,0.0223,0.0255,0.0288,0.0369,,0.3872959116101265,0.4935665726661682,0.5425059737205505,0.03903511,0.13193697452545167,0.054089057,0.07275406,0.088081653,0.11125461847186088,0.9380395783007145,0.975858357,0.9464026815831661,0.072272827,0.082713943,0.069578475
0.191047,0.023423147,7.598065844611095e-05,0.024479538,-0.587006026,0.0114,0.0158,0.0188,0.0211,0.0233,0.0257,0.0283,0.0313,0.0353,0.0453,,0.3577581924200058,0.4424345396459103,0.6963285731077195,0.042276241,0.1227366852760315,0.057276241,0.077199766,0.092288779,0.1075718837633729,0.9237715926833452,0.9934114901721478,0.8458687889039517,0.053053345,0.075958384,0.081538003
0.184658,0.024332397,8.905962487154652e-05,0.039293309,-0.652064824,0.0119,0.0156,0.0187,0.0214,0.0239,0.0268,0.0297,0.0329,0.037,0.0501,,0.4018404367566108,0.4038410067558289,0.650476094,0.043207917,0.142888126,0.063060758,0.09779294,0.1128318143829703,0.1278329172819853,0.8718325069367886,0.8720792086750269,0.986972361,0.075368419,0.06880149,0.079438179
0.193357,0.024176093,8.160035955695317e-05,-0.111044278,-0.838253947,0.0113,0.0159,0.0189,0.0215,0.0243,0.0272,0.0304,0.0329,0.0362,0.0445,,0.3826773839443922,0.4164555668830871,0.6757845107607543,0.045235654,0.1291667204350233,0.061831814,0.084009656,0.09909134,0.1141078297019936,0.8738028137862682,0.9873982152044772,0.8162989006102086,0.079964913,0.088400079,0.08027107
0.188896,0.022230721,6.767723252536564e-05,-0.05726584,-0.698743788,0.0109,0.0145,0.0171,0.0198,0.0228,0.0247,0.0272,0.0298,0.0332,0.0423,,0.3651568847894668,0.4388865396380424,0.689365218,0.039251039,0.1212162590026855,0.058005883,0.076216259,0.091216259,0.1062162590026855,0.9981850047647952,0.9293635231077672,0.8073873660862446,0.054801981,0.05901732,0.062241024
0.19179,0.024805929,9.041859400211432e-05,0.042728464,-0.576660208,0.0127,0.0167,0.0198,0.0226,0.0251,0.0279,0.0308,0.0338,0.0377,0.0523,,0.3922013940662145,0.4067877203226089,0.6715239415727555,0.042539816,0.1402607047557831,0.057539816,0.079178189,0.1080745572566986,0.1231148999422788,0.8670252341747284,0.8393219666779042,0.9195363405644894,0.086955868,0.087127778,0.092415421
0.193935,0.02513473,9.425379813383602e-05,0.068385178,-0.575957327,0.0122,0.0161,0.0192,0.0223,0.0252,0.0276,0.0305,0.0342,0.0381,0.0535,,0.3957778897881508,0.4049477905035019,0.6671732465833425,0.045710906,0.1349034714698791,0.060720611,0.089398222,0.1047203593224287,0.1198661110967397,0.8396609064728022,0.93953601,0.822967254,0.08358753,0.088179485,0.087084536
0.196245,0.024203515,8.685142475135819e-05,0.1758620911782051,-0.24709171,0.0115,0.0157,0.0184,0.0213,0.024,0.0265,0.0293,0.0323,0.0363,0.0549,,0.354460295,0.4410523928701877,0.7174392554869875,0.036223194,0.1200835412740707,0.051242913,0.075021989,0.090079862,0.1050798615440726,0.8157427927672863,0.9137891248643398,0.9255643469750882,0.068584255,0.073061567,0.097401103
0.188256,0.024356212,9.710219653365391e-05,0.1048038322590446,-0.606777557,0.0115,0.0151,0.0185,0.0213,0.024,0.0269,0.0299,0.0331,0.0374,0.0501,,0.3537669378519058,0.4468504454940558,0.6704397917412221,0.037101659,0.1373949790000915,0.065877217,0.080992038,0.096040897,0.1111802723675966,0.8481132480978966,0.8422802714526654,0.9799009943544864,0.068947225,0.078423944,0.069988959
0.190582,0.022774417,9.534749288159024e-05,0.012437287,-0.553828588,0.0099,0.0139,0.0175,0.0203,0.0229,0.0257,0.0283,0.0313,0.0356,0.0506,,0.3608522740006447,0.443609769,0.523424594,0.042645844,0.1289664931595325,0.058044239,0.078043426,0.093333638,0.1137996070946101,0.907200443,0.9754514615774156,0.8448816452741623,0.060754887,0.080151932,0.079154085
0.189528,0.024811897,9.337862444175484e-05,-0.014276577,-0.688714813,0.0118,0.0157,0.0189,0.0221,0.0248,0.0277,0.0305,0.0334,0.0378,0.0492,,0.3531052342057228,0.4465989433228969,0.6552823366910219,0.036453267,0.1296017861738801,0.069601786,0.084601786,0.099601786,0.1146017861738801,0.8320627668112517,0.9856134240806104,0.8330046069800854,0.066264378,0.062218935,0.094087627
0.145552,0.01925493,6.14893439440978e-05,-0.02508653,-0.846551007,0.0087,0.0124,0.0144,0.0175,0.0191,0.0218,0.0238,0.027,0.03,0.0354,,0.4157068422436714,0.430284446,0.6807617373771966,0.040656648,0.1411980867385864,0.062525295,0.077601634,0.092601634,0.1226664735615253,0.8933135672427714,0.9871993943154812,0.8266978047370911,0.067803143,0.071592872,0.083131234
0.147321,0.019141947,6.462103392688504e-05,0.054553175,-0.774127412,0.0082,0.0114,0.0144,0.0168,0.0187,0.0215,0.0236,0.0269,0.03,0.0379,,0.3738603623211384,0.4684436202049255,0.7005782664880157,0.038583709,0.1423754572868347,0.054157471,0.080700413,0.096297312,0.1118701977740973,0.8179292788475752,0.994470642,0.8706289920806886,0.066891019,0.07426947,0.09538306
0.151185,0.019611618,6.418777811455734e-05,-0.033380413,-0.802395199,0.0087,0.0118,0.0153,0.0173,0.0195,0.0223,0.0243,0.0275,0.0303,0.0382,,0.3976293142139911,0.4477675687521696,0.6868390087209642,0.04454573,0.1224893105030059,0.059744969,0.074803218,0.090658721,0.1069472882434725,0.8602668436199427,0.9942484909832476,0.8399873883366585,0.079462205,0.084270682,0.095598585
0.151928,0.018714599,7.012695634407777e-05,0.05987331,-0.586510385,0.0072,0.0104,0.0139,0.0165,0.0188,0.0211,0.0237,0.0264,0.0296,0.0434,,0.4148946031928062,0.424728411,0.5095763465613127,0.036417966,0.1404816675186157,0.051417966,0.091998514,0.1076492734462022,0.123255917,0.9804372004717588,0.9112762765347958,0.8093600813567638,0.052282943,0.089668862,0.073727683
0.147513,0.020053285,6.286110924775889e-05,-0.030707186,-0.736852834,0.0099,0.0123,0.0156,0.018,0.0201,0.0225,0.0248,0.0272,0.0309,0.0391,,0.3737353125214577,0.47316148430109023,0.7307135779193602,0.03796849,0.1318649519979954,0.061200396,0.076234495,0.091245246,0.10626851216405629,0.835896861,0.814546133,0.9834847364127636,0.066625709,0.080102165,0.082407864
0.148254,0.019763465,6.865383483948092e-05,-0.047350646,-0.834337866,0.0081,0.0115,0.015,0.0173,0.0204,0.0224,0.0247,0.0276,0.031,0.0375,,0.41777431905269624,0.4265591397881508,0.6435720268562436,0.041060953959822656,0.14402009248733522,0.064824616,0.079824616,0.094824616,0.10982461582757533,0.8631349731326103,0.9822131938815117,0.900537544,0.055298979794979095,0.07932864,0.0715577
0.14471,0.021696942,0.000100138,0.2385862907244378,-0.311305529,0.009,0.0128,0.0159,0.0188,0.0214,0.0239,0.027,0.0304,0.0347,0.0504,,0.3587511911988258,0.4846734791994095,0.5196622074276209,0.041806832,0.14022820949554443,0.056814608,0.078707108,0.10318180655390025,0.11837626464366913,0.8682379664763809,0.9873584450721741,0.9432938141971827,0.062712993,0.095155144,0.093000477
0.148613,0.019823292,6.719618571588244e-05,0.036838672,-0.708314555,0.0082,0.0125,0.0148,0.0173,0.0203,0.0223,0.0245,0.0275,0.031,0.0415,,0.36206357926130295,0.4796550154685974,0.7105905900076032,0.041341723,0.14114325881004333,0.057696386900544176,0.072720806,0.089952872,0.11987763972878455,0.8373318935394287,0.8056782330095769,0.9678469941556453,0.081241408,0.083249297,0.062618964
0.147904,0.019215269,6.136019900621129e-05,-0.052849581,-0.854689107,0.0081,0.0115,0.0144,0.0171,0.0194,0.0215,0.0239,0.0266,0.0299,0.0359,,0.39849818736314774,0.44803361073136333,0.6894940359592437,0.044517151,0.12164834141731262,0.059524145,0.074528045,0.089541985,0.10568796079456806,0.8429561637759209,0.9760625008702278,0.8156469419658184,0.080703608,0.075686175,0.087480784
0.192388,0.023379291,8.18175477528699e-05,-0.074866136,-0.80263293,0.0105,0.0149,0.0182,0.0208,0.0236,0.0263,0.0294,0.0319,0.0352,0.0446,,0.3967151348292828,0.40701561,0.6400584708631039,0.048763019,0.1288945300877094,0.063764574,0.08389453,0.09889453,0.1138945300877094,0.8247031707763672,0.9754091845989228,0.8061319065511228,0.055478502,0.096698001,0.093655859
0.186673,0.021777481,8.467555241440893e-05,-0.124378417,-0.822111703,0.0087,0.0131,0.0165,0.0192,0.0221,0.025,0.0276,0.0305,0.0338,0.043,,0.3926604348421096,0.4177298426628113,0.5186477351367473,0.045180911,0.1285130168497562,0.060194281,0.083306767,0.098407379,0.1134288117325864,0.8716071531802416,0.8196693643629551,0.9657886352539062,0.064148255,0.091293331,0.096755162
0.191729,0.022138763,8.396984270535497e-05,0.04244504,-0.701865611,0.0096,0.0132,0.0174,0.0198,0.0222,0.0247,0.0274,0.0304,0.0344,0.0453,,0.3834421120770275,0.413282648,0.610816258,0.038716067,0.128802133,0.053721875,0.083802133,0.098802133,0.113802133,0.8665478430896998,0.8597605754315853,0.9821562687039376,0.055104831,0.089853579,0.093127238
0.200547,0.025829718,9.029213193943504e-05,-0.005827972,-0.662430177,0.0133,0.0173,0.0202,0.023,0.0259,0.0285,0.0313,0.0343,0.0385,0.0506,,0.3863681560009718,0.4035750299692154,0.7035529992509633,0.047008366,0.1481750965118408,0.062008366,0.077008366,0.092008366,0.1070083655416965,0.8085051226049662,0.9830871185719968,0.9930956929326058,0.084931667,0.074482044,0.091292645
0.20518,0.022432084,9.157325761353726e-05,-0.046909268,-0.700892023,0.0093,0.013,0.0167,0.0199,0.0228,0.0257,0.0283,0.0311,0.0348,0.047,,0.3517246806621552,0.4400978893041611,0.5305819338262081,0.038572959,0.131448114,0.053575432,0.068641425,0.089945827,0.1106574296884238,0.9066080083381384,0.828435877,0.9785154169976712,0.069067243,0.062432769,0.081337371
0.202874,0.022073117,5.975756186764939e-05,-0.167118086,-0.692513457,0.0119,0.0148,0.0174,0.0204,0.0223,0.0246,0.0271,0.0294,0.0321,0.041,,0.3547856569290161,0.4366473108530044,0.7206342673315667,0.038618861,0.1194474732875824,0.053766641,0.069241926,0.084278638,0.099315817,0.8310309126675129,0.8152078033685685,0.9867820906460284,0.067104022,0.067454317,0.081452934
0.200373,0.022088344,6.528273057492612e-05,-0.094287637,-0.737063243,0.0113,0.0142,0.0179,0.0199,0.0223,0.0248,0.0269,0.0296,0.0331,0.0398,,0.3517724329233169,0.4434999659657478,0.6970936908703297,0.039051054,0.1177600741386413,0.054051054,0.072760074,0.087760074,0.1027600741386413,0.8194990521162748,0.986238308,0.8267302508294583,0.059958105,0.076575628,0.076222172
0.199613,0.020902603,7.024358124064704e-05,-0.051895442,-0.772629046,0.0101,0.0127,0.0161,0.0188,0.021,0.0236,0.026,0.0285,0.032,0.0395,,0.3867290952429175,0.4079173654317856,0.5910476184546947,0.041599763,0.1165997628122568,0.056599763,0.071599763,0.086599763,0.1015997628122568,0.8586897813692689,0.9660107860088348,0.8241344145774842,0.057518593,0.07185479,0.076910296
0.195567,0.020808486,7.26643405190616e-05,-0.045782882,-0.718735567,0.0087,0.0126,0.0158,0.0183,0.0211,0.0237,0.0259,0.0285,0.0321,0.0426,,0.367324971,0.4313206896185875,0.5935947956085205,0.042236617,0.1172366173844784,0.057236617,0.072236617,0.087236617,0.1022366173844784,0.8179093927651644,0.9813473077714444,0.8215392035484315,0.06736255,0.081598415,0.073469705
0.192964,0.020821576,7.757189044880522e-05,-0.000895118,-0.691934651,0.0083,0.013,0.0156,0.0182,0.0212,0.0235,0.0258,0.0286,0.0327,0.0419,,0.3768595876544714,0.4221963614225388,0.5436578979939222,0.042273641,0.1238978552818298,0.057289076,0.078797077,0.09382259,0.1088225899867713,0.9826824988365174,0.8207663447737694,0.8289090038478375,0.056676815,0.079841724,0.095594281
0.185312,0.023418152,6.575581891105966e-05,-0.069021782,-0.416046087,0.0123,0.0167,0.0191,0.0213,0.0234,0.0258,0.028,0.0307,0.034,0.0453,,0.384254518,0.4272764027118683,0.8077603431522846,0.03659565,0.124981797,0.05159565,0.079916129,0.094929172,0.1099395708560943,0.8553521067783236,0.9873125596642496,0.8138397261798382,0.067081661,0.088578588,0.097867475
0.179988,0.023160658,6.0184249716082094e-05,-0.214491889,-0.334609509,0.0129,0.0165,0.0187,0.0211,0.0236,0.0259,0.0278,0.0299,0.0328,0.0432,,0.3953482842445374,0.4190339684486389,0.843892403,0.035530203,0.1363661158084869,0.050530203,0.081560303,0.096710266,0.1212320012018084,0.9924742080271244,0.8431918464720249,0.8092190251111985,0.053536349,0.053562169,0.092866161
0.178044,0.02106368,7.949078401990777e-05,-0.142186234,-0.825624831,0.008,0.0124,0.0163,0.0188,0.0214,0.0241,0.0266,0.0298,0.0327,0.0392,,0.3968539157509804,0.4181702256202698,0.5267172225952148,0.047245686,0.1222456860542297,0.062245686,0.077245686,0.092245686,0.1072456860542297,0.805351737,0.8181705144762993,0.9292100158751012,0.065756029,0.094132554,0.069393914
0.187228,0.021392278,8.66782830968072e-05,-0.05364806,-0.728251037,0.0085,0.0123,0.0158,0.0193,0.0219,0.0243,0.0269,0.0299,0.0337,0.0459,,0.3528049144148826,0.4534068655222654,0.5124724206984043,0.03569653,0.1362922173738479,0.061002675,0.076002675,0.091002675,0.11973672,0.8058618285477162,0.991184107,0.8206902222752571,0.060560301,0.087675484,0.058972277
0.170019,0.023989944,7.829380770052507e-05,-0.043962321,-0.598896816,0.0116,0.0156,0.0191,0.0218,0.0242,0.0267,0.0293,0.0319,0.0352,0.046,,0.3806451658904553,0.44064185,0.7237077429255238,0.04638922,0.1399668675661087,0.066962641,0.094966868,0.1099668675661087,0.1249668675661087,0.8094249164700509,0.8113367743551732,0.9908422347068788,0.081877195,0.08515008,0.081261992
0.185059,0.02344987,6.195093602485562e-05,-0.232847597,-0.554606838,0.0128,0.0162,0.0193,0.0215,0.0238,0.0263,0.0284,0.0306,0.0336,0.0407,,0.3943324816226959,0.4161019623279571,0.7884238405644893,0.036169858,0.1450865054130554,0.057043814,0.072043814,0.087043814,0.1070683029666543,0.8426698232531548,0.9815876732349396,0.8621490042805672,0.071249518,0.075094481,0.078814481
0.178765,0.025348025,8.989685127592485e-05,0.015176345,-0.726413024,0.0124,0.0165,0.0196,0.0225,0.0253,0.0281,0.0308,0.0341,0.0386,0.047,,0.4012783567607403,0.4146087020635605,0.7377811948344112,0.040085385,0.1283880230784416,0.068296852,0.08334476,0.098376979,0.1133865483799018,0.8956708082258702,0.8918268649704755,0.990574782,0.075268841,0.083033246,0.077673188
0.174141,0.021969701,6.760559098929129e-05,0.02851097,-0.648150834,0.0115,0.0143,0.0169,0.0201,0.0219,0.0238,0.0267,0.0297,0.0331,0.0412,,0.3779419242590666,0.4408334344625473,0.7549725666470826,0.036378784,0.1157482671737671,0.055748267,0.070748267,0.085748267,0.1007482671737671,0.8139279583841562,0.9777643755257128,0.9890942066907884,0.083850607,0.076176,0.076646484
0.186748,0.02409858,6.647889026353791e-05,-0.195524637,-0.610369923,0.0131,0.0166,0.0199,0.022,0.0242,0.0269,0.0293,0.0316,0.0348,0.041,,0.3981261014938355,0.4094263672828674,0.7525503741681575,0.048631666,0.1242102771997451,0.063631666,0.079210277,0.094210277,0.1092102771997451,0.8229822025150061,0.9651365219116212,0.8033434361398221,0.053144769,0.070921808,0.05976315
0.181161,0.026813133,9.195965969379054e-05,0.029659387,-0.491538491,0.0142,0.0181,0.0213,0.0237,0.0265,0.0292,0.032,0.0352,0.0399,0.0497,,0.3541572484374046,0.4576429150998592,0.7875901090532541,0.047785979,0.1227859786152839,0.062785979,0.077785979,0.092785979,0.1077859786152839,0.8305030616909266,0.8109671187460423,0.9315193065077066,0.077525788,0.06877829,0.075585096
0.16743,0.023851175,0.000115125,0.081574014,-0.640691763,0.0102,0.0142,0.0179,0.021,0.024,0.0273,0.0304,0.0338,0.0382,0.0518,,0.397941573,0.4301750779151916,0.5176933310776949,0.040577436,0.1425061750411987,0.065910191,0.080910191,0.095910191,0.1275061750411987,0.94007453,0.9343901218742132,0.9222859816551208,0.073817652,0.077331794,0.075551642
0.151764,0.025324587,0.000136131,0.5505576815604405,0.2978378944299407,0.0103,0.0149,0.0189,0.0218,0.0246,0.0275,0.0307,0.0347,0.0395,0.0604,,0.360012537,0.4748800620436668,0.721822054,0.037191901,0.136619616,0.05542871,0.091619616,0.106619616,0.121619616,0.822456252,0.8272752488374711,0.8258122866272927,0.077124643,0.079230165,0.098262419
0.14871,0.022039596,9.510474302241449e-05,-0.039810499,-0.832679829,0.0084,0.0123,0.0165,0.0191,0.0219,0.025,0.0283,0.0313,0.0351,0.0437,,0.3607088732719421,0.4817138195037841,0.5493176334768534,0.036531131,0.1279164889454841,0.067916489,0.082916489,0.097916489,0.1129164889454841,0.8953499373797328,0.9609160409212112,0.8633569022148848,0.069988991,0.082930777,0.083487575
0.150727,0.024579178,0.000108976,0.040230383,-0.855201347,0.0105,0.0143,0.0178,0.0213,0.0247,0.0279,0.0311,0.0344,0.0388,0.0475,,0.3793321795016527,0.4566428899765015,0.6914158977270126,0.035691954,0.1388938480615615,0.070613758,0.093893848,0.1088938480615615,0.1238938480615615,0.8455582320421935,0.9837938407897948,0.9846529386460782,0.066080393,0.082641249,0.075079533
0.161692,0.024874447,0.000127716,0.1886622529259211,-0.413556756,0.0104,0.0142,0.0181,0.0214,0.0246,0.0276,0.0307,0.0344,0.0396,0.0544,,0.3677537524700165,0.4618378378450871,0.5932126346021891,0.036940281,0.1353119421005249,0.060295166,0.090249587,0.1052591261439025,0.1202591261439025,0.8217140447586775,0.8428361839473247,0.8227565780758859,0.068781286,0.083191082,0.089161261
0.157457,0.024693198,0.000110622,0.001535778,-0.851085075,0.0102,0.0146,0.0183,0.0219,0.0245,0.0277,0.0308,0.0347,0.0394,0.0462,,0.3931919948011637,0.4403882920742035,0.6337736344277859,0.044925763,0.140532899,0.080532899,0.095532899,0.110532899,0.125532899,0.9037829179257154,0.9790042580783368,0.8201170059919358,0.072307124,0.079879234,0.079443873
0.146164,0.022598862,0.000103942,0.014619277,-0.818912613,0.0087,0.0126,0.017,0.0197,0.0224,0.0254,0.0287,0.0325,0.0363,0.0449,,0.3736523333191872,0.4757906109094619,0.5110666069597005,0.042306466,0.1226507359743118,0.062650736,0.077650736,0.092650736,0.1076507359743118,0.9226927727125586,0.8823752279043198,0.9037894637856632,0.052854381,0.094561004,0.082745345
0.16383,0.024928596,0.000106565,-0.171377127,-0.785100786,0.0101,0.0151,0.0194,0.0226,0.0255,0.0284,0.0312,0.0347,0.0386,0.046,,0.3765498942136764,0.4493123205378652,0.5820649652123451,0.037428424,0.1374938476085662,0.077493848,0.092493848,0.1074938476085662,0.1224938476085662,0.9200267136186362,0.9682253434598446,0.8307360719501973,0.081782522,0.081004265,0.098150034
0.157783,0.026390949,0.000142341,0.4731083600331001,-0.000193709,0.0113,0.0157,0.0189,0.0222,0.0256,0.0289,0.0321,0.0361,0.0423,0.0643,,0.3537508389353752,0.482126585,0.7355010462339967,0.047429266,0.1421367168426513,0.062429266,0.077429266,0.092429266,0.1074292662739753,0.8839065685547889,0.924619114,0.9155919550389052,0.070232757,0.074399015,0.07519095
0.15408,0.022904027,9.914402977231486e-05,-0.02478063,-0.772500553,0.0091,0.0134,0.0174,0.0201,0.0228,0.026,0.0291,0.0321,0.0363,0.0443,,0.4007067774236202,0.4314067348837853,0.5226525519669056,0.045651349,0.1354602879285812,0.07405479,0.089898163,0.1053950070999562,0.1204312710568308,0.8938459660138935,0.858609823,0.925289794,0.054947286,0.085239577,0.071142633
0.120748,0.019751222,4.97036513342193e-05,-0.063851821,-0.440933163,0.0108,0.013,0.0162,0.0181,0.0197,0.0216,0.024,0.0262,0.029,0.0394,,0.4132074296474456,0.4559839159250259,0.8684279170811176,0.035761029,0.1457427334785461,0.050761029,0.086314299,0.1101853401005268,0.1270020918011665,0.9900664550244808,0.8941752435725182,0.8131030587613584,0.091262301,0.070753895,0.098172878
0.114503,0.020492214,5.2049458552477784e-05,-0.096929098,-0.520289005,0.0109,0.0139,0.0165,0.0184,0.021,0.0225,0.0246,0.027,0.0301,0.0377,,0.3843930169846862,0.4961957991123199,0.8840754234284163,0.037635855,0.1372726565599441,0.05264001,0.070711258,0.096696335,0.1117169652163982,0.9592711406558752,0.8306726030111313,0.8931962012983858,0.066497697,0.081651618,0.066939437
0.117082,0.020666181,6.266154005273104e-05,-0.008993417,-0.744921567,0.0104,0.0128,0.0162,0.0184,0.0205,0.023,0.0253,0.028,0.0314,0.0391,,0.418426414,0.4565998144447803,0.7836350743398071,0.04010796,0.1320622645318508,0.071379509,0.08691449,0.1019727957192808,0.11700706,0.8167816529124976,0.9769591896295547,0.963166712,0.073599436,0.07996315,0.073112694
0.119129,0.021793853,6.648150502805918e-05,-0.099025991,-0.838294259,0.0107,0.0141,0.0168,0.0197,0.0219,0.024,0.0272,0.0297,0.0329,0.0377,,0.408779447,0.4628626391291618,0.8229133252501487,0.048432415,0.1475895595550537,0.063432415,0.078432415,0.093432415,0.1242344334095716,0.8757235558561981,0.8136215294539929,0.9248221731290222,0.052905664,0.061204182,0.098544267
0.116297,0.020768485,5.073765975857357e-05,-0.211337737,-0.428442827,0.0113,0.0147,0.0167,0.0191,0.021,0.0229,0.0251,0.0272,0.03,0.0372,,0.4036995059251785,0.4760063171386718,0.9053632054030896,0.036839412,0.1422633171081543,0.052650722,0.07048085,0.086413148,0.10222194,0.9638949943929912,0.8398108493208886,0.8913473665066064,0.058119159,0.064938418,0.070043166
0.124659,0.021350248,6.0024588330548904e-05,-0.060149054,-0.68421845,0.0109,0.0143,0.0167,0.0193,0.0214,0.0235,0.0259,0.0285,0.0319,0.0375,,0.4188719493150711,0.4445578992366791,0.8381880654662848,0.036226571,0.1453250789642334,0.057462754,0.084033959,0.1153250789642334,0.1303250789642334,0.8917635482471437,0.8558966203689575,0.9895325415492058,0.056562619,0.075868756,0.064680386
0.136254,0.017612025,5.999277167120474e-05,-0.066340584,-0.820264751,0.0075,0.0099,0.0132,0.0156,0.0181,0.02,0.0226,0.0247,0.028,0.0354,,0.4182372468709945,0.4387731343507767,0.5460388220429421,0.040853371,0.1297023518197238,0.056760642,0.084702352,0.099702352,0.1147023518197238,0.8710657697781921,0.9904599080324172,0.8380228605091572,0.081253731,0.08885011,0.074499494
0.118929,0.020286679,5.379830185916188e-05,-0.021612868,-0.571644834,0.0108,0.0134,0.0161,0.018,0.0201,0.0225,0.0244,0.0271,0.0301,0.0382,,0.4149259519577026,0.4592528693377972,0.8486346975803375,0.039345,0.1393902736902237,0.054402053,0.07577948,0.1093902736902237,0.1243902736902237,0.9204747566469014,0.8791396367639304,0.98038397,0.065102223,0.073148423,0.065037858
0.123121,0.018102783,6.505908558922913e-05,-0.022862688,-0.793411581,0.0066,0.0105,0.0129,0.016,0.0179,0.0206,0.0229,0.0258,0.0288,0.0378,,0.4084853318333626,0.4570701777935028,0.528775049,0.040885111,0.1463216292858123,0.056768737,0.077204261,0.093105092,0.108950919,0.983313188,0.8908924916438759,0.9549438995480538,0.082710187,0.086312929,0.092674425
0.111388,0.019814456,4.7103305873094125e-05,-0.190878842,-0.369509573,0.0106,0.0139,0.0162,0.0182,0.0199,0.0219,0.0239,0.0259,0.0285,0.0361,,0.3976107358932495,0.4782440602779388,0.91418112,0.035340025,0.1476127541065216,0.050340025,0.080518706,0.097347687,0.1123476871907711,0.9722043146938084,0.8170787383019924,0.8236357010483742,0.056002629,0.054146215,0.095261501
0.171874,0.02268907,9.37329015857541e-05,-0.081539302,-0.707632098,0.0092,0.013,0.0169,0.0208,0.0234,0.0258,0.0285,0.0314,0.0355,0.0464,,0.376967781,0.44269589,0.5158440551072359,0.038621587,0.1363153308629989,0.064554378,0.091245103,0.1062492802649736,0.1213102119490504,0.8720675743713975,0.972894205,0.8229390538513661,0.055820957,0.091412516,0.088008841
0.15773,0.022996425,8.897905915837552e-05,0.2171445711201457,-0.454362483,0.0113,0.0146,0.0178,0.0203,0.0229,0.0255,0.0284,0.0315,0.0355,0.0518,,0.356928394,0.4742877453565597,0.7584061388812959,0.036846476,0.1272972843050956,0.056461457,0.082297284,0.097297284,0.1122972843050956,0.8743722182154655,0.9708361136078836,0.8165408321082592,0.061137365,0.089514761,0.078727486
0.165798,0.024036165,8.151856056440135e-05,-0.06921782,-0.646463267,0.0117,0.0154,0.0185,0.0216,0.0242,0.0269,0.0297,0.0324,0.0356,0.0491,,0.3775832758843899,0.4478343894705176,0.7129899059319869,0.044700516,0.1469138145446777,0.065501259,0.096540919,0.1119177174121141,0.1315840173661708,0.8391324359178544,0.8139515757024288,0.9860170619249344,0.065487386,0.089519821,0.083397784
0.16437,0.020897787,6.372221710992331e-05,-0.038971986,-0.702349433,0.0107,0.0135,0.0159,0.0187,0.0213,0.0233,0.0256,0.0284,0.0314,0.0415,,0.4172276192903519,0.4144062876701355,0.7050558509264141,0.037152705,0.1178164899349212,0.05781649,0.07281649,0.08781649,0.1028164899349212,0.9589590399712324,0.9631550773382188,0.8663803462862969,0.079864391,0.090581405,0.082779626
0.164646,0.023055062,0.000109968,0.2177439596050402,-0.273419579,0.0087,0.013,0.0169,0.0198,0.0225,0.0254,0.0285,0.0323,0.0366,0.0554,,0.3776937517523765,0.4461779553443193,0.5104830257266759,0.045869151,0.1465435123443603,0.061162554,0.092819949,0.107959719,0.1314307935535907,0.834904368,0.8437521117091179,0.9628169090270996,0.06858576,0.082964386,0.083811522
0.163354,0.022640277,9.836729527371242e-05,0.2489826515287023,-0.398670809,0.01,0.0136,0.0169,0.0195,0.0221,0.0248,0.028,0.0309,0.0354,0.0499,,0.3932844676077366,0.4278318181633949,0.6636911788344383,0.035598059,0.1410111594200134,0.051674712,0.089651323,0.1053379159264266,0.1211469506055116,0.830373892,0.8123796283245087,0.8085248430788518,0.054449266,0.097909485,0.089160498
0.155887,0.020979704,9.62072256362534e-05,0.1816846608357612,-0.502993093,0.0085,0.0123,0.0152,0.0183,0.021,0.0236,0.0265,0.0299,0.0337,0.0511,,0.3722655181586742,0.463066204,0.5357969338774681,0.038103853,0.1350835919380188,0.053323214,0.068325761,0.083340524,0.098365251,0.8287981786370278,0.8531494652837515,0.841657043,0.053438109,0.086782697,0.087733835
0.163841,0.02054007,7.474203209187665e-05,0.1421977565252257,-0.536103302,0.009,0.0121,0.0153,0.0177,0.0209,0.0232,0.0255,0.0281,0.032,0.0464,,0.3647162851691246,0.4696159392595291,0.6877858137868345,0.036101459,0.1169682145118713,0.056968215,0.071968215,0.086968215,0.1019682145118713,0.943144731,0.842677616,0.8189029659867287,0.061244406,0.094474155,0.09075558
0.16554,0.023187162,0.000100557,-0.070491816,-0.702309814,0.0096,0.0136,0.0172,0.0206,0.0235,0.0263,0.0294,0.0325,0.0361,0.0491,,0.3847616328974254,0.4438706055283546,0.5283074090838432,0.044163885,0.1253376072645187,0.065337607,0.080337607,0.095337607,0.1103376072645187,0.8950668336326256,0.8447791088342667,0.8567439134210348,0.070975865,0.086358592,0.090658484
0.167114,0.022108759,6.937982033687482e-05,-0.108311101,-0.765006344,0.0101,0.0144,0.0172,0.0196,0.0224,0.0251,0.0274,0.0299,0.0328,0.0431,,0.407873108,0.4196118533611297,0.7240793745894916,0.039136508,0.1183847272396087,0.058384727,0.073384727,0.088384727,0.1033847272396087,0.985312573,0.926191976,0.8795135690763594,0.075087659,0.092649795,0.078009138
0.185681,0.022700223,9.752253502251364e-05,-0.042995729,-0.769296853,0.0091,0.013,0.0176,0.0203,0.0229,0.0257,0.0285,0.0321,0.0359,0.0453,,0.3540180200338363,0.4525476761162281,0.5138035981178284,0.043523901,0.1207539474964141,0.059009438,0.075753947,0.090753947,0.1057539474964141,0.8083581633836031,0.9785192696809768,0.974064616,0.053947517,0.060879618,0.06623286
0.165853,0.020937112,8.055976039161722e-05,-0.103403341,-0.825328418,0.0081,0.0125,0.0158,0.0187,0.0211,0.0237,0.0266,0.0293,0.033,0.0402,,0.3695574830472469,0.4540998313575983,0.5302654297292233,0.042343065,0.1408162450790405,0.066354307,0.081420451,0.096439336,0.111473363,0.8170430434912443,0.8111067578196526,0.9771069028913976,0.058798133,0.095585313,0.084702694
0.185851,0.022757185,9.4859782177744e-05,-0.045274499,-0.682799479,0.0095,0.0132,0.0167,0.02,0.0231,0.0263,0.0291,0.0315,0.0352,0.0476,,0.3526746502518654,0.4543895646929741,0.5194899903863668,0.044898431,0.1248936599493026,0.06489366,0.07989366,0.09489366,0.1098936599493026,0.8402978211134673,0.8592349445670844,0.9837717435061932,0.059033622,0.073473382,0.074429431
0.178429,0.023467164,8.746927470683323e-05,0.1195664600292208,-0.600842972,0.0111,0.0147,0.0176,0.0204,0.0229,0.026,0.0288,0.0323,0.0365,0.0485,,0.3632737976312637,0.4494389946106821,0.7190629920498468,0.036983836,0.13123982,0.051986259,0.08623982,0.1012398196756839,0.1162398196756839,0.947301757,0.9849957455158234,0.8061411479413509,0.071438821,0.09323989,0.080353392
0.181314,0.025450576,0.000104054,0.2159456835801017,-0.488372398,0.0126,0.0165,0.0195,0.0224,0.025,0.0277,0.031,0.0345,0.0389,0.0512,,0.3514174869656563,0.4611465409398079,0.7080078738234937,0.047051104,0.1381570369005203,0.0624618,0.091016248,0.1081168191134929,0.1231570369005203,0.8292769220709801,0.8205717337191105,0.993703011,0.05223014,0.066653629,0.094343486
0.185004,0.022420558,8.92494110679817e-05,-0.131315232,-0.874705252,0.0094,0.0135,0.0166,0.0204,0.0227,0.0254,0.0286,0.0316,0.035,0.0414,,0.4074637213349342,0.4019291341304779,0.541124579,0.046412333,0.1309786249697208,0.06331428,0.078550929,0.096264847,0.1125415247611701,0.8452832762718201,0.9619080255627632,0.8759035855188966,0.07912743,0.090375678,0.06995295
0.172036,0.021940416,9.27260978741889e-05,-0.03186883,-0.816490779,0.0087,0.0125,0.0167,0.0193,0.0219,0.0245,0.0277,0.0315,0.0349,0.0451,,0.380129332,0.4428716257214546,0.5153816825062036,0.035805364,0.1280785131454467,0.06349208,0.078503201,0.093503201,0.1085032005533576,0.8527803382769227,0.9870208485126496,0.9760584219157696,0.078031469,0.090677973,0.086541391
0.177456,0.025171847,0.000103731,0.01447883,-0.741153318,0.0116,0.0155,0.019,0.0221,0.0251,0.0281,0.031,0.0346,0.0386,0.0501,,0.3947619077563286,0.4227460324764251,0.6657739127621054,0.048376839,0.1252277997136116,0.063378455,0.0802278,0.0952278,0.1102277997136116,0.821060824,0.8074614640533925,0.8431638959109784,0.088325486,0.086555978,0.092183711
0.184202,0.024044811,8.887892034041404e-05,0.036449474,-0.763172328,0.0114,0.015,0.0181,0.0211,0.0241,0.0269,0.0297,0.0327,0.0369,0.0472,,0.3713430775701999,0.4357670351862907,0.6837503161892294,0.03634305,0.1393374401330948,0.066534068,0.082014035,0.097470508,0.1129808073038235,0.8316204712659121,0.9812159395039082,0.8797380851387978,0.081315768,0.078650866,0.070023117
0.187645,0.025519012,7.742401674766002e-05,-0.168248674,-0.60733386,0.0131,0.0177,0.0205,0.0232,0.0261,0.0286,0.031,0.0334,0.0368,0.0442,,0.3976828388869762,0.4086447298526764,0.7472042010203004,0.047681765,0.1374197763204574,0.062681765,0.081371952,0.096984812,0.1204441877141594,0.8169500114172698,0.9325409149259328,0.8122737571239472,0.088248091,0.094692121,0.080325797
0.164254,0.021841759,8.994813376640851e-05,0.02410821,-0.727923747,0.0088,0.0124,0.0167,0.0193,0.0217,0.0243,0.0275,0.031,0.0343,0.0448,,0.3602845019102096,0.4677334904670715,0.6385320716902614,0.040830552,0.1403950560092926,0.055840864,0.079997299,0.094997299,0.1204904221087694,0.9873686738163232,0.9437633388668298,0.804370511,0.051161102,0.089994839,0.093530777
0.165103,0.018500553,5.565352406489968e-05,-0.091246916,-0.842791604,0.0084,0.0116,0.0137,0.0168,0.0185,0.021,0.0232,0.0257,0.0282,0.0347,,0.4142005181312561,0.4178344458341598,0.6500815830767155,0.040335401,0.1153354012221097,0.055335401,0.070335401,0.085335401,0.1003354012221098,0.841616183,0.9934958178579808,0.8913404466286302,0.055322032,0.059182459,0.097470085
0.16914,0.018705064,6.435872647478174e-05,-0.114567808,-0.785002884,0.0071,0.011,0.0138,0.0167,0.0193,0.0216,0.0234,0.0263,0.0289,0.0377,,0.3797258644551038,0.4486840094439685,0.5383149346500635,0.03846355,0.1250882056355476,0.054772222,0.070667871,0.088840742,0.1039348251610994,0.8379194027632475,0.9922724292814732,0.8141059401452542,0.065087029,0.083837568,0.075438257
0.165767,0.018526612,5.459595126450037e-05,-0.045904508,-0.819086791,0.008,0.0112,0.014,0.0164,0.0187,0.0207,0.023,0.0254,0.0285,0.0359,,0.4106310376524925,0.4140994250774383,0.6629071088209748,0.037751877,0.1451339864730835,0.053859466,0.072592369,0.088751342,0.1078105905309319,0.8536829626724124,0.9733096503019332,0.8112975161910058,0.075950162,0.083481072,0.086186015
0.170451,0.019331062,5.884928814248915e-05,0.04981664,-0.5770694,0.0086,0.0127,0.0147,0.0169,0.0191,0.022,0.0239,0.0261,0.0293,0.0422,,0.3884684656187892,0.4300369679927826,0.6791289154440164,0.036631832,0.1458879971504211,0.051631832,0.077037237,0.093600697,0.1240198970913886,0.8208772326916457,0.9885465293943884,0.8253256190598012,0.075887525,0.082737767,0.088208809
0.145274,0.017486333,5.9979851004053985e-05,-0.058268506,-0.842621758,0.0074,0.0098,0.013,0.0152,0.0178,0.0198,0.0223,0.0246,0.0278,0.0351,,0.4058648946881294,0.4382749326527119,0.5169650741279125,0.037213458,0.1455916929244995,0.053457958,0.069713862,0.084713862,0.1265424287587404,0.900028175,0.8278440349698066,0.9795635168850422,0.058045922,0.087950485,0.096383175
0.163563,0.019120021,6.428196126626216e-05,0.089379227,-0.670034548,0.0079,0.0116,0.0138,0.0172,0.019,0.0212,0.0237,0.0263,0.0301,0.0392,,0.3860864859819412,0.4412198513746261,0.6573858036741614,0.035746178,0.1465700006484985,0.053838083,0.076192135,0.1006034795939922,0.1156034795939922,0.9946428514420986,0.8830393099188805,0.813628544,0.051711923,0.060712309,0.074309106
0.164841,0.018601486,6.985193008784586e-05,0.091002149,-0.617525982,0.007,0.0114,0.0137,0.0159,0.0185,0.0212,0.0233,0.0258,0.03,0.0415,,0.3594961535930633,0.4683596938848495,0.5784848476678133,0.035809113,0.1256219679117202,0.050809113,0.076646831,0.092223392,0.1072782553166151,0.831722934,0.9956985020279884,0.8232017010688782,0.062932381,0.080513398,0.081658643
0.163749,0.019507885,7.405797724241645e-05,-0.04923936,-0.854460444,0.0073,0.0113,0.0147,0.0171,0.0194,0.0223,0.0246,0.0281,0.0308,0.0382,,0.4121872586011886,0.4194164514541626,0.5465231606930494,0.038879946,0.1325213146209717,0.062110006,0.083462445,0.098502235,0.1135408577532507,0.83845986,0.988343135,0.8332905363082886,0.055567687,0.085245605,0.087630212
0.161309,0.021799152,8.646682069784591e-05,0.1053734192145401,-0.71033654,0.0093,0.0129,0.016,0.0191,0.0218,0.0243,0.0271,0.0302,0.0345,0.046,,0.3715152412652969,0.4587110616266727,0.6623972592651843,0.042413215,0.144230558,0.057413215,0.098445566,0.1136987831532955,0.1289471900254488,0.8142464574068785,0.995101575,0.8272281307280064,0.059136379,0.078981917,0.089167375
0.121221,0.019056605,6.900285827689187e-05,-0.067326879,-0.844853631,0.0069,0.0108,0.0142,0.0167,0.0194,0.0216,0.0241,0.0267,0.0303,0.0362,,0.4039998945593834,0.4657451808452606,0.6775144074864685,0.048448957,0.1280470804870128,0.063615146,0.078615146,0.093615146,0.1086151463322341,0.8666406398430467,0.9933703505039216,0.907145261,0.090085771,0.07933759,0.090178519
0.12216,0.021216538,6.704361832450656e-05,-0.027300135,-0.788570567,0.0106,0.0132,0.0165,0.0189,0.0211,0.0239,0.0264,0.0287,0.0324,0.0396,,0.4144632056355476,0.4533254288136959,0.774319081,0.04683395,0.1397037017345428,0.06183395,0.07683395,0.1097037017345428,0.1247037017345428,0.9516610204935074,0.954143882,0.9921488553404808,0.059284966,0.083752437,0.087139729
0.115896,0.018213295,6.703612949551202e-05,0.031331383,-0.734157368,0.0066,0.0105,0.0128,0.016,0.018,0.0209,0.0231,0.0256,0.0291,0.0375,,0.4145501235127449,0.4606227822601795,0.5871236297160387,0.039286418,0.1390345579385757,0.070701297,0.08575381,0.100805504,0.1166893836639821,0.8439446414768697,0.8369466495275497,0.9634168074429036,0.080000663,0.076287841,0.080979613
0.121135,0.019081395,6.413565908160034e-05,0.1472620399567464,-0.619683788,0.0082,0.0119,0.014,0.0166,0.019,0.0212,0.0236,0.027,0.0298,0.0408,,0.4005343894660473,0.468416679,0.7592438642196357,0.04234757,0.1454041111469269,0.057821081,0.075096183,0.1154041111469269,0.1304041111469269,0.8870491936221719,0.9879087543785572,0.8315599133074284,0.053685173,0.054872274,0.095579804
0.119726,0.018337785,5.0128694421214594e-05,0.011172645,-0.702701633,0.0089,0.0122,0.014,0.0166,0.0184,0.0204,0.0226,0.0246,0.0279,0.0354,,0.3889473705738783,0.4849100321531295,0.7940766605615616,0.041359527,0.1190836691856384,0.058515971,0.073641077,0.088982957,0.1039829571396112,0.8404747226506472,0.9735043209016324,0.8750410264879466,0.064857498,0.074908566,0.067414494
0.111358,0.020860893,8.74415854268913e-05,0.043900114,-0.846897706,0.0077,0.0124,0.0149,0.0178,0.0211,0.0234,0.0264,0.0299,0.0337,0.0414,,0.4072889217734337,0.4667410746216774,0.7122089611217379,0.035562212,0.1469843363761901,0.081193327,0.096193327,0.1111933266639709,0.1261933266639709,0.9931492803543808,0.8701415267288685,0.8961551737219096,0.051646811,0.078554935,0.064466144
0.121715,0.019626155,6.153606690240225e-05,0.029375933,-0.785305836,0.0094,0.0118,0.0149,0.0171,0.0198,0.0217,0.0245,0.027,0.0304,0.0369,,0.3908188190311193,0.4816818356513977,0.7820089032009244,0.045338224,0.1383846700191497,0.060344024,0.078622415,0.1019002957217395,0.1173616634026169,0.8277556903839112,0.979323932,0.8308472961306572,0.069647657,0.078715247,0.079701373
0.11687,0.019530321,5.69616610335499e-05,0.043256889,-0.709416724,0.0098,0.0121,0.0151,0.0171,0.0199,0.0217,0.0239,0.0266,0.0297,0.0375,,0.4159437510371208,0.4598952360451221,0.8038273817047477,0.038246166,0.1302337377890944,0.06735109,0.08235109,0.097387579,0.1123978536501526,0.8613801008284092,0.8735736790239811,0.9835161702394486,0.054875109,0.07321129,0.072633562
0.119053,0.018585703,6.97238088494712e-05,0.008542863,-0.828338026,0.0068,0.0108,0.0133,0.0163,0.0183,0.0209,0.0235,0.0268,0.0299,0.0382,,0.4044833251833916,0.4679488122463226,0.5246991337180138,0.040176291,0.1318972399830818,0.069683982,0.085076539,0.1014427433751523,0.1164634736873209,0.8795129566900433,0.9931211128294468,0.8441585958063603,0.054755501,0.08766788,0.064313979
0.121184,0.019363192,8.182274275298706e-05,0.1821344908663718,-0.59545889,0.0073,0.0105,0.0141,0.0167,0.0188,0.0214,0.0246,0.0277,0.0314,0.0434,,0.3811155363544822,0.4905909061431884,0.5258653714388609,0.040827298,0.1309631834924221,0.060439185,0.079861405,0.094966498,0.1159319341622293,0.854824247,0.9699257533073424,0.9901317671060562,0.064382097,0.07844078,0.074891095
0.179728,0.023879326,9.522196930189804e-05,-0.099888216,-0.840846036,0.01,0.0147,0.0183,0.0212,0.0242,0.0272,0.0302,0.033,0.0369,0.0444,,0.4077853637933731,0.4038507223129273,0.5880927358835936,0.0467358,0.1331860530376434,0.066755989,0.088072149,0.10308257,0.1181726022496819,0.9323826938167216,0.964368313,0.8456910350501537,0.081105897,0.075571698,0.076636905
0.181086,0.025066694,0.000103532,0.1015787471377437,-0.616728722,0.0115,0.0157,0.0193,0.0222,0.0252,0.028,0.0312,0.0344,0.0384,0.0527,,0.3625650009512901,0.4460537202656269,0.6647211171537638,0.045615692,0.1442813909053802,0.06674626,0.08814896,0.1057104658335447,0.1207104658335447,0.9849159894675016,0.8935998974375426,0.8038677480816842,0.06090179,0.073342883,0.077368382
0.167629,0.021635914,8.291463637582965e-05,-0.03359246,-0.743037915,0.0087,0.0135,0.0163,0.0187,0.0221,0.0243,0.027,0.03,0.034,0.0423,,0.4141039496660232,0.410519215,0.5729016247987747,0.046582622,0.1295417688786983,0.063625851,0.078656105,0.093674189,0.1087537546440959,0.8863927756674588,0.8439492951095104,0.8447144428014756,0.054823806,0.086367497,0.085487816
0.184245,0.025442052,9.044682762192966e-05,-0.07027218,-0.730267666,0.0124,0.0166,0.0197,0.0228,0.0254,0.0283,0.0311,0.0344,0.0382,0.0493,,0.3976533363759518,0.4111860543489456,0.6713160816349089,0.045444506,0.133516614,0.064570291,0.085710659,0.1031211472935974,0.1184888252854347,0.912267513,0.8317767824172974,0.9049690104655922,0.053485071,0.094340809,0.088535036
0.157367,0.022861804,9.78753948608099e-05,-0.029414946,-0.705759525,0.0093,0.0132,0.0171,0.0202,0.0235,0.0259,0.0286,0.0318,0.0362,0.0468,,0.3560162341594696,0.4740667685866356,0.5121228,0.046899341,0.1319973811507225,0.062343954,0.086446594,0.1015190174221992,0.1169678427107632,0.9647464976161718,0.9605007678568364,0.8229361063718796,0.052801754,0.094164882,0.09534528
0.176543,0.023119095,0.00011132,0.1971608424274012,-0.496305708,0.01,0.0139,0.0175,0.0204,0.0232,0.0261,0.0291,0.0324,0.0372,0.0521,,0.3725094406306743,0.4340742021799088,0.5341154656559228,0.037113178,0.139154246,0.052739788,0.094154246,0.109154246,0.124154246,0.8412786374896765,0.9217239793106914,0.8974434269435704,0.075609673,0.071703557,0.073050607
0.205034,0.025250898,0.000123014,0.069117004,-0.544410353,0.0107,0.0146,0.0185,0.0219,0.0252,0.0284,0.0314,0.0351,0.0396,0.0544,,0.3643048313260078,0.4195983201265335,0.5162667976856232,0.039541503,0.133715044,0.059541873,0.086590536,0.1017326351400464,0.1167419201411306,0.8632147110804915,0.9261529081344604,0.8130910127997399,0.081657666,0.073496554,0.096817842
0.171849,0.024558113,0.000124523,0.1471029053579949,-0.611717457,0.0102,0.0143,0.0181,0.0215,0.0243,0.0275,0.0308,0.0345,0.0401,0.0528,,0.3793662663549185,0.4415767841041088,0.5307213693201542,0.038570189,0.1393904966115951,0.068196073,0.094390497,0.1093904966115951,0.1243904966115951,0.8291980151921511,0.8279429750084877,0.9059427240837366,0.071197171,0.076940415,0.062040251
0.18198,0.024169501,0.000101241,-0.010006154,-0.669994523,0.0106,0.0148,0.0181,0.0211,0.0242,0.0271,0.0302,0.0335,0.0374,0.0493,,0.3698961172997951,0.4400223419070244,0.5947295517861844,0.041217255,0.1299129077419638,0.067594845,0.083565284,0.098749129,0.1140391433221287,0.8814156684339046,0.8767808850437403,0.9631126096963882,0.074347062,0.083096387,0.087154694
0.184358,0.024766661,9.431950125066676e-05,0.1024766358244928,-0.598331028,0.0125,0.0163,0.0194,0.0222,0.0248,0.0277,0.0305,0.034,0.038,0.052,,0.3637181001901626,0.4443993784487247,0.7245041695745196,0.039132261,0.1325899592041969,0.054145091,0.069200948,0.086023113,0.1103958550177514,0.8588424091368914,0.8117060905575753,0.8506185985058546,0.05296839,0.088116708,0.079416713
0.164866,0.025172888,7.47263549067018e-05,-0.22785099,-0.643369497,0.0132,0.0171,0.0201,0.0232,0.0258,0.028,0.0304,0.0333,0.0364,0.0428,,0.3985898606479168,0.4314554557204246,0.7764273086875677,0.04271367,0.1366545468568802,0.068019355,0.091409278,0.1065450088307261,0.1215450088307261,0.835272236,0.8490026325762272,0.9760087673068046,0.068585169,0.08520392,0.073685083
0.154535,0.02389499,7.328627168713743e-05,-0.108903256,-0.705074098,0.0127,0.0158,0.0186,0.0218,0.024,0.0264,0.0294,0.0321,0.035,0.0419,,0.3876066648215056,0.4440971456468105,0.7785786781422793,0.035787304,0.1443858897686004,0.07231764,0.08865805,0.1049847503125667,0.1214551132068038,0.8456075302243233,0.8553395705640316,0.9924851776361464,0.064747747,0.073601856,0.071407595
0.158896,0.025260983,8.554163152502188e-05,-0.073807223,-0.751470323,0.0126,0.0165,0.0203,0.0227,0.0253,0.028,0.0309,0.0342,0.0374,0.0462,,0.4081919151544571,0.4212338030338287,0.7673868119627237,0.04526877,0.1385461115837097,0.065116468,0.080131925,0.1000964887270704,0.1150965033851563,0.9904006996780634,0.9535837480425836,0.9286702698588372,0.07328007,0.093362314,0.083319255
0.15535,0.024425796,7.402465658885648e-05,-0.215507822,-0.754961737,0.0127,0.016,0.02,0.0222,0.0248,0.0275,0.0302,0.0326,0.0357,0.0412,,0.4092638021707535,0.4259041383862496,0.7499335764326155,0.044775482,0.137543038,0.07734209,0.092372581,0.1074002937346697,0.1224489938795566,0.8534874916568399,0.8378921235382557,0.983588851,0.085084206,0.085457944,0.078654189
0.163583,0.022925243,6.390400045306665e-05,-0.101608485,-0.498301671,0.0127,0.0155,0.0181,0.021,0.0232,0.0253,0.0275,0.0305,0.0332,0.0419,,0.3639077344536781,0.4680501699447632,0.8242388201773166,0.042139362,0.117961665,0.057728098,0.072759702,0.087829826,0.1029335990548133,0.8096352097064257,0.8198807016193868,0.9650640495240688,0.062899182,0.074029457,0.089087861
0.165042,0.025118525,8.156842800382612e-05,-0.07058146,-0.647867327,0.0125,0.0174,0.0199,0.0224,0.025,0.0281,0.0309,0.0334,0.0369,0.0448,,0.3914573381096125,0.4378848046064377,0.7684165928073228,0.043573546,0.1432693839073181,0.070983988,0.085983988,0.1009839881330728,0.1159839881330728,0.8761914224132896,0.9830991407155992,0.8125743583500386,0.066708712,0.092052005,0.076134569
0.164647,0.02433146,6.939356011153534e-05,-0.146762432,-0.563093483,0.0131,0.017,0.0194,0.0221,0.0247,0.027,0.0292,0.0319,0.0356,0.0432,,0.3965612323582173,0.4267689913511276,0.78785336,0.041800084,0.1438416981697082,0.067331361,0.082331361,0.1076681247264146,0.1230179788380861,0.8363049185752869,0.984650968,0.8586501615405083,0.060805245,0.080026432,0.071586664
0.160637,0.024569767,6.888599687562664e-05,-0.260758384,-0.509759279,0.0133,0.017,0.0199,0.0226,0.0253,0.0275,0.0297,0.0321,0.0354,0.0431,,0.3574306336045265,0.4712691813707351,0.8625041735440493,0.038239303,0.1358688902854919,0.053239303,0.068239303,0.1040221724368632,0.1207808514744043,0.8135431049019098,0.9406486479759216,0.8125150514900685,0.087022805,0.087073389,0.088536676
0.156555,0.028193065,0.000119594,0.07467805,-0.706437832,0.0138,0.0178,0.0214,0.0249,0.0278,0.031,0.0345,0.0382,0.0429,0.0535,,0.4085806882381439,0.424137557,0.7462608,0.04095849,0.1409698188304901,0.078876814,0.093876814,0.1088768144071102,0.1238768144071102,0.9573195164769888,0.979865071,0.9693798204421996,0.058514191,0.083890168,0.075964174
0.162695,0.022361855,7.259278523193949e-05,0.089078394,-0.536449248,0.0109,0.0141,0.0173,0.0199,0.0228,0.0248,0.0272,0.0298,0.0335,0.0468,,0.3563316598534584,0.4760525703430175,0.7629389282628893,0.03588793,0.1241073811054229,0.064107381,0.079107381,0.094107381,0.1091073811054229,0.8233596508443356,0.9893671374559404,0.8128289848506451,0.069857553,0.078288435,0.095937203
0.162599,0.020218159,6.448488888601986e-05,-0.071579306,-0.816309501,0.0097,0.0124,0.0155,0.0179,0.0203,0.0229,0.0252,0.0279,0.0307,0.0382,,0.4030357307195663,0.4287439078092575,0.6783278046548367,0.039763628,0.1348697909712791,0.061008782,0.078585237,0.093696427,0.117807024,0.8328950571477414,0.9913361430704594,0.8210947474598885,0.058501782,0.078050162,0.092167684
0.161713,0.019262139,5.1268339898320154e-05,-0.015616166,-0.614818992,0.0101,0.0125,0.0152,0.0174,0.0191,0.0214,0.0236,0.0257,0.0285,0.0389,,0.3668837371468544,0.468273364,0.7555480429574847,0.036000276,0.1314353424310684,0.051316255,0.073266752,0.088291257,0.1033793100178241,0.8096099440157414,0.8053607448101043,0.9757589222729206,0.06819887,0.079998959,0.082907927
0.160973,0.019829298,6.651451189071583e-05,0.097829958,-0.591245357,0.0088,0.0117,0.0153,0.0179,0.0198,0.0219,0.0243,0.0273,0.0311,0.0448,,0.3553753274679184,0.4728904440999031,0.7078101559281349,0.038019376,0.1411208522319793,0.053488769,0.069655915,0.08518308,0.1223459647178649,0.9907211289256812,0.8380658164203167,0.8117716018915176,0.054106976,0.087705638,0.087682568
0.167853,0.020543219,8.221244027191762e-05,0.048521887,-0.670122003,0.0081,0.012,0.0155,0.0179,0.0203,0.023,0.0259,0.0288,0.0327,0.0434,,0.3707980905473232,0.454489554,0.5471088460564613,0.039728328,0.134952712,0.056813504,0.076712062,0.093806749,0.1121309163559228,0.8432107449501753,0.8428476404130459,0.9683428792953492,0.075274276,0.075729678,0.080815037
0.162423,0.020949118,7.207041512799533e-05,-0.088918904,-0.864875932,0.0097,0.0126,0.016,0.0183,0.0211,0.0235,0.0264,0.0292,0.0323,0.0382,,0.4150041809678078,0.41444532573223114,0.6349590572610497,0.037629254609346394,0.1451226282119751,0.065972853,0.084174953,0.10031349635049701,0.11645755988806486,0.8601167924642563,0.9853574637711048,0.8616303223222495,0.076291691,0.078663603,0.069963007
0.157592,0.019738948,6.046192903030306e-05,-0.026105051,-0.725703554,0.0098,0.0121,0.0153,0.0178,0.0197,0.0222,0.0245,0.0267,0.0303,0.0391,,0.3957512088119984,0.4353960081934929,0.7019238427933305,0.039531219527125364,0.12948047943413257,0.05501782,0.074949056,0.089949056,0.10494905605465174,0.9168412348777056,0.9889901161253453,0.8261642752230167,0.075267813,0.089512101,0.083471806
0.168551,0.019217362,5.907067882346813e-05,0.036794633,-0.669519397,0.0083,0.0124,0.0145,0.0168,0.0196,0.0216,0.0235,0.0262,0.0298,0.0415,,0.36137223958969117,0.4671400710940361,0.7038098991639912,0.036884705126285555,0.12576319575309755,0.051884705126285555,0.071365412,0.08639352,0.10141762265264988,0.9930282183170318,0.8273019011974335,0.8107350239694119,0.058546297,0.056070361,0.098077277
0.1751,0.020040732,6.697323456558198e-05,-0.041956364,-0.806966862,0.009,0.012,0.0154,0.0176,0.0206,0.0226,0.0251,0.0278,0.0308,0.0377,,0.39956897497177124,0.42106616497039795,0.6271045060515403,0.037742876,0.13812555015087127,0.058615176,0.074334789,0.089436718,0.1044909942060709,0.8157329807907343,0.8197578840196132,0.9298825532853604,0.061455677,0.09290344,0.092990075
0.149341,0.020896321,7.976764240995688e-05,-0.084927582,-0.730928637,0.008,0.0129,0.0157,0.0186,0.0214,0.0235,0.0263,0.0294,0.0325,0.0416,,0.36464322566986085,0.4789972066879272,0.5566539856195449,0.046951842904090886,0.14576403975486757,0.068136025,0.083153047,0.098153047,0.11315304696322419,0.8225224992007018,0.8296112424433232,0.9924108118355275,0.081629611,0.079925198,0.089501702