Porosity,Mean,Variance,Skew,Kurtosis,P10,P20,P30,P40,P50,P60,P70,P80,P90,P100,,Input1,Input2,Input3,Input4,Input5,Input6,Input7,Input8,Input9,Input10,Input11,Input12,Input13,Input14,Input15
0.148376,0.021816835,6.107363485418036e-05,-0.11516085,-0.680760764,0.0115,0.0143,0.0174,0.0198,0.0219,0.0244,0.0267,0.029,0.032,0.0402,,0.38925892803778006,0.4398801411998104,0.5666930266154567,0.038795968849139474,0.1436421003101055,0.070708673,0.062445342,0.1075913093088911,0.10847524277332803,0.8695802750642753,0.9174474699933984,0.9310432074101377,0.067252828,0.066449484,0.06940275
0.145053,0.019930704,6.290889235362987e-05,-0.024589966,-0.780578485,0.0094,0.012,0.0152,0.0175,0.0202,0.0223,0.0249,0.0272,0.0307,0.0369,,0.417807338,0.4005624017354407,0.7200301855467905,0.049331092987497875,0.1279732193085036,0.05885777,0.092957088,0.12141078203625928,0.097502556,0.8916605397154695,0.9005700408069618,0.8514363681185223,0.084810455,0.074967634,0.052810601
0.143195,0.019118545,7.074885540275385e-05,-0.094956055,-0.841880575,0.0068,0.0111,0.0141,0.0172,0.0193,0.0224,0.0244,0.027,0.0303,0.0388,,0.3873432656175003,0.4219396095587682,0.906695459,0.043357597,0.13682872655823963,0.047406116,0.0811518,0.10227185426871138,0.10251968195526517,0.9043824704040304,0.9926945703046507,0.9630642338697378,0.09067408,0.067019771,0.068147925
0.143636,0.019263042,7.549240750353405e-05,0.065676525,-0.653488987,0.0071,0.0111,0.0141,0.0166,0.0196,0.022,0.0242,0.0272,0.0308,0.0416,,0.3728127432914585,0.45027419318399636,0.5597140786130215,0.038207097,0.13057721782366796,0.053022743,0.062021293,0.09804887,0.083232044,0.976933637,0.8603652681852287,0.8395684442133655,0.081541554,0.076561609,0.069888111
0.144492,0.018988252,5.572121496308618e-05,-0.017274706,-0.783463723,0.009,0.0116,0.0146,0.0167,0.0193,0.0212,0.0233,0.026,0.0291,0.0372,,0.357557794,0.4903231625943866,0.8888088837464683,0.037039557388483677,0.12464840260398814,0.076483216,0.074137471,0.08160952,0.14373560470505986,0.8609765176101845,0.9845963108230821,0.843419089,0.079803231,0.083433913,0.06116805
0.143446,0.020045611,5.859515609476777e-05,-0.04416369,-0.820718989,0.0097,0.0128,0.0152,0.0175,0.0201,0.0223,0.0248,0.0275,0.0305,0.0363,,0.38198612759647343,0.49555079271434316,0.7798164311076142,0.036577087482535055,0.13005664501373815,0.07115905,0.11267700971424888,0.11820666436762137,0.12969380098242958,0.8973760540195803,0.8155312543129402,0.9380353554981529,0.082607907,0.095879267,0.098213845
0.144348,0.02208263,8.570416285183281e-05,0.2383927803026848,-0.479625536,0.0101,0.0133,0.0162,0.0187,0.0215,0.0243,0.0273,0.0309,0.0348,0.0481,,0.41470424887102025,0.49758838457856536,0.6826840352220289,0.041086844073380306,0.11802275696914204,0.073547401,0.086900192,0.078239708,0.085814369,0.8147651070764785,0.8958792256012809,0.8589282694525971,0.057918615,0.080501059,0.091446101
0.144228,0.019174827,6.19142679109898e-05,0.09291605,-0.639061309,0.0083,0.0125,0.0145,0.0167,0.0188,0.0216,0.0239,0.0263,0.0299,0.0424,,0.37896471637504375,0.4704219412046724,0.6043930552100762,0.049282345154410774,0.1367841646879072,0.04426135,0.060244023,0.085611902,0.12340028238660596,0.8884073040751165,0.9169415574643309,0.929403501,0.054126329152131836,0.087542533,0.081870637
0.143927,0.020572533,7.262837258017598e-05,0.1330055830845339,-0.661687683,0.009,0.0121,0.0156,0.0178,0.0201,0.0229,0.0258,0.0286,0.0319,0.0436,,0.3816459137591416,0.49809195401310563,0.7104225976871849,0.036213694,0.14329504043096042,0.052650708,0.091425675,0.069836655,0.12849219995823932,0.9030431212122626,0.8185749494863983,0.8832834052519816,0.086846081,0.088905837,0.095794134
0.138977,0.019556756,7.569882613852135e-05,-0.022723979,-0.77653403,0.0072,0.0115,0.0144,0.0169,0.0197,0.0225,0.0248,0.0275,0.0313,0.0419,,0.40163316497357093,0.4574430171527105,0.767766825,0.042436077,0.13721155858924092,0.065227249,0.11226006541633285,0.06976083,0.086651443,0.810844387,0.9468615049241627,0.8517302782212969,0.088500405,0.086624556,0.096004668
0.168963,0.022400233,9.663270595986432e-05,0.016467857,-0.651308077,0.0092,0.0131,0.0164,0.0194,0.0223,0.0254,0.0283,0.0316,0.0353,0.0483,,0.35114029231926036,0.42465932247377136,0.693694179,0.041400884,0.1290944812232238,0.084162419,0.082806929,0.12030254812026264,0.1188020793277403,0.95540178,0.8073287260206501,0.9770942390930569,0.073291103,0.062691317,0.055789163903298786
0.159887,0.021900896,7.235145120106887e-05,-0.057779967,-0.816059933,0.0109,0.0138,0.0165,0.0198,0.0221,0.0244,0.0274,0.0302,0.0331,0.0415,,0.37454235992258716,0.48134638617810743,0.6858284392691617,0.037657127,0.1251982304403753,0.062380152,0.063549606,0.12094402958155868,0.13940712173182784,0.9520910236237613,0.8765636809641597,0.8968164792632889,0.091973099,0.058829442311027345,0.087058245
0.156643,0.019351934,7.010060873801408e-05,-0.034054654,-0.760573297,0.0074,0.0117,0.0141,0.0172,0.0197,0.0219,0.0246,0.027,0.0303,0.0402,,0.35047936265761864,0.4003136917912045,0.8335047791249038,0.041391675,0.14548004142106566,0.053237325,0.064206978,0.094846972,0.11462862348947633,0.9827638099085692,0.9815564066570499,0.8791252417037643,0.055853963477109324,0.08430541,0.072018365
0.170658,0.022313049,7.657815380086101e-05,0.086274599,-0.497607705,0.0105,0.0138,0.0168,0.0196,0.0223,0.0251,0.0276,0.0301,0.0334,0.0476,,0.41681069486629746,0.4740692489461134,0.9043856331029354,0.037110123,0.1266311139388928,0.080421841,0.10143859688172337,0.10382385554318328,0.096402538,0.8668405487572911,0.9025316616064257,0.9246921741834786,0.080168184,0.061370632147982454,0.079075274
0.159706,0.021239714,7.869483642147283e-05,0.077556192,-0.751754988,0.0098,0.0131,0.0156,0.0185,0.0214,0.0235,0.0262,0.0297,0.0334,0.0415,,0.3827275025674353,0.45642391037790897,0.5265219916183079,0.040497018308416184,0.1105185691623336,0.044545861,0.11149036711116125,0.12082389714494557,0.090979726,0.889293921,0.9543003678782238,0.9926928905960268,0.056607138,0.054987518763347426,0.09582714
0.155854,0.023297331,0.000104679,-0.018935041,-0.736927542,0.0095,0.0135,0.017,0.0202,0.0233,0.0264,0.03,0.033,0.0367,0.0482,,0.3793081925212793,0.45256000565670035,0.5572988351772316,0.040045548523299425,0.13807075200428887,0.055449850269811474,0.10788219992993445,0.11723065599151311,0.13699311153758048,0.8134743676807143,0.9238083512255664,0.9388406459124791,0.063978126,0.09001,0.092956685
0.168915,0.02416885,9.574447535839792e-05,0.021073923,-0.803865995,0.0108,0.0147,0.0179,0.0216,0.0242,0.0271,0.0302,0.0334,0.0372,0.0465,,0.4004006135771941,0.43483934142345615,0.8577832363888107,0.042172177,0.1484456108632147,0.080535485,0.089294299,0.075570386,0.1445053789054567,0.8581024274572592,0.9121262480882096,0.8544634572807787,0.060058343787311765,0.063579044,0.054581993
0.169237,0.022688874,0.000104464,0.015589956,-0.799736651,0.0091,0.013,0.0165,0.0195,0.0225,0.0256,0.0288,0.0323,0.037,0.0491,,0.3572250358169399,0.41820938547990355,0.8141191693577863,0.046388139,0.12761547885126345,0.078662561,0.089157255,0.088604487,0.090086562,0.9700885945868502,0.8850413796796208,0.8948000548719649,0.055026456,0.055998728,0.061426778
0.157203,0.020896848,8.698690965096188e-05,0.044186583,-0.696123766,0.008,0.0117,0.0157,0.0183,0.0209,0.0234,0.0262,0.0292,0.0337,0.0437,,0.41092572999443866,0.4142565587437183,0.7637233086368393,0.039840459,0.12125703767680836,0.064908521,0.097763727,0.12227099510611975,0.11665828640716915,0.8012116670891456,0.8338472386597956,0.9057560008932493,0.092933153,0.092199246,0.098175259
0.167221,0.022284587,8.643333355395567e-05,0.025984553,-0.76926102,0.0095,0.0134,0.0165,0.02,0.0225,0.025,0.0277,0.0311,0.0346,0.0461,,0.3680217195597683,0.417143162,0.8776173317186183,0.040808406,0.12049471496045501,0.046254723,0.060070698,0.11131645875696781,0.14111635798401986,0.8103735179937804,0.8952092923555527,0.8901538587311046,0.085533061,0.058415879,0.092182613
0.187305,0.022294724,8.674318824545382e-05,-0.099729555,-0.812041369,0.0089,0.0138,0.0166,0.0197,0.0227,0.0251,0.028,0.0314,0.0345,0.0419,,0.41693316587608387,0.4678470806769959,0.7210951441987081,0.042178611,0.1488702184009721,0.085878883,0.086891616,0.11198711691698339,0.14399334903798502,0.9035336130019441,0.8286748500987666,0.9761184237030149,0.057396401,0.065951279,0.098346392
0.184276,0.024911922,7.285041145816044e-05,-0.120036827,-0.512808758,0.0132,0.0169,0.0205,0.0228,0.0251,0.0275,0.0298,0.0324,0.0361,0.046,,0.36999374991903156,0.4530935662155943,0.5387868631343139,0.043825074,0.12670305774156906,0.083572973,0.056540444,0.12816790364354128,0.11402303243782214,0.8694036847126858,0.8760078302838475,0.9637065903075686,0.076322249,0.079765342,0.084053148
0.180138,0.02436327,8.076634793799415e-05,0.01608279,-0.609851204,0.012,0.0164,0.0193,0.0218,0.0242,0.0268,0.0295,0.0326,0.0363,0.0455,,0.35729535405783786,0.4805591471111367,0.7294459951407112,0.037002607,0.1290066988428343,0.043118304,0.086328005,0.096710171,0.096659551,0.9005694227371419,0.981624514,0.8029175299240979,0.074482347,0.098550146,0.095853241
0.177928,0.028752906,0.000133829,0.3515262400349626,-0.171767122,0.014,0.0189,0.022,0.0249,0.0279,0.0312,0.0347,0.0385,0.0437,0.0609,,0.37770266660940527,0.4540297154843595,0.943089136,0.049739226,0.13864638165149823,0.066607111,0.084541269,0.095822567,0.087254796,0.9903256996653443,0.9206250273547472,0.9841332494625727,0.059583658876512305,0.087930091,0.098884157
0.182049,0.023898969,0.000117338,0.1140834289716865,-0.560536818,0.0098,0.0139,0.0173,0.0206,0.0239,0.0268,0.0299,0.0336,0.0383,0.0534,,0.3690999366983232,0.42990867805967153,0.512607159,0.038736003,0.1364239938950535,0.046157572559138986,0.056367123,0.081250619,0.14254357579159097,0.9548969494135353,0.8556415030271688,0.8302680890028081,0.077898223,0.075274785,0.091557505
0.181412,0.023522787,8.192777196055779e-05,-0.05501298,-0.800455499,0.0106,0.0152,0.018,0.0207,0.0237,0.0263,0.029,0.032,0.0359,0.0432,,0.35861368616474537,0.41249391059351403,0.5786862482944415,0.038770082,0.14789729217719716,0.091453916,0.086724636,0.09419324,0.12495672678813487,0.8518451158503428,0.9514504918912811,0.9922415877628061,0.082400056,0.06171149,0.066512302
0.177363,0.021641566,7.130861664061964e-05,0.1055340372783913,-0.595986413,0.0101,0.0139,0.0169,0.0191,0.0213,0.0237,0.0269,0.0294,0.0329,0.0442,,0.3576793165736843,0.4781581466893708,0.7958401674882041,0.046171968,0.12414766246265495,0.068676977,0.053223632,0.085201633,0.11255439364148973,0.9440402052281462,0.9828692911089008,0.8968138497071964,0.093500568,0.095557788,0.070660881
0.171039,0.023691073,7.534239008510929e-05,-0.01761116,-0.69926,0.0127,0.0156,0.0181,0.0213,0.0239,0.0261,0.0286,0.0321,0.0354,0.0424,,0.3903707613785314,0.4317701921985978,0.8697130073165474,0.048725452,0.11055536094823651,0.064798554,0.10966146278532934,0.083485521,0.12037086168019376,0.8957779648914381,0.8062515053295257,0.8139124438637707,0.081872522,0.050829342,0.052635492973280226
0.184365,0.024205823,7.946384845599801e-05,-0.003395248,-0.615314861,0.0124,0.016,0.0188,0.0215,0.0239,0.0266,0.0294,0.0324,0.0363,0.0495,,0.37504925970821845,0.4564717615145956,0.7285852580543807,0.048898657,0.12425616213681545,0.069894908,0.072671555,0.094822099,0.10171210848977787,0.8833074173984635,0.9996743066192413,0.8006277137595442,0.052665896,0.076602119,0.072889716
0.185842,0.024592569,7.673896130875888e-05,0.000895107,-0.506040016,0.0127,0.0164,0.0192,0.022,0.0245,0.0271,0.0299,0.0326,0.0361,0.048,,0.35377544941354067,0.4558917118719282,0.7017401179109335,0.03537263,0.13131753827054993,0.049655129,0.09773641,0.085052469,0.1107777188577471,0.9838478615413859,0.9632735069421261,0.9658708322344137,0.056517747,0.085168502,0.078935978
0.138624,0.018200124,6.508955715199331e-05,0.04598381,-0.61538881,0.0069,0.0103,0.0137,0.0158,0.018,0.0207,0.023,0.0254,0.0288,0.0419,,0.41634023254551156,0.4599655342398686,0.5491274651263183,0.039802297,0.13841670024486663,0.076923032,0.06941259,0.10099640521378205,0.091225146,0.9138606824243751,0.8933989453718011,0.9749933699609692,0.059563189579484095,0.062902538,0.095930545
0.139932,0.017348346,5.4391505725846015e-05,0.03131273,-0.716767014,0.0068,0.0104,0.0126,0.0152,0.0171,0.0197,0.0217,0.0243,0.0271,0.0369,,0.38583620982509564,0.4205422889833727,0.8656275030819589,0.048298232114528175,0.11414903489275091,0.082822843,0.10991434113881668,0.084228534,0.11723896234973653,0.832180066,0.9160090981876885,0.810458073,0.062817917,0.078105002,0.096714482
0.139376,0.01945073,6.614957369751332e-05,-0.080636239,-0.854266134,0.0084,0.0124,0.0146,0.0177,0.0195,0.0225,0.0243,0.0274,0.0303,0.0356,,0.3616805779666479,0.45058345728964433,0.627889126,0.04130283,0.11251912107358394,0.081316245,0.055194213,0.074727358,0.11923703286873712,0.9784635339948821,0.805700618,0.9744101804824787,0.06599747,0.055580006,0.080205357
0.136957,0.017450898,6.041241981427451e-05,0.003606427,-0.82881583,0.0074,0.0098,0.0129,0.015,0.0177,0.0196,0.0222,0.0246,0.0279,0.035,,0.37931234631108335,0.4250803850263533,0.8202782774599131,0.0381818,0.14301982072656066,0.045970785552997745,0.088832386,0.1073923420333892,0.097669587,0.9948473491294267,0.9364801745703006,0.9097242127600332,0.064878808,0.076072944,0.077438911
0.142021,0.017725017,5.268580340244238e-05,0.003794307,-0.728841767,0.0073,0.0105,0.0134,0.0155,0.0177,0.0201,0.022,0.0244,0.0275,0.0363,,0.3995988787841417,0.4751199932073558,0.8405961203707571,0.048201873,0.11565261200096041,0.065888847,0.11135908089019125,0.082211325,0.11948640116158897,0.911697527,0.9897630299832637,0.8320562260468464,0.078651337,0.099254963,0.064338437
0.117598,0.01633797,5.227938132722721e-05,0.061151276,-0.642708708,0.0056,0.0093,0.0122,0.0141,0.0165,0.0181,0.0207,0.0228,0.0257,0.0339,,0.3821952479253837,0.4323567737679602,0.5769605627008977,0.048398004,0.1459187260824421,0.07327771,0.1024565356312577,0.10916144369988381,0.11019349383690834,0.8242279362757569,0.8018602250562414,0.9325646324693505,0.09378959,0.09224699,0.09906616
0.141594,0.017847388,5.8647107248233355e-05,-0.062343505,-0.790192748,0.0077,0.0102,0.0133,0.0159,0.0181,0.0201,0.0226,0.0249,0.028,0.0351,,0.4192462214509546,0.4386819992661208,0.5754706891966692,0.038335825,0.13785790692909528,0.074993553,0.10073111520428368,0.11487222735170513,0.1344933945814321,0.967960997,0.9439612751924147,0.8843665716305716,0.058353938,0.054414186157150546,0.068776264
0.1323,0.018708469,6.297245803802693e-05,0.091023363,-0.743915266,0.0075,0.0113,0.0133,0.0167,0.0186,0.0206,0.0233,0.0261,0.03,0.0391,,0.3772283232285344,0.4775306146987761,0.6039176748517018,0.04781988,0.12277648549050214,0.071295013,0.10340018275980323,0.091683134,0.084736975,0.9614881050134175,0.8192974223092118,0.9375364726336841,0.084111542,0.093895603,0.078141022
0.133917,0.018258089,6.037059177597499e-05,-0.012243071,-0.747771432,0.0071,0.0107,0.0134,0.0159,0.0183,0.0207,0.0229,0.0256,0.0282,0.0368,,0.3679763815705242,0.48296742878206833,0.7254070171737643,0.044892672,0.11497998781045969,0.045187911696664834,0.058694161,0.088109512,0.10614910521976005,0.9212827667275281,0.8275702713842904,0.8710569412971437,0.081872256,0.085122519,0.08828237
0.139003,0.018336359,5.808201336709361e-05,0.00655822,-0.827271887,0.0076,0.0109,0.0135,0.016,0.0182,0.0207,0.0228,0.0257,0.0286,0.0372,,0.3574004948754329,0.4982468084971969,0.555076849,0.042427491052702306,0.11600968499841466,0.048190095,0.084386302,0.071150572,0.10935618568138367,0.9349710863504783,0.9120498053431733,0.8481060368416742,0.092752638,0.063655388,0.085242438
0.130921,0.01816942,6.192274688455402e-05,-0.082504651,-0.895177762,0.0077,0.0104,0.0133,0.0159,0.0183,0.0209,0.0232,0.0258,0.0288,0.0348,,0.3985817322681073,0.4437173776224775,0.7199426341575323,0.043341251,0.1366407122869523,0.061245396574399744,0.087016733,0.10908713108790312,0.14133489444868327,0.8037706024713094,0.8565800573325157,0.9986377392050919,0.070173383,0.071197144,0.088483322
0.139931,0.018665939,6.670447950363555e-05,-0.055248243,-0.803686713,0.0068,0.011,0.0137,0.0167,0.0188,0.0215,0.0238,0.0262,0.0296,0.0388,,0.4074937249390284,0.4532077235068467,0.7100795800197045,0.044202831201706115,0.13497169424765337,0.047628115,0.088559309,0.12339729843333558,0.096872154,0.8258765139724857,0.89150216,0.8637247528065753,0.053451130459002516,0.086710154,0.065211955
0.127881,0.0178459,5.715763871712479e-05,-0.090465336,-0.867463825,0.0076,0.011,0.0132,0.0159,0.0179,0.0205,0.0227,0.025,0.028,0.0336,,0.37169637798678334,0.41241194883953153,0.5246732153222192,0.047332752728648717,0.1264900453584524,0.089708481,0.069516993,0.10900556132713227,0.1127570979301329,0.8918356977264221,0.9671470607106363,0.8330488032556538,0.073317101,0.051278312,0.057188739017828526
0.127885,0.01755685,5.3337911940268046e-05,0.022089601,-0.715261194,0.008,0.0103,0.0134,0.0155,0.018,0.0197,0.0222,0.0241,0.0272,0.0355,,0.3724994210340374,0.4271934613639501,0.9040334186220086,0.043897744,0.11589769208266958,0.087975568,0.088759595,0.11350811916919067,0.12090131792415965,0.8983055350493865,0.9539355281448108,0.9096996023843531,0.058128346,0.050567386534256284,0.057547925
0.129017,0.018781449,6.825599397859426e-05,0.061764908,-0.787343027,0.007,0.011,0.0136,0.0165,0.0186,0.0211,0.0238,0.0264,0.0302,0.039,,0.41421541012269153,0.41439624589367474,0.8737482829456715,0.035201801244336056,0.11886583893749214,0.042010563,0.091461915,0.086399369,0.10828097768585555,0.8966523473937208,0.9727306265652286,0.8560541776896006,0.081590151,0.064688528,0.092832385
0.140827,0.019084762,7.672575776438358e-05,0.1653992712467727,-0.441007712,0.0072,0.0105,0.0139,0.0169,0.019,0.0214,0.0238,0.0269,0.0303,0.0437,,0.3684520550970229,0.4882604375475579,0.6272165736027815,0.040295823,0.14604302441017736,0.046002606926069514,0.11110589231571003,0.087386884,0.1432907400671953,0.8881347987699113,0.9908089620407763,0.9765721406518337,0.051343657,0.053030375,0.054691553938093856
0.127094,0.016738012,5.708420177123501e-05,0.033766094,-0.789910485,0.0056,0.0094,0.0122,0.0144,0.0167,0.0188,0.0212,0.0238,0.027,0.0339,,0.35956327919917624,0.423143221,0.8372912854253435,0.042860407,0.12239536823169789,0.089911047,0.069397104,0.076408009,0.082886222,0.868630116,0.9653014684990318,0.9044166537718474,0.085588341,0.052927757387707004,0.06144268
0.128723,0.016907386,5.225328941878986e-05,0.026964042,-0.854941315,0.0074,0.0104,0.0122,0.0148,0.0167,0.0189,0.0213,0.0235,0.0269,0.0329,,0.3800595960792697,0.4056499180341495,0.5024124459053897,0.04866297,0.14139487667996506,0.054411638326155524,0.073793333,0.083036298,0.085710123,0.860361748,0.8449238745040155,0.9371980055957455,0.082691748,0.097107094,0.059291818671716574
0.132728,0.017599931,5.534135103964096e-05,-0.021859309,-0.805519281,0.0069,0.0104,0.0127,0.0155,0.0176,0.0202,0.0221,0.0248,0.0274,0.0372,,0.3615737853066313,0.4516237104345664,0.7417878927505765,0.049705123,0.12237410271965139,0.091652797,0.064975779,0.081583063,0.11390301449260914,0.8612488639905493,0.8584870010660122,0.9178701781999044,0.064132507,0.052238969,0.078088186
0.132362,0.017601192,5.2073345348224174e-05,0.068666063,-0.7413354,0.0075,0.0107,0.0128,0.0154,0.0174,0.0199,0.0217,0.0244,0.0275,0.037,,0.3628567596270818,0.49904419948586254,0.6785507477783307,0.046381867,0.13913602178863965,0.074239432,0.10220558240920946,0.11818429714123835,0.12683598480989636,0.9677557572352354,0.81104666,0.8568272809457964,0.055773038991975665,0.089102894,0.088076885
0.170061,0.023301847,7.942015236210256e-05,-0.055741661,-0.817664502,0.0106,0.0151,0.0179,0.0204,0.0235,0.0262,0.0288,0.0317,0.0355,0.0432,,0.41170699791847454,0.49023227572099204,0.8102601313434816,0.041874982,0.11964807684588862,0.081808497,0.073051939,0.10223199155788645,0.087091152,0.9260155838751388,0.8387749256426792,0.8597937,0.085670762,0.088417851,0.066938836
0.174763,0.022749172,9.168074793697264e-05,0.034608355,-0.730714715,0.0096,0.0134,0.0176,0.0201,0.0226,0.0254,0.0282,0.0317,0.0355,0.0449,,0.4001480585193312,0.40863101023593557,0.6579020061427404,0.04992706,0.11680496804173891,0.083788727,0.095302117,0.085762351,0.127397318,0.8765094937306919,0.8253629374804622,0.9502786383697333,0.070726298,0.06125494,0.093383007
0.17024,0.020441971,6.049271563580642e-05,-0.028643739,-0.689553264,0.0103,0.013,0.0159,0.0184,0.0206,0.0228,0.0253,0.0277,0.0305,0.0401,,0.35463811991013994,0.4349456410390055,0.5942659255078111,0.03565291,0.1386070281653225,0.062886446,0.089357065,0.077871927,0.089830549,0.9290800813967885,0.9208481322157351,0.9181656186296926,0.050044229,0.070288998,0.063712456
0.172509,0.024497277,9.304841647645422e-05,0.1527414694393844,-0.511975802,0.0121,0.0157,0.0187,0.0214,0.0239,0.0268,0.0298,0.033,0.0375,0.0501,,0.38337023774188567,0.43145788455910394,0.9371652599752823,0.047942553,0.11282853970521801,0.059083498,0.10105705986352809,0.12043187729362805,0.092868536,0.8822694078768567,0.8944219018926259,0.8631768155060164,0.094357037,0.071737896,0.089255131
0.172962,0.021962854,8.992248645464391e-05,-0.040962768,-0.778248862,0.0087,0.0131,0.0165,0.0191,0.022,0.0249,0.0275,0.0307,0.0352,0.0429,,0.38722880553959427,0.42515868819664837,0.6016045120384168,0.042649749,0.11041235129032032,0.072438215,0.104328964,0.090381669,0.14236395623977569,0.9986939353741535,0.9284817339545308,0.8828588760567102,0.061934141,0.067475272,0.054060813
0.166358,0.021529819,9.068000009924392e-05,0.0600218,-0.577692762,0.009,0.0128,0.0161,0.0189,0.0216,0.0239,0.027,0.0299,0.0342,0.0499,,0.4141614542584821,0.48643245505783694,0.906610224,0.037070628766380495,0.135741068,0.057024931,0.077804407,0.12825988673145455,0.084189837,0.9943812598425459,0.8242839978220154,0.8032943309800925,0.072199907,0.087889878,0.073654634
0.172712,0.023020929,7.710019444576373e-05,-0.045203091,-0.799770978,0.0112,0.0148,0.0175,0.0202,0.0234,0.0258,0.0283,0.0314,0.0348,0.0424,,0.3789250112693913,0.4115125,0.5005032456782649,0.045926416,0.13391062789581895,0.090499399,0.11033042490257679,0.090717943,0.088177645,0.831394745,0.911607955,0.8661864121757211,0.093085759,0.059053916,0.060264654
0.16756,0.024572147,7.197659670288806e-05,-0.10960023,-0.609342229,0.0133,0.017,0.0195,0.0222,0.0249,0.0271,0.0295,0.0323,0.0363,0.0433,,0.3877453755956413,0.4759607771491692,0.8780150856995679,0.048638925,0.12179809041096487,0.056098738,0.06229184,0.12056445150868511,0.092584349,0.9800278940354475,0.8601240303812888,0.9643298292208599,0.053335052,0.076547869,0.060775143701047536
0.170997,0.022844843,0.000102188,0.1184320165107776,-0.526415192,0.0096,0.0135,0.017,0.02,0.0227,0.0253,0.0284,0.0315,0.0366,0.0492,,0.36970075635194155,0.4543853339263607,0.6483830893616043,0.041884592,0.1435681530456107,0.078100706,0.068419897,0.085201221,0.12314144467519764,0.9827555428330381,0.8297148401803359,0.95824641,0.073372477,0.064463141,0.077764491
0.172346,0.022827215,9.586513307901607e-05,0.016295458,-0.659356166,0.0098,0.0136,0.017,0.0199,0.0228,0.0256,0.0287,0.0318,0.0356,0.0491,,0.3798862575338612,0.46786305142760404,0.6198434369771114,0.046288041724163724,0.14165878300511806,0.047119591472352326,0.10904936487154182,0.097924189,0.13072289636753678,0.9786099679630557,0.9308729762903951,0.8395715836291607,0.078444733,0.09872344,0.085102727
0.121904,0.019552426,7.464774875584403e-05,-0.069182693,-0.847993575,0.0071,0.0111,0.0147,0.017,0.0203,0.0223,0.0248,0.0277,0.0311,0.0375,,0.3751169285327859,0.4785386846068318,0.5929761834054106,0.049350430512155444,0.13375976959504554,0.082942309,0.092366788,0.080008688,0.13435101872079702,0.9670337649235767,0.9736858226718893,0.807091697,0.086312193,0.081526636,0.073754899
0.119386,0.020320962,5.3374462127099765e-05,-0.101832959,-0.661954263,0.0106,0.0134,0.0163,0.0182,0.0204,0.0229,0.0247,0.0271,0.03,0.0386,,0.3679995406476204,0.49308500684735174,0.8180421960965241,0.04866881,0.14930270720105723,0.059249315,0.062533421,0.081711316,0.12146485397820947,0.9776463674688103,0.8285325166422574,0.9904160073998021,0.094732026,0.063965469,0.095966728
0.131048,0.020739895,5.841310092876621e-05,-0.031530319,-0.682793083,0.0106,0.0134,0.0164,0.0183,0.0209,0.0229,0.0252,0.0281,0.0307,0.0381,,0.3716918130162669,0.44207439889619693,0.5584857813666841,0.037143556,0.14976060885254514,0.076490982,0.077847786,0.098303191,0.10107596659689694,0.8474296872910813,0.8583868255184497,0.8262363312566343,0.082471058,0.096209825,0.072841693
0.122824,0.022006192,5.6665714790142915e-05,-0.180445875,-0.602002119,0.0116,0.0152,0.0176,0.0203,0.022,0.0243,0.0266,0.029,0.032,0.0372,,0.35512807424141035,0.46406817870531314,0.9381274468790798,0.047733028339109515,0.1287116778504919,0.080732572,0.070186918,0.10428568022347888,0.095355878,0.9007696099261966,0.8588744651329927,0.9992698780553331,0.068362898,0.080756182,0.082442064
0.118334,0.021230113,5.2734489849121735e-05,-0.202039975,-0.606521756,0.0111,0.0145,0.0172,0.0194,0.0214,0.0235,0.0255,0.0282,0.0308,0.0359,,0.3572228969935791,0.4809899223309133,0.7707166243017861,0.035729681508427216,0.13422782355789034,0.084700976,0.10605066774896123,0.12795036948842087,0.11561093558589762,0.9452963143479817,0.9799137986436596,0.8859123180053217,0.073691741,0.065629959,0.058404502
0.12226,0.016588566,5.5439987836760656e-05,0.037853267,-0.773125589,0.006,0.0095,0.0125,0.0141,0.0167,0.0185,0.0211,0.0236,0.0267,0.0348,,0.3719123865876826,0.418581814,0.6942251042673336,0.045892441,0.14023694095855285,0.066781936,0.069997236,0.089869927,0.12265708641802683,0.9435682705147682,0.8263474200828446,0.9673651063781767,0.073727055,0.059659678,0.069250019
0.118651,0.022067403,6.385766261556736e-05,-0.078947451,-0.654879239,0.0113,0.0148,0.0177,0.0197,0.0226,0.0243,0.0267,0.0297,0.0327,0.0388,,0.39899539261865163,0.48523872094021137,0.9090841737400842,0.037247486,0.12599378776922213,0.047891528502554924,0.10386079559551341,0.091630747,0.10364200021317964,0.8069119783082177,0.821441079,0.8702468312848005,0.082269456,0.076474959,0.054962365
0.119643,0.018804923,6.964042318894458e-05,-0.03569231,-0.789167861,0.007,0.0109,0.0137,0.0168,0.0189,0.0216,0.0238,0.0266,0.0298,0.0385,,0.4045377032227896,0.4988970088786002,0.6717076440874971,0.044473366,0.11808697259339343,0.050051947493739514,0.053674707,0.12471165805811135,0.12761927494281125,0.8651392975387828,0.9992047630487678,0.8309813553484221,0.062287157,0.070859983,0.069297799
0.122063,0.019078873,4.685851249602531e-05,-0.045088096,-0.593700087,0.0098,0.0127,0.015,0.0173,0.0192,0.0209,0.0231,0.0252,0.0282,0.0359,,0.41363722539842984,0.44162463664974594,0.5799516860111499,0.045007381,0.13999362806612697,0.072998831,0.094231567,0.10885965558003412,0.089039055,0.8368253299750583,0.8811314823879949,0.9662188490869164,0.091580494,0.082021762,0.060486928
0.115554,0.020390453,5.562091021671149e-05,-0.060824918,-0.6803225,0.0105,0.0131,0.0161,0.0179,0.0205,0.0226,0.025,0.0275,0.0303,0.0378,,0.4173181673486519,0.4880638160400103,0.6999899673092066,0.045902138,0.14244322648766244,0.047002291,0.065664503,0.075813264,0.10340561849053606,0.9713551429677952,0.8983694440419483,0.8016178270662824,0.055012795952525895,0.064174237,0.072030888
0.113283,0.017246416,5.9558533113887584e-05,-0.010735774,-0.828110855,0.0069,0.0098,0.0128,0.0148,0.0174,0.0194,0.022,0.0247,0.0277,0.0348,,0.35465619939500037,0.410327958,0.6331341104808405,0.038056138,0.13925667173388587,0.051824494,0.085947993,0.094207659,0.11995403996672903,0.9903604821670078,0.9562445526961869,0.9322915217860658,0.085384628,0.059865743,0.084838271
0.133185,0.018977867,7.169667362486491e-05,-0.035074425,-0.84797558,0.0069,0.0109,0.0137,0.0166,0.0193,0.0217,0.0239,0.0271,0.0302,0.0377,,0.4158516495263532,0.4124786261267551,0.5394328539341449,0.04634862,0.13505082863422535,0.050555383436165086,0.071777394,0.086550534,0.1332160345671979,0.8965390446699775,0.8099517134577616,0.862777129,0.095694698,0.097604276,0.06922609
0.09927,0.01585779,5.340431468451408e-05,0.1118872404796992,-0.717354681,0.0055,0.009,0.0116,0.0134,0.0155,0.0179,0.0203,0.0227,0.0259,0.0348,,0.3742168302187744,0.46672170005078667,0.8203883352345913,0.03627596,0.11351053327292031,0.079530988,0.11348164790910459,0.091828831,0.13059206205658322,0.952052685,0.8534389543335767,0.8111234214735688,0.065765173,0.070545103,0.08381664
0.102441,0.018471173,6.813184391542439e-05,-0.046188492,-0.881760507,0.0065,0.0103,0.0134,0.0161,0.0185,0.021,0.0237,0.0261,0.0294,0.0362,,0.41472287148724357,0.4367737548900403,0.6935253371116505,0.047172838,0.11960628601637426,0.066293577,0.070191174,0.10185279865608694,0.10828484075623775,0.9919888736731302,0.9557682013268155,0.8028579256554524,0.061940296,0.093242764,0.067737593
0.127063,0.016590445,5.4190176343761074e-05,-0.039969466,-0.817337351,0.0058,0.0095,0.0127,0.0146,0.0173,0.0189,0.0211,0.0235,0.0266,0.0356,,0.3863059847780525,0.4422433410037134,0.6714739318211106,0.037176685254879896,0.14353566186522038,0.053979962,0.087148659,0.089149679,0.096564513,0.8504068095079985,0.8090393734263509,0.8534896194025589,0.05816016,0.052300833,0.052511198
0.110833,0.016301576,5.086133800679239e-05,-0.016181227,-0.8687945,0.0068,0.0101,0.0118,0.0142,0.0166,0.0185,0.0208,0.0229,0.0259,0.0321,,0.38991960738986775,0.43290757692429294,0.849005832,0.044931571,0.12697852885846017,0.068605504,0.084099739,0.12590572126680072,0.13408043482066848,0.8043762626954839,0.8243098216158198,0.9549110760587491,0.087149827,0.057024028,0.06454482
0.101522,0.014368534,4.312718828340354e-05,0.033537799,-0.853689218,0.0055,0.0079,0.0103,0.0125,0.0144,0.0166,0.0183,0.0207,0.0233,0.0295,,0.3619918437124284,0.468436724,0.6913560852652116,0.035818428,0.11568487388903825,0.043324964,0.07441452,0.11027838623605413,0.12339045505407253,0.8068211057260354,0.9662584994218446,0.9065051992600012,0.082485029,0.068672746,0.082348685
0.119797,0.0163277,5.250360955311043e-05,-0.019803049,-0.814489477,0.0067,0.0101,0.0119,0.0143,0.0162,0.0185,0.0206,0.0232,0.026,0.033,,0.39329776368671526,0.44506471324162217,0.871954452,0.04858654,0.12880369562927654,0.057992672974295306,0.10028500905520489,0.09744258,0.09687704,0.943272471,0.9255533781305515,0.8218877462170602,0.094990699,0.067787166,0.068545973
0.112816,0.016118487,4.1608421069388286e-05,0.000901432,-0.844094553,0.0072,0.01,0.0124,0.0138,0.016,0.0178,0.02,0.0223,0.025,0.0301,,0.41416556072879884,0.4402217035832353,0.7437943711007278,0.035742191,0.1433365460025597,0.07006416,0.091046553,0.082478503,0.10226674448408489,0.8549880819737006,0.9525141779089961,0.8498461551387424,0.059979607778223164,0.062759697,0.072974482
0.121358,0.017216789,6.084047782438195e-05,0.005942295,-0.84906806,0.0064,0.0096,0.0125,0.0152,0.0173,0.02,0.0218,0.0248,0.0279,0.0342,,0.36797195944402117,0.4656932327443243,0.5423675020580547,0.040677519,0.11265901459343056,0.052756334,0.10103727057166789,0.0758151,0.11713187238447086,0.8821340458005155,0.9468487538915169,0.9296236328018752,0.074620516,0.07000372,0.068477374
0.144839,0.024940505,8.61947576270233e-05,-0.11520368,-0.758022825,0.0117,0.0166,0.0195,0.0222,0.025,0.0283,0.0312,0.0336,0.0368,0.0448,,0.3635186117807936,0.4784779063435706,0.8574915443373738,0.045539119,0.13059989774399483,0.046994937582525265,0.067307237,0.12535059196288043,0.08351393,0.8577713918885108,0.8640091044630578,0.8357034653586328,0.076872155,0.063239412,0.091250524
0.159162,0.023574503,6.977677202055181e-05,-0.12494261,-0.70352304,0.0126,0.0156,0.0188,0.0216,0.0237,0.0262,0.029,0.0313,0.0347,0.0416,,0.3510622082617873,0.4806601447081448,0.6382844027929445,0.048148396577012725,0.13062289434649715,0.085629304,0.07414002,0.076556936,0.11085863735473157,0.8200715543583098,0.9434251390023397,0.9177874611411717,0.050976805,0.052314121507102254,0.080605758
0.155753,0.02248295,9.487074529053228e-05,-0.03456215,-0.741216433,0.0092,0.013,0.0167,0.0196,0.0227,0.0258,0.0285,0.0315,0.0351,0.0471,,0.37487072814814953,0.43238902646866156,0.7279971603803256,0.041758208859443084,0.13245658573142907,0.08159936,0.071518925,0.092553567,0.089024006,0.9515888403911991,0.9632539134004019,0.8413674807435456,0.082583603,0.072351728,0.088706145
0.150814,0.022863423,9.605221302882404e-05,-0.065121371,-0.729671677,0.009,0.0138,0.0173,0.0201,0.0232,0.0261,0.0287,0.0316,0.0359,0.0432,,0.41894170951713744,0.46209799981411565,0.811817978,0.038432532,0.13021833839039126,0.061165585,0.10653822886545086,0.076071254,0.1416463559175956,0.8050152928806572,0.8734967885939731,0.9647366151896482,0.094945039,0.080331628,0.061921410276363574
0.153848,0.023871492,8.668206897928319e-05,0.1031841521097218,-0.587701579,0.0113,0.0151,0.018,0.0215,0.0239,0.0263,0.029,0.0322,0.0363,0.0464,,0.3989333273532428,0.4829264073183159,0.6235171568150367,0.038540177,0.13592950454846972,0.05020689,0.086889731,0.12296045781796303,0.13136484,0.8551005360140114,0.8016171207741537,0.8836051842488134,0.089141782,0.055587912,0.080025749
0.155794,0.025865336,9.550098782562332e-05,0.1648058683040563,-0.411428431,0.0136,0.0175,0.0203,0.0229,0.0254,0.0281,0.0311,0.0343,0.039,0.051,,0.36544378782720754,0.48445949896114515,0.5617850764751133,0.042891614,0.11031902881674369,0.081700949,0.10028673115770603,0.097212066,0.11610124022194532,0.9875962392510721,0.9072878275031685,0.8349053095394361,0.076415832,0.089765493,0.095030105
0.152913,0.022990395,6.378484907751995e-05,0.022866964,-0.166318549,0.0124,0.0157,0.0182,0.0208,0.0231,0.0251,0.0276,0.0304,0.0332,0.0482,,0.40828521255952455,0.46456839859230636,0.7452761161440122,0.035820133622475415,0.11074813957632186,0.075292909,0.077632955,0.11418207632367862,0.088004695,0.8828108390062211,0.9258366223646542,0.9945416851879443,0.063432526,0.070030246,0.067329535
0.155275,0.022683616,9.871766511795996e-05,0.001805238,-0.733088194,0.0091,0.0131,0.0176,0.0201,0.0227,0.0254,0.0284,0.032,0.036,0.0453,,0.4123375975852954,0.49747939723540185,0.7367078076181466,0.035104326367145576,0.11228167567271026,0.045268016,0.090180907,0.092037386,0.1279363724932667,0.9521346959860479,0.8415939822074014,0.8528295451739258,0.069389128,0.074131227,0.082325878
0.14575,0.022118072,9.742490880732275e-05,0.068202082,-0.557255824,0.0093,0.0132,0.0166,0.0195,0.0223,0.025,0.0278,0.0309,0.0351,0.0509,,0.41542922099257024,0.4746896072305105,0.8070418056546966,0.045044766,0.12008326875174988,0.078390097,0.065514901,0.071984668,0.12963518420772244,0.9209390844393098,0.8413818530969723,0.8846782500376315,0.063629907,0.080379729,0.063463603
0.161821,0.026113457,8.396759641837297e-05,-0.022747912,-0.118012925,0.0143,0.018,0.021,0.0238,0.0263,0.0287,0.0312,0.0341,0.0377,0.0535,,0.3660598596344154,0.40956393589950196,0.8670434092234248,0.042934777,0.11581330984915901,0.082630293,0.06208847,0.12510232730879872,0.11215050909318436,0.9399311689221628,0.8915064035694902,0.8964113906389387,0.054975861,0.094807875,0.055605216
0.11873,0.017482889,6.297305546430927e-05,0.088854841,-0.660527197,0.0063,0.0102,0.0124,0.0154,0.0173,0.0202,0.022,0.0245,0.028,0.0375,,0.3544221573271698,0.42621498163440774,0.5554483071928333,0.041324171,0.14790235456290007,0.08931501,0.055382404,0.083324169,0.1129412027346194,0.858274918,0.8435431308699001,0.9056135957375203,0.060456771,0.077860738,0.09232372
0.122556,0.017464688,5.81356177304634e-05,-0.068533688,-0.835173371,0.0074,0.01,0.0128,0.0156,0.0176,0.0202,0.022,0.0248,0.0279,0.0342,,0.39028181488624547,0.4360433071073835,0.8488487861960463,0.035374998,0.11331627771498656,0.080524185,0.11190603568675411,0.078685885,0.092732183,0.8799238713624088,0.9449910578548077,0.9486061396019965,0.077212284,0.077717642,0.054367494457205054
0.1293,0.018508936,6.973166464760346e-05,0.006473479,-0.808078484,0.0068,0.0107,0.0132,0.0163,0.0185,0.0212,0.0236,0.026,0.0299,0.0385,,0.3504591455546437,0.4435573535694907,0.5670347288635385,0.039206887,0.12658097069731797,0.067182549,0.062646324,0.073519124,0.1052685861756573,0.8384513424488624,0.9478742469348058,0.9773946857926511,0.089185528,0.09029871,0.074805298
0.133215,0.016823986,5.8063696432258647e-05,0.050895478,-0.694756054,0.0059,0.0098,0.012,0.0148,0.0167,0.0192,0.0214,0.0236,0.0267,0.037,,0.37856196771157363,0.48488248770395975,0.9376485119090451,0.047015933,0.11810585598754944,0.087212212,0.070299458,0.070586216,0.11111610724559912,0.9420664372288838,0.9755604733043441,0.856569856,0.0881997,0.063671627,0.084165855
0.124105,0.01643128,5.356854720872743e-05,0.030307623,-0.689864724,0.0058,0.0096,0.012,0.0144,0.0162,0.0186,0.0208,0.0229,0.026,0.0363,,0.383367135,0.4817964457309498,0.9497940904891009,0.04293896,0.13087417346808738,0.079926534,0.068013996,0.10018522020406825,0.09756371,0.8313945602037559,0.9334259113226689,0.9049449760511484,0.069869347,0.066831028,0.078712991
0.113565,0.019450297,7.705157782114578e-05,0.1451722929157957,-0.68469287,0.0076,0.0107,0.0143,0.0168,0.0189,0.0216,0.0246,0.0275,0.0314,0.0431,,0.4127972986142416,0.4213808938362875,0.6109226635468297,0.043790522,0.1317755175033411,0.068407925,0.056665462068446394,0.12519946492450215,0.08598972,0.9848322130995223,0.9073406146458548,0.8032641095242885,0.087939806,0.057878922,0.076768716
0.12066,0.017443463,6.392127024088743e-05,0.068918794,-0.758163968,0.0062,0.0101,0.0122,0.0153,0.0173,0.0202,0.022,0.0247,0.0283,0.0377,,0.3703703131297281,0.45759204121668834,0.5349059385385402,0.035019296,0.13008338710118725,0.087436897,0.073305782,0.105846696,0.10572164729350808,0.9605185457522958,0.9678910645770176,0.9074198702509618,0.063749824,0.075701704,0.064753182
0.115454,0.017428889,6.391305136074847e-05,0.1186775170066553,-0.654206351,0.0063,0.0104,0.0126,0.0149,0.0175,0.0197,0.0219,0.0246,0.0282,0.0402,,0.380854656,0.4626156752469168,0.5971327280317599,0.048979811712035234,0.13292370544550766,0.091594036,0.077649318,0.12349183369999342,0.11754751401659154,0.9312241408997965,0.9346912293446761,0.8565336944907622,0.088546887,0.072765783,0.054746164
0.115254,0.018900216,7.027562436485558e-05,-0.079202286,-0.906780321,0.0067,0.0105,0.0139,0.0165,0.0192,0.0216,0.0243,0.0269,0.0302,0.0362,,0.37295013191121185,0.4935946036096132,0.740060675,0.040578141965385325,0.12959688159819993,0.072159988,0.069296245,0.11211391656679495,0.12188959158945611,0.9755010316652045,0.8959636734624437,0.9021180075773254,0.090665801,0.085573385,0.083444164
0.125702,0.018615019,6.972083104203345e-05,0.012897542,-0.776034575,0.0067,0.0107,0.0132,0.0162,0.0186,0.0213,0.0235,0.0263,0.03,0.0375,,0.37284685309002463,0.4746691414424909,0.6148044465977743,0.044788444,0.13128715174939268,0.058430552,0.11339601138103414,0.10629215916071733,0.10290837616602512,0.9104340031290648,0.8336566161194343,0.9787782013017268,0.093821146,0.079320068,0.099340515
0.11673,0.016919694,5.371474076608606e-05,-0.070834281,-0.851843433,0.0072,0.0105,0.0125,0.0152,0.0171,0.0196,0.0215,0.0238,0.0268,0.0335,,0.37086792086840914,0.4918851996611351,0.7545159869231317,0.049235581201817334,0.12717350486342135,0.06462122,0.10904331267031558,0.093127636,0.12946645817003005,0.9430140992469682,0.8097211541309159,0.8439148283100989,0.092699132,0.054226923,0.090076059
0.10999,0.017754326,6.244994089364553e-05,-0.043000722,-0.853000194,0.0075,0.01,0.0133,0.0156,0.0181,0.02,0.0228,0.0253,0.0284,0.0354,,0.3950976887880746,0.4094822114583636,0.7057410859441897,0.043873679,0.1332220525399901,0.068752881,0.078285796,0.071774739,0.12834407738682377,0.9507755632857512,0.8004921652674388,0.8703011509944395,0.089328904,0.056909935765048485,0.073611668
0.116572,0.018222757,6.796437824626684e-05,0.036466013,-0.739693495,0.0065,0.0108,0.013,0.0158,0.0184,0.0205,0.0231,0.0259,0.0293,0.0394,,0.40368160122910324,0.47923834034243995,0.7831292867629647,0.04284068,0.1203465448633353,0.065550323,0.10737022068385453,0.10244593741920661,0.1273010378739989,0.9760768773501356,0.8623678327757168,0.8312802897994827,0.084476646,0.094158516,0.063778097
0.111394,0.018815475,6.608684298313142e-05,-0.150338329,-0.848086464,0.0069,0.0109,0.014,0.0167,0.0198,0.0217,0.024,0.0266,0.0293,0.0375,,0.35939256402948655,0.465063701,0.5533948667992227,0.037079478449557265,0.13154439074378213,0.077194094,0.076467451,0.11860669530859368,0.11563726512745372,0.9634605097874027,0.9692923879752535,0.8872691724306427,0.09245928,0.095697324,0.058563326
0.115709,0.017554332,6.638918096955425e-05,0.146981179,-0.545445357,0.0065,0.0095,0.0126,0.0153,0.0175,0.0196,0.0221,0.0249,0.0284,0.0432,,0.37324178095427774,0.4320176978680377,0.5630328346854689,0.048795744,0.14028369690719192,0.05463853,0.075339448,0.081983522,0.083183118,0.8880734282195324,0.9074794664866016,0.8771330108430136,0.067704641,0.062491009,0.097047871
0.116623,0.017698672,5.534307370854942e-05,-0.094394019,-0.844298459,0.0077,0.0103,0.0131,0.0159,0.0178,0.0205,0.0223,0.0248,0.0274,0.0344,,0.399011871,0.40589900581071625,0.7469074285621106,0.043683956,0.11819244571808152,0.083770872,0.074371809,0.085292236,0.14223425978095888,0.9157760992140014,0.9787003557598439,0.8455013249690208,0.05972648,0.094561406,0.066471044
0.115124,0.016765553,5.735051477756306e-05,0.073392268,-0.795090493,0.0064,0.0094,0.0125,0.0142,0.0171,0.0188,0.0213,0.0236,0.0271,0.0352,,0.4089590189457077,0.45566096917225263,0.8459918612784761,0.039326432045337624,0.1468049363178091,0.061714353,0.098774561,0.076605022,0.082653709,0.862261903,0.8368678117147464,0.9347865156985178,0.089343265,0.095034273,0.075165446
0.126849,0.018596702,6.833059297481506e-05,-0.036691167,-0.851101899,0.0066,0.0104,0.0136,0.0164,0.0188,0.0209,0.0237,0.0265,0.0296,0.0361,,0.4069249758669996,0.42816081475923307,0.5955542610265117,0.037227723,0.1157952089193561,0.071127488,0.10123165078527396,0.11761935660854865,0.086174139,0.9855261543250448,0.856540514,0.8923294925319818,0.072554787,0.076731032,0.070147558
0.118636,0.018325157,7.052099623754426e-05,0.1082600442467323,-0.656978273,0.0065,0.0107,0.0132,0.0161,0.0182,0.0206,0.0233,0.0259,0.0295,0.039,,0.40108649955168846,0.41057068750474246,0.6811221818778188,0.043522024862162306,0.12663741050920851,0.086970417,0.072580697,0.1263139287709826,0.099828915,0.8514189774802658,0.8273078165078727,0.866811134,0.074853707,0.082484622,0.081563866
0.126935,0.018417445,5.8659556800099525e-05,0.083303873,-0.720034022,0.008,0.0111,0.0135,0.0162,0.0183,0.0206,0.023,0.0253,0.0287,0.0384,,0.3982324314426926,0.44906690253960085,0.5177053657949491,0.037567061,0.11520789173864482,0.054535579,0.083309879,0.099454701,0.12481622986401071,0.9335385593120754,0.8954155748314288,0.9136478893474325,0.091179289,0.071601261,0.079095495
0.108676,0.016885071,5.704038543045638e-05,-0.069254809,-0.919701737,0.0067,0.0103,0.012,0.0148,0.0177,0.0192,0.0218,0.0244,0.027,0.0325,,0.40082052431047865,0.44072152090052574,0.5140832743445762,0.043304644948149174,0.11320937483473809,0.044979438553237217,0.062409912,0.078007288,0.091127323,0.9234817777591007,0.8483799539957236,0.8747495072320495,0.088313576,0.054644239,0.094389343
0.102319,0.016309264,5.407463552140371e-05,0.032578989,-0.818495806,0.0055,0.0097,0.0119,0.0143,0.0162,0.0185,0.0206,0.0232,0.0264,0.0334,,0.39475615070500747,0.4236485439586391,0.8865029260943066,0.039727953,0.1389895750458389,0.071665756,0.083885437,0.12122840949564824,0.13328633722022395,0.9352712064571739,0.9612626237635468,0.8084198498481296,0.077127366,0.07690905,0.087050623
0.098055,0.017130182,5.999931419520826e-05,0.1305684348919242,-0.683833494,0.0064,0.01,0.012,0.015,0.0169,0.0196,0.0216,0.0242,0.0275,0.0375,,0.3800820626613272,0.41886155315942564,0.723556561,0.043266446,0.11425455378899269,0.058600516,0.11050957978554124,0.10037649166575206,0.090206708,0.9701923076193649,0.9593763898260583,0.9736259060065774,0.067605899,0.083892483,0.090546105
0.113846,0.016411018,5.557383486446126e-05,0.050661378,-0.75651816,0.0057,0.0094,0.0125,0.0142,0.0168,0.0186,0.0208,0.0234,0.0266,0.0356,,0.4055550917682908,0.4181677392025519,0.5482271910883562,0.042800483270611776,0.13901568507428566,0.090832582,0.066476357,0.12590944327199957,0.10847882291152433,0.8084279795530953,0.9676485769340899,0.9672474684684217,0.050411866,0.099245932,0.087623267
0.106509,0.016871285,6.220218955708356e-05,0.2190468427885396,-0.404811331,0.006,0.0102,0.0121,0.0142,0.0173,0.019,0.021,0.0237,0.0272,0.0396,,0.401849761,0.4966632924589253,0.5261656103941849,0.048772226,0.13115548723324708,0.046716939,0.072306757,0.074635042,0.095558424,0.9612682858039615,0.9148529165034235,0.8031717887709755,0.092846158,0.085500729,0.054015939
0.099819,0.016558731,5.634466985760883e-05,0.124297336,-0.62417294,0.0061,0.01,0.0119,0.0146,0.0166,0.0184,0.0206,0.0232,0.0269,0.0382,,0.36790988577431283,0.4723170751946866,0.5564806298731821,0.042545508,0.12283021193412214,0.0819939,0.10797190594389983,0.071897223,0.089144446,0.8390806165624429,0.8988286633004341,0.9758768051276095,0.090470849,0.092164357,0.095291201
0.13484,0.016739104,5.449935984169472e-05,-0.071170611,-0.84863622,0.0058,0.0095,0.0124,0.0148,0.017,0.0193,0.0214,0.0238,0.0265,0.0341,,0.35026380858159095,0.4805669927081113,0.5403616500078383,0.03618317,0.13981314107980802,0.090573905,0.069388334,0.07383962,0.13171106531497814,0.8263576401114431,0.8123207793296865,0.9126310448224675,0.085233405,0.088594701,0.065876517
0.1074,0.017008173,6.116507324543022e-05,0.1243374779215552,-0.601180777,0.006,0.0102,0.0121,0.0146,0.0173,0.019,0.0213,0.0239,0.0273,0.0391,,0.3723296745277683,0.4867074367960152,0.7547535167619354,0.044721968,0.13770546532975192,0.047393001,0.08699806,0.073396373,0.11607529684397058,0.8239702058405005,0.8819412553379175,0.8378267098166617,0.083454787,0.097322776,0.052210798759160876
0.124641,0.017395241,6.230691013847244e-05,-0.000421869,-0.864208596,0.0066,0.0098,0.0128,0.0148,0.0176,0.0196,0.0223,0.0249,0.0279,0.0349,,0.3849928625188005,0.4181876574577062,0.6088133806291137,0.036487369,0.11719995785656137,0.057538422976004415,0.082178929,0.1127344245615293,0.11560429708825364,0.9215135537420411,0.8539041425353339,0.9231692553282806,0.084623705,0.083657034,0.099120063
0.102581,0.015874822,5.2679715333591726e-05,-0.009516025,-0.896987545,0.0063,0.0087,0.0114,0.0134,0.0157,0.0182,0.0204,0.0229,0.0255,0.0327,,0.41432023538899027,0.49190379367339054,0.7909229690506702,0.043506861,0.1342416027542686,0.078162563,0.064279901,0.074064418,0.11599654522406588,0.9576724685986698,0.9693685818102807,0.9302592197081425,0.061815376,0.077189183,0.089301098
0.201976,0.023316909,0.000102459,-0.025218755,-0.758822391,0.0095,0.0134,0.0173,0.0203,0.0236,0.0266,0.0294,0.0327,0.0368,0.0473,,0.3767291900033751,0.45619504950760137,0.5211975136178968,0.046706746,0.14327718804182432,0.054449256,0.079742652,0.07111932,0.14421781051225424,0.8045055269233553,0.9953191114662333,0.9344513898940261,0.081545431,0.093407928,0.055310986
0.196326,0.019069653,6.519668389045295e-05,-0.025832622,-0.719340114,0.0078,0.0114,0.0144,0.017,0.019,0.0217,0.0239,0.0265,0.0297,0.0385,,0.38697842399834337,0.45657893862961313,0.7185512944368648,0.035942687,0.11341084733858328,0.071940584,0.099928743,0.10738381409689772,0.1439847412103313,0.9064136038991112,0.8672652837278938,0.9814826149892957,0.095908402,0.069985666,0.081507774
0.195072,0.024005772,9.841523554743288e-05,-0.134171478,-0.75700633,0.0102,0.0144,0.0179,0.0214,0.0245,0.0277,0.0306,0.0332,0.0369,0.0481,,0.3599844884737547,0.4048363942822402,0.5330997722462615,0.048678707,0.1189823985896838,0.079653696,0.079987863,0.07795673,0.088772333,0.9273056625315206,0.9817648992383101,0.838202219,0.062796968,0.060758372141522764,0.088106263
0.187088,0.025966862,9.062721094224666e-05,0.005380332,-0.599429788,0.0131,0.0171,0.0203,0.0231,0.0258,0.0284,0.0316,0.0351,0.0386,0.0491,,0.381458333,0.48642892954625994,0.8636498802848981,0.043127839,0.11852266683795623,0.07604976,0.086911541,0.080955806,0.1357962845157607,0.9561062968432305,0.8833765191095945,0.8142451803083364,0.063270788,0.077325028,0.057282498
0.176827,0.026016446,9.79343128337895e-05,0.021623372,-0.74510838,0.0126,0.0166,0.0198,0.023,0.0258,0.029,0.0319,0.0353,0.0396,0.048,,0.38492404028903743,0.43595934223742855,0.9072044236260608,0.041599885506347786,0.12214768416037326,0.0594678,0.095667433,0.1054592349295919,0.1389462351734925,0.9877181760440169,0.811939965,0.8168909058503788,0.050713248,0.083131614,0.05278338
0.188104,0.026086214,8.073871469005144e-05,-0.150855665,-0.616599394,0.0134,0.0176,0.0211,0.024,0.0265,0.0289,0.0314,0.0345,0.0379,0.047,,0.3798950679709641,0.45101771722102785,0.548577539,0.04571786,0.11341759194271436,0.064305706,0.096195995,0.072358637,0.11557553130666473,0.9294262160198661,0.9502190957114609,0.9542459929200614,0.069348708,0.071164282,0.077525647
0.196549,0.025869767,7.212570913003256e-05,-0.179260611,-0.354738918,0.014,0.0181,0.0218,0.0242,0.0263,0.0284,0.0306,0.0333,0.0367,0.0467,,0.3953751243072977,0.4678765356765444,0.8433182146903205,0.039351765,0.14870334120833853,0.062173179864328965,0.1046399949729051,0.12491226083967633,0.088040876,0.9300771534294741,0.9661761542135568,0.9720475937541571,0.057593801,0.060970549424480464,0.069272134
0.187802,0.024974724,7.837757780495147e-05,-0.143752783,-0.707189268,0.0129,0.0168,0.0196,0.0226,0.0254,0.0277,0.0303,0.0334,0.0367,0.0429,,0.40630679404583936,0.47137901832964124,0.8148071943052776,0.042453247505757866,0.11581694576800855,0.082637392,0.065488401,0.11290923883636989,0.11586988304313678,0.9258433722233652,0.8204215873594386,0.9401382903594178,0.077447806,0.089692861,0.095031263
0.196162,0.020488666,7.514666727849808e-05,-0.11662459,-0.821642296,0.008,0.0123,0.0153,0.0183,0.0208,0.0235,0.0262,0.0285,0.032,0.0401,,0.3895215426304842,0.4547659112502822,0.8340487474763664,0.047952981620012755,0.13060701057578544,0.086330368,0.10072211395134105,0.087175605,0.14442671015369474,0.9662658375938619,0.9378377780254719,0.8566028494448968,0.080104295,0.08372765,0.093223138
0.195211,0.024011367,6.905396712754427e-05,-0.184425588,-0.65541862,0.0122,0.0167,0.0191,0.0217,0.0242,0.0272,0.0294,0.0319,0.0348,0.0439,,0.3801776935817621,0.49869002241764787,0.6499595889736685,0.039261919,0.12783961010176942,0.06030734,0.093401413,0.075769776,0.091088727,0.9083643032993509,0.9413367843152174,0.9757429544928955,0.051140144,0.071882271,0.064054354
0.180297,0.02323871,9.616329031887232e-05,-0.092388258,-0.83658286,0.0093,0.0143,0.0175,0.0203,0.0234,0.0264,0.0292,0.0326,0.0366,0.0434,,0.40585626158711424,0.43774388532518455,0.6933523779900078,0.047054418,0.13632352494042024,0.047674579250159055,0.06535,0.12213318489866076,0.10397307848466766,0.9831100860873663,0.8474831063062146,0.8898674463327022,0.057255487501668506,0.084346572,0.082295409
0.18154,0.025805622,6.70899122086156e-05,-0.392891058,-0.275213263,0.0149,0.0188,0.0214,0.0241,0.0266,0.029,0.0311,0.0331,0.0361,0.0445,,0.3696191762316343,0.4011046239605188,0.7811170648893359,0.044928247,0.11178303346841756,0.073172518,0.069543292,0.087458674,0.090081992,0.9869099187874271,0.9596423038244168,0.8863715618766248,0.065296829,0.068807536,0.058243436
0.176198,0.026721905,7.822326418529292e-05,-0.256571489,-0.503450015,0.0148,0.0188,0.0218,0.0246,0.0273,0.0301,0.0323,0.0346,0.0378,0.0446,,0.4107106863488235,0.4985279359152774,0.6377091528267673,0.044361483,0.1423080507007526,0.063236338,0.10832521676641696,0.095379352,0.12321569947171711,0.9405812816706131,0.8240958697501581,0.9700068003218386,0.056395522,0.084854526,0.080379709
0.177735,0.028624796,9.992028659958832e-05,-0.071794982,-0.457304425,0.0154,0.0194,0.0231,0.0262,0.0288,0.0315,0.0342,0.0373,0.0418,0.0535,,0.3787858982435809,0.43494223982113017,0.6074792978993531,0.040308061,0.12322327948511128,0.047719705,0.088625558,0.085623492,0.10854220949040426,0.9605325722348579,0.9757746469879592,0.9175966685348997,0.078876191,0.080326644,0.091199903
0.185695,0.025438723,0.000113103,-0.106596718,-0.739545797,0.0105,0.0151,0.019,0.0229,0.0261,0.0294,0.0319,0.035,0.0392,0.048,,0.3515466162893478,0.41119228607448727,0.526669592,0.045387129395878995,0.11083569828833219,0.07649588,0.077359388,0.1059108443644857,0.11817742975309153,0.8729460041511896,0.8955655746687302,0.9552963939480137,0.05197014,0.074098056,0.089897679
0.177978,0.027942183,9.806258432378704e-05,-0.009731514,-0.532939328,0.0151,0.0188,0.0221,0.0251,0.0279,0.0306,0.0337,0.037,0.0406,0.0536,,0.35772866547505583,0.44430301087376195,0.8957008664250582,0.041619137246375455,0.14356745050993308,0.048174339,0.09767394,0.11967417795769651,0.090621317,0.8835896066397126,0.8021003820355863,0.9024619543304481,0.077096344,0.067351216,0.053777092
0.176199,0.030184782,0.000100754,-0.171496058,-0.235106528,0.0169,0.0215,0.025,0.0282,0.0307,0.0331,0.0358,0.0388,0.0431,0.0579,,0.3966454853303795,0.4761689588095371,0.7065866951072561,0.040372985825070755,0.13136317840960404,0.080201208,0.068772128,0.082181395,0.13995820020148866,0.8371336514231005,0.9270165171763745,0.8279723931031405,0.052989433,0.093281368,0.073033252
0.178267,0.02712933,0.000134054,-0.087180115,-0.771229428,0.0117,0.0168,0.0207,0.0242,0.0277,0.0309,0.0342,0.038,0.0423,0.0515,,0.3999955758128425,0.4106343043624464,0.5329828343541853,0.036817719922327304,0.1211748353954759,0.090649524,0.055157813275486745,0.090731515,0.12391614152757802,0.9027946512569379,0.8308882489685276,0.8488330717810504,0.091911286,0.087498225,0.089273956
0.179872,0.024720956,0.000112228,-0.03893973,-0.710385756,0.0106,0.0148,0.0186,0.0217,0.0247,0.0279,0.031,0.0344,0.0382,0.0502,,0.398829679,0.45214236943294295,0.5228743959705189,0.048388334,0.11320747161992623,0.047830382,0.076091876,0.072649094,0.13589458864908568,0.8355269057786161,0.9533234170802701,0.9874911288342457,0.068076445,0.082780397,0.059941751643171504
0.185957,0.025699612,7.664074848743056e-05,-0.101637889,-0.239957119,0.0142,0.0178,0.0208,0.0232,0.026,0.0283,0.0309,0.0337,0.0371,0.0485,,0.3787388428784913,0.4804856405666912,0.5650218206867899,0.038950354619019675,0.14121450134001887,0.054520837,0.096750872,0.080822691,0.090724024,0.8997265149371553,0.8215104426709007,0.8028653984988988,0.072408137,0.090990496,0.074561653
0.097562,0.016831781,5.52797801675424e-05,-0.052369526,-0.791435279,0.006,0.0104,0.0124,0.0152,0.017,0.0195,0.0214,0.0237,0.0265,0.0335,,0.36051391477205885,0.41221610173264767,0.6818442927376986,0.048528789528802956,0.13611757354541254,0.070757138,0.10800949031305038,0.092962518,0.1190544144234419,0.8564680983035242,0.8152515936037423,0.993386458,0.079806569,0.096804168,0.064549667
0.106949,0.016418332,5.67295194895119e-05,0.077462453,-0.772763293,0.0056,0.0093,0.0123,0.0138,0.0163,0.0184,0.021,0.0235,0.0266,0.0348,,0.38452833922000573,0.4731937519607431,0.5816586328576733,0.047608359,0.14223048251967466,0.051368933,0.08754612,0.08140853,0.1225610811336957,0.8337646705192263,0.8393203356731869,0.9677418552415055,0.08023362,0.095037189,0.095146181
0.120069,0.018195986,6.82536808788888e-05,0.044132953,-0.796541898,0.0065,0.0103,0.0128,0.0158,0.018,0.0207,0.0229,0.026,0.0294,0.0372,,0.4181132346147557,0.4453274783839432,0.7267213574911855,0.040967597,0.12236622706208247,0.073818195,0.10742176355656757,0.11733733297459892,0.11947104588733022,0.9798905491137031,0.8393201930751603,0.8706184376937166,0.081316947,0.091322702,0.069026352
0.118742,0.01972642,9.264384402246647e-05,0.34645214,-0.306682274,0.0077,0.0111,0.0139,0.0166,0.0191,0.0217,0.0244,0.0279,0.0328,0.0496,,0.4026318130478355,0.4305261517487164,0.6408904562241637,0.039146878,0.14647707607689228,0.06346978,0.07651057,0.10631789685356455,0.12018319996088996,0.9197120648367427,0.8981435627365099,0.9228968447078673,0.06374461,0.081493506,0.08413634
0.11568,0.018364964,7.05739275666314e-05,0.016419519,-0.827697272,0.0064,0.0107,0.0128,0.0162,0.0184,0.0207,0.0236,0.026,0.0301,0.0391,,0.3680292439984723,0.42437029210657234,0.6232144467691859,0.036332715987209344,0.12087395695034066,0.077756622,0.10205871401710778,0.090891069,0.1177444207677678,0.8548031932561465,0.9198866727442454,0.8420865969042464,0.076076308,0.051302084657363974,0.06167954
0.103049,0.018143116,5.735996458557183e-05,-0.019914363,-0.820369052,0.008,0.0106,0.0133,0.0161,0.018,0.0207,0.0226,0.0252,0.0282,0.0344,,0.37379833759469105,0.46534585456528477,0.9240619095857094,0.037993922,0.11324554538657991,0.045761447,0.059571551,0.11123215972371987,0.11020344373602164,0.9358399819241341,0.8426004396354198,0.8365889681980931,0.086631792,0.093645161,0.06367806
0.099034,0.018860979,6.520546058575288e-05,0.008158228,-0.862763191,0.0082,0.0107,0.0138,0.0169,0.0187,0.0213,0.0235,0.0265,0.0301,0.0354,,0.3941344952642171,0.48396528940058126,0.8259576616078734,0.036932336,0.1410148254769028,0.041738493,0.066881471,0.081789268,0.10644205911014959,0.891586789,0.9153976840679267,0.8082641182748732,0.090936548,0.053287092,0.053128221
0.098253,0.016570251,5.6140952592798446e-05,0.036703548,-0.749454971,0.0058,0.0095,0.0119,0.0145,0.0168,0.0188,0.0208,0.0234,0.0266,0.0361,,0.3901799295408083,0.43957927367834715,0.9336949918724592,0.038080711,0.13048611413847186,0.057836457,0.062221899938557826,0.081941324,0.13968922459554653,0.9246645078119461,0.9863350651900602,0.9707266361682362,0.081475161,0.058949353,0.09767993
0.099518,0.018552921,5.671505398145185e-05,0.1456240053958092,-0.666545737,0.0089,0.0114,0.0139,0.0163,0.018,0.0205,0.0227,0.0254,0.0288,0.0379,,0.39000464089604064,0.43683179362238317,0.6571682793307515,0.043305784,0.14270407989662995,0.067905914,0.062137035,0.11640933325490592,0.13212181115716828,0.850797121,0.9095434446724079,0.998559386,0.068915913,0.063183939,0.081203685
0.101926,0.017556646,5.7915155620666734e-05,0.1359548595391258,-0.723855205,0.007,0.0104,0.0125,0.0151,0.0171,0.0199,0.0218,0.0248,0.0278,0.0372,,0.40438556051362723,0.46360775675433036,0.8757445217451452,0.039926887,0.14698519037651392,0.070034366,0.10493600221931526,0.082957449,0.1262663478770724,0.8386939736560092,0.8309917463856367,0.9553777317258961,0.070120679,0.062319052,0.089945123
0.159376,0.025056239,0.000104183,0.078271427,-0.623805726,0.0114,0.0156,0.0189,0.022,0.025,0.0282,0.0313,0.0345,0.0383,0.053,,0.40695256490241044,0.42515721810874235,0.7712837311891148,0.04785547,0.1495166360461582,0.082276034,0.089178602,0.12340348860616387,0.1280275363781884,0.8752076876974312,0.8340660735934702,0.8171135614633791,0.058777670725562337,0.069810014,0.098538616
0.150485,0.023133797,8.116549851819818e-05,-0.024972742,-0.711980707,0.0106,0.0144,0.0181,0.021,0.0233,0.0257,0.0283,0.0314,0.0354,0.0457,,0.38002683479378163,0.4258615671615925,0.6025337969498203,0.045046216,0.12227722833932378,0.079518804,0.10906553448061104,0.079175249,0.13552370404945668,0.8773597602353563,0.8442389975717288,0.9737985228535764,0.094860631,0.093000844,0.078939317
0.158111,0.022703927,0.000102636,0.071708224,-0.606242452,0.0094,0.0133,0.0168,0.0197,0.0225,0.0255,0.0287,0.0317,0.0361,0.0496,,0.360404293,0.41450090106387766,0.813618595,0.042952486535753134,0.1261514615640639,0.064711227,0.092717164,0.10097509139130216,0.1059394709347888,0.9554540651034783,0.9494987406286393,0.9652672474412894,0.096225431,0.061717271876033174,0.056190764145489035
0.160981,0.020649524,7.858157075525026e-05,-0.040453921,-0.746522601,0.0081,0.0129,0.0154,0.0178,0.0207,0.0235,0.0258,0.0289,0.0325,0.0422,,0.38371598145302493,0.4548586222013742,0.9365302239495488,0.04849777,0.13973672081308056,0.052911510027523624,0.10946162456156686,0.12080964930081337,0.12674104212668943,0.9350611762048755,0.8115712287110005,0.8377666252213757,0.069895242,0.098793187,0.079323746
0.162464,0.025137346,8.656870722403987e-05,0.038836711,-0.622596957,0.0124,0.0166,0.0194,0.0226,0.0253,0.0277,0.0304,0.0336,0.0379,0.0474,,0.35401535317366783,0.40012019092551804,0.5124311409757947,0.042427931516413483,0.12158465968548524,0.065536841,0.073927873,0.071225801,0.11381641147666427,0.943918667,0.9452368112082848,0.9927772013005707,0.095323515,0.088462835,0.067819341
0.15473,0.022999237,7.259882957100774e-05,-0.051742919,-0.708672627,0.011,0.0154,0.018,0.0204,0.0229,0.0255,0.0283,0.0309,0.0343,0.0437,,0.40359154774488937,0.46966475156638043,0.8129490114251441,0.048939598,0.14306447129028657,0.082519508,0.09063082,0.1218840579326926,0.1306516523619584,0.9475147685248236,0.8143630588766749,0.9226065369844633,0.084576291,0.080047162,0.064864299
0.165959,0.021571446,8.61072385712382e-05,-0.086330672,-0.772149096,0.0084,0.0123,0.0165,0.0189,0.0218,0.0248,0.0274,0.0301,0.0339,0.0436,,0.36274162300655854,0.4026807278299521,0.9200283625099198,0.049747205,0.11642720418551158,0.055418464,0.080022962,0.091706518,0.095284425,0.835866873,0.9319795707504577,0.8042991038316942,0.073541212,0.073745447,0.098369222
0.16316,0.023166914,8.699143871562327e-05,-0.024417459,-0.731818265,0.0101,0.0142,0.0181,0.0206,0.0231,0.0259,0.0289,0.0319,0.0353,0.0451,,0.3550111973589707,0.46865512143758364,0.8086698334452066,0.035835849,0.12131198652142318,0.091187911,0.080226895,0.089366028,0.13159074490249698,0.9924353371845648,0.9824523482805609,0.8961340974869435,0.053960804,0.061141628,0.058561776
0.173985,0.022337008,7.85320045551584e-05,-0.020708011,-0.858885587,0.0098,0.014,0.0167,0.0202,0.0224,0.0249,0.0278,0.0311,0.0342,0.0417,,0.41869764583548885,0.41394054133905406,0.8499733657881907,0.049111165,0.1312846951980122,0.090427202,0.10215360703914607,0.11890987835406111,0.094020788,0.8669152722813267,0.8653208289076371,0.9483568283804433,0.087897951,0.069322793,0.086651656
0.145993,0.020341609,7.991902445550357e-05,-0.023113115,-0.826270606,0.0075,0.0119,0.0151,0.0178,0.0202,0.023,0.0256,0.029,0.0325,0.0389,,0.3950228640788381,0.47576710746148965,0.6113825894440013,0.045438298,0.1434615409811073,0.046051669,0.06510453,0.086474177,0.097246461,0.9412455893651156,0.910174628,0.976034359,0.05526544,0.053554524,0.092913556
0.17842,0.021634125,7.753621109022886e-05,0.145973988,-0.556016394,0.0098,0.0133,0.0162,0.0193,0.0219,0.0241,0.0267,0.0292,0.0332,0.0462,,0.3708733809387268,0.4652306037040203,0.6182653412753041,0.047999481922220574,0.11492834887156507,0.077341691,0.10754531530655287,0.087072216,0.10583830353341368,0.8596267107340866,0.8652037110538282,0.9053818022041238,0.063836967,0.079682204,0.088324464
0.173747,0.022414793,9.335611977979306e-05,-0.04799625,-0.697870526,0.0092,0.0129,0.0168,0.0199,0.0231,0.0255,0.0283,0.0312,0.0348,0.0468,,0.3678511646397403,0.43949186991731914,0.8969902094570446,0.03923397,0.13435247134280126,0.059801776818277266,0.11241668346754972,0.1223434409407642,0.12480988740746123,0.9911642365111349,0.9872379111259696,0.9663427169429097,0.092280397,0.090344334,0.052018895
0.174393,0.020776419,7.184128083583815e-05,0.046485012,-0.707709084,0.0089,0.0132,0.0156,0.0181,0.021,0.0233,0.0256,0.0285,0.0322,0.042,,0.3966281718974494,0.4435576730259422,0.6234191545615382,0.036534902,0.12039221088322992,0.045460779,0.076973935,0.1153969023154092,0.13594674659893388,0.8761930800314912,0.8076671460546658,0.8832333799513242,0.087770494,0.052118702980481865,0.064605943
0.164923,0.021966495,8.244530191571823e-05,0.030034221,-0.804620498,0.0095,0.0129,0.0169,0.0194,0.0217,0.0244,0.0276,0.031,0.0341,0.0448,,0.3559286668918324,0.45998088967530065,0.7873484384451832,0.044564809778444875,0.11602418877559877,0.045456515,0.10230035427387846,0.094439505,0.094664224,0.9237208740906209,0.9915264726794212,0.9552792581387648,0.058110359854348675,0.099079062,0.085601989
0.170773,0.021468436,7.247772148036023e-05,-0.068967412,-0.849107388,0.0103,0.0133,0.0163,0.0192,0.0215,0.0241,0.0271,0.0296,0.0326,0.0406,,0.3529829478780413,0.4534222199834237,0.8094088899770882,0.046288762,0.12208080509835569,0.074767991,0.10665980767403398,0.081572754,0.11419369275862658,0.932177327,0.9767830341204599,0.8435516783759259,0.093502544,0.057438673399183654,0.054187844
0.17197,0.019623404,6.041581061698206e-05,-0.037840203,-0.801581148,0.0095,0.012,0.0151,0.0175,0.0196,0.0223,0.0243,0.027,0.0302,0.0384,,0.3727201332595479,0.4757343496046562,0.6773150884758699,0.036280877,0.12552616245033896,0.076128424,0.10974825402148217,0.11736097425316568,0.13908932190418133,0.9445405338162083,0.8522549858661056,0.9012595383980541,0.058718034783431114,0.054403712,0.079354293
0.17684,0.020415916,7.707725388043432e-05,-0.072172317,-0.727862083,0.0081,0.0116,0.0156,0.0184,0.0207,0.0232,0.026,0.0287,0.0318,0.0445,,0.41492893614336684,0.49642890140078927,0.9143397122829362,0.035181915970825574,0.14017046217590565,0.058826125,0.076664929,0.07429405,0.1372996556374351,0.9116178412542839,0.9965769440565782,0.8760155977251691,0.064473953,0.090413798,0.078901574
0.167554,0.022121663,8.781219478101783e-05,0.103111212,-0.542788092,0.0101,0.0137,0.017,0.0196,0.0223,0.0248,0.0275,0.0306,0.0342,0.0513,,0.39317008141549453,0.49579183734836063,0.6556272705683696,0.044128188,0.13817539830784037,0.07993063,0.083248542,0.10000023207393742,0.1261642196285739,0.9884909591548675,0.927168796,0.8497583051644718,0.090875318,0.07949797,0.085475776
0.175658,0.020429451,7.954383082588371e-05,0.021374536,-0.690837316,0.0081,0.0117,0.0155,0.0179,0.0204,0.0227,0.0257,0.0288,0.0325,0.0439,,0.3848664722193427,0.4088245454481495,0.5479398928929742,0.045244249,0.11735420708827027,0.087485508,0.076653268,0.10060904215384324,0.093307969,0.8322919304338211,0.9395334077076885,0.9765590397113887,0.053452413,0.095335144,0.063383582
0.172497,0.019002272,6.744355743736685e-05,-0.121589164,-0.872573972,0.007,0.0108,0.0141,0.0165,0.0196,0.0218,0.0243,0.0268,0.0299,0.0365,,0.39099551118300824,0.4174892990461112,0.804792482,0.039480747,0.14957150201980837,0.090513645,0.082558041,0.070963444,0.11081972747351795,0.8119985038847755,0.8847520122248101,0.9077301301974026,0.07697128,0.080127034,0.087004573
0.154399,0.017705073,5.363316109500832e-05,0.025996751,-0.796197863,0.0081,0.0106,0.0132,0.0153,0.0178,0.0197,0.0222,0.0245,0.0275,0.0349,,0.3917825885960209,0.4284935450344568,0.6632499907594086,0.04811423,0.11684461069861643,0.054555931,0.084823057,0.097745842,0.093188404,0.8048296858199411,0.9838294519933561,0.948109678,0.094731455,0.057266312,0.055410526
0.152634,0.01840396,6.732974870065065e-05,-0.019953059,-0.784349816,0.0068,0.0107,0.0133,0.0163,0.0184,0.0209,0.0235,0.0259,0.0292,0.0385,,0.39325932629289706,0.43616274200054184,0.7626046799733271,0.04978543,0.14493747834530937,0.087300712,0.11195898834121554,0.074356731,0.082808828,0.9370876749351914,0.9530814619849838,0.9169679166880454,0.08420578,0.079226117,0.079967464
0.147625,0.018818983,7.162642126659825e-05,0.043096295,-0.676499648,0.0071,0.0106,0.0138,0.0165,0.0187,0.0212,0.0238,0.0265,0.0298,0.0428,,0.39883814855280875,0.44624247390338895,0.5910253175236188,0.037814264588485184,0.13960765689603974,0.041176082808607614,0.10020294798730721,0.081559326,0.13454109019415786,0.8292242040458041,0.8759791912124912,0.8163800889956314,0.052593981,0.087876454,0.099929489
0.152752,0.016949062,5.060718089199751e-05,-0.057291484,-0.815880804,0.0073,0.0106,0.0124,0.0151,0.0177,0.0191,0.0212,0.0235,0.0266,0.0325,,0.4113708895094508,0.4720347188123927,0.750302914,0.047064798,0.11525191994964067,0.077583676,0.095046084,0.12417203450225926,0.11240709934441309,0.9312949497845769,0.982000061,0.8000970628025742,0.080535191,0.057046992,0.058056043507653005
0.148279,0.020587571,8.325161001230283e-05,0.1533381968492841,-0.616252004,0.0082,0.0116,0.0154,0.0179,0.0203,0.0228,0.0256,0.0288,0.0327,0.0437,,0.38352429972269536,0.4591865375289969,0.5605972533660961,0.044605983694628794,0.1151238310262441,0.046880631,0.08410668,0.12342847701761278,0.13072313020573154,0.9063248187195456,0.9483061803548759,0.821850284,0.088539986,0.076100396,0.057213183
0.156451,0.018908945,7.368268426086515e-05,0.093430183,-0.687691756,0.0068,0.011,0.0138,0.0167,0.0186,0.0212,0.0238,0.0264,0.0306,0.0389,,0.39038162438085044,0.45328848475586603,0.5399049050341618,0.037938121,0.12474298631456039,0.049030018,0.097349097,0.076166261,0.129327261,0.819679739,0.8376435008268631,0.8382161908606535,0.091215707,0.07686905,0.079080269
0.152792,0.017128934,5.484454681158832e-05,-0.110079655,-0.850532268,0.0071,0.0105,0.0125,0.0152,0.0172,0.0195,0.022,0.0238,0.027,0.0329,,0.4033678126638618,0.49278884088280894,0.6240314670552721,0.045990429352602516,0.11340109286443452,0.056621051,0.082263642,0.091091584,0.12646647751647183,0.8098508198314494,0.9869944368975745,0.9416374827809593,0.068811741,0.091789546,0.078848376
0.15268,0.017302841,4.988940674539761e-05,-0.01058697,-0.787118463,0.0078,0.011,0.0129,0.0155,0.0173,0.0196,0.0215,0.0238,0.027,0.0334,,0.368329138,0.4627148309987085,0.7270123668818642,0.040518104,0.11865165917992632,0.064292771,0.059553907,0.070990572,0.096983454,0.8096330177837552,0.9130526049280943,0.9615013572767538,0.056996379,0.057051197,0.06421494
0.14881,0.016982666,5.1609385262037835e-05,-0.063795855,-0.826976844,0.0072,0.0105,0.0124,0.0151,0.0176,0.0191,0.0213,0.0238,0.0264,0.032,,0.3594551885643355,0.4967331976802912,0.6339125934960026,0.03549464,0.11143118877255911,0.044599877,0.099986491,0.072570482,0.13336668416444702,0.8245763680966278,0.8752390233415694,0.8285979133758706,0.060639628875352306,0.057971121,0.099893451
0.151141,0.018523078,5.67780554061874e-05,-0.056545432,-0.830255466,0.0084,0.0112,0.0138,0.0167,0.0186,0.0208,0.0231,0.0258,0.0285,0.0352,,0.3806499959782544,0.42215735064627663,0.7397230294411736,0.040720983,0.11731763493220652,0.06830115,0.082934666,0.091992229,0.1312895073729913,0.8420318604729277,0.9582988280409949,0.8652787516648894,0.081510535,0.062511483,0.060654952887023744
0.203135,0.021979706,8.668234158779881e-05,0.024978297,-0.618939505,0.0094,0.013,0.0162,0.0192,0.0221,0.025,0.0277,0.0303,0.0339,0.0476,,0.3550034503198419,0.4452928524352787,0.9207488640172731,0.048228374,0.13063480041723727,0.060458079078220754,0.064206629,0.10163207188009878,0.085597566,0.8303451822458711,0.954757339,0.9958785588706354,0.093554802,0.072798485,0.076305036
0.197966,0.024096285,9.417210208361763e-05,0.051186978,-0.689516319,0.0107,0.0149,0.0182,0.0216,0.0241,0.0268,0.0295,0.0327,0.0374,0.0461,,0.3708954705012381,0.4216295182291503,0.5561639907902027,0.037691234,0.12481843668866519,0.047014673411225436,0.056704516597719315,0.11367299666709675,0.10371308431878415,0.9185509724333383,0.8948384183589747,0.8510164767311268,0.052824161,0.077670556,0.080277129
0.179376,0.02190627,8.899764197191802e-05,-0.074682117,-0.779438998,0.0086,0.013,0.0165,0.0191,0.0221,0.0251,0.0277,0.0305,0.0345,0.0431,,0.4122629497863961,0.4268776990575462,0.9484924226459357,0.044030801213354925,0.13150070315034826,0.083955211,0.070973604,0.12407392593021416,0.14442666196056245,0.9177428808593798,0.9916494966316973,0.8289775628599934,0.084831111,0.050606702,0.095707316
0.195916,0.023516786,9.02399469191978e-05,0.099312765,-0.646760081,0.0106,0.0146,0.0177,0.0211,0.0234,0.0259,0.0285,0.032,0.0367,0.046,,0.4096038578521325,0.48071365237828995,0.9172781014764712,0.041400091,0.14958656083194743,0.067510384,0.068189358,0.085949492,0.13199576948603278,0.964981252,0.9189844154724578,0.9025178841821567,0.088055602,0.05180004,0.068614942
0.20268,0.022582262,7.752573022543229e-05,0.052248932,-0.580123701,0.0104,0.0143,0.0179,0.0202,0.0224,0.0249,0.0277,0.0307,0.0339,0.0451,,0.40509604324161846,0.40700340998076845,0.7875158659525214,0.045686210263649954,0.1308483827758119,0.051942921,0.090911158,0.090386225,0.10761283007897414,0.9403841587537547,0.8660501373381111,0.8128851983544053,0.07528085,0.07779343,0.099724936
0.201558,0.022996902,8.684459176594711e-05,-0.044041321,-0.72209504,0.0101,0.0138,0.0172,0.0204,0.0233,0.0262,0.0289,0.0317,0.0351,0.0476,,0.39620584321387314,0.4587443293284745,0.7473699245692357,0.035972258591698614,0.11471591423793984,0.066536019,0.10801223503994241,0.078283987,0.1029504612656123,0.8602638943982525,0.8730496428571114,0.8010165463523918,0.052506797290232415,0.050653103880455796,0.074715532
0.190738,0.020098736,6.907358430311598e-05,-0.08269224,-0.77017869,0.008,0.0125,0.015,0.0178,0.0207,0.0228,0.0252,0.0279,0.0309,0.0412,,0.3596275265636359,0.43526156811083433,0.8218367054286648,0.041207462,0.11618855257559543,0.078075704,0.061886966,0.072557753,0.14112308214315158,0.8716349112828135,0.8675798199331323,0.842261368,0.072252298,0.07115212,0.091036021
0.203631,0.0235264,0.000102947,-0.007681853,-0.713737321,0.0099,0.0139,0.0175,0.0207,0.0237,0.0264,0.0293,0.0328,0.037,0.0492,,0.36498765766073304,0.47394931663409257,0.757482443,0.035543824887454056,0.14868526935168433,0.043230297,0.091171045,0.11374254911998845,0.093774139,0.8694899262321191,0.8521054149076618,0.9566935715095968,0.08392659,0.087040821,0.056387979995653176
0.202986,0.022648035,7.485836796855222e-05,-0.04846431,-0.765832248,0.0106,0.0146,0.0173,0.02,0.0232,0.0254,0.0279,0.0309,0.0342,0.0425,,0.3575912986434716,0.4320562869258603,0.8823700164399333,0.046070293,0.1289092856534005,0.053954952,0.07288364,0.12281701702962476,0.089729877,0.9985186064669214,0.973886992,0.879059797,0.051527893,0.06587995,0.084952718
0.202095,0.020857646,7.700799750524223e-05,-0.116771345,-0.794565114,0.0082,0.0125,0.0158,0.0187,0.0211,0.0237,0.0264,0.029,0.0326,0.0401,,0.388990386,0.47871694001058845,0.9292361832908819,0.049804212,0.13990976595482002,0.069013314,0.06329959,0.08053113,0.12566719540728497,0.960916298,0.9671051645070967,0.9178457947748484,0.064580433,0.066849201,0.057802378
0.168341,0.020588575,7.944239033072445e-05,-0.128684606,-0.852491615,0.0077,0.0122,0.0153,0.0185,0.021,0.0235,0.0264,0.0289,0.0322,0.0403,,0.38894244194611927,0.49017367641458565,0.8653751979841511,0.040327609643478465,0.11486901299379773,0.087666338,0.099493817,0.095800097,0.1198483330534795,0.9519574904014391,0.9681802495261294,0.9206528888855678,0.081609995,0.086345171,0.054573512967288185
0.16945,0.02252967,8.749192309013606e-05,0.075783302,-0.689634257,0.0097,0.0136,0.0167,0.0202,0.0226,0.0251,0.0279,0.0309,0.0351,0.046,,0.4175790620048532,0.462325141,0.7740012621454464,0.044188446202693216,0.12725648557675157,0.057970905,0.11241456743058295,0.095520327,0.08555401,0.9582262306553894,0.9688084845321376,0.8664509741102945,0.092019203,0.075227453,0.096747614
0.166913,0.026969266,0.000108771,0.034411219,-0.726316515,0.0131,0.0173,0.0206,0.0237,0.0268,0.0296,0.0327,0.0366,0.0412,0.0502,,0.35765193433910314,0.49036456583482346,0.947884428,0.039808457,0.1291790162882415,0.054879143,0.083860115,0.10247653365150863,0.12692497188028978,0.8418218585621672,0.8455579600030654,0.9660968339238183,0.090930757,0.058617191,0.076276119
0.163058,0.023127858,9.231919177325962e-05,-0.049770414,-0.741003191,0.0097,0.0139,0.0181,0.0207,0.0232,0.026,0.0289,0.032,0.036,0.0453,,0.37426094366328516,0.4321883782136562,0.8368316621662761,0.048569899220757655,0.12434083159433827,0.087352809,0.079259865,0.083944916,0.1211036720079469,0.9741066746440752,0.9372931608142961,0.9977207336433241,0.062943825,0.067656794,0.076178966
0.165216,0.022912848,0.000116726,0.2532528676356331,-0.408144505,0.0089,0.0126,0.0164,0.0193,0.0223,0.0254,0.0287,0.0327,0.0374,0.054,,0.35004126932775614,0.484749369,0.9404486199657098,0.041262691,0.11196282102765479,0.080044489,0.080454922,0.08171629,0.13738690313699886,0.9299126593602358,0.8516942726598837,0.9334464425852551,0.063616409,0.094809088,0.093864226
0.16947,0.024566391,0.000119511,-0.006091054,-0.82881731,0.0099,0.0141,0.0177,0.021,0.0245,0.0279,0.0313,0.0352,0.0393,0.0488,,0.3633873838815741,0.43190629212367215,0.5201649814230591,0.037247731,0.12162800923975758,0.048699246,0.083358877,0.10759447083647139,0.10497762457231921,0.8949687978280169,0.9451705154262972,0.83844867,0.068665936,0.066330418,0.061110955
0.171622,0.02221727,8.82169068303304e-05,-0.09536964,-0.803259149,0.0091,0.0128,0.0173,0.0199,0.0224,0.0251,0.0281,0.0312,0.0344,0.045,,0.4038669111506936,0.4454104778816515,0.7644836208239401,0.042619066,0.11225940164525583,0.048332182,0.073670777,0.079461007,0.12757914810834445,0.9847557256311554,0.8682475335480271,0.8039260322742328,0.096123693,0.066280311,0.068281425
0.169365,0.022266736,8.983297645867472e-05,-0.103111214,-0.788547452,0.0087,0.0136,0.0167,0.0195,0.0231,0.0254,0.028,0.0312,0.0346,0.0424,,0.40117605688058616,0.43445280197844977,0.5304155036441712,0.036248487132285345,0.11780771070424811,0.055983323,0.090551664,0.085242356,0.1327870789631093,0.9137427642685825,0.8253182342348562,0.9194488735909079,0.095069005,0.067531543,0.054894149
0.173234,0.023771218,9.323650489520556e-05,0.2127241628123768,-0.387726804,0.0113,0.015,0.018,0.0208,0.0232,0.0261,0.0287,0.032,0.0365,0.0496,,0.3799164116668091,0.4314937735857084,0.5956107015588725,0.036859710835250616,0.14324568067832574,0.081838166,0.10701993642060549,0.071107065,0.11833427654513104,0.9402766045743717,0.8263335807901604,0.8100237612998501,0.060301828,0.098086518,0.065811307
0.14619,0.022690301,7.266413302334449e-05,-0.038556183,-0.724532467,0.0111,0.0147,0.0174,0.0204,0.0229,0.0251,0.0277,0.031,0.0338,0.0419,,0.37613950774431504,0.47129853043707787,0.7184602054927284,0.035756807,0.1263846654832368,0.076390949,0.10072510779089844,0.08048257,0.1167459192123197,0.8016718144953192,0.9965145763777609,0.940285187,0.066553241,0.099412555,0.092099263
0.151296,0.020949941,5.762253086530218e-05,-0.049660664,-0.542049461,0.0103,0.0139,0.0168,0.0188,0.021,0.0232,0.0255,0.0281,0.0307,0.0437,,0.37817818967824834,0.4077391814778114,0.6709566630651317,0.045040127,0.12597694533055087,0.085797447,0.10652823418932042,0.072913187,0.10465252898861802,0.8474525213803514,0.9926687200246008,0.9609671896928826,0.086562986,0.081560661,0.055197671094144446
0.151426,0.022012391,6.535301965593383e-05,0.007351069,-0.558570063,0.0116,0.0146,0.0171,0.0194,0.0225,0.0243,0.0264,0.0293,0.0331,0.0423,,0.3828402813047761,0.4855362534992971,0.7127868104204834,0.036265636,0.11800677238242152,0.052420344,0.072242348,0.12434012142805737,0.083288628,0.8211279286898862,0.9079853571190639,0.8606675554492863,0.051399881,0.073420529,0.077189984
0.149255,0.021809081,6.629095452595127e-05,0.07710823,-0.46761615,0.0108,0.0144,0.0174,0.0194,0.0217,0.0241,0.0266,0.0292,0.0324,0.0443,,0.40386630017994163,0.4630253438795479,0.5970385425220606,0.046904558,0.12495219611754413,0.043769554,0.1042989166718353,0.079847296,0.1287840439621661,0.9663739518081691,0.9183879847991441,0.9175907847880469,0.05610829,0.093041136,0.078334974
0.146273,0.021050091,5.035886393795462e-05,-0.194552236,-0.459119118,0.0114,0.0148,0.017,0.0197,0.0213,0.0231,0.0254,0.0274,0.0302,0.0372,,0.38899168593132066,0.4088240911768806,0.8296252140687534,0.040214641314390925,0.1287357903104079,0.044918579,0.075983487,0.10957018563242191,0.094600932,0.9427395787165819,0.898502529,0.918921697,0.075740002,0.079554476,0.066076989
0.148033,0.020959303,8.763749505114952e-05,0.011481564,-0.81565035,0.0078,0.0127,0.0153,0.0179,0.021,0.0236,0.0264,0.0302,0.0337,0.0419,,0.3681117530968222,0.4033669698973347,0.6248086281573764,0.039629315069485804,0.12395310230798931,0.048559898,0.0725661,0.12289080343411349,0.1358318209382514,0.8914084760684045,0.8002033289467594,0.8446866548736672,0.076904827,0.081599424,0.059045582
0.142238,0.020135097,5.500076907511617e-05,0.011660392,-0.633756761,0.0105,0.0131,0.0159,0.0179,0.02,0.0225,0.0242,0.0269,0.0303,0.0384,,0.3920870570243681,0.4313959616180835,0.6767947771626488,0.049135742913123594,0.12612279772138246,0.066023887,0.072822094,0.12276658778899892,0.10303304471131856,0.9184452469898722,0.9100401183976948,0.9768707346035987,0.052329029658888415,0.058359347,0.058688856
0.151378,0.024013619,7.29195361294899e-05,-0.054963936,-0.558141983,0.0125,0.0163,0.0189,0.0217,0.0243,0.0265,0.0288,0.0316,0.0355,0.0429,,0.38322240476446817,0.4899068918563376,0.5290173872163564,0.049431193394517854,0.14423285903562652,0.072616481,0.086127989,0.11494392611449607,0.12707545855318042,0.9164976269550564,0.960772324,0.9132265739526987,0.052045726,0.09289948,0.059701008
0.153478,0.022140691,5.809446044747057e-05,-0.174384002,-0.630500647,0.0115,0.0153,0.0176,0.0206,0.0223,0.0244,0.027,0.0293,0.0323,0.0375,,0.41719558505711174,0.46112097863635904,0.5188199921178085,0.044962381158981324,0.13731077942756229,0.087232354,0.10662323942133473,0.1262743698103746,0.10281480335774021,0.9620263316420671,0.8930211357260193,0.8172136772432045,0.068774463,0.067948734,0.074683213
0.148646,0.021309227,6.26901346295033e-05,-0.016869588,-0.677368757,0.0111,0.0138,0.0165,0.0192,0.0213,0.0235,0.0263,0.0288,0.0319,0.0408,,0.3998576859258838,0.44319570193785496,0.7289411665786237,0.044999987499513845,0.14099059505687475,0.044025574,0.076654168,0.08602943,0.12831871906479045,0.8992231640926869,0.9595227374254741,0.9960896670685627,0.096417129,0.072155913,0.072332392
0.153235,0.022942037,7.467235365566497e-05,-0.056775369,-0.764313127,0.0113,0.0148,0.0175,0.0203,0.0234,0.0255,0.0282,0.0311,0.0346,0.0423,,0.39865494103002375,0.4214917619032972,0.5241035241796321,0.036488257,0.13578855679378984,0.069968187,0.086297774,0.099549535,0.12214854031775972,0.9187440447523056,0.9940768081866933,0.9931756327944808,0.05318878,0.067076255,0.080872022
0.135364,0.020668671,9.132188219186448e-05,0.1608553566392996,-0.616328215,0.0081,0.0117,0.0147,0.0175,0.0205,0.0232,0.026,0.0291,0.0338,0.047,,0.41368608191553463,0.48499559347935295,0.5200740431806988,0.037816861,0.14388509461004573,0.084683815,0.096493781,0.12226543868560907,0.10400430897999086,0.9730652736357337,0.9391977231212936,0.9258908382745719,0.073953184,0.075258673,0.093070044
0.163639,0.02211733,9.916274877123268e-05,0.098883036,-0.603011371,0.0093,0.0132,0.0164,0.0193,0.0221,0.0248,0.0278,0.031,0.0354,0.0508,,0.3758432507297421,0.48418300020524274,0.6336298733025308,0.045494970288713174,0.14103855441777877,0.08005115,0.084086889,0.094989688,0.11714372827539853,0.8108260340187783,0.9727821685018978,0.9137927524864234,0.082064409,0.082587252,0.096485152
0.152696,0.020423237,8.784142677557323e-05,0.1812162882080961,-0.545953379,0.008,0.0115,0.0147,0.0174,0.0206,0.0228,0.0254,0.0285,0.0333,0.046,,0.3652872881280749,0.43404893887214163,0.9437514367150703,0.045151397697726255,0.13955707732835615,0.054864699,0.093471119,0.12071007408960428,0.13492707883665223,0.9607172985772902,0.8613909084794168,0.8555004792326936,0.056083498,0.083585289,0.081105275
0.16159,0.024186411,8.168870709868418e-05,0.0330195,-0.550348926,0.012,0.0156,0.0186,0.0214,0.0241,0.027,0.0297,0.0326,0.036,0.0486,,0.3892218737656563,0.45756624625529024,0.5034827464724788,0.043380937673656306,0.11003743201286019,0.042693149806546794,0.090434304,0.10006769694456719,0.090230746,0.9804322732213426,0.866099936,0.8436837017082713,0.067776525,0.065636005,0.073705415
0.163857,0.022646801,7.24224515215083e-05,0.033062506,-0.557069951,0.0111,0.0143,0.0172,0.02,0.0227,0.0255,0.0279,0.0303,0.0336,0.0476,,0.4165464843743164,0.4574490703566987,0.8390504129385893,0.047565596,0.11231389135549041,0.049644843699109126,0.098150466,0.07591437,0.11322660315379435,0.847276383,0.9355792759314807,0.9235001381508875,0.066903217,0.072588037,0.053292178
0.162718,0.024617555,9.597730115363002e-05,0.1945503790954856,-0.319038278,0.0118,0.0158,0.0189,0.0217,0.0245,0.0273,0.0301,0.0333,0.0372,0.053,,0.3588955862838885,0.4295256439862799,0.5931856730781969,0.044710814,0.13850106671959442,0.088143154,0.086238902,0.07007189,0.11420541743647647,0.8108535134374424,0.8077615100425914,0.8617507183059759,0.08662644,0.073256554,0.097915705
0.161858,0.020532514,8.008238567538685e-05,0.001591366,-0.717708703,0.0078,0.0125,0.0151,0.0179,0.0209,0.0229,0.0258,0.029,0.0323,0.0412,,0.35876953604632356,0.4050542793106392,0.9205402919513037,0.038014481,0.14057133651302328,0.084008669,0.093751393,0.08586754,0.11577915678517774,0.9945947910777717,0.9711150374468023,0.936944763,0.054074854774201285,0.073738224,0.088565355
0.151022,0.02236942,9.43844756143948e-05,-0.027913694,-0.695495915,0.0089,0.0128,0.0174,0.0199,0.0223,0.0251,0.0285,0.0315,0.0349,0.0448,,0.3979295173247167,0.44218722025399726,0.6408444330134399,0.039932465790775605,0.11829182526860477,0.059541385,0.1107989422374263,0.11712226332545711,0.12449946983096845,0.8671500120868229,0.9579925730654097,0.8989630125985971,0.083623903,0.075577032,0.092759827
0.177027,0.023393304,7.255420211620357e-05,-0.090656155,-0.727922455,0.0124,0.0153,0.0181,0.0213,0.0236,0.0259,0.0287,0.0316,0.0344,0.042,,0.3646569795909187,0.4772901467036883,0.6845161844081519,0.035046969,0.14969101508602956,0.046958782604133095,0.095897845,0.090078888,0.084395423,0.9589430218007029,0.9701025119524719,0.896537317,0.055954337,0.088745954,0.092051391
0.16135,0.02240214,7.698352065450045e-05,-0.001221149,-0.799530411,0.011,0.0139,0.0169,0.02,0.0223,0.0251,0.028,0.0304,0.0345,0.0407,,0.3581618906092913,0.45621860494756367,0.862690623,0.049802083,0.138213896,0.065270304,0.054236359,0.097413571,0.13868231843736056,0.8159004602157913,0.8270791144190628,0.8524039426642605,0.053536986,0.072123354,0.085305378
0.15807,0.022623014,9.357588208013258e-05,0.1973711893466697,-0.660478898,0.0101,0.0133,0.0164,0.019,0.022,0.025,0.0286,0.032,0.0359,0.0482,,0.41596505757463154,0.4011665783120642,0.9297565614119938,0.037169615,0.13718599953532926,0.08594138,0.054927779372687655,0.084819534,0.10632670815453896,0.9645451783455465,0.8848539959542863,0.9408663490375688,0.052504257795026585,0.053579067455913156,0.099015253
0.142722,0.021237594,8.722299439441e-05,0.084228619,-0.624298215,0.0085,0.0121,0.0155,0.0186,0.0216,0.024,0.0267,0.0297,0.0333,0.046,,0.38409610386459136,0.4623950649306221,0.5120808665564391,0.041703007,0.11797945924888258,0.043871976,0.081706761,0.11908919580649155,0.086848872,0.85745182,0.8074776610024337,0.8805142155015739,0.07105749,0.087637311,0.064649493
0.145779,0.022178835,0.000102392,0.1381906325633952,-0.570843362,0.0091,0.0129,0.0163,0.0191,0.0219,0.0245,0.0277,0.0311,0.0357,0.0499,,0.3722815804331594,0.460544891,0.8108632256175012,0.042210698,0.14208634304617185,0.044990152258932006,0.11291097097871367,0.11372266787055192,0.10467368961322326,0.9693967298069869,0.8993463709962989,0.9260010374978125,0.066472045,0.094966482,0.068560161
0.136751,0.02048653,8.136827160988402e-05,-0.007941069,-0.708985125,0.0078,0.0119,0.0153,0.0178,0.0205,0.0234,0.026,0.0287,0.0324,0.0427,,0.3840950085071673,0.40221449885568816,0.9060536685361807,0.035695835978488764,0.1463002582540056,0.082573792,0.11001374897058594,0.10156185467792803,0.082588033,0.8775771384934089,0.8546649314391691,0.9381704998679764,0.067225025,0.059557896,0.077056997
0.141202,0.020970526,9.62255871306973e-05,0.2785072376565757,-0.306568855,0.0086,0.0122,0.0152,0.018,0.0206,0.023,0.0259,0.0293,0.034,0.0499,,0.4078531514744903,0.47286288843901786,0.5539876802129042,0.049900800802217114,0.11768409952485147,0.051874327,0.082690264,0.10229941561713249,0.0936293,0.9998691397280532,0.8881856012366703,0.8097491562869213,0.091167232,0.094387941,0.081377336
0.123091,0.021698959,9.791055330224192e-05,0.070145048,-0.724593431,0.0082,0.0121,0.016,0.0188,0.0216,0.0245,0.0276,0.0308,0.035,0.0443,,0.40348270617835136,0.48341259612865284,0.6648420417525004,0.043862976623552416,0.1158205783394213,0.045297777,0.11091630487429031,0.11520567208748213,0.13676858365275135,0.8266615954347246,0.9174365864541973,0.9357016411013357,0.06310418,0.099144605,0.083175524
0.141804,0.020762976,8.349066296957816e-05,-0.022640474,-0.757763983,0.0079,0.0119,0.0154,0.018,0.0208,0.0237,0.0264,0.0291,0.033,0.0426,,0.39286820893236585,0.47419946875881935,0.5026022786262758,0.046722675,0.1267795790995726,0.087896038,0.077344142,0.10852879086033151,0.1441586356545692,0.8998029855855036,0.8648146020043909,0.955802452,0.081698619,0.055969065,0.085018278
0.138304,0.023603049,0.000103434,0.1020326772552075,-0.593372419,0.0104,0.0143,0.0178,0.0207,0.0235,0.0265,0.0294,0.0327,0.0371,0.0509,,0.41795852093883606,0.4214625972636696,0.5893214058882106,0.036587879,0.12433983458828773,0.059057571,0.11037775704409397,0.097694471,0.13281452798944507,0.8454682430460901,0.8908240450022439,0.8060133125136817,0.079512976,0.08483636,0.097912564
0.141601,0.020254891,7.136521461590468e-05,0.009838185,-0.676626408,0.0084,0.0122,0.0153,0.0178,0.0202,0.023,0.0255,0.0279,0.0313,0.0429,,0.37891298339661417,0.4777712755685292,0.7974056546786122,0.046701073,0.12927762459679554,0.044413274,0.061160692299457656,0.07025411,0.1296814750549995,0.9253104117914652,0.8172201738756439,0.8592270549019109,0.081860184,0.08658301,0.052598085277340015
0.193187,0.022105741,9.855301321112426e-05,0.1559960294284192,-0.427435944,0.0093,0.0131,0.0165,0.0192,0.0219,0.0246,0.0276,0.0306,0.0345,0.0502,,0.35637205797846505,0.45916697892717495,0.7421351972258643,0.039004671,0.12219707901560561,0.074779249,0.086322811,0.097934028,0.098427131,0.8748027783417562,0.9819450463170402,0.9498201799581649,0.095043163,0.071351563,0.070003815
0.196444,0.025052699,7.00942388106478e-05,-0.205057378,-0.558396116,0.0134,0.0177,0.0203,0.023,0.0257,0.028,0.0303,0.0327,0.0361,0.0443,,0.3622449577899558,0.49880371193058687,0.7133935353063168,0.048825365818575835,0.11591807681927448,0.056779873,0.09636455,0.11151652068340417,0.10047415898327773,0.8229041437019465,0.9456402227194163,0.9394256730749277,0.079528591,0.058393404,0.071212518
0.18734,0.025936994,8.630287096848217e-05,-0.053714915,-0.591205977,0.0135,0.0174,0.0205,0.0231,0.0258,0.0285,0.0313,0.0346,0.0384,0.0498,,0.35152875403477574,0.4107662724187704,0.6064175571210233,0.040986201,0.12605657257090191,0.087996805,0.075936749,0.12713376411654356,0.1420563595196375,0.9905999732761528,0.8774615486329789,0.8197760748726004,0.073289081,0.091164373,0.079844424
0.189401,0.026777478,8.601789747298283e-05,-0.110691147,-0.603655459,0.0138,0.018,0.0215,0.0243,0.0273,0.0299,0.0322,0.0352,0.0392,0.0478,,0.3909878182665433,0.40463127925449405,0.7394733606261903,0.041771043,0.11111008866838004,0.073734392,0.096482935,0.1243949103000481,0.14430550730717473,0.8376339168407533,0.9021470813231344,0.855884417,0.093694602,0.082389754,0.077643944
0.185597,0.024903868,7.719553009773312e-05,-0.123310209,-0.66574065,0.0125,0.0172,0.0198,0.0226,0.0254,0.0279,0.0303,0.0328,0.0365,0.0443,,0.4155313319270172,0.4516429432372678,0.5462247750230687,0.041676319061915684,0.1475008321229562,0.066442908,0.066716277,0.068930915,0.14171174380767193,0.8842387342517902,0.8334321763608648,0.8437459432273218,0.081582423,0.08301269,0.058832374
0.189578,0.024144853,6.155931228459189e-05,-0.282488937,-0.210143288,0.0134,0.017,0.0205,0.0226,0.0246,0.0267,0.0287,0.0308,0.034,0.0459,,0.36676108630075877,0.4361241586174581,0.9306557652577154,0.039009012,0.12585537457866544,0.078879232,0.092904754,0.07197636,0.10003274871199545,0.848340065,0.8021454455248413,0.8029670230752279,0.064177339,0.080105302,0.064254892
0.189251,0.022390251,9.139256902618192e-05,-0.085303805,-0.738064779,0.009,0.0129,0.0175,0.0201,0.0226,0.0253,0.0282,0.0313,0.0344,0.045,,0.38161026090060673,0.4276935482956968,0.5447616572356105,0.04510566,0.12446945931279568,0.06989468,0.061515333,0.071933837,0.097359378,0.9040286523344034,0.9913631612515965,0.9429257831682136,0.083456241,0.078608169,0.084623443
0.18942,0.024435259,6.648529465048768e-05,-0.233830722,-0.555146411,0.0127,0.0176,0.02,0.0224,0.0247,0.0271,0.0298,0.0322,0.0348,0.0449,,0.3907165269187249,0.4861531241394319,0.6245292753613776,0.043843723246230315,0.11762127718721438,0.061107018282815326,0.096675412,0.1215808652574115,0.10905337734958614,0.9377744969675657,0.8146083388504433,0.9956350180501176,0.065885247,0.060874524266927806,0.065084067
0.19632,0.025042275,7.795944994618424e-05,-0.016281575,-0.447208425,0.0129,0.0167,0.0198,0.0225,0.0254,0.028,0.0303,0.0328,0.036,0.0476,,0.35440529267735077,0.4192660491874037,0.6344379236767764,0.035521292,0.11624887794942503,0.065061284,0.077549975,0.070891133,0.14092481255439515,0.818868432,0.9524139058369012,0.8506195360071557,0.051176896487550486,0.057420986,0.061756952
0.185478,0.024517501,7.867966855115153e-05,-0.060752182,-0.694666875,0.0122,0.0167,0.0192,0.0219,0.0247,0.0275,0.03,0.0328,0.0362,0.0443,,0.37476258843568244,0.4911770727385888,0.7892032213889815,0.037053482,0.12207225468582829,0.071550166,0.074922072,0.069402696,0.14474908865720693,0.9558366726097411,0.9985100939040458,0.8717453252863061,0.072782458,0.052166007,0.06406311
0.161237,0.020277807,7.745055493206478e-05,-0.014119803,-0.621398743,0.0082,0.0118,0.0151,0.0178,0.021,0.0232,0.0257,0.0281,0.0313,0.0462,,0.3853923102350383,0.4417278483056946,0.8752927873914718,0.046813224233191314,0.1391844502727543,0.090618639,0.095011263,0.1089482000250511,0.11403447711836118,0.9270615321544629,0.8249531341782542,0.9777687180666327,0.075558604,0.061403992,0.087516092
0.157562,0.020939966,7.206097217505892e-05,0.2919967584107441,-0.167274317,0.01,0.0129,0.0155,0.0181,0.0206,0.0231,0.0255,0.0285,0.0317,0.0478,,0.3819645846432587,0.42015158611135817,0.6271660157027034,0.045487658,0.1388904439983274,0.064544345,0.065909742,0.11172311203103445,0.088818695,0.8703622963462074,0.875305544,0.8454256729944405,0.070558024,0.07577992,0.079789805
0.156716,0.022268934,9.495865154201237e-05,-0.040699928,-0.772060225,0.0089,0.0126,0.0165,0.0201,0.0227,0.0252,0.0281,0.0314,0.0352,0.0464,,0.36294547596410254,0.4259985068985546,0.5650293383856853,0.049870717304005274,0.11946003263028848,0.045112698,0.083077579,0.090452053,0.12980305596449412,0.8439676182909788,0.9581219729628355,0.8036111142422511,0.083659318,0.090325389,0.088168471
0.154626,0.02131548,6.258120135787775e-05,-0.064111498,-0.722200446,0.0111,0.0138,0.0163,0.0194,0.0217,0.0236,0.0262,0.0289,0.0317,0.0414,,0.38671382021034995,0.49661554341018505,0.7590019489203255,0.038661918697592314,0.12045534252953771,0.058497294,0.10874897402113115,0.12820439857137833,0.095333202,0.9466776678967083,0.920755231,0.9295880461965221,0.071143659,0.094358722,0.057833124252796034
0.15214,0.023702143,0.000125965,0.1597782323340004,-0.699996424,0.0097,0.0137,0.0174,0.0205,0.0238,0.027,0.0304,0.0341,0.0393,0.0521,,0.3755686374067726,0.40730445051899405,0.672252761,0.049235295,0.11076193393836492,0.078710413,0.063025126,0.094356027,0.10224991213725676,0.8754566083334849,0.943751498,0.9622601176193502,0.085164386,0.092592069,0.082413902
0.150692,0.019774725,5.3843864917632055e-05,-0.055788631,-0.73983089,0.0098,0.0129,0.0152,0.0174,0.0199,0.0219,0.0243,0.0267,0.0297,0.0363,,0.3888909970503972,0.4514725297407266,0.7851623861514829,0.040612973,0.1473505271936147,0.054499365867637345,0.104325276,0.12554352422300707,0.094354598,0.8385104513466268,0.8787970585242498,0.9636917780272751,0.073166177,0.089801132,0.08482567
0.156658,0.022028624,7.34860976629257e-05,0.074538367,-0.611562218,0.0101,0.0142,0.017,0.0193,0.0218,0.0246,0.0271,0.0296,0.0334,0.0432,,0.37519322642812614,0.49757247982034686,0.8641574062988097,0.047404159426335135,0.12379793805806241,0.072241764,0.10908287758983579,0.084564097,0.11366772609368403,0.9092923992158752,0.9962332342626057,0.8818205618059881,0.085064936,0.095507371,0.064065388
0.152132,0.022162464,6.196615887529882e-05,-0.082990824,-0.533586994,0.0111,0.0152,0.0177,0.0199,0.0223,0.0248,0.0271,0.0292,0.0323,0.0433,,0.368382672,0.42009372249498866,0.7363858016139118,0.040452432,0.14098248238556005,0.073454754,0.062985965,0.082283175,0.0857879,0.8354611733530484,0.8269368522517391,0.8865221066600979,0.062016911,0.064126756,0.070354359
0.15706,0.02004346,7.808417910641342e-05,-0.005588652,-0.717326683,0.0074,0.0122,0.0147,0.0174,0.0206,0.0226,0.0253,0.028,0.0315,0.0412,,0.35095932845842853,0.45136727797429244,0.7697037963196681,0.039627587,0.1381709722731312,0.045233946,0.094756315,0.11830085460616288,0.08657664,0.8732251309837673,0.8836495165846665,0.9460347719624178,0.062801245,0.065934787,0.080897141
0.154462,0.021275598,8.359322318257513e-05,-0.074514985,-0.728404335,0.0084,0.0128,0.0162,0.0187,0.0214,0.0244,0.0269,0.0296,0.0333,0.0434,,0.3837860876241081,0.48440538078129847,0.6517334960817069,0.045286161,0.11311746815118483,0.062122131,0.083051829,0.087578206,0.093449947,0.9114657065256317,0.8031569780506733,0.8500889939538968,0.078809392,0.095240288,0.068406969
0.111776,0.018646964,6.878912223939751e-05,-0.033503043,-0.822639132,0.0067,0.0106,0.0134,0.0161,0.0189,0.0212,0.0236,0.0264,0.0301,0.0368,,0.3880771231445183,0.42723987888180354,0.7575969831285753,0.038075048258838506,0.1360646069073008,0.042088704,0.060251183819366255,0.10471031025644781,0.12913618553897668,0.940459297,0.8889259270929266,0.8571360233477943,0.092352543,0.075967376,0.078595724
0.10131,0.018222764,7.425510109813682e-05,0.1242439746736314,-0.803904477,0.0063,0.0102,0.0124,0.0156,0.0178,0.0208,0.0231,0.0263,0.0302,0.0376,,0.3660750866475506,0.40089958396075287,0.5295873373362627,0.049750748767839026,0.1285037565424774,0.054137735854716845,0.10313518903741128,0.09384442,0.083516954,0.997360409,0.9333988140984886,0.8213655741065549,0.077096868,0.068793444,0.081200394
0.10427,0.016590971,5.832876274601337e-05,0.07362045,-0.732498229,0.0057,0.0094,0.0117,0.0143,0.0166,0.0188,0.0209,0.0237,0.0269,0.0362,,0.3639367731226821,0.4248742082037082,0.8000022811624581,0.047806462,0.11838118681542142,0.082895564,0.08767962,0.10517268091752277,0.10413505043907284,0.8578866705926278,0.9313772971167954,0.9880751036801475,0.086599074,0.058501114,0.077786038
0.110211,0.019601489,8.066855258979493e-05,0.1403103816687056,-0.465924403,0.0077,0.0111,0.0139,0.0169,0.0194,0.0221,0.0249,0.0278,0.0313,0.047,,0.3746028141810044,0.4782638817681411,0.770436318,0.043170854,0.1483740912829455,0.057057676,0.086537645,0.071639694,0.13310577529623085,0.940144898,0.9761118770651221,0.8774714932899489,0.050098787054272474,0.087765414,0.06320424
0.129043,0.01862264,4.851130592572811e-05,-0.025304164,-0.692107941,0.0093,0.0124,0.0141,0.0169,0.0185,0.0209,0.0229,0.0252,0.0278,0.0348,,0.4013452165483658,0.4787460679353806,0.7547342085218914,0.039003587,0.1395581953913751,0.059032193,0.069461275,0.082466506,0.13712885063167932,0.8830890894450957,0.8726290526013646,0.9328283923970665,0.051524814,0.061825101721904835,0.078998697
0.111051,0.018754802,4.83342456106028e-05,0.014350257,-0.641791091,0.0095,0.0126,0.0144,0.017,0.0185,0.0205,0.0227,0.0251,0.0281,0.035,,0.35692189430725035,0.4495297891626716,0.9150858845241264,0.036283083,0.14259091284015768,0.042159207,0.094060439,0.084019976,0.14031271872338621,0.893620371,0.9323332934511852,0.9640750202067785,0.08364487,0.099305088,0.059674326739776976
0.10192,0.018404057,6.45157501467341e-05,0.064285006,-0.839398177,0.0071,0.0106,0.0135,0.0156,0.0181,0.0206,0.0231,0.026,0.0297,0.0366,,0.3997037783767565,0.46900147793354374,0.871404008,0.046614099953696975,0.14425914044290883,0.080837968,0.10205959642703066,0.11475921699299915,0.12907253472795704,0.9986669714738822,0.9566452820391887,0.9291951993309812,0.068156297,0.097314917,0.082979518
0.10008,0.0171577,4.678531925526655e-05,0.1821130433018278,-0.561594841,0.0085,0.0106,0.0132,0.0149,0.0174,0.0188,0.0207,0.0234,0.0265,0.0355,,0.36211167231200153,0.420516089,0.6139722917858319,0.042542353,0.12168810599269106,0.084933592,0.078095156,0.084769595,0.11599850387157933,0.8640150625960251,0.8459199477777126,0.9412856553337176,0.058803806998617134,0.07030828,0.069658218
0.120189,0.017726985,4.28808279631087e-05,-0.044938348,-0.66720846,0.0089,0.0115,0.0136,0.0156,0.0179,0.0196,0.0218,0.0238,0.0263,0.0326,,0.3774010962410374,0.44794142606537724,0.8416072514839203,0.045833376,0.12891844798384314,0.041628241,0.10450315922216605,0.1017136015309902,0.12955103414785216,0.9962226249790623,0.8813524661850254,0.9680851844717409,0.065429377,0.05228829,0.057908701
0.13741,0.016474008,5.367351216036585e-05,-0.046398689,-0.85569372,0.0067,0.0098,0.0119,0.0145,0.0164,0.0187,0.021,0.0234,0.0262,0.0326,,0.3810517507922072,0.4131878160149401,0.5012300124747822,0.041010297,0.13450168033182072,0.081674174,0.071646107,0.081247529,0.12276877836767829,0.8214988435085259,0.8106075147598834,0.943774075,0.07729584,0.091403135,0.090446905
0.132176,0.022709615,0.000113105,0.2164225522842583,-0.283576639,0.008,0.0123,0.0161,0.0194,0.0226,0.0259,0.0289,0.0322,0.0367,0.0577,,0.38274177784519964,0.43070491408830525,0.6158379601857848,0.037324630399595826,0.13440081394156517,0.083019835,0.10678344045044384,0.10994989779656808,0.12475608133732695,0.9382532899839822,0.8364149788561673,0.9340481342500029,0.075548715,0.08101235,0.08561484
0.135474,0.023202077,0.000115979,0.1489814466938986,-0.678572205,0.0091,0.013,0.0165,0.0196,0.0229,0.0257,0.0293,0.0333,0.0381,0.048,,0.4006541269767813,0.43538823597820187,0.5081283617920945,0.046097741,0.13416067920408017,0.069154608,0.078260194,0.087726411,0.094351932,0.815227227,0.8312356353825441,0.8577752260176186,0.066374952,0.073738925,0.067398443
0.135866,0.021153159,8.840476254779717e-05,0.044290773,-0.702630236,0.0085,0.0121,0.0157,0.0182,0.0213,0.024,0.0267,0.0298,0.0338,0.0467,,0.36429260630542504,0.4667739698182289,0.6458082369151534,0.042763914,0.11785818230282039,0.07516612,0.083966056,0.1270038162807196,0.088359667,0.9588655529071499,0.8629157688533097,0.8009236290036786,0.055561806,0.096006855,0.079597137
0.132388,0.022369684,9.90117257850351e-05,-0.049963214,-0.849720032,0.0084,0.0124,0.0167,0.0194,0.0224,0.0256,0.0286,0.0317,0.0358,0.0437,,0.3631809880260818,0.4644417806775874,0.5713686712073303,0.042894619,0.1465671048875442,0.063164641,0.091046048,0.079565061,0.13926034370362653,0.8678398758573764,0.9025934722852621,0.8655887049766126,0.096547248,0.097757973,0.078553329
0.136516,0.024228836,0.000127653,0.1385257269328525,-0.739448036,0.0097,0.0136,0.0172,0.0206,0.0235,0.0269,0.0304,0.0345,0.0401,0.0495,,0.3536905704459286,0.4918240634747217,0.7936111842517867,0.039559447,0.14020069259759568,0.07506148,0.073392513,0.095903104,0.1443769687136153,0.9033069357932826,0.8692758848685921,0.9126355544399193,0.086629549,0.05388043,0.071297655
0.136646,0.025764095,9.313954448897244e-05,0.1095613930482203,-0.466706279,0.0137,0.0177,0.0205,0.0232,0.0257,0.0285,0.0314,0.0345,0.0387,0.052,,0.36973037942116976,0.4594189493419995,0.7916252805279883,0.043368138,0.1451401580155906,0.071681194,0.10115468187592375,0.075558375,0.12229312103365013,0.8313838799558496,0.9739282837105268,0.8913676288790137,0.080459423,0.077218648,0.095436359
0.135379,0.025195612,7.788005567293293e-05,-0.078057394,-0.589852737,0.0131,0.0178,0.0203,0.0225,0.0249,0.0276,0.0305,0.0335,0.037,0.045,,0.36106752184458774,0.4727438649783974,0.8293845423388095,0.044130393,0.12565615200476377,0.055381658248166446,0.071199004,0.11155035124055628,0.11632878032485096,0.9311988336975323,0.8233268329978247,0.9514095276228132,0.084979492,0.062875801,0.097492958
0.135249,0.022592567,9.8200947476935e-05,-0.068795184,-0.82564546,0.0086,0.0127,0.0169,0.0197,0.0227,0.0258,0.0289,0.0318,0.036,0.0437,,0.3978758976364811,0.44027411866274646,0.8471375672928265,0.045395882,0.11281649632053552,0.077567674,0.088206496,0.088579672,0.11354517509282722,0.8496602930758802,0.870773699,0.8899296619759225,0.050204451472454656,0.055015283,0.087273262
0.128348,0.024615781,8.674691211099985e-05,0.009086704,-0.66984077,0.0119,0.0161,0.0187,0.0218,0.025,0.0276,0.0302,0.0331,0.0369,0.0474,,0.4080699510709209,0.449862803,0.5840828130915755,0.041038501,0.13423466363713207,0.044859271,0.10735227520086843,0.08887198,0.14284927662441382,0.8266765878182118,0.9085519332700212,0.8948510271695256,0.054367373335333744,0.06845495,0.055364947
0.137849,0.020946261,9.27820305374281e-05,0.091130225,-0.734943967,0.0079,0.0114,0.0154,0.0184,0.0208,0.0233,0.0265,0.0302,0.0341,0.0447,,0.39987027791891144,0.48029846725948644,0.6125591505624608,0.037338586911281224,0.13827349628454352,0.076237612,0.099454191,0.10142677645834416,0.14110547635595044,0.9285961141823248,0.9228973539517603,0.8316113715501379,0.077554078,0.071095642,0.0671469
0.1244,0.01739897,6.0338368341138946e-05,-0.011307638,-0.767426869,0.0062,0.0101,0.0124,0.0153,0.0175,0.0202,0.0219,0.0246,0.0276,0.0372,,0.36870001439444483,0.4340863042792806,0.8083985552146644,0.037983317,0.14560630213227738,0.082327039,0.11308762929857537,0.083322732,0.085224064,0.9977371188967766,0.9063586134862462,0.9562653251396707,0.071302028,0.060683754226085566,0.071191364
0.125059,0.01865529,6.972897256114075e-05,-0.03200637,-0.846322601,0.0068,0.0107,0.0133,0.0164,0.0183,0.0214,0.0236,0.0268,0.0297,0.0379,,0.36864485312656275,0.4066346449134284,0.8399517611556725,0.042174153,0.13141362615302188,0.065670492,0.077296539,0.1015493569990936,0.12699328377922378,0.8502040006014054,0.8709212842888134,0.9590328780664034,0.086904519,0.051858048,0.063120259
0.123066,0.016376221,5.365808059510805e-05,0.031440956,-0.742777925,0.0059,0.0096,0.0116,0.0142,0.0162,0.0184,0.0209,0.0232,0.0262,0.0367,,0.36568171966011775,0.4662150735959812,0.6005420582675096,0.044902447,0.11797433763976121,0.08522493,0.074366388,0.095604382,0.12580308761005338,0.8368047285967621,0.9133114612866569,0.8862151363524979,0.083028356,0.075248192,0.085756844
0.112116,0.018463933,6.383374529894526e-05,-0.035096384,-0.808618261,0.0069,0.0106,0.0137,0.016,0.0187,0.0209,0.0233,0.0259,0.0292,0.0366,,0.3507274348682665,0.48244974783509853,0.6783766481888157,0.043379525,0.13263009065909406,0.053151133,0.077965692,0.096818328,0.10939499245572191,0.9623396901105342,0.8707872227843225,0.9142544455041824,0.077516085,0.068273821,0.099680299
0.117642,0.017147031,5.439815217219123e-05,0.060709512,-0.716189512,0.0067,0.0106,0.0125,0.0146,0.0175,0.0192,0.0214,0.0242,0.0272,0.0394,,0.35984170144947075,0.4508456565317539,0.6199190469853144,0.036191354,0.110039377,0.077553684,0.083512509,0.11276322913378077,0.11315359939797096,0.8808797856458406,0.9593270103155975,0.9191061139156051,0.081305924,0.073291251,0.073194772
0.125028,0.01831233,6.146405133612233e-05,-0.094563776,-0.841550646,0.0078,0.0106,0.0135,0.0164,0.0185,0.0208,0.0233,0.0256,0.0284,0.0349,,0.36546892577419043,0.45103363995370843,0.6008823543562718,0.045520411726908884,0.1441704335858067,0.05449418,0.07136551,0.098780973,0.11765569714891247,0.9570452646535048,0.8374331627648082,0.9560981442516523,0.078757689,0.058478234,0.076627334
0.114451,0.0177058,6.18216241618093e-05,0.002213731,-0.839168725,0.0075,0.01,0.0128,0.0155,0.0177,0.0204,0.0224,0.025,0.0283,0.0344,,0.41780005584186497,0.4966282938773967,0.5427423043502744,0.036376402568092776,0.11574577353005383,0.045439421275723646,0.075574738,0.12116601827030044,0.14161717872256957,0.8701385711289155,0.8916846848897676,0.8107763554086114,0.068309,0.085313188,0.055489914
0.122298,0.01799126,7.004739615081453e-05,0.103049577,-0.703912888,0.0065,0.0097,0.0132,0.0154,0.0176,0.0204,0.023,0.0255,0.0296,0.0419,,0.41949466038438554,0.47081773501730245,0.7580695023387646,0.046433719761223693,0.14713415363035842,0.065067048,0.059987447,0.11300221107664522,0.084276727,0.8098960673686026,0.9552584545641052,0.944608526,0.061493024508455126,0.089710978,0.09136288
0.123676,0.01838949,6.215837410756399e-05,0.012561962,-0.852300953,0.0071,0.0106,0.0134,0.016,0.0184,0.0206,0.0232,0.0257,0.0292,0.0359,,0.374051414,0.418214927,0.8066997836221135,0.045352556192981244,0.12893102794754455,0.089862768,0.074677395,0.12289548152073948,0.082506552,0.8502699870847578,0.8246926228352401,0.8566638157639179,0.05930769,0.060162875,0.088927073
0.120369,0.01596955,4.460271111957582e-05,0.012488258,-0.761682995,0.007,0.0101,0.0117,0.014,0.0162,0.018,0.0203,0.022,0.025,0.0318,,0.3579728205287423,0.49755970010816264,0.6462464251190886,0.04658228,0.11735450845203917,0.047599002,0.11344560407164164,0.1229147737478995,0.10259835390487781,0.9946843124407624,0.89083806,0.9978295743288623,0.095345947,0.069809427,0.08291114
0.13521,0.017584855,6.178650955758008e-05,0.01068485,-0.806072152,0.0075,0.0099,0.0131,0.0153,0.0179,0.0198,0.0226,0.0249,0.0281,0.0354,,0.37904767962739083,0.4325535457864113,0.8587143331519258,0.037830569,0.13627377473407798,0.0507411,0.053955333,0.076136315,0.08496356,0.9217013362933778,0.8461544591909718,0.8935245145326487,0.066761564,0.079889456,0.091702739
0.122291,0.01837257,6.169366342599202e-05,-0.044966805,-0.871872124,0.008,0.0105,0.0136,0.0164,0.0186,0.021,0.0234,0.0257,0.0289,0.0355,,0.4187893854656918,0.44776711183863216,0.6426514573051517,0.039322268,0.1231922738351342,0.085037478,0.057898109,0.074935858,0.11158293646046485,0.9545472660799741,0.9739539001046753,0.8091427355837604,0.081190173,0.081390883,0.077191287
0.120467,0.01739394,6.672004595191049e-05,0.1669945067551766,-0.652077803,0.0061,0.0102,0.0122,0.0149,0.0175,0.0193,0.0218,0.0248,0.0285,0.0391,,0.3763041553062668,0.45143893792346523,0.7866067960742552,0.039811447,0.1340108404083671,0.087458488,0.097636474,0.094409482,0.12290733294356154,0.8981238065437459,0.8761167394167204,0.8675906356962415,0.071012849,0.078351126,0.052591846
0.124682,0.019599425,7.055444107822658e-05,-0.030009791,-0.820504709,0.0078,0.0115,0.0147,0.0173,0.0195,0.0226,0.0247,0.0273,0.0309,0.0385,,0.38751709640735965,0.4285565114345872,0.8768233564234968,0.048411248,0.14987397117444823,0.07210751,0.10457461271333607,0.087456994,0.12925906111962507,0.8543700013934559,0.83752007,0.9597411271816592,0.076530716,0.058685598,0.069050893
0.125976,0.019284314,6.870893406279768e-05,-0.010828555,-0.836195801,0.0075,0.0115,0.0137,0.0174,0.0194,0.0219,0.0246,0.0272,0.0301,0.0395,,0.35406865192773973,0.4881220923638492,0.6193260870701562,0.039922423,0.1282908266721121,0.090054467,0.088078494,0.08671706,0.09375,0.9626037601960119,0.8609171088581071,0.9376472418067962,0.095251063,0.070959648,0.063647609
0.130269,0.020635701,8.34716506983388e-05,0.1557323347178054,-0.575389676,0.0084,0.0116,0.0155,0.0183,0.0204,0.0228,0.0256,0.0291,0.0329,0.0448,,0.3650304827444898,0.4902240857261004,0.6909700551248762,0.044329327,0.12615460882344037,0.0768733,0.08007743,0.12757144865279435,0.090357054,0.8387836892861573,0.9196733770700186,0.8029936946261548,0.074200332,0.088420394,0.053734705121491436
0.129533,0.018245019,6.19571523849199e-05,-0.124242643,-0.861026363,0.0066,0.0105,0.0135,0.0162,0.0186,0.0207,0.0233,0.0256,0.0286,0.0359,,0.3854460822731287,0.41164349548770507,0.5074731731694839,0.046385361,0.1255178014359111,0.064316919,0.086328588,0.087051755,0.13002596820360546,0.9093080850613611,0.8835814427764869,0.8598899085020053,0.088953506,0.070968505,0.076310569
0.119879,0.018974238,7.098307320856907e-05,0.061993565,-0.780631385,0.007,0.0111,0.0138,0.0168,0.0188,0.0215,0.0239,0.0266,0.0307,0.0388,,0.35313483531713036,0.4552172599698889,0.6234663484534524,0.036823216101079456,0.14362324540154833,0.063795692,0.077505171,0.11724583189367618,0.10079615748804067,0.8823197271292293,0.9916655102225966,0.8005444717653838,0.053484869415532474,0.087668568,0.059103648
0.128081,0.017778934,6.20286139278022e-05,0.001435806,-0.792241184,0.0065,0.0103,0.0126,0.0154,0.0177,0.0203,0.0224,0.0253,0.0282,0.0368,,0.353039328,0.45911378806003683,0.8596999076708469,0.048093094545964624,0.11939027085153125,0.086411759,0.1127275870751569,0.078530575,0.11108814931958916,0.8720252268745423,0.9598100363122575,0.8887454540164013,0.095978118,0.084610425,0.093301573
0.125555,0.018781695,6.0248045558430594e-05,0.068848512,-0.687617603,0.008,0.0118,0.0139,0.0167,0.0189,0.0209,0.0231,0.026,0.0292,0.0404,,0.37581616706583465,0.435841775,0.7909134627641697,0.043082107,0.12340479578987841,0.042819852,0.10750061201334314,0.1206372426237966,0.086139023,0.9571510982045778,0.9347706725591923,0.9876777035972212,0.079227325,0.05753884,0.096983403
0.178766,0.022218238,9.769563102719171e-05,0.1049950314985349,-0.511039139,0.0093,0.0131,0.0165,0.0193,0.022,0.0246,0.0277,0.0308,0.0352,0.0494,,0.36944183565335803,0.42130588411332875,0.6938950827420964,0.039294475,0.13467014192437365,0.062961623,0.05820611,0.12225117275895975,0.12150096723035061,0.8158352135689794,0.945447319,0.8811353817731417,0.074195058,0.085741975,0.080532631
0.179668,0.021147964,7.744278632624338e-05,-0.090031113,-0.719671604,0.0086,0.0128,0.0161,0.0187,0.0214,0.0241,0.0265,0.0291,0.0324,0.0428,,0.365553349,0.4416422860351236,0.6909571097219122,0.048989649781005194,0.11629473959436741,0.06152772,0.082917566,0.08021771,0.13303643805002094,0.8153127413076188,0.9262539496145045,0.9755041566132183,0.081325788,0.096270116,0.068816138
0.178572,0.023107342,9.321334564929508e-05,0.2313494298675181,-0.45974618,0.0104,0.0138,0.0172,0.0199,0.0229,0.0258,0.0284,0.0314,0.0358,0.0475,,0.3934948303435972,0.41474906,0.5879591537299517,0.035003914149649006,0.14742896276774106,0.081198661,0.072590315,0.1119880162212974,0.097993539,0.9772538063390317,0.8343355748189178,0.8950971056112712,0.079211285,0.084424877,0.071093817
0.17652,0.021740805,8.317414685589393e-05,-0.010392211,-0.699401495,0.0089,0.0127,0.0166,0.0191,0.0218,0.0245,0.0274,0.03,0.0337,0.0437,,0.38573913964041634,0.4611276647924688,0.7261412162664823,0.044878876,0.13195927411723524,0.074264824,0.10064481601644783,0.084080721,0.092811459,0.8319162853827875,0.8924779779263655,0.9996431220921338,0.088661436,0.066517177,0.088737856
0.177209,0.023635747,8.159372082273982e-05,0.004989105,-0.701183503,0.0111,0.0154,0.0187,0.0211,0.0234,0.0261,0.0289,0.032,0.0357,0.045,,0.4110805531844522,0.49249170964224587,0.8410465648325807,0.039634084,0.14204660675096398,0.074855596,0.070790318,0.12055492,0.11510543131111708,0.9500041545122473,0.9977812384692039,0.8356941252317769,0.093790886,0.06755587,0.076690361
0.17321,0.023085029,9.169804929202793e-05,0.056072475,-0.709772465,0.01,0.0134,0.0172,0.0204,0.0234,0.0259,0.0287,0.0318,0.0358,0.0467,,0.3603705653229978,0.42641082883275055,0.5765372353401486,0.044000516022215545,0.12907692179838948,0.089170417,0.067280652,0.077242763,0.086406651,0.872028348,0.8325641470320225,0.823571239,0.074576039,0.096673189,0.071203733
0.172105,0.022728917,8.452536448367356e-05,0.1929083036175911,-0.431974248,0.0112,0.0145,0.0175,0.0201,0.0227,0.0252,0.0279,0.0309,0.0348,0.0514,,0.37063231750000797,0.4323126457595218,0.5449609250663862,0.045291336,0.12310127045841898,0.055671382325703817,0.060246399,0.11831078721804301,0.10529596621798469,0.8434883386529302,0.8931769698944465,0.8005986798488637,0.069323849,0.068275856,0.057962453
0.175762,0.024381598,9.88644006633582e-05,0.073960286,-0.601077645,0.0116,0.0156,0.019,0.0219,0.0246,0.0273,0.0304,0.0337,0.0376,0.052,,0.35188618857623594,0.48030344146794346,0.6764496733107646,0.042225075,0.11779219180634364,0.04125444,0.091632414,0.068998752,0.095578353,0.8654883863504337,0.988422335,0.9635816831262091,0.074102956,0.064364896,0.06348107
0.170376,0.021199737,8.382585529767679e-05,-0.005714516,-0.645146602,0.0084,0.0128,0.0161,0.0187,0.0213,0.0241,0.0267,0.0294,0.033,0.0434,,0.41269591475343725,0.41807198627109193,0.5746151552928633,0.039923141106832635,0.12226442307548298,0.070402387,0.075259171,0.10042135282229041,0.14317829527367354,0.8614255655643924,0.8188872677521258,0.8022798393560238,0.059039438,0.051183551,0.068793976
0.175243,0.021868025,9.669257674055365e-05,0.085070029,-0.689335388,0.0085,0.0121,0.0163,0.0191,0.0217,0.0246,0.0276,0.031,0.0349,0.0445,,0.3550866294734935,0.4317442182242049,0.7901041256375105,0.047858474266499244,0.13655360866590432,0.062570066,0.077915177,0.087375359,0.10988018595473106,0.9362865963651941,0.9206086777007154,0.9971605577708402,0.055521067,0.052923711,0.080038457
0.144759,0.019605719,7.127960938345915e-05,-0.082520588,-0.778920663,0.0076,0.0116,0.015,0.0175,0.0197,0.0225,0.0246,0.0275,0.0309,0.0385,,0.41643304239066725,0.4289495448412679,0.8643144897068786,0.035237879,0.11005649773117529,0.078394931,0.076763033,0.089005204,0.13834398493815403,0.8537148941892521,0.8241950222677825,0.8677992224159811,0.050305743,0.068479695,0.072469317
0.145689,0.020667401,5.3785508030433125e-05,-0.065733974,-0.563502905,0.0108,0.014,0.0165,0.0184,0.021,0.0228,0.0249,0.0274,0.0302,0.0376,,0.3872873382511909,0.4022200244410405,0.5786719758136478,0.048917537914512414,0.1228955347223656,0.089392458,0.085618392,0.086335625,0.093552112,0.9706590962047213,0.9679225800577216,0.9237171437807158,0.057484116,0.062831305,0.096460607
0.146189,0.025741062,7.701074575872728e-05,-0.096528513,-0.370213001,0.0138,0.0177,0.0208,0.0236,0.0261,0.0284,0.0308,0.0333,0.0369,0.0471,,0.3923447892681752,0.41394551057366286,0.6223089051465707,0.04788612,0.13992145125840758,0.073323148,0.057936463810518236,0.076665888,0.093801544,0.9331649193805378,0.8080871884247987,0.9217184473328469,0.086885202,0.070061192,0.091038502
0.143719,0.024085121,6.779421446807884e-05,-0.132795578,-0.354556958,0.013,0.0174,0.0197,0.0218,0.0239,0.0263,0.0292,0.0318,0.0347,0.0448,,0.3747703780162815,0.47684669003150904,0.7896139677401185,0.037937877065187336,0.11814680571308851,0.053708002,0.10291688477553683,0.11370500512421003,0.13017322043266796,0.816460682,0.9754993165813276,0.8682223660143862,0.055391334,0.051992574,0.0529389
0.160948,0.025457079,7.418457264422443e-05,-0.217736307,-0.520538412,0.0138,0.0179,0.0206,0.0232,0.0259,0.0286,0.031,0.0333,0.0365,0.0442,,0.4119725761412044,0.44161225,0.7602900461970733,0.040274890942946694,0.1308660227891241,0.091230157,0.053904719789696395,0.078927468,0.11345643606211611,0.947738815,0.827840259,0.8398619956787021,0.068531512,0.084338521,0.078631221
0.151788,0.024691739,6.646636613677798e-05,-0.326365417,-0.512000925,0.0135,0.0171,0.0205,0.0227,0.0253,0.0278,0.03,0.0323,0.035,0.041,,0.37898819883159085,0.46014302538413876,0.8502683005637612,0.040896142,0.11142541658348364,0.050439257,0.10740691598436347,0.091231026,0.11116380717612974,0.9136189851396609,0.9850370827531706,0.9032191194299625,0.079430203,0.094313887,0.056222246466595086
0.142356,0.024857777,7.353478806804943e-05,-0.245166136,-0.173120537,0.0132,0.0175,0.0206,0.023,0.0254,0.0275,0.0299,0.0324,0.0356,0.047,,0.4046384854370061,0.4009820756080672,0.6737869054597425,0.041473635,0.12852973619234231,0.078486565,0.08817384,0.10384242269858525,0.083003787,0.9616243862675513,0.9580550881190332,0.9713544724045567,0.072192339,0.052042088848271495,0.06263976
0.143094,0.023734176,6.444230017249042e-05,-0.235717018,-0.599381192,0.0128,0.0165,0.0194,0.0216,0.0241,0.0266,0.0287,0.0313,0.0342,0.0401,,0.3889776468760462,0.47515543046789005,0.8929999175425809,0.037844638,0.14439697477596578,0.085094887,0.079687472,0.11438248154147472,0.11622557050811766,0.9406319099071216,0.9352858630977763,0.8604190962934523,0.089735103,0.074923737,0.054587287
0.145182,0.020955234,5.129752665739615e-05,-0.195606755,-0.533622818,0.0111,0.0146,0.0168,0.0194,0.0212,0.0233,0.0255,0.0274,0.0304,0.0369,,0.3540187186109654,0.4380793901849863,0.6857841719964587,0.048080943,0.14102014220533798,0.083796527,0.084903891,0.107658024,0.13045962477502654,0.8497889990803783,0.9851383410480175,0.9693804108644272,0.093881017,0.085267063,0.094362755
0.148439,0.02362106,6.335079978482086e-05,-0.254700564,-0.623571657,0.0126,0.0163,0.0193,0.0216,0.024,0.0265,0.0287,0.0311,0.0338,0.0402,,0.3686752950514349,0.4655076326123153,0.6731940195434771,0.037208268182239934,0.14506421566727823,0.052521778438664755,0.086645545,0.07134783,0.115162814,0.8376536201235147,0.8492694817235552,0.8218675060056887,0.072714122,0.064050067,0.076469586
0.163935,0.022072423,6.766647840727304e-05,-0.087325237,-0.784031819,0.0111,0.0139,0.0173,0.0199,0.0222,0.0248,0.0272,0.0299,0.0332,0.0401,,0.35447817948343324,0.46167564940915584,0.676334188,0.037254086,0.13519799054724982,0.0729033,0.11316864712433496,0.0868637,0.12115346474689494,0.8765158448067418,0.8335221700231423,0.9464672700442128,0.063315226,0.076682717,0.055994720131080464
0.165992,0.021399113,8.921938340449019e-05,0.031021087,-0.563829424,0.0086,0.0123,0.0156,0.0187,0.0216,0.0242,0.0275,0.0302,0.0334,0.0478,,0.3853298102137194,0.40643043579709115,0.5863793409561221,0.036990305,0.12640002907756834,0.078462999,0.072528648,0.12266261056192634,0.11175029986125376,0.9590282498885768,0.8624997403789794,0.8577115477010687,0.056974425,0.092071094,0.076077055
0.172393,0.01974757,7.214274120866987e-05,-0.115614043,-0.828844924,0.0074,0.0115,0.0149,0.0173,0.0204,0.0225,0.0252,0.0277,0.0309,0.0372,,0.41605766443484665,0.45402483516912273,0.8423572499476378,0.035288996,0.11524056760803637,0.077159134,0.095134266,0.07660774,0.1246931471730745,0.8652017890543174,0.8434332648804453,0.8116732362086934,0.057889266067106156,0.055761818500471697,0.06698388
0.173361,0.021345975,6.904972979095313e-05,-0.093493994,-0.767703332,0.0104,0.0134,0.0164,0.0193,0.0216,0.0241,0.0268,0.0292,0.032,0.0407,,0.39053343252764955,0.4283409995694786,0.7375413129236704,0.042202613,0.12008872521306622,0.064044955,0.084748456,0.12369292642112298,0.10550173103599117,0.8657442875158162,0.9736390481453518,0.8360636892401624,0.081778621,0.059741224,0.082000224
0.171724,0.020039387,7.667422267493312e-05,0.002552829,-0.748453955,0.0075,0.0118,0.0146,0.018,0.02,0.0226,0.0253,0.028,0.0316,0.0395,,0.3739369454254418,0.4213271737527483,0.7344629881417664,0.044020179,0.11905740240153259,0.056566269,0.10498653933915622,0.095368133,0.10099635249564547,0.8126854361490693,0.8184331826214027,0.9200367341254332,0.090323856,0.092394873,0.071838385
0.178012,0.021179272,8.757710118369905e-05,0.045597476,-0.654306248,0.0084,0.0121,0.016,0.0189,0.0212,0.0235,0.0265,0.0298,0.0336,0.0451,,0.3699903327963576,0.44371057259267804,0.680575511,0.043635859,0.1212882215973384,0.083135057,0.082206208,0.1152367931318406,0.10090582991605843,0.9219428013258373,0.8166889462554143,0.9063881622733022,0.079853892,0.087154268,0.061329992
0.172143,0.019858385,6.92996541026374e-05,-0.032281834,-0.80111671,0.0084,0.0118,0.0151,0.0176,0.0198,0.0227,0.0248,0.0277,0.0309,0.0385,,0.40499033812555996,0.42705925,0.5334457286825419,0.042271988089068485,0.13301504527195998,0.052327349,0.082594949,0.083749047,0.083481181,0.965473322,0.8730983384820264,0.845720514,0.072161605,0.074717512,0.070287612
0.162637,0.021366487,7.53207463745833e-05,-0.033528027,-0.741342782,0.01,0.0133,0.0161,0.0192,0.0217,0.0238,0.0265,0.0296,0.0329,0.0415,,0.38474878745611735,0.42580446276746825,0.5162904569743232,0.040367483,0.12066044432687015,0.057332417,0.08498608,0.10617586787592029,0.10726260447691806,0.8609045956437537,0.814885835,0.9640544027987387,0.084800212,0.074558943,0.073433797
0.175576,0.021490216,7.389497821857906e-05,-0.056772811,-0.825091173,0.0093,0.0132,0.0163,0.0187,0.0216,0.0243,0.0269,0.0295,0.033,0.0426,,0.37737672831846264,0.4750711634244836,0.8091860178039737,0.044764233524017726,0.11683466441185372,0.060049061,0.10806032421564969,0.076644638,0.0856689,0.8913635750588341,0.8998454445737114,0.9400712942460934,0.057125054,0.053403721519380054,0.061822973480390196
0.168659,0.020925376,7.158547059966401e-05,-0.046445412,-0.799146812,0.0101,0.0127,0.016,0.0188,0.0211,0.0237,0.0262,0.0288,0.0323,0.0398,,0.3662148025502075,0.40326975181678504,0.5445916954604232,0.035543218,0.12698265998042746,0.045922719,0.11249285259356398,0.080748088,0.12406962149441453,0.8921713344024771,0.91031936,0.9794947810452747,0.08517212,0.061807375,0.080415035
0.199237,0.026644007,8.60952947192942e-05,-0.112902252,-0.672944153,0.0137,0.0179,0.0213,0.0242,0.0268,0.0294,0.0323,0.0354,0.0392,0.047,,0.38416207686484427,0.42694927689704454,0.780973836,0.041990399,0.11291998160254146,0.040864083,0.077223338,0.076785495,0.093431741,0.833209154,0.8025659635293672,0.9281270547239532,0.058108976003066096,0.059724194,0.058210551485496365
0.201375,0.02585452,8.78892169036801e-05,-0.043482175,-0.68899121,0.013,0.0168,0.02,0.0231,0.0262,0.0291,0.0316,0.0342,0.0385,0.0478,,0.3951069231200374,0.48485351569445023,0.7652212781397791,0.035881596,0.11445232809036948,0.081643548,0.10630049961296688,0.11690630810803601,0.087848547,0.8113046775415519,0.8201476414531729,0.8235523336129074,0.054353234,0.063522566,0.094176648
0.205886,0.026199372,0.000119988,-0.099493111,-0.697977527,0.0111,0.0161,0.0198,0.0232,0.0265,0.0297,0.033,0.036,0.0403,0.0539,,0.4004545143972653,0.4139346266202785,0.8221549314264134,0.044302167888385174,0.12756653008110275,0.046945241,0.090869431,0.084044153,0.11159219959603515,0.9635685236991225,0.8836125279056789,0.8335736616977147,0.09406005,0.09572226,0.099823522
0.20523,0.026530942,9.584248268701332e-05,0.028051271,-0.597329809,0.0135,0.0175,0.0207,0.0233,0.0263,0.0291,0.0321,0.0357,0.0396,0.0495,,0.4113195709941989,0.4897544945331274,0.8655388003305389,0.045458525,0.14376193528876122,0.064220598,0.10894854712021994,0.11710757183704336,0.10161219812928265,0.9950255304644569,0.9173470801530287,0.9626819513247313,0.056784496,0.062620953,0.055238960913422855
0.204761,0.025555084,0.000104168,0.098732305,-0.540888904,0.012,0.016,0.0192,0.0226,0.0257,0.0284,0.0315,0.0347,0.0384,0.0535,,0.4120643198375551,0.40722270350102385,0.8068542098941351,0.039917788141837475,0.11283930678225092,0.06095327,0.059755111,0.070264824,0.10713966313775665,0.843706753,0.9401510842788203,0.8963592365267264,0.069047517,0.074116214,0.071119311
0.20008,0.025591936,7.915315810352939e-05,-0.182490928,-0.723637723,0.013,0.0174,0.0203,0.023,0.026,0.0286,0.0311,0.0342,0.0376,0.0437,,0.38158830543140193,0.4339767418407501,0.7455455661938016,0.048752195,0.12154696115993965,0.086892534,0.065916506,0.08869207,0.13628021763198855,0.8635180396366077,0.8473754715145877,0.8125788785147802,0.073103604,0.081701054,0.067578401
0.207672,0.025716431,0.000117906,0.030765196,-0.564203966,0.0116,0.0164,0.0202,0.0232,0.0262,0.0292,0.032,0.0353,0.0402,0.0521,,0.40246813030172435,0.45233747,0.8663177138600826,0.037958751,0.12724441390464955,0.059645919864569574,0.065287925,0.072670077,0.12510681639711008,0.901154326,0.9331637356558241,0.8305275165260129,0.058312413,0.06830777,0.080129441
0.209683,0.027573394,0.000102153,-0.1633685,-0.776231172,0.0132,0.0176,0.0215,0.0249,0.0287,0.0315,0.034,0.037,0.0406,0.0482,,0.39212622132572744,0.4297112685102154,0.6466688969331613,0.038413376907052446,0.14845685951343554,0.085265103,0.11058629311749997,0.071747755,0.13861949413090047,0.8795331253412761,0.8707043235416478,0.8521761724898863,0.071196153,0.069876095,0.073914326
0.199537,0.026701361,9.727444796583762e-05,0.07994729,-0.493271032,0.014,0.0183,0.0215,0.0241,0.0268,0.0294,0.0321,0.0355,0.0402,0.0518,,0.3516903914456665,0.44023101188036773,0.6834628045316126,0.046761516,0.12090551878364215,0.089798562,0.090287844,0.11944925529324447,0.142111261,0.8466472112196176,0.8141000972300205,0.8669152493363292,0.079203307,0.072813929,0.058768836
0.201162,0.023864253,0.000104718,0.053838011,-0.514364603,0.0106,0.0149,0.0186,0.0216,0.0243,0.0272,0.0302,0.0332,0.037,0.0521,,0.40922190191192886,0.42159045470371803,0.7955297303875885,0.045039001,0.13863413356649676,0.041126524,0.091514743,0.1029404527336973,0.11586200648122082,0.8622342830329435,0.9483957624678652,0.8238238329962257,0.054798212,0.054836053,0.091071403
0.173234,0.029608124,0.000102525,-0.161296978,-0.388770204,0.0169,0.0209,0.0242,0.0273,0.03,0.0327,0.0355,0.0385,0.0428,0.0515,,0.35188171988868555,0.48041241011395974,0.640360891,0.041453608306153876,0.12144511825873813,0.056465804,0.10642148894564661,0.12006445193201276,0.089470702,0.8976492260801496,0.9158312079037685,0.9851871745329731,0.067554292,0.061279738,0.053143721
0.184225,0.029862894,9.84539875714676e-05,-0.139865088,-0.374606176,0.0174,0.0213,0.0246,0.0276,0.0302,0.0327,0.0353,0.0386,0.0433,0.0515,,0.37494947842397913,0.478953099,0.5740034651438829,0.049483979,0.13727590278768179,0.064348207,0.085853672,0.10817676162245736,0.13062028451900012,0.974212489,0.8394024118072194,0.9603446836019222,0.09314333,0.077065579,0.058332874
0.17076,0.024634795,0.000107697,-0.107959201,-0.737555661,0.0102,0.0146,0.0183,0.022,0.025,0.0282,0.0311,0.0342,0.0383,0.0481,,0.39957424674678427,0.45102564291697766,0.7875495723313122,0.037573932,0.11211572699194491,0.086625144,0.080120676,0.10211367410339099,0.10474007990516797,0.8421520797058576,0.847746737,0.8948705166457481,0.095526424,0.083006665,0.095337239
0.179125,0.030855945,0.000106756,-0.205773799,-0.482775091,0.0169,0.0215,0.0251,0.0285,0.0312,0.0339,0.037,0.0403,0.0446,0.0532,,0.38325695193566994,0.4610586788807852,0.8282388192423868,0.035777273,0.12222679458220187,0.044205103,0.085134807,0.093581606,0.093143678,0.8828208880411098,0.9296400903955984,0.9859956175940947,0.077173013,0.082405319,0.084991506
0.176807,0.029081644,8.824997675062407e-05,-0.27690266,-0.253296325,0.0168,0.0208,0.0238,0.0268,0.0295,0.0319,0.0345,0.0375,0.0415,0.0495,,0.3640158189789298,0.40829166035206593,0.7215799630786555,0.041874792,0.1357946475450267,0.084546406,0.083150057,0.10518926772615386,0.095954354,0.970446526,0.8497045973369445,0.8835505818041752,0.067702674,0.072416663,0.074886641
0.175295,0.030721728,9.84070988965476e-05,-0.522535621,-0.062836404,0.0174,0.0223,0.0261,0.0291,0.0317,0.0341,0.0366,0.0393,0.0428,0.0503,,0.37802819086881284,0.4797890524697068,0.8999799906207737,0.038230863,0.14892573945676862,0.057370877,0.10410953812583656,0.087209166,0.1227143674268725,0.8394046672657461,0.9776942255387838,0.971725832,0.069057838,0.086494096,0.063679738
0.152467,0.029017548,9.43804405632056e-05,-0.286094036,-0.536989314,0.0158,0.0199,0.0234,0.0266,0.0296,0.0325,0.0352,0.0383,0.0417,0.0491,,0.3588783197669676,0.4204982184389226,0.6842990210752733,0.045545695,0.14971355716144022,0.059245131,0.10028327122699512,0.11679850001159932,0.12943679432114502,0.8667846779127841,0.9200307956481953,0.8271444362321583,0.093342019,0.061692237110457335,0.082693318
0.182572,0.027633897,8.26605438960825e-05,-0.303740632,-0.541991761,0.0156,0.0196,0.0224,0.0252,0.028,0.031,0.0337,0.0362,0.0391,0.0451,,0.40602951860298736,0.45716631159905696,0.5571497713358812,0.038319256,0.13468817017997728,0.064789583,0.055805155,0.10458492016381817,0.13380617846879023,0.8158414613658496,0.986822926,0.8950834741049498,0.084400386,0.073055299,0.058753892
0.164269,0.027317855,0.000143161,-0.064285604,-0.798646757,0.0115,0.0168,0.0209,0.0245,0.0281,0.0316,0.035,0.0388,0.0434,0.0525,,0.39226235833724954,0.4216165477967298,0.8611829429522369,0.037943981,0.14894311252248632,0.090668447,0.080209094,0.075947537,0.093417299,0.9647956071595232,0.92189697,0.9665739029798747,0.075411343,0.066665996,0.095451601
0.171326,0.022950346,9.754070639200932e-05,-0.116088774,-0.842018166,0.0089,0.0138,0.0172,0.0201,0.0234,0.0264,0.0289,0.0322,0.0365,0.0434,,0.38327891262455643,0.4079948577311267,0.8255363753196383,0.042693594256471214,0.13715291556496376,0.090767946,0.11319288153324727,0.093604896,0.14439417266754348,0.8348788173184618,0.8827395839741627,0.9552834565667166,0.069419729,0.053144568,0.098190019
0.145043,0.019390062,6.257406819089026e-05,0.019599671,-0.757151613,0.0084,0.0118,0.0145,0.0174,0.0192,0.0216,0.0243,0.0266,0.0303,0.0391,,0.38156948609735003,0.49330975960262935,0.895887352,0.048852029,0.13165366078048382,0.069831624,0.091259609,0.069107478,0.12297909063591583,0.9979074492895799,0.8809715669986782,0.8369247530608815,0.056091988352675065,0.071162148,0.069809111
0.143092,0.018906154,7.03910129238149e-05,-0.007968701,-0.772872876,0.0071,0.0114,0.0138,0.0165,0.0191,0.0215,0.0241,0.0271,0.03,0.0408,,0.4124146791021128,0.42361753776818434,0.607031421,0.035874232,0.11330951306829247,0.05607004,0.074598468,0.085124114,0.09210261,0.963520926,0.9113403445327578,0.9054922781106336,0.071884022,0.073163828,0.064286697
0.145157,0.017648815,6.205434754019156e-05,0.004273648,-0.848519448,0.0064,0.01,0.0129,0.0152,0.0175,0.0201,0.0225,0.0253,0.0282,0.0365,,0.3812317007077764,0.41847765279732757,0.7708958029567909,0.047813036,0.11773928614588038,0.057723446,0.099512761,0.10799202410730331,0.094938608,0.8225367291581904,0.8992698942967652,0.8807199952948027,0.071882126,0.08172664,0.078049045
0.141362,0.017498976,5.7093923199534544e-05,-0.051734683,-0.822739617,0.0075,0.0101,0.013,0.0156,0.0175,0.0202,0.0219,0.0247,0.0278,0.0344,,0.4145322196438221,0.48477667933251867,0.7523931931162038,0.036643737,0.1216688430429127,0.063208531,0.070620963,0.10471659840489689,0.10708161101819848,0.8170628634125959,0.8913200299521788,0.9599839775995458,0.094795781,0.062503744,0.093504782
0.141124,0.017589646,5.0009613784566455e-05,-0.011126674,-0.795905693,0.0079,0.011,0.013,0.0156,0.0174,0.0196,0.022,0.0238,0.0273,0.0329,,0.3870256143417248,0.4410438119031784,0.6823472438810643,0.036476231759164736,0.14639583289893196,0.053501436,0.059190901798198414,0.07814153,0.11370502748502767,0.9147146668267456,0.9044772846763002,0.8447838971323716,0.083179904,0.052420447,0.093708458
0.144575,0.019063006,6.78571347142455e-05,-0.081821575,-0.792690095,0.0073,0.0112,0.0143,0.0171,0.0192,0.022,0.0241,0.0266,0.03,0.0385,,0.36604135177894576,0.4523107463853435,0.6019568295361687,0.041419224,0.14429650575442068,0.090192471,0.087162057,0.11395855824722567,0.13336903341362383,0.9820493403380066,0.9958527735903162,0.8204216640699176,0.090917748,0.096025503,0.076356914
0.165528,0.018980346,7.246145962338804e-05,0.1040536670318045,-0.576796938,0.0072,0.011,0.0141,0.0164,0.0187,0.0215,0.0238,0.0262,0.0305,0.0419,,0.4028684220176658,0.4791270547237229,0.8078198218320889,0.03657026,0.11747005845479334,0.049166401,0.078609649,0.12219505511377167,0.10035858056076272,0.851216152,0.8635661756114774,0.8579679089653315,0.091975271,0.053718348,0.079754807
0.143918,0.018903385,6.386577168654774e-05,-0.021003319,-0.808949263,0.0076,0.0112,0.0141,0.0166,0.0191,0.0215,0.0234,0.0265,0.0295,0.0377,,0.37815605157586335,0.497510138,0.6516828592416938,0.03918592,0.1440384722251734,0.065270365,0.066859528,0.10529083261194991,0.13594796661991623,0.8615194547167342,0.8638079550587121,0.9867830290376232,0.095452019,0.059131498,0.08327666
0.144394,0.019627756,7.925163064863622e-05,0.1568529878922165,-0.639364181,0.0076,0.0108,0.0143,0.017,0.0193,0.0219,0.0245,0.0278,0.0317,0.0437,,0.37893572596684844,0.4917919926274946,0.9423759470398498,0.037025354,0.13112744126372547,0.067000795,0.090398959,0.12235929014107674,0.10976608076343769,0.9394545748690827,0.9279933513897731,0.995364816,0.081835686,0.072451856,0.082414018
0.138965,0.020619043,9.440030442821796e-05,0.1946772742561399,-0.62811114,0.0078,0.0111,0.0148,0.018,0.0203,0.0227,0.0256,0.0297,0.034,0.0448,,0.4193524249520234,0.40345888277530595,0.5685967773967143,0.037134849539671014,0.12206179949918752,0.049969581,0.070805759,0.12047539612286229,0.10016524833836628,0.996369528,0.8020378041733378,0.8605291769107448,0.059709806,0.056930756,0.09863348
0.199135,0.024522433,0.000111468,-0.013569214,-0.697166212,0.0108,0.0151,0.0189,0.0221,0.025,0.0281,0.0311,0.0344,0.0385,0.0521,,0.41095079483096214,0.4076051259173033,0.7394902779998053,0.046161652,0.12710321177359823,0.066692014,0.089428007,0.086887119,0.11898143675234521,0.9805836598189384,0.956147167,0.919886254,0.082689769,0.058438953259176266,0.057499203
0.201731,0.024575596,0.000101947,-0.10606564,-0.638997229,0.0107,0.015,0.0186,0.022,0.0251,0.0281,0.0305,0.0335,0.0374,0.0495,,0.37594506232019603,0.4171934631383069,0.5115498687317592,0.043504576,0.14639911896841454,0.057835857,0.092814217,0.090821312,0.10319825887312371,0.8987291849333051,0.8474158607347505,0.8549201185081055,0.066004354,0.063700044,0.073646472
0.195529,0.023805239,0.000100823,-0.112763881,-0.767828143,0.0099,0.014,0.0178,0.0211,0.0241,0.0275,0.0302,0.0331,0.0371,0.0478,,0.3798234414399528,0.4197645893765553,0.7563992533481232,0.039303899,0.1225217378802834,0.057856874,0.090481851,0.12298861471056675,0.13944672517175807,0.8677117128477577,0.995673218,0.9792143672850375,0.054085750637394875,0.084202165,0.068486625
0.199838,0.027998607,9.9361484248071e-05,-0.071499394,-0.600787916,0.0147,0.019,0.0223,0.0254,0.0284,0.0312,0.0339,0.0369,0.0409,0.0512,,0.40855818913015224,0.4270308438014906,0.5838451071651092,0.041124518,0.11139196661529731,0.086302812,0.075712474,0.12130387856062429,0.085897721,0.8692074999433903,0.9568886594986877,0.9698169527568208,0.076740194,0.05904191,0.070749093
0.199718,0.024777383,9.455269576535852e-05,-0.117880361,-0.82755988,0.0109,0.0153,0.0194,0.0223,0.025,0.0279,0.0309,0.0342,0.0378,0.0456,,0.41228552698270166,0.433841913,0.6445901595180982,0.045096725,0.13356711470865656,0.083547985,0.072594316,0.098752223,0.095313041,0.98843601,0.8751770284746565,0.9405106656259913,0.088043172,0.091179686,0.064647835
0.201836,0.023792523,9.95383257403573e-05,-0.087491348,-0.711721069,0.0102,0.0143,0.0179,0.0211,0.0241,0.0269,0.0298,0.0329,0.0373,0.0491,,0.38843372469364423,0.4883275149138625,0.5621766963095778,0.040351053,0.13869047716131616,0.070415964,0.086569425,0.098362743,0.14473224714479746,0.9925191187417511,0.9867642660878316,0.8844785894719706,0.090447668,0.077642464,0.07993371
0.202002,0.02451341,7.618700992081685e-05,-0.018191559,-0.495654044,0.0128,0.0165,0.0193,0.022,0.0245,0.027,0.0295,0.0323,0.0362,0.0491,,0.3862520538546244,0.49065642145441135,0.5328558608779163,0.047218256703888864,0.11828612322271925,0.04332478,0.056202837,0.096360175,0.10167611107500724,0.9385788564114808,0.9249823842408393,0.9033187553209281,0.090419724,0.091134185,0.093555407
0.194411,0.024078412,0.000111439,0.020394025,-0.684262631,0.0099,0.014,0.0176,0.0209,0.0241,0.0272,0.0306,0.0338,0.0382,0.0483,,0.4061161578224749,0.4915961417745528,0.7288879145752661,0.043846301,0.12103514218244531,0.090404545,0.074144807,0.082010601,0.10010867244257395,0.9349024677588273,0.8837042796100023,0.8854660871850978,0.092465108,0.055677028,0.071402202
0.194802,0.023960475,0.000103352,-0.086870567,-0.732239609,0.01,0.0141,0.0177,0.0213,0.0243,0.0274,0.0305,0.0333,0.0373,0.0481,,0.3717432416897378,0.46037158800610356,0.5219339937159472,0.044253394,0.11845527051889221,0.063140409,0.098901479,0.071519253,0.10160840288341753,0.9001511586194417,0.9678211605516513,0.8871209366445165,0.069903678,0.091462795,0.099237515
0.193874,0.023697212,9.827956360654744e-05,-0.012243416,-0.549187721,0.0104,0.0145,0.0181,0.0211,0.0236,0.0266,0.0294,0.0325,0.0363,0.0497,,0.3747306589667094,0.4256615943269692,0.7076173865952008,0.047853905,0.11112361920272587,0.078384939,0.057707929,0.096606909,0.10428170607560175,0.892636547,0.9356204569403852,0.9048566250348712,0.095824867,0.070613005,0.093472266
0.140194,0.018643512,5.973386042570543e-05,-0.001237418,-0.78810233,0.0078,0.0112,0.0141,0.0166,0.0184,0.021,0.0232,0.0259,0.029,0.0382,,0.41100546859298814,0.46576679766697293,0.8905011258565898,0.045026899,0.11591058311923104,0.077819236,0.10629451920503873,0.11198854980267485,0.11312215994245498,0.9595116573843621,0.9195878577149619,0.8605955075570326,0.079308055,0.090520236,0.057681938
0.140312,0.018550359,6.11486443433045e-05,0.041810326,-0.752102519,0.0074,0.0113,0.0133,0.0166,0.0186,0.0206,0.0233,0.0259,0.0292,0.0392,,0.3938705763539083,0.47060301206326927,0.7830148266615773,0.048375965,0.11774247495022667,0.053328411,0.11092287235815693,0.083595251,0.14414131797222968,0.9958342328864361,0.8170210713278487,0.8107822435425291,0.083862778,0.068115555,0.078217609
0.139435,0.020111316,7.680085723013963e-05,0.076506777,-0.682049634,0.0078,0.0123,0.0147,0.0173,0.0205,0.0226,0.025,0.0282,0.0317,0.0414,,0.41337978097870004,0.4968129533186121,0.7050355552174654,0.041446936,0.11816033611099803,0.085660705,0.088322835,0.068942038,0.14305393613244508,0.8945451865082177,0.8179835588857127,0.8685593573826664,0.068247244,0.078502894,0.065212456
0.145808,0.017353408,6.030564823271911e-05,0.068746004,-0.65090101,0.0064,0.0103,0.0125,0.0154,0.0172,0.0193,0.0219,0.0242,0.0279,0.0378,,0.383206026,0.4381384933784905,0.8117682304582696,0.047371852,0.12364545970953243,0.047921468281893635,0.0917107,0.078580193,0.099855599,0.8621130597606584,0.874728652,0.9673690110719975,0.062614435,0.052333014,0.074975916
0.136837,0.019563681,7.557295922152326e-05,0.1567111557711226,-0.616971119,0.0077,0.0112,0.0145,0.0169,0.0191,0.0218,0.0246,0.0273,0.0311,0.0427,,0.4033312750388942,0.4753582027904186,0.7465200096304588,0.035942347869122204,0.12436655410939323,0.071907179,0.094137498,0.12166555961955343,0.10626027683564647,0.939345856,0.9573961905327563,0.9395771567027523,0.06629226,0.060716573,0.083038801
0.142351,0.017148743,5.341153571648847e-05,-0.021352571,-0.816016298,0.0076,0.01,0.0128,0.0154,0.0174,0.0193,0.0216,0.024,0.0268,0.0347,,0.41050384258356587,0.4047734121716968,0.905751796,0.039884457,0.13501574087057802,0.049651956,0.075737511,0.11302641211571415,0.14213068897024114,0.9023883684851114,0.8520214868733231,0.9881299866063735,0.096048975,0.057625686,0.071956642
0.134901,0.016905086,5.327086895406067e-05,0.011726246,-0.736461561,0.0075,0.0097,0.0128,0.0147,0.0174,0.019,0.0214,0.0234,0.0266,0.0352,,0.3637161718650641,0.4107998455240058,0.8943095070240792,0.044125591719729705,0.11646690984292885,0.067365138,0.056645140203399204,0.089463721,0.1071117609654828,0.8823644040784104,0.9504799269557082,0.913590331,0.094651286,0.062602648,0.093018374
0.144881,0.017764182,6.018002580172633e-05,-0.03024933,-0.840923269,0.0077,0.0101,0.0132,0.0155,0.0181,0.0201,0.0227,0.025,0.0282,0.0354,,0.39622157398782515,0.43717223896245455,0.8466463187380949,0.040948255,0.13204352260589272,0.074092901,0.088145255,0.091660169,0.11592607949643476,0.802435419,0.927414502,0.8195830182054702,0.051130704283508924,0.060570114,0.057107856
0.141825,0.017522849,5.962090867389324e-05,-0.023370122,-0.834451895,0.0075,0.01,0.0129,0.015,0.0177,0.02,0.0223,0.0251,0.0278,0.0348,,0.3572591447602261,0.4463224017988558,0.6754208933282524,0.045323158,0.14787875903654588,0.053483831202937024,0.053405754596184886,0.096897467,0.08841503,0.9125889758310194,0.8904200296637141,0.8530138486298915,0.050506386641939766,0.069145806,0.053904472
0.143891,0.01796083,6.403371262836793e-05,0.018688905,-0.729042135,0.0065,0.0107,0.0132,0.016,0.0181,0.0202,0.0228,0.0253,0.0287,0.039,,0.380159916,0.4200211391661751,0.8910474117964597,0.040012361867487085,0.12216002550822992,0.082014805,0.090646856,0.082210908,0.097387764,0.8685753005776792,0.9975828597653134,0.8104854120469035,0.060187847,0.069106823,0.084539357
0.118188,0.020760886,5.894996062923701e-05,-0.053653029,-0.674588429,0.0106,0.0134,0.0165,0.0185,0.0209,0.0231,0.0251,0.0281,0.0309,0.0383,,0.35744267265124235,0.4803616096322259,0.7874121829550073,0.044149565,0.13214925818053416,0.062225943243421566,0.068396499,0.10696204853217117,0.091282689,0.919492222,0.8098124624589529,0.8641815387837022,0.053555453,0.083172426,0.073065913
0.119698,0.02007517,5.619334192498461e-05,0.019136363,-0.61196935,0.0103,0.0128,0.0159,0.0177,0.02,0.0222,0.0241,0.027,0.0301,0.0379,,0.35088546667140963,0.49637230292787626,0.7518344394737715,0.043640692,0.13057522601096733,0.049360904,0.055688127,0.12131606673586971,0.12873323633453326,0.9338907045812209,0.8906749380978454,0.8255063670680407,0.081547341,0.09161413,0.053702552
0.119026,0.01900471,7.213748995826265e-05,-0.009461722,-0.826124286,0.0068,0.0111,0.0139,0.0168,0.0188,0.0218,0.024,0.0271,0.0307,0.0388,,0.40705530011778024,0.4236970634606156,0.9147387546686535,0.041225103374976854,0.1123595520689118,0.06754487,0.086669677,0.11539387516712765,0.090430035,0.8822594327373782,0.8706232414592249,0.8907745029002628,0.054113235692931444,0.095877034,0.06241969
0.112899,0.02169743,6.54486247931511e-05,-0.011197938,-0.601230585,0.0103,0.0144,0.0171,0.0192,0.0217,0.0243,0.0266,0.0289,0.0322,0.0432,,0.36981854171601275,0.4095243308864651,0.5042655223905301,0.045461201,0.11666773447969062,0.063043745,0.10955460601918246,0.09799239,0.11400181596245712,0.818009787,0.9668425858650379,0.8870554561685037,0.052088705,0.097164135,0.09014261
0.122283,0.017594844,6.182231663141421e-05,-0.03859055,-0.866727806,0.0074,0.0098,0.013,0.0152,0.0179,0.0199,0.0226,0.025,0.0281,0.0352,,0.40191669033494837,0.46163150586934726,0.7175368683049828,0.045579444,0.14961831775570333,0.041361965,0.1111769008754875,0.082599739,0.1384262831564522,0.9432434479351369,0.8026370187635019,0.8101275452900474,0.054847891,0.096761082,0.066083541
0.123889,0.016994576,5.9248222102102286e-05,-0.007405026,-0.879549063,0.0058,0.0094,0.0123,0.0147,0.017,0.0196,0.0216,0.0244,0.0274,0.034,,0.4050297960691705,0.47243731535080014,0.820195485,0.035377904,0.11539033766156784,0.08530969,0.072603783,0.12199619852737673,0.099088245,0.9076516957720572,0.8927180284212641,0.8798244663948485,0.078656654,0.089268297,0.072768122
0.117378,0.021981889,6.911388206544454e-05,-0.017498896,-0.760753212,0.0111,0.0138,0.017,0.0196,0.0219,0.0247,0.0272,0.0297,0.0331,0.0401,,0.4089146609755826,0.4059973175596091,0.9282358326873351,0.047984716,0.11087876158430543,0.077739891,0.092437444,0.079878092,0.09020136,0.902510017,0.9899352542697913,0.8334474231406621,0.072127299,0.066825898,0.080232762
0.113257,0.022626754,8.755750440831954e-05,0.1508209843441319,-0.689069987,0.01,0.0139,0.0172,0.0195,0.0221,0.0249,0.0282,0.0312,0.0353,0.044,,0.4127802730942596,0.45534213866425743,0.6693886342574986,0.038087051,0.11565369210676357,0.089260898,0.080965936,0.088687009,0.10722565472103264,0.8772177188913071,0.879722905,0.8212978801375552,0.053065398,0.094398798,0.055186174847338836
0.12811,0.020611849,6.208665345921262e-05,0.038726468,-0.656200696,0.0106,0.0132,0.0159,0.0182,0.0206,0.0228,0.0254,0.0281,0.031,0.0407,,0.3656033555626305,0.44698198403379813,0.7122090284857299,0.049022966931009125,0.1248912253747635,0.050095407,0.092049593,0.1144271164166384,0.12143996089354074,0.8770925277516264,0.8896498984348189,0.8559158047436003,0.081031531,0.087496069,0.090473882
0.11867,0.018448842,6.638245371208922e-05,-0.032337878,-0.761428642,0.0066,0.0109,0.0135,0.0165,0.0186,0.021,0.0236,0.0258,0.0295,0.0388,,0.3592452589790897,0.4790541611450427,0.9055184861744272,0.037805594,0.12865910229287714,0.07673412,0.10330160044480241,0.098848957,0.12484064308733611,0.8781529394434697,0.9578996567118409,0.9091320516101102,0.054770827199096886,0.07198749,0.089129665
0.143756,0.020492941,8.417722423694862e-05,0.1468675402703762,-0.65010235,0.0081,0.0116,0.0151,0.0179,0.0202,0.0228,0.0259,0.029,0.0329,0.0442,,0.39016774902793877,0.4692276434232534,0.7942890279650182,0.047705654,0.13149598115373023,0.088906059,0.05954445,0.083810223,0.095977041,0.8989874619185821,0.8240328072014723,0.9091692466143563,0.055031706,0.06806491,0.076910465
0.151574,0.019483985,7.570543503333788e-05,0.093956483,-0.612886637,0.0074,0.0117,0.0144,0.0168,0.0194,0.0221,0.0242,0.0271,0.0313,0.0419,,0.36422474931167514,0.4495485000167197,0.8802944123960015,0.035316744,0.14236325065906605,0.078456793,0.082449415,0.074791479,0.11401950320227368,0.9772705325233606,0.9903384681976615,0.9352316565577586,0.074173768,0.073990504,0.094187108
0.13987,0.021580088,8.578120615981112e-05,0.031877665,-0.674860467,0.0089,0.0125,0.0165,0.0192,0.0215,0.0241,0.027,0.0304,0.0336,0.0449,,0.37524351304637904,0.439272955,0.5616780699601034,0.039460398,0.13577654831837924,0.083152605,0.080305404,0.10463717635259646,0.095698372,0.9342615634948649,0.8908807189589615,0.9984500391864045,0.0883611,0.079408107,0.099346677
0.154613,0.020241623,8.410715688852218e-05,0.1275928788796005,-0.559236801,0.008,0.0115,0.0147,0.0174,0.0205,0.0228,0.0253,0.0283,0.0323,0.046,,0.37213393416146434,0.4591121463401012,0.5652758772694881,0.038075993121028204,0.1259611469041641,0.087672746,0.095673067,0.10712297127026911,0.1147836368540856,0.9336419132802369,0.9973313860610009,0.9289801383163369,0.063329455,0.058409851,0.058519996
0.150519,0.020531519,6.749479259239787e-05,-0.03754758,-0.736191037,0.0096,0.013,0.0155,0.0181,0.021,0.023,0.0254,0.0284,0.0314,0.0415,,0.38998406531032226,0.4161877279470096,0.8618050257135446,0.035028943,0.11101748053215715,0.060410563,0.095799135,0.10789410632821769,0.089952464,0.8779347747463722,0.8532311342350657,0.941054974,0.058601726,0.077052785,0.069837855
0.146451,0.020944535,7.548961654853466e-05,0.046951986,-0.683626357,0.0088,0.0132,0.0157,0.0181,0.0209,0.0235,0.0258,0.0289,0.0327,0.0422,,0.3554622823923631,0.411890002,0.668761687,0.043210564885185626,0.1369130195481799,0.043857775974702015,0.068570684,0.12060587816259305,0.084893181,0.910161964,0.949920936,0.9768512630777558,0.063161089,0.055868216,0.068131748
0.147913,0.020119302,7.279042738668357e-05,0.084655955,-0.580605613,0.0082,0.0126,0.015,0.0175,0.0203,0.0228,0.025,0.0276,0.0315,0.042,,0.3511810653903806,0.47481652521493956,0.5868313661359651,0.037374251,0.13295332959265516,0.083111936,0.097706045,0.086871701,0.12459054174750721,0.8964702069978326,0.885804899,0.8976868490879248,0.082498798,0.062423220155782874,0.076387981
0.150885,0.019102144,6.384789210418016e-05,-0.041858965,-0.825855191,0.0078,0.0113,0.0145,0.0168,0.0194,0.0217,0.0237,0.0268,0.0297,0.0377,,0.3504168228364828,0.41146109671834996,0.726841471,0.046219277,0.12463489928159127,0.067927157,0.089861781,0.073257881,0.087720128,0.8097406664459638,0.8558552027503658,0.8906801959272735,0.05112633,0.069683998,0.069570244
0.151862,0.01861383,6.524080862116228e-05,-0.08929205,-0.840243761,0.0068,0.0106,0.0138,0.0162,0.019,0.0213,0.0238,0.0261,0.0293,0.0365,,0.4082338102979395,0.4426364024490002,0.8935551777852333,0.043632571,0.12012969096239205,0.050831825,0.091062627,0.12523337331026554,0.11822770772283096,0.8176917366335703,0.8025229918806323,0.9802206565653235,0.087155451,0.098363536,0.096187862
0.14196,0.020189283,7.021562332274034e-05,0.042434724,-0.807730105,0.0089,0.0125,0.015,0.0175,0.0202,0.0225,0.0254,0.0283,0.0315,0.0408,,0.379036609,0.43609851473181077,0.5538450382528669,0.042034285,0.11357874778757021,0.054384431,0.10092668949237536,0.07592368,0.13936025370343016,0.9593410249048749,0.8221225301688971,0.9819165875982616,0.086589482,0.087379374,0.065788075
0.210824,0.02688483,9.788212737377186e-05,0.1686204643776955,-0.233321054,0.0138,0.0177,0.021,0.024,0.0269,0.0298,0.0324,0.0354,0.0398,0.0571,,0.4009853942464082,0.42592477401078455,0.8928728509649223,0.043472065,0.13910118591826603,0.074889679,0.10782899437307823,0.10520955273526618,0.11778623754268289,0.8882903176592083,0.9777621301071815,0.8863571661429884,0.090408825,0.096007647,0.096536329
0.209949,0.028916386,0.000120287,0.090356981,-0.489696713,0.014,0.0185,0.0223,0.0258,0.0289,0.0319,0.0351,0.0386,0.0433,0.056,,0.3995539257967852,0.4755788420957779,0.8490585919455145,0.035966989,0.12571754050180625,0.083700964,0.054007844,0.1195691218964373,0.089808129,0.8400607420866616,0.9264403551877075,0.9754729337850204,0.081709254,0.079677813,0.074442249
0.217151,0.026944386,9.65464446504616e-05,-0.104352983,-0.73147417,0.0137,0.0179,0.0211,0.0241,0.0273,0.0302,0.033,0.0358,0.0397,0.0506,,0.3731859422035155,0.4414677220686015,0.8052557907746052,0.037333869379548426,0.11192268183198001,0.078711078,0.10315224840218142,0.11939217069146071,0.1420481187922334,0.8005890573304434,0.9367609980182023,0.875824651,0.083032477,0.055727427,0.079474553
0.224245,0.025250496,7.872671911935826e-05,0.015670072,-0.337867448,0.0133,0.0171,0.0201,0.0228,0.0253,0.0277,0.0303,0.033,0.0367,0.0491,,0.4032731766980564,0.49012705240802545,0.7042061640409237,0.048921266,0.12336362271394108,0.07396971,0.10301270245351261,0.11234033586280166,0.11805757073064035,0.8559046833299456,0.842500922,0.963003413,0.076228521,0.080300341,0.054174116
0.211915,0.024926186,0.000113762,0.031106346,-0.648908661,0.0111,0.0155,0.0192,0.0225,0.0254,0.0284,0.0313,0.0349,0.0394,0.0521,,0.41955947849302266,0.40563483448576587,0.9150159328854551,0.035037235,0.14610475672782186,0.075857377,0.074052051,0.11362391963099623,0.11870786284943106,0.828145574,0.8528961888770753,0.8582012102145679,0.087071913,0.052328403,0.070355165
0.220023,0.027041741,8.8129750479889e-05,-0.020018661,-0.400763095,0.0146,0.0188,0.0219,0.0246,0.0272,0.0296,0.0321,0.035,0.0392,0.0507,,0.35538514606665206,0.42656295782854337,0.6229507013007862,0.046955316978192524,0.14116910911962574,0.089608298,0.060009765,0.093085394,0.12088046548490052,0.9035663246523593,0.92321622,0.806917401,0.067004138,0.084513565,0.098603593
0.221,0.028166342,0.000105615,0.048821934,-0.55348296,0.0148,0.0186,0.0221,0.0253,0.0282,0.0307,0.0339,0.0374,0.042,0.0533,,0.3902511172358225,0.4779848294441056,0.8584859031241374,0.041963465,0.13781553899190327,0.045627263,0.10077818327845324,0.10421329415949239,0.11876818514103325,0.9891199721557871,0.9313264346127786,0.8340300809617421,0.088919801,0.080155442,0.096107175
0.203053,0.027635683,0.000134999,-0.097643517,-0.838589097,0.012,0.0171,0.0209,0.0244,0.0281,0.0316,0.0347,0.0385,0.043,0.0511,,0.36413815191857307,0.4185896278717889,0.5384352601608401,0.042792834,0.132366768,0.043236879,0.075673251,0.07630842,0.096807324,0.9173379183371839,0.8483702455722674,0.9718748314981525,0.091821925,0.08998654,0.066158054
0.21102,0.028201299,0.000117039,-0.048225615,-0.794616625,0.0137,0.0182,0.0218,0.0251,0.0282,0.0314,0.0348,0.0384,0.0424,0.0508,,0.41426463275137293,0.4308144254296877,0.7050703220973269,0.047250157,0.14191570870111062,0.063924149,0.098129535,0.090448701,0.1034874951987774,0.9393396263092274,0.954480086,0.8680931652777981,0.088228359,0.073493361,0.092366774
0.215265,0.025716773,0.000117055,-0.011746912,-0.661459837,0.0115,0.0162,0.0199,0.0232,0.0262,0.0292,0.032,0.0358,0.0399,0.052,,0.3704891481824179,0.42721900483413355,0.6920001084840919,0.044956576,0.12478048537530088,0.082315235,0.073082865,0.10021272830634433,0.10281638147254583,0.9784035761838183,0.8494046885881408,0.8941320628711806,0.0740289,0.084794569,0.076622755
0.15958,0.023985998,9.865412961942436e-05,-0.102344127,-0.840752682,0.0099,0.0144,0.0185,0.0212,0.024,0.0274,0.0305,0.0335,0.0368,0.0451,,0.37215451105014585,0.4273914510007022,0.6911362445567737,0.046264829420911986,0.14618617994474337,0.062354927,0.10776923966603433,0.094054728,0.14286786,0.8760876522298172,0.8392214893958777,0.9258826642461694,0.081759848,0.073889492,0.095927153
0.17474,0.023212802,8.345216342084424e-05,-0.075238782,-0.844008707,0.0104,0.0146,0.0175,0.0204,0.0235,0.0262,0.0288,0.0317,0.0356,0.0428,,0.3585623009220909,0.49683098053594027,0.5810188797400954,0.042982056,0.12363061903606805,0.053527187,0.057991618,0.12384338183072532,0.10209595067520473,0.8242097285283957,0.8816763237325755,0.9915525697873616,0.060580368,0.05758514,0.057493995
0.16826,0.022821032,9.585935489451696e-05,-0.070647823,-0.712509949,0.0096,0.0135,0.0169,0.02,0.0231,0.0261,0.0289,0.0318,0.0354,0.0489,,0.41566114872603677,0.4909464161121926,0.811914743,0.049910401,0.13512774515059572,0.048213675,0.086804188,0.075155273,0.090962173,0.900820621,0.9921631372300209,0.9546808641246074,0.064544578,0.099024899,0.072248602
0.169665,0.021639399,8.186648999914889e-05,0.1868330396162341,-0.588781371,0.0095,0.0129,0.0165,0.0189,0.0213,0.0238,0.0267,0.0298,0.0338,0.0444,,0.3692830343504071,0.4867734673901468,0.5496792123753934,0.047004935,0.14417509115288396,0.090500922,0.060384858525459315,0.086672374,0.1166531787772448,0.8890867966829066,0.9546021585846007,0.8815898334237224,0.062316136,0.057456895792215586,0.090573406
0.166344,0.022007503,8.059102720099184e-05,0.021612764,-0.755745921,0.0094,0.0137,0.0165,0.019,0.0226,0.0247,0.0273,0.0302,0.034,0.0423,,0.41320736882183323,0.40143391736069467,0.7575631760576798,0.035137399,0.1243087210632028,0.074760113,0.069692823,0.098119906,0.11349487579187274,0.8969578005127516,0.9115850694663931,0.8705763729304586,0.080473012,0.086632755,0.086481574
0.156442,0.025489826,0.000121734,0.090127459,-0.64270341,0.0109,0.0154,0.019,0.0224,0.0254,0.0286,0.0318,0.0356,0.0403,0.053,,0.39066134940475766,0.4772367952865657,0.6587720863881831,0.040554662,0.11396310130529216,0.067319684,0.067590627,0.1263545104949349,0.118970094,0.9030261535717475,0.8268083601068219,0.840256456,0.067798685,0.069519308,0.094765205
0.175277,0.02102384,8.207651363081474e-05,0.019195742,-0.568130845,0.0087,0.0122,0.0158,0.0185,0.0216,0.024,0.0263,0.029,0.0328,0.0464,,0.38321255238233887,0.4432966103177663,0.6410758777835904,0.041955516171316334,0.13163063284004267,0.045011936,0.062252037,0.073872631,0.10752644952442093,0.916673466,0.9183549873116156,0.8409220683007521,0.09058827,0.066109119,0.065562438
0.170703,0.022895531,9.85971461233524e-05,0.09296373,-0.447784508,0.01,0.0139,0.0175,0.0203,0.023,0.0257,0.0284,0.0314,0.0356,0.0507,,0.358835647,0.48179483574359633,0.7906564101919047,0.044827802,0.11662650737240447,0.071517575,0.066770505,0.077842712,0.13542267717806714,0.8309520862605628,0.9447107896119634,0.9786494171472068,0.074204869,0.064539072,0.058019918790750094
0.171928,0.021172609,6.605632489379377e-05,0.003202354,-0.600835822,0.0098,0.0134,0.0168,0.019,0.0212,0.0235,0.0263,0.0288,0.0318,0.0442,,0.4029745784136766,0.41953034239507697,0.5861964802307033,0.04877958,0.12849553985055243,0.057872910739204746,0.096325904,0.082340591,0.14438095584040564,0.826864897,0.9943551223127305,0.975422719,0.07250421,0.094840693,0.066675017
0.172702,0.024323114,0.000108064,0.081561636,-0.697495562,0.0109,0.0148,0.0184,0.0215,0.0243,0.0276,0.0307,0.0338,0.0379,0.0515,,0.38771336788742866,0.4680522970514744,0.6271105454794599,0.039799394,0.1294260939629629,0.049129607,0.10337516994725643,0.070430494,0.1384813360610101,0.8928015940409286,0.9312624270890693,0.8139452294029924,0.066484466,0.095641614,0.079457988
0.173968,0.0204733,7.050408638270545e-05,0.1192482241371487,-0.615089378,0.0089,0.013,0.0153,0.0177,0.0206,0.0229,0.025,0.0279,0.0319,0.0421,,0.3641171460095303,0.457291897,0.9009928863315191,0.041374807326573365,0.12218499997205388,0.071265535,0.08058235,0.1029068976408736,0.095707104,0.8822020360792904,0.947274936,0.807672802,0.087960378,0.076903232,0.057955411421692984
0.171998,0.020831423,8.251787824641438e-05,-0.051764735,-0.74140046,0.008,0.0117,0.0158,0.0184,0.0211,0.0237,0.0264,0.0292,0.0328,0.0437,,0.3947910375380824,0.4873333855609234,0.8617791146749874,0.042347753193459084,0.14981067871299247,0.059979204557183335,0.078057595,0.07256901,0.12478417211593662,0.9761666694078434,0.8973225409909625,0.9812131310056614,0.078471716,0.05695411,0.091121707
0.175724,0.022607716,9.671581935153065e-05,0.01894341,-0.6993221,0.0093,0.013,0.0167,0.0197,0.0231,0.0257,0.0284,0.0314,0.0355,0.0467,,0.3658804676165449,0.41045764987571776,0.7434316630567785,0.039764299,0.12510986207776442,0.090640823,0.073488803,0.12500787536042726,0.09173926,0.809838092,0.957296046,0.8041337037306057,0.064801015,0.072218238,0.068313357
0.176434,0.020340232,6.439640791567788e-05,-0.026520291,-0.820528516,0.0099,0.0125,0.0156,0.0178,0.0201,0.0228,0.0252,0.0282,0.031,0.0382,,0.38648506826481677,0.4184893882955055,0.7304872342214772,0.038308405,0.1141450458680461,0.08941053,0.087612411,0.11018184380713404,0.090411941,0.9876102461767713,0.8285288392820747,0.9593860676322462,0.094624647,0.079605524,0.077565702
0.176152,0.022341073,8.859223503392853e-05,0.039024504,-0.722997256,0.0094,0.0133,0.0166,0.0201,0.0226,0.0251,0.0279,0.031,0.0348,0.0462,,0.3587287133186637,0.49849696764446977,0.932267476,0.037938594,0.1397911295181828,0.044653779,0.083554231,0.1131221277980412,0.13395001927823694,0.800426635,0.9651357853906132,0.910709265,0.078168222,0.080839156,0.053146888
0.183823,0.020899671,8.698424392613644e-05,0.10916026,-0.624570893,0.0085,0.012,0.0152,0.018,0.0206,0.0234,0.0262,0.0294,0.0334,0.047,,0.38883605296407914,0.4725227185096532,0.8091862365822016,0.036332672,0.13934748163895436,0.045998305,0.10720810195985223,0.10717362097009137,0.12686979133180973,0.930583439,0.9184216499940173,0.8796177550267403,0.088501991,0.081868515,0.085256558
0.181784,0.021540894,8.347436291900524e-05,-0.089692359,-0.746684737,0.0087,0.0126,0.0167,0.0192,0.0218,0.0245,0.0274,0.0301,0.0337,0.0443,,0.40720728089523966,0.46839066538214136,0.6539683599531659,0.037874527,0.1178381163273436,0.057982718,0.07316652,0.10296788092954383,0.087918097,0.8188229993342894,0.845985168,0.8785224245890798,0.091304483,0.087326726,0.089935937
0.180342,0.022244282,9.670352473985207e-05,-0.010084634,-0.841953556,0.0088,0.0125,0.0169,0.0195,0.022,0.0248,0.0285,0.0318,0.0355,0.0448,,0.4006236810311422,0.4348333206134852,0.8727487445641278,0.043995526974486526,0.12054682479003076,0.081862065,0.055025177663993605,0.10411044927598946,0.095318378,0.8479298585001971,0.9580844587870863,0.9725991025840486,0.058088396,0.058461314412751375,0.052309934
0.182614,0.021118102,8.309905413446057e-05,0.035295124,-0.72534134,0.0085,0.0125,0.0159,0.0183,0.0209,0.0238,0.0265,0.0294,0.0335,0.0432,,0.410149134,0.47845868495255206,0.8865147932195225,0.043187557163595854,0.12967441618609918,0.053757095035327114,0.077497738,0.077937745,0.11326618297847214,0.9165344980625573,0.9665901034185048,0.9358712779560042,0.095182818,0.091956327,0.082903999
0.175702,0.021792361,9.28622457900505e-05,0.045411954,-0.703059206,0.0088,0.0127,0.0161,0.0193,0.022,0.0244,0.0274,0.0306,0.0348,0.0462,,0.4024720388846234,0.40571582539974904,0.9242787848319041,0.036338422,0.14914894403962323,0.082830045,0.067481603,0.074526964,0.099938808,0.9193302524867035,0.9049991373237373,0.8966552093531155,0.075884747,0.085432557,0.06328197
0.137678,0.019744641,8.585222122493836e-05,0.1787390694705229,-0.62838072,0.0076,0.011,0.0139,0.0166,0.0197,0.0221,0.0249,0.0282,0.0324,0.0459,,0.3518081247404118,0.46435773659080093,0.8265293990584249,0.048339609,0.12507957271417375,0.086351888,0.082952718,0.12213873054447498,0.11725538185586297,0.8220938891019582,0.9558775818557195,0.8968113665674594,0.050573875,0.090671526,0.083703699
0.140161,0.018128687,5.722401995248951e-05,0.107431545,-0.679110252,0.0075,0.0112,0.0131,0.0161,0.0181,0.02,0.0226,0.025,0.0283,0.0391,,0.3878183409969308,0.40822248514850945,0.9423839890544307,0.047794745148567415,0.14599955000927964,0.067360618,0.10928896703928542,0.10886465418133152,0.11622194837493753,0.8087367295549727,0.8496670017233984,0.9638025574261115,0.083870459,0.054149377,0.069641934
0.133709,0.021837768,9.988364009378744e-05,0.1954080038417307,-0.580256182,0.0087,0.0123,0.0158,0.0186,0.0216,0.0246,0.0274,0.0306,0.0354,0.0472,,0.37745810524751167,0.49618059124069486,0.8159463660474563,0.046279375,0.11043407570347034,0.045220742,0.068193262,0.096356709,0.092365739,0.9931606166654411,0.8232235257144096,0.8161271120014219,0.087665587,0.077999273,0.05672552
0.13294,0.01698985,5.864635255103326e-05,0.015696304,-0.799012505,0.0062,0.0095,0.0127,0.0146,0.0174,0.0191,0.0217,0.0239,0.0273,0.0351,,0.35998217785229536,0.46045932120324057,0.5335013814963121,0.037488298,0.13841486552386334,0.077665464,0.07759096,0.084866808,0.11546388448478791,0.9548686641746745,0.9851072320028587,0.8210447036643927,0.090403057,0.086841026,0.094311593
0.134688,0.018356516,6.0579791050171416e-05,-0.013885609,-0.844986473,0.0071,0.0106,0.0135,0.0161,0.0185,0.0205,0.0231,0.0256,0.0288,0.0359,,0.3677830105144635,0.44429139354898567,0.8793224617174582,0.036339644,0.12989898988601856,0.082994615,0.084571601,0.12576322650636232,0.098602081,0.951154347,0.8523363081277855,0.8004052437554909,0.075579437,0.06492696,0.086412357
0.137296,0.018586411,7.496325312382963e-05,0.1928860329314209,-0.57815087,0.0068,0.0112,0.0135,0.0157,0.0181,0.021,0.0232,0.0263,0.0305,0.0415,,0.3523605706087393,0.45776254586389836,0.8873205512006876,0.042458363,0.11651486414614527,0.044830529808925684,0.10668780593327529,0.10827563596898321,0.11757156603855802,0.8487360650408724,0.9956071026460465,0.8543108623009221,0.058927623,0.094372267,0.073555424
0.137903,0.018225814,5.346961867870869e-05,0.015397249,-0.768501249,0.0083,0.0113,0.0134,0.0162,0.018,0.0205,0.0225,0.0251,0.028,0.034,,0.3844987330205743,0.4380648677700735,0.6828399054348527,0.042837297,0.126321734,0.065816989,0.081802432,0.099022064,0.10881340965472551,0.9877726579235623,0.9249191385049843,0.8151106838430335,0.076593309,0.086103952,0.092782056
0.133845,0.018516786,6.012437692184667e-05,-0.033339401,-0.840397987,0.0082,0.0106,0.0137,0.0165,0.0185,0.0207,0.0231,0.0259,0.0289,0.035,,0.3765880141294079,0.4308473527410148,0.7314038189452878,0.039174899,0.13710622389001406,0.090675019,0.07779121,0.083311193,0.10914312247171025,0.9555018363274905,0.8453434066710407,0.8954199908390249,0.059344097,0.059252671,0.082487939
0.138361,0.018519026,7.228233460105762e-05,0.1028519772986782,-0.645780795,0.0069,0.01,0.0135,0.0161,0.0183,0.0208,0.0234,0.0264,0.0299,0.0431,,0.35345336855923076,0.47485886507338665,0.9096360456700396,0.03804653,0.12168840775450415,0.061799163533275046,0.059584456,0.069068862,0.12192028141393824,0.8005699426867356,0.9146422372178279,0.9444314063929893,0.07832224,0.09352733,0.065338401
0.136159,0.0177047,6.151715050823286e-05,-0.041650639,-0.840739527,0.0075,0.0099,0.0131,0.0154,0.018,0.02,0.0226,0.0251,0.0281,0.0352,,0.36562359559275226,0.42140334076588415,0.646977934,0.038938042,0.14949941516267767,0.090012908,0.062164809,0.10949021867081332,0.13696628663184093,0.8982489640995356,0.8306831579442084,0.9829038702315286,0.095943206,0.057001171,0.089879145
0.201176,0.020806879,7.751490396873213e-05,-0.109317287,-0.792473341,0.008,0.0128,0.0155,0.0186,0.0214,0.0236,0.0262,0.0293,0.0323,0.0417,,0.3619965545007369,0.47204100753486167,0.6812130837107372,0.042863998,0.11006865531973507,0.047012526,0.057902475,0.12446916891584156,0.10072265189040976,0.9193451911601915,0.9907105451399048,0.9890819849892776,0.082049397,0.096259253,0.080588748
0.191983,0.023761664,8.966485003678522e-05,-0.086518566,-0.775962774,0.0103,0.0145,0.018,0.0215,0.0242,0.0269,0.0295,0.0325,0.0361,0.046,,0.3891255964795994,0.4691084282748949,0.8073357072958752,0.036314531990904064,0.11039457533243334,0.042383999060162145,0.089938293,0.079200819,0.12409268480503975,0.9370065615036567,0.8985462576425267,0.9428008036462779,0.056745923,0.053196687,0.058106516938796995
0.19942,0.021163573,8.274898746560421e-05,0.056971593,-0.555259378,0.0092,0.0126,0.0157,0.0184,0.0212,0.0238,0.0264,0.0293,0.0327,0.0491,,0.3524141441338574,0.41466671464520855,0.550783682,0.047866890426301226,0.11327471223637167,0.052957916,0.058827258,0.087115519,0.097549015,0.9636049204965714,0.8552822960669526,0.9648640282966219,0.084763676,0.093415893,0.052222904
0.194404,0.022371313,9.583483109987512e-05,-0.013668048,-0.720664206,0.009,0.0128,0.0166,0.0196,0.023,0.0256,0.0282,0.0312,0.0352,0.0468,,0.4184155276798017,0.4132420195455111,0.7878643015314335,0.037853041,0.1393839516651216,0.076583611,0.053723119,0.08397253,0.10225010974243741,0.8749024022098985,0.8650646055272354,0.9774626040748176,0.091797895,0.075111952,0.061283025625820484
0.207162,0.022228514,7.425862208729961e-05,0.015462592,-0.609119216,0.0103,0.0141,0.017,0.0203,0.0225,0.0248,0.0273,0.03,0.0334,0.0461,,0.3653334838905029,0.4364094016388861,0.6842143966449676,0.046352682,0.13685280023709698,0.059299896,0.057284322,0.090098433,0.12101104816997586,0.9711265705580441,0.8003259372147143,0.9300108674712445,0.096408242,0.088683325,0.052593575
0.197481,0.022618584,8.745418237475456e-05,0.086044869,-0.69778634,0.01,0.0134,0.0168,0.0197,0.0226,0.0255,0.0281,0.0311,0.035,0.047,,0.36940507499184516,0.4955069338861795,0.879537568,0.040589604299120306,0.1441945788278961,0.074565632,0.10153494487491893,0.10123222157673616,0.1296164933466235,0.9955337668976533,0.9292830262664529,0.9060051541937156,0.071733049,0.087102513,0.06773278
0.198693,0.021446357,7.262879256332314e-05,0.046381814,-0.656287342,0.0096,0.0134,0.0164,0.0187,0.0214,0.024,0.0265,0.029,0.0329,0.0426,,0.3577636820363948,0.4078214252246192,0.737133082,0.045407991694185176,0.11412803172957882,0.069741457,0.084040995,0.076022578,0.14472173755219211,0.9229796817645814,0.8165326897738581,0.8998210867995098,0.055643047765728135,0.051263193,0.077410689
0.203304,0.022812596,8.588058151665598e-05,0.1494159952555404,-0.561241557,0.0106,0.0139,0.0169,0.0197,0.0226,0.0253,0.0284,0.0313,0.0352,0.0482,,0.3671826392886593,0.4100559555597875,0.8017433413286852,0.041942574,0.1263256673918214,0.087458555,0.092532879,0.11189885027567854,0.09892137,0.8447640175159009,0.842687713,0.8604440387834373,0.073479694,0.099377819,0.056146472
0.188972,0.024187445,9.6335588545338e-05,-0.097285606,-0.82580537,0.0103,0.0145,0.0185,0.0216,0.0244,0.0275,0.0306,0.0334,0.0368,0.0456,,0.3839570497395198,0.4022064757444466,0.8470089573711839,0.047459274,0.12478786075953255,0.066552136,0.065699483,0.1113871175272143,0.10019234966906337,0.9112147911171009,0.9764812790704048,0.9170586978929579,0.089481901,0.057924951075455956,0.077203398
0.201417,0.021613531,8.47969338590224e-05,0.025933205,-0.596610481,0.0091,0.0127,0.0164,0.0191,0.0224,0.0245,0.0269,0.0296,0.0336,0.0468,,0.39982007077626613,0.46607004922942913,0.7699621390733066,0.047780794,0.11308789337337058,0.048325691,0.084469714,0.073230852,0.099446381,0.8050602519129363,0.9216861866981056,0.8864663780255057,0.055245521,0.091700011,0.054592945
0.182231,0.0224346,8.129623599434511e-05,0.076088052,-0.673333636,0.01,0.0138,0.0175,0.0198,0.0221,0.0247,0.028,0.031,0.0341,0.0448,,0.3566289792421108,0.49964284593617136,0.8338022992758646,0.039651964,0.1429032346496575,0.090831927,0.054811424,0.1089718759016927,0.098712738,0.8685399409761787,0.8815023339403729,0.9461954592985229,0.064778078,0.06196604,0.06345083
0.182493,0.022863446,9.190374718401944e-05,0.1299431059162717,-0.562234802,0.0103,0.0139,0.0172,0.0199,0.0226,0.0254,0.0281,0.0313,0.0356,0.0496,,0.38525884922300596,0.45921878293817897,0.7970940345585041,0.044837487394393694,0.11025891495827218,0.053268491128753245,0.10704781170825342,0.087610924,0.091342043,0.9798071506121624,0.8892844946280065,0.9515707156802352,0.082356403,0.058934731,0.066051906
0.167778,0.022625622,9.250889659848667e-05,-0.095722306,-0.870383794,0.0089,0.0137,0.0167,0.0197,0.0233,0.0258,0.0285,0.032,0.0354,0.0424,,0.372121914,0.43760080143026964,0.681074915,0.041002674,0.1283896329302724,0.082203606,0.062136626,0.088411757,0.094891437,0.9115284684469743,0.8558742372448952,0.919586522,0.076395084,0.050855905,0.070912739
0.176846,0.024411813,0.000118479,0.3635728723863173,-0.273912649,0.0108,0.0148,0.0181,0.021,0.0239,0.0268,0.0299,0.0333,0.0389,0.053,,0.4003229423343614,0.4790737180292581,0.8549568795991593,0.037501976,0.12777944503406596,0.087562893,0.072696895,0.080966543,0.11767101412516436,0.919673484,0.9833844961462999,0.9667559436029434,0.084865488,0.095814413,0.066316589
0.168706,0.020469941,7.99419195626344e-05,-0.000747251,-0.788352723,0.0079,0.0123,0.015,0.0177,0.0206,0.0231,0.0262,0.029,0.032,0.0407,,0.3902683971143486,0.4531204288775714,0.6112118380004943,0.040680877,0.12265387738450514,0.050146119,0.053938394255285876,0.10891186862271125,0.1286372931444846,0.9927600042174085,0.9829620195779957,0.8220340990616491,0.082906061,0.067996675,0.096095444
0.187886,0.022240129,8.224252607831031e-05,-0.032564769,-0.758685823,0.0095,0.0133,0.0172,0.0197,0.0224,0.0254,0.0281,0.0306,0.0338,0.0443,,0.3973789568286102,0.4071565997336275,0.6582396959830751,0.036201153,0.11871521104188225,0.091409716,0.094380443,0.1169774029182089,0.11832054318852454,0.8419714752803128,0.9264312319484976,0.9445585311313793,0.093645867,0.082624362,0.091998374
0.188674,0.022177175,9.307567751864374e-05,0.0285063,-0.737381212,0.009,0.0129,0.0163,0.0198,0.0224,0.025,0.0277,0.0309,0.0353,0.046,,0.354530272,0.47897864707506155,0.5990098099408201,0.035104104,0.13735116931045788,0.044771882,0.10579439408700199,0.095667811,0.10797237645351662,0.9564539854646117,0.9555939299955228,0.8926285737018813,0.078612425,0.061187999,0.065547013
0.185565,0.024865022,0.000113584,0.1801315958469366,-0.544481353,0.0111,0.0152,0.0183,0.0215,0.0247,0.0275,0.0303,0.0344,0.0391,0.0537,,0.3514674425510326,0.448258098,0.5574380542105777,0.037327857255065565,0.14557824809108028,0.06879531,0.081930439,0.11756469680887387,0.11916301568938621,0.823581965,0.9924120409815529,0.835232185,0.060467715189745974,0.081736874,0.088558068
0.182527,0.023127139,8.7095192020359e-05,-0.074201844,-0.805627201,0.0109,0.0142,0.0174,0.021,0.0232,0.0259,0.0289,0.0319,0.0357,0.0414,,0.3731623351047977,0.42809977080362965,0.6806327465282138,0.049983650795996884,0.12545343869137604,0.054420347849649685,0.096291587,0.095440051,0.095249173,0.9022924157667167,0.8062439333011618,0.9873207681571557,0.079448415,0.088258362,0.054785459
0.178894,0.024872403,0.000114699,0.068914658,-0.760367258,0.0107,0.0146,0.0181,0.0214,0.0245,0.0281,0.0312,0.0348,0.0392,0.0495,,0.4044290494432298,0.49768945,0.8818188790698709,0.047729671,0.14611587599567763,0.06166765,0.07525236,0.094081474,0.1262847992455718,0.8417788307480276,0.9977430047077148,0.9431509137985661,0.059962906,0.059575769,0.053326119077134915
0.2165,0.025693753,8.934838196502971e-05,-0.120265645,-0.711391498,0.0122,0.0167,0.0207,0.0234,0.0262,0.0288,0.0314,0.0344,0.0381,0.0464,,0.3993250274396768,0.484063617,0.6332820427912532,0.036476365,0.11884665073717336,0.086296865,0.063983683,0.071220499,0.11560267928416217,0.8032055125164955,0.849786087,0.8992500253647165,0.071334344,0.079244594,0.075482571
0.227436,0.023337541,8.18911980969965e-05,-0.006611078,-0.670139783,0.0107,0.0147,0.0178,0.0212,0.0235,0.0261,0.0285,0.0314,0.0353,0.0461,,0.407541305,0.40356445506898875,0.7614163670807471,0.039033753887835296,0.12431307219658502,0.067842647,0.071806046,0.077383356,0.097140643,0.8781222411145908,0.8943809000786954,0.9138080628850718,0.071502936,0.058980036,0.079197523
0.210002,0.024571831,0.000111723,0.054008497,-0.537412866,0.0106,0.0149,0.0182,0.0215,0.0246,0.0278,0.0307,0.0339,0.0379,0.054,,0.40531568411379026,0.4979053812610004,0.6787754350647858,0.049883401,0.14004071935746495,0.082068508,0.083943003,0.090518361,0.10846103203967544,0.8190908830536913,0.931302269,0.944123912,0.070553351,0.083144743,0.062628958
0.212619,0.024942714,8.330759393855488e-05,-0.063813471,-0.656538546,0.0123,0.0162,0.0194,0.0222,0.0253,0.0279,0.0308,0.0335,0.0368,0.0483,,0.39206654811035174,0.423231557,0.7777890615445426,0.047656542,0.12035192921614488,0.071966045,0.078018372,0.12175110662695561,0.14149882058176672,0.8547683078413614,0.9606867001559877,0.9730138206413148,0.064588746,0.098675023,0.071468475
0.221543,0.024379504,9.029732355344282e-05,0.058560826,-0.590052755,0.0115,0.0152,0.0183,0.0216,0.0245,0.0272,0.0301,0.033,0.0366,0.048,,0.3950403681609871,0.4695602648227501,0.5353596073372132,0.043095404,0.13915985182004426,0.045883442,0.058699583595572015,0.11995141641010212,0.087880715,0.9305942009444915,0.862785137,0.8577288663111543,0.062664727,0.081638783,0.091759712
0.212042,0.024374192,9.563885817504173e-05,-0.136997983,-0.811922699,0.0104,0.0149,0.0188,0.0222,0.0249,0.0276,0.0304,0.0334,0.0373,0.046,,0.4193057477040274,0.4866930052055825,0.7887981244938724,0.047493619,0.13299575123610918,0.086600067,0.071847909,0.12037150643439914,0.11397174550748218,0.8738721341051634,0.9351137884338923,0.92824322,0.053664892,0.072735329,0.078222122
0.216627,0.025141813,0.000121016,0.170109343,-0.402680301,0.0098,0.0147,0.0186,0.022,0.025,0.0281,0.0316,0.0349,0.0393,0.0568,,0.3594148809832162,0.44144109435871026,0.7548014955176116,0.036937298052400216,0.1137849326568964,0.049165874,0.063402585,0.092701495,0.14396465413093662,0.9514827117358803,0.8989905988808408,0.8263658384645748,0.055195031,0.077300581,0.074213071
0.2014,0.022976437,9.449473887643266e-05,-0.081856303,-0.74513788,0.0095,0.0134,0.0173,0.0203,0.0234,0.0263,0.0289,0.032,0.0356,0.0473,,0.3922162762088198,0.46883832462863473,0.6593310520994189,0.044085931,0.14662787077918982,0.078931042,0.10104327502838777,0.10868652903922627,0.098556818,0.9363227348208472,0.8856047118810763,0.905051984,0.051610886354368626,0.062557938,0.052635472
0.214617,0.023114086,8.859017042840331e-05,-0.083545122,-0.723114668,0.0099,0.0143,0.0183,0.0208,0.0232,0.0261,0.029,0.0322,0.0353,0.0453,,0.3933062848604424,0.41744244826505217,0.8784198364200795,0.047824295707277996,0.13942559788813463,0.063955604,0.082838419,0.078711512,0.14330327350654234,0.8387479850763361,0.9280004472836892,0.954915313,0.073554395,0.084269393,0.064673942
0.217152,0.025269755,0.000103781,0.004254119,-0.697835917,0.0115,0.0157,0.0191,0.0223,0.0252,0.0281,0.031,0.0346,0.0389,0.0495,,0.4167557223722883,0.46055921279610496,0.8016767410070021,0.043044739387200236,0.12389529465668163,0.088285497,0.078420648,0.11221464245768088,0.092877156,0.9771559329797114,0.8447488591566875,0.8193309153386165,0.052379839046909224,0.058581231253075516,0.063116579
0.136727,0.018811375,6.917171771773312e-05,-0.004487345,-0.797369449,0.0071,0.0111,0.0137,0.0165,0.0186,0.0213,0.0236,0.0266,0.0302,0.0382,,0.39385899956679493,0.40226133212753623,0.8264219045317474,0.049693310611266896,0.1443541826931821,0.078863537,0.058679342,0.1219146322481262,0.13343574042195433,0.9844172678799299,0.8486950825534683,0.8048761272741476,0.089337385,0.090481201,0.059584379
0.131049,0.019095808,7.204511495939393e-05,0.044372729,-0.818472015,0.0072,0.0113,0.0136,0.0165,0.0191,0.0215,0.0242,0.0273,0.0305,0.0401,,0.37964290938516626,0.46449362426029844,0.710817843,0.042639122837196355,0.12346488521336556,0.058395881,0.08102678,0.082505258,0.1397523423456203,0.8820819780845067,0.8369123270587304,0.8212065197801985,0.085028338,0.089429996,0.084759706
0.135623,0.0168028,5.709819827340695e-05,0.051515125,-0.660361217,0.0061,0.01,0.012,0.015,0.0168,0.0188,0.0214,0.0235,0.0267,0.0378,,0.36102517423265257,0.43827656814248184,0.5068152648125185,0.046120235,0.13342971928249642,0.055529019,0.1014306532070287,0.12282459267111812,0.11292490332525261,0.8670593141469961,0.9413937446411628,0.98388583,0.054206501,0.071654092,0.083155562
0.137246,0.017323292,5.0614790844046934e-05,-0.037521647,-0.836707378,0.0077,0.011,0.013,0.0155,0.0173,0.0197,0.0218,0.024,0.027,0.0336,,0.393609361,0.4957408340450236,0.938035496,0.046171261,0.1429334164575664,0.090855806,0.081869172,0.082634992,0.11847100337924728,0.8287293001934506,0.8138567566259494,0.8436067751615198,0.085901125,0.061766852,0.075209287
0.138974,0.017776383,6.372822306549108e-05,0.040988352,-0.741751275,0.0065,0.0103,0.0125,0.0156,0.0176,0.0205,0.0225,0.025,0.0284,0.0375,,0.3502621621057571,0.42644999017964125,0.8545399621273452,0.048100097,0.14717031175067063,0.087522116,0.069780919,0.1240175737561107,0.123070959,0.9189299833637399,0.8189796290483253,0.9415521673605401,0.082051435,0.07336528,0.053129333366132195
0.136852,0.020823477,8.355850815341742e-05,0.073851528,-0.790562483,0.0083,0.0118,0.0153,0.0182,0.0207,0.0232,0.0264,0.0296,0.0333,0.0442,,0.41010367924753127,0.4752869054535126,0.8904622945415012,0.037037694693909363,0.14033641387798473,0.058597903913183154,0.053868514,0.12472899702801524,0.085551103,0.9276633970024228,0.8653921931802758,0.8451062373076643,0.087402596,0.092354938,0.070108762
0.13578,0.017102652,5.730072357691657e-05,0.091097361,-0.618377304,0.0065,0.0103,0.0124,0.015,0.0171,0.019,0.0216,0.0237,0.0272,0.0382,,0.39232607730601887,0.47835773006213755,0.8741086286521852,0.049471145,0.12660112019706968,0.086192883,0.11172447488851367,0.069785678,0.10963034840549285,0.8772304326339886,0.8428067953583731,0.9593442240039587,0.06435463,0.056954649903682916,0.091366109
0.129869,0.018659164,7.239111623716253e-05,0.17528387,-0.645775111,0.0071,0.0111,0.0134,0.016,0.0183,0.0209,0.0235,0.0267,0.0301,0.0408,,0.4133463059725295,0.44769211459868147,0.5901942226715251,0.042941528,0.11259616635919302,0.074074091,0.090606955,0.078241355,0.12033827741490272,0.8506187191410035,0.9727054575677277,0.9746010670833417,0.075552268,0.055830669,0.094251247
0.132225,0.016756556,5.5623809385952825e-05,-0.028899518,-0.833013761,0.0058,0.0103,0.0123,0.0149,0.0167,0.0193,0.0212,0.0238,0.0268,0.0334,,0.40348147481237673,0.42805461563396585,0.7248118488638311,0.04678172,0.13318672515198468,0.044576026,0.11232317917659723,0.12799269598545365,0.092047169,0.8957101783860756,0.9030313228463347,0.9571494196484671,0.060154985,0.067304811,0.056929215
0.137763,0.017601096,5.2488225739164926e-05,-0.027246362,-0.807043422,0.0079,0.0104,0.013,0.0157,0.0177,0.0202,0.0221,0.0246,0.0272,0.0341,,0.4011342868546566,0.4437411536698848,0.6072929416446999,0.042912866,0.123223631,0.087111049,0.10187288765923097,0.12065486634582255,0.14215090877693046,0.8472788315091678,0.853157958,0.8221147862545071,0.093892188,0.076675233,0.075116444
0.127559,0.022792024,5.672049801927742e-05,-0.356629084,-0.400373496,0.0123,0.016,0.019,0.0212,0.0231,0.0255,0.0274,0.0297,0.0325,0.0372,,0.3985751601139929,0.4120152454864501,0.5023435029831784,0.036250664,0.1492141253390455,0.083934352,0.057102806670092224,0.11957229190651622,0.1386422526362816,0.8317115165778558,0.9090063213197267,0.954249215,0.082417348,0.082917454,0.078492304
0.133482,0.02123843,6.058121671454244e-05,-0.080693191,-0.758193026,0.0106,0.0138,0.0163,0.0191,0.0212,0.0237,0.0261,0.0288,0.0318,0.0368,,0.39198586777440897,0.4316617042042742,0.7293188057502678,0.043515330520671545,0.11361821223865824,0.044840954,0.065587581,0.095593913,0.12101159336668182,0.8466915719148478,0.9783743801431961,0.9241012939741247,0.086967272,0.086213076,0.076717305
0.117749,0.022331189,6.413435022685401e-05,-0.055069521,-0.548241252,0.012,0.0149,0.0175,0.0207,0.0226,0.0246,0.027,0.0298,0.0328,0.0416,,0.3728473207808235,0.4916615542693457,0.8249132732295485,0.041553835393666125,0.14913683674335673,0.063900879,0.10416476287251937,0.11118012730157363,0.083198429,0.9665880417085617,0.829407556,0.9911477986407546,0.066861812,0.083664026,0.07236389
0.129585,0.022570839,5.688642671313072e-05,-0.322444047,-0.560755954,0.0118,0.0158,0.0181,0.0211,0.023,0.0252,0.0275,0.0297,0.0324,0.0375,,0.38411730732047733,0.41561494299118007,0.8748110296508007,0.035906734,0.1499758482824018,0.084755134,0.073406117,0.079582245,0.10128573582409467,0.8930092840744568,0.9955608933690644,0.9575006417259913,0.088831156,0.092485511,0.058798377
0.123242,0.022880818,5.9918219634538934e-05,-0.263923689,-0.410119866,0.0125,0.0162,0.0188,0.0208,0.0232,0.0254,0.0275,0.0298,0.033,0.0394,,0.40438729698328973,0.4621351770335646,0.8782447998330897,0.039338837220256224,0.11641419131044387,0.08188338,0.061356651,0.092553294,0.10075105590315407,0.9151215636782084,0.9201349255803565,0.8864965970886141,0.055734217,0.085297282,0.052846184
0.126341,0.020800733,5.2143852556446574e-05,-0.147292416,-0.499530966,0.0113,0.0139,0.0168,0.0191,0.021,0.0231,0.0254,0.0275,0.03,0.0401,,0.4179148067696425,0.48580774270871796,0.6360157408331816,0.03687234,0.1445427524700563,0.086828248,0.093823428,0.086416326,0.083468484,0.9996076893568633,0.8978438656150204,0.967880721,0.09586874,0.069654964,0.068220172
0.124409,0.021710253,6.197586887029395e-05,-0.016323859,-0.603757338,0.0116,0.0144,0.0174,0.0196,0.0214,0.0236,0.0263,0.0289,0.0327,0.0402,,0.3549902890355992,0.4903452583186098,0.6962527179795257,0.04137303,0.11658147041683219,0.046395359,0.061779597221121904,0.091468242,0.14041030246093106,0.859082594,0.8923608966899876,0.9232116633615753,0.092277195,0.095666287,0.076967577
0.125489,0.021285068,4.988330473118077e-05,-0.349740272,-0.250619913,0.0117,0.0154,0.0176,0.0201,0.0215,0.0234,0.0255,0.0277,0.0304,0.0372,,0.3832650325496097,0.4830644557163514,0.8907951124378592,0.048988424,0.13685847381861563,0.046647519,0.10388456868234161,0.091670439,0.14075226264400675,0.8824688216533132,0.8423593892433542,0.9131481685740018,0.065339907,0.074632786,0.058087156
0.125296,0.022926492,6.742693747431861e-05,-0.085993902,-0.652905413,0.0123,0.0155,0.018,0.0209,0.0228,0.0252,0.0279,0.0306,0.034,0.0411,,0.38598320624965154,0.4951157787623956,0.533077567,0.048714469,0.12427441614771112,0.053663428,0.054210758,0.10881997538533039,0.10108980582495825,0.8009598991352107,0.9823886700704956,0.9529358021034547,0.056622768,0.095715507,0.072905101
0.186953,0.022811628,0.000101603,0.07060573,-0.599633129,0.0095,0.0134,0.0169,0.0198,0.0226,0.0254,0.0284,0.0322,0.0362,0.0491,,0.35810087031381216,0.4486944218596572,0.7712759569827239,0.043062015,0.13783134838506061,0.069388371,0.096012635,0.12228220069498721,0.14285454442630563,0.9749997759756741,0.8266898860252895,0.9544853131854216,0.073862381,0.079080489,0.092968535
0.198927,0.026621127,9.033782644608632e-05,-0.103315366,-0.726247855,0.0136,0.0181,0.0213,0.0238,0.0266,0.0294,0.0324,0.0358,0.0393,0.0458,,0.38124613851966627,0.42470261588063274,0.656704563,0.049387335,0.1261930477009227,0.066225059,0.078623387,0.10427890776027399,0.1407415134942669,0.9939048107943482,0.9374859632802223,0.9804650525544275,0.072766429,0.06338304,0.082781864
0.195633,0.024857278,7.357322475411603e-05,-0.189516789,-0.622984944,0.013,0.0169,0.0197,0.0228,0.0254,0.0278,0.0299,0.0328,0.036,0.0426,,0.37584622873338486,0.4967574153891257,0.8761373931906293,0.046623659,0.12589616351987218,0.060087714,0.092748513,0.072889058,0.10919875972688464,0.8264634265938353,0.901032337,0.8432323328131685,0.074299459,0.056565695,0.062583476
0.185052,0.025166987,7.713783712078678e-05,-0.099318996,-0.604662316,0.013,0.0171,0.0204,0.0229,0.0253,0.0279,0.0302,0.0331,0.0369,0.0456,,0.37863574455183713,0.40628444603697617,0.5749171845978508,0.042739135412573154,0.1350294660303722,0.050388169,0.093704769,0.086416619,0.10496775569748541,0.9771916931457484,0.9385720699366383,0.9074959627013857,0.089819807,0.076338093,0.097421745
0.18712,0.027879121,0.000110833,0.028835701,-0.692732714,0.0143,0.0185,0.0218,0.0249,0.0279,0.031,0.0342,0.0376,0.0419,0.0516,,0.4114947044194927,0.45259213534869136,0.5355155687783572,0.035161942,0.12625691867658959,0.058203994,0.079715434,0.1030483250760761,0.13126149771051585,0.9590482919257105,0.9948133196669868,0.9821885970486753,0.083655016,0.083390603,0.078137502
0.195934,0.024669326,0.000113215,-0.00399842,-0.667905559,0.0104,0.0149,0.0186,0.0217,0.0244,0.0274,0.0306,0.0345,0.0386,0.0498,,0.38251870388941445,0.42600068350177256,0.550679687,0.038921046,0.12463745520091385,0.052272791,0.069553065,0.1163397368253347,0.11195467536812702,0.8258193977079568,0.8515766838700332,0.9920208992780754,0.053689543,0.069566705,0.081958712
0.189828,0.025718235,8.122843278551085e-05,-0.13558958,-0.645233676,0.013,0.0172,0.0203,0.0236,0.0264,0.0288,0.0314,0.034,0.0373,0.0475,,0.39210169852190263,0.44717391195751616,0.8931338711504515,0.036943012,0.12058773744432842,0.050462401,0.10902553940339979,0.09864228,0.11284841848843534,0.9657670054240538,0.8274730132796162,0.9301935684372022,0.080863239,0.085683409,0.076744335
0.202986,0.024504043,8.059630914998263e-05,0.001566473,-0.653227316,0.0121,0.0167,0.0195,0.0218,0.0242,0.0269,0.0301,0.0328,0.0367,0.0449,,0.38605487312121695,0.4529302783355556,0.5557989816268547,0.035296867,0.13692352174901876,0.077287374,0.10059431949123925,0.12867591106355986,0.093210335,0.8912935054691428,0.9062059909434307,0.80503535,0.086689825,0.085223665,0.095475976
0.190412,0.025717987,0.000119722,-0.085945021,-0.793285026,0.0109,0.0154,0.0192,0.0226,0.0258,0.029,0.0324,0.036,0.04,0.0501,,0.38341523559428164,0.49274074534043194,0.645443511,0.037947039,0.11992101936391585,0.058812731,0.10301589310750812,0.11668947352218687,0.088756385,0.9110970320104221,0.8120165676799339,0.8799000181158604,0.059773243440965025,0.075461391,0.094224492
0.192955,0.027328592,8.423721901339169e-05,-0.165277191,-0.474343607,0.0148,0.019,0.0221,0.0249,0.0276,0.0301,0.0327,0.0355,0.0389,0.0501,,0.4019813540302223,0.4028270855026825,0.8872801929402983,0.043664096,0.13855031677778165,0.078614347,0.080633592,0.082209807,0.13949588620017622,0.8728210235989097,0.9894362909338716,0.8713847754904688,0.059677391,0.076019433,0.070710042
0.128124,0.022683476,9.34207479309608e-05,0.1066630398579129,-0.70330191,0.0098,0.0131,0.0166,0.0194,0.0225,0.0256,0.0286,0.0316,0.0352,0.047,,0.37425296338037656,0.4015641559971964,0.5859575547355476,0.037152406108916354,0.12135339995159704,0.0901454,0.10752480913705824,0.11878516290978793,0.098014572,0.8756798772640808,0.8672701369244099,0.8664123751795518,0.089541272,0.063087691,0.097216398
0.120337,0.019768884,7.28912893665101e-05,0.1178988119834369,-0.666499517,0.0079,0.0123,0.0145,0.0169,0.0201,0.0221,0.0243,0.0278,0.0313,0.0415,,0.4107430994640573,0.41478563841459426,0.522672004,0.037201922,0.1151922582709479,0.054967731,0.06444259,0.095943442,0.083024183,0.8092734552557577,0.900161769,0.9879085760195674,0.051331432,0.097572152,0.095294378
0.13279,0.018762227,7.461144025723893e-05,0.08373499,-0.691594216,0.0068,0.0102,0.0138,0.0161,0.0183,0.0213,0.0238,0.0265,0.0303,0.0423,,0.36198497568010735,0.43542437406240436,0.7543098359120509,0.041091329,0.13848195010716355,0.056915120287895936,0.06707599,0.089043575,0.12381818176049125,0.8827708353603868,0.8582101840104143,0.8685391017245491,0.075984898,0.099265806,0.082518044
0.125688,0.021050417,0.000102602,0.49711975,-0.052260954,0.008,0.0114,0.0146,0.0174,0.02,0.0229,0.0259,0.0293,0.0352,0.0548,,0.3684615506478634,0.43883183845721996,0.7659070774716976,0.042312218,0.13237486682413463,0.069140754,0.088119506,0.073709367,0.08474451,0.9197094297858401,0.9458956647085158,0.8154186579318858,0.094350972,0.09721912,0.078591371
0.131839,0.017724205,6.464938593100307e-05,0.072389138,-0.724200098,0.0064,0.0102,0.0124,0.0154,0.0175,0.0205,0.0225,0.025,0.0284,0.0375,,0.41776694576769285,0.47765598315516367,0.5772940312113849,0.039627232949978566,0.14180877014614643,0.079999987,0.054363998599144286,0.11497376008922028,0.13218899337045306,0.869181139,0.9680174356717072,0.8852458053510615,0.088561439,0.068330725,0.084715845
0.13361,0.019113295,7.274145422069467e-05,-0.03084206,-0.811212852,0.0068,0.0113,0.0136,0.0174,0.0193,0.0218,0.0245,0.0271,0.0305,0.0398,,0.35737011011166114,0.47137995461568566,0.5159510245435225,0.047983416,0.13160758436424844,0.059437898,0.075421295,0.088541205,0.1272106712817062,0.8463185598074479,0.8540295084679788,0.8003075996484924,0.068647785,0.05593268,0.072731943
0.129955,0.017446502,6.040139903703732e-05,0.046150942,-0.659144171,0.0064,0.0102,0.0125,0.0154,0.0173,0.0202,0.0219,0.0244,0.0277,0.0375,,0.3861397960223312,0.47077679953756457,0.7507924023143847,0.040817021378283566,0.1424691011178953,0.060948044,0.071195518,0.11471517476322901,0.097986937,0.9106130742990745,0.8022494442626716,0.8903522857560597,0.064212784,0.070413677,0.060224922
0.133211,0.018140493,4.8749728383878905e-05,-0.056846611,-0.795819181,0.0084,0.0116,0.0141,0.0161,0.0181,0.0203,0.0225,0.0247,0.0276,0.0334,,0.39275455106993024,0.4482342946234378,0.7003886168601511,0.041512207,0.13354982024243692,0.08813767,0.10606162783381876,0.073181588,0.1263736422272415,0.9699534627830856,0.9194430839515552,0.9442692080406102,0.086330755,0.080921397,0.093843875
0.123139,0.017893653,5.2179782007235513e-05,-0.063552806,-0.831591237,0.0081,0.0107,0.0132,0.016,0.0179,0.0204,0.0223,0.0248,0.0276,0.034,,0.39912384991213234,0.4777524204170353,0.6405483974347455,0.037073199,0.12335384781056814,0.048483637557723114,0.085546832,0.10918598946115068,0.10256105044872499,0.8109299031418968,0.8880650359560853,0.9553792246840913,0.059246344968805695,0.072842578,0.07120373
0.137822,0.017803657,5.910292572355368e-05,-0.003285083,-0.790257706,0.0067,0.0103,0.0132,0.0157,0.0176,0.0201,0.0226,0.0249,0.0282,0.0362,,0.39250424969301234,0.40309777953633763,0.6525750077372499,0.048978,0.12649042024358775,0.080816096,0.097640849,0.12357320763699713,0.088698403,0.9900666008380203,0.9315175036314148,0.9750808577976207,0.089414715,0.062074338,0.078789562
0.200114,0.028053288,9.60796848700452e-05,-0.056848876,-0.53472512,0.0151,0.0193,0.0226,0.0255,0.0282,0.031,0.0337,0.0367,0.0407,0.0512,,0.37391095097466537,0.4426927937957375,0.7949685423942339,0.041064238,0.143973105,0.087454839,0.089914469,0.078535464,0.14108785790819064,0.8157504574223415,0.8966812674780158,0.9448350608489573,0.054999651837352066,0.08798205,0.063206001
0.199963,0.029154548,9.79670553876444e-05,-0.016957188,-0.183019042,0.0163,0.0204,0.0233,0.0265,0.0292,0.0319,0.0347,0.0379,0.0419,0.0557,,0.4178654225509347,0.4415964712392804,0.8227926828763517,0.045795253858543765,0.13774029859683373,0.042931946816184126,0.062463387,0.085530286,0.091523695,0.8817119011168274,0.8682037679540318,0.9568328873228626,0.055507936,0.061383419,0.071102734
0.188272,0.027574076,0.000137519,0.01192042,-0.645000841,0.0112,0.0166,0.0208,0.0245,0.0281,0.031,0.0344,0.0381,0.043,0.058,,0.37436361111735356,0.42524607163848704,0.687352415,0.039234205,0.11352220962889376,0.045965234,0.080212552,0.079944862,0.10111964508080676,0.8837545846775947,0.8443000353552724,0.9939747583172549,0.050108132,0.079991276,0.059878604
0.191133,0.027741975,0.000109302,0.027324549,-0.734014336,0.0143,0.0186,0.0219,0.0248,0.0278,0.0308,0.0341,0.0379,0.0421,0.052,,0.3515326184401303,0.4722404319265818,0.6345335846431958,0.035456356,0.12426214281091229,0.082812945,0.090444089,0.10170254349082353,0.137768375,0.858643723,0.8931664973547628,0.8200199030119212,0.065288547,0.081813678,0.079198418
0.193242,0.024263856,7.980130768440678e-05,-0.064394885,-0.714670304,0.0118,0.0165,0.0194,0.0218,0.0241,0.0269,0.0297,0.033,0.0362,0.0453,,0.35741998,0.4291361444937742,0.6328249556605614,0.042351684072047424,0.11746175025849993,0.069877005,0.11330282882467946,0.092333471,0.097031261,0.8697496657516037,0.91379286,0.853690745,0.05891862,0.082425449,0.088985494
0.203448,0.028646342,9.637175395740376e-05,-0.13276432,-0.550880067,0.0156,0.0197,0.0232,0.0261,0.0289,0.0317,0.0346,0.0378,0.0416,0.0531,,0.39705645360649056,0.4795419986441139,0.9483960472693455,0.038214524,0.14232985785468155,0.055578895,0.054583884,0.10020841445371748,0.11831736598831818,0.8017313037280075,0.8087260428608529,0.8724267053091213,0.081982534,0.080635593,0.055739145
0.201261,0.027990804,0.000141262,-0.091004609,-0.828594321,0.0121,0.0174,0.0214,0.025,0.0285,0.0318,0.0351,0.0394,0.0441,0.0517,,0.3815092612560545,0.48049938761128774,0.7404392348785808,0.047382321042729166,0.12654631557182097,0.056654952,0.068399111,0.1249431509106054,0.10818859540414467,0.9220642522708576,0.9939478639494076,0.9675350780700782,0.088891031,0.085938088,0.078281627
0.191999,0.023159906,7.305638882875504e-05,-0.066019008,-0.627416024,0.0111,0.0154,0.0187,0.0211,0.0233,0.0259,0.0282,0.0309,0.0346,0.0453,,0.41722727950939004,0.4423407864001053,0.8442876689984938,0.047022475,0.14187498999300108,0.063440763,0.098765636,0.10228351784048911,0.1013889953106131,0.972626895,0.8158779205885621,0.95682006,0.065005175,0.092595667,0.077654763
0.194807,0.025826937,8.437808642363107e-05,-0.139843329,-0.694807226,0.0128,0.0172,0.0206,0.0237,0.0262,0.0288,0.0315,0.0345,0.0376,0.0468,,0.4048485652098658,0.4429997490986191,0.5046927051287746,0.046449359,0.13245625620355217,0.073189932,0.066566328,0.11095935652417327,0.11605683055283186,0.8031988931237496,0.8696425180265726,0.9043228865554956,0.087543267,0.0748841,0.079631229
0.194452,0.027588249,9.954106232682504e-05,0.082431252,-0.231921312,0.0142,0.019,0.022,0.0247,0.0274,0.0303,0.0332,0.0367,0.0407,0.0605,,0.3591484357137764,0.4982122405513944,0.5853729588379908,0.039243889,0.11352107620181609,0.07874213,0.060041623,0.076652727,0.093885804,0.883241735,0.8957354361218086,0.9277199663111974,0.062638151,0.089029013,0.061110676
0.220516,0.024621207,9.54631218077026e-05,0.049190987,-0.610162503,0.0116,0.0155,0.0187,0.0217,0.0243,0.0274,0.0302,0.0334,0.0374,0.0495,,0.41783953719829825,0.4057537259194081,0.7088029657515346,0.037637278,0.13005801906887568,0.050568424,0.10591300187961504,0.10783011206978299,0.1445360236543031,0.8026098517402203,0.895713993,0.8717000735275033,0.052258712,0.087380988,0.068916529
0.218117,0.024825911,8.797552252971908e-05,0.062335286,-0.446148014,0.0125,0.0162,0.0194,0.0222,0.0249,0.0276,0.0301,0.0329,0.0367,0.0503,,0.4194407632726928,0.46813325404709344,0.5340473430735353,0.037771913364921195,0.11918974926497489,0.0624955,0.077009454,0.073075689,0.14358070085378874,0.8241815544186208,0.9299374412854496,0.8849134987496735,0.0827905,0.066121317,0.081360135
0.207233,0.022641176,0.000100749,0.1405337237088677,-0.43656278,0.01,0.0139,0.0175,0.0203,0.023,0.0257,0.0286,0.0318,0.0358,0.0522,,0.3883286545088095,0.47486871052575386,0.7173187760731878,0.036392731690075626,0.11945185320853746,0.056608684,0.088494222,0.096835688,0.098027862,0.8405936057033704,0.9424105484392821,0.9481029500136098,0.058744813358255474,0.061406565,0.064185498
0.199529,0.022895219,9.45073930200301e-05,-0.057429925,-0.760505696,0.0095,0.0133,0.0171,0.02,0.0231,0.0262,0.0291,0.0321,0.0353,0.0471,,0.41172099830194187,0.4333693133681298,0.9186992154543351,0.035288162206185185,0.11774188538713858,0.042896788,0.10997003356889025,0.1014252568351865,0.1370821282505074,0.9538393486270668,0.9472387054823991,0.8285970934843135,0.080744344,0.056756849067572446,0.0888364
0.208717,0.024483822,0.000106284,-0.03873366,-0.749153263,0.0106,0.0149,0.0184,0.0215,0.0243,0.0275,0.0307,0.034,0.038,0.05,,0.360958789,0.4018612825967519,0.7478660773848745,0.048773109,0.13243728518827036,0.082356158,0.08548972,0.11379441501405867,0.10417131151328225,0.8014326671879246,0.9873052021983338,0.9950201034423721,0.075451362,0.073041192,0.053880339
0.211961,0.024923737,0.000116081,0.099920374,-0.616391957,0.0109,0.0151,0.0189,0.0221,0.0248,0.0276,0.0307,0.0345,0.0395,0.051,,0.37269202053331857,0.4894780814007417,0.804545641,0.048389434,0.14343944387541566,0.07993701,0.070243901,0.090454843,0.13477746523720896,0.912452378,0.9473692660474708,0.9942298774297215,0.054602317342861396,0.095094431,0.078428054
0.21195,0.024404829,9.393026955526167e-05,0.0793729,-0.653860746,0.0118,0.0154,0.0186,0.0213,0.0239,0.0268,0.0298,0.0334,0.0374,0.0501,,0.3746358913948679,0.45382507440919007,0.747206243,0.047723186,0.14829558331096268,0.056604883,0.081729722,0.081637691,0.10188244799282713,0.8773076049214331,0.8132922693904987,0.8357507295120116,0.083074329,0.088308514,0.081548892
0.205766,0.024680808,0.000103319,-0.192754188,-0.829626235,0.0101,0.0149,0.0189,0.0223,0.0253,0.0283,0.0312,0.0343,0.0378,0.0461,,0.40891084381627846,0.4866573914855013,0.9143603073645035,0.047801207,0.1251692054254833,0.072326946,0.068259826,0.071618477,0.13517436513960113,0.9342217427735854,0.9679616126264027,0.8053192174951982,0.070861279,0.057730874487843406,0.090403463
0.213016,0.023778465,9.679226867336694e-05,-0.062771279,-0.669155435,0.0101,0.0142,0.0178,0.0211,0.0242,0.0272,0.0298,0.0327,0.0363,0.0476,,0.4175091960806582,0.4656748741129158,0.5414215027975722,0.040926254,0.14839059480844774,0.055552479,0.082098688,0.087457889,0.08631702,0.9533274963503274,0.851470721,0.8998146171636043,0.060754634498359786,0.083241226,0.061893281774119645
0.215052,0.024134714,9.7636850964229e-05,-0.009699221,-0.723890633,0.0107,0.0147,0.018,0.0212,0.0241,0.0272,0.0302,0.0336,0.0372,0.0485,,0.3937474403125291,0.41680734467957575,0.6912226407057143,0.047330492,0.14490809370815624,0.047715532,0.061746131004000795,0.12482059591225439,0.087113373,0.9761412542492549,0.8584035673232967,0.9913003057289022,0.07819293,0.081246075,0.099868108
0.133785,0.024488176,0.00011151,-0.098024535,-0.829996718,0.0099,0.0142,0.018,0.0215,0.0251,0.0283,0.0313,0.0342,0.0381,0.0472,,0.3515265290462692,0.49097454721982337,0.7942555204026601,0.045062678049732144,0.11491422921040222,0.057382143,0.1102999651089798,0.095917338,0.10460808267360074,0.8514705153994562,0.9449741295326124,0.9850648083862764,0.074094174,0.066880406,0.077316603
0.123802,0.021429582,8.825981509137663e-05,-0.040063594,-0.783047038,0.0081,0.013,0.0158,0.0186,0.022,0.0242,0.0269,0.0304,0.034,0.0419,,0.39466850522145225,0.4639069276146795,0.7367493935322039,0.042171941,0.12543620362915886,0.065694695,0.11085871401717527,0.09299445,0.1224790752669345,0.9363619762516319,0.8057983865934395,0.9482478329790018,0.074857495,0.092501943,0.080374021
0.138483,0.024743774,7.943070548148572e-05,-0.060095894,-0.280111375,0.0129,0.0171,0.0199,0.0229,0.0249,0.0272,0.0296,0.0323,0.0363,0.0468,,0.408626181,0.49920584034519594,0.86314636,0.048185398628988095,0.14873318410137149,0.044802609931251125,0.056521778,0.12763477156208197,0.097094522,0.9634939827730753,0.9953360564989626,0.9405778038329499,0.064263012,0.060545181,0.059020592
0.144625,0.023719889,7.136534040760546e-05,0.008733739,-0.121730149,0.013,0.0166,0.0192,0.0213,0.0235,0.0258,0.0282,0.0308,0.0347,0.0501,,0.3705489434287326,0.48593849074670004,0.8602932842714541,0.038784549652878364,0.12497491354230542,0.065904541,0.10872455272522212,0.069973346,0.11938572897056487,0.9755777805539064,0.9247836679006141,0.8680900420301354,0.061016765,0.092493144,0.06574155
0.127695,0.025150663,8.675774216473162e-05,0.029686978,-0.629616579,0.0127,0.0166,0.0203,0.0225,0.0247,0.0273,0.0303,0.0338,0.038,0.0461,,0.40106515623789524,0.43611721634291933,0.944059745,0.0488586,0.12369088074249623,0.074371145,0.070864671,0.070076995,0.1359745192962437,0.921966146,0.9557078174761708,0.8176791835228568,0.080246418,0.060306822,0.08362889
0.141049,0.024742743,7.053985332854626e-05,-0.20556714,-0.516544373,0.0137,0.0171,0.0197,0.0226,0.0253,0.0276,0.0298,0.0325,0.0354,0.0433,,0.3969310762592129,0.489337065,0.9494248049210692,0.043793297,0.1496035912427728,0.053002555,0.09707265,0.078317228,0.095549089,0.8987604225588595,0.848575194,0.8612964785390311,0.083803758,0.099187789,0.096010018
0.136985,0.02163906,8.869957155151162e-05,-0.038943503,-0.77086739,0.0085,0.0124,0.0164,0.0189,0.0217,0.0243,0.0276,0.0305,0.0341,0.0439,,0.36938623017589545,0.4177088397985741,0.6630271410640118,0.048740119,0.13059224762504068,0.075757421,0.10254460187248242,0.12176026115087622,0.11271859158600828,0.9807985640852387,0.8744230371344577,0.9228913961591447,0.089016652,0.086856122,0.054409530803684714
0.140468,0.020870206,6.279792220369073e-05,0.008875208,-0.744683779,0.0105,0.0134,0.0164,0.0183,0.0205,0.0232,0.0255,0.0284,0.0318,0.0386,,0.3771330348777265,0.46391137426559054,0.6671225038480567,0.043610837,0.1221284037826846,0.054152192,0.098499154,0.072991889,0.091741315,0.9165489731103863,0.9075391854625269,0.8242609988670271,0.064766677,0.054721553,0.068354633
0.139429,0.026156979,8.81406144344368e-05,-0.026106841,-0.17059616,0.0147,0.0188,0.0216,0.024,0.0266,0.029,0.0316,0.0345,0.0386,0.0523,,0.36065334943419025,0.4618948560452823,0.7491381502363962,0.035241413,0.11260319984646759,0.062351128076750376,0.055241888,0.099504754,0.10785403716611033,0.8818966029684262,0.9127827340006046,0.812503901,0.050806641,0.068547187,0.08609105
0.131253,0.021956869,9.484298479826123e-05,-0.024529926,-0.790072744,0.0086,0.0124,0.0167,0.0195,0.0221,0.0248,0.0278,0.0314,0.035,0.0453,,0.4127613967831048,0.4253936936732925,0.7532060106062776,0.045740824,0.14439723837816515,0.065689489,0.1067529614258336,0.092818436,0.11554929707086092,0.8970553474437126,0.8882663953724713,0.9093170775744449,0.065283538,0.095347502,0.054594435
0.145211,0.022166693,9.985343265805596e-05,0.02211696,-0.745761227,0.0085,0.0123,0.0162,0.0197,0.0225,0.0251,0.028,0.0312,0.0359,0.0464,,0.4065591293925905,0.4714313853010917,0.5106039231780424,0.041796652,0.14522284913187988,0.088023129,0.090673266,0.089362758,0.089230951,0.968620206,0.88393004,0.9984625858194254,0.056337076381469606,0.052828426,0.098102222
0.128816,0.02184061,9.618234870678108e-05,0.028906557,-0.826961495,0.0084,0.0122,0.0162,0.0187,0.0215,0.0245,0.0279,0.0311,0.0353,0.0437,,0.40049413997201233,0.4128761829998187,0.8769247837380514,0.040911831,0.12875427042583398,0.048083521482103014,0.11057862931834603,0.098353195,0.13175995324861897,0.8998029335632959,0.8830887045670948,0.8267046622453071,0.080543715,0.069124402,0.09561012
0.137722,0.02301133,6.41443545707701e-05,-0.082426821,-0.431041198,0.0123,0.0159,0.0183,0.0208,0.0232,0.0254,0.0275,0.0299,0.0337,0.0428,,0.37901732176580655,0.44594354180631335,0.567370299,0.042919411,0.13606031416101308,0.078449974,0.087039748,0.079642428,0.088733568,0.9742031131174401,0.8068665270885274,0.8697088341392775,0.062725112,0.064088863,0.058989243
0.128297,0.019851762,7.552763634499797e-05,-0.101516593,-0.862971765,0.0075,0.0114,0.0148,0.0175,0.02,0.0231,0.0253,0.0281,0.0312,0.0385,,0.38298535575521575,0.4732811528740399,0.6884941763897724,0.039216017,0.1475104659656549,0.043155702,0.055309072584926205,0.1258702932468343,0.096556686,0.9574217350988639,0.8649837346668529,0.9037153468706727,0.075483971,0.062034151503591095,0.077973938
0.138757,0.02116105,9.405159325576686e-05,0.072579245,-0.818770876,0.0078,0.0126,0.0152,0.0179,0.0212,0.0237,0.0266,0.0304,0.0349,0.042,,0.4068202192575896,0.4003808839860772,0.6748751183196545,0.049172264,0.145405808,0.060742248489494874,0.11023921617229229,0.11643888281937836,0.13030141705505066,0.8574619385071105,0.804821199,0.9417837702801385,0.088371217,0.067197252,0.056979349
0.147981,0.022521481,6.306842479603773e-05,-0.121808631,-0.674297446,0.0117,0.0154,0.018,0.0202,0.023,0.0249,0.0275,0.0301,0.0332,0.0388,,0.3992245523372397,0.49312012494406443,0.7106169694378432,0.036567372383703146,0.11946211126003592,0.078786645,0.069911796,0.070344868,0.11713186170850233,0.8179954748809658,0.9351470510415907,0.8206380424804807,0.060778188,0.096384388,0.079298595
0.129913,0.020006552,7.720737633052323e-05,-0.060776237,-0.792879679,0.0074,0.0119,0.0146,0.0177,0.0204,0.0228,0.0256,0.0281,0.0317,0.0401,,0.41202676787952575,0.43760252750155154,0.7133155846821463,0.041867687,0.11539148601916245,0.083677929,0.068271237,0.07819631,0.082903823,0.953818618,0.9079849053213591,0.8405557164363961,0.054150557314191085,0.096046168,0.074488558
0.129785,0.023592362,0.000115521,0.032943311,-0.806632587,0.0091,0.0129,0.017,0.0205,0.0238,0.0268,0.0301,0.0334,0.0378,0.0468,,0.4198881099065215,0.4038373047763263,0.6803611041461218,0.038417784961508855,0.1159556405732469,0.047142552095694276,0.11193435693988296,0.10865666630525118,0.10488800059163164,0.9355837322312259,0.9487690446132165,0.8528095269678051,0.053571884,0.070729335,0.054647584024299575
0.130197,0.021767846,9.340896538024308e-05,-0.036505839,-0.819415133,0.0082,0.0126,0.0162,0.0188,0.0217,0.0249,0.0277,0.0309,0.0348,0.0431,,0.3919490250460206,0.48612314132919143,0.5389419633772032,0.046371817,0.13386682864168128,0.084113351,0.061469714,0.083804605,0.087936157,0.8166598222226329,0.8925643605771062,0.8555465338087319,0.074677813,0.077415516,0.062772877
0.138129,0.02291933,5.919440585420975e-05,-0.260262389,-0.426290909,0.0125,0.0161,0.0188,0.0211,0.0233,0.0257,0.0277,0.0298,0.0326,0.0401,,0.39852090086530406,0.4798827500629863,0.5353946173476248,0.047204047172959805,0.12998799578522882,0.084483819,0.060161572,0.070882612,0.12713509018230415,0.8499868775763265,0.9826111573417549,0.9739924311581865,0.095785103,0.061876071,0.095632138
0.130074,0.021327758,8.044770176702827e-05,0.144934066,-0.654719042,0.0091,0.013,0.016,0.0184,0.0208,0.0237,0.0264,0.0294,0.0336,0.0432,,0.39739872477417515,0.4355696102210323,0.6221246580438872,0.038463384,0.1474265978892819,0.064011651,0.078352469,0.085786356,0.089069172,0.9230076918877584,0.8478913872387096,0.9019096184771153,0.085992945,0.050967010961507395,0.062593903
0.139741,0.020639222,6.324368338747555e-05,-0.053190418,-0.746616012,0.0102,0.0127,0.0163,0.0185,0.0206,0.0232,0.0254,0.0278,0.0314,0.0391,,0.3684221955579564,0.47243674183353646,0.7055377181412632,0.036614847,0.1347351569486009,0.085315339,0.091139637,0.11199733403479063,0.11640070704116078,0.846633202,0.8529339179585439,0.8196422173545219,0.07327312,0.06302591,0.072066912
0.131714,0.021560033,8.85078264185608e-05,0.1487747833141342,-0.486033833,0.0095,0.013,0.0162,0.0189,0.0214,0.0239,0.0269,0.03,0.034,0.0506,,0.41832722871416006,0.4300964502665719,0.7319654506742037,0.036799289,0.11368600558914473,0.0847048,0.064745637,0.11454288863926589,0.10021425159584481,0.8508327877826348,0.8262824939724983,0.985087811,0.076586816,0.072587071,0.062898293
0.131,0.01956471,7.508041762993762e-05,-0.014005358,-0.801025559,0.0074,0.0113,0.0144,0.0171,0.0194,0.0224,0.0246,0.0278,0.0311,0.0382,,0.3607022412867127,0.43557507182467653,0.8782248293727566,0.044365298704186006,0.14280357147992953,0.059914327,0.080045456,0.08297702,0.14366095765567277,0.8762266059853492,0.8324141240826256,0.9291229547837022,0.070557623,0.056522389228716205,0.069163148
0.125965,0.019225343,5.554941560401428e-05,0.037708878,-0.678187956,0.0095,0.012,0.0148,0.0168,0.0194,0.0214,0.0235,0.0261,0.0291,0.0372,,0.40241818319800393,0.40976673409285314,0.7724818798004726,0.046230585,0.13474383976571838,0.08440171,0.092583038,0.094213645,0.11602317035965942,0.9464149618171125,0.9529426954903724,0.836792728,0.077852597,0.085265859,0.072727936
0.126633,0.020812875,9.677833180209612e-05,0.2861548218774091,-0.257583716,0.0083,0.012,0.015,0.018,0.0205,0.023,0.0258,0.0288,0.0335,0.0501,,0.3774641888656898,0.4008183219005287,0.5740347264884178,0.043371226526837156,0.1438496938540004,0.04877542,0.086834018,0.092692344,0.13042301606872228,0.9108480856668001,0.8911859614352339,0.9431449468756217,0.054285980361731254,0.080553667,0.052874514
0.137009,0.020852023,7.742734830935162e-05,0.040986608,-0.832756659,0.0087,0.0119,0.0156,0.0181,0.0205,0.0234,0.0265,0.0294,0.0326,0.0436,,0.39108895182033576,0.47354342677721023,0.7414325149492527,0.045218402,0.14644106578038407,0.078588112,0.10819384831624435,0.073216503,0.1079525124268306,0.9847969181894946,0.9871532623113614,0.8152574751225645,0.070868163,0.056080842,0.076616696
0.124114,0.018211574,6.594550945253568e-05,0.075359234,-0.770556976,0.0069,0.0105,0.0128,0.0158,0.0179,0.0207,0.023,0.0258,0.0291,0.0376,,0.3572711549207483,0.47459480002765275,0.6881873742229889,0.037440376,0.11656007717229566,0.065386943,0.10373629049815491,0.096733331,0.11341699545478158,0.9223584775248416,0.9531451930839966,0.9861112506423535,0.07557397,0.09257809,0.069639308
0.136211,0.020397992,7.248027694251761e-05,-0.008019921,-0.811946348,0.0083,0.0127,0.0151,0.0178,0.0209,0.0231,0.0255,0.0285,0.0318,0.0417,,0.41848778760014305,0.4889623205383468,0.5040062194866908,0.036199237329378506,0.13328230826935333,0.063026132,0.074358295,0.10001136741627532,0.13644413929460994,0.9712280839135744,0.8883750925048525,0.9901473977223862,0.095844735,0.062864083,0.089433831
0.129965,0.02045179,5.6745016350332146e-05,-0.044724704,-0.687737375,0.0103,0.0131,0.016,0.0182,0.0207,0.0225,0.025,0.0274,0.0304,0.0372,,0.3926632592114489,0.4477086837263814,0.9306262697704641,0.049096362,0.13850756394775682,0.054186827,0.092356777,0.11341706625015571,0.10831588405445478,0.9767492618266208,0.8623972229066292,0.9670421166355219,0.091806516,0.051209940014600205,0.087320881
0.132813,0.019625209,7.713730868303913e-05,-0.001816233,-0.845923606,0.0072,0.0114,0.0138,0.0175,0.0195,0.0222,0.0251,0.028,0.0315,0.0394,,0.41917056546777903,0.49618539878551066,0.7960105318043053,0.043189914,0.11951556640837543,0.076666787,0.06587013,0.077425481,0.11074334590319443,0.8499732193983427,0.8700235964729253,0.88444309,0.051915359151007326,0.092465971,0.066873528
0.115853,0.019907806,7.896972000995981e-05,0.041341042,-0.730566173,0.0075,0.0122,0.0146,0.0172,0.0199,0.0226,0.0249,0.028,0.0322,0.0421,,0.3611516175037231,0.44828495596697315,0.6692223820392771,0.043507771272043055,0.12224389650499264,0.07705503,0.054967965,0.10219455423574829,0.11311988880924774,0.9466535458652164,0.8999369472271375,0.8949856114018877,0.081622993,0.090210357,0.094362185
0.130767,0.018442395,6.494792843170341e-05,-0.047207232,-0.809440716,0.0067,0.0109,0.0136,0.0164,0.0185,0.0208,0.0235,0.026,0.0295,0.0388,,0.38456472774901507,0.4903855900140725,0.7098308415029738,0.037187201507123825,0.11744836824124698,0.066073448,0.10900769899214138,0.075706608,0.099816904,0.8413774111564714,0.8610658834088967,0.9910356320379177,0.068882539,0.097977849,0.058664465459691555
0.11903,0.018442383,6.567067531390636e-05,0.007214545,-0.830575632,0.0069,0.0109,0.013,0.0163,0.0185,0.0207,0.0236,0.0261,0.0295,0.0391,,0.4146620962491359,0.47471998792796666,0.6410186290012397,0.041663128,0.1478957757868822,0.06791343,0.095250397,0.104100206,0.12710496570468777,0.951747443,0.9058171223188672,0.8745604077798459,0.090677732,0.076957047,0.059327871
0.110377,0.019585858,6.66629638934138e-05,0.056187879,-0.667379579,0.0079,0.0118,0.0149,0.0176,0.0196,0.022,0.0243,0.0267,0.0306,0.039,,0.3588388687714728,0.49588395706129534,0.7552974130651162,0.049479120077688094,0.11396146136375132,0.050192011724693314,0.094202597,0.072412125,0.11287012660523628,0.9314110143086618,0.9310324222664678,0.8491752559001233,0.075380979,0.070607298,0.094941582
0.114296,0.019251717,7.740521226453143e-05,0.1620724201520866,-0.425411379,0.0076,0.0109,0.0135,0.0167,0.0192,0.0221,0.0243,0.0271,0.0305,0.0467,,0.3925685959679971,0.47377359385592893,0.5231476714007559,0.036289295596222085,0.11895790183207713,0.051476713,0.08710554,0.1076158119218635,0.082623944,0.8011133688775105,0.8929646768004392,0.9871674206440225,0.083200619,0.097702813,0.098768621
0.115821,0.020950846,8.82509930105529e-05,0.020747404,-0.722476771,0.008,0.0117,0.0158,0.0184,0.021,0.0237,0.027,0.0297,0.0333,0.0442,,0.3530835655836192,0.46709793094928725,0.6223100805825352,0.045825347683823556,0.11671825183045048,0.051730982,0.11047308859908343,0.080098651,0.098285302,0.8292364365225708,0.8859052610584522,0.9628872833113262,0.095678145,0.09367593,0.090902009
0.097559,0.018870851,7.036388958494351e-05,0.057045134,-0.788777209,0.0071,0.0108,0.0134,0.0163,0.0187,0.0216,0.0235,0.0265,0.0303,0.0377,,0.37220517042843776,0.48378210293746887,0.7444989030634613,0.048337974699586006,0.11010405715975506,0.049205855619370215,0.075662096,0.094550344,0.12368817281808117,0.9038511782708765,0.8089315585825415,0.832498286,0.076910745,0.056173376,0.092262617
0.128094,0.020117322,6.981596958174564e-05,-0.026884881,-0.878853308,0.0088,0.0117,0.0152,0.0175,0.0206,0.0226,0.0252,0.0281,0.0316,0.0375,,0.3742463673849102,0.4985129799057628,0.5595905118867921,0.038152442,0.13143495334485653,0.057877340818233786,0.053757685385700894,0.10528321964625532,0.11645686960383667,0.9684198186679706,0.8529076982145647,0.9712459088783671,0.065342701,0.066952459,0.095956937
0.142806,0.019107283,7.14259820057414e-05,-0.004685564,-0.760565421,0.0071,0.0115,0.0138,0.0167,0.0193,0.0216,0.0241,0.0271,0.0303,0.0405,,0.35461737206548477,0.44209217520637967,0.5966802538384941,0.040524562,0.11411051222852447,0.089636373,0.073659112,0.089448713,0.1143753277807225,0.8526902142435003,0.9715566536076676,0.8711699662615155,0.093896561,0.066911765,0.06338688
0.219059,0.02848173,0.000104956,-0.060118292,-0.621008308,0.0145,0.0187,0.0224,0.0257,0.0286,0.0314,0.0345,0.0377,0.0419,0.0539,,0.38196592844010785,0.4188463662093695,0.5711221449998296,0.049456966,0.1393557668830247,0.05050217,0.071627606,0.095458623,0.13251160708355397,0.8803500923758578,0.9019450324695202,0.9092478792292418,0.087593,0.080673328,0.084953408
0.202989,0.02666499,0.000132342,0.009818608,-0.683296348,0.0111,0.016,0.0197,0.0234,0.0269,0.03,0.0333,0.0369,0.0415,0.0541,,0.4174759908838647,0.43049638732930556,0.6205782336162304,0.037831041,0.1404519983260274,0.046405214367108226,0.070674276,0.11366521627268181,0.12687630126573624,0.9878577826380395,0.8010390070206831,0.8457262107286754,0.064872738,0.071617045,0.068975139
0.193982,0.024586847,0.000104131,-0.108723816,-0.819036433,0.0103,0.0147,0.0185,0.0224,0.025,0.0279,0.0311,0.0343,0.0378,0.0467,,0.3750797278352095,0.4060827862787389,0.5753567353176384,0.041743615,0.11891561714108753,0.063575786,0.055288717,0.10815322752391777,0.14275485607831803,0.9667041977990085,0.8175998067131458,0.9389044131504563,0.088755947,0.074911734,0.066445514
0.215052,0.027810958,9.772963122297894e-05,-0.174901274,-0.716295214,0.0137,0.0181,0.0221,0.0258,0.0288,0.0313,0.0338,0.0367,0.0407,0.0476,,0.3894068234955463,0.4482066877758388,0.6643506257587494,0.041198743,0.12469818884211237,0.083154587,0.085210874,0.11191464363402422,0.11890273705212133,0.9493467142890659,0.8735900480356356,0.8742416478255215,0.050799715,0.071809499,0.055446761
0.212619,0.025638057,0.00012539,0.072428835,-0.541404721,0.01,0.0153,0.0189,0.0222,0.0253,0.0286,0.0319,0.0356,0.0404,0.0552,,0.3692834410666691,0.4587189884674525,0.5849973952032228,0.036335305,0.11320453077802115,0.041516839,0.063318538,0.075607731,0.085428538,0.9391628328972567,0.972275976,0.8540305028937765,0.051605461,0.093676672,0.054278917
0.202585,0.025591939,0.000123279,0.099353265,-0.455893281,0.0099,0.015,0.0189,0.0224,0.0257,0.0291,0.0321,0.0353,0.04,0.0567,,0.38130184681859525,0.46001415121154515,0.8837983811769932,0.039958259,0.12531351529925278,0.087057853,0.06585322,0.075810238,0.093537052,0.8407005892963697,0.8738718601874073,0.9866535610344158,0.060640403,0.077034969,0.076488292
0.218186,0.025198959,8.192781583558055e-05,-0.14773155,-0.742030183,0.0122,0.0174,0.02,0.0226,0.0254,0.0285,0.0311,0.0338,0.037,0.0449,,0.4133253279530347,0.49034687037622443,0.6913827841587568,0.037568943,0.1448594324996137,0.086054642,0.084465493,0.12274665856469505,0.084346613,0.8012535408705791,0.9520319904674174,0.9724180236958102,0.094032275,0.069010339,0.096816352
0.217285,0.028327844,0.000111029,-0.027342918,-0.617524848,0.0137,0.0183,0.022,0.0255,0.0287,0.0314,0.0345,0.0377,0.0417,0.054,,0.3998615072686167,0.4355156550604474,0.9347267843440391,0.035777844,0.14045604676703305,0.091445949,0.096158418,0.09115434,0.14440346135082494,0.9220868225474029,0.8980541889598591,0.9693586553301131,0.069513538,0.064449171,0.098497688
0.219529,0.026825298,9.619416173714009e-05,0.04710966,-0.572217028,0.014,0.018,0.021,0.0238,0.0267,0.0294,0.0324,0.0354,0.0399,0.0506,,0.4161538607299715,0.4996215519868474,0.8835414604836467,0.040392833,0.11070220441110759,0.059651203,0.074287922,0.10288491716131401,0.091104642,0.8716410075158484,0.961190767,0.8853770753449192,0.050490956,0.068573855,0.061381917934971594
0.205453,0.027720622,0.000152158,0.1040545551798544,-0.634170356,0.0107,0.016,0.0203,0.024,0.0278,0.0314,0.0346,0.0387,0.0444,0.0568,,0.38965313848639027,0.4166327611425181,0.8828870981661124,0.043494401,0.11346518146630541,0.082560425,0.078712891,0.097035889,0.12514690812984552,0.8942260556871815,0.9941208014542603,0.8133291187647218,0.091304639,0.073674303,0.056119130670919115
0.165588,0.020646682,8.0039293436509e-05,-0.062869512,-0.741770318,0.0078,0.0127,0.0152,0.0181,0.0213,0.0236,0.026,0.029,0.0323,0.0417,,0.41955964845471844,0.4473820083814444,0.7270348954255079,0.037998463666430886,0.12533752853403246,0.070834944,0.083277391,0.11292140060865147,0.083185929,0.8561741150488436,0.8973577510796876,0.8539016648982402,0.062490001,0.075227506,0.063513789
0.15147,0.020650845,7.234265032457076e-05,0.012837421,-0.814629351,0.0087,0.0129,0.0153,0.0178,0.0207,0.0233,0.0258,0.029,0.0319,0.0419,,0.4114628597718623,0.44362329248528326,0.5174039324231946,0.036041065,0.14986910037398593,0.043095530634971346,0.061819462,0.093294831,0.099039484,0.9027725248402335,0.9722234229066749,0.8196700748901184,0.050270763,0.090163563,0.058301885
0.166519,0.021883739,8.840804830639016e-05,0.158241087,-0.60464574,0.0095,0.0127,0.0158,0.0187,0.0215,0.0245,0.0276,0.0305,0.0342,0.0476,,0.4076240170932469,0.40235117564758294,0.7659597507803916,0.041450014,0.11252109443216134,0.043771544283423953,0.059673567,0.096979143,0.1227690513976786,0.9552407616653833,0.9968628931895083,0.8552227793309912,0.075989436,0.086117937,0.068826392
0.161547,0.020594229,8.413262030078373e-05,0.015779955,-0.722823626,0.0078,0.0118,0.0153,0.0179,0.0205,0.0233,0.026,0.0289,0.0326,0.0429,,0.3571679816064347,0.4142927620456651,0.7544116579096382,0.047839789,0.12409264673165056,0.047866762,0.089472725,0.08324664,0.10233424630137172,0.8253055529281719,0.9631317656422707,0.9343258950421307,0.092436876,0.069339307,0.07406174
0.164831,0.020224013,7.607605016966876e-05,-0.053778606,-0.81801644,0.0076,0.0119,0.0152,0.0178,0.0202,0.0229,0.0255,0.0285,0.0319,0.0389,,0.3844024099589198,0.4356559929017981,0.9084343289240118,0.035115519,0.1275701852599395,0.077206202,0.084192771,0.093315488,0.096387275,0.8685096721670822,0.9115572455158719,0.8043883757631926,0.085662013,0.070564365,0.06362261
0.1563,0.021830615,9.034173214337791e-05,0.1212814910359921,-0.570289249,0.0092,0.0126,0.0161,0.019,0.0218,0.0246,0.0272,0.0302,0.0345,0.047,,0.35109479256205933,0.48672056518788764,0.9409788019793073,0.041926482,0.12650627791489974,0.062989365,0.092948416,0.11397669152751427,0.13388237052376695,0.9948039295283918,0.8872201020952198,0.9228386361751142,0.063756438,0.059073234,0.077706134
0.15848,0.021070546,7.896794554694618e-05,-0.099078586,-0.715329404,0.0083,0.0131,0.0158,0.0186,0.0219,0.024,0.0263,0.0293,0.0327,0.0419,,0.35236812331023176,0.4415693236043569,0.5195378564777622,0.041768259087328306,0.12352450051629923,0.060665068,0.092823221,0.10383640601814337,0.090386673,0.8775734830052315,0.9290590155715691,0.9729913294416748,0.081919949,0.090203474,0.066348674
0.155791,0.018130782,5.84543025300811e-05,-0.053839626,-0.878227744,0.0079,0.0106,0.0133,0.0162,0.0181,0.0206,0.0229,0.0256,0.0283,0.0346,,0.38793307702922003,0.49279161374595737,0.5811209062848778,0.03939678,0.11519750452709147,0.087107744,0.079567396,0.087605117,0.11912906966786559,0.8397701121237741,0.8006021877074708,0.9470029443336815,0.094838345,0.093411125,0.099136291
0.16289,0.021539424,9.14586245603432e-05,0.010004284,-0.764787445,0.0086,0.0123,0.0157,0.019,0.0217,0.0242,0.0272,0.0305,0.0343,0.0457,,0.38339157580218725,0.4011072651751319,0.764374306,0.043166621530233575,0.12777712689856047,0.071407587,0.078474362,0.070472891,0.089836989,0.9981894056360169,0.9925661558318213,0.8241798734584058,0.081783652,0.066552696,0.083489392
0.157703,0.021250007,6.888001063963433e-05,-0.06522418,-0.794137466,0.0105,0.0131,0.0167,0.0192,0.0214,0.0241,0.0265,0.0289,0.0326,0.04,,0.3654961776001082,0.4257428181406657,0.8735654523014126,0.042566008,0.1207597123080207,0.085974938,0.089720091,0.11784043240066439,0.08596843,0.8666116663767932,0.909574626,0.9431913750013402,0.095223609,0.083996743,0.07204064
0.11857,0.019057666,7.216649593473565e-05,0.07725224,-0.723460448,0.0074,0.0109,0.014,0.0166,0.0188,0.0214,0.0242,0.027,0.0306,0.043,,0.3811610317802908,0.4261048094026688,0.6441067345278358,0.039577404,0.11792674846958183,0.059183079,0.10343213310936192,0.069791706,0.11597835732018512,0.8547651983161908,0.9552819995115764,0.9403680448708519,0.058665282,0.063341916,0.065462236
0.117597,0.016618296,5.623213744372079e-05,0.06660619,-0.690177601,0.0058,0.0095,0.0126,0.0144,0.0172,0.0187,0.0208,0.0234,0.0267,0.0354,,0.3798064700549715,0.4346596049156967,0.8036966313096543,0.035852301467005764,0.12984671588425578,0.085010399,0.059501901,0.080602705,0.13322866623732665,0.9859221058549121,0.9515899804548149,0.807766957,0.063251312,0.094124177,0.068949389
0.123978,0.020498173,9.654105321027684e-05,0.406390078,-0.02200039,0.0082,0.0117,0.0146,0.0174,0.0201,0.0227,0.0252,0.0282,0.0327,0.0491,,0.3740701689838158,0.4098806098031323,0.5623895189560679,0.038365663,0.13677480281727528,0.074228832,0.069169019,0.077163249,0.093644121,0.9394958194254401,0.9647128532519329,0.9269335116684356,0.079738504,0.067960127,0.094694712
0.128306,0.01736343,5.7452147345909994e-05,0.051269686,-0.743053768,0.0066,0.0105,0.0126,0.0152,0.0175,0.0195,0.0225,0.0243,0.0277,0.0388,,0.3629424949956617,0.4702401460584557,0.5623880821227372,0.045153423518912474,0.13333514291907372,0.089017415,0.093309715,0.12421280642219622,0.089203141,0.8148647144884417,0.8486987991996163,0.9540608993585893,0.08713602,0.089983615,0.061942073
0.127663,0.017396239,6.048149185110587e-05,0.051501626,-0.671765985,0.0064,0.0103,0.0126,0.0156,0.0175,0.0194,0.022,0.0241,0.0281,0.0382,,0.40038820692456234,0.43379824734815314,0.8409375935688667,0.043350483,0.1497209644470526,0.050808738,0.1049087781517227,0.11802777432445177,0.094704232,0.8068779715750792,0.8124966878576785,0.8525362982472484,0.072817009,0.072807746,0.05548124
0.131292,0.016525879,5.4258257214272486e-05,0.004044123,-0.787672456,0.0056,0.0103,0.0122,0.0148,0.0166,0.0187,0.021,0.0234,0.0264,0.0336,,0.35928763296158134,0.4689197883315418,0.8783099693221983,0.047765252,0.14476685577401033,0.058636042,0.064051376,0.1253500745509873,0.13956678151833143,0.8631697692065062,0.8596138322910141,0.9067303056555857,0.061676339,0.098783111,0.06470419
0.11869,0.018524305,5.8025700811729125e-05,-0.002020483,-0.865843988,0.0084,0.0114,0.0136,0.0164,0.0184,0.0208,0.0232,0.0259,0.0292,0.0348,,0.41713867258291004,0.43982760512102165,0.775688846,0.036120115959880905,0.12781249560440347,0.045997221,0.1087258537003031,0.082245106,0.086894519,0.9708509716175227,0.8009716433125234,0.8945493016909704,0.057600262,0.097407994,0.07537154
0.116401,0.017727858,6.150836372965209e-05,-0.051382867,-0.808191274,0.0064,0.0103,0.0127,0.0156,0.0178,0.0205,0.0225,0.0252,0.0279,0.0372,,0.3834962700545613,0.4724328098925731,0.5488889871970507,0.042591757,0.14470221426145544,0.041874603944173014,0.079708914,0.069529509,0.12478338548952393,0.957531404,0.8192408465545552,0.8809690017363382,0.070046334,0.057843147,0.076215216
0.129854,0.016910542,5.717966342713921e-05,0.037210176,-0.729345758,0.0062,0.0101,0.0122,0.0152,0.017,0.0188,0.0215,0.0237,0.0273,0.0382,,0.3674237566779932,0.4195557933658807,0.838677605,0.042529667,0.12740025296997567,0.047980401,0.068122168,0.11549927703154682,0.12611279727098146,0.8272117113331723,0.9445205930312768,0.8566255518411745,0.0513866,0.053578601130303355,0.068237446
0.122243,0.016564432,5.492148407067431e-05,-0.036270035,-0.861614934,0.0067,0.01,0.0119,0.0146,0.0164,0.0188,0.0213,0.0234,0.0265,0.0329,,0.38994855916545496,0.4581439034725892,0.6124299901562161,0.042496306,0.12487165991647627,0.044130395,0.065762337,0.115149971,0.086219643,0.9442502432335951,0.9124470452436416,0.9723294599658829,0.092506595,0.092216216,0.093545807
0.151615,0.01913955,6.500178820376422e-05,-0.055049221,-0.812663286,0.0075,0.0115,0.014,0.0173,0.0192,0.0216,0.0242,0.0267,0.0301,0.0392,,0.41232160722107336,0.40428325166520257,0.806411116,0.047483764,0.14966879021384968,0.084801169,0.079607283,0.084550909,0.10116142891339902,0.8764761330086379,0.9785919985472712,0.8492057914801555,0.057447092,0.09890515,0.060165656
0.150305,0.021340591,6.272994690494553e-05,0.035403727,-0.556641334,0.0114,0.014,0.0167,0.0194,0.0214,0.0232,0.0258,0.0286,0.0319,0.0411,,0.3563939096259703,0.4152607385983888,0.6392734495739432,0.036229004,0.12681390204843998,0.055951540809386184,0.097115707,0.12505753363473152,0.11402768178940167,0.8345433831731857,0.8636023618279437,0.9399594736635509,0.074372828,0.098134037,0.069935184
0.141996,0.021534148,6.548213884869644e-05,-0.100480894,-0.798425408,0.0106,0.0138,0.0171,0.0191,0.022,0.0241,0.0266,0.0295,0.0323,0.0388,,0.389018694,0.41053931936679344,0.6964257122783513,0.049221065,0.12967354472483186,0.06960138,0.10945820219653593,0.069123751,0.101510364,0.9736089075354369,0.8093328209615296,0.8996593234919303,0.066489068,0.068450296,0.084823097
0.149785,0.021512257,6.50695583126824e-05,0.041341974,-0.590194555,0.0104,0.0141,0.0165,0.0189,0.0217,0.0238,0.0262,0.0291,0.032,0.0419,,0.37244702489210024,0.44143406397644164,0.8496507244936939,0.048905134306782755,0.14712502864131766,0.057489558,0.076085862,0.10001260088417789,0.12180137716713124,0.9423810183647557,0.8913499296392141,0.9031411672232439,0.057822732595341444,0.093514647,0.080783003
0.141733,0.02181656,6.627319488787994e-05,-0.042146221,-0.723533227,0.011,0.0138,0.0175,0.0194,0.0217,0.0243,0.0267,0.0294,0.0328,0.0394,,0.36132334637302976,0.47546646285251104,0.8189746740443046,0.039333265,0.11560932923835748,0.058807367,0.064463876,0.080163646,0.083869488,0.9349740118874044,0.9774098404521182,0.9188313263748779,0.052363856645760085,0.059139176,0.067695293
0.141551,0.021353585,6.910222213101992e-05,-0.067923508,-0.849177321,0.0103,0.0133,0.0166,0.0188,0.0218,0.0239,0.0264,0.0295,0.0326,0.0388,,0.40134310840871096,0.44290065698045733,0.8583418737739058,0.046270814,0.14519012911925425,0.052568494,0.059975192,0.10944179721444025,0.12689053991786747,0.874826559,0.8173059930923098,0.9298178148277673,0.07365598,0.054740971,0.075579597
0.137962,0.020826118,7.579478719343743e-05,0.054218917,-0.803633591,0.01,0.0124,0.0154,0.0185,0.0208,0.0233,0.026,0.0287,0.0331,0.0398,,0.37450797196206564,0.48919161626634194,0.8376391170861303,0.038035893,0.1355249352593975,0.049891237,0.069258049,0.080979201,0.087287264,0.8725824578824107,0.9944236304262619,0.9228780441384783,0.064664326,0.068144935,0.079978575
0.154522,0.021789749,6.290513400714194e-05,-0.025808348,-0.574333169,0.0108,0.0146,0.0171,0.0195,0.0219,0.0241,0.0263,0.0288,0.0327,0.0426,,0.40140831350180445,0.419134679,0.9204559058702481,0.035345596,0.11539293779476138,0.077934719,0.057634383067683835,0.074368776,0.12402681993974671,0.8831566911342241,0.995011889,0.9120359885749824,0.07363072,0.065145987,0.098661714
0.144364,0.022069834,5.871370817733555e-05,-0.043341377,-0.251682135,0.0117,0.0155,0.0181,0.02,0.022,0.0242,0.0266,0.029,0.0318,0.0442,,0.3819911657475629,0.47005397899244133,0.8415083092905307,0.037445691634669154,0.11735122668526987,0.087861758,0.1058381125610787,0.10248788410890489,0.14288976006476395,0.9379324762709055,0.8766143237921387,0.8520799908342983,0.056975782,0.098955446,0.0778067
0.149328,0.021997929,7.280982722751472e-05,0.1190746139819408,-0.506034068,0.0108,0.0139,0.0166,0.019,0.0216,0.0242,0.0272,0.0302,0.0336,0.0485,,0.396378314,0.4362831443617594,0.9449776514701127,0.04333329,0.11520888152923522,0.056200802,0.10092370212866136,0.072318,0.10396331808832725,0.9666856621125266,0.9027374684924591,0.9279235010931706,0.068883586,0.065169129,0.06480063
0.141421,0.01825821,5.920916927748613e-05,0.009935114,-0.698569121,0.0073,0.0108,0.0134,0.0162,0.0182,0.0209,0.0227,0.0252,0.0283,0.0375,,0.4058014322303405,0.4381630903621707,0.6179523988772956,0.037379517,0.1189213547078448,0.064877348,0.053274781100677335,0.082193809,0.082984882,0.820546173,0.9511362227557251,0.8899560363547871,0.086236475,0.098105112,0.084056294
0.137104,0.017273885,5.5765809436610504e-05,0.041716945,-0.675629191,0.0066,0.0105,0.0127,0.0153,0.0175,0.0193,0.0218,0.0242,0.0271,0.039,,0.3766550348921827,0.4091837429959541,0.5544604575339253,0.043973887088845115,0.12097573712898577,0.053071221,0.066924424,0.086736995,0.091470538,0.8635156204064467,0.8645780251644278,0.9527819308218983,0.059499465,0.091461032,0.080692719
0.138378,0.01708857,5.058873257804999e-05,0.030821054,-0.765577287,0.0077,0.0101,0.0127,0.0153,0.0172,0.0195,0.0213,0.0236,0.0264,0.0342,,0.40939328082722215,0.49578162717006513,0.6722938955542468,0.040031542991648926,0.13709672291818328,0.046656323,0.10661941156991624,0.092978033,0.1269817687139611,0.9732060499034197,0.9054782613843928,0.9334683282255517,0.082018546,0.068382012,0.058912970485191715
0.138641,0.018136657,5.8164720681717205e-05,-0.005558204,-0.774780094,0.008,0.0105,0.0135,0.0161,0.0182,0.0203,0.0227,0.0252,0.0283,0.0351,,0.36042943980665176,0.40217316789342394,0.6569307820424817,0.045936710674356965,0.14078976102071916,0.047074976,0.11004269323515581,0.12618854116899883,0.094134079,0.8838541651655709,0.9339640825798922,0.8572218974686371,0.062518342,0.051171301,0.080837814
0.138832,0.020073685,8.378932322781407e-05,0.1866720454665578,-0.639361508,0.0078,0.0113,0.0144,0.0171,0.0198,0.0227,0.0253,0.0282,0.0323,0.043,,0.393062709,0.43154631296273804,0.8262259028672411,0.036302123,0.1321891738363867,0.083695067,0.086812099,0.094193972,0.13269356385538641,0.8933357540015923,0.8326578094951987,0.920294313,0.09143936,0.084999154,0.075442491
0.140223,0.018052858,5.174733199138907e-05,0.001561064,-0.79501605,0.0083,0.0111,0.0133,0.0161,0.0179,0.0204,0.0224,0.0248,0.0278,0.034,,0.3564250886548959,0.45694705051489165,0.8704571781885317,0.049086607075644426,0.13092405446408148,0.048575171,0.074015181,0.11809024233896884,0.10278038849159472,0.8927924409998247,0.8428919263898058,0.8524261033508574,0.066133581,0.099244411,0.067730135
0.139394,0.018367942,6.186687315755377e-05,-0.0341895,-0.889591067,0.008,0.0104,0.0135,0.0162,0.0185,0.0207,0.0231,0.026,0.0288,0.0352,,0.4084757505564209,0.4353210194302497,0.5427335707959703,0.04907594,0.14198852466496756,0.073468835,0.10526161205457077,0.095058581,0.12058004365293826,0.9917147271641159,0.8630212834188877,0.8022580008482566,0.093254025,0.097517099,0.082953892
0.140205,0.020613844,9.59246686355764e-05,0.3000387973053863,-0.524130964,0.0081,0.0114,0.0141,0.0171,0.0201,0.0229,0.0261,0.0292,0.0338,0.047,,0.3619167148244791,0.48307858571953344,0.9018938321594601,0.045415732,0.13230337391921296,0.088919193,0.097526491,0.11158751983021226,0.14336333378770272,0.9540128480639026,0.8333330967270668,0.9820883322903906,0.080990252,0.09189422,0.072225945
0.135899,0.016115415,4.4048894012556784e-05,-0.016007005,-0.85207637,0.007,0.0099,0.0125,0.0137,0.0162,0.018,0.0201,0.0225,0.0253,0.0306,,0.37470454933339603,0.4592625406954657,0.5107530918057734,0.038802521,0.14554593816142858,0.079114024,0.063987192,0.095757467,0.1050880413314564,0.8821610408174301,0.9785039122385977,0.8629841837053199,0.071555402,0.074050934,0.066705328
0.132419,0.021964736,0.000100124,0.179518728,-0.49984058,0.009,0.0126,0.0157,0.0184,0.0216,0.0246,0.0278,0.0309,0.0352,0.048,,0.39607711066902257,0.43966272236161424,0.8800385355147111,0.038314605,0.1293484221508057,0.077961387,0.070765257,0.071980026,0.10203962137467501,0.937543039,0.9392534002363773,0.9521931975392705,0.07912016,0.054964721,0.096292187
0.140573,0.02185582,8.880615505580079e-05,-0.157601501,-0.859816605,0.0081,0.0131,0.0161,0.0201,0.0225,0.0249,0.0279,0.031,0.0341,0.0417,,0.35125399,0.4040842777024148,0.6036120219500362,0.046381938,0.11395595775904899,0.083303539,0.069884704,0.12028073085644683,0.13281125405289956,0.8969750141848668,0.9315598180249445,0.8265725491009746,0.083335045,0.060972346,0.090834259
0.125363,0.018919192,7.07553726632961e-05,-0.0026324,-0.810962036,0.0071,0.0109,0.0138,0.0166,0.0186,0.0215,0.0237,0.027,0.0302,0.0379,,0.4066076527802826,0.4341979033314584,0.884921117,0.039619131,0.11679201123669636,0.042337517,0.066128938,0.10034690581757622,0.11821021353787768,0.9037355785833227,0.8310987747392808,0.9360145195454097,0.087094895,0.079799241,0.083353719
0.120726,0.020606599,8.775718412703731e-05,0.034635006,-0.798445208,0.0077,0.0114,0.0151,0.0177,0.0203,0.0234,0.0265,0.0292,0.0332,0.0432,,0.41846171740842025,0.4294602450814393,0.7989938263158096,0.046891459,0.12534193744758385,0.043160007,0.098414393,0.07602352,0.13121505,0.8121081545894964,0.996451408,0.9129753954560912,0.084269663,0.069734091,0.096056917
0.102838,0.018540038,6.710089822402747e-05,-0.046156682,-0.80250355,0.0067,0.0107,0.0135,0.0163,0.0188,0.0211,0.0232,0.0262,0.0295,0.0372,,0.4152464689563378,0.44619600114400154,0.718379125,0.047028106,0.1389515277986953,0.075411468,0.10757953495792012,0.071938193,0.1397653243381098,0.874456505,0.8460552503740019,0.9745426246778638,0.086701547,0.052989063387539635,0.094114216
0.135309,0.019775175,7.704234162247972e-05,0.029486997,-0.637553986,0.0076,0.0112,0.0151,0.0176,0.0199,0.0223,0.0251,0.028,0.0311,0.0442,,0.39206294400529923,0.40861097856610756,0.7979644614746594,0.044249659,0.1259322373276057,0.041224718,0.10451442215797328,0.12287440866499737,0.10723150752985543,0.8396459218716747,0.9191709919182661,0.9113155121663115,0.061652953,0.079859346,0.071047325
0.122517,0.02156058,6.256807073284569e-05,-0.073488326,-0.73096528,0.0109,0.0142,0.0171,0.0191,0.0219,0.0239,0.0264,0.0291,0.032,0.0385,,0.35909390775593136,0.4142146097825578,0.788393091,0.043151927,0.1424995378920127,0.065957438,0.089769237,0.082082934,0.1035313958188737,0.8106070494533172,0.9653662527378881,0.8115564360241375,0.055012809,0.077113497,0.096158488
0.128168,0.022917653,7.909687583177699e-05,0.1176638288552494,-0.580365168,0.0109,0.0148,0.0181,0.0202,0.0224,0.0249,0.0279,0.0312,0.0349,0.0451,,0.3790672291537121,0.44328216744290955,0.6544067905421782,0.040042088952063466,0.11943346037791622,0.058172025,0.056286239,0.097318397,0.1074862303180531,0.9339450415143213,0.821810724,0.9943192531722094,0.078847399,0.079519912,0.096907034
0.117406,0.020867531,6.082955300274106e-05,-0.052147283,-0.719594485,0.0106,0.0131,0.0167,0.0187,0.0207,0.0232,0.0255,0.0281,0.0314,0.0392,,0.3943429842129156,0.4918556279444251,0.5256578500211384,0.038869253985796444,0.110568426,0.081147298,0.057922181073266146,0.12467450938334347,0.10655916778207712,0.8195806662280232,0.9035649258306521,0.9657817406772565,0.090310661,0.058144211,0.090992841
0.122663,0.02211224,7.983906810311267e-05,0.2018486356205447,-0.45161806,0.0104,0.0134,0.0167,0.0191,0.0222,0.0246,0.0271,0.0299,0.0339,0.0467,,0.36654406265576556,0.4799578320669877,0.6526861815067413,0.046754093,0.11629224916680274,0.047356701,0.10537216590210753,0.073986572,0.14230675128328132,0.8618073939375859,0.959061339,0.9075114063480255,0.076242409,0.055167824,0.054635866
0.123761,0.020551683,6.482804005230567e-05,0.002259753,-0.783364462,0.0099,0.0125,0.0158,0.0179,0.0208,0.0228,0.0253,0.0281,0.0316,0.0375,,0.4034024565065108,0.4269981313960786,0.7872178526402042,0.039900673,0.11078558174171799,0.060403438,0.097027493,0.11982886035308911,0.11430385377642135,0.9140942291782368,0.817134167,0.8443655312925891,0.056317863,0.086824251,0.066795516
0.146298,0.02296837,7.9374240884838e-05,0.015351065,-0.742823773,0.0107,0.0147,0.0182,0.0204,0.0227,0.0253,0.0284,0.0318,0.0347,0.0453,,0.3518790751755354,0.49230739364872056,0.7973179937221184,0.048675059,0.14060085100038383,0.049150946,0.054089175,0.077715718,0.10702780760998874,0.8594360934217936,0.9228754906177283,0.925164811,0.057181135,0.060309523241133714,0.076367313
0.150002,0.023435669,8.093096469438465e-05,0.1405354047601609,-0.432341358,0.0117,0.015,0.018,0.0207,0.0231,0.0258,0.0283,0.0313,0.0357,0.0488,,0.36535627641583457,0.4755525606643265,0.6983626794508847,0.035638637654031045,0.13087936415624266,0.082167819,0.0958306,0.083329344,0.09836102,0.960899539,0.8363381049495572,0.8529053555697128,0.083204204,0.055209181,0.066244095
0.139881,0.021299467,8.822594747981177e-05,-0.034037793,-0.823645956,0.0079,0.0127,0.0155,0.0187,0.0217,0.0239,0.027,0.0303,0.0342,0.0415,,0.3830504301062773,0.40028352013073754,0.6261623546130831,0.035095354767922145,0.11287222791638662,0.058759405,0.095749768,0.093856796,0.092291807,0.9587261625987701,0.9669290291895225,0.8421183496070375,0.055912536280429796,0.077684771,0.056773817
0.151948,0.022184802,9.646518054173893e-05,0.013507694,-0.705628101,0.0087,0.0128,0.0164,0.0201,0.0225,0.025,0.0279,0.0311,0.0353,0.0462,,0.37701678710251807,0.41920600515774203,0.7759389237292978,0.046062397,0.12294367723446739,0.044018365,0.078633092,0.073731605,0.0835819,0.9846781683860466,0.9374302921204749,0.9697608580398741,0.090226564,0.080351897,0.06286773
0.147732,0.021980052,6.898209054348633e-05,0.058097306,-0.647564496,0.0115,0.0142,0.017,0.0198,0.0218,0.0238,0.0269,0.0296,0.0332,0.0411,,0.3888939459699321,0.41305808655829407,0.8479589239215846,0.040211559,0.11047669939158966,0.055118488,0.09344504,0.12477954620893383,0.094839726,0.9317951661891458,0.9417775580545602,0.9109591462422388,0.057617307,0.07544281,0.066297946
0.144718,0.0283785,0.000138276,0.1939118594956914,-0.528382575,0.0123,0.0172,0.0213,0.0251,0.0286,0.0315,0.0345,0.0384,0.0445,0.0576,,0.3839955167121221,0.43084325942497875,0.8509588270163049,0.045913818032087536,0.12879596876961613,0.040785881,0.053652593,0.081762607,0.13760601668296696,0.9151571952090097,0.9907207260854454,0.8492879417600372,0.080516719,0.071678608,0.098057168
0.127397,0.023175409,0.000106036,-0.039666453,-0.807470203,0.009,0.0128,0.0168,0.0208,0.0236,0.0265,0.0294,0.0329,0.0368,0.0464,,0.36059155943679777,0.44997078230329235,0.5458367534127927,0.044443733,0.1368158127616874,0.083475438,0.10042835429007829,0.1101979688404289,0.11070093189761131,0.8001427761935946,0.8060327713231781,0.8289318697475483,0.072824685,0.096792464,0.094661085
0.136395,0.021893674,7.89182418431827e-05,0.05022846,-0.783050229,0.0096,0.0137,0.0164,0.0188,0.0221,0.0243,0.0271,0.0301,0.034,0.0423,,0.37327457688263127,0.4754977031821691,0.8158614641973987,0.039228249,0.11503229358085107,0.056163301,0.071270367,0.089170068,0.11763817191071904,0.9018057367179084,0.9690376423139536,0.9334884343191393,0.063994094,0.059294137,0.079682401
0.138867,0.018713386,5.8644014349052263e-05,0.084091922,-0.621544882,0.0079,0.012,0.0141,0.0162,0.0188,0.0211,0.023,0.0257,0.029,0.0412,,0.40969740119334797,0.4756456866884038,0.7145753775053432,0.044110342,0.13773966248666658,0.045550146,0.088130401,0.12596746507188814,0.08899717,0.842282659,0.909269258,0.8937162565216907,0.064785595,0.073008264,0.065790962
0.146911,0.022263507,9.489563631330868e-05,-0.045443904,-0.72591429,0.009,0.0127,0.0165,0.0194,0.0227,0.0257,0.0283,0.0313,0.0351,0.0475,,0.3839765174514905,0.4100495445902474,0.761705026,0.042500705096097754,0.1482134133366045,0.089476413,0.075152029,0.12477573508245102,0.13487665522629239,0.8938770491074939,0.8050116648812018,0.9338326700768735,0.070338958,0.071375835,0.066840364
0.121269,0.021310506,9.365034803546942e-05,-0.007813247,-0.862312058,0.0078,0.0118,0.0154,0.0181,0.0213,0.0245,0.0274,0.0304,0.0342,0.0426,,0.41295496500906614,0.4824851874264106,0.7808303309967191,0.038922333,0.13148745517770224,0.079062524,0.063345485,0.089808525,0.097381972,0.9355091282635846,0.9661342874938619,0.9726067618132209,0.088587957,0.095818733,0.09052531
0.122017,0.021128924,7.529232681174024e-05,0.023124783,-0.862040886,0.0101,0.0126,0.0156,0.0186,0.0209,0.0237,0.0264,0.0294,0.033,0.0395,,0.4198010375830003,0.4304833179523896,0.7887109861884986,0.042601162,0.1259518513491686,0.055371364,0.10706260484780027,0.08809529,0.1416361130088577,0.942982994,0.8053058037936927,0.9617872953371143,0.079373365,0.074394955,0.073017735
0.12633,0.020209703,7.540726857655075e-05,0.080055343,-0.745287414,0.0083,0.0122,0.0147,0.0174,0.0203,0.0227,0.0257,0.0284,0.0315,0.0408,,0.3557620822113007,0.4741306478352764,0.9257930221492876,0.044308344482947216,0.12411813017106807,0.042598813,0.06470367,0.12262255193686351,0.13187801030275773,0.9598757478154526,0.9071195345537314,0.9994931427828815,0.069174439,0.05790166,0.053327746
0.117367,0.020771058,8.914503998954638e-05,-0.014687222,-0.824985779,0.0074,0.012,0.0149,0.0179,0.0209,0.0237,0.0269,0.0295,0.033,0.0406,,0.39477485656321704,0.4698858390835787,0.5513931531085636,0.037509754,0.13695254448551425,0.06290722,0.059410636,0.091292995,0.12497556354491127,0.8948661836716244,0.9376957143987961,0.8229227160632595,0.082844984,0.060112050029882486,0.067624147
0.126109,0.019450979,7.288776355458571e-05,0.048136489,-0.847461155,0.0074,0.0115,0.0138,0.0172,0.0192,0.0218,0.0248,0.0276,0.0311,0.0394,,0.3980298268296212,0.43201016796044267,0.6324083369105945,0.046606191,0.11690650347983483,0.076965114,0.061571979,0.10943482081850726,0.1429933860797342,0.9120798750663863,0.8625418489061951,0.945709448,0.083874017,0.065846707,0.065987704
0.126894,0.019680603,7.569371309081122e-05,0.094571623,-0.774118571,0.0075,0.0115,0.0139,0.0174,0.0194,0.022,0.0249,0.0278,0.0315,0.0394,,0.36886413665024564,0.4829631461902252,0.6749568541066205,0.036290578,0.12161321473205419,0.065617689,0.11202563988716825,0.1100555971121527,0.098690617,0.8835639518815326,0.9925912425533573,0.909134845,0.070622144,0.051212507,0.063810171
0.125567,0.018486885,7.276385633180358e-05,0.1297675850654379,-0.654592751,0.0067,0.011,0.0133,0.0159,0.0183,0.0208,0.0232,0.0264,0.03,0.0407,,0.3918190243200459,0.44432790734964983,0.7242233467460795,0.038443993,0.14233113683262583,0.046429729,0.11101960114165013,0.089992353,0.134735873,0.9064191972286305,0.9194084562198492,0.9738801849922062,0.095892886,0.082572547,0.057014829
0.124673,0.019808817,7.184973012893336e-05,-0.014604373,-0.805644614,0.0076,0.0116,0.0148,0.0176,0.0198,0.0228,0.0248,0.0279,0.0311,0.0388,,0.40100302805850246,0.41730260663046975,0.8161840965393886,0.037359999967557414,0.1195199367536944,0.045285246,0.069521776,0.097628442,0.10824995933541333,0.9972744281450661,0.8286937696692139,0.8665493829731217,0.077676907,0.090205872,0.090367659
0.120932,0.0198654,8.629260208538878e-05,0.1642990455157643,-0.61907668,0.0074,0.0107,0.0143,0.0171,0.0195,0.0222,0.025,0.0283,0.0323,0.0437,,0.3952703023432166,0.4106331132083675,0.6087397775069956,0.042039889,0.1368978203735553,0.072158672,0.10410864725306111,0.072130376,0.10028347107296542,0.8556410958757529,0.9170876514905497,0.98066213,0.053908299,0.093766583,0.052637104
0.132934,0.018868364,7.742760417385177e-05,0.2538427558364421,-0.352275015,0.0072,0.0104,0.0134,0.0164,0.0185,0.0209,0.0235,0.0266,0.0302,0.0437,,0.36446087770119695,0.4280755597233122,0.9019143805814349,0.038590091,0.12008541822339606,0.072903476,0.057244003780104746,0.073020332,0.094768812,0.9762334500383181,0.9724390432705736,0.9173650472145559,0.096448228,0.09004339,0.058283179
0.194131,0.022938263,7.57828051202247e-05,0.025633806,-0.650342317,0.0108,0.0151,0.0182,0.0205,0.0227,0.0254,0.0283,0.0312,0.0342,0.0447,,0.35691831957385145,0.4188104280005685,0.8685024809292733,0.043905502,0.1287212156052176,0.083929235,0.071510018,0.088162839,0.10205066454617254,0.9954737494960558,0.8542254117431686,0.8661997576675124,0.095227325,0.08278362,0.069624575
0.198018,0.025995675,0.000103427,-0.016310179,-0.772270796,0.0123,0.0164,0.0197,0.023,0.0259,0.0289,0.032,0.0359,0.0398,0.0493,,0.37144683325044137,0.4127619639091658,0.8288885325289022,0.040620885,0.12574519401232573,0.085589539,0.075712733,0.10855541203990345,0.08546742,0.8883249508163817,0.8852165984191794,0.8115518632049286,0.081095319,0.070418385,0.061443511
0.208662,0.025092107,0.000126886,0.1985300810024368,-0.515112142,0.0099,0.0146,0.018,0.0214,0.0242,0.0278,0.0313,0.0352,0.04,0.0556,,0.3619128375333234,0.43464382611726526,0.8093833841767034,0.036728255414544594,0.12042721894624842,0.08038432,0.10545952832542316,0.10183466873033442,0.10102945439829875,0.8829384584850462,0.880574822,0.8798528493924551,0.0554798,0.079117167,0.056582276
0.197554,0.024382323,0.000100265,0.3283187402872814,-0.224873038,0.0111,0.0153,0.0184,0.0208,0.0236,0.0264,0.0294,0.033,0.0377,0.0548,,0.3954316498505289,0.4635522123369004,0.6202551678153243,0.047851439338581596,0.11260155565521575,0.078511123,0.092571749,0.083475898,0.095948082,0.9744810612491264,0.8875297934428094,0.841270361,0.070833686,0.085831411,0.061242673
0.191608,0.022651802,9.35219929531164e-05,-0.025107536,-0.657798146,0.0094,0.0133,0.017,0.0199,0.023,0.0257,0.0284,0.0314,0.035,0.047,,0.3869866984273073,0.41106642230662765,0.9016098156827714,0.043520583,0.1195328812625917,0.049168916,0.059303375,0.11432118954160797,0.11242424013984098,0.9529755446968439,0.8364201130976253,0.8650583647080908,0.088591384,0.062044485794524554,0.08501778
0.192689,0.024603224,8.923327707536194e-05,0.003843254,-0.691753029,0.0116,0.0159,0.0189,0.0225,0.0248,0.0274,0.0301,0.0332,0.0372,0.0468,,0.3925674669097894,0.4339887051684567,0.6838236429695631,0.040924824573021906,0.12969095049382068,0.048607657,0.082183613,0.099711397,0.14471647949804134,0.9738878070344469,0.9270552162976916,0.8156618567629268,0.078034883,0.097776106,0.058387989439243976
0.19597,0.024396823,0.000118541,0.1256637883220936,-0.570413189,0.0103,0.0145,0.0182,0.0214,0.0245,0.0275,0.0305,0.0341,0.039,0.0527,,0.4190031000165468,0.46901724639211195,0.5059062956969911,0.049008997,0.1256878026176521,0.057022576,0.093418995,0.090030724,0.10898395160122744,0.905984556,0.9321971469300774,0.9920006604012309,0.069791466,0.056167443446905004,0.085818268
0.200364,0.023422687,7.509984414721902e-05,-0.00965231,-0.572665729,0.0114,0.0157,0.0186,0.0212,0.0234,0.0259,0.0285,0.0312,0.0346,0.0455,,0.3570329367194429,0.42704223426793647,0.8815068294500139,0.048994528,0.13047986294922337,0.052944897766231874,0.077975398,0.11709387202368199,0.094614848,0.95231199,0.8874941121286684,0.9439376224645887,0.088918632,0.055988203,0.077131951
0.201636,0.026088323,9.549646020859243e-05,-0.042426821,-0.606683166,0.0128,0.0172,0.0205,0.0234,0.0264,0.029,0.0316,0.0346,0.0384,0.0503,,0.3612484967648187,0.4579853670423645,0.568193828,0.044213594,0.1456056500854066,0.07554596,0.082243436,0.123525859,0.14166657051815332,0.910575335,0.8632859063761302,0.948323092,0.072722009,0.069223964,0.059429283451894015
0.198799,0.024181879,7.94255702561807e-05,-0.017294339,-0.587366983,0.0119,0.016,0.0187,0.0217,0.0247,0.0272,0.0295,0.0324,0.0356,0.0474,,0.3904388267196275,0.4485725985032659,0.542000815,0.045578394,0.1204834853330065,0.068013184,0.10933836759960282,0.12223245630005437,0.098426496,0.8982421784947725,0.9646110486547185,0.8702666397971582,0.066650869,0.088648867,0.094132691
0.135302,0.020322195,7.517581362404875e-05,-0.005592672,-0.86304341,0.008,0.012,0.0153,0.018,0.0201,0.0229,0.0257,0.0285,0.0323,0.0394,,0.40868344877629303,0.44091439244082636,0.8643428847493457,0.047630711329933434,0.12738256978635085,0.068247741,0.066455023,0.10446880040188303,0.11464397149738116,0.9216166718113072,0.8574734012648692,0.884746011,0.061496024252371086,0.059700409,0.076735574
0.123746,0.01760654,5.667877233607688e-05,0.023796287,-0.863805034,0.0078,0.0102,0.0129,0.0156,0.0176,0.0198,0.0222,0.0249,0.0279,0.0347,,0.3692038564479518,0.4751474331470489,0.8742096950447451,0.035518555282965825,0.1480104469090482,0.065657624,0.054223843,0.1252277180621106,0.13443992193095997,0.8117027928556892,0.8108470697387713,0.8295263761538068,0.067863404,0.080553056,0.099339725
0.121965,0.01922124,7.641776377326132e-05,0.027048366,-0.810722119,0.0068,0.0112,0.0135,0.0171,0.0191,0.0217,0.0245,0.0274,0.0311,0.0394,,0.4050094180108783,0.41926123109827523,0.6662444345679869,0.04319536,0.1287236826576062,0.048914292,0.080565261,0.09754467,0.089572784,0.8354981517250393,0.8376367039612951,0.9716154128864708,0.05184961,0.071306626,0.097658107
0.136246,0.019605386,7.301921426844348e-05,-0.03287929,-0.836870812,0.0076,0.0114,0.0145,0.0172,0.0195,0.0224,0.0247,0.0278,0.031,0.0382,,0.3676500826965057,0.4568199346491652,0.6463927722107949,0.038793275,0.12374291108518778,0.084961672,0.094798408,0.083175638,0.10501429926742986,0.8091528575380931,0.8227035283555131,0.9651141455825306,0.052077813,0.086108398,0.055190796
0.121079,0.018058798,6.316727985952531e-05,0.021684084,-0.869648533,0.0078,0.0102,0.0134,0.0157,0.0181,0.0201,0.0229,0.0258,0.0289,0.0354,,0.3967507386491323,0.4824230312126829,0.7145460466583564,0.043900178,0.14839555165849472,0.079577798,0.092323606,0.10725163097483412,0.11145729436721012,0.8563521207129328,0.9699124842000983,0.9388775062982556,0.051471139235379076,0.093123094,0.08789582
0.121235,0.019409615,7.875206809689917e-05,0.1244128460985858,-0.602265424,0.0073,0.0109,0.0142,0.0167,0.0191,0.0218,0.0244,0.0273,0.0311,0.0428,,0.40207864807228205,0.44332812815843153,0.8567448993810025,0.040262212,0.13894703732767824,0.062324634,0.054726101778298376,0.06881872,0.083203664,0.8670898563871404,0.9941062109560298,0.973615453,0.061625667,0.091245222,0.074775725
0.118475,0.017992332,5.649872372953837e-05,-0.141187253,-0.853624909,0.008,0.0105,0.0137,0.0161,0.0186,0.0204,0.0232,0.025,0.028,0.0358,,0.35133805456816314,0.46675885418076607,0.6371011920115746,0.048717754,0.13422527721349103,0.059726582,0.057541227,0.12299917389713418,0.13503376674633993,0.8585379164257279,0.8755608826886907,0.9295501563320736,0.060476194,0.060847198,0.055241871
0.124714,0.017664488,6.380801988479221e-05,0.034291964,-0.755347037,0.0063,0.0104,0.0127,0.0155,0.0178,0.02,0.0225,0.025,0.0281,0.0389,,0.4069432822066436,0.4394383569314647,0.8481940938202541,0.035929054,0.127428525,0.044766575,0.10230505229797465,0.10659183438059651,0.12695997067986192,0.896527361,0.9655409543982575,0.9076015509668097,0.073787873,0.094139174,0.068177438
0.131573,0.018478869,5.881855535610762e-05,-0.002138063,-0.801060503,0.0077,0.0111,0.0136,0.0163,0.0181,0.0209,0.0231,0.0258,0.0287,0.0378,,0.4079911539241448,0.48813068273037885,0.8290428022301495,0.0497899,0.13186428937824252,0.089911835,0.083470843,0.072690664,0.084704902,0.9936159903564877,0.9699290052918248,0.9075675111541152,0.074664654,0.061642265,0.053190500495573445
0.125352,0.019448226,7.301621329907214e-05,0.016746865,-0.892326273,0.0076,0.0112,0.014,0.0168,0.0192,0.0223,0.0245,0.0279,0.031,0.0382,,0.40499842525020124,0.41327686051622253,0.7630228860614964,0.041813949011692234,0.13796294424346559,0.082988283,0.061507886,0.1129458473881491,0.12608384842663298,0.965370846,0.8973136229228849,0.8270328413396071,0.084903145,0.093317185,0.069241149
0.177586,0.024340151,7.983136568808324e-05,0.030917366,-0.492937972,0.0124,0.016,0.019,0.0218,0.0243,0.0268,0.0294,0.0323,0.0362,0.0491,,0.3638797112306694,0.4322970004091927,0.6168704667307134,0.040647602,0.1188198186565749,0.054889770611280794,0.064829358,0.10919652706819387,0.10493531537672177,0.9833404142372718,0.823061532,0.8951551925953894,0.067568611,0.055568683,0.07349938
0.163855,0.022026067,7.011954442636884e-05,-0.013490833,-0.716960877,0.0111,0.0139,0.017,0.02,0.0221,0.0246,0.0273,0.0296,0.0334,0.0408,,0.41552845153750884,0.4963745571370841,0.5375368106443231,0.046944027,0.14682343552629937,0.087224134,0.07546274,0.11637722933993991,0.1012256940411507,0.8735127849569936,0.8287819320500214,0.8626782243017957,0.056773905,0.089451508,0.098661112
0.18127,0.02832926,0.000112908,0.037161334,-0.485064623,0.0138,0.0189,0.0223,0.0255,0.0284,0.0313,0.034,0.0381,0.0429,0.0599,,0.353979171,0.4872940592774164,0.80305283,0.047028341934981205,0.11656495157652562,0.068154667,0.058514063,0.11548419856603476,0.094718371,0.8936039157257774,0.9342274391009413,0.8374240557398346,0.062541196,0.056954346,0.065525266
0.178696,0.025176996,8.643640830430696e-05,0.002570606,-0.616186994,0.0127,0.0166,0.0195,0.0225,0.0251,0.0277,0.0304,0.0339,0.0374,0.0493,,0.3510375375825917,0.437812351,0.8937404583659224,0.038739784501353465,0.11807015817703802,0.057907353,0.0748282,0.068969303,0.13952132970537434,0.8776836005182557,0.8132600137065261,0.8013976392473928,0.079850401,0.056464996,0.096751234
0.171103,0.021547124,7.026542609154809e-05,-0.027751226,-0.755728761,0.0096,0.0138,0.0165,0.0191,0.0218,0.0239,0.0265,0.0298,0.0327,0.0419,,0.3917673176302649,0.4658599120737249,0.5072222186587187,0.042190800917675235,0.13344356081191527,0.091061848,0.05749309,0.10250203538845853,0.090978265,0.9169692452256454,0.8319714379960156,0.8876414693780696,0.073735247,0.07163657,0.085953734
0.185758,0.024566688,7.321182195159267e-05,-0.184333366,-0.702415906,0.0133,0.0166,0.0193,0.0229,0.025,0.0273,0.03,0.0331,0.0357,0.0425,,0.3613064600682829,0.4730082240703376,0.6269160829570155,0.049170757,0.12925036820541388,0.044382927,0.070242368,0.11746572226325061,0.12456129900878446,0.85540896,0.9528727565539031,0.9951072035049413,0.091660832,0.070476008,0.067540164
0.180915,0.026683867,9.625726619033174e-05,-0.027665455,-0.656525408,0.0136,0.0177,0.0209,0.0238,0.0268,0.0295,0.0322,0.0354,0.0401,0.0504,,0.3693595059298029,0.4713262476407072,0.6041120664057672,0.04919072,0.12517054439219363,0.090487057,0.10761503433978079,0.076240243,0.097088413,0.9540308788721422,0.8452747410871206,0.9812031921980862,0.074799399,0.090373489,0.056032217
0.178473,0.025270147,8.328425039327156e-05,-0.082888854,-0.698408262,0.0125,0.017,0.0202,0.0227,0.0252,0.0279,0.0308,0.034,0.0372,0.0455,,0.3877270242547372,0.4461707055338148,0.5280291746589965,0.04489608,0.141699929,0.085717416,0.061769416,0.10061589152013133,0.11233782911384724,0.8878329093007152,0.8053206994343114,0.9842096186645193,0.087950635,0.065338098,0.085342411
0.181499,0.028070274,0.000120069,0.1883146979360908,-0.452083704,0.0137,0.0184,0.0216,0.0246,0.0274,0.0305,0.034,0.0384,0.0426,0.0601,,0.3959260894304048,0.4408317249150119,0.8342747256290447,0.047971316,0.14221203878654975,0.044671253716824344,0.10051361097395807,0.071041187,0.1304730882918257,0.8859508360455329,0.8614828509318679,0.8212253932199345,0.064687782,0.062020825,0.093235594
0.186541,0.025373452,7.852858021425272e-05,-0.060502161,-0.53187587,0.013,0.0172,0.0202,0.0231,0.0257,0.0281,0.0306,0.0333,0.037,0.0473,,0.3714386216904728,0.4013375504173551,0.7074622055192127,0.044301666893363435,0.13280925370921146,0.075730481,0.074355339,0.10054720715983734,0.11013995336615609,0.8283998978566881,0.9057992605205881,0.8618948372284607,0.087407737,0.071271411,0.076449556
0.135492,0.020693634,8.732990655780112e-05,0.082947184,-0.642021032,0.0078,0.0115,0.0155,0.0181,0.0205,0.0232,0.0261,0.0291,0.0333,0.0437,,0.3594460293633806,0.4936793054905462,0.7554190309450171,0.047346315,0.1318465972298362,0.085937399,0.085664588,0.11556708756225657,0.11252985951471205,0.9141918069964314,0.8527211324273597,0.8694380417181421,0.091979154,0.074810908,0.062561425
0.143687,0.025767576,0.000140515,0.073778628,-0.782052196,0.0094,0.0144,0.0183,0.0219,0.0252,0.0286,0.0326,0.0375,0.0418,0.0551,,0.36777576960144476,0.40914049100345795,0.9436678096605671,0.035964048,0.14479338425375018,0.074218675,0.054006593941773644,0.075302237,0.088484116,0.823793898,0.8812402375665395,0.9573135193874054,0.086876972,0.078825144,0.066458503
0.155677,0.028717848,9.334352920511977e-05,-0.232417816,-0.444821028,0.0156,0.0198,0.0233,0.0264,0.0296,0.0323,0.0346,0.0374,0.041,0.0483,,0.4106322463768209,0.40915614794326927,0.6295617096720237,0.048278076,0.1456495410031585,0.066733036,0.1105361165262207,0.11103760677468885,0.085442013,0.8994427170835299,0.8786769789844312,0.9857319877800959,0.053963551,0.069576474,0.05293095
0.154728,0.027676961,9.07111476084342e-05,-0.178525658,-0.54185487,0.015,0.0189,0.0223,0.0253,0.0281,0.0306,0.0333,0.0364,0.0399,0.0472,,0.41415869750651096,0.4721799909491128,0.7802598851864103,0.043751672367244046,0.12624616063564742,0.0603294,0.11219069630478688,0.12113469655121156,0.11517544144492763,0.8489478389782678,0.9375548658675834,0.8927394729185987,0.085862966,0.084163412,0.087545606
0.149063,0.024955767,7.091673079058523e-05,-0.202711055,-0.573642658,0.0133,0.0176,0.0202,0.0226,0.0253,0.0279,0.0304,0.0329,0.0357,0.0443,,0.35159076705150033,0.42675134939596493,0.8168627806614612,0.043199217664531005,0.12262895355976926,0.07986668,0.10397136910790615,0.085750392,0.1260993345333538,0.90054277,0.8348912804207104,0.9610159666588624,0.08466959,0.067005286,0.060382987
0.140251,0.023250965,0.000105181,-0.033974977,-0.80070773,0.0091,0.0134,0.0169,0.0207,0.0235,0.0264,0.0293,0.0325,0.0373,0.046,,0.37953912577813237,0.4909793854124261,0.5959806536497388,0.037805586,0.12860849125747278,0.045073934,0.089280498,0.12754044520601285,0.12700686934971098,0.9848784239408499,0.9067797129123842,0.8326202280933054,0.063169476,0.076982901,0.088299866
0.146808,0.027510739,8.477695745110394e-05,-0.20351647,-0.295896947,0.0153,0.0193,0.0224,0.0252,0.0278,0.03,0.0327,0.0359,0.0398,0.0494,,0.36462249038692596,0.45436425537347414,0.7631032591823378,0.043692967998002104,0.14655137876530294,0.053132008,0.1025083491025098,0.069553963,0.13392388015954093,0.8678749544533888,0.9193244538902299,0.849607118,0.090881779,0.077517403,0.094430415
0.153366,0.027728887,8.809450992633969e-05,-0.254576522,-0.567011339,0.0149,0.019,0.0226,0.0256,0.0282,0.0309,0.0333,0.0366,0.0402,0.0472,,0.4144627975895908,0.4480796106899633,0.5572143136226162,0.048414696,0.1360781763711337,0.051710663,0.056243883,0.095943105,0.095214369,0.989249685,0.9302988991045247,0.8981994254291945,0.054905918,0.053639023,0.074099584
0.156387,0.026271936,8.07575950659091e-05,-0.095141065,-0.467406212,0.0139,0.0179,0.0213,0.0239,0.0266,0.0291,0.0315,0.0342,0.0383,0.0478,,0.3563143967503982,0.48885051930000567,0.7178463193980189,0.039662712,0.12342787628368891,0.056538416,0.099357784,0.093097803,0.14123916077447493,0.9086138586927471,0.8816838854213479,0.9988780913573367,0.061623956178420876,0.067787418,0.057979200220175074
0.148646,0.028710872,9.067168382769084e-05,-0.382356593,-0.214653425,0.0163,0.0207,0.0237,0.0266,0.0293,0.0317,0.0344,0.0374,0.0404,0.0504,,0.37470714703432273,0.49542632954549887,0.6641535053136223,0.043551759,0.11299794049199216,0.04355232,0.081804528,0.079222994,0.11186224838383965,0.8186805775525134,0.9374211604774885,0.9396047874204796,0.093347926,0.07660238,0.086016089
0.211103,0.022632167,9.093467973099444e-05,-0.044108354,-0.715718745,0.0094,0.0135,0.0169,0.0206,0.023,0.0256,0.0284,0.0312,0.0351,0.0462,,0.37869186156875556,0.40381547829016257,0.8714882308367964,0.047433822,0.1478865491346253,0.055176255811074895,0.066064665,0.11418996355308592,0.11348795996322493,0.902527653,0.8338367287879264,0.8293947870478187,0.055034269,0.058852403,0.081301536
0.233831,0.023416033,7.797711271777565e-05,-0.056139103,-0.750273366,0.0109,0.0154,0.0182,0.0208,0.0236,0.0262,0.0287,0.0315,0.0356,0.0434,,0.38616366658996615,0.42121647311940075,0.8651486573172975,0.046200947741520705,0.11656165301663375,0.066331396,0.073390055,0.11618109649865427,0.1358798329727835,0.8470016065978184,0.8858291595982073,0.9055590842585401,0.078121794,0.088127229,0.065871137
0.216075,0.021780156,8.421259664235656e-05,-0.018998539,-0.692795191,0.009,0.0129,0.0168,0.0193,0.0219,0.0246,0.0275,0.0304,0.0336,0.0443,,0.364887757,0.4386318316356112,0.9220543151632846,0.038197791085893995,0.12467735647140658,0.060424952,0.057268935,0.086797343,0.10929279146610314,0.916073902,0.8942416907982913,0.951276296,0.054178437,0.091157247,0.057695838
0.218149,0.026248253,0.000109046,-0.063538167,-0.719041398,0.0123,0.0168,0.0204,0.0235,0.0266,0.0296,0.0326,0.0358,0.0399,0.0512,,0.399438925,0.426397975,0.7946461623233897,0.038992831,0.11743196059168015,0.044787915,0.098815042,0.094461067,0.12022349423678287,0.8171870146200384,0.8431680218221071,0.9075991426445288,0.068835415,0.063876244,0.075630468
0.215974,0.025145288,0.00011487,-0.006810316,-0.655169615,0.0111,0.0156,0.0194,0.0227,0.0257,0.0288,0.0318,0.0349,0.0394,0.0521,,0.4179140363929573,0.48792849510870945,0.605883583,0.037536972968528905,0.13026565875241986,0.079957939,0.070069326,0.082692779,0.12042497133582773,0.9559383174550017,0.8670805115610299,0.8559608470273631,0.094425903,0.069214826,0.062125956455694305
0.206742,0.026707167,0.000127291,-0.028385377,-0.677039261,0.0113,0.0165,0.0203,0.0238,0.0269,0.0299,0.0333,0.0369,0.0418,0.0531,,0.38148002723065627,0.46516473750736903,0.8256631604282525,0.045575324962518926,0.12336242123381858,0.055093533038317315,0.074109085,0.069569154,0.13339416530438353,0.8529774475188084,0.99146605,0.8797659216059093,0.083265219,0.083839766,0.072721928
0.214134,0.020929848,7.986504106822324e-05,-0.016653651,-0.700889251,0.0087,0.0122,0.0159,0.0187,0.0212,0.0234,0.0261,0.0291,0.0329,0.0454,,0.3687199210565084,0.45677985,0.8021725072001571,0.040620551,0.1443033845510459,0.054321300251885994,0.069454157,0.1239517305684788,0.13821441689433453,0.9725940017642716,0.9587187305540185,0.8490867799450976,0.067690777,0.096110267,0.062331641
0.212576,0.023643411,0.000105918,0.050097068,-0.557937849,0.0103,0.0144,0.0181,0.0211,0.024,0.0268,0.0297,0.0328,0.0369,0.0515,,0.3938022457315242,0.4762517787561318,0.5854023147177826,0.040624466,0.11785355727052593,0.062447428,0.054610752,0.071558164,0.12837462914069744,0.8997063879447045,0.8968652188560537,0.9233517898917039,0.091867069,0.07360528,0.099323989
0.198124,0.02165882,9.181383300842336e-05,0.052843994,-0.669062271,0.0088,0.0125,0.0159,0.0191,0.0219,0.0243,0.0271,0.0302,0.0348,0.0459,,0.40088641081642445,0.40599164566244017,0.7082270518547799,0.044787603,0.11003685418174414,0.047598474,0.054634181168332616,0.086742214,0.093433165,0.8313047796136415,0.9803936490449954,0.982918817,0.057916468,0.075603634,0.083098853
0.213713,0.023012993,0.000102272,0.2120897582790079,-0.230880796,0.009,0.0132,0.0169,0.02,0.0228,0.0256,0.0289,0.0321,0.0365,0.0573,,0.393222034,0.4127836069880692,0.8505142855353895,0.049348424,0.1285003031754967,0.054986757,0.093568838,0.076536809,0.10632357187867086,0.8819495043905639,0.8940036520839847,0.9573411117324437,0.056115892413652314,0.097015999,0.068761703
0.10785,0.020367932,6.02407532019588e-05,0.1047320037614487,-0.476821533,0.0107,0.013,0.0159,0.0184,0.0203,0.0224,0.0248,0.0271,0.0308,0.0398,,0.4064874956005455,0.4726637833373057,0.8049703571904546,0.040710032,0.14161911896968454,0.040705918,0.065986302,0.070148934,0.099907123,0.8816917414379766,0.9930166680844816,0.9773022961868778,0.077645968,0.070066057,0.068277498
0.105745,0.020304736,5.401453879811771e-05,-0.094121345,-0.669776556,0.0103,0.0135,0.0158,0.0182,0.0205,0.0226,0.0249,0.0271,0.0301,0.0366,,0.38046965773328745,0.4944121527523036,0.7718339678144792,0.04821815,0.1357007852624436,0.08520834,0.088819559,0.11965159025235858,0.083491174,0.8977008588345433,0.8156938736873308,0.8190186453587427,0.076828413,0.064378094,0.058707442
0.11379,0.020712489,5.7596897980395475e-05,0.003995386,-0.53178492,0.0111,0.0136,0.0163,0.0186,0.0208,0.0228,0.0251,0.0279,0.0307,0.0408,,0.35569679004200694,0.42770053285432563,0.6324718368989565,0.04837611,0.12686293536608262,0.084222391,0.071665154,0.12087869033746296,0.14238924315712367,0.9316705845610553,0.9989226338992498,0.8252266615838509,0.063257592,0.059411775,0.052986763333697645
0.117686,0.019244484,7.980775943112247e-05,0.1006999121996871,-0.752637863,0.0068,0.0111,0.0135,0.0166,0.0194,0.0216,0.0242,0.0274,0.0315,0.0402,,0.4099569962081732,0.4158285854902685,0.770627281,0.048625649,0.14889526722866153,0.09126176,0.0647608,0.07118444,0.092405167,0.8771328230919101,0.950138404,0.8607727309446844,0.078389608,0.060828919,0.095547531
0.118341,0.020058257,7.672064579397628e-05,-0.080513496,-0.800164994,0.0072,0.0116,0.015,0.0179,0.0202,0.0232,0.0254,0.0284,0.0312,0.0388,,0.3778828270713186,0.4121209588187359,0.8160357770327178,0.039984775092392386,0.1168831815423757,0.054135825530105416,0.096355602,0.096374669,0.1201163462447779,0.9526470652558982,0.9701328,0.9078691143907387,0.064439354,0.063077892,0.068962512
0.14502,0.022297888,6.561675397988177e-05,-0.058962791,-0.64333955,0.0117,0.0147,0.0178,0.0202,0.0223,0.0246,0.0272,0.0297,0.0332,0.0404,,0.37951203905537334,0.40728659531993044,0.8713702734394226,0.038465911690119425,0.12084923952973084,0.04225663,0.087536745,0.11790404115442091,0.11200396539230659,0.8888057728553822,0.8779738274885732,0.9015093187272766,0.089290251,0.072920766,0.098082854
0.120478,0.019804465,8.172981194544304e-05,0.092895644,-0.72870031,0.0073,0.0116,0.0144,0.0168,0.0193,0.0226,0.025,0.028,0.0322,0.0422,,0.3854943247527531,0.4144599808048257,0.6237937988585365,0.043853386377628936,0.11882099168424447,0.067661665,0.082515541,0.080960197,0.1016480469347643,0.9275671961414131,0.8407077064540376,0.9328556219065071,0.092602116,0.086657219,0.058239646904576156
0.133348,0.02133151,6.012685908964973e-05,-0.057207032,-0.680823475,0.0109,0.0141,0.0169,0.0189,0.0216,0.0236,0.0259,0.0287,0.0316,0.0384,,0.3797781370308739,0.4510846335838984,0.9096229875759544,0.040430829,0.13185584077634194,0.053196861,0.10330810133106785,0.08485052,0.11101868150771332,0.8805595952154047,0.9756486844574799,0.9869404868760823,0.050031181,0.077208443,0.067346865
0.107822,0.019828368,5.534934547304792e-05,-0.09040477,-0.791237854,0.0098,0.0124,0.0153,0.0175,0.0202,0.0222,0.0246,0.0268,0.0298,0.0369,,0.36271604480868674,0.488116128,0.8280982033972829,0.046893598,0.13835285229522332,0.043515682,0.085081146,0.12250000203022517,0.1372807947444902,0.8752785929912572,0.9312959385029542,0.8489600129055549,0.079192974,0.095111731,0.08406941
0.11882,0.02163622,6.304856444251101e-05,-0.011401103,-0.622822328,0.0116,0.0142,0.0167,0.0199,0.0219,0.0237,0.026,0.029,0.0325,0.0415,,0.37395672793161183,0.434610078,0.6005520223598527,0.04395234,0.13460588648297758,0.066746716,0.098420637,0.072967778,0.13274542269900202,0.974542054,0.8304728527110631,0.9108089589837883,0.096492033,0.070342924,0.062958748
0.158332,0.019406592,5.79463248951574e-05,-0.035604912,-0.80912661,0.0093,0.0119,0.0149,0.0171,0.0199,0.0216,0.024,0.0266,0.0295,0.0372,,0.36992034244612265,0.40359017034291755,0.8912178796469962,0.049089522304575486,0.14732307487077165,0.080647075,0.1034272511996015,0.070180957,0.11308998610604176,0.8064582457504219,0.9745282138975415,0.9490307946419289,0.072842546,0.058184744,0.092589558
0.154268,0.020804331,8.36409582292588e-05,-0.069433647,-0.836692244,0.0077,0.0125,0.0151,0.0179,0.0213,0.0236,0.0265,0.0297,0.0329,0.0414,,0.3602898250870875,0.45904399295332965,0.7279169907392791,0.045319880399266946,0.11981131253865415,0.050872225,0.11309287453669284,0.081277274,0.12746163608988204,0.9486117786987466,0.9966555087525033,0.8353651181339283,0.059570583,0.059922685,0.062692074
0.153847,0.019226682,7.212531372783878e-05,-0.031668982,-0.797429437,0.007,0.0114,0.0137,0.0174,0.0194,0.0217,0.0245,0.0272,0.0307,0.0395,,0.38826826028717193,0.44313837447009674,0.5642267025993887,0.035659309428162186,0.13061709480432934,0.073092016,0.059312764954713895,0.089916344,0.1292208271694975,0.9755222138636116,0.9023317799199562,0.8984542414756751,0.063453282,0.092725645,0.080124604
0.154954,0.017746532,4.671784155599772e-05,-0.063192848,-0.797803499,0.0085,0.0109,0.0135,0.0157,0.018,0.0199,0.0223,0.0241,0.0266,0.0351,,0.38275526754564704,0.4380280469102291,0.5367876800983542,0.044082375,0.13097364152707316,0.049348385,0.077446785,0.10734541578191095,0.10081211914907819,0.8509350111810533,0.8394701949876417,0.8872423049526615,0.055494081,0.084214961,0.066176631
0.147432,0.019584146,7.373589660930603e-05,0.019434241,-0.876807026,0.0074,0.0114,0.0142,0.0172,0.0194,0.0222,0.0247,0.0276,0.0315,0.0389,,0.3517878137276157,0.49896244687927194,0.8016630138994726,0.039200386,0.11844279367065287,0.088812063,0.079444071,0.085018363,0.10999894676289212,0.9069596319663891,0.840633705,0.9456737903279472,0.057853699,0.05355867,0.091018076
0.155136,0.019877413,6.725298338346805e-05,0.079489687,-0.749188866,0.0092,0.012,0.0149,0.0176,0.0195,0.0222,0.0246,0.0272,0.0314,0.0391,,0.41934623368153406,0.4922136309890912,0.5802931249950435,0.043988432249293025,0.11645366312177759,0.045015923635553276,0.066705393,0.11052729844467823,0.13191169531085384,0.9907923494629681,0.8871394500969358,0.9246256113331892,0.056766359,0.086205034,0.093882832
0.158433,0.019146783,5.908525134785288e-05,-0.004007653,-0.748300599,0.0089,0.0117,0.015,0.0171,0.0189,0.0215,0.0236,0.0265,0.0294,0.0382,,0.41406093979280867,0.4225022502387584,0.6959975390422806,0.037266009,0.14943943878029514,0.079990176,0.1126121713010509,0.091021646,0.085393891,0.8445416871272323,0.9662443649174557,0.9465604792154487,0.063487728,0.090631996,0.065243329
0.153638,0.018535874,5.851770709066052e-05,0.07874766,-0.665186806,0.0079,0.0115,0.014,0.0161,0.0181,0.0208,0.0232,0.0255,0.0289,0.0419,,0.40812908558802996,0.48702764548203764,0.5033492620677582,0.041915034,0.11377262759247218,0.062200851,0.1080690851787455,0.11962974480871497,0.11891444717984763,0.8611480962768182,0.8807082905095245,0.8310846047907446,0.086175519,0.086745049,0.080628879
0.157238,0.020540633,6.497713160852804e-05,-0.085541616,-0.735395373,0.0097,0.0128,0.0159,0.0186,0.0208,0.023,0.0255,0.0281,0.0308,0.0402,,0.41401968324003247,0.4596762853307224,0.8325887028982987,0.045358444,0.12665791739894625,0.050350290971674136,0.073590228,0.1135031567077996,0.094901647,0.8237507869313196,0.8157878619610262,0.843499021,0.061781585,0.088362998,0.077931859
0.156748,0.019210829,6.68792568735117e-05,-0.156971024,-0.859499885,0.0071,0.011,0.0145,0.0173,0.0196,0.022,0.0245,0.027,0.03,0.0361,,0.369732743,0.4908009649187146,0.9252241369862002,0.037933741,0.1275865269714929,0.087221477,0.11270997542358913,0.10880499853950555,0.088154904,0.8150757569343338,0.98664522,0.8739730170370905,0.088413617,0.098826498,0.086433545
0.187293,0.023444236,7.928321617503858e-05,-0.014698422,-0.715832501,0.011,0.0153,0.0186,0.021,0.0233,0.026,0.0284,0.0318,0.0354,0.0451,,0.3638394176198415,0.4213516900875508,0.71408241,0.04192295,0.13722822976588195,0.069532019,0.055118065,0.080814852,0.08289091,0.9517805174452337,0.8834478770235015,0.8824508794890629,0.081422887,0.08458783,0.059949227462946106
0.173125,0.024518815,9.757576873966036e-05,-0.053030077,-0.755389172,0.0107,0.0151,0.0186,0.0224,0.0249,0.0277,0.0305,0.0335,0.0374,0.0468,,0.37176743937863493,0.4208273905652012,0.5079844983698028,0.048425890682211765,0.1414761459329304,0.081865406,0.076750148,0.12271990585667443,0.089318989,0.8877648488299933,0.9971341882579652,0.8925389199341858,0.082496611,0.05268127,0.05286026
0.188216,0.022521811,8.085925790074291e-05,-0.03274376,-0.86053164,0.0098,0.014,0.0168,0.0204,0.0226,0.0251,0.0284,0.0312,0.0346,0.0416,,0.39467284319817036,0.48273984946266385,0.6735595965061679,0.039240722,0.14891461309672205,0.084517486,0.1038240605115599,0.10003324140630732,0.087896187,0.8075409449198534,0.9530387800140329,0.9431656125079247,0.057804546531864356,0.053442538,0.061565366
0.181848,0.023109291,8.523442167383576e-05,0.1294936554496835,-0.564335587,0.0108,0.0142,0.0172,0.0201,0.023,0.0256,0.0286,0.0317,0.0354,0.048,,0.4007648114902809,0.4535319375702859,0.851328767,0.046640345,0.1257064636055002,0.084592089,0.072797436,0.11863111222072499,0.1355359196471587,0.8886427300547366,0.908964804,0.8193263119734171,0.061435238,0.054809048,0.093572982
0.168799,0.021841808,9.216589385460684e-05,-0.028576323,-0.779037931,0.0085,0.0124,0.0166,0.0192,0.0219,0.0246,0.028,0.0309,0.0347,0.0442,,0.35652578075497887,0.49767808979373085,0.5569804451646204,0.036453141,0.12102356948593491,0.068641626,0.063005958,0.082528674,0.13359707357939057,0.846177816,0.8487326350790809,0.8151058795175681,0.077095082,0.095480754,0.093683927
0.187063,0.021665805,8.66826901894697e-05,-6.20E-05,-0.720809511,0.0088,0.0125,0.0164,0.0188,0.0216,0.0245,0.0275,0.0302,0.0338,0.0437,,0.3988192820645442,0.45904811116848326,0.6279380320146031,0.045085505,0.13521513217675038,0.04149303,0.097988234,0.088955342,0.11390948428757393,0.8732591601830103,0.9855352774951194,0.9594383409283125,0.084858686,0.098606446,0.088010929
0.181036,0.023337483,9.91200439675476e-05,-0.081867203,-0.787911528,0.0094,0.0137,0.018,0.0206,0.0232,0.0264,0.0298,0.0327,0.0365,0.0449,,0.3975158532497264,0.4978648976151088,0.527978668,0.043353056296619306,0.11418756855901571,0.068448502,0.089062818,0.078745003,0.093330727,0.9855510486140054,0.9553591753670414,0.9601221802664299,0.064291264,0.069532771,0.056828361
0.179931,0.022327019,8.181229811927725e-05,0.1611807678715879,-0.548029733,0.0103,0.0135,0.0167,0.0195,0.0221,0.0249,0.0274,0.0303,0.0344,0.047,,0.37756490498364836,0.46219165682975183,0.9151517623731836,0.038052785229654267,0.13053895617296124,0.08757523,0.054229335,0.11167237165331322,0.1449097718419904,0.8029715757823155,0.9492284934398255,0.8253835062429825,0.078295473,0.076468726,0.060683507
0.179834,0.023294882,8.151355785526039e-05,-0.070553024,-0.800143079,0.0103,0.0149,0.0178,0.0208,0.0236,0.0262,0.0288,0.0317,0.0356,0.0431,,0.4148300227916093,0.4773219683434811,0.7123301450975631,0.037277694,0.13049897595914767,0.072575417,0.10297447186957202,0.1238087682199649,0.11724369799841963,0.9581050366274386,0.8402224280483529,0.9326664104498958,0.083643988,0.071400555,0.081420068
0.179926,0.020544224,7.05261766086637e-05,-0.023312931,-0.755115183,0.0093,0.0128,0.0157,0.0181,0.0209,0.0228,0.0255,0.0285,0.0316,0.0411,,0.40888512969920354,0.42567637862045793,0.8674064727126226,0.048721365001730674,0.11197065233426014,0.063571485,0.081271198,0.11607416871393483,0.12064824660511426,0.8220420602442094,0.9295772446476407,0.8570261188035484,0.064303178,0.051834414,0.069232962
0.140673,0.017717526,5.100826195921832e-05,-0.036874044,-0.848235918,0.008,0.0112,0.0132,0.0158,0.0177,0.0201,0.0221,0.0244,0.0275,0.0335,,0.38143093534752004,0.4080771878309334,0.8908829565543399,0.042873231,0.13669419904688654,0.055291352,0.061638502390851585,0.10752812360584159,0.08565957,0.8393599903817035,0.8332528400431932,0.9338895830232823,0.066917337,0.080776189,0.082442467
0.138324,0.018481685,5.107252478178201e-05,-0.026702429,-0.808389289,0.0088,0.012,0.0138,0.0165,0.0183,0.0208,0.0227,0.0253,0.0283,0.0342,,0.39178870639137914,0.4305540367333763,0.6804967978856665,0.038386867,0.14533757483180176,0.040973547,0.05707635,0.10456848441753741,0.091036884,0.9258313066237759,0.8705336555793138,0.9489866956021011,0.052701353,0.075086927,0.094692824
0.133992,0.017436982,5.835436725884323e-05,0.002040834,-0.799545905,0.0075,0.0099,0.013,0.0151,0.0177,0.0196,0.0221,0.0244,0.0277,0.0351,,0.3805212548745632,0.41375239422572485,0.872622917,0.035405545541813736,0.11078302423159576,0.074073324,0.091984466,0.11270428556454229,0.091670931,0.9785120758647773,0.9860778140047296,0.8617097435999724,0.058916609136374753,0.064886205,0.087020095
0.137038,0.017518653,5.336489528015544e-05,0.023192442,-0.770576612,0.008,0.0102,0.0131,0.0152,0.0177,0.0196,0.0221,0.0241,0.0271,0.0351,,0.3850450289561122,0.4263588373285559,0.8699164492349489,0.035541323,0.14277052916067534,0.083638608,0.099116193,0.11863136993572998,0.11871374985996527,0.8716382117629436,0.974803959,0.8666470461275688,0.080298659,0.099113081,0.09849169
0.143459,0.017968227,6.004465317401847e-05,0.082646983,-0.691241288,0.0071,0.0107,0.0129,0.0158,0.0178,0.0205,0.0225,0.0251,0.0284,0.0377,,0.4197301861646053,0.47846358465367134,0.5090433037450297,0.03827248,0.13132461738690682,0.083032628,0.083766814,0.081483829,0.12248342542617827,0.8089745988522539,0.8248251929520226,0.9511226204308153,0.084173304,0.052138651926804794,0.067330195
0.138693,0.018268744,5.834400939913179e-05,-0.071949366,-0.853902992,0.0081,0.0106,0.0137,0.0165,0.0185,0.0205,0.0232,0.0254,0.0286,0.0355,,0.38571465585190046,0.4957122905671944,0.8221334127649895,0.04813647,0.11185149535669957,0.068294072,0.089223898,0.077872611,0.10449357516728285,0.8461569259228178,0.8064503452281913,0.9606656479597727,0.069910188,0.098434928,0.084155468
0.13645,0.018096758,5.571105248353784e-05,-0.082058441,-0.841128845,0.0081,0.0105,0.0135,0.0161,0.0183,0.0204,0.0227,0.0251,0.0279,0.035,,0.41658577317452805,0.4729999176534893,0.5202597151586238,0.044630275,0.145110193,0.056196383,0.076865141,0.12846374993817336,0.082900959,0.9955982295554107,0.8748170579488378,0.8120039582560814,0.055642192146830916,0.050588939,0.090267961
0.140278,0.022322576,9.95097351163186e-05,0.018057872,-0.820095158,0.0089,0.0125,0.016,0.0191,0.0223,0.0252,0.0287,0.0316,0.036,0.0478,,0.39224758888009714,0.47732887370071614,0.8565715093597982,0.043135402,0.12752108406087534,0.075215619,0.072787118,0.11366816305214296,0.11344890202646164,0.9871208529572729,0.9238895426059935,0.8313568677533467,0.062076149,0.082279451,0.080816539
0.140397,0.019500273,6.725505058899073e-05,-0.037842839,-0.836124109,0.0079,0.0114,0.0147,0.0171,0.02,0.0219,0.0246,0.0271,0.0304,0.0372,,0.40640321785830313,0.43972539805525257,0.7755434883438302,0.041431092,0.12869740153888973,0.070551641,0.10809583871668546,0.087744564,0.095482458,0.9932389129132714,0.8244508486498622,0.8285855293624534,0.086818583,0.088868346,0.066712625
0.134511,0.017269377,4.9999128069090625e-05,0.055209987,-0.728058054,0.0081,0.0102,0.0131,0.015,0.0175,0.0191,0.0214,0.0235,0.0269,0.0351,,0.3976020629623934,0.4076112769742441,0.649434085,0.036305099,0.11535404922017232,0.08820376,0.077707809,0.090491986,0.10877538810898746,0.8830855252597684,0.8745389705109479,0.9892868373477541,0.091133115,0.088117713,0.060353606681871036
0.137139,0.020915922,9.220217049002654e-05,0.093446778,-0.726627565,0.0078,0.0115,0.0155,0.018,0.0205,0.0233,0.0267,0.0297,0.0341,0.0437,,0.38676817398634705,0.40848370008134194,0.8248728893648702,0.036731265,0.13911422059075787,0.081954816,0.057148697175094784,0.095720559,0.095315378,0.9844242904166693,0.9000040739026235,0.8172657749574674,0.065985807,0.073410498,0.090776999
0.126541,0.020048754,5.979690199923611e-05,-0.08539199,-0.801583788,0.0097,0.0123,0.0155,0.0177,0.0206,0.0226,0.0249,0.0272,0.0302,0.0376,,0.4009425005958031,0.4196215178172374,0.5385536778215143,0.045469283,0.12423194244083026,0.04667283,0.07842338,0.10182772946069989,0.11772399367434021,0.8996459603248859,0.9227341195301385,0.8386956442403972,0.050117622,0.083071714,0.076752426
0.126531,0.021356328,8.77346296293159e-05,0.2649271804238977,-0.493874002,0.0093,0.0124,0.0156,0.0181,0.021,0.0236,0.0264,0.0295,0.0342,0.047,,0.35334359747098376,0.48211885990749476,0.6683842676668492,0.036017448836754076,0.1392724380566447,0.091261174,0.095310219,0.077536906,0.13597907021291136,0.9796247762085707,0.9475225791326322,0.9769230206070125,0.091798293,0.08947067,0.092478344
0.12496,0.019356673,5.48694375281308e-05,0.1195582496106261,-0.463448758,0.0104,0.0129,0.0148,0.0169,0.0195,0.0216,0.0234,0.0258,0.0295,0.0415,,0.38034115678707153,0.41749069919390197,0.8896849869912352,0.042894116857726844,0.1156075051910703,0.04291743,0.10654578435652373,0.082933963,0.12635429701962048,0.9912182834754929,0.8371363431504448,0.8848975518409161,0.095539882,0.055423723,0.05906423
0.116729,0.018766301,6.200588946921111e-05,-0.025906742,-0.834102006,0.0076,0.0111,0.0139,0.0164,0.019,0.0212,0.0236,0.0263,0.0291,0.0372,,0.36900893038632704,0.4298209442949481,0.6607296398763723,0.044175267759367635,0.12899844929480778,0.07103178,0.086707464,0.10799802103048281,0.11219817063719781,0.9849513378849774,0.9912984843161761,0.9119154890719607,0.065101962,0.095528384,0.052278479
0.12059,0.01949392,7.80488661492385e-05,0.040120315,-0.767155308,0.0072,0.0112,0.0143,0.0167,0.0193,0.0224,0.0246,0.0277,0.0317,0.042,,0.36516243193938097,0.42622370714010216,0.5133605235854743,0.043934727,0.12623599006928116,0.072742772,0.072182335,0.099060296,0.10937584009054484,0.9032930493609036,0.8953634852254962,0.8857138986258138,0.088968695,0.078965889,0.09198631
0.131269,0.02091343,7.2857316801161e-05,0.041473607,-0.801437269,0.0098,0.0128,0.0159,0.0185,0.0208,0.023,0.026,0.029,0.0323,0.0403,,0.4036425863310247,0.4397791058962884,0.7658569721937416,0.039284591921184414,0.13199274546305467,0.062246241,0.078009059,0.1255701829673579,0.1118542862663208,0.8057980111606468,0.8716194470522975,0.973297061,0.067443796,0.053210521755684935,0.095606665
0.129648,0.021168966,9.046406082554078e-05,0.042759018,-0.704758736,0.0083,0.0119,0.016,0.0189,0.0212,0.0236,0.0267,0.0301,0.0341,0.0453,,0.4124762490902844,0.45686031650707204,0.5933951551299521,0.040454615405984336,0.11418870889796329,0.053904425601300855,0.098081404,0.082356255,0.11317094289018993,0.9451146723436789,0.9273470590700342,0.8383282804464541,0.053077522,0.072904647,0.058316031
0.121801,0.018549829,7.177334103840363e-05,0.071652468,-0.744593623,0.0068,0.011,0.0133,0.016,0.0185,0.021,0.0235,0.0267,0.03,0.0408,,0.3714635157030904,0.4090099737905962,0.6234275852425266,0.037555616,0.11845048030407275,0.084985383,0.058829973,0.091721569,0.1287768655612541,0.8035682340789642,0.8861748222100179,0.9351043206915919,0.09608982,0.075812241,0.087328928
0.147595,0.020584211,6.831927672237386e-05,0.00352097,-0.834020388,0.0099,0.0127,0.0156,0.0183,0.0206,0.0228,0.0256,0.0284,0.0318,0.0403,,0.39946917430339934,0.41388957524203995,0.7252597598436491,0.043379093043467744,0.11049554397472632,0.054661941173273984,0.06799671,0.072427719,0.12144366588886103,0.9202130356219069,0.9048582337809247,0.8150454970773712,0.065934205,0.054165915,0.076728131
0.098115,0.015561427,5.3472868617507334e-05,0.1727849359818618,-0.589509605,0.0053,0.0088,0.0108,0.0135,0.0156,0.018,0.0196,0.0222,0.0252,0.0356,,0.3885775289723326,0.4551412291118247,0.5997260948436985,0.038561813,0.13495549937080673,0.08929123,0.094101408,0.12207341060300123,0.096098723,0.8456338781167472,0.8955422738695589,0.8397092531029355,0.073998695,0.093811564,0.094784317
0.101011,0.01620047,4.9978478607922305e-05,0.026907342,-0.814473486,0.007,0.01,0.0119,0.0142,0.0161,0.0181,0.0203,0.023,0.0259,0.0333,,0.37462134325297336,0.46393740318740256,0.5638093657357088,0.041458125,0.12411513521532354,0.046747357236878576,0.1106210743461625,0.11976933572211239,0.10529876440902076,0.8948336765186895,0.9452532939492924,0.9090123897715179,0.062944831,0.097970731,0.085080141
0.098269,0.016558925,5.827804479831928e-05,0.057802496,-0.784330897,0.0056,0.0093,0.0117,0.0142,0.0165,0.0188,0.0209,0.0237,0.0267,0.0359,,0.3517987299980374,0.48245089107448225,0.6061824465176925,0.039860877,0.14360048472106973,0.068667204,0.090535034,0.11517754220451455,0.12003606730908883,0.9190178772280988,0.8733307660948834,0.9367486861148748,0.087182778,0.085735793,0.088878626
0.104346,0.015342847,4.7576628066548496e-05,-0.032508436,-0.889439028,0.0059,0.0086,0.0108,0.0132,0.0156,0.0174,0.0196,0.022,0.0248,0.0305,,0.36780117722758243,0.47590931498915595,0.7887079929668496,0.040431947,0.12423377340076293,0.062636227,0.057108063310544036,0.11893611650763738,0.12255196069949416,0.8244982450884737,0.9214881031019594,0.8661177307417383,0.080920687,0.09601618,0.074448491
0.113475,0.015904349,5.053012663904596e-05,-0.036322918,-0.828380209,0.0064,0.0097,0.0115,0.0139,0.0163,0.0183,0.0203,0.0224,0.0254,0.0321,,0.40104787877803993,0.4804931338721702,0.8763590282977777,0.043219903,0.1247272880592938,0.076867657,0.082513623,0.098034968,0.114223972,0.909456457,0.8900958724976538,0.9952446330743718,0.063870303,0.057959183,0.057474739
0.106083,0.015297229,4.7629625895469954e-05,0.018325326,-0.7605932,0.0062,0.0084,0.0112,0.0131,0.0155,0.0179,0.0194,0.0217,0.0245,0.0324,,0.3843307604010814,0.40446520338373443,0.7040708001144953,0.041872987257010094,0.1272562855593544,0.07068147,0.084191054,0.11862210431226733,0.10743813876682345,0.9199852576025467,0.8426438349208649,0.9955223590017934,0.067169714,0.072450401,0.059056544
0.108951,0.016444359,5.337504986661929e-05,-0.068427758,-0.856547581,0.0055,0.01,0.0121,0.0149,0.0166,0.019,0.021,0.0232,0.026,0.0335,,0.39490029732573784,0.44886380392532144,0.8372139610801871,0.038460821,0.11713725896437868,0.060445109,0.08149389,0.081977888,0.12404438509598611,0.8763662663943187,0.8802092422509357,0.8542634133472642,0.057200865,0.058257862,0.082602808
0.101292,0.016570244,4.9998125410038506e-05,-0.02500753,-0.824361684,0.0074,0.0096,0.0124,0.0145,0.0168,0.0187,0.021,0.0232,0.0259,0.0342,,0.38033540138515126,0.4939097601664607,0.6611142111413651,0.039669456106964984,0.1295180143913012,0.052419036559636936,0.056804387,0.11146066929204851,0.093017125,0.9359514472693772,0.899917673,0.8993623584863473,0.080690658,0.089027511,0.097611767
0.087466,0.015553417,5.3869550738564225e-05,0.092938165,-0.855120794,0.006,0.0083,0.011,0.0129,0.0155,0.018,0.0199,0.0225,0.0258,0.0324,,0.37841923862130256,0.47076022534232953,0.8641896436353824,0.047029211,0.1276387989229946,0.084009017,0.072223273,0.11703299482844354,0.1015150840738526,0.9583375737303191,0.8307130191115274,0.9197337866392538,0.066668298,0.061810247,0.08708458
0.089596,0.016153165,5.183952319885262e-05,0.016964819,-0.865991098,0.0067,0.0101,0.0115,0.0137,0.0165,0.0185,0.0205,0.023,0.026,0.0325,,0.3926548879180416,0.4504553839842117,0.7835952966160703,0.035189431635040784,0.14945370598671714,0.07142576,0.10347478696418759,0.075149916,0.11554640459306212,0.8403564701779432,0.8556978324917395,0.9918630183844637,0.068706685,0.087828906,0.054371092
0.120675,0.021882756,6.841403637479937e-05,-0.003785944,-0.746236581,0.0104,0.0142,0.0166,0.0198,0.022,0.0241,0.0268,0.0301,0.0331,0.0417,,0.3968582631533068,0.44929551147188707,0.9114460300985311,0.040453415336586175,0.14798466776030575,0.060552251168467124,0.063525549,0.081015513,0.11843435332831505,0.8640429986661213,0.9959246160084877,0.9230535006148001,0.062524782,0.085086351,0.092298365
0.123743,0.021952243,7.176869217809049e-05,0.026488126,-0.739059533,0.0103,0.0141,0.0166,0.0192,0.0221,0.0243,0.027,0.0301,0.0333,0.042,,0.3666719340562586,0.477310269,0.6764776338456976,0.038070748347686145,0.12801574509971703,0.059141928449521146,0.092972355,0.087994106,0.1024763485054909,0.8226248177719103,0.9869325232578164,0.9989532571391018,0.091672329,0.086182861,0.067309614
0.128867,0.02072911,9.403553660251178e-05,0.1446205147848345,-0.560922939,0.0079,0.0114,0.0145,0.0175,0.0206,0.0234,0.0265,0.0295,0.0336,0.0476,,0.3787727898210103,0.477156934,0.8352507590281678,0.045826311,0.12663656153276825,0.057031414,0.053442057246976114,0.11688412710939419,0.083983643,0.8379780120952518,0.9211394218661706,0.8598365728438848,0.070592682,0.076472065,0.071744102
0.131844,0.021534729,9.606768606093252e-05,0.045004994,-0.803529504,0.0081,0.0118,0.0158,0.0185,0.0213,0.0242,0.0277,0.0307,0.0348,0.0437,,0.4060699054607285,0.45874871200755596,0.866549466,0.048238436452074054,0.14945089279721657,0.049346029914581355,0.096215284,0.11242267102183079,0.094228669,0.8426225360358838,0.8063618566322746,0.9281843793720881,0.077892697,0.095875889,0.056990216750848754
0.129601,0.022708471,7.265210368203927e-05,0.2302640774440404,-0.027185132,0.0117,0.0149,0.0176,0.0201,0.0226,0.0248,0.0271,0.0299,0.0338,0.048,,0.37601875927782646,0.4451123060295357,0.7275965950759473,0.040578935203021665,0.12977255592986017,0.079428713,0.10721238875963406,0.086255272,0.1042379018160236,0.9369786428220769,0.9597345987591707,0.9548700558124511,0.074352838,0.092004446,0.092731212
0.125174,0.020998944,5.646858425264864e-05,-0.139125035,-0.736199577,0.0108,0.0138,0.0169,0.0188,0.0214,0.0235,0.0255,0.0281,0.0309,0.0385,,0.361618076,0.47554876427480236,0.7691110553225382,0.047929752,0.14846597400548142,0.059444966,0.08623413,0.12651335581579531,0.087310444,0.8874853801328085,0.8150441452543544,0.8535770125787787,0.072920335,0.071476224,0.098175969
0.129155,0.023242351,7.840250302281496e-05,0.088810186,-0.535080338,0.0113,0.015,0.0179,0.0209,0.0232,0.0256,0.028,0.0311,0.035,0.046,,0.4158566511754197,0.4115492704350124,0.9207296852270406,0.043632986899408914,0.14448308200166804,0.058973058,0.10932276525080345,0.099934326,0.099047617,0.9966345880120212,0.9538083165340124,0.9978936865522299,0.070448121,0.097670603,0.07646967
0.143439,0.024302874,9.199355825937526e-05,-0.002655667,-0.849937906,0.0111,0.0155,0.0187,0.0211,0.0238,0.0273,0.0306,0.0334,0.0372,0.0451,,0.36526224983408867,0.43680812658055446,0.6526343299274753,0.038794094171905366,0.13561881560263564,0.052423217,0.089719817,0.11665308979791673,0.14352593096404978,0.824370485,0.9059421028720701,0.8221553815425677,0.086249216,0.077607343,0.074240391
0.133823,0.02263758,6.594049016150014e-05,-0.018881107,-0.61609596,0.0117,0.0153,0.0177,0.0201,0.0227,0.0249,0.0272,0.0301,0.0339,0.0426,,0.3904265191153315,0.49727754848343586,0.6297725589180379,0.039610201,0.12362230038568062,0.086982413,0.10958633867802584,0.087820578,0.10856316160234247,0.8096438480868791,0.832680141,0.9387125019338629,0.070276753,0.095542136,0.060334863842869624
0.159287,0.022545617,8.110494838874284e-05,0.02534687,-0.662146365,0.0101,0.0139,0.017,0.0204,0.0228,0.0252,0.0278,0.0307,0.0344,0.046,,0.4084484763253984,0.44167868320768705,0.5545511728235336,0.047576555,0.1299015512716235,0.040715678,0.071461269,0.1278936282780203,0.13817593987212703,0.8159170541946806,0.8138293488475732,0.8186504317974581,0.087838577,0.064471552,0.092478462
0.161896,0.019468681,7.150055675927143e-05,-0.103843261,-0.886177949,0.0073,0.0111,0.0146,0.0169,0.0201,0.0221,0.0252,0.0276,0.0307,0.0372,,0.4135619276191194,0.4188541108447198,0.8457134342712994,0.04857344,0.1490944760593339,0.067508643,0.066004466,0.071615266,0.12310955908097632,0.884314321,0.9333300950068516,0.9595594740887227,0.08159661,0.081018203,0.074580282
0.158732,0.020337332,8.026284794839817e-05,-0.031781938,-0.810617781,0.0076,0.0121,0.0149,0.018,0.0205,0.023,0.0258,0.0287,0.0324,0.0404,,0.39953260500014043,0.47439150243283545,0.8447896790893581,0.041286884,0.13735094117328034,0.087954056,0.063652925,0.10034678360371052,0.099780616,0.8066240475611793,0.9964921455894608,0.9599852574444939,0.050605324091638364,0.066699453,0.090394739
0.156536,0.021152581,9.964045256980473e-05,0.2635815882492142,-0.392564767,0.0086,0.0124,0.0154,0.0182,0.0208,0.0234,0.0264,0.0297,0.0346,0.0507,,0.4162437690988154,0.47456252198272836,0.833091246,0.046547856,0.14317265617315605,0.080609804,0.061902236846374414,0.11267327961617839,0.12980739919818243,0.8689333321974196,0.9756409940470253,0.9038687902646054,0.089840892,0.072212917,0.092567154
0.160066,0.023070856,8.377224571378502e-05,0.097658336,-0.618519152,0.0108,0.0143,0.0174,0.0201,0.023,0.0258,0.0283,0.0312,0.0352,0.047,,0.4040022463083119,0.45726154002993175,0.5443207335135954,0.040670491,0.1322788993045914,0.074922727,0.056879432515079056,0.07334573,0.090952143,0.8634682993018844,0.998075607,0.9631813245946687,0.06803919,0.094844491,0.090001062
0.160601,0.020442232,7.879727925196725e-05,-0.081867103,-0.823389613,0.0076,0.012,0.015,0.0183,0.0206,0.0234,0.0261,0.0286,0.0319,0.0395,,0.36089219356247926,0.4720783528374404,0.5179310962957793,0.045492269,0.14867265209035202,0.084774589,0.082952117,0.07669336,0.11661218540237209,0.943071927,0.8804197629906707,0.9109164872831798,0.062691796,0.057075508786239106,0.070801002
0.159094,0.021812091,6.955475154546977e-05,0.008500632,-0.665612006,0.0101,0.0142,0.0169,0.0192,0.0218,0.0245,0.0268,0.0295,0.0327,0.0433,,0.38949090874527736,0.4139063011564052,0.6058686045052466,0.039496675763127535,0.14341454662150682,0.062599377,0.096137082,0.10566083021253389,0.13759729606024973,0.819856779,0.8431077580969335,0.9632019548553752,0.06761103,0.05330376,0.099173577
0.157764,0.020111549,6.304722092015696e-05,0.05067725,-0.745730273,0.01,0.0125,0.0154,0.0178,0.0199,0.0228,0.0247,0.0276,0.031,0.0388,,0.38776017956189696,0.420849365,0.8453314855925282,0.037234172,0.12521494245545986,0.073570777,0.10294424884253343,0.081155553,0.12919015961289151,0.9530431958629847,0.8355667549768617,0.8068607104378753,0.087664889,0.053278638,0.068136301
0.15555,0.021169713,6.988937283773891e-05,-0.002689676,-0.796699035,0.0103,0.0132,0.0165,0.0186,0.0211,0.0236,0.0261,0.0295,0.0325,0.039,,0.3578216326821314,0.46145857192175754,0.8514478072258789,0.035302007799268086,0.1251289343187686,0.090523279,0.1115833610001194,0.07726663,0.097483248,0.8115792691711711,0.8824777749936006,0.9409599069847554,0.073498875,0.071154412,0.074712488
0.156892,0.019869536,5.519140743985852e-05,-0.10251271,-0.784696971,0.0096,0.0127,0.0154,0.0179,0.02,0.0222,0.0244,0.0269,0.0297,0.0359,,0.384994677,0.4481125997865667,0.8924645953696186,0.047787146,0.14225092200288003,0.074885456,0.061745507,0.10551705391672915,0.14048302664121934,0.9787824364567032,0.8393165040259989,0.8117322248461485,0.055644929,0.062069179771493274,0.061356686
0.178323,0.025313282,8.431019663049038e-05,0.023306191,-0.550248532,0.013,0.0167,0.0198,0.0226,0.0251,0.0279,0.0308,0.0338,0.0378,0.0481,,0.3748917098394868,0.46167214190118344,0.606488235,0.048911016,0.14310209112571765,0.078920043,0.082195336,0.074017866,0.12969191484511045,0.9078022772523029,0.815289075,0.8770075761560477,0.062522792,0.069811286,0.065258969
0.178019,0.025093363,8.412312523800712e-05,0.069723479,-0.459930539,0.0131,0.0169,0.0197,0.0222,0.0246,0.0273,0.03,0.0332,0.0375,0.0497,,0.4005456094988407,0.466358813,0.8059876633328802,0.035635513675849474,0.1477021130626876,0.090056125,0.10730171083447862,0.090988363,0.084694756,0.8830561024475433,0.8988530919220268,0.8046647749733059,0.069638331,0.055367497,0.059793844
0.177313,0.023670074,7.03457434631847e-05,-0.034523767,-0.485376333,0.0122,0.0159,0.0192,0.0217,0.0238,0.026,0.0284,0.0311,0.0348,0.046,,0.4106340732973506,0.4919991482512079,0.712573634,0.037487262181885035,0.11321930147774302,0.062527878,0.061277642,0.098797602,0.12749030819489934,0.9713910083404438,0.82507099,0.8611632742856999,0.089050633,0.056559094,0.072892829
0.169651,0.024930054,7.875544607348681e-05,-0.026404605,-0.542328937,0.0126,0.0168,0.0199,0.023,0.0252,0.0275,0.0298,0.0328,0.0367,0.0468,,0.36743078721607053,0.4209796023685033,0.8503317157540157,0.048240014,0.12772790560458064,0.090818028,0.082081404,0.10598898754456874,0.1242351814178673,0.9166548065951386,0.8136671756972633,0.9423881443889902,0.056729729,0.078247041,0.055085691
0.172431,0.023661133,0.000108672,0.053223408,-0.577451015,0.0102,0.0144,0.0181,0.0211,0.0239,0.0269,0.0297,0.033,0.0373,0.0515,,0.38468422881770936,0.4471308284574829,0.7481895186463996,0.045396806,0.11387624575793381,0.049442952,0.082440877,0.070122956,0.095409791,0.9799061561204114,0.8130846423810043,0.8102283266089831,0.094457923,0.077530735,0.056408254
0.188272,0.023365684,9.473325800847602e-05,-0.113021929,-0.756004566,0.0095,0.014,0.0183,0.0209,0.0234,0.0265,0.0295,0.0324,0.0359,0.045,,0.36990535270332814,0.40320699800902066,0.5838527076066115,0.046644194,0.1373888767869781,0.056148895,0.10279622726614983,0.082936312,0.087634658,0.9586964583015556,0.8075232061173798,0.841189385,0.086587689,0.077215061,0.092307921
0.176565,0.021874356,6.548504197334842e-05,-0.066413589,-0.746035374,0.0109,0.0143,0.0172,0.0194,0.0224,0.0243,0.0267,0.0295,0.0327,0.0385,,0.3895974796693754,0.4965628366197085,0.7545800574831095,0.038695058,0.1382467633772231,0.081475459,0.09595467,0.1137231354010037,0.12363867595337359,0.9705328210393072,0.855580156,0.9283338456976248,0.053317337,0.08134778,0.063901317
0.182279,0.026466186,0.000130044,-0.036502784,-0.695301672,0.0114,0.0162,0.0202,0.0237,0.027,0.0301,0.0332,0.0371,0.0411,0.0516,,0.40707016234986987,0.4818582328204619,0.6815873299093866,0.046991479379655025,0.12452035325707163,0.054218255756754236,0.072903734,0.080858281,0.093761587,0.8346865952631493,0.8147941900325222,0.9381687908889679,0.084848438,0.050515876,0.054796921
0.1803,0.02417916,7.599228436957556e-05,0.012742815,-0.57640087,0.0122,0.0169,0.0193,0.0215,0.0236,0.0264,0.0296,0.0324,0.0357,0.0448,,0.40306282811732763,0.4870548797004443,0.5377493696880589,0.047126451,0.11960875875356042,0.044799165,0.10510174512147039,0.1176874279542882,0.12859883153539334,0.8113213926961348,0.9902375595283053,0.9159523291735127,0.067330323,0.077431503,0.053254237803116625
0.180402,0.022451788,0.000103137,0.1020274173840214,-0.624675484,0.009,0.0128,0.0162,0.0192,0.0221,0.0253,0.0285,0.032,0.0358,0.0483,,0.35429262416703666,0.436000399,0.6186689259058034,0.041596145735892306,0.13328033431408567,0.045468442800840406,0.10717213247872023,0.088351834,0.096592729,0.9070722794819481,0.8508807255094529,0.8253151912955461,0.085449824,0.09753189,0.082150116
0.122003,0.019781522,6.275624815329623e-05,0.001839813,-0.777920707,0.0095,0.0119,0.0152,0.0173,0.0203,0.0221,0.0246,0.0273,0.0303,0.0375,,0.35057515977335985,0.42062222685384826,0.9447047908714384,0.041937037,0.1469314943746927,0.063156103,0.10691956436085231,0.1183700840144554,0.11831420272458866,0.9548836004885157,0.9792038987509113,0.9492182566147438,0.076503388,0.082398917,0.065164556
0.121597,0.019586514,8.15581391194668e-05,0.075400831,-0.760348949,0.0073,0.0106,0.0141,0.017,0.0192,0.022,0.025,0.0282,0.0317,0.0437,,0.4069841865924331,0.4256184791734197,0.5764428969140265,0.040365033,0.11129271749342998,0.049793785590020526,0.10173521036584118,0.10616688150497301,0.10388342755812165,0.8517354056780764,0.8461840438733957,0.9488057098790548,0.088019833,0.073883659,0.093730876
0.114386,0.019704393,7.262194398768669e-05,0.1400817130030351,-0.784196964,0.008,0.0117,0.0141,0.0173,0.0191,0.0217,0.0248,0.0277,0.0316,0.0392,,0.4082596693864054,0.48659876123672297,0.8544418751008408,0.039381011,0.13752274047377422,0.059414668,0.082374896,0.073646615,0.11090090367518397,0.8901995665521524,0.8863768729525828,0.9797236313522979,0.059769797,0.05563744,0.087616207
0.126192,0.018711679,5.351195748279824e-05,-0.02900795,-0.790689575,0.0087,0.0114,0.0143,0.0167,0.0189,0.0209,0.0232,0.0256,0.0285,0.0361,,0.3745716868092139,0.43047471536444715,0.8388998916658651,0.038226733785136816,0.13550822263342482,0.045851485,0.10050487997804558,0.087868707,0.11145435966611995,0.8169731784172679,0.9011743673696466,0.9464704680103389,0.088900029,0.070397197,0.058643087
0.132992,0.019653419,6.144633424038662e-05,0.014451806,-0.763535538,0.0095,0.0119,0.0151,0.0172,0.0201,0.022,0.0241,0.0271,0.0299,0.0377,,0.3516958417358071,0.43200979249822796,0.5008712638083822,0.048470522,0.14344344437529696,0.076322083,0.067273599,0.1139792255139932,0.11592173538006086,0.973270237,0.8699429501245755,0.8276624801572584,0.088428817,0.084634735,0.092645829
0.118578,0.022221596,0.000103379,0.039070147,-0.726908858,0.0085,0.0123,0.016,0.0191,0.0226,0.0256,0.0282,0.0313,0.0358,0.0472,,0.373939594,0.45820368405857054,0.5893829142145564,0.048932653,0.11944052828653758,0.07853655,0.083710074,0.10700222711022715,0.1095350694246212,0.8684431361942739,0.9285712040394446,0.8070671498552874,0.064270879,0.058357088,0.083157642
0.124701,0.019861716,6.11053921366204e-05,0.1398304947606954,-0.541560072,0.0101,0.0126,0.0151,0.0176,0.0198,0.0217,0.0242,0.0271,0.0302,0.0402,,0.386310798,0.48508809657896984,0.6160775903674426,0.037565164,0.13310156207577387,0.071657096,0.071202826,0.081202116,0.084821015,0.9106460110739744,0.9537118481835307,0.9086774181167256,0.068812154,0.078032697,0.059363285247603356
0.124732,0.018590175,6.953820989244911e-05,0.04161152,-0.673962384,0.007,0.0105,0.0139,0.0162,0.0183,0.0211,0.0238,0.0262,0.0295,0.0424,,0.4144591237992592,0.43413286685202684,0.7194337128647311,0.036486362,0.12038599404211532,0.068390086,0.062335778334335616,0.088398904,0.09613681,0.8122268669737884,0.884248833,0.9656149210671229,0.093581525,0.092338228,0.091051733
0.121244,0.019064434,6.24659500229007e-05,0.1187645033326724,-0.6813189,0.0086,0.0116,0.0147,0.0168,0.0186,0.021,0.0234,0.0264,0.0299,0.0382,,0.35280752857103864,0.41205704083297867,0.6285530461843335,0.037548622,0.11680553176340014,0.06719198,0.071718059,0.079627212,0.089383751,0.8836808474789877,0.9129547416697489,0.8372781911700647,0.061782008671055606,0.065691714,0.09655166
0.117933,0.020270692,7.713829217311023e-05,0.068530091,-0.835161068,0.0079,0.0119,0.015,0.0178,0.0199,0.0227,0.0255,0.0285,0.0324,0.0392,,0.37497148436304256,0.4286377888685028,0.791172089,0.04475128,0.11239579620507065,0.07050984,0.085098001,0.089999459,0.13646880325515848,0.8657504564558849,0.9224792716597382,0.9997628783055141,0.094004549,0.063702097,0.06648479
0.171536,0.02454717,8.789684069285574e-05,-0.095567877,-0.742725293,0.0113,0.0157,0.0193,0.0225,0.025,0.0276,0.0301,0.0331,0.037,0.0464,,0.3655291374781288,0.4655584068782258,0.8705784155198321,0.043323536457256985,0.11326821285335098,0.089787122,0.10160849818641546,0.096275976,0.11772158628597425,0.9225869837287897,0.9845793172683709,0.8458208657104253,0.08334458,0.057824165,0.052758431535589005
0.177,0.023008399,8.399985606659028e-05,0.089166776,-0.623935471,0.011,0.0144,0.0174,0.0201,0.0226,0.0253,0.0282,0.0311,0.0356,0.0494,,0.37881071759003493,0.49145907002662276,0.6230353392994019,0.039893136,0.12276662626064641,0.050974105,0.081393642,0.096963514,0.093303524,0.8925412920422529,0.8493209346500772,0.9199162645723626,0.088023508,0.091511062,0.092999828
0.177342,0.023949292,0.000103048,0.1638407823020931,-0.630376811,0.0109,0.0146,0.0178,0.0207,0.0234,0.0265,0.0294,0.0328,0.0378,0.0503,,0.4051613497583924,0.4481900788377365,0.7373347162916214,0.045444728510120574,0.11326299590016424,0.053855014,0.079055806,0.10946785555027479,0.10210670333497032,0.8157027888700141,0.8350524062518392,0.8171292442136229,0.090743683,0.099287547,0.080090755
0.178187,0.024955769,9.630678113964488e-05,0.085232121,-0.624324498,0.0123,0.0161,0.0193,0.0221,0.0249,0.0278,0.0305,0.0334,0.0381,0.0511,,0.3588611200629804,0.4571061680588116,0.7928362643846869,0.045500874220898234,0.1375426900957086,0.068733885,0.078318349,0.11081963615306331,0.12565115767988566,0.9794178254250994,0.8626477031169286,0.9772341314204257,0.082955776,0.059340370687999196,0.091152935
0.177555,0.023443054,0.000103592,-0.003893812,-0.763049741,0.0095,0.0133,0.0173,0.0207,0.0239,0.0266,0.0294,0.0327,0.037,0.0468,,0.4030185963361416,0.46069661739300233,0.7614411447046301,0.042974104,0.12721992431695225,0.049507839145260704,0.080408081,0.098359154,0.1404774452083522,0.9131750121472682,0.9642374891555302,0.9321143031017541,0.084929437,0.053171857,0.065854027
0.179284,0.022233628,8.613429349056638e-05,0.2377890774651283,-0.374640265,0.0105,0.0138,0.0169,0.0193,0.0218,0.0243,0.0272,0.0303,0.0345,0.0504,,0.41436212790813515,0.44384945144984045,0.6965874125386323,0.047205486,0.12024090463720989,0.0681682,0.11088587605935932,0.069064904,0.12638456959181663,0.9072068913568313,0.8857927895866474,0.9966384147257117,0.08443813,0.055578906,0.059035451
0.168936,0.025363195,9.134258980731782e-05,-0.040325107,-0.66256818,0.0123,0.0164,0.0196,0.0227,0.0254,0.0281,0.0311,0.0344,0.0379,0.0491,,0.4079586194907284,0.45284787034948304,0.6318734619687978,0.047531621,0.13625212469457615,0.079451739,0.074218478,0.11418406060086057,0.090489958,0.9258088014284551,0.8935488284180012,0.9832882289182439,0.073855561,0.066430115,0.059033019
0.179755,0.024441557,9.83703841660542e-05,0.054814138,-0.663150904,0.0114,0.0153,0.0187,0.0216,0.0243,0.0272,0.0301,0.0334,0.0377,0.0505,,0.3773266783031338,0.48031012188364536,0.6843259904406009,0.049799934,0.14903737882715087,0.054913278900164245,0.067496904,0.10279389658715843,0.099516153,0.8849607998638839,0.9047074585701679,0.9801030823266965,0.057391168,0.093270841,0.082188663
0.174062,0.022512234,7.768639201197423e-05,0.076314055,-0.632884192,0.0106,0.0139,0.0171,0.0204,0.0227,0.0251,0.0277,0.0305,0.0342,0.0466,,0.36428527025189106,0.46354879800126114,0.8228321510825192,0.038141581385185606,0.13015213078687796,0.064365258,0.055122415092881294,0.080812908,0.10915391146357423,0.8759274311213754,0.8292134800001635,0.8186170463412117,0.066829361,0.093516661,0.074825061
0.169949,0.027332474,0.000151556,0.1652358450559673,-0.670000593,0.0105,0.0156,0.0201,0.0238,0.0271,0.0301,0.0337,0.0388,0.0446,0.0588,,0.39279957656985837,0.4138856172615054,0.6403147182005534,0.046600074433416995,0.13059188753693773,0.045517740423817905,0.086801675,0.071717209,0.12911975924818006,0.8414816564208738,0.9050096447643531,0.9041794990693307,0.058086396,0.053527310675686314,0.065028501
0.125852,0.019896393,5.8313522703413534e-05,0.052290257,-0.652994518,0.0102,0.0127,0.0152,0.0178,0.0199,0.0219,0.0242,0.0271,0.0302,0.0402,,0.35484568261992955,0.49374296808540946,0.8842636747255066,0.039060513,0.11152906142402119,0.062091707,0.10471020046123854,0.090237146,0.12361906526334014,0.88978806,0.951146401,0.8867910921993901,0.094618216,0.062127364,0.094895384
0.118372,0.02193225,5.8445770805527133e-05,-0.105460861,-0.564035489,0.0117,0.0151,0.0177,0.0197,0.0221,0.0242,0.0263,0.029,0.0321,0.0389,,0.37185365339000487,0.42471945454212534,0.5405174610481008,0.046365584,0.11841101817653647,0.085271219,0.093301499,0.099726494,0.11785669714524413,0.9567761295144253,0.9271012920096544,0.9992725218475531,0.060823474,0.088571352,0.085555734
0.128965,0.021345246,6.752081622084759e-05,0.036705168,-0.681011136,0.0102,0.0137,0.0165,0.0187,0.0212,0.0238,0.0262,0.0289,0.0323,0.043,,0.37444216220669496,0.44322585281305804,0.7388693398073529,0.047728872,0.1358440615185688,0.090343908,0.081889607,0.081857009,0.088222964,0.9498770768378458,0.8235167696917346,0.843966142,0.061085409063869084,0.076631432,0.08877375
0.133034,0.021938435,0.000109092,0.2457406178681128,-0.574377139,0.0085,0.0123,0.0154,0.0184,0.0213,0.0241,0.0273,0.0313,0.0369,0.0483,,0.3770374091553211,0.47287493443607376,0.6468584037661562,0.048670481,0.14528280300259164,0.048769707252615084,0.09901303,0.11130274566033584,0.1405819802567692,0.9448186027665704,0.8352247702760327,0.9140494557202848,0.075706135,0.075273442,0.087290606
0.140379,0.021046464,6.931083233480915e-05,0.006531616,-0.759354127,0.0103,0.0131,0.016,0.0187,0.0211,0.0234,0.0261,0.0289,0.0321,0.0407,,0.40495891737863754,0.4244584935959746,0.6306434971191197,0.048365037,0.1490074064902761,0.041831979620488374,0.058928206,0.08486349,0.1407639718550743,0.9763338420184813,0.9491835074132738,0.8591330766163806,0.075289253,0.070999354,0.087052994
0.12489,0.020641192,6.807246953070083e-05,0.1189826916860303,-0.659681964,0.0102,0.0129,0.0158,0.0183,0.0204,0.0225,0.0251,0.0282,0.032,0.0404,,0.366288209,0.45328453428211085,0.9167037059348521,0.040092264476488476,0.11798911265887059,0.064716549,0.086746411,0.08238889,0.13638453012402812,0.850769703,0.9680560686342603,0.9504921831121091,0.080802087,0.079061678,0.058048329
0.147914,0.021807314,7.735086706214079e-05,0.2652970794079525,-0.418218572,0.0102,0.0135,0.017,0.0191,0.0213,0.0237,0.0263,0.0298,0.0336,0.0446,,0.386685138,0.45793594392295944,0.888932604,0.038238301,0.1447929060692748,0.076055942,0.076266651,0.12007965702348368,0.10648720315719601,0.8640845486992851,0.9501756925180251,0.835548058,0.08912581,0.067002158,0.095005494
0.135148,0.017518587,6.153260003992217e-05,0.007027768,-0.792685229,0.0063,0.0101,0.0124,0.0152,0.0174,0.02,0.0222,0.025,0.0281,0.0367,,0.413510788,0.45867929466166557,0.6227354792646779,0.043196673004408714,0.11638470504892251,0.052972849,0.099364434,0.12747861057052823,0.11861377108641077,0.8627801616742821,0.8299831334079126,0.9584404704771081,0.091091903,0.059979349,0.092835592
0.132948,0.019188593,5.196901595490737e-05,-0.006243292,-0.738407907,0.0095,0.0126,0.015,0.0172,0.0189,0.0213,0.0234,0.026,0.0292,0.0347,,0.4129229599100784,0.460248125,0.6835679346517061,0.049058857,0.12506437449856864,0.061031924,0.068270138,0.099443399,0.10859941356888679,0.9691391094301384,0.8710654144217012,0.8978716067552979,0.086892902,0.065163103,0.097306055
0.127348,0.018351746,7.034911925455468e-05,0.07231809,-0.719151372,0.0066,0.0108,0.0131,0.016,0.0185,0.0207,0.0232,0.0261,0.0296,0.0401,,0.36677577674808515,0.437667995,0.7645739999043204,0.042389103254174505,0.11319051368827031,0.075307769,0.10486404037187635,0.10459831770153138,0.11547587462021554,0.8398312670371147,0.9670806927971228,0.9454285017380161,0.067027512,0.072562,0.064875263
0.11356,0.016103193,5.272785432006039e-05,0.003049335,-0.802048906,0.0055,0.0092,0.0122,0.0137,0.0165,0.0182,0.0206,0.0229,0.0258,0.0347,,0.37251623445577214,0.4254484274350214,0.9247316965600909,0.049659073,0.1176741696646836,0.052876481,0.056066904,0.11932027203469486,0.10376362300831471,0.8002817968733347,0.8694796593114444,0.9030802190917293,0.094638725,0.096206707,0.09553318
0.102179,0.017281656,5.641980252632353e-05,0.058403415,-0.789842004,0.0077,0.0099,0.0129,0.0149,0.0176,0.0194,0.0222,0.024,0.0274,0.0354,,0.385156897,0.46642625,0.7782011328532753,0.046407497,0.14304446383016228,0.086684128,0.074362985,0.11625116349096232,0.14310392389720958,0.9340243948359215,0.8511307802070252,0.8207553943264729,0.066634349,0.079861032,0.057866277
0.103837,0.01664693,5.225219990959107e-05,0.059566879,-0.774705322,0.0076,0.0097,0.0127,0.0144,0.0171,0.0187,0.0208,0.0234,0.0267,0.0356,,0.38464050272839134,0.43661173029345524,0.774642497,0.039991266,0.13290568254463805,0.060234567995308456,0.10703904585332316,0.08131196,0.1428221118175788,0.9689855258530707,0.9117003227085833,0.965051975,0.052924879440382364,0.095148265,0.064222858
0.104851,0.016227121,5.0934255074175585e-05,0.024147468,-0.853507843,0.0063,0.01,0.0119,0.0141,0.0162,0.0182,0.0207,0.0231,0.0257,0.0335,,0.39894548449709893,0.4911606897569645,0.7782485488780797,0.037239779,0.13641548160133288,0.051359411,0.061459997,0.081801744,0.12338042440155114,0.9444521542660002,0.8122650597142416,0.835966456,0.078324134,0.083921265,0.093683537
0.107608,0.015047382,4.649580843763104e-05,0.01943842,-0.80991733,0.0051,0.0084,0.0112,0.013,0.0153,0.017,0.0192,0.0214,0.0242,0.0335,,0.40726954142578053,0.4983030705766936,0.5734841436274136,0.037421999,0.12981603075978218,0.047939703,0.067354891,0.11629516981673976,0.097767371,0.8826215895190713,0.8720506866496996,0.9312025480207505,0.056542658,0.066889715,0.055119796
0.101914,0.016634328,5.470489970091109e-05,-0.06914134,-0.851033474,0.0056,0.0094,0.0124,0.0145,0.017,0.0189,0.0213,0.0235,0.0262,0.0344,,0.4189316532252317,0.4304504211545267,0.6405167459094683,0.045113815872086925,0.12386832106276766,0.07781448,0.081226454,0.12750365518864518,0.13578652439481276,0.8895864902373166,0.9325585094196179,0.9526183670767358,0.090981765,0.057362608,0.089041021
0.101835,0.016847008,6.0817515196307976e-05,0.086982711,-0.791411171,0.0059,0.0097,0.0118,0.0145,0.0165,0.0191,0.0214,0.0242,0.0275,0.0372,,0.3967210543342941,0.48618393099820134,0.6984140589248016,0.039973116,0.14113841500837226,0.069027377,0.11042579248506362,0.087134813,0.12612425326123458,0.8231194969301827,0.9720718605781397,0.9718122019570781,0.059557656,0.058917825,0.055268171
0.120489,0.016796102,6.004471131471799e-05,0.1457554598960651,-0.621587702,0.006,0.0097,0.0119,0.0146,0.0166,0.019,0.0211,0.0235,0.0269,0.0372,,0.3980249017633145,0.41220738411054464,0.7920793147419075,0.040842028811385045,0.11777016827061243,0.09044576,0.084070443,0.12067744117236906,0.11023366872814953,0.935515741,0.8342513676023208,0.8451212008581158,0.077512648,0.096868408,0.073167878
0.104091,0.016702951,5.15728831010451e-05,0.013359992,-0.798523967,0.0073,0.0105,0.0124,0.015,0.0166,0.0188,0.0209,0.0235,0.0265,0.0334,,0.41754734300227164,0.46474091542329865,0.7838506721283963,0.046808723609651215,0.1438087322914863,0.06521231,0.082716797,0.073257282,0.1280716044593804,0.890494699,0.9663687798891875,0.9390239479803955,0.070238808,0.09311046,0.088618503
0.116861,0.017161607,5.0788038527202495e-05,0.025059385,-0.844948362,0.0077,0.0108,0.0127,0.0153,0.017,0.0194,0.0215,0.0238,0.0272,0.0336,,0.4088793738857751,0.4428238065631269,0.6991948661287813,0.037628159,0.12554623062724599,0.070859232,0.08387877,0.085096834,0.085634696,0.9757354558993827,0.9118153662979002,0.981364266,0.073987158,0.086901065,0.095096586
0.091091,0.013743698,3.7797057318688266e-05,-0.01598029,-0.877195962,0.0055,0.008,0.0103,0.0124,0.0134,0.0159,0.0177,0.0198,0.0219,0.027,,0.38044835220737405,0.49313647,0.8261265833603955,0.044849976,0.11599434052197843,0.055657025,0.072202712,0.081286852,0.12194882236046867,0.8843875781260704,0.8472303279462932,0.8864447788164586,0.091561882,0.051925740274355994,0.083429422
0.096239,0.014667918,4.470128789575328e-05,-0.010448821,-0.923978694,0.0055,0.0081,0.0104,0.0126,0.0147,0.0172,0.0187,0.0212,0.0237,0.0294,,0.41189710534422835,0.42462384000159176,0.942086979,0.037106502,0.13676105408675449,0.063190245,0.11014424659561609,0.1007073017089643,0.097957698,0.9596781909273486,0.8592570021252394,0.8090483279041659,0.060771835,0.071403598,0.073492793
0.090131,0.016007764,5.3513927568586285e-05,0.033463882,-0.800218662,0.0053,0.0089,0.0118,0.0134,0.0161,0.0179,0.0206,0.0229,0.0258,0.034,,0.4171626159021734,0.406116111,0.6659689627011506,0.042206693660163996,0.1350996439919772,0.081648654,0.10902666773596277,0.10279137390776612,0.14078689472053368,0.8041012061457307,0.9674354358370227,0.9459361050028949,0.059312014,0.063885662,0.092279627
0.096181,0.014626228,4.611043058356297e-05,0.084423265,-0.800192536,0.0057,0.008,0.0105,0.0124,0.0146,0.0166,0.0184,0.0209,0.0238,0.0311,,0.38451206527858883,0.4605995020618221,0.6270184026235218,0.042763439,0.11538534552178875,0.072120181,0.082264364,0.087102497,0.096827075,0.8561009211927585,0.9143300877825982,0.8157288615238839,0.082515726,0.092283941,0.069034904
0.107569,0.016046633,5.423730378772216e-05,0.1012328357431963,-0.729509429,0.0065,0.0093,0.0117,0.0138,0.0159,0.0178,0.0203,0.0229,0.026,0.0334,,0.3934626313711475,0.4878362705702392,0.5922966038205381,0.042806307,0.1432178538739878,0.058780086818415164,0.063268821,0.12205118475207226,0.08686837,0.8872399536376108,0.960741753,0.9798887524882796,0.057599413,0.058410243,0.099049936
0.113337,0.016287058,5.268718372611986e-05,-0.056530101,-0.889404552,0.0064,0.0099,0.0118,0.0142,0.0167,0.0183,0.0209,0.0233,0.026,0.0317,,0.37426456370780037,0.42936592480142005,0.8779066918907296,0.040387052,0.13243494438262646,0.07845503,0.10550957954845158,0.12231108622554392,0.088650099,0.9071587231755638,0.9985602200743522,0.9137024934169329,0.05900997,0.096821054,0.063764041
0.110701,0.015685759,5.002180051231965e-05,0.015325114,-0.785280687,0.0053,0.0088,0.0116,0.0136,0.0159,0.0178,0.0201,0.0223,0.0251,0.0335,,0.3521933346432744,0.4627330109248933,0.6042336029524888,0.042370605,0.13544881623224406,0.088860172,0.061954714436484884,0.0753858,0.1389582159800159,0.8020504212055747,0.9862446741745637,0.8982331230214488,0.061763030610788854,0.074458919,0.069747847
0.124529,0.016462068,5.664894687349114e-05,0.077705566,-0.688944813,0.0057,0.0094,0.0118,0.0142,0.0165,0.0186,0.0206,0.0232,0.0267,0.0359,,0.3773581656239495,0.4852381963421271,0.6996940004967682,0.042609295,0.132054663,0.049911579,0.092431029,0.12326017497255928,0.09131769,0.8294628189756124,0.993250987,0.9933781220244337,0.089334295,0.085693341,0.052131094563311844
0.097871,0.015696325,5.395526334499961e-05,0.1766824423463655,-0.541168414,0.0056,0.0089,0.0113,0.0134,0.0157,0.0177,0.0197,0.0222,0.0255,0.0389,,0.36311704941507317,0.41686993596126953,0.8818863213938314,0.049845399,0.1162816709822516,0.045819227668281434,0.094463226,0.12167586064210023,0.10929553143262498,0.9290316724153703,0.853686111,0.8127993689836068,0.084190968,0.057037747,0.0599056
0.20841,0.029087525,9.473103251859796e-05,-0.107239246,-0.242458074,0.0175,0.0212,0.0242,0.0271,0.0299,0.0324,0.0349,0.0379,0.0418,0.0525,,0.38406534108388923,0.4670820268515878,0.7624847147906622,0.042854382121716675,0.14593418368675062,0.049750073,0.10409368931395852,0.1258018726426712,0.12426311098255226,0.9558968153927574,0.9943372913077141,0.9385479900447818,0.072684637,0.082038891,0.055766191
0.192162,0.028005295,9.432096114934024e-05,-0.136736078,-0.542238019,0.0149,0.0191,0.0225,0.0256,0.0283,0.0309,0.0335,0.0362,0.0409,0.0503,,0.40368417942703966,0.44208909421203724,0.7813739870614882,0.039496075519101795,0.12645989,0.064543748,0.092173943,0.079968932,0.10524080088636417,0.8493342043673447,0.8875613791343514,0.8272263766720379,0.078119161,0.059437537,0.055455644
0.193894,0.027487287,9.664526207799984e-05,0.090732277,-0.276342036,0.0144,0.0183,0.0218,0.0246,0.0275,0.0303,0.0331,0.0361,0.0399,0.0562,,0.41905016377019516,0.4738120049184154,0.9092917275706216,0.042353581117367596,0.11669966513161187,0.043083899383757486,0.085847567,0.11516821305190199,0.14084023895225886,0.9057029795247942,0.9879288847291926,0.8737080077924626,0.077771418,0.057418896,0.054175904584794196
0.190773,0.027057892,9.263519156221826e-05,0.01088996,-0.461808446,0.0145,0.0186,0.0216,0.0245,0.0273,0.0299,0.0327,0.0356,0.0392,0.0514,,0.39913611924275705,0.41166376516391023,0.6656874874202856,0.042626044,0.12939113934942167,0.065690189,0.065540742,0.093383902,0.1381992878124207,0.8517299994182583,0.966201525,0.9055217592140389,0.094411752,0.093635494,0.066157074
0.199363,0.026710773,9.23520977790147e-05,-0.063040751,-0.614872783,0.0136,0.0177,0.0211,0.024,0.0268,0.0295,0.0322,0.0355,0.0394,0.0492,,0.41029941184329827,0.48778826770746103,0.6914134672967083,0.036756253,0.14012289313124035,0.049920973482918365,0.097584426,0.074425538,0.1268954025250444,0.847644329,0.9170519080835584,0.878821147,0.060600301947895216,0.055739204,0.085658195
0.18869,0.027471996,9.494055739923904e-05,-0.034443285,-0.603725595,0.0145,0.0185,0.0217,0.0244,0.0274,0.0301,0.033,0.0364,0.0408,0.0497,,0.3722446543117926,0.4004054916903672,0.6179558610316958,0.045496373,0.14471597932945426,0.048453696499583684,0.1101735280266017,0.075583293,0.11113921387008488,0.853222698,0.9587404732988342,0.8418249649219949,0.077688746,0.086058168,0.098930619
0.196942,0.02574759,8.109361564507854e-05,-0.004593806,-0.401939558,0.014,0.0178,0.0207,0.0232,0.0258,0.0281,0.0308,0.0336,0.0374,0.0506,,0.35972107,0.42657996429811573,0.5773923059463753,0.037682751,0.133945549,0.059526225,0.11177823041975685,0.091975339,0.13520069766468187,0.92850435,0.869002078,0.9688724216586414,0.056030379,0.051444385,0.073938005
0.202406,0.029044807,0.000102729,-0.000471034,-0.341116013,0.0154,0.0198,0.0234,0.0267,0.0296,0.032,0.0348,0.0377,0.0423,0.0573,,0.3775239336367563,0.4549563146375263,0.6190389045126576,0.048690783,0.12990688800133668,0.060752189038371235,0.11206045446511032,0.11557266181393264,0.12986479961717615,0.9393488102063201,0.901132085,0.867435834,0.094359952,0.063447354,0.073593886
0.170565,0.026954047,0.00015049,0.2284140703150127,-0.290424625,0.0103,0.0164,0.02,0.0235,0.0267,0.0302,0.0336,0.0373,0.0431,0.0623,,0.4018467657937821,0.42732969141387145,0.9135749868629941,0.036660142,0.12489815710369699,0.072689774,0.06613563,0.088837067,0.12094734602082813,0.9910686563228485,0.979600278,0.9108424459962009,0.071064419,0.084547771,0.057997635666270544
0.206089,0.028016277,8.495411355108054e-05,-0.193052421,-0.496276943,0.0153,0.0193,0.0227,0.0258,0.0286,0.0313,0.0338,0.0363,0.04,0.0483,,0.37721315748383877,0.4722008056373537,0.8476105393822639,0.041813601,0.11612194590488328,0.084405944,0.068771665,0.10229132500243425,0.14112800390203906,0.9145331512122268,0.9972017931948308,0.9812525268819934,0.094353196,0.059784062852810814,0.097694187
0.100423,0.02200689,6.967225702416758e-05,0.092166709,-0.556590807,0.011,0.0144,0.0173,0.0193,0.0215,0.0242,0.0272,0.03,0.033,0.0443,,0.39303319661201885,0.40078991554417726,0.7407610827667139,0.040899738,0.14998044843619296,0.045771926,0.1105516313592097,0.1088692129489232,0.135956871,0.9768823550213797,0.9194361668227766,0.8240320862342408,0.05238427,0.063925407,0.080390712
0.102457,0.021950007,5.268546091511433e-05,-0.243573776,-0.327738505,0.0122,0.0155,0.0184,0.0203,0.0224,0.0245,0.0263,0.0283,0.0312,0.0398,,0.357867711,0.4823271671402898,0.5271383366819083,0.045664875743150174,0.12492423208275058,0.053583404,0.053991368953968555,0.087484214,0.11400857622655382,0.8879773839925525,0.9916593073158922,0.8138912360035211,0.09603975,0.063909664,0.053744425
0.103084,0.020974131,5.705438495142072e-05,-0.117419366,-0.674712577,0.0107,0.0139,0.0165,0.0191,0.0212,0.0232,0.0256,0.0279,0.0309,0.0372,,0.4062427525483387,0.4268808633372241,0.5377170350409116,0.044333972,0.13865228097259774,0.059691124,0.054876534,0.11097161495712712,0.13424985300664416,0.9287772567552725,0.9193146611488752,0.8318441053610505,0.083635886,0.051710457,0.052674443
0.114842,0.017615069,6.0897500198220696e-05,-0.063655396,-0.881014502,0.0073,0.0099,0.0128,0.0156,0.0176,0.0204,0.0224,0.0252,0.0279,0.0344,,0.4050036061336378,0.40530124810480495,0.6504407328221256,0.049895173,0.12167421751994074,0.045678021,0.053642490015514244,0.072653769,0.092454619,0.81780394,0.8851961159306965,0.9843194013844051,0.092545705,0.075749344,0.087981503
0.115144,0.019545974,7.597163875666252e-05,-0.035722081,-0.835784394,0.007,0.0113,0.0143,0.0173,0.0195,0.0222,0.0248,0.0278,0.0313,0.0389,,0.36492876205911273,0.4918014307636815,0.5695250712891653,0.049356366550537115,0.11957476226083623,0.075565168,0.10107241126771455,0.081903992,0.1360180100350325,0.9214097432727165,0.8831218623794708,0.8346548488032848,0.087749445,0.073591575,0.085457698
0.099846,0.01584422,5.397310895512215e-05,0.045510612,-0.859436888,0.0062,0.0085,0.0113,0.0132,0.016,0.0183,0.0201,0.0229,0.0261,0.0325,,0.3732597853484441,0.4373131924241706,0.6827943475635768,0.045909872,0.11910103097765715,0.071808797,0.06941441,0.10472861748103186,0.1393465731404428,0.8884631304089328,0.8491725523867446,0.8396595106161652,0.091252669,0.095489428,0.052264806
0.116994,0.019277578,6.994962715076116e-05,-0.110302878,-0.825154925,0.007,0.0111,0.0145,0.017,0.0198,0.022,0.0246,0.0271,0.0306,0.0367,,0.40296404447808065,0.4346452771603268,0.9224292991568908,0.041447441,0.13073660528580253,0.056255062940678585,0.082840354,0.085408509,0.11810097890903264,0.8843691178293429,0.9701911651884749,0.84014258,0.058005194,0.072296592,0.09392805
0.118242,0.018115085,6.355434637305171e-05,-0.057407255,-0.787487289,0.0065,0.0104,0.0135,0.0158,0.0183,0.0206,0.023,0.0256,0.0286,0.0366,,0.37314936221984873,0.4227115773312311,0.9300476992522368,0.046917264,0.1308797118523483,0.074244523,0.084352752,0.1145730875093466,0.11042896306688944,0.8936180341500966,0.8610207360249497,0.8227646251265619,0.084244687,0.063581161,0.066717699
0.116324,0.021600867,5.398771684635203e-05,-0.276588192,-0.50738161,0.0114,0.015,0.0174,0.02,0.0218,0.024,0.0262,0.0287,0.0312,0.0368,,0.3612881841937467,0.4220521039840982,0.8950324991906697,0.037635098,0.11029215688238868,0.087395493,0.11290548179274242,0.11840398703139325,0.13203397549388401,0.9702855321427908,0.9926507812286409,0.8677471999179414,0.069209515,0.080094431,0.088379373
0.116662,0.018920812,7.211269446681278e-05,-0.013581692,-0.780055784,0.0067,0.0111,0.0134,0.017,0.019,0.0213,0.0244,0.0269,0.0301,0.0394,,0.35128908849005563,0.496298463,0.6648184641296351,0.045073937752792594,0.1410214658343786,0.078120039,0.058452169,0.099893112,0.10846640814641936,0.805856679,0.8876856459688378,0.8303098823082588,0.080107506,0.069904073,0.076219158
0.203206,0.027397472,8.730328570986342e-05,-0.155485952,-0.572850805,0.0146,0.0187,0.0221,0.0248,0.0275,0.0302,0.033,0.0361,0.0398,0.0492,,0.39870188550564867,0.45675685342208033,0.662218803,0.04095321,0.11864717151038925,0.047540988388266814,0.063233988,0.070847098,0.094581963,0.908920536,0.9701611707120628,0.933483229,0.065665326,0.062145931,0.096672522
0.221103,0.032610705,0.000120532,-0.132419982,-0.496180767,0.018,0.023,0.0265,0.0296,0.0329,0.0357,0.0389,0.0428,0.0468,0.0586,,0.376302033,0.4017091623165495,0.7366228681835634,0.042276833,0.13965978714437935,0.070974627,0.064562177,0.077493412,0.11540317441831678,0.9998453786386876,0.8265708617742762,0.8008154896923732,0.090011748,0.083996212,0.056614462
0.202479,0.029109013,9.800920253864553e-05,-0.12358575,-0.512857358,0.0158,0.02,0.0236,0.0265,0.0292,0.032,0.0349,0.0382,0.0422,0.0537,,0.3536797967443617,0.4495500814478146,0.8620598888636419,0.036386235,0.11128399515422005,0.04665649,0.062427877069455386,0.12536922246969098,0.12707918107113145,0.9214060262920016,0.8299024563550212,0.9759156718689151,0.051883878,0.090082589,0.091018731
0.208017,0.03031511,0.00010364,-0.120776745,-0.43734397,0.0167,0.0211,0.0246,0.0276,0.0303,0.0329,0.0358,0.0396,0.0434,0.054,,0.36232581297408173,0.43228858393204717,0.516475505,0.049090249,0.12352885750652282,0.073712536,0.098861381,0.11785715353605755,0.1408654637687694,0.894237998,0.8261144570023495,0.8632427102777129,0.07913812,0.077222736,0.07139857
0.213498,0.030628078,9.84122395120502e-05,-0.414076811,-0.212783453,0.0178,0.0222,0.0255,0.0285,0.0313,0.034,0.0366,0.0394,0.0429,0.0508,,0.3951967047561628,0.4276758290546241,0.9378003850786385,0.041502488,0.11169950909081276,0.089516029,0.069901438,0.10091839110037534,0.11168697207259685,0.9754544323823591,0.9962808752082746,0.9900590109622368,0.063703714,0.093585904,0.073462933
0.208371,0.029244503,8.732524828457276e-05,-0.275550304,-0.350657697,0.0167,0.0207,0.0239,0.0271,0.0297,0.0324,0.0349,0.0373,0.0413,0.0498,,0.38415694014558727,0.49435803199582046,0.7735559322549966,0.045568990816927606,0.14298766193198892,0.057654488,0.092728452,0.078917879,0.13110067818326213,0.8724399281031479,0.957117418,0.9238236006306512,0.05242419,0.076736978,0.05544245
0.208681,0.028944964,9.690786357594837e-05,-0.125935716,-0.461970996,0.0158,0.0205,0.0237,0.0267,0.0295,0.032,0.0349,0.038,0.0419,0.0526,,0.3961168948199288,0.43172291119816775,0.7165638018613153,0.042531628,0.11239520342532731,0.057685242216861665,0.060770159448412964,0.094324053,0.11263573622247071,0.8228800571952206,0.8900467670277911,0.9458891196695842,0.084667561,0.059574000944533176,0.05264069
0.213812,0.02985889,0.000100614,-0.15418033,-0.486557737,0.0163,0.0207,0.024,0.0271,0.0299,0.0328,0.0356,0.039,0.0428,0.0546,,0.4041823563898234,0.4710690565425114,0.7832988605737188,0.035952096,0.13827709076889155,0.054729785,0.07152633,0.092819362,0.13508101661486568,0.9372437401598114,0.822622825,0.9202383885998414,0.054218548857560805,0.065778208,0.058311701
0.205497,0.024197667,6.730240140916589e-05,-0.202418474,-0.589771296,0.0125,0.017,0.0194,0.022,0.0247,0.0276,0.0294,0.0316,0.0346,0.044,,0.4045524109469871,0.4527816443613494,0.5640732584742807,0.045522207,0.1450730332673387,0.071589017,0.055566941,0.12684515394397716,0.085673014,0.9899977415763137,0.8273892836145755,0.8733445249080961,0.077181545,0.072814738,0.085252041
0.208082,0.026900073,8.572376484020445e-05,-0.153130327,-0.649561092,0.0141,0.0179,0.0215,0.0244,0.0274,0.0304,0.0329,0.0356,0.039,0.0482,,0.405970606,0.45491268475896807,0.6967324255683218,0.040748716,0.12923592868452258,0.073761153,0.060282688,0.10212400489405828,0.13913109619057143,0.8712573113030134,0.970986544,0.9839167494439396,0.077456523,0.076880339,0.075302147
0.175962,0.024151545,9.883364961154924e-05,0.096095497,-0.649809413,0.0108,0.0146,0.0178,0.0211,0.0241,0.0271,0.0302,0.0333,0.0374,0.0482,,0.4056184468763944,0.44440896372964395,0.5999794397361466,0.044235039,0.14781310264366238,0.062527565,0.10615603899120762,0.092617846,0.136366047,0.8355129394829888,0.8640512681590578,0.8385685109551961,0.085204282,0.064266122,0.054130139605318615
0.176828,0.022185728,7.95589097607646e-05,-0.0314606,-0.755582412,0.0096,0.0136,0.0171,0.0196,0.0222,0.0249,0.0279,0.0304,0.0341,0.0437,,0.4004850789567777,0.42558318470649587,0.6450453746340459,0.035126515,0.12385312220210352,0.062435815,0.068221314,0.092269737,0.097795676,0.9379592038193261,0.9651068497069049,0.9032499232815596,0.088893433,0.06202981,0.087923133
0.17673,0.022448844,7.545886596484146e-05,-0.105138841,-0.815240434,0.01,0.0142,0.017,0.0198,0.023,0.0253,0.0279,0.0307,0.0337,0.0422,,0.3971647372228193,0.43339951157268514,0.7430390894487369,0.037418015,0.12209282937156202,0.076425224,0.080867996,0.080501251,0.13538462150761663,0.8876565634901691,0.9825294087127113,0.8118223253265227,0.073596418,0.086564216,0.060063814583236924
0.174175,0.021762335,6.933928969743905e-05,-0.039862807,-0.655274661,0.0098,0.0141,0.017,0.0193,0.0219,0.0245,0.0268,0.0292,0.0325,0.0431,,0.35661598348078305,0.4433763997193654,0.9361528299403744,0.036435627,0.11657548448369563,0.054113654114283864,0.10669208890882692,0.11075417951130487,0.098020901,0.9404661464705107,0.9694942867079591,0.834932813,0.062387236782757795,0.060594869,0.07573284
0.170301,0.020204148,6.867340715400071e-05,0.048245089,-0.710488052,0.0093,0.0127,0.0152,0.0175,0.0205,0.0225,0.0248,0.0281,0.0312,0.0411,,0.3675700044075197,0.47261680574173903,0.7462604991509227,0.045430027,0.13620428064037343,0.053343098,0.076889551,0.073175984,0.08482123,0.8261996756086533,0.8417602876893557,0.8987054981563047,0.065504607,0.054159418,0.082654157
0.188957,0.021017181,8.404144500820771e-05,0.014150972,-0.633770966,0.0087,0.0122,0.0157,0.0182,0.021,0.024,0.0268,0.0294,0.033,0.0474,,0.3803349723635728,0.4400323735745636,0.6099742154187917,0.044765534,0.12437306049939748,0.045392971335710366,0.091500769,0.074197064,0.12436883742637758,0.9432124798990165,0.8849063093865062,0.8474062955657218,0.087129331,0.098360132,0.053687785
0.17689,0.023179609,9.103464221982124e-05,0.1328127510780745,-0.490728795,0.0109,0.0144,0.0178,0.0206,0.0231,0.0257,0.0284,0.0314,0.0357,0.0509,,0.38172369845344645,0.4148597509123087,0.7018567741990771,0.045252557,0.11560708033623007,0.066339202,0.077202782,0.093172179,0.0954114,0.908488831,0.8937068563102705,0.9486847628578964,0.053103500476833834,0.079877876,0.093830824
0.178455,0.020806821,8.424753746022863e-05,0.034848736,-0.656565561,0.008,0.0121,0.0155,0.018,0.0208,0.0236,0.0262,0.0288,0.0327,0.0428,,0.3555124956005554,0.4852894283809895,0.5473182006296451,0.035687170603365174,0.12793162989772977,0.071808981,0.065025906,0.11010938531035028,0.088847525,0.8943436575277945,0.8944750841987036,0.9975092801097737,0.092318741,0.09850488,0.096528818
0.178043,0.02527707,0.000131298,0.291414013,-0.356522787,0.0099,0.0145,0.0186,0.022,0.0249,0.0281,0.031,0.0352,0.0406,0.059,,0.39450996285992473,0.4222685834943208,0.5390133948635316,0.044185076,0.1388635844544473,0.048865076606552614,0.10204390202462625,0.11121281659503451,0.12237131276871677,0.8643094777008314,0.9869558364908557,0.9513266777391143,0.081960956,0.09792058,0.082028408
0.168189,0.020214648,5.666558524863993e-05,-0.140898696,-0.84307587,0.0096,0.0131,0.0157,0.0182,0.0204,0.0227,0.025,0.0275,0.0305,0.0351,,0.41845828902104004,0.4615559263306335,0.877629739,0.038819157765970703,0.12695138970875786,0.059746376,0.096650829,0.12212968565675922,0.083486234,0.8746940290439608,0.8259098349541736,0.8577985136063487,0.094256555,0.085568988,0.079614123
0.195705,0.021321673,8.367326888163374e-05,-0.010787369,-0.677234171,0.0086,0.0124,0.0163,0.0189,0.0215,0.024,0.0268,0.0298,0.0333,0.0443,,0.4086630516647249,0.47952777435641075,0.5755953092375659,0.04724349,0.11985823038592792,0.048356071,0.11173145920660942,0.10008104239327024,0.083751671,0.8256529980042429,0.9265822244311552,0.8579080267739247,0.063260512,0.093994051,0.091482972
0.201783,0.022519187,7.700691899881216e-05,-0.114069046,-0.787700205,0.0098,0.0142,0.0172,0.0207,0.0229,0.0252,0.0278,0.031,0.0338,0.0417,,0.37234195901944955,0.4475427847563733,0.5043034232307921,0.037182504520199895,0.11675507854861282,0.046232158,0.084396824,0.086794532,0.1092185283392577,0.9234936725097992,0.9610821368844086,0.977134324,0.084125159,0.071502733,0.057947331
0.192574,0.024459499,0.000103756,-0.021018076,-0.698933609,0.011,0.015,0.0188,0.022,0.025,0.0279,0.0308,0.0337,0.0377,0.0515,,0.3558115883731013,0.406766863,0.7674961898761765,0.043030652911652985,0.14725627580967235,0.045411536,0.083658674,0.11360104485098893,0.13434967585997162,0.8679315609908004,0.8150946046360861,0.8991225590876906,0.08562594,0.053512381,0.056811463
0.18117,0.020149116,7.778573848671751e-05,0.042454114,-0.632856374,0.0079,0.0118,0.0151,0.0176,0.02,0.0227,0.0253,0.0279,0.0316,0.0428,,0.37529779980495065,0.4334698181743001,0.7070740171109768,0.041186915567994316,0.1354651237359763,0.042846684,0.10782047038797929,0.10268999092142078,0.1069252969393468,0.9096557360817673,0.8387691128695742,0.9051188899505578,0.062838485,0.071140922,0.084962901
0.195252,0.02302468,9.33629081205748e-05,-0.134448158,-0.774038184,0.0093,0.0137,0.0178,0.0206,0.0234,0.0264,0.0292,0.0319,0.0356,0.0444,,0.41344948175796886,0.471341018,0.7614730960210037,0.047064007,0.146623282,0.048366895,0.11089990687793111,0.080381235,0.082522082,0.9550993833303552,0.8010567857045006,0.8051251346783282,0.083796718,0.074467955,0.070922247
0.18583,0.0199361,7.895918832636628e-05,0.1554029058546629,-0.409439292,0.0084,0.0119,0.0146,0.0173,0.0197,0.0221,0.0246,0.0279,0.0312,0.0494,,0.36601008476610897,0.45583962481021834,0.8036331936123248,0.047614658887630765,0.13614165076858145,0.078062742,0.071838171,0.1221243840631838,0.13137649717342548,0.9110858585965804,0.8669090606709595,0.9694550817971008,0.092452432,0.097168732,0.084018229
0.196748,0.021201033,5.7910074562652086e-05,-0.042977272,-0.630029134,0.0112,0.0138,0.0169,0.0192,0.0212,0.0234,0.0258,0.0282,0.0313,0.0401,,0.4091624307446265,0.4680666424179855,0.591016134,0.04182416,0.1286075970998454,0.054091724,0.054900112544756005,0.072261433,0.10290614993515422,0.9862228808297869,0.875327562,0.897488888,0.090377436,0.052684958,0.077712545
0.181353,0.02154539,9.274201967289934e-05,0.032689312,-0.759138138,0.0083,0.012,0.016,0.0187,0.0214,0.0242,0.0275,0.0304,0.0347,0.0437,,0.40598152850150343,0.44022252014447655,0.7364677711251376,0.046945033,0.13334337779097166,0.053893946,0.071803896,0.092056824,0.13494944248265245,0.8402440077307275,0.9553185555561691,0.8145945849288558,0.064928087,0.073390503,0.0811196
0.197389,0.020570139,7.152350547343142e-05,-0.034829493,-0.752633932,0.0086,0.0129,0.0154,0.0182,0.021,0.023,0.0257,0.0286,0.0317,0.0412,,0.40726748802495055,0.4115932603838798,0.7870331212828674,0.039803732,0.14208180032666942,0.077653732,0.090644552,0.077342661,0.10555687589266154,0.9377513539433787,0.8345706569657727,0.8796869960312012,0.082207395,0.051124787,0.085832911
0.192022,0.023028594,8.876283207509843e-05,0.049435218,-0.599769548,0.0106,0.0143,0.0175,0.0203,0.0229,0.0256,0.0285,0.0312,0.0355,0.0499,,0.4168478043866085,0.4714483957072506,0.6665753429717416,0.037289321858317424,0.12193972299466554,0.045888365,0.093986819,0.077545035,0.12712388025520027,0.9563950622845644,0.861852084,0.8988903709267216,0.092431223,0.085469784,0.052981114
0.184985,0.022475244,8.835028927379073e-05,-0.166431611,-0.798626181,0.009,0.013,0.0175,0.0201,0.0228,0.0258,0.0288,0.0315,0.0344,0.0445,,0.38473487587017113,0.4554365920920805,0.8352696126591381,0.04035326,0.1289093250423518,0.043016116,0.10446825987389066,0.075221771,0.08577765,0.977891264,0.8587782704022467,0.8060315103323065,0.067042507,0.067211101,0.09626709
0.181396,0.021262407,8.516863215582443e-05,-0.009777639,-0.69969009,0.0086,0.0123,0.0164,0.0191,0.0214,0.0237,0.0267,0.0298,0.0338,0.0453,,0.40223522057922645,0.4267267513734742,0.6226904750320421,0.045989891920996354,0.11189072510218671,0.088810749,0.098570254,0.088555363,0.10991228138140043,0.9317877486815566,0.8777406581096026,0.8094607772466136,0.092604495,0.073666014,0.081254032
0.194211,0.022769219,9.689163477064298e-05,0.011784002,-0.698241893,0.0097,0.0136,0.017,0.0199,0.0227,0.0253,0.0283,0.0319,0.0364,0.0491,,0.3978681430240784,0.42569747185171875,0.6739847475149268,0.045754300420491785,0.13438214063978596,0.077547435,0.09841337,0.086972326,0.11775343087644079,0.8822409605106276,0.924558448,0.9251430234432036,0.061428155376973506,0.054909097,0.059563844
0.185795,0.023698436,9.810061690487188e-05,-0.115436079,-0.846594099,0.0095,0.0146,0.0179,0.0208,0.0241,0.027,0.0298,0.0333,0.0368,0.0433,,0.4006349154299713,0.4623965677244858,0.7940312855660365,0.038345253459589765,0.13208620030902368,0.085611344,0.066016316,0.12006209332802373,0.097584907,0.8604814959020972,0.9033797225507173,0.9307853065997903,0.072632245,0.075871389,0.082562734
0.193884,0.025152214,9.172471422833636e-05,-0.028111014,-0.709158763,0.0119,0.0162,0.0194,0.0226,0.0254,0.0281,0.031,0.0338,0.0377,0.0472,,0.3669029990141893,0.4272466089314949,0.7835251392624186,0.044824694,0.12724764217512063,0.088684652,0.098840609,0.089641156,0.093521034,0.9041601352141249,0.8443317928452937,0.8182737203551061,0.052741366517414255,0.090121227,0.071394044
0.191328,0.024593922,0.000105076,0.079719463,-0.710120514,0.0109,0.0148,0.0182,0.0213,0.0242,0.0275,0.0308,0.0342,0.0385,0.0485,,0.3557305048722774,0.4925462978200563,0.6503520433927723,0.040829896,0.14753164042352246,0.09129393,0.10373403326019667,0.11712315178238195,0.092214635,0.9229846699021449,0.8018135132121501,0.8196721332295586,0.065899891,0.077044269,0.086823419
0.190226,0.027969853,0.0001257,0.017308684,-0.758766354,0.0126,0.0176,0.0216,0.0248,0.028,0.0314,0.0346,0.0385,0.0434,0.0528,,0.35430359952775814,0.4733986239899723,0.8653416256473908,0.042775919,0.14077621095341883,0.045103242,0.11324320652596073,0.1162963011888442,0.13587565712002478,0.9623575230289096,0.9134159909064805,0.9320559428520748,0.066626943,0.072534221,0.065816653
0.1796,0.023638835,0.000103659,-0.064539739,-0.745175772,0.0097,0.0138,0.0174,0.0207,0.024,0.027,0.0302,0.0333,0.0369,0.0483,,0.3519851937016048,0.43458600886996057,0.8277413482439168,0.039291803,0.1389275642635215,0.081159311,0.056711763,0.071276761,0.097798662,0.9317332252755826,0.9551546910097051,0.849612849,0.086592211,0.099241772,0.061875914
0.189242,0.021452017,7.809952419789497e-05,0.064040767,-0.681813715,0.0092,0.0136,0.0161,0.0184,0.0216,0.0241,0.0266,0.0293,0.0334,0.0424,,0.3793930975476257,0.43949448786084405,0.6352861773049288,0.046744441,0.13403871331703543,0.048341769,0.10028531943342268,0.0987729,0.12733461727483025,0.8146469367278766,0.9677988006658618,0.8605955174315896,0.059151989586144996,0.070550882,0.082519775
0.194315,0.022472684,9.286798678048616e-05,-0.011737948,-0.652419176,0.0097,0.0134,0.0168,0.0197,0.0224,0.0252,0.0284,0.0313,0.0349,0.0495,,0.3996721742397619,0.4762270590708277,0.6525356762301056,0.048559586471984814,0.14481653736646757,0.079996605,0.11297521979944501,0.10628167045211756,0.10276919403459303,0.9037820007454429,0.9020728648184766,0.916101977,0.055512954,0.054380935076297834,0.077964301
0.112919,0.021356969,5.99163568167962e-05,-0.103407482,-0.719636792,0.0109,0.0141,0.0171,0.0191,0.0218,0.0238,0.0259,0.0289,0.0316,0.0388,,0.4106200863299603,0.4745387388838037,0.771291244,0.04841757,0.1331349794177171,0.044005326921184265,0.097359855,0.098633697,0.14494729045540314,0.9945369760129568,0.9523430140257372,0.9679080171714605,0.050043128591625165,0.057171916,0.056866140828323766
0.107933,0.019807613,5.510594150844309e-05,-0.082970515,-0.797129569,0.0096,0.0131,0.0153,0.018,0.0198,0.0226,0.0243,0.0269,0.0298,0.0355,,0.38423062336327646,0.41624733288011817,0.7919534798595402,0.040299922,0.11290041555677169,0.083660983,0.06942803,0.12338874363491387,0.10272803903032826,0.85111818,0.96427757,0.9494860838765602,0.073888368,0.087545648,0.055346332
0.109514,0.021805487,6.205133313360941e-05,-0.12289473,-0.704333421,0.0114,0.014,0.0176,0.0195,0.0218,0.0245,0.0266,0.0293,0.0324,0.0394,,0.40623653634257156,0.4290989520021401,0.5089392015532127,0.047934956728959116,0.1108107420372614,0.068987783,0.063812611,0.11534381911337965,0.13994103736756736,0.8439868596690485,0.949907037,0.9422195115020342,0.051642490739976406,0.050633804,0.056886592
0.12317,0.021223096,6.040739247971146e-05,-0.049042908,-0.649618588,0.0111,0.0137,0.0168,0.0192,0.0213,0.0233,0.0259,0.0283,0.0316,0.0402,,0.3879329286317336,0.43865559243415064,0.7202227387602522,0.041636361789110954,0.11234430162498056,0.089874572,0.065238624,0.078917445,0.087180655,0.9937808009907415,0.8285937946279773,0.8687556827071933,0.076520993,0.055622540208213625,0.086948019
0.142633,0.020893173,8.695554387515464e-05,0.031928098,-0.708708869,0.0083,0.0119,0.0152,0.0181,0.0212,0.0236,0.0263,0.0291,0.0337,0.0459,,0.4173286378270194,0.4090360847366083,0.7986059163729169,0.049906223866261014,0.1362177910679573,0.057882168338958324,0.064550812,0.10286708783108503,0.12547175801800306,0.9433644255831971,0.8284990076801937,0.9382433229021362,0.056079593678958595,0.086561845,0.081739785
0.111008,0.023492387,6.313923301636363e-05,-0.217903071,-0.421830732,0.0131,0.0162,0.0189,0.0218,0.0239,0.026,0.0282,0.031,0.0334,0.0419,,0.405383567,0.4028045078600996,0.9013641366575287,0.037087986131675355,0.13640847223195743,0.084508173,0.099475073,0.10314413567113075,0.087204094,0.9033897871264384,0.8028060410389506,0.9598154101835291,0.085876044,0.094429399,0.064570664
0.106562,0.020630544,7.123658039062942e-05,0.058567294,-0.826034971,0.01,0.0124,0.0156,0.0181,0.0203,0.023,0.0256,0.0286,0.0324,0.0391,,0.3655023785887363,0.48143194780952203,0.6453007993329527,0.046118229308606803,0.13963285689219046,0.085715532,0.072019693,0.11455817203231548,0.12839216056137595,0.8419253423169456,0.9716595623050454,0.9640377766797625,0.059889785,0.094079239,0.074111032
0.112886,0.019144868,5.14703836350415e-05,-0.050742329,-0.760328182,0.0094,0.0126,0.015,0.0171,0.019,0.0213,0.0234,0.026,0.0289,0.0345,,0.3693252775940229,0.48117141649037143,0.6405196266392075,0.042124145,0.12317605476737001,0.049756576,0.083238315,0.092032879,0.12504679568040272,0.9791972408832087,0.9764118329145419,0.8246517524544303,0.073528834,0.08644078,0.075715313
0.121888,0.018106985,6.813781956432004e-05,0.061225874,-0.725452789,0.0064,0.0107,0.0127,0.016,0.0182,0.0203,0.023,0.0257,0.0292,0.0391,,0.4107186221391624,0.4016431778672423,0.9278392300053921,0.037492829,0.11408050129783975,0.052707800622442055,0.07715944,0.10933487592687938,0.1074120939558244,0.8014302688318907,0.9884506619607838,0.8656837676725126,0.088302694,0.091623194,0.093784834
0.114509,0.021946359,7.503006833979788e-05,0.1742264832392516,-0.519261835,0.0104,0.0139,0.0175,0.0195,0.0216,0.0237,0.0265,0.0297,0.0338,0.0453,,0.3752636653937765,0.4372914011235472,0.5980219876538535,0.036120693,0.1286100115352455,0.064593007,0.057543905640730066,0.093386117,0.096849487,0.9654662878486697,0.8452781357173631,0.8461492169130876,0.055041929,0.094996088,0.059194612
0.182511,0.022160082,9.604479240179104e-05,0.097348999,-0.571669901,0.0092,0.0128,0.0165,0.0192,0.0222,0.025,0.0278,0.0308,0.0354,0.0475,,0.4185135747705613,0.4810986566045077,0.5230803671017943,0.037509715,0.14204659975269585,0.05275741,0.090524151,0.1009736982549633,0.12118713757610296,0.9692021614994233,0.8129840419634563,0.9942638076231932,0.068618523,0.070433035,0.053068517
0.182758,0.024006475,9.693647271530593e-05,0.037157091,-0.707408223,0.0105,0.0144,0.018,0.0216,0.0243,0.0268,0.0296,0.033,0.0372,0.0468,,0.41759741775083825,0.4876269038633123,0.7411630527282761,0.041373478,0.13502602300463504,0.065980784,0.09933016,0.10467698559180215,0.10754535576431269,0.8083249253388892,0.869436748,0.9155029875939197,0.056256469,0.078246657,0.062765931
0.18635,0.022072434,9.443184677539454e-05,0.037059579,-0.70848938,0.009,0.0127,0.0163,0.0191,0.022,0.025,0.0279,0.0311,0.0349,0.0472,,0.3854457851257951,0.4160152750979009,0.8728395797166784,0.042472589,0.1385047894638658,0.059959504937803956,0.060063456,0.094437002,0.10140376525391492,0.96694283,0.8823010263556744,0.9586885025327103,0.068760416,0.077806043,0.062804523
0.196434,0.023500489,0.000120964,0.301239997,-0.34201379,0.0096,0.0136,0.0169,0.0199,0.023,0.026,0.029,0.0326,0.0382,0.0537,,0.40417899180758904,0.4667598187921493,0.7749000632329641,0.040529993,0.14745257340747847,0.086398595,0.075024447,0.089227274,0.1092739137504178,0.9293960696824108,0.8381986982574656,0.8124221711610203,0.063452348,0.093766262,0.059903664
0.190605,0.024015162,8.852398695227843e-05,0.053099673,-0.539837126,0.0117,0.0154,0.0187,0.0215,0.0241,0.0268,0.0291,0.0322,0.036,0.0506,,0.39275809434658926,0.48839575747441966,0.5398097725873507,0.038968750494442275,0.1119514403517821,0.077753594,0.072444628,0.11188880618738618,0.12538700542813308,0.9525913801546786,0.8514839363330702,0.8472760721256071,0.080556266,0.051275272,0.072805373
0.190917,0.022586574,9.756107049629237e-05,0.072801733,-0.543378142,0.0095,0.0133,0.0167,0.0196,0.0225,0.0256,0.0284,0.0315,0.0356,0.0487,,0.39649663258721246,0.46288607174767693,0.7345791776811914,0.035412187723285915,0.11958088408088124,0.06407889,0.094648832,0.081877749,0.10107374899447497,0.8180058017328535,0.8328299101207526,0.871756012,0.078735073,0.064311473,0.070644066
0.179934,0.024206007,9.3707667653764e-05,-0.038062695,-0.815473471,0.0106,0.0154,0.0187,0.0213,0.024,0.0272,0.0305,0.0334,0.0372,0.0448,,0.3924949204890123,0.4817977122954733,0.6217508599705084,0.044941973,0.12193542256001261,0.067232801,0.083156838,0.091783101,0.091560833,0.8330633005964224,0.8832352297990536,0.8882922921437615,0.07145342,0.091835976,0.054919955
0.193749,0.023379899,0.000100561,0.010652953,-0.580388028,0.01,0.014,0.0176,0.0206,0.0236,0.0261,0.0291,0.0323,0.0362,0.0493,,0.3563368084717319,0.47183907145161363,0.8216158564445502,0.042422947,0.13195625523714702,0.089006538,0.10916232895055866,0.10624263906316431,0.11623526134552743,0.9746303672618881,0.8398362352865936,0.9510709119490002,0.05322223,0.092682508,0.055174987813968686
0.190619,0.021867937,8.87102105796675e-05,0.012658531,-0.673938922,0.0088,0.0127,0.0167,0.0191,0.0218,0.0246,0.0277,0.0305,0.0342,0.0438,,0.40119429651833605,0.45860264983781385,0.5662826525911132,0.04244002,0.12048866403371168,0.087681364,0.086832414,0.1166898169496993,0.1280365135400049,0.9940185380002311,0.8322537027153588,0.8376146784183398,0.062574851,0.082695111,0.063668841
0.179277,0.02535435,0.000130455,0.088602907,-0.665794066,0.0105,0.015,0.0183,0.0219,0.0254,0.0287,0.0318,0.0354,0.0404,0.0532,,0.39135966885422574,0.47029386243165233,0.8440325765885337,0.044606316,0.1182318376195665,0.086131257,0.084404575,0.10593219776129634,0.13970446100731035,0.9332251488310002,0.8312558414037035,0.8147983998178897,0.059806306306034104,0.090878437,0.086609446
0.160432,0.021969143,7.967077965346585e-05,0.033161761,-0.732545844,0.0096,0.0132,0.017,0.0194,0.0219,0.0246,0.0273,0.0304,0.0339,0.0443,,0.380373373,0.43978513669608316,0.8990360042392932,0.036809354294471394,0.1206920760802259,0.061333232,0.060796590298508785,0.10108960500999224,0.13898790349275109,0.8212524684152236,0.9883197501218374,0.8402920177282213,0.063045306,0.072100092,0.059700757356818956
0.16068,0.022623047,0.000103933,0.2737767051145047,-0.394507631,0.0101,0.0137,0.0172,0.02,0.0229,0.0253,0.0285,0.0318,0.0364,0.0523,,0.4142665208915749,0.46077550751448554,0.6480970055943136,0.046384382887053106,0.14131926474755277,0.060054166,0.06531433,0.1079574418638963,0.095083699,0.9921091652083338,0.8595188928583423,0.9909151876012418,0.072781703,0.096889216,0.074197242
0.164599,0.021298859,8.927117281463491e-05,0.033646118,-0.739697364,0.0085,0.0122,0.0159,0.0187,0.0214,0.0239,0.0268,0.0301,0.034,0.0455,,0.36039980559813867,0.48602997802732584,0.5776870750371644,0.03542569,0.11736720102909126,0.040706715513148334,0.085290688,0.1174384393611812,0.12209950622683252,0.8228500788016961,0.9981640027382749,0.9147703190558036,0.091088486,0.064121061,0.088501881
0.143682,0.023235128,0.000100677,-0.068086978,-0.895394409,0.009,0.0133,0.0173,0.0202,0.0233,0.0266,0.0296,0.0328,0.0371,0.0437,,0.39972559144159164,0.41336024519178544,0.9100658754686335,0.045333465,0.14889803105883256,0.088664638,0.069145243,0.083046419,0.085303895,0.8062876262988068,0.9176653811470172,0.809875615,0.089900466,0.090607408,0.063922729
0.158257,0.022597426,8.904986393325379e-05,-0.075849601,-0.84221481,0.0091,0.0138,0.0168,0.0197,0.0231,0.0255,0.0284,0.0316,0.0352,0.0422,,0.3883053498325596,0.42042597709510365,0.6491404833167227,0.046781017,0.14527549984356292,0.057644298868319614,0.071221043,0.076496111,0.1316217470747097,0.8626864616724292,0.9281899431139938,0.9948719517046181,0.064997462,0.068710502,0.092237096
0.158254,0.022124684,8.81131056366951e-05,-0.100658805,-0.717417702,0.0087,0.0133,0.0167,0.0196,0.0227,0.0253,0.0277,0.0304,0.0343,0.0426,,0.3809085340220382,0.400653329,0.579543057,0.044077142,0.11247669046070724,0.063389613,0.056187284,0.1274283607519565,0.11549632636975055,0.9718585529717582,0.8774667228126941,0.8254520750906569,0.083858891,0.086047952,0.060003481
0.164615,0.021367226,8.967852098573161e-05,0.020442218,-0.698319038,0.0083,0.012,0.0162,0.0189,0.0214,0.024,0.0269,0.0302,0.0338,0.0446,,0.40387846755790124,0.45927571687618773,0.7602050679604702,0.036424127147605796,0.12513957623394092,0.070968676,0.05562457,0.082185657,0.12041126082320852,0.9016571983236048,0.8009250073382966,0.9263887379569535,0.076167417,0.051338444613087064,0.098829786
0.151582,0.022474785,0.000106852,0.1365134489090337,-0.632460819,0.0089,0.0126,0.016,0.0192,0.0222,0.025,0.0286,0.0319,0.0361,0.0478,,0.35754172754907293,0.48803497270519713,0.8351330485677761,0.049458053745074566,0.1379636531397091,0.089189763,0.0630948,0.078751377,0.14329900639751866,0.9418146608429628,0.9136492069997791,0.9729186793204139,0.066162668,0.065260773,0.08198911
0.161701,0.022697982,8.48444835178725e-05,-0.067553755,-0.795906592,0.0097,0.0142,0.0173,0.02,0.023,0.0258,0.0282,0.031,0.0354,0.043,,0.41167819235087827,0.49400561695074907,0.6035501454305591,0.045378794235715815,0.11966547451879161,0.051476937,0.063621733,0.097772438,0.12810038833373896,0.9944520590586956,0.812211768,0.9787985593886052,0.078417081,0.098911363,0.086994949
0.167852,0.022374408,9.248614504142716e-05,0.1986354762838643,-0.643593093,0.0099,0.0132,0.0162,0.0189,0.0218,0.0248,0.0278,0.0314,0.0356,0.0483,,0.40046448916090693,0.4598152902135415,0.7267064992446624,0.040390504,0.13845701023500973,0.067844762,0.11040183949936558,0.079145925,0.088608515,0.9610820772976735,0.8272290613824985,0.9613577588693681,0.072643441,0.070456885,0.057724699
0.176233,0.026633249,8.273343969414402e-05,-0.15099501,-0.541304387,0.014,0.0179,0.0214,0.0244,0.0272,0.03,0.0323,0.0347,0.0383,0.0481,,0.4188385076563208,0.4793801635326618,0.7119439846408936,0.049248520759861254,0.14884230255093364,0.055493038,0.095138931,0.094205676,0.12737881003340765,0.8799992221584643,0.9796234352959191,0.9078135019267725,0.052761988129129474,0.062076158165067494,0.084119176
0.175138,0.025851456,8.656175706496947e-05,-0.016117136,-0.525685557,0.0135,0.0175,0.0204,0.0231,0.0258,0.0286,0.0312,0.0341,0.0377,0.0503,,0.39533397567695544,0.48522324055033855,0.779673155,0.041127018,0.1274468521682277,0.043432683,0.11160053797538065,0.12262055158430053,0.11234618802923627,0.9886302891993872,0.8294895273372251,0.8142556080607853,0.092409626,0.081246798,0.088793193
0.171973,0.027930622,0.000113902,0.177078012,-0.442335497,0.0138,0.0181,0.0216,0.0247,0.0278,0.0304,0.0339,0.0372,0.0422,0.0581,,0.3548182699963036,0.4566433081787474,0.6351629322574553,0.037990074,0.13464105901487777,0.05636718,0.09749624,0.11643163517615768,0.10832915337215278,0.9122095195144692,0.8233941231012135,0.8811053690000165,0.065435611,0.051913906,0.07450456
0.188524,0.026418341,0.000123695,-0.031311675,-0.739357174,0.0116,0.0165,0.0202,0.0234,0.0265,0.0296,0.0329,0.0367,0.0416,0.0511,,0.3624555280775057,0.4449959963258995,0.5850447780422586,0.039339561825210805,0.12188639841898295,0.045832626,0.073063731,0.11953669907763018,0.086692527,0.9708415601244741,0.875925935,0.9599308278094031,0.095732365,0.050647315532659234,0.092385025
0.181789,0.027209371,8.897393964388399e-05,-0.113377655,-0.518994369,0.0145,0.0185,0.0218,0.0245,0.0273,0.03,0.0326,0.0357,0.0395,0.05,,0.39159339694765527,0.4640312248764634,0.7609221062197942,0.046695779,0.14853336664566785,0.087954874,0.078714527,0.10117878836720876,0.11585904702858366,0.9994654133079255,0.8237440320200945,0.8967103009836034,0.068190558,0.075580725,0.084618539
0.184882,0.027448474,0.00010983,0.2484632943786538,-0.050366532,0.0137,0.0184,0.0215,0.0244,0.0272,0.03,0.0329,0.0365,0.0412,0.0605,,0.3800522861795225,0.4942355771076418,0.7812595593590432,0.035467302307445533,0.14882460139752385,0.073204348,0.10367167650523651,0.076140585,0.089187882,0.8881885454861767,0.9493013005934073,0.8599407074757836,0.056860544,0.077584148,0.082961691
0.177761,0.023865957,0.000111461,0.088261919,-0.586890353,0.0102,0.0143,0.018,0.021,0.0239,0.0269,0.0296,0.033,0.0379,0.0511,,0.4172910008515794,0.4349756470284235,0.8007987177618846,0.046437949719080426,0.13997256344113732,0.069864705,0.074652478,0.11738836334774594,0.1056595174856793,0.9409674135370341,0.8971159914829954,0.8931257050314937,0.052888243,0.089424411,0.086625575
0.180232,0.027436998,9.242571636643875e-05,0.044053128,-0.335426651,0.0153,0.0193,0.0225,0.025,0.0277,0.0303,0.033,0.0359,0.0398,0.052,,0.4131897874767803,0.41142848088318196,0.7638163469032189,0.047838574,0.1295767598526524,0.088059441,0.073799679,0.12706340849209666,0.1328302562263238,0.9944651122254667,0.9071242674404297,0.8188466905172056,0.059296804735756964,0.088384289,0.095313189
0.183501,0.028700278,0.000103212,-0.083057208,-0.565361046,0.0151,0.0191,0.0228,0.0261,0.029,0.0318,0.0347,0.0377,0.0418,0.0536,,0.37428845426977125,0.44100903403744607,0.5754238948231774,0.04672803,0.13588282426357326,0.082478776,0.066748055,0.080099093,0.11994656376702711,0.9367883775659657,0.9741184461846257,0.8530874443654335,0.094771151,0.072772162,0.077109531
0.18898,0.019356931,6.041267488469363e-05,-0.11867919,-0.925929199,0.0086,0.012,0.0151,0.0168,0.0198,0.0219,0.0244,0.0273,0.0297,0.0334,,0.4068860809212823,0.40007715356715484,0.8377832947963184,0.040463825,0.1392351649491203,0.045648452,0.10336299925866925,0.1165635390131329,0.13686706097020193,0.8403706090220923,0.9839472561778752,0.860834836,0.081744833,0.050863233,0.074780199
0.158504,0.021148108,7.740059479632269e-05,0.1095297881470463,-0.593222641,0.0092,0.0125,0.0162,0.0189,0.0211,0.0234,0.0261,0.029,0.0329,0.0451,,0.4130108854082197,0.49998790883557565,0.6973510892928957,0.037391656,0.13960550518821963,0.076544427,0.074636454,0.077771052,0.1264831547913731,0.8702524678135666,0.861009557,0.9417292326058269,0.054347293207513865,0.073598561,0.061919015
0.159522,0.020513996,8.03827206957795e-05,-0.08056543,-0.842480481,0.0075,0.0119,0.0154,0.0181,0.0207,0.0234,0.0259,0.0292,0.0326,0.039,,0.40720025889233397,0.4727091939789811,0.6199977854796916,0.043896895754520944,0.1466086045665686,0.047441387,0.086750863,0.10202506583605864,0.12780161237258272,0.8169385646221741,0.8396538981859285,0.965127636,0.092705128,0.063057233,0.081147647
0.155777,0.022034919,8.717686098974243e-05,0.1954669320071977,-0.456121145,0.0102,0.0134,0.0165,0.0192,0.0218,0.0244,0.0272,0.0301,0.0343,0.0503,,0.3543566492739764,0.4226502912897004,0.7706610472955816,0.049042900242448506,0.12999965932735905,0.087582418,0.1010962478517097,0.072444401,0.10168199963028052,0.881146394,0.8102147493264643,0.9162599504038988,0.075992872,0.057245574,0.092499715
0.153099,0.020568703,7.86354332393389e-05,0.1598535107920619,-0.524109402,0.0089,0.012,0.0151,0.0177,0.0202,0.023,0.0258,0.0287,0.0324,0.0474,,0.4032853116874648,0.4731779584331226,0.7840008162909197,0.046399451,0.13230152572980466,0.060534222512835384,0.054297409903141934,0.10719445971873748,0.1185350083866283,0.8092740457817524,0.9793109011011273,0.9922453708354577,0.072986914,0.070070686,0.054280795
0.154148,0.018744815,7.041590011723992e-05,0.029526162,-0.768959173,0.0068,0.011,0.0132,0.0167,0.0187,0.0209,0.0238,0.0264,0.0304,0.0391,,0.41619206150311705,0.44364739151748933,0.687524998,0.038696819,0.12395514283949248,0.076741459,0.063987712,0.12361964388989245,0.083704847,0.970083037,0.9634194846987256,0.8043068827753226,0.092080249,0.084510966,0.092149124
0.154226,0.02282455,0.000111115,0.2855372587301086,-0.304599462,0.0092,0.0131,0.0167,0.02,0.0225,0.0255,0.0286,0.032,0.0368,0.0526,,0.408393391,0.4154596621793569,0.9081931919133259,0.036840489956067694,0.1380082025155593,0.057317178,0.072639083,0.095274691,0.12612802207752907,0.8875585015301497,0.9810152063584838,0.9515512172222742,0.078033428,0.081240138,0.094009096
0.163098,0.019317865,7.300622795550296e-05,-0.01524746,-0.77235435,0.0072,0.0113,0.0142,0.0166,0.02,0.0222,0.0244,0.0271,0.0309,0.0417,,0.3936031335532217,0.47347001124290544,0.8175656948483283,0.042545532,0.14758167466637884,0.068944036,0.098524753,0.079991652,0.088715572,0.9835034625860523,0.9579739088409598,0.9021581387067622,0.050909130292916285,0.084294886,0.09140582
0.157795,0.022324081,0.000104096,0.1529967045885872,-0.562977627,0.0087,0.0124,0.0163,0.0198,0.0227,0.0251,0.0279,0.0308,0.0359,0.0466,,0.3787978689674084,0.403483251,0.7157378501233997,0.045755416,0.13910647145265398,0.063269124,0.075228561,0.088704117,0.13615957163412007,0.8395628506872216,0.865834818,0.9501400990941685,0.072714093,0.093581496,0.082807058
0.15414,0.020890651,8.254217314835095e-05,0.046413935,-0.706808684,0.0085,0.0119,0.0157,0.0187,0.021,0.0232,0.0259,0.0293,0.0333,0.0451,,0.37969007934968013,0.4048671477626361,0.7027888306868981,0.04635646,0.12061558053926019,0.075262943,0.083543859,0.12112111589819635,0.12409601785466384,0.8398427976571701,0.8081919520657262,0.8285101442014495,0.050683397095675306,0.086388409,0.069699186
0.142524,0.021690389,8.924216107985567e-05,-0.037156197,-0.898802044,0.0086,0.0127,0.0159,0.0191,0.0217,0.0247,0.028,0.0307,0.0344,0.0408,,0.3859835695650599,0.40681969506315924,0.5084367349740994,0.036373350055697556,0.14472986740562954,0.079793981,0.065214071,0.10092614895075482,0.12383711121492429,0.9638820176054811,0.8169719675370716,0.9533285502982837,0.07094917,0.097638572,0.097184961
0.156411,0.023968019,0.000114569,0.5060219438337671,0.086579488,0.0102,0.0141,0.0175,0.0205,0.0233,0.0262,0.029,0.0326,0.0386,0.0582,,0.3957874381090288,0.4704067209497892,0.8706773186212353,0.043990669,0.1402602088735892,0.054045103,0.076258541,0.073479925,0.12269263385854905,0.835096229,0.8791286264667568,0.9196797514792815,0.067817154,0.065546137,0.078514541
0.162316,0.024981167,9.959594285753524e-05,0.059607717,-0.711786278,0.0117,0.0155,0.0187,0.0217,0.0248,0.0278,0.0308,0.0344,0.0385,0.0488,,0.40474077898066424,0.44676889207059556,0.8312996491693712,0.041835672,0.13144478869494938,0.063374161,0.065260654,0.097357989,0.089247705,0.9839298442356592,0.8197789944679875,0.8063792013077554,0.090189129,0.074634917,0.081527678
0.15693,0.024561751,9.666144077000836e-05,-0.056536821,-0.872354228,0.0107,0.0154,0.0189,0.0215,0.0244,0.0277,0.0309,0.0338,0.0377,0.0451,,0.41784163952082487,0.4012570515521471,0.9430778161549322,0.041033866468249865,0.14150407594042164,0.068396499,0.083335866,0.11525640108515191,0.12928404925293116,0.803140519,0.9698408843514313,0.9065308239609705,0.079765646,0.082204966,0.08853255
0.163266,0.022293525,9.380344689351216e-05,-0.019998572,-0.720089021,0.009,0.0128,0.0172,0.0198,0.0223,0.0252,0.0281,0.0314,0.035,0.0451,,0.3518217647265735,0.48430862699394706,0.8283442632870139,0.042272773191965735,0.1468259668065692,0.044042829,0.089905512,0.12468716614681308,0.11448930297788319,0.9954503499496212,0.9082967257501892,0.8355025528543368,0.083462984,0.066288868,0.059531583
0.15825,0.02354706,9.090789401346156e-05,0.099763884,-0.734628412,0.0108,0.0143,0.0175,0.0206,0.0236,0.0262,0.029,0.0324,0.0365,0.0468,,0.392510388,0.46215428225848487,0.8842983573549226,0.044795424,0.14856463093152272,0.079512088,0.065752455,0.085611143,0.10190734498775637,0.816011849,0.8195102542708815,0.8482971726518117,0.062857904,0.052798495,0.063916681
0.157888,0.022628866,0.000104137,0.08841767,-0.622851852,0.0096,0.0136,0.0172,0.02,0.0228,0.0256,0.0286,0.0321,0.0366,0.0517,,0.41400164022741004,0.477276581,0.6579253707461555,0.044316786,0.12608220485219582,0.068606773,0.10625162205461619,0.09729852,0.1235519175890115,0.9131647442405444,0.9368649675571393,0.9059846798650698,0.066439594,0.076926207,0.088097841
0.155844,0.025797652,0.000108525,0.061225974,-0.726708758,0.0122,0.0162,0.0196,0.0226,0.0256,0.0288,0.032,0.0353,0.0398,0.0509,,0.41577290107324216,0.48300160595345487,0.6312420367446809,0.042178628902881876,0.1311128895356245,0.047781408818202566,0.062078608264223345,0.088751597,0.14245437144340753,0.9962013189058969,0.8846327494653858,0.9720335519768766,0.072171282,0.057347862,0.091532707
0.161138,0.024067649,0.00011206,-0.080745713,-0.879676018,0.0093,0.0137,0.0178,0.0212,0.0241,0.0274,0.0309,0.0344,0.0381,0.0454,,0.36721637030142973,0.49207267,0.8256026223598909,0.049392050233128856,0.12809602614878218,0.043152742,0.055488255,0.093008678,0.11814027447936944,0.8339559075026287,0.806528016,0.9700755527442355,0.086207135,0.096762145,0.076004016
0.155001,0.023307579,0.0001058,0.1346193952752316,-0.632106364,0.0102,0.0139,0.0175,0.0203,0.0232,0.0262,0.0292,0.0326,0.0372,0.0512,,0.3891912649194768,0.4872403403355908,0.7141403321067992,0.036887156,0.12712307830172204,0.085343272,0.080348679,0.11996993894817305,0.10771714357361288,0.9144092205293723,0.9407789883916186,0.9602949330254454,0.076956823,0.067299532,0.054896045
0.162436,0.024104051,0.000114557,0.056287349,-0.6611597,0.0101,0.0142,0.0178,0.021,0.0239,0.0271,0.0301,0.0337,0.0382,0.0503,,0.39786914115016625,0.45070944543996116,0.8419166957922706,0.036794574,0.1385744364326703,0.057613758660981215,0.074006301,0.086427577,0.12775638658055855,0.8895083140939789,0.9443733187156692,0.9487441891854589,0.053761202739154815,0.085406508,0.088194694
0.106142,0.01604602,4.350684185392e-05,0.009723259,-0.817467191,0.0071,0.0101,0.0119,0.0139,0.0162,0.0178,0.0202,0.0224,0.025,0.0311,,0.4022775821127259,0.4889404503418651,0.7295561253069561,0.041798893902394184,0.13792932706242647,0.042501773,0.071433164,0.07462566,0.12581527207215323,0.8341924990942176,0.831834137,0.8005596998653051,0.072732573,0.097241854,0.098552935
0.120282,0.01695413,6.196513067512561e-05,0.091514317,-0.761078523,0.0058,0.0095,0.012,0.0146,0.017,0.0192,0.0214,0.0243,0.0277,0.0361,,0.39772901652822573,0.4112531469302638,0.7770619164939917,0.03924377,0.14306297167116525,0.048487320344228216,0.068954078,0.087389704,0.10838915455784362,0.8102721100842212,0.8592519692841091,0.9791606779507065,0.081038809,0.057461173,0.053849257
0.134783,0.016004559,5.0279461896232373e-05,-0.014484986,-0.815603935,0.0066,0.01,0.0116,0.0139,0.0162,0.0182,0.0204,0.0225,0.0255,0.0321,,0.3710158303962033,0.4811232021099735,0.7884738265462513,0.039849704,0.14094440087140864,0.056451352,0.09031782,0.092421477,0.12275929762004888,0.9018632747102658,0.8984912517419442,0.9110798553986201,0.064924049,0.076125952,0.062985286
0.116567,0.016614951,5.7138980912764474e-05,0.01851656,-0.858663986,0.0056,0.0092,0.0121,0.0141,0.0167,0.0187,0.0212,0.0239,0.0268,0.034,,0.41272882166496827,0.43221801400561566,0.6219597886672823,0.039363839828375706,0.12924198853558094,0.050985536,0.097533799,0.072595475,0.12050973894036689,0.8706634835137577,0.9938071602030513,0.8996836709853248,0.083527712,0.068817753,0.099411628
0.126068,0.017433907,6.284661062071324e-05,0.065061685,-0.786307533,0.0074,0.0098,0.013,0.015,0.0179,0.0196,0.0226,0.0247,0.0285,0.0358,,0.3688059667200193,0.4874434528133867,0.8049392981325245,0.041269298,0.12629013514495682,0.061227831010243504,0.1095364571409251,0.11688431337423057,0.093446645,0.9414502029469967,0.9514785183853831,0.8915400813648007,0.082607146,0.096567682,0.081512146
0.114482,0.017959727,6.606337973596717e-05,0.033033144,-0.760678185,0.0063,0.0105,0.0129,0.0158,0.0181,0.0202,0.0231,0.0253,0.029,0.0388,,0.38587835799079645,0.4673844722934935,0.6827515640181029,0.049406589975192185,0.13693432102203182,0.087216034,0.10721043922867375,0.10721307449541025,0.14395262400881634,0.9992279313394223,0.9151336545634294,0.9770947227303078,0.052740513,0.09530406,0.053890821188450996
0.105859,0.015962927,5.087049123154521e-05,-0.012982533,-0.831142938,0.0064,0.0098,0.0115,0.0138,0.0161,0.018,0.0205,0.0227,0.0254,0.0314,,0.355663322,0.4763564819997228,0.7198648681906277,0.038734505,0.11989671948092788,0.077338004,0.09180214,0.090361226,0.1091648927001745,0.8136304054754239,0.9527846301014848,0.8589482036849034,0.066235559,0.065088458,0.058907165
0.113741,0.016704768,5.510792488756231e-05,-0.05734227,-0.889394034,0.0057,0.0103,0.0122,0.015,0.0168,0.0191,0.0214,0.0237,0.0268,0.0336,,0.3801561332936553,0.41875432076158914,0.6751536480173872,0.040373063,0.11545587960149051,0.069639078,0.087088251,0.11353881271354926,0.11160075791892556,0.9565314236832554,0.9567345273443527,0.9520943279996068,0.062435367,0.093427369,0.087600444
0.106443,0.015159535,3.774717499918794e-05,0.035739454,-0.767048949,0.0068,0.0096,0.0115,0.0131,0.0154,0.0168,0.0187,0.0207,0.0235,0.0302,,0.41426014956962853,0.4469298409141442,0.9300707416323054,0.043299464,0.14325577803837045,0.054847334075890784,0.076005377,0.077682824,0.08662554,0.9887650123581742,0.8276215251998247,0.9176860368482239,0.079973757,0.07325193,0.058452763910797775
0.125015,0.015791292,4.7160101364545415e-05,-0.060212036,-0.863898961,0.0064,0.0096,0.0121,0.0137,0.0162,0.0179,0.0201,0.0225,0.0249,0.0309,,0.3977740088887815,0.4963057072147326,0.6336329037574948,0.038012049,0.11948722670454372,0.088920485,0.059237719,0.076035147,0.091993167,0.8419021825902646,0.8098280902449281,0.8283566394811059,0.082377301,0.071913545,0.086256594
0.112549,0.019379758,7.147987542869291e-05,-0.074787463,-0.822529573,0.0072,0.0112,0.0147,0.0171,0.0201,0.022,0.0245,0.0274,0.0304,0.0377,,0.40827702067720617,0.4715575332851722,0.5327747564628208,0.041496629510131215,0.12829501283886668,0.054013478,0.070936784,0.11276663064094103,0.084022264,0.9591175121531115,0.991287746,0.9298735136236498,0.05465261,0.070521395,0.080522752
0.104846,0.018365073,5.280280610543063e-05,0.064530278,-0.792235222,0.0089,0.012,0.0136,0.0163,0.0181,0.0203,0.0226,0.0255,0.0285,0.0347,,0.3724112300470307,0.4319871149669078,0.7935483837301525,0.047388069,0.1414296872956761,0.086801187,0.10954874141002362,0.10715658105868556,0.12103151728143516,0.8405144956352165,0.8191793755726905,0.8099133870128321,0.096299906,0.065703378,0.090765592
0.118924,0.02025231,5.875387125855467e-05,0.042576601,-0.632788978,0.0103,0.0129,0.0158,0.0179,0.02,0.0225,0.0245,0.0274,0.0305,0.0382,,0.37553252003165877,0.47322235740312657,0.726617477,0.046787410875733626,0.14357306487234883,0.043201070458332366,0.088094757,0.082711415,0.1016940939022011,0.8806108843424059,0.8769908234812347,0.9710616677560215,0.057860269,0.051070029,0.054772496
0.101904,0.020923859,7.301082826324886e-05,0.1294041464720019,-0.68358397,0.0093,0.0132,0.0155,0.0179,0.0209,0.0233,0.0257,0.0287,0.0326,0.0421,,0.3898343100424676,0.4484408831002874,0.9076444619165636,0.043931833,0.1334851974866648,0.070519251,0.095506406,0.12061135219224298,0.10359645894788386,0.8163038918401798,0.8272246687869047,0.8151035955450692,0.093668928,0.057339644,0.065176542
0.125549,0.018490839,7.194711591729549e-05,0.048247768,-0.824975778,0.0065,0.0107,0.0129,0.0162,0.0184,0.0207,0.0236,0.0263,0.0305,0.0391,,0.39557752549633807,0.4533443316979359,0.6333807639388892,0.044866485,0.1295260375731485,0.072278323,0.066829026,0.093519898,0.1229564045519068,0.9701381209930688,0.9971203801388324,0.9464558030352315,0.084876035,0.096629449,0.061286676
0.106212,0.017476643,6.275841639404549e-05,0.008100196,-0.839947706,0.006,0.0099,0.0126,0.0151,0.0175,0.0197,0.0224,0.0249,0.0282,0.0359,,0.3639641923676943,0.49748565615221774,0.7536754769804799,0.037039397296677844,0.12275346611526723,0.047640138,0.10906871821800043,0.1144490049937833,0.11140088563549023,0.9198288190753815,0.8883228970498444,0.9410408413566218,0.065412646,0.093372124,0.076728242
0.129073,0.018026379,4.499656348781658e-05,-0.024050175,-0.682624528,0.0089,0.012,0.0136,0.0162,0.0178,0.0202,0.022,0.0243,0.0271,0.0339,,0.41388968341700594,0.40470119690649753,0.6001637405851776,0.037463279041291035,0.1376250347705113,0.049436863136365986,0.086632911,0.091080726,0.093129944,0.8081085817966109,0.8674380488641772,0.8094051962392788,0.056809671,0.086969897,0.067163379
0.106525,0.019724152,5.552410703161738e-05,-0.017660508,-0.705925647,0.01,0.0124,0.0155,0.0174,0.0196,0.022,0.024,0.0269,0.0295,0.0378,,0.413229176,0.4509993857866481,0.562822881,0.046304407,0.11995607168621504,0.063061268,0.054998281499294074,0.12214561091875883,0.11170484752479742,0.9631663836035071,0.9914980728995694,0.8192505848539002,0.077116777,0.097828971,0.078303352
0.10922,0.016894098,6.040008188694851e-05,0.1076957733568862,-0.633810225,0.0059,0.0101,0.0121,0.0147,0.0172,0.0188,0.0214,0.0238,0.0271,0.0389,,0.35639829535532425,0.48664761117149974,0.8946539155532056,0.03806454,0.14530191967521952,0.051715633,0.068388012,0.11760053803354384,0.10665977190443077,0.8923272631234985,0.9814524472246838,0.9428314905221986,0.076144454,0.098832399,0.073668281
0.167161,0.024301465,8.54679409930912e-05,-0.007855976,-0.643260033,0.0116,0.0155,0.0186,0.0218,0.0247,0.0273,0.0298,0.0326,0.0363,0.047,,0.4120335769201134,0.48209172947982615,0.7328076777027082,0.039177904,0.1494555529729109,0.064981618,0.10138395515294753,0.1059004602103164,0.12222491483968918,0.8027590488637938,0.887853218,0.8471072440025443,0.095365993,0.075196756,0.064491054
0.170095,0.022099337,6.943486783589345e-05,-0.048647152,-0.765506041,0.0112,0.014,0.0169,0.02,0.0221,0.0247,0.0274,0.0299,0.0329,0.0406,,0.37112489992658837,0.4657299274281606,0.9190011102132314,0.038706972,0.11353427968827905,0.050816197,0.10368008706925831,0.12108471748009449,0.11156225781777616,0.8328657567957194,0.8732638342436946,0.9793020454959184,0.065538959,0.085439512,0.091836364
0.174704,0.024888836,0.000102079,0.2054301907732615,-0.540638512,0.012,0.0157,0.0189,0.0216,0.0242,0.027,0.03,0.0338,0.0382,0.0501,,0.3928898801783795,0.46538101340772686,0.8697374668441968,0.040041632,0.12008495473016043,0.077808509,0.095428557,0.10621775011875673,0.088104242,0.8629718399145981,0.8580646605029945,0.8761088552135755,0.052645257,0.084379236,0.067828404
0.179,0.022746047,9.83919010181425e-05,0.027429845,-0.607777214,0.0095,0.0134,0.0168,0.0197,0.0226,0.0257,0.0288,0.0321,0.0358,0.0485,,0.3891472208708114,0.43578625164193424,0.8228019735888471,0.044892610808149346,0.1102483137122621,0.079677463,0.11294562245063886,0.086621049,0.13400297428600352,0.8241458787605215,0.883490164,0.8204856853033159,0.085970495,0.060426548,0.082158002
0.175716,0.023224473,6.60490997381372e-05,-0.168873625,-0.689290149,0.0124,0.0157,0.0186,0.0212,0.0232,0.026,0.0284,0.0309,0.0339,0.041,,0.3632399559178235,0.4809219935980117,0.5822424214895625,0.043741196,0.11553069165246395,0.066195751,0.099148339,0.10195347898576283,0.13352235392071213,0.9830681290217254,0.9368555827186228,0.9560194786294254,0.070493071,0.053697249,0.065243522
0.168942,0.023331328,7.546530436342579e-05,-0.037308592,-0.678964834,0.0111,0.0157,0.0186,0.0208,0.023,0.0258,0.029,0.0316,0.0344,0.0448,,0.4007727848417315,0.4674790104115709,0.8212428177601094,0.040614100418949715,0.1343438450765789,0.082105978,0.063720437,0.096188824,0.086585127,0.9450139501021352,0.8259726459540573,0.9371309435058803,0.053436535,0.06479634,0.072750742
0.177124,0.021778025,6.465563152374268e-05,-0.034565031,-0.682623808,0.0113,0.0142,0.017,0.0199,0.0217,0.0237,0.0269,0.0293,0.0324,0.0409,,0.3548465554915722,0.4216139339008431,0.556614915,0.043463732,0.1385015471612614,0.045945512024378965,0.068873825,0.086966508,0.13160083701128722,0.8889415124679032,0.8581862081741863,0.9406865999491993,0.060537718,0.080366834,0.068847678
0.165364,0.022244853,7.737860743763406e-05,-0.040144597,-0.79864597,0.0099,0.0139,0.0169,0.0195,0.0224,0.0251,0.0277,0.0304,0.034,0.0426,,0.4025592874743673,0.4521698044589109,0.8382281796494632,0.044131108,0.1145472964135352,0.085349085,0.082605402,0.10628092220351386,0.13391037953442825,0.927281527,0.8580623800244419,0.8376047756158121,0.066321713,0.081612891,0.081011374
0.16675,0.021765629,9.042426436277412e-05,-0.002646644,-0.750198564,0.0085,0.0128,0.0162,0.0189,0.0218,0.0248,0.0273,0.0306,0.0347,0.0429,,0.39678571643022303,0.4928746136825573,0.7357801555942391,0.042369335091784345,0.13358735148379072,0.08320487,0.092685825,0.1064166822594375,0.11965835338470807,0.9775197408983193,0.8656817318961948,0.8632123502813375,0.075625024,0.08954696,0.072465965
0.176602,0.022381247,9.701257394706523e-05,0.048290646,-0.665245808,0.009,0.0131,0.0165,0.0201,0.0226,0.0252,0.0279,0.0312,0.0356,0.0462,,0.3884421406270315,0.4587718421367102,0.7626148391546742,0.048624145,0.11811617783521546,0.08309972,0.089158047,0.10831370798049848,0.10112245348105678,0.8265045547815051,0.989448185,0.9004461474348078,0.079437434,0.089800402,0.073394117
0.154596,0.024904709,0.000110186,-0.104425981,-0.754189564,0.0109,0.0154,0.0191,0.0223,0.0254,0.0284,0.0314,0.0347,0.0387,0.0512,,0.3559336262570418,0.4549115252186916,0.8273229541383089,0.049485425,0.11806780706210462,0.084301735,0.094703946,0.10117707348806687,0.1149211737043764,0.8703016866123622,0.8837808494674398,0.8553067494914255,0.085282286,0.094264669,0.070198236
0.169611,0.021161541,8.186584284674275e-05,0.1374517289237782,-0.612399264,0.009,0.0122,0.016,0.0188,0.021,0.0233,0.0262,0.0296,0.0333,0.0449,,0.3903469677589972,0.40829139856733493,0.7829268044004335,0.046035912,0.11698284182188376,0.053317512,0.087215642,0.11430338909079757,0.1423670090918969,0.9999387760003031,0.8412584356575871,0.8662610935003677,0.065135335,0.06758714,0.061229457
0.176748,0.022426213,0.000102998,0.1830845759541616,-0.38797492,0.009,0.0131,0.0167,0.0195,0.0223,0.0251,0.0281,0.0314,0.0358,0.0531,,0.3896484568275616,0.474029498,0.7736982052797773,0.036990452020649024,0.12385905070108252,0.068583342,0.053602294201294455,0.12382563751604356,0.13815514461332873,0.8405924901687521,0.9705792422699253,0.922862471,0.053691898,0.098951301,0.055720513
0.17017,0.022606251,8.890426813958608e-05,0.1648800389977464,-0.475383388,0.0105,0.0139,0.0171,0.0197,0.0224,0.025,0.0278,0.0307,0.0349,0.0502,,0.3544294162339796,0.42140477848961155,0.8605560137550624,0.04641724,0.11135173986091772,0.058685393,0.10927603420256357,0.11677212053574793,0.089080451,0.8118777797806165,0.9301764404268357,0.8280347336014727,0.05975122,0.065428718,0.092460474
0.169499,0.023682942,9.756150836470374e-05,0.1750066802047347,-0.497031651,0.011,0.0146,0.0181,0.0209,0.0234,0.0262,0.0291,0.0323,0.0367,0.0509,,0.40059084973775666,0.4432686087717448,0.6179856788894793,0.041386386,0.12005025442958436,0.047280762,0.065526577,0.12310354884087239,0.089356485,0.8380210573123952,0.8667535781325275,0.9445796224416133,0.090563841,0.069360852,0.06976475
0.165223,0.021654631,7.348941238467492e-05,0.096592659,-0.573136047,0.0099,0.0133,0.0171,0.0194,0.0215,0.0237,0.0265,0.0296,0.0333,0.0449,,0.38673889693020896,0.46950515434526663,0.8173329116605565,0.041038701901032884,0.14727248648626262,0.076500897,0.1036967099525554,0.11318338823174248,0.0884012,0.8446119757408844,0.9002305443737499,0.8036691737771562,0.054805547,0.097134754,0.099526818
0.165026,0.022858186,9.629135253504292e-05,0.035747936,-0.736073891,0.0097,0.0133,0.0166,0.0197,0.0229,0.0259,0.029,0.0322,0.0359,0.048,,0.40907755571556265,0.4802339043036965,0.5707069875090122,0.0414194,0.14727286854006877,0.057566272,0.096215346,0.10919632946930717,0.11413978592933087,0.8979545590008665,0.9184662097590511,0.8671040864563875,0.052876991,0.07253556,0.071564229
0.172583,0.02219335,9.260381812627772e-05,-0.036652503,-0.71127003,0.0089,0.013,0.0165,0.0202,0.0226,0.0252,0.0279,0.0308,0.0348,0.0462,,0.3805847889246822,0.4484574953187867,0.6884925306122781,0.043592214,0.11406529830375305,0.05706165,0.060378365,0.10584574389619764,0.13876262366519576,0.9277654467630495,0.9768524141157995,0.8401431264519161,0.053232504856575893,0.080928369,0.067870593
0.162984,0.02046432,7.748390733066658e-05,-0.110454279,-0.79855087,0.0078,0.0123,0.0153,0.0181,0.0209,0.0234,0.0264,0.0287,0.0318,0.0408,,0.364038451,0.4785294563092406,0.9138271004874522,0.035653952,0.13815432112552373,0.086849181,0.071495923,0.094936637,0.092785259,0.9749492824862438,0.819870738,0.8781800818603777,0.05228842,0.088540296,0.061943468
0.17628,0.019161451,6.128505330007813e-05,0.2333086641598224,-0.103123066,0.0083,0.0125,0.0146,0.0167,0.0194,0.0215,0.0233,0.0255,0.0288,0.0415,,0.3967307144249891,0.4274920175732774,0.802526684,0.041668590549932306,0.13046212996247197,0.067688635,0.10185005093148798,0.11719129778083259,0.097698837,0.9916035214253021,0.8800095898809287,0.8305004174175471,0.089687292,0.053994049,0.088037126
0.167187,0.024690124,9.617752769179774e-05,-0.135708872,-0.804503575,0.0106,0.0152,0.0194,0.0225,0.0253,0.0279,0.0307,0.034,0.0376,0.0462,,0.40325842242846466,0.404517615,0.6485929937896658,0.046551718502176855,0.11317426612824028,0.056610519,0.093236881,0.070981308,0.13528272942647754,0.8045240824602958,0.9191152238961185,0.9455824600784611,0.073344842,0.068350598,0.088204608
0.171768,0.024079947,9.63213972278092e-05,0.052475397,-0.789919166,0.011,0.0147,0.0178,0.0209,0.0236,0.0268,0.03,0.0338,0.0377,0.0485,,0.4039515160327317,0.4633875019477948,0.6879121103645031,0.046240862924272694,0.11693272462486899,0.055541823,0.10878544819105146,0.1133640926932015,0.10527187942739671,0.8173473947160537,0.8641076318068138,0.8995074951081573,0.070981224,0.053222353,0.056740112
0.170805,0.022097422,7.647657535242264e-05,0.1184555313490419,-0.587598492,0.0103,0.0137,0.0169,0.0198,0.022,0.0243,0.0269,0.03,0.0339,0.0457,,0.3701482328382989,0.4775774064414012,0.6016733876611683,0.045370582502317035,0.12778029019036788,0.090767199,0.063253371,0.089030688,0.097789529,0.8147171359762181,0.9451609803562332,0.8454353199993218,0.052937621,0.061054553639236495,0.052465342
0.161751,0.020616853,7.299350223996886e-05,0.019795289,-0.677844399,0.009,0.0123,0.0153,0.018,0.021,0.0233,0.0257,0.0284,0.0318,0.0459,,0.4047494217447729,0.4199975411635065,0.6937900644855315,0.045694634,0.11580139544759335,0.056648771,0.089621394,0.11434568705220345,0.12477710227241526,0.842962648,0.9118634547010397,0.9001840964097713,0.051809128,0.065710708,0.09946848
0.178264,0.0228895,9.685830374229012e-05,0.058031174,-0.666267413,0.0099,0.0136,0.017,0.0199,0.0229,0.0255,0.0286,0.0318,0.0362,0.0493,,0.374896008,0.41795937520788906,0.9024503091788277,0.044452137,0.12892379876760998,0.050184638566473275,0.063178617,0.11550435202181508,0.10644652814420352,0.886948711,0.9396857530899122,0.8949280753774369,0.050948989374082564,0.093605876,0.068714344
0.17356,0.022106255,7.596517697979301e-05,-0.042027274,-0.859597584,0.0107,0.0136,0.0166,0.0198,0.0222,0.0249,0.0278,0.0304,0.0337,0.0407,,0.3788630609216552,0.49668994118276183,0.7779120093094841,0.035762686,0.13093475484591782,0.087875779,0.054504229356116485,0.077983738,0.14324810392844567,0.9006460450632653,0.9410504211050216,0.873294959,0.081203293,0.06045601,0.07696958
0.165757,0.022864122,8.046529650325463e-05,-0.039052077,-0.740380457,0.0102,0.0144,0.018,0.0204,0.0229,0.0255,0.0285,0.0314,0.0346,0.0446,,0.37449346111783166,0.41023702439173887,0.8817100866839626,0.043687498,0.14948215432675355,0.051823348,0.10427370576656916,0.095146992,0.086590947,0.8409717458052882,0.9652070230268679,0.9671494718892916,0.087869356,0.061780499,0.098781568
0.1768,0.021945935,9.56463693301708e-05,0.034937087,-0.754868891,0.0087,0.0126,0.0161,0.0195,0.0221,0.0246,0.0276,0.031,0.0354,0.0462,,0.40029547675537136,0.4757413324281772,0.8487364974431924,0.043410097,0.14993715414325323,0.043678538,0.074757528,0.1157345237911858,0.10232323593625216,0.8740617920353112,0.8602066941441988,0.9203555036918464,0.091217366,0.071665701,0.057068225511836615
0.178331,0.021969657,9.65492973013661e-05,0.075498725,-0.661476934,0.0087,0.0124,0.0162,0.019,0.0225,0.0248,0.0276,0.0308,0.0349,0.0467,,0.40463104449695586,0.4096039256835295,0.7727920350014351,0.044691977,0.11374409075263939,0.051959567518433954,0.10207561158159892,0.12113667166571249,0.11869363012029194,0.9825610217486064,0.8531322760921121,0.8268137091974418,0.068383644,0.085942391,0.084834194
0.177467,0.023770849,8.02653748882587e-05,-0.094240744,-0.802750918,0.011,0.0156,0.0184,0.021,0.0238,0.027,0.0295,0.0322,0.0358,0.0437,,0.36146969809931945,0.461582756,0.830877703,0.039143365458726084,0.12776678675631267,0.059018736,0.10905485350210012,0.12780146697064326,0.1081590417982336,0.9229002790988027,0.9909153127557124,0.9133168674167689,0.074108513,0.054523054,0.097825583
0.143977,0.025254015,8.981650313107049e-05,-0.01337161,-0.756150669,0.0124,0.0163,0.0201,0.0227,0.0253,0.0279,0.0305,0.0342,0.0386,0.0462,,0.4007354296705696,0.409388377,0.5363065320889611,0.046323600942735285,0.14253061644576306,0.075793178,0.092846597,0.12287987062429324,0.1436296901198318,0.9035968263490552,0.9318061923132526,0.8799516490417925,0.090609867,0.091922126,0.084661653
0.145445,0.023556519,7.749949088639032e-05,-0.090763513,-0.753260997,0.0119,0.0152,0.0181,0.0214,0.0238,0.0261,0.029,0.0319,0.0352,0.0421,,0.36627336449456294,0.417763426,0.7662922973781727,0.049904164,0.13888636985590277,0.080156439,0.10960756806525906,0.10545879693314228,0.11842129578951152,0.8046356734882661,0.9626386236825596,0.9192517582885281,0.078333722,0.079402947,0.070486069
0.150402,0.023767252,7.160659326318331e-05,-0.049239981,-0.447198058,0.012,0.0165,0.0192,0.0215,0.0237,0.0263,0.029,0.0314,0.0343,0.0449,,0.39063952652471523,0.4966614421483864,0.8333118602496032,0.043472154,0.12610486865529968,0.078709808,0.07848812,0.1188116855401608,0.09749503,0.9017895979120969,0.9839078896318838,0.8843544385554175,0.076028336,0.085049315,0.061779789
0.161591,0.023887244,8.015066991949519e-05,0.077312501,-0.521740478,0.0119,0.0153,0.0183,0.0211,0.0237,0.0266,0.0294,0.0321,0.0355,0.0478,,0.3802499805202371,0.41044376657611215,0.6711170956035314,0.041028267226795236,0.11281424748087185,0.043824807,0.057943592,0.10476712052417013,0.086490665,0.9926045692674701,0.9663009876535196,0.911904429,0.082866662,0.050664323,0.096836674
0.158794,0.025412139,8.433065836913383e-05,0.055192456,-0.458258363,0.0132,0.0168,0.0198,0.0225,0.0254,0.0281,0.0309,0.0338,0.0376,0.0486,,0.36829008197885876,0.46977589960541555,0.8949790886952492,0.039009014,0.1400711220974832,0.089155758,0.063099889,0.12449036057170634,0.10451247746426326,0.9602911942686483,0.8949229007984956,0.936603358,0.064376826,0.080442148,0.080738361
0.165882,0.025512209,7.591339076861292e-05,-0.10498488,-0.526380528,0.0137,0.0175,0.021,0.0233,0.0257,0.028,0.0304,0.0334,0.0372,0.0462,,0.35956171969059897,0.45092543622976666,0.8021051568404707,0.043936239,0.13352038079801082,0.077738832,0.098225678,0.095310845,0.11732805037782267,0.9290149470957708,0.9766171973676644,0.9183482668557974,0.093734065,0.071345015,0.089439731
0.155104,0.026378941,0.000148802,0.165099428,-0.616340748,0.0099,0.0149,0.0188,0.0223,0.0259,0.0293,0.0331,0.0371,0.0429,0.0554,,0.4177073497920775,0.4080071416894868,0.8902935502701335,0.042427585,0.14678311965129948,0.084459417,0.095620829,0.077623358,0.085899016,0.9284632228799915,0.979597139,0.8229930949433195,0.084473117,0.069388992,0.082348462
0.157128,0.025434744,9.969427746985169e-05,0.2531456085733979,-0.293533248,0.0124,0.0162,0.0192,0.022,0.0248,0.0276,0.0304,0.0341,0.0389,0.0544,,0.37004261369704516,0.428203568,0.8957290151795281,0.047874083,0.14343187329668897,0.081710413,0.0921487,0.10544950030031575,0.085356032,0.8841956246140754,0.8349394,0.8457470215299316,0.081139292,0.079233998,0.085059695
0.146656,0.024650739,7.418429001882048e-05,-0.159305939,-0.71759813,0.0133,0.0166,0.0193,0.0226,0.0247,0.0273,0.03,0.0332,0.0362,0.0423,,0.37279963812246875,0.4170398833765253,0.5435359829373465,0.04202736,0.14960734753552538,0.091439215,0.1059753455191544,0.10328941264665248,0.11564874572163315,0.9529719655139656,0.8947013666151737,0.9798521060147434,0.074341308,0.09884293,0.08051729
0.15355,0.025367228,8.6014774772253e-05,0.003972637,-0.645770009,0.0129,0.0167,0.0204,0.0228,0.0252,0.028,0.0307,0.0337,0.0382,0.0462,,0.3940936232629392,0.4899086442312834,0.7329926073662902,0.038116315744480045,0.11823014902126362,0.055829733,0.10181757611644378,0.11068594878289964,0.098871654,0.8014605676875574,0.8903462012540556,0.8270572028548837,0.089381144,0.057802818,0.073506512
0.16237,0.025366274,7.732774656344212e-05,-0.17374763,-0.636533485,0.0127,0.0178,0.0204,0.0229,0.0254,0.0286,0.0312,0.0335,0.0366,0.0448,,0.3925830550177147,0.4772615003289638,0.6434014688246917,0.037563996,0.13009543669561863,0.07203527,0.097096881,0.1274806921622115,0.1166285177158915,0.8891944974353414,0.8778162645173665,0.957695535,0.055089989899774955,0.088161222,0.073036857
0.166787,0.023766752,7.146285637230278e-05,-0.049787179,-0.505150156,0.0121,0.0163,0.0193,0.0215,0.0237,0.0262,0.0286,0.0314,0.035,0.0454,,0.3525282449947628,0.4763103450131472,0.711212137,0.04567797,0.11292438857879492,0.065449013,0.11103348812853062,0.091306297,0.11042752503751223,0.9170984847139443,0.973323678,0.8247224827148237,0.054714877,0.082621692,0.076638756
0.167127,0.024844927,8.357726582002996e-05,-0.120093047,-0.78152484,0.0118,0.0167,0.0196,0.0222,0.0249,0.0278,0.031,0.0335,0.0367,0.0449,,0.36383432936502763,0.4689195146769124,0.5250174720409966,0.043789034,0.12472252036535209,0.067836745,0.075299734,0.11446559581322256,0.13826697586599573,0.8697971457988067,0.9405933146200389,0.9249331455701675,0.057401258,0.062491194642764966,0.07037862
0.168024,0.025502372,9.576996760742823e-05,0.006502356,-0.697994903,0.0127,0.0167,0.0199,0.0228,0.0255,0.0284,0.0315,0.0346,0.0385,0.0512,,0.39149843347938124,0.40806221795803344,0.6942091291103679,0.04599162,0.1180573773420001,0.046516322852700145,0.088738147,0.083077732,0.12078509676525379,0.9496257939610839,0.9907541642544473,0.8492161839223588,0.057787628664054375,0.051797039,0.0785067
0.151347,0.025584165,9.242615447645856e-05,0.042510592,-0.631451727,0.0126,0.0165,0.0196,0.0227,0.0255,0.0286,0.0312,0.0343,0.0384,0.0478,,0.4116460592327737,0.47724909149964667,0.8841396688346252,0.037328401,0.14747095535009822,0.056875401496126035,0.056309534,0.11684106742191426,0.10811643573895795,0.8653800718930051,0.9430032026528966,0.9828883223672532,0.071500604,0.052736016473263266,0.075849471
0.130867,0.022820483,0.000102901,-0.010092851,-0.797102172,0.0091,0.0129,0.0166,0.0196,0.0229,0.0262,0.029,0.0323,0.036,0.047,,0.39874473928059617,0.4447399601087911,0.6743405203373269,0.038884508,0.13110873481728139,0.047901821090379715,0.070734703,0.11036112925693113,0.13780280725665486,0.8840023935847806,0.9491308415143114,0.8013050547325236,0.061360105,0.078306115,0.076637403
0.147001,0.025351011,0.000105871,0.2737234179544288,-0.208145573,0.0117,0.0158,0.0191,0.0223,0.0253,0.0279,0.0309,0.0341,0.0392,0.0584,,0.3570445687327207,0.44430456907489485,0.6015336272390319,0.049783885,0.1388382506008565,0.068350748,0.06975455,0.090585991,0.085591192,0.8204774606126507,0.9345569303552853,0.9748334222368616,0.061923352,0.097075868,0.069318826
0.14606,0.023694476,0.000111983,0.027341726,-0.595854331,0.0099,0.0141,0.0179,0.0211,0.0241,0.0272,0.0302,0.0333,0.0371,0.0515,,0.3647937185008992,0.49007232026284875,0.8026227444998122,0.045418505,0.13397498344795897,0.057576907437535754,0.063068178,0.12819751452377687,0.11341119931735032,0.8737884735306015,0.8331810630343036,0.9730023965262422,0.068951661,0.075892499,0.053104941
0.148757,0.025704363,9.971785711419382e-05,0.1839687556471923,-0.474851011,0.013,0.0169,0.0199,0.0227,0.0253,0.0281,0.0309,0.0343,0.0389,0.0508,,0.3726653173292205,0.40398252429095965,0.7440316720887676,0.049022731,0.13402003191312895,0.090181119,0.087919124,0.11566542462663063,0.1265153736288768,0.8885732761626695,0.9338870096207932,0.9286941799946755,0.079479091,0.095351452,0.076955183
0.15929,0.023039177,6.432082594864271e-05,-0.167522532,-0.704379912,0.0125,0.0157,0.0182,0.0211,0.023,0.0256,0.0283,0.0306,0.0335,0.0411,,0.4199312257414421,0.4528770839907592,0.6761851353146665,0.048110309,0.12824179076119646,0.082343785,0.082746881,0.079740745,0.094789954,0.9380363311900304,0.9386033298393655,0.9019713077316961,0.052037478149426455,0.06808955,0.091978535
0.162048,0.019979251,7.894101579844642e-05,0.025568656,-0.7272884,0.0075,0.012,0.0146,0.0174,0.0202,0.0225,0.0252,0.0282,0.032,0.0408,,0.3765330557530092,0.48753289472550054,0.9363673162442634,0.04737634,0.1440900286405201,0.056000249,0.098416513,0.07304803,0.0889561,0.925341819,0.8769914598617586,0.9434449862988632,0.081976627,0.055595866,0.052099092885185966
0.162303,0.022985206,0.000104294,0.1000238691169087,-0.507866672,0.0097,0.0136,0.0171,0.02,0.0228,0.0258,0.0287,0.0317,0.0363,0.0501,,0.37715087343557163,0.49950946816887776,0.9065785828883064,0.044729845,0.12346639690826419,0.058701726,0.097248334,0.07127337,0.082573979,0.9494591951005141,0.9356059250224936,0.9827499019131577,0.065139178,0.069145393,0.075286864
0.158725,0.020798615,8.225348295086126e-05,-0.049123233,-0.840147411,0.008,0.0125,0.0154,0.0182,0.021,0.0232,0.0266,0.0294,0.0331,0.0409,,0.3863798359670249,0.4344385282180471,0.937610058,0.039180959,0.13080070301549157,0.078599573,0.1058019290168926,0.12019137176922226,0.11639464398887119,0.8061030870319089,0.9529755721220688,0.8863432446938322,0.053963039395789475,0.054056418,0.059385159
0.164337,0.024329231,7.387231305428416e-05,-0.021279159,-0.349896306,0.0127,0.0166,0.0193,0.0221,0.0248,0.027,0.0292,0.0318,0.0353,0.0475,,0.37768190796677503,0.4404842517436671,0.5484849537042505,0.041764402,0.12685061498766978,0.07137506,0.059556468091146106,0.084239878,0.095709065,0.9239063076278249,0.9487089719202172,0.8061035235985211,0.09595214,0.061891577,0.085369681
0.162461,0.022572322,9.556304583444322e-05,-0.103642716,-0.790534313,0.0088,0.0127,0.0174,0.0201,0.023,0.0259,0.0289,0.0315,0.0352,0.0445,,0.3808853906173675,0.42548178350240196,0.8073627185556488,0.038380484,0.11849386767363645,0.075773672,0.061317424,0.1045592557611222,0.11543396133267653,0.9821612797252606,0.839589181,0.9219886724543188,0.066946557,0.053807031,0.094207434
0.15635,0.025510094,9.488365916287296e-05,0.017562536,-0.712468717,0.0124,0.0162,0.0193,0.0223,0.0257,0.0286,0.0317,0.0345,0.0389,0.0485,,0.3746760127132501,0.4199168162174572,0.7307171300142437,0.04086486,0.13430720629337464,0.043359024,0.095672401,0.079226061,0.13186188869490517,0.8893238122699147,0.8392419349745047,0.8304634125341112,0.057274907,0.059766611,0.084814203
0.163614,0.027170351,9.59959870334346e-05,0.032971073,-0.513563362,0.0145,0.0184,0.0213,0.024,0.0267,0.0295,0.0324,0.0358,0.0406,0.0501,,0.40469848651018175,0.4261705491378793,0.5983731210216887,0.040893536,0.12169567687944287,0.055374021209960496,0.068583602,0.087522235,0.13145861435980985,0.9942670834137743,0.8696145176971523,0.9572368463129131,0.052281488746473544,0.072208219,0.098233378
0.167773,0.02385755,7.661379174223405e-05,0.021698731,-0.577887462,0.0119,0.0161,0.0188,0.0213,0.0238,0.0266,0.0291,0.0316,0.0353,0.0443,,0.39811736690316085,0.4834998835437472,0.8897741559585343,0.035147474,0.13721423300133576,0.049496398,0.064307085,0.12606179430994308,0.14104792911235542,0.8766346521145365,0.9176043998406355,0.9906313421322333,0.087020987,0.080796259,0.054474922
0.159133,0.02391242,7.931586241800812e-05,0.068023682,-0.545137793,0.0119,0.0159,0.0188,0.0218,0.024,0.0262,0.0286,0.0318,0.0359,0.0466,,0.379936109,0.4030517182339419,0.5185549385245599,0.046551054,0.1484137669682328,0.041529327,0.083415687,0.084734878,0.14093710562774797,0.8963979543385611,0.9555735862332845,0.9442708276543209,0.080644657,0.054412867814777305,0.0601118
0.16461,0.021025374,7.735391011151163e-05,-0.129188363,-0.829705366,0.0085,0.0127,0.0159,0.0188,0.0213,0.024,0.0268,0.0293,0.0326,0.0407,,0.3904067540788239,0.4352105932114092,0.5583671526522072,0.040724305,0.12306552592613224,0.067318901,0.09095826,0.12378858643892046,0.10019094610572382,0.8899087042380107,0.8216262119005481,0.9622866764355706,0.075050712,0.053424941,0.056649644
0.160638,0.020708192,7.18025439836461e-05,-0.063171226,-0.809049858,0.0095,0.0124,0.0161,0.0185,0.0207,0.0235,0.026,0.0287,0.0318,0.0394,,0.3809087226085854,0.4533897804231848,0.5019621383708461,0.036906254,0.12746030996127264,0.068664764,0.054753466231211474,0.081946701,0.086296907,0.9239922157094571,0.8705152561126414,0.8494746022050933,0.090271107,0.071909258,0.053786227
0.167178,0.022876577,8.80924468062901e-05,0.034117234,-0.687501128,0.0102,0.0136,0.0169,0.0201,0.023,0.0258,0.0287,0.0314,0.0354,0.0478,,0.39850368205962494,0.48691525024332105,0.7041911608760685,0.039308451131839735,0.14695393,0.076155702,0.065517584,0.10009287202282684,0.12661309504567989,0.8337491779898822,0.885386393,0.9959647639379745,0.062445139828608554,0.08532381,0.085022524
0.169214,0.022288087,8.872959460653096e-05,0.1000734009867442,-0.625247426,0.0098,0.0131,0.0163,0.0193,0.0222,0.025,0.0282,0.0309,0.0346,0.0478,,0.3618670293636987,0.4993014935018451,0.941262046,0.046539434,0.12021446114234297,0.070094669,0.058835937420093576,0.12216495530737387,0.098280101,0.949747751,0.8625465786870179,0.8847955261193053,0.072519188,0.05664707,0.095023646
0.167885,0.022352269,7.739286467297755e-05,0.2131000656107699,-0.392297541,0.0111,0.0142,0.017,0.0195,0.022,0.0244,0.0268,0.0297,0.0345,0.0491,,0.3993546585280492,0.42715222039082157,0.7970839934486778,0.043571978390394596,0.1370397973806485,0.071391557,0.074630434,0.074376211,0.092357938,0.9701517169309612,0.822357912,0.8312525610281666,0.053875348,0.05239783,0.054457879
0.161753,0.020709472,7.983736848580857e-05,-0.071913106,-0.810602311,0.008,0.0124,0.0155,0.0185,0.0208,0.0233,0.0264,0.0292,0.0325,0.0404,,0.38881357819907375,0.4197312907859093,0.6572729371373486,0.047561046206570166,0.1349982605199482,0.091470477,0.092096454,0.0987159,0.14264950861254444,0.9660399770929438,0.8396052140407793,0.9832596418641099,0.088708119,0.059885284,0.060060187
0.158693,0.020987362,8.5268443966353e-05,-0.013962636,-0.750180064,0.0082,0.012,0.0158,0.0186,0.0211,0.0237,0.0265,0.0297,0.0333,0.0444,,0.3813683946513898,0.4992061209476211,0.8715484528006893,0.04542967,0.14220010132044203,0.046006287,0.1125036418425639,0.12262047087104683,0.11582613807753922,0.9393666979556804,0.9469017165866295,0.8524710526520258,0.077304276,0.057342033951772405,0.076079463
0.167456,0.020989427,6.763673698940787e-05,-0.032893452,-0.763449896,0.0094,0.0135,0.016,0.0183,0.0212,0.0237,0.0259,0.0287,0.0322,0.0423,,0.3525177209734542,0.47087881015448074,0.7986086871471196,0.036043744195146776,0.11048437538072575,0.089743762,0.10689904662911431,0.09951924,0.14209704758727842,0.9159402743700428,0.9718409062310255,0.8813764845298512,0.091781747,0.055306252,0.082846099
0.165371,0.022013956,8.819337830648195e-05,-0.076131398,-0.811774287,0.0086,0.0134,0.0163,0.0193,0.0225,0.0249,0.0276,0.0311,0.0344,0.0419,,0.3772321690523302,0.4841156128543024,0.8730023985469464,0.038310313,0.11312436606256931,0.053578092,0.10349375883639851,0.080915951,0.082801051,0.9736648949517573,0.9932258908206737,0.9084361053586169,0.05889699,0.056090171,0.068229266
0.168517,0.021784147,9.7340212024939e-05,0.05789452,-0.767422649,0.0082,0.0119,0.0161,0.0187,0.0215,0.0245,0.028,0.0308,0.0353,0.0437,,0.40812126072937355,0.4686808563467093,0.8451551414308497,0.048470466137030724,0.13249000734828387,0.088074792,0.082704196,0.10568617400695623,0.1419071068847992,0.9366940859633409,0.997432413,0.9844016978625211,0.090219049,0.085068639,0.084597639
0.15332,0.019084574,6.944440423291915e-05,0.002000866,-0.704391627,0.0073,0.0116,0.0139,0.0167,0.0195,0.0216,0.0241,0.0271,0.0299,0.0407,,0.3787454520971222,0.4400771987114476,0.6497928929983272,0.049883439693851485,0.12330041443484852,0.070303971,0.096765066,0.076023373,0.13867195306050492,0.8549062102043998,0.841660699,0.8605456638695497,0.084206803,0.097454152,0.090480914
0.135356,0.020056026,7.885907523249238e-05,-0.036943692,-0.808004461,0.0075,0.012,0.0147,0.0175,0.0206,0.0227,0.0253,0.0285,0.0322,0.041,,0.3764949456760985,0.49293948561706336,0.9147542295655661,0.049251556,0.11969547581285986,0.073725091,0.082822555,0.12254503373858511,0.14370948797880906,0.9061535364297552,0.8996032696953331,0.8990784447672538,0.074656486,0.098948568,0.096028105
0.139821,0.020841804,7.209431710002064e-05,-0.051208739,-0.80548518,0.0093,0.0127,0.0158,0.0186,0.0211,0.0233,0.0263,0.0287,0.0321,0.0402,,0.38703562002471964,0.4730290978359342,0.5515704289419137,0.036926531,0.1324446224138676,0.084784474,0.056872219,0.096772688,0.12147508901256795,0.8271765843895589,0.8178692525022853,0.9006318070757351,0.056649676,0.056247989,0.084824525
0.147329,0.019871114,6.38864875955529e-05,-0.009325263,-0.788731426,0.0093,0.0121,0.0151,0.0177,0.0199,0.0228,0.0246,0.0274,0.0306,0.0388,,0.3959326589037471,0.46926039746281134,0.9477666568081458,0.037793327,0.13477349100397093,0.084894523,0.087436388,0.12636790849493582,0.09782829,0.9786492400348105,0.946879907,0.8603131387222372,0.056687975,0.062080046,0.097520904
0.15063,0.019165028,6.963414586927634e-05,-0.071614273,-0.821084868,0.0072,0.0111,0.0144,0.0169,0.0198,0.0219,0.0241,0.0273,0.0302,0.0377,,0.373992533,0.45593570315781806,0.8561544870486011,0.049814167736790024,0.14410840514796466,0.049116168,0.061379301,0.07989054,0.12969083409101576,0.85546017,0.8169162970570996,0.9914331165649445,0.061261008119050955,0.068453533,0.060630775
0.153178,0.0202065,8.074443130219005e-05,0.030334665,-0.655998821,0.008,0.0115,0.0147,0.0179,0.0206,0.0229,0.0253,0.0283,0.0321,0.0457,,0.41722118803786973,0.48650841459883315,0.6540705893886736,0.035398593,0.1388915584314027,0.052389547399980724,0.067557068,0.071569037,0.094896067,0.9695525329244817,0.8550612424706588,0.9654255662144934,0.064881102,0.0925477,0.062173624
0.148488,0.020421751,6.919238149834763e-05,0.022023051,-0.774552443,0.0099,0.0124,0.0152,0.0183,0.0203,0.0229,0.0255,0.028,0.0316,0.0395,,0.3580822523900497,0.4792206079741008,0.8802222826821077,0.036332081,0.11057552194461882,0.063672996,0.065983772,0.085713783,0.1279155498385375,0.8971145741343864,0.9177807375223211,0.9119268568439303,0.089673658,0.07940498,0.075821502
0.156335,0.019785248,7.495881785081718e-05,-0.055600659,-0.802593086,0.0075,0.012,0.0146,0.0173,0.0204,0.0224,0.0249,0.0281,0.0312,0.0411,,0.36111983866865216,0.4989347112830647,0.5647155614942857,0.038018286,0.11565486384072356,0.079990977,0.056852890723322544,0.080114647,0.13926233251768402,0.9441051631129611,0.9843980845404329,0.8944067502852486,0.091378419,0.092857164,0.075824346
0.14462,0.020193215,8.019405555663096e-05,0.1763292167510311,-0.491940156,0.0084,0.0116,0.0146,0.0174,0.0199,0.0231,0.0254,0.028,0.0319,0.0468,,0.3979631931878739,0.4675369271061021,0.9239427416791386,0.042635702,0.1274881569411053,0.068212301,0.082908302,0.075103623,0.11806299509288466,0.9784234152359639,0.9623743427562038,0.8462231090260987,0.083690902,0.092205159,0.09395644
0.143087,0.022811198,0.00010668,-0.01878969,-0.872181369,0.0086,0.0125,0.0171,0.0198,0.0226,0.0257,0.03,0.0328,0.0364,0.0448,,0.40112400291730066,0.46816604109340904,0.5634338128214844,0.046904367,0.11184666961919647,0.04836267,0.11343261154302682,0.069397103,0.1234527262040357,0.809613519,0.9790151826668795,0.9967218874688994,0.069569674,0.08021949,0.057041259
0.094151,0.015996084,5.288949905804925e-05,0.00745772,-0.860128881,0.0064,0.0092,0.0116,0.0137,0.0159,0.0181,0.0204,0.0231,0.0259,0.0332,,0.3720410203600388,0.42972364818813674,0.7196804444939828,0.046475528226566726,0.13240775704541938,0.041637573,0.10151525014479532,0.11206168127879165,0.12192627613358265,0.8641240559529395,0.9677258137650333,0.9213848230930537,0.074129091,0.079777692,0.053095612
0.085674,0.015442863,5.196750561918229e-05,0.084216377,-0.772611551,0.0051,0.0085,0.0107,0.0129,0.0155,0.0174,0.02,0.0222,0.0251,0.0339,,0.36405867932783287,0.46423067699425685,0.8867841172566698,0.044311347,0.13871737031016013,0.049817248,0.083333711,0.12735927837606065,0.12459741988385688,0.8227714952679077,0.8383535995507954,0.8584081915674753,0.051082225184830035,0.059575101,0.081493145
0.104409,0.0171892,6.407091358717148e-05,0.1613990208289754,-0.583288202,0.006,0.0102,0.0122,0.0147,0.0174,0.0192,0.0216,0.0244,0.0276,0.0391,,0.39647368752658646,0.42670947402739934,0.6244244560133037,0.037896485,0.12029977017591158,0.056166387900094955,0.10931347571126154,0.079223479,0.10204149724097422,0.8932484999906058,0.930643024,0.8748164448986108,0.096200274,0.052424097433966574,0.079999125
0.090644,0.015342403,5.150731006983257e-05,0.1255708171835086,-0.741796694,0.0052,0.0086,0.0108,0.013,0.0153,0.0172,0.0197,0.0218,0.0253,0.0344,,0.4100573998318456,0.46450320324910366,0.8422326871584154,0.04089951,0.11648359241332705,0.067431176,0.065624698,0.11255775708790695,0.11598192166653613,0.9499819747166829,0.8854057363183256,0.9259635608450569,0.07191929,0.066036573,0.058038845
0.070589,0.016292971,6.256495443825805e-05,0.2681599984737329,-0.549978787,0.0056,0.0092,0.0112,0.0133,0.0159,0.0179,0.0208,0.0234,0.027,0.0375,,0.35684856820450217,0.47242683780893624,0.6578852790033118,0.035344864,0.11251976789309269,0.091072959,0.081155953,0.084416152,0.10306515342214993,0.8959395970822153,0.9827329277372918,0.8639561011917489,0.086339438,0.058905811,0.077801847
0.085224,0.015334883,4.6773458454960966e-05,0.1492371513539917,-0.757320236,0.0065,0.0086,0.011,0.0131,0.015,0.0173,0.0195,0.0217,0.0247,0.0316,,0.3598050714418869,0.4652206275637288,0.8534136697694736,0.035434874,0.14089926107959824,0.062955295,0.055312826149224975,0.12151692706609273,0.11617052621412319,0.9849535724460815,0.8777052598777902,0.8275662578112328,0.059379339429418865,0.060007458,0.097836501
0.102938,0.01641738,5.859714513698425e-05,0.071987083,-0.809805654,0.0054,0.009,0.0119,0.0136,0.0165,0.0183,0.021,0.0236,0.0268,0.034,,0.3713426475426181,0.48317652724994486,0.8219539884573551,0.043879212,0.13757913452877987,0.062653543,0.10193683515107911,0.094383146,0.13321668661291944,0.8796133816942423,0.8403967387777783,0.8420554941627992,0.073150872,0.084580272,0.054016482
0.0947,0.016141342,5.8032386346622e-05,0.1556935234377253,-0.67085735,0.0056,0.009,0.0112,0.0135,0.0158,0.018,0.0206,0.023,0.0265,0.0368,,0.3909528702184452,0.4470933084587312,0.9195594371827954,0.035334077,0.14807050935572139,0.043959661,0.087878212,0.11301199500614242,0.1303509811214929,0.8282995872819613,0.8324840724668964,0.9820296547981033,0.064079546,0.066252648,0.095111418
0.121019,0.016231722,5.185524351904806e-05,-0.036127821,-0.836828174,0.0055,0.0099,0.012,0.0145,0.0163,0.0185,0.0207,0.023,0.0258,0.0335,,0.36735520603123956,0.41252759652635707,0.5317617365987855,0.047625696,0.12302923462439788,0.044742656,0.083491513,0.071330583,0.116917107,0.9936200999008603,0.8618972214914081,0.8913865760362535,0.084991467,0.074743941,0.077234882
0.112323,0.017414328,6.274179055979988e-05,0.036145793,-0.743231016,0.006,0.0099,0.0128,0.0151,0.0174,0.0198,0.022,0.0248,0.028,0.0366,,0.4188578844793611,0.4510972103376654,0.8105860596016626,0.045589233,0.12360524068661818,0.090848284,0.064442421,0.11910726093280387,0.11250150808673397,0.9879997166606588,0.8998375170775166,0.9212669594347374,0.072243875,0.081844901,0.085249411
0.193813,0.02053213,7.666343287561771e-05,0.004919087,-0.613621505,0.0083,0.0119,0.0158,0.0182,0.0206,0.0231,0.0257,0.0285,0.0318,0.0437,,0.3711784019702804,0.44257328229296444,0.9397654561787122,0.047228336,0.13966183329968132,0.063150439,0.083299783,0.081215925,0.13607094638606224,0.8042060285576872,0.9998527347662248,0.9697114841029677,0.081963926,0.084360894,0.061076665
0.182497,0.01922858,6.182052537611272e-05,-0.016078897,-0.827027805,0.0083,0.0114,0.0146,0.0167,0.0195,0.0215,0.024,0.0267,0.0303,0.0368,,0.3797708009857709,0.49477463571384617,0.900457835,0.035803260084301805,0.13482115612690274,0.081984118,0.089386171,0.11065189009075929,0.11494089850413357,0.8769827834139681,0.9539738157079074,0.8773687510382193,0.064809827,0.097146232,0.069116106
0.188349,0.023297383,7.890159212124362e-05,-0.081616198,-0.75408463,0.0105,0.0151,0.0179,0.0208,0.0237,0.0263,0.0287,0.0314,0.035,0.0431,,0.4146784218572184,0.46886776991439894,0.8363983078886459,0.037945109,0.11476139774186044,0.06263651,0.054844228,0.079833142,0.12873193615661646,0.9569418028573843,0.9149746367664271,0.8061304347611057,0.094222925,0.085003631,0.068456089
0.19718,0.021941542,8.368421152194823e-05,-0.099303771,-0.732196379,0.0091,0.0129,0.0174,0.0198,0.0222,0.0246,0.0274,0.0307,0.0339,0.0451,,0.4112762489510749,0.4650480780868195,0.5883822693163265,0.048309777390436855,0.1465698427603554,0.060081835,0.074371752,0.108981793,0.099779373,0.8502239606567858,0.8544599219889368,0.8251016533495374,0.056477444,0.073866444,0.090628379
0.199342,0.022038309,8.747887060535191e-05,-0.074591756,-0.77981167,0.0089,0.0127,0.0168,0.0194,0.0222,0.0248,0.0279,0.0308,0.0347,0.0437,,0.3893980455008297,0.4687150946079562,0.7252924415365938,0.044374087878012565,0.12140948818868395,0.051911549,0.10971102026521032,0.11196196512017093,0.10655376051502762,0.8209756865504639,0.9493961475183167,0.8875703655890609,0.065848116,0.081898995,0.078933648
0.19395,0.022157181,8.55275310958817e-05,-0.044568923,-0.694879121,0.0093,0.0131,0.0169,0.02,0.0224,0.0249,0.0278,0.0306,0.034,0.0455,,0.3976922304325765,0.4437952762634117,0.7550142366719453,0.042980399779311146,0.14463967478312065,0.076996937,0.1009043631889207,0.083204968,0.1005376329829738,0.8308804801987899,0.8417987489802654,0.98437133,0.073542674,0.086350687,0.062757314
0.20613,0.020622138,7.31456830611395e-05,-0.061449773,-0.69258731,0.0085,0.0125,0.0157,0.0182,0.0208,0.0235,0.0259,0.0284,0.0316,0.0426,,0.40441561178468577,0.461951974,0.740002081,0.036429263958400314,0.1126492186257722,0.043328471,0.091825061,0.075436284,0.11235284282962502,0.9457723952994184,0.8365341348486754,0.921738298,0.058423211354098545,0.084799647,0.066476825
0.19872,0.024120696,8.020225840541182e-05,0.014801956,-0.612606978,0.0119,0.0158,0.0188,0.0216,0.0243,0.0267,0.0293,0.0322,0.036,0.047,,0.3699087123817208,0.45312868795118594,0.8155989514687159,0.046924419,0.11686884986026244,0.087983456,0.11261121643238552,0.099433611,0.084297349,0.8148776879491668,0.9929349490025144,0.844622402,0.050169117,0.071715303,0.093270369
0.195698,0.023323203,8.041734184511424e-05,0.1390379948122586,-0.442338057,0.0115,0.0148,0.0177,0.0204,0.023,0.0258,0.0287,0.0314,0.035,0.0483,,0.40012054349853043,0.4876294178468448,0.6731582994478349,0.037492154288148796,0.14152400733858453,0.044927988,0.064366435,0.12150367836545038,0.13959448848787734,0.8456111392231178,0.8862807795991188,0.9239464607747507,0.080723869,0.092430926,0.075024747
0.160906,0.026539976,0.000148758,0.1293001607100463,-0.734174452,0.0108,0.0153,0.0189,0.0227,0.0263,0.0295,0.0333,0.0373,0.0437,0.0535,,0.37311669960997884,0.41508736655883655,0.6394447513580925,0.047604934,0.14371652370844445,0.07852542,0.091529736,0.086621395,0.11562201477064032,0.9227110754906239,0.8299920644668776,0.9308392807040845,0.096045315,0.060820737300884026,0.072424323
0.132372,0.020238111,5.802451962362362e-05,-0.020471498,-0.756895446,0.0103,0.0129,0.0158,0.0179,0.0201,0.0227,0.0248,0.0275,0.0304,0.0384,,0.4000442394730041,0.40731677434186975,0.5862681767233435,0.035507879,0.1212605569008603,0.057471626,0.065696113,0.099656776,0.11943263069047981,0.974289462,0.8811777294125294,0.9866784911516076,0.063880492,0.080100841,0.09302814
0.131366,0.019119688,5.508996551994998e-05,-0.040475656,-0.820190636,0.009,0.0125,0.0144,0.0173,0.019,0.0215,0.0235,0.0262,0.029,0.0351,,0.3559146567103891,0.43723376903445416,0.8106692236575536,0.039562043,0.12519831608179363,0.075066299,0.076819815,0.11556036946946585,0.1367503781527646,0.8360004181614636,0.9971069954662362,0.8921404348048236,0.084945053,0.09506983,0.082100952
0.133935,0.018135371,6.625911158989053e-05,-0.022148259,-0.88075159,0.0064,0.0102,0.0131,0.0158,0.0183,0.0205,0.0232,0.0258,0.0292,0.0361,,0.37116380046421676,0.40276978,0.7099712624077441,0.038213489,0.11461473481866899,0.074827236,0.10200685416132328,0.079897699,0.14071124946216457,0.9393365450319019,0.8479095808079747,0.8712115890970725,0.050833619047778944,0.075025576,0.080935767
0.140515,0.019133476,7.232464045744314e-05,-0.02583282,-0.842161154,0.0069,0.0111,0.014,0.0169,0.019,0.0221,0.0243,0.0272,0.0307,0.0386,,0.3857484784405815,0.4746567460988621,0.8387562890163738,0.043787598968474506,0.12066144902347542,0.077659812,0.087285942,0.11008082831464612,0.10341229505664759,0.8879561142327512,0.9417738597117004,0.9666112637372284,0.078986032,0.074056635,0.093334865
0.146906,0.02010723,6.728321562855486e-05,-0.041884865,-0.864257994,0.0091,0.012,0.0154,0.0176,0.0206,0.0226,0.0253,0.028,0.0313,0.0377,,0.3560826997560389,0.43660241125731303,0.5227759999158387,0.039078971,0.13236186857043047,0.087577557,0.089548382,0.11662256600887323,0.14492317641835584,0.9857788388056149,0.9788825751680071,0.9787368898476142,0.074428178,0.083288213,0.094590347
0.135322,0.018578106,5.747484304699705e-05,-0.077433062,-0.884939904,0.0083,0.0113,0.0136,0.0166,0.0184,0.0211,0.0231,0.0259,0.0287,0.0344,,0.378519447,0.4384106973999736,0.6046533617464172,0.043112371923260936,0.12438976305441002,0.062006846,0.10655000591158845,0.082337244,0.10856362379871691,0.9181602986274899,0.9815870573587517,0.8104030680871849,0.075359726,0.063115838,0.082472092
0.138138,0.018700949,7.773443914353802e-05,0.240417573,-0.377571501,0.0072,0.0103,0.0134,0.016,0.0185,0.0213,0.0236,0.0266,0.03,0.0462,,0.36267898576869334,0.4755259940769969,0.8832894746075945,0.039285084,0.14903099948421158,0.079656887,0.083347727,0.070449298,0.12708053586997586,0.9314785674602887,0.8622516205682654,0.9803595892843486,0.073071355,0.064288733,0.082620954
0.136904,0.022306084,6.376130983233537e-05,-0.150638761,-0.708970138,0.0115,0.0152,0.018,0.02,0.0224,0.025,0.0272,0.0302,0.0328,0.0394,,0.3799602776629715,0.4505982286825365,0.7239185703284441,0.046017332,0.12676038434702452,0.070263645,0.077133518,0.07513215,0.14416360930669864,0.8465493861638362,0.9970372877113952,0.9933332844711841,0.073391934,0.050735892,0.087333619
0.135431,0.017655746,5.373139539367471e-05,0.041907566,-0.769755867,0.0072,0.0104,0.0131,0.0155,0.0178,0.0199,0.0221,0.0244,0.0275,0.0361,,0.4140530317959147,0.48859407320196485,0.832013675,0.03656149,0.12660001991345424,0.057491504,0.058332779,0.078296072,0.08901543,0.9391442703977013,0.9268664191745598,0.8955237680728352,0.091238069,0.093239397,0.055005423
0.136837,0.021435383,9.661884624721984e-05,0.07184306,-0.738521659,0.0081,0.0118,0.0158,0.0189,0.0213,0.0238,0.0271,0.0307,0.0347,0.0451,,0.3632308068900845,0.4027429139592362,0.7199225186116786,0.045173898,0.12893880882442016,0.048659863,0.098734501,0.12247967337726295,0.094127956,0.8793663115259628,0.9931142631115242,0.9302231497948376,0.055143495,0.067543907,0.095834567
0.16788,0.021976452,7.987100789831209e-05,0.09681055,-0.633007165,0.0097,0.0132,0.0171,0.0194,0.0218,0.0243,0.0271,0.0302,0.0337,0.0446,,0.3859840383726109,0.4809319396676265,0.9271186883038114,0.046132669,0.14904856468232358,0.075593195,0.058188946,0.084872624,0.09617012,0.8222637030435804,0.8315337440933855,0.9525529075622673,0.077128699,0.062837164,0.061758538011279895
0.180687,0.021529577,8.934014816807759e-05,0.055035974,-0.63476378,0.009,0.0125,0.0161,0.0186,0.0214,0.0244,0.0272,0.0302,0.0342,0.0475,,0.40969404291282624,0.4774238158766275,0.9067555608643028,0.037704198,0.13290438145998507,0.07096977,0.079675075,0.12503750913751824,0.091790201,0.8797243418101245,0.8112856605316071,0.9615104925240825,0.094883945,0.075848896,0.096010058
0.169787,0.018558019,6.453377274645023e-05,-0.021502199,-0.658481861,0.0072,0.0115,0.0138,0.0164,0.0189,0.0212,0.0231,0.0259,0.0292,0.041,,0.35193174084808676,0.41440235979467194,0.8667840148675363,0.040940574,0.13616797220353263,0.061055164,0.058917381042192365,0.11075103781797847,0.11130886268273767,0.9505916579043303,0.907260772,0.823620706,0.080987099,0.084457097,0.094326901
0.171097,0.019009349,6.38582752043904e-05,-0.082002821,-0.859493438,0.0075,0.0111,0.0142,0.0166,0.0196,0.0216,0.0241,0.0264,0.0299,0.0369,,0.3560114963258329,0.49107658319304276,0.5707739010927089,0.039799708708222255,0.12147062647649684,0.057155046746039384,0.10629784770186756,0.12694394769650022,0.10356880082859406,0.9894866816720366,0.8343592108054366,0.9609454220801213,0.054289571,0.060905558,0.057889903
0.170701,0.018584205,6.715144742701678e-05,0.043241776,-0.634843695,0.0071,0.0114,0.0138,0.0164,0.0187,0.0211,0.0231,0.026,0.0294,0.0411,,0.37602222920948014,0.4796026910571953,0.7855305437024741,0.042836799,0.1380476156717546,0.07122578,0.097586171,0.069588148,0.1332211909851734,0.8894351118909386,0.9770213047712477,0.9355821063770607,0.080712975,0.084178096,0.072336258
0.166372,0.021011006,7.643557370054497e-05,0.048077907,-0.74669522,0.0093,0.0129,0.0154,0.0184,0.0213,0.0234,0.0261,0.0291,0.0327,0.0412,,0.394261117,0.46570174424174726,0.7618085990483563,0.040540904,0.12814622922626967,0.044042234,0.07665596,0.1106700946269733,0.098609899,0.8224085696593652,0.8509898350128511,0.9655452163381729,0.075933576,0.091644099,0.062251818249720044
0.165894,0.020622173,7.562727302933014e-05,0.1247362240466578,-0.585370075,0.009,0.0121,0.0157,0.0185,0.0206,0.0229,0.0256,0.0285,0.0322,0.0453,,0.37978793706059155,0.4210449440589077,0.8696609865923274,0.044794286917775976,0.11577243794288421,0.088879268,0.10098386728343794,0.10036682681952898,0.10199126405723144,0.8078451992222211,0.8024308468425293,0.925105253,0.060210899,0.069179947,0.07283926
0.168003,0.019360987,5.728778915082664e-05,-0.059795076,-0.792279488,0.0092,0.0119,0.0149,0.0171,0.0199,0.0216,0.024,0.0265,0.0293,0.0372,,0.3595388496362342,0.41716293985570424,0.6839745879080499,0.039174119644140706,0.1376488473142225,0.049071047368302034,0.10310171435658898,0.082334314,0.11475241591767743,0.8460926049323235,0.858830061,0.9764183797645896,0.067255781,0.072239834,0.078107075
0.175794,0.022577195,9.930282558705807e-05,0.002124841,-0.687890693,0.0095,0.0133,0.0169,0.0198,0.0226,0.0254,0.0282,0.0315,0.0359,0.0501,,0.40381508712711534,0.41173782808020004,0.8572676744376828,0.041391901,0.11418977781837333,0.073958454,0.10593414117070891,0.079529162,0.13024268293541566,0.8188503288910685,0.9557636255236738,0.8301304596369029,0.055285307,0.079370482,0.08734193
0.169601,0.020105576,6.538314463433226e-05,0.085214786,-0.599204382,0.009,0.0124,0.0153,0.0176,0.02,0.0225,0.0249,0.0272,0.0306,0.0426,,0.3716702367445924,0.4619203025611166,0.7583906244141182,0.043815893,0.14822575087176654,0.065648555,0.055864934670305566,0.12305704656967503,0.12025615885996678,0.8379932273451876,0.8506859712687463,0.8688150846689352,0.050364291,0.077290943,0.094827388
0.160605,0.019978049,6.49098374571525e-05,-0.087456452,-0.877145464,0.0091,0.012,0.0154,0.0174,0.0201,0.0226,0.0252,0.0279,0.0307,0.0378,,0.40283459697044877,0.4421810466567033,0.6760794286643262,0.039906625,0.1289057906436926,0.053433497910123126,0.071799174,0.077260494,0.096120036,0.9555774080028359,0.9636729932560651,0.9608967288008282,0.085512849,0.073783829,0.095257246
0.164879,0.019278082,6.04080716558669e-05,-0.045822401,-0.871833332,0.0085,0.0115,0.0145,0.0172,0.0194,0.0217,0.0241,0.0267,0.0298,0.0361,,0.3821294904775204,0.4858097898145971,0.888044347,0.045846484,0.13379926313554374,0.089612758,0.077487291,0.089439404,0.09420395,0.8757465929435113,0.8241883662736167,0.9239938972286919,0.080116512,0.051024046,0.074150341
0.156532,0.018090664,6.353967123204452e-05,-0.016333362,-0.861696233,0.0066,0.0103,0.0132,0.0155,0.018,0.0206,0.0232,0.0257,0.0289,0.0364,,0.35672113012889173,0.4322748537575538,0.6965868528112718,0.049699108597431985,0.1409935451684439,0.080676325,0.078768285,0.07230917,0.083911831,0.8961105107360346,0.9593744699908586,0.9457235197731678,0.073285006,0.073513636,0.092553119
0.170931,0.019458963,6.272103899061142e-05,-0.032384392,-0.737216173,0.0081,0.0119,0.015,0.0175,0.0194,0.0219,0.0242,0.0267,0.0302,0.039,,0.39861750543340035,0.4574136605349894,0.9280333191941944,0.040864438,0.13724498517591435,0.083257778,0.09917623,0.086521663,0.12576694539935304,0.9539498437596117,0.8938513759021733,0.9570323924451185,0.095364928,0.058589881349594065,0.093512452
0.162785,0.019468829,6.677232267311328e-05,0.1869374928713107,-0.441040275,0.0086,0.0115,0.0146,0.0176,0.0194,0.0214,0.0237,0.0266,0.0305,0.0451,,0.40621110207999744,0.4025078532251159,0.6279472698415719,0.042726056,0.13433883206118832,0.081882126,0.070713811,0.074144695,0.14004917542112616,0.8332178850990732,0.9153633811057525,0.9841345984578045,0.072438996,0.067377399,0.085072724
0.16558,0.018412184,6.666456945617691e-05,-0.009994073,-0.797700122,0.0067,0.0105,0.0132,0.016,0.0184,0.0209,0.0233,0.0261,0.0297,0.0367,,0.4140016474248487,0.4578474272149308,0.7667192663435781,0.044583188985236104,0.14915040576699945,0.081327623,0.094333841,0.10278773886329096,0.12705940232283672,0.9694036828965062,0.8652316251415165,0.9551080002032654,0.07277928,0.079679011,0.068880754
0.150471,0.018356246,5.054953689100083e-05,0.00818532,-0.72293136,0.0088,0.0122,0.0139,0.0165,0.0183,0.0203,0.0226,0.0248,0.0279,0.0351,,0.4005327868584617,0.452102752,0.8819484690641491,0.045561784,0.1496568878675548,0.083305934,0.060644453,0.08154562,0.091065839,0.8097269500520786,0.8073144211024897,0.8397982382794382,0.095370836,0.081862587,0.090536439
0.154879,0.021645478,8.75425644003998e-05,0.089252926,-0.661124381,0.009,0.0124,0.0165,0.0192,0.0216,0.0238,0.0269,0.0303,0.0341,0.045,,0.39962010349238897,0.41747404868265503,0.7084924631021096,0.037828334059893075,0.12316425460036255,0.077328847,0.10568301318201259,0.11358765318065528,0.10089408669579057,0.8721950065082229,0.8511393159729622,0.8889720573676593,0.07644088,0.064298205,0.063646477
0.160284,0.022461798,0.0001095,0.4509288217150616,-0.153723833,0.0088,0.0125,0.0161,0.0187,0.0214,0.0241,0.0274,0.031,0.0371,0.0553,,0.41043675176400807,0.4586720153765499,0.7889385747695639,0.042997764453946506,0.14563594804702235,0.051620997,0.058686256,0.10035063471674499,0.084088187,0.8821354224980278,0.8284930359473893,0.9572314517709426,0.076808124,0.072802177,0.09939545
0.137065,0.020763831,7.529732856343062e-05,0.1043369805275481,-0.713585517,0.0095,0.0129,0.0153,0.0179,0.0209,0.0231,0.0256,0.029,0.0323,0.0415,,0.3909134276906618,0.4832964906282183,0.7242158297374718,0.049733731,0.11672908265128419,0.083811619,0.081551328,0.12115553324000447,0.094837898,0.9139421515794319,0.9865941145930963,0.9212256485166073,0.092121447,0.075796416,0.083055214
0.144764,0.019032065,6.370778326961845e-05,0.1049567828522156,-0.673354326,0.0083,0.0115,0.0141,0.0167,0.0187,0.0212,0.0235,0.0263,0.0298,0.0382,,0.3964839225277217,0.43180528317046385,0.5812962110666738,0.047519850613119446,0.12935126669401598,0.058277784886284906,0.081588124,0.11925878891120925,0.09679092,0.8109802409651592,0.965925774,0.9013591769241662,0.066984794,0.070924759,0.091793239
0.129697,0.019249856,6.546703409185551e-05,0.028892526,-0.83987947,0.0081,0.0113,0.0144,0.0167,0.0195,0.0216,0.0241,0.0271,0.0302,0.0375,,0.39890084009405263,0.4775258500163279,0.6285885501387891,0.048342047,0.13704418489832065,0.076347756,0.11027026695671432,0.11475072784179927,0.10522196481271627,0.9756592630159265,0.8279230913578932,0.9938720078954426,0.054881665,0.057674855,0.064421782
0.137564,0.020411766,7.058405931616464e-05,-0.054929136,-0.825449342,0.0091,0.0123,0.0152,0.0184,0.0207,0.0232,0.0258,0.0282,0.0319,0.0398,,0.4196180817875242,0.40042701577724016,0.6468661109184999,0.038787657,0.14615012559928126,0.067569833,0.077262408,0.069804267,0.097006611,0.9497567413914487,0.9343609207974517,0.98302704,0.087100905,0.095782991,0.061504198
0.1476,0.020432824,6.978807582411443e-05,-0.054337536,-0.824158523,0.0092,0.0122,0.0157,0.0178,0.0206,0.0229,0.0254,0.0284,0.0317,0.0379,,0.3694559402615897,0.40373564754860414,0.5902951537280974,0.043737022,0.13128991750881946,0.078215502,0.081458181,0.093102309,0.11410287308857375,0.926198223,0.8108516113890392,0.9482734152142291,0.073607195,0.052837729068503966,0.067650344
0.142073,0.019751916,6.152175025212416e-05,0.016542483,-0.782699976,0.0095,0.012,0.0151,0.0172,0.0201,0.0219,0.0244,0.027,0.0303,0.0372,,0.3990256095615877,0.4955993428948202,0.5809238048963035,0.048091171,0.14708133088162773,0.073472669,0.092740019,0.072787783,0.087612896,0.999812184,0.9569706045555527,0.9754747698628659,0.08753237,0.077239187,0.097984654
0.143521,0.018593376,6.738763986610743e-05,0.008519678,-0.738731223,0.0068,0.011,0.0137,0.0165,0.0185,0.0209,0.0235,0.0262,0.0296,0.0389,,0.36611447677857306,0.4518226495282511,0.6042327862931299,0.041805835769344254,0.14301984571585893,0.08015257,0.087723687,0.096614348,0.0868978,0.9899080581396609,0.8829203506192116,0.8508781080202766,0.072056012,0.055155639,0.095723457
0.135104,0.018483375,4.682423339604094e-05,-0.051612598,-0.726999674,0.0096,0.0121,0.0148,0.0165,0.0185,0.0206,0.0227,0.0248,0.0278,0.0335,,0.40729909235626416,0.48718525578633426,0.7224470257526892,0.044470818906076535,0.13327623129975993,0.067680191,0.069792546,0.10614635749578256,0.1347912104891457,0.8937898210647033,0.9375417431659228,0.9837691670805417,0.06013604,0.082146098,0.07888429
0.14506,0.019715844,6.934336305644217e-05,0.017246273,-0.746672338,0.0079,0.012,0.0144,0.0175,0.0199,0.0221,0.0249,0.0275,0.0306,0.0401,,0.3600864356330484,0.4175232004645776,0.7615989747424214,0.037337066234784166,0.11908326158318691,0.048345101,0.077873304,0.11042554012480324,0.12495237340699696,0.8905069849547559,0.8916439832472682,0.9896888727405345,0.067977107,0.097882469,0.074776873
0.137932,0.018735914,6.969024872018009e-05,0.00017921,-0.778773148,0.0067,0.0109,0.0137,0.0166,0.0187,0.0214,0.0237,0.0263,0.0302,0.0388,,0.38609909520220365,0.42589722860712875,0.7373765712481556,0.037802719050789454,0.13244409347895256,0.077167969,0.084231972,0.096081163,0.090425436,0.9014496945273851,0.9573207486643985,0.9344997790414257,0.0733563,0.091992332,0.069509239
0.152843,0.024539101,0.000114177,0.125770163,-0.636423125,0.0108,0.0146,0.0183,0.0215,0.0244,0.0275,0.0306,0.0339,0.0385,0.051,,0.39554486462837013,0.4239803049342177,0.763882593,0.038313165,0.13033254432057195,0.075599861,0.082631743,0.081274072,0.11364564875843942,0.9557962884331597,0.8744177157691825,0.8347290223420625,0.080319354,0.068326166,0.067029624
0.151969,0.024709316,0.000101583,0.256824974,-0.352247115,0.0111,0.0156,0.0184,0.0214,0.0241,0.0269,0.0299,0.0333,0.0383,0.0551,,0.40461920456192824,0.47069122844054534,0.5515071953349625,0.045282088,0.12123219709609845,0.057256197,0.10112464784858453,0.076282623,0.11603582375311708,0.805035123,0.9786742325345429,0.9810154872341151,0.063270269,0.062523279,0.064572696
0.140988,0.022992733,8.020404119598967e-05,0.1023170045950753,-0.551100666,0.011,0.0143,0.0173,0.0203,0.0229,0.0256,0.0284,0.0314,0.0346,0.0477,,0.41076592570868453,0.4419158942563106,0.8147392785260693,0.044055772,0.13223316214531305,0.046481737,0.10226044155934694,0.098248942,0.09504128,0.8228670930680568,0.9051771353884497,0.855724419,0.085097326,0.082644625,0.053791466127479426
0.146485,0.023890782,8.74035486698939e-05,-0.017709342,-0.813502579,0.0108,0.0152,0.0181,0.021,0.0241,0.0268,0.0294,0.0327,0.0366,0.0433,,0.4134416912205132,0.46642534401475966,0.8363233881105745,0.047021361,0.12696076570310172,0.066361791,0.065109657,0.078404965,0.12190512348045718,0.8354664567573553,0.9000844202325324,0.9036291246762294,0.06099094,0.061954286,0.057024382
0.143922,0.024795366,0.000105595,0.032143979,-0.837400476,0.0107,0.0149,0.0185,0.022,0.0248,0.0278,0.0306,0.0345,0.0392,0.0462,,0.35429083275917334,0.45412860894126866,0.6372878448873358,0.037508803,0.1494366523915352,0.044430793,0.1068001268570109,0.095283907,0.089151584,0.8472764735410251,0.9167450780259515,0.8459444099164559,0.069945853,0.083522542,0.084010369
0.151738,0.02122781,8.403322014689153e-05,-0.002418905,-0.695306901,0.0086,0.0121,0.0162,0.019,0.0213,0.0238,0.0267,0.03,0.0333,0.0449,,0.3586849587756023,0.44445594375042813,0.557827316,0.037996484,0.14068466878063277,0.069387654,0.075479362,0.079600084,0.091765098,0.8322686836765624,0.8314475661544544,0.9715797723458783,0.083986275,0.066184376,0.062542745
0.152552,0.02419297,0.000130734,0.1362328455212156,-0.786962457,0.0097,0.0135,0.0173,0.0206,0.0238,0.0272,0.0307,0.0345,0.0401,0.0509,,0.3958863618690059,0.4647065876024052,0.5120683190918917,0.042800032,0.13726348783458056,0.072859999,0.077128023,0.095605329,0.1159102181776761,0.9628293955812015,0.8107016899960587,0.9944677367576942,0.094890273,0.06499145,0.08978222
0.146307,0.023292442,0.00010748,-0.039773508,-0.889680363,0.0089,0.0131,0.0174,0.0203,0.0232,0.0266,0.0299,0.0331,0.0376,0.0443,,0.3826225749188608,0.47303677997624327,0.5797637781788602,0.038324201,0.12537932746164068,0.088240867,0.070366182,0.11151437238213607,0.10521646160053821,0.8073287905682859,0.8511223694973576,0.9202022585227679,0.080476587,0.071240489,0.080883297
0.1472,0.023049069,0.000111364,0.1657682252375928,-0.544090271,0.0098,0.0137,0.0174,0.0203,0.0231,0.0258,0.029,0.0325,0.0375,0.0518,,0.40526847184097564,0.4188007261658874,0.5040764707550256,0.043652407,0.1217735700473466,0.061047354692946545,0.057819095,0.12045907260129628,0.10520978225904673,0.9217710702089076,0.8943429497773145,0.8316349373289975,0.094488221,0.083456324,0.085579048
0.150425,0.02312292,0.000104811,-0.040276298,-0.83732788,0.009,0.013,0.0176,0.0203,0.023,0.0262,0.0296,0.0328,0.0367,0.045,,0.3678491760286851,0.45304724328354684,0.8835207039606416,0.049336326500558796,0.1130473024457396,0.061079294,0.059504585,0.080048116,0.1092848767919118,0.9682290446622245,0.9060218508002896,0.955356012,0.055662362,0.093647103,0.062386476
0.175071,0.023870864,0.000104903,-0.074698512,-0.740996626,0.01,0.0141,0.0177,0.0212,0.0242,0.0271,0.03,0.0333,0.0377,0.0491,,0.3833434320272261,0.47859774308005987,0.604862772,0.036047619124680144,0.1283056730441255,0.054884848,0.098092172,0.082063881,0.12639049076310693,0.8428038074981746,0.9516329707023884,0.8660184552983797,0.088152989,0.071650444,0.055883135
0.162408,0.026370695,9.461224392463336e-05,0.007929091,-0.690515142,0.0132,0.017,0.0204,0.0234,0.0266,0.0294,0.0321,0.0353,0.0395,0.0478,,0.3796715355546971,0.49949544122384415,0.7043641990424844,0.042819651,0.11716611266526852,0.067788345,0.08451396,0.12861136650075083,0.099984852,0.9063392930310437,0.9578948349254295,0.9286019383819992,0.069434616,0.074136638,0.074734451
0.171087,0.027248147,8.368016935922125e-05,-0.170127076,-0.508702906,0.0144,0.0187,0.0222,0.0252,0.0279,0.0303,0.0327,0.0355,0.0387,0.0476,,0.35418231339665834,0.47453583223292767,0.6066895758775085,0.044725681,0.11340981164156354,0.085829903,0.10268761328371379,0.12327054003196737,0.11085696559423601,0.8796836382282701,0.9955215215856842,0.8167242563907823,0.050655272,0.055340611,0.088615881
0.17304,0.028729454,8.788243900400579e-05,-0.261224221,-0.438257968,0.0163,0.0203,0.0235,0.0265,0.0294,0.0322,0.0346,0.0372,0.0401,0.051,,0.3919420034962678,0.4122445247142364,0.8931113582617948,0.039317429,0.1440286290304683,0.052202777,0.070725403,0.0810795,0.11854011417339379,0.9674055607189163,0.851450889,0.8053612309017582,0.091275982,0.068909214,0.060188141
0.169801,0.026695945,8.952672112692893e-05,-0.099346262,-0.69173263,0.0137,0.0176,0.0211,0.024,0.027,0.0299,0.0325,0.0356,0.0396,0.0481,,0.4148756558925673,0.40686908188756743,0.8423299954967437,0.037541290716780015,0.12385325568710782,0.062646286,0.10440880094442197,0.07419847,0.13562802659892176,0.9099070196685366,0.9712454820263722,0.9213904224825431,0.069958061,0.084144672,0.083462702
0.166101,0.028019221,9.12459567741626e-05,-0.187232139,-0.58616302,0.0151,0.0192,0.0223,0.0252,0.0284,0.031,0.0339,0.0371,0.0408,0.0495,,0.370938005,0.46412002931165486,0.9125150671164357,0.041447099,0.12690709333899303,0.058216467,0.065824309,0.11396401790763153,0.093517727,0.888776969,0.9126062733637421,0.829470056,0.064816531,0.090433836,0.077212125
0.18018,0.024246099,0.000110121,-0.06232201,-0.857277947,0.0096,0.0141,0.0177,0.0216,0.0243,0.0274,0.0305,0.0344,0.0385,0.046,,0.3756532364858527,0.44586679778171434,0.9040762258944044,0.046095101627976504,0.1203031647607151,0.059815256,0.067986417,0.072676007,0.13591645227984095,0.9609396130660605,0.819277232,0.9147063108901733,0.078558207,0.075985503,0.085471326
0.170413,0.027195617,8.987108258785086e-05,-0.033437778,-0.422611336,0.0148,0.0185,0.0216,0.0247,0.0273,0.0298,0.0327,0.0357,0.0396,0.0536,,0.4005509215442688,0.4165829988480754,0.7949100411302479,0.048559881,0.11909716675196917,0.073330301,0.082519757,0.097924924,0.10320130430611245,0.8857362187501577,0.9043672949392411,0.9721056129952594,0.096443737,0.071161714,0.082410965
0.177998,0.028218326,8.500353211666037e-05,-0.248446007,-0.444031645,0.0157,0.0197,0.0228,0.026,0.0287,0.0311,0.0338,0.0369,0.0403,0.0494,,0.3737352572437184,0.4819180614835955,0.5264511017339283,0.043365199,0.13054334883011542,0.056709001,0.096759425,0.12742473077240257,0.1316536603461117,0.8668831717624687,0.9392589400957077,0.8344923749787635,0.093468793,0.094306912,0.059762348697288734
0.177482,0.028828398,0.000100403,-0.032377892,-0.463239299,0.0158,0.0197,0.0231,0.0261,0.0287,0.0315,0.0345,0.0379,0.0423,0.0536,,0.3528642888404374,0.41061854637166395,0.893661447,0.047400602,0.12011016095468287,0.041987504,0.053319241,0.11850655383249237,0.10456545154721072,0.863026063,0.9151024701709572,0.9826570273286112,0.074630819,0.053601821,0.081131146
0.159479,0.025957508,8.209398834244215e-05,-0.086014477,-0.547082895,0.0138,0.0176,0.0213,0.0236,0.0261,0.0284,0.0311,0.0343,0.0382,0.0462,,0.3534505151589248,0.40088250589088675,0.9193912508076134,0.046131041,0.1408237417763735,0.053413972,0.067451713,0.11602494635288235,0.13215450163210984,0.8433162720102059,0.979821196,0.8182270762869558,0.053612408,0.050585819,0.096828589
0.147326,0.027934132,9.342804353626835e-05,-0.225689549,-0.311272609,0.0154,0.0196,0.0226,0.0253,0.0281,0.0307,0.0336,0.0366,0.0402,0.0499,,0.40149896328814516,0.43272247266326735,0.8286217899264658,0.043055165,0.1458639827666539,0.085177771,0.060317979,0.10557281044299736,0.14288226246244332,0.8879939341259061,0.9143271761618027,0.8284984888309723,0.052238909395656466,0.09518736,0.083745593
0.156221,0.027032548,9.013906669860756e-05,-0.121049715,-0.587926917,0.0142,0.0182,0.0214,0.0241,0.0271,0.03,0.0329,0.0357,0.0392,0.0497,,0.3878087704710051,0.4934175688262861,0.8104856484337608,0.041931091924354194,0.11752056905922748,0.076835725,0.083710564,0.11779946657708473,0.1213522641089533,0.8495992638313281,0.8803198500396883,0.9738961756822104,0.088668328,0.071051161,0.067315638
0.148112,0.02650596,9.99458154521281e-05,-0.019265357,-0.69691051,0.0132,0.0173,0.0206,0.0235,0.0267,0.0294,0.0323,0.0358,0.0396,0.0506,,0.389505046,0.470956291,0.7472950410303627,0.040572978,0.1128711617616613,0.080146755,0.088055151,0.11018520743329244,0.10541444670424419,0.8843421547207658,0.8740697559619448,0.845667024,0.056122083,0.097951814,0.068117994
0.159026,0.025503846,7.76686818733759e-05,-0.106712824,-0.329939408,0.0138,0.0176,0.0206,0.0231,0.0255,0.028,0.0306,0.0334,0.0367,0.0492,,0.3958897912509339,0.4546863544306328,0.6513629390227188,0.041479566,0.14800479305030073,0.060372035157476744,0.05518843,0.12692319125976032,0.091105613,0.8594477449217811,0.8051683214634509,0.9593651366419539,0.072375069,0.09314796,0.080025379
0.157162,0.025877853,7.965604382626041e-05,-0.131206484,-0.508934104,0.0133,0.0175,0.0208,0.0239,0.0264,0.0287,0.031,0.0338,0.0375,0.047,,0.39930095714158154,0.4802625650202461,0.6307744718191383,0.040189463,0.12518481118393704,0.060392302,0.058433128810403315,0.096700104,0.14372887014838354,0.902462672,0.9026929348613966,0.9923124962597667,0.05891671,0.078707624,0.078089123
0.145441,0.025885646,0.000143517,0.1166331632308408,-0.722047818,0.0106,0.015,0.0191,0.0226,0.026,0.0293,0.0325,0.0365,0.0428,0.0518,,0.40819724051263995,0.43523482722319695,0.6725810453065515,0.036329437399594496,0.12311083330998068,0.047127472161264346,0.10867885955389178,0.091862662,0.099849997,0.9951903016869674,0.9430306086507027,0.9533508638621809,0.052488705129265595,0.055378781,0.083875897
0.155541,0.026311403,0.000101487,0.029451301,-0.772015963,0.0126,0.0168,0.0203,0.0232,0.0262,0.0292,0.0322,0.0359,0.0401,0.047,,0.4164552870821615,0.4780926106066197,0.5379707610887645,0.047773585,0.12863826726850475,0.060999559585516214,0.0865387,0.086470303,0.091367728,0.8394042670587465,0.9641697132746002,0.8091709143848984,0.068387563,0.063711676,0.091010102
0.155461,0.027063057,8.755999192675373e-05,0.003336397,-0.226797694,0.0155,0.0192,0.0221,0.0246,0.0272,0.0296,0.0319,0.0352,0.0393,0.0515,,0.36910379195004805,0.42733213480353427,0.6234502570096503,0.039687957,0.14904016958872524,0.084024351,0.070091176,0.12810348970036373,0.11819784320879566,0.905371236,0.8770228936203227,0.9791674957203479,0.083497043,0.076409363,0.057528192
0.164558,0.023636331,7.681423729058994e-05,-0.027871165,-0.745077096,0.0116,0.0157,0.0183,0.0209,0.0237,0.0263,0.0288,0.0318,0.0358,0.0434,,0.4036215899541067,0.4674215458140714,0.5485059241735071,0.035078164337166096,0.12037148641842768,0.065911309,0.091244765,0.077447542,0.10443587669998103,0.8448899572714459,0.8099220928817557,0.9313353171365052,0.096519881,0.066725669,0.0967006
0.144882,0.021235205,5.803370935930574e-05,-0.078991904,-0.61851359,0.0111,0.0138,0.0172,0.019,0.0211,0.0236,0.0258,0.0281,0.0313,0.0391,,0.3726354622488436,0.4337915562064195,0.6813375129504515,0.037184202,0.149628597,0.043021433,0.099139255,0.080002271,0.10293194858398268,0.95644065,0.8031059986599931,0.8403696334801193,0.086573428,0.067611109,0.067282107
0.112489,0.024433313,9.199926210192486e-05,0.1896565332090485,-0.419652802,0.012,0.0156,0.0186,0.0212,0.0239,0.0269,0.0297,0.0331,0.0372,0.0486,,0.4004130148868085,0.45893056836767454,0.6103678666366409,0.039215960299823646,0.14265143861855617,0.083541978,0.10260740378570013,0.077951213,0.13090877560579145,0.8187245727707134,0.9906038152537562,0.9572742416724576,0.082306784,0.056900884,0.056822306
0.117776,0.023601339,7.481426793392679e-05,-0.006476905,-0.593570184,0.0116,0.016,0.0185,0.0208,0.0233,0.0262,0.0289,0.0315,0.0351,0.0437,,0.4130085955498307,0.4859509113954958,0.5313047008677962,0.04695622,0.12815483694053903,0.059609061355656606,0.089408151,0.10548409991957466,0.090547205,0.9037646505718682,0.9854163767199251,0.9043625331359196,0.077267313,0.099072239,0.082400415
0.124795,0.021830462,9.18330600447063e-05,0.010938917,-0.647000601,0.0085,0.0125,0.0168,0.0193,0.022,0.0246,0.0276,0.0305,0.0343,0.0443,,0.36601340622806516,0.45693539113445103,0.8780748612083682,0.040429172,0.1423870757313661,0.072351234,0.097155186,0.091955206,0.085363929,0.8430373574741148,0.9834527401642923,0.9767681455209275,0.085260836,0.09927139,0.082422684
0.113213,0.024578618,8.36784706512646e-05,-0.002748489,-0.751565224,0.0121,0.0166,0.0191,0.0215,0.0243,0.0271,0.0303,0.0334,0.0372,0.0445,,0.3655659474670515,0.4143317839927055,0.5949560623659189,0.042509566,0.14393323364094127,0.056552012,0.1078996217932752,0.1226631683518267,0.084795966,0.8318192506355369,0.8513820929665035,0.8264141710038668,0.096363907,0.087597603,0.069234254
0.120755,0.02203249,6.338053960409592e-05,0.035434577,-0.389515331,0.0114,0.0152,0.0178,0.0197,0.0219,0.0242,0.0264,0.0291,0.0327,0.0444,,0.36930019660752395,0.4173411510270011,0.6458815676073157,0.046686708,0.11280430909242073,0.063967051,0.081556574,0.071054977,0.097849543,0.8459469742403393,0.9214785255010173,0.8244294303942691,0.078072597,0.075628518,0.097052589
0.130907,0.025797832,8.030509261072539e-05,-0.156503218,-0.333125441,0.0137,0.0177,0.0213,0.0239,0.0262,0.0285,0.0308,0.0335,0.0374,0.0469,,0.3945524963068922,0.425950611,0.8967901907325797,0.048193411,0.12233598511708571,0.085529697,0.061916900386718196,0.12002155188266501,0.130894926,0.8433836023432382,0.8615177966302722,0.993370345,0.056214846876670346,0.080007549,0.060924339
0.115745,0.024249549,7.85053257042372e-05,0.046295262,-0.255407262,0.0129,0.0165,0.0189,0.0215,0.0239,0.0267,0.0292,0.0316,0.0358,0.0494,,0.41310162027474034,0.49801447882262817,0.7315486712520131,0.044105308,0.13466250619090173,0.060674022,0.067769447,0.1286193945941185,0.10465604151194138,0.9182241099686633,0.8732301565618845,0.8182870739215662,0.087107507,0.051215321,0.076829683
0.116247,0.025165898,7.293336981330868e-05,-0.255544357,-0.443579893,0.0142,0.0174,0.0205,0.0232,0.0254,0.0278,0.0306,0.033,0.036,0.042,,0.3609513984167376,0.464210879,0.7015076229984363,0.049591986585690806,0.11822333248353015,0.064221495,0.079759724,0.077796459,0.09480597,0.9492885727804755,0.9839104081219618,0.8044196041490201,0.07631547,0.086106635,0.076829082
0.115861,0.025967494,8.474497735453053e-05,-0.079383597,-0.413832699,0.0138,0.0175,0.0206,0.0232,0.0261,0.0287,0.0318,0.0346,0.0378,0.0485,,0.35903595775953484,0.4531017439836354,0.8510384360814662,0.037441202,0.14434933632876476,0.068403268,0.065541692,0.12806281766444993,0.12397842874428691,0.9436241704528581,0.9528614791764917,0.883975476,0.050159979968075794,0.055287008,0.09389701
0.135233,0.020922826,8.378243305429486e-05,-0.028516743,-0.684731047,0.0082,0.0119,0.0159,0.0189,0.0212,0.0235,0.0263,0.0295,0.033,0.0449,,0.41640106302334184,0.4335023352088155,0.5325829879841202,0.044738465,0.11981889648695046,0.07725538,0.10689116379982466,0.080031595,0.1010210078776781,0.9203676738331353,0.9218750147562833,0.8862290697855804,0.085556399,0.098314992,0.076156083
0.131283,0.021505496,9.539995408249295e-05,0.026441589,-0.816542988,0.008,0.0118,0.0159,0.0185,0.0212,0.0244,0.0277,0.0306,0.0345,0.0437,,0.35971739179540907,0.41565722174300657,0.5077059113127664,0.047970493373011173,0.11950877007758251,0.063880343,0.060176594,0.084955754,0.11520697289667017,0.9308372383878445,0.9775421085464367,0.9250585190385363,0.0907195,0.082379701,0.093613324
0.124029,0.024331192,0.000106706,0.120494659,-0.786886738,0.0108,0.0144,0.0176,0.0207,0.0239,0.027,0.0304,0.0344,0.0384,0.0488,,0.3732406904700338,0.417559831,0.6209582383266542,0.040943316,0.1254449699265331,0.054802100689137524,0.061449705830256954,0.093981892,0.11137522216056417,0.9391296911635164,0.9857267440881363,0.8992719015555423,0.054833695,0.065124399,0.098566875
0.145534,0.023827283,7.634653296975647e-05,-0.017599007,-0.590444676,0.0117,0.0162,0.0191,0.0213,0.0236,0.0262,0.0289,0.0319,0.0354,0.0451,,0.3554148419631745,0.4900468283184234,0.703861471,0.04140509,0.13356213427136673,0.072583927,0.11148367265578954,0.10924283780714539,0.10647709944898415,0.9940529727023365,0.9583579667618687,0.9902880844421613,0.068439003,0.070698674,0.093604609
0.141711,0.020424482,7.985957692247199e-05,-0.059655737,-0.811457024,0.0077,0.0121,0.015,0.0182,0.0208,0.023,0.026,0.0288,0.0323,0.0402,,0.3745666132427274,0.44746870950249507,0.9133589785849986,0.039642591525563986,0.12481269304947419,0.047645442,0.071997648,0.095234868,0.1274087524953383,0.980806249,0.9269832556254833,0.8374488569911966,0.065494567,0.065599844,0.078641219
0.13883,0.024078839,8.752919926738701e-05,0.1877295447871269,-0.441789494,0.0122,0.0156,0.0184,0.0211,0.0234,0.0262,0.0289,0.0323,0.0366,0.0498,,0.36837814489331155,0.4377963543392388,0.7569014849882708,0.042953908544514606,0.14053026907607372,0.083816113,0.08861447,0.11999693589688247,0.14462304302606954,0.8536815181362271,0.8427127692828844,0.891367195,0.053401485462075196,0.061113761,0.06638567
0.138447,0.023509501,0.000124624,0.2111388080101265,-0.613561214,0.0089,0.0132,0.0166,0.0196,0.0229,0.026,0.0295,0.034,0.0388,0.0534,,0.38040724107285445,0.40283453793192037,0.8090930588285782,0.044591318,0.13057374425739868,0.084369215,0.10792384276995647,0.11386528621185392,0.1354555026095522,0.836688096,0.9762943375023175,0.8977119308402035,0.073907611,0.056395707,0.068473992
0.13402,0.024567311,7.926246654036975e-05,0.044572703,-0.267834166,0.0132,0.0169,0.0194,0.0219,0.0242,0.0268,0.0293,0.0322,0.0362,0.05,,0.4065864314562039,0.4602122558114769,0.5617902363698684,0.043710337,0.13068914907984772,0.089366316,0.058139486,0.10408501579487243,0.1155264762158132,0.9931048242575983,0.8122211811655031,0.8716662444257555,0.054223741996860905,0.089565716,0.066416364
0.134774,0.021446214,9.447089059558223e-05,0.1202192099289194,-0.516332119,0.0085,0.0122,0.0158,0.0184,0.0215,0.0245,0.0271,0.0298,0.034,0.0475,,0.40425729624372325,0.4017749008170103,0.5386039774968411,0.035582440298219956,0.14418741445788147,0.047499393,0.059475927,0.07202532,0.10973384587602454,0.8996434572759776,0.910584265,0.8237787977992695,0.051116114,0.074233529,0.069515237
0.131484,0.024922339,0.000140091,0.1824016278689341,-0.591026942,0.0086,0.0137,0.0175,0.0211,0.0246,0.0282,0.0317,0.0357,0.041,0.0571,,0.41943889369562903,0.4449718607318326,0.7192835810950755,0.035077101,0.12387294447282217,0.053136446079056175,0.099663342,0.097540986,0.10612719285746372,0.9329047022868869,0.9807588632311928,0.8779649369299456,0.083127887,0.070690693,0.085728163
0.112683,0.018152393,5.6110951172113915e-05,0.090852075,-0.689452735,0.0076,0.0111,0.0134,0.0161,0.018,0.0202,0.0228,0.0249,0.0282,0.0386,,0.3943989387623773,0.4294142917967723,0.8358417607047028,0.045321708841629005,0.12808868685452535,0.069669071,0.074888586,0.11235262910895397,0.11272664451049653,0.949971765,0.8439308124845065,0.9235223863397118,0.062254092,0.077239883,0.095391588
0.114209,0.017699844,5.888849051764434e-05,0.025510246,-0.76033094,0.0067,0.0103,0.0126,0.0154,0.0176,0.0202,0.0222,0.0249,0.0279,0.0368,,0.3703721478366788,0.47010444388587375,0.8830100782706864,0.041680930672328594,0.13864970196166967,0.077619062,0.086356038,0.078723283,0.093404199,0.8861010294456926,0.9022682459963118,0.8090366197818933,0.085973779,0.087515345,0.092145072
0.112844,0.020609391,6.235747969610331e-05,-0.066542863,-0.85657939,0.0098,0.013,0.0159,0.0184,0.0205,0.0231,0.0256,0.0283,0.0311,0.0361,,0.3537863872807954,0.4870253847615301,0.7450213540971347,0.042936423,0.11864089570161537,0.074875641,0.073041551,0.071952379,0.1085054568939572,0.954320748,0.8859102385779073,0.8461020135513369,0.070631637,0.071218308,0.057475266
0.114672,0.019707402,6.269681854217033e-05,0.043493362,-0.709188031,0.0092,0.0124,0.0149,0.0176,0.0198,0.0219,0.0244,0.0273,0.0302,0.0404,,0.4041160964462388,0.4205620256986986,0.6114405686523252,0.043122539,0.13389270616945018,0.083137479,0.064425613,0.082746356,0.08641429,0.9250625200415609,0.8157299400971437,0.8019569939701485,0.085426286,0.051641027,0.061154385173253605
0.122304,0.017700606,6.72670959862529e-05,0.1685318899574947,-0.538530781,0.0065,0.0107,0.013,0.015,0.0173,0.0203,0.0223,0.0248,0.0286,0.0415,,0.3729469584044933,0.4205499801785254,0.7283778492106924,0.045903427,0.11121744831927449,0.042646448,0.11337269775167229,0.079224573,0.087323925,0.8024206981608143,0.8054678453521347,0.8226282098767175,0.053293268974596596,0.057170597174236774,0.08073182
0.139389,0.017474283,6.094190137311634e-05,-0.059141266,-0.889927626,0.0067,0.0097,0.0126,0.0154,0.0175,0.0203,0.0223,0.025,0.028,0.034,,0.4055042623524177,0.41004453420749587,0.5715525449664488,0.049814341,0.1484944225953458,0.08908594,0.1132744438575788,0.10691232722369477,0.094572058,0.9293543137902659,0.8020063797576427,0.8389682412615164,0.081702206,0.092592338,0.089052383
0.130512,0.019305988,5.305706600140162e-05,-0.069999232,-0.810223088,0.0093,0.0125,0.0151,0.0172,0.0195,0.0215,0.0236,0.0262,0.0293,0.0344,,0.3749257992656072,0.4554810649554672,0.8200966742386304,0.035672292,0.1445977956202852,0.070353199,0.092679088,0.12566258723154783,0.107685373,0.958051888,0.8658198186658268,0.9778394476079277,0.08143478,0.062912307,0.082036117
0.114266,0.018289114,7.522562045862945e-05,0.2279705056828105,-0.571924148,0.0067,0.0098,0.0133,0.0154,0.0177,0.0203,0.0231,0.026,0.0303,0.0419,,0.38484845838357756,0.4608415138829475,0.701015838,0.037457335,0.12498820327853132,0.071576387,0.089365789,0.12731293142399167,0.1263380003755138,0.9345395649506569,0.9767290152145719,0.8148807243084712,0.084648153,0.063230147,0.078553064
0.126103,0.017601316,6.379704172245085e-05,0.027904324,-0.800767642,0.0062,0.01,0.0128,0.0151,0.0174,0.0202,0.0225,0.0251,0.0283,0.0365,,0.35924596982433765,0.4683853371480605,0.7044181227914198,0.041805108958012094,0.11375244733154055,0.063819083,0.060226904,0.095898716,0.13578861657165694,0.9656146741068576,0.8976598600589911,0.8299732985038942,0.054746347659637644,0.098970371,0.066866
0.124845,0.018107647,5.55991993271736e-05,-0.061866782,-0.870597406,0.008,0.0106,0.0132,0.0161,0.0181,0.0208,0.0228,0.0253,0.0281,0.0341,,0.3852760734267538,0.4537637181498528,0.9073391771399254,0.038684192,0.12755017268507762,0.073316353,0.066711794,0.070816836,0.12430721221195135,0.9027430514630864,0.8297154157009314,0.8145578454026164,0.06481232,0.059489683,0.07415117
0.117777,0.016093691,4.718990516593998e-05,0.053840694,-0.787092358,0.0072,0.0102,0.0119,0.014,0.016,0.0179,0.0202,0.0225,0.0253,0.0334,,0.39332283982088434,0.41417880043221306,0.723506907,0.042456225,0.1448748787360382,0.040877055997781825,0.10604055680835399,0.12053598590754358,0.10141547096349926,0.946340721,0.921290721,0.8644564868728257,0.096200155,0.075879922,0.053817943
0.117039,0.016191091,5.463074653146174e-05,0.042548168,-0.811532723,0.0054,0.009,0.0119,0.0135,0.0163,0.0181,0.0207,0.0231,0.0261,0.034,,0.4065712697890499,0.436700683,0.7411731540655032,0.042934813,0.11665428178495023,0.065091343,0.098671993,0.10306132533736462,0.13689644986153487,0.98085814,0.848412061,0.9047513121227927,0.060937425,0.081786524,0.07935582
0.120774,0.018455971,6.461568946160237e-05,0.1294126508424141,-0.734327822,0.0072,0.011,0.0134,0.0161,0.0182,0.0203,0.0233,0.0257,0.0297,0.0388,,0.3957887548283509,0.442335767,0.8903626343431795,0.039517969234616215,0.12359064409307523,0.088110824,0.099085849,0.12703980762139216,0.13751541021496108,0.8283151112067654,0.9649113734287826,0.9357638034869666,0.077193983,0.074183332,0.094723394
0.115872,0.018061709,6.938030949049163e-05,0.1161417738691641,-0.664434282,0.0066,0.0108,0.0131,0.0156,0.0178,0.0205,0.0227,0.0257,0.0294,0.041,,0.4022818985709702,0.45885045112081285,0.758903966,0.046834605,0.12834975789646416,0.066205235,0.09246237,0.10278615362009963,0.090048854,0.804441541,0.8435299399407378,0.8189636710571183,0.061726758139285916,0.089102822,0.073403832
0.11918,0.016654491,5.5353458284236586e-05,-0.009590107,-0.810051315,0.0057,0.0094,0.0124,0.0144,0.0169,0.0185,0.0212,0.0235,0.0264,0.0344,,0.3598164472467173,0.4325076594499792,0.8330394659442747,0.035943262,0.13060198014368865,0.046479959,0.086939277,0.074080617,0.1166515468020384,0.8272047312084282,0.9620022652907003,0.8575418737590524,0.059028965560243514,0.067013608,0.054508846
0.131267,0.017848213,6.046494590945064e-05,-0.04634567,-0.913217926,0.0075,0.01,0.0129,0.0158,0.0178,0.0206,0.0228,0.0254,0.0283,0.0341,,0.3954576720233486,0.4491138007155047,0.6729757240424543,0.047116192901106184,0.11214090374651187,0.091477306,0.084345929,0.12080076520134161,0.1276800376254373,0.8152159812478375,0.9923474603564705,0.9782677001245829,0.081348781,0.094049709,0.093232912
0.122477,0.017772203,5.663154041733101e-05,-0.030466084,-0.859275593,0.0077,0.0102,0.013,0.0158,0.0178,0.0204,0.0222,0.025,0.0282,0.0342,,0.3966617798543663,0.4875957564917502,0.5511302410406786,0.039418196670129496,0.11663216077516081,0.081268661,0.10076342577466621,0.11065585586188009,0.12938310977539216,0.8085258690375382,0.890119007,0.9934474041678911,0.08984836,0.059314344,0.05271785
0.130362,0.017794485,6.59697035396877e-05,0.059149043,-0.731333426,0.0063,0.0104,0.0128,0.0156,0.0179,0.0201,0.0227,0.0252,0.0285,0.0389,,0.4070302946541131,0.4066987227799866,0.5570715618316313,0.049648953868591306,0.12990014892409962,0.055758834,0.09905496,0.11880124352946834,0.095173446,0.9532646272832624,0.8358852866409969,0.8980096633835578,0.057219447,0.068384221,0.056417305
0.114854,0.01561905,4.30874592245691e-05,0.04192534,-0.795212341,0.0067,0.0096,0.012,0.0133,0.0157,0.0173,0.0195,0.0218,0.0246,0.0302,,0.4179916983093806,0.45466905277895914,0.756531807,0.038709316,0.1263540579375417,0.07056166,0.097549092,0.10783347683885994,0.087855427,0.8200841038850752,0.9158425104532711,0.9801191590164311,0.07668106,0.081890469,0.08279577
0.115225,0.016525823,5.344395286525604e-05,-0.024433789,-0.863495547,0.0068,0.0101,0.0119,0.0146,0.0164,0.0187,0.0211,0.0233,0.0263,0.0327,,0.35304750101131993,0.4169300844731792,0.7972885508885326,0.044667939514001574,0.14850891754615045,0.071389295,0.081545618,0.12157960462024675,0.11761209360867615,0.9696687866866293,0.8434367781367971,0.9370861341146353,0.078303586,0.076957193,0.073249946
0.195794,0.027659036,0.000135727,0.027183534,-0.715393691,0.0113,0.0167,0.0205,0.0241,0.0275,0.0308,0.0343,0.0384,0.0435,0.0548,,0.4001184919983418,0.4421791665942599,0.524816322,0.038131137,0.13752672240473682,0.0829225,0.054928205305943764,0.094030278,0.10089784556437736,0.9129174294516945,0.9895941928693798,0.8332575254162058,0.052117683535340006,0.06659284,0.060640987
0.188234,0.026587022,0.000135849,0.1640567463487001,-0.382025696,0.0108,0.0164,0.0197,0.0229,0.0263,0.03,0.0336,0.0369,0.0417,0.0622,,0.38885426409412943,0.4162699017279541,0.6065171193000064,0.047161666262577104,0.13583018412667003,0.064024395,0.097541782,0.092356343,0.13025866733203798,0.8958181552639088,0.9995180477947953,0.9169230577435391,0.071574628,0.061482988,0.064477149
0.197846,0.029053227,0.000184874,0.258654129,-0.45155188,0.0116,0.0166,0.0208,0.025,0.0286,0.032,0.036,0.0402,0.0482,0.0658,,0.4124135877619938,0.43924683149316485,0.6552442949991081,0.041999466,0.11682229398197902,0.069622669,0.058784386,0.08457418,0.125281274,0.8715156344290422,0.9499939187945342,0.8905174385094357,0.070388636,0.079059878,0.084945824
0.183818,0.030370081,0.000104807,-0.109378568,-0.466372404,0.0166,0.0212,0.0245,0.0275,0.0301,0.0329,0.0363,0.0397,0.0438,0.0546,,0.37303388581769337,0.48810339466457975,0.5946667676401092,0.039904102,0.14171293765127552,0.070645577,0.066444433,0.082395906,0.13802695773241802,0.9746378427703876,0.8368333464863852,0.8359289706725825,0.057995841,0.088767545,0.085802488
0.185415,0.030144886,0.000120464,0.061710718,-0.480353241,0.0159,0.02,0.0234,0.0269,0.0299,0.033,0.0362,0.0399,0.0451,0.0556,,0.40309260960964216,0.48622915605389355,0.9087063603620398,0.038223797,0.1458185873516545,0.057878869,0.056960250736045284,0.10549770566314842,0.12209209759424719,0.9350839516238123,0.8319156897396748,0.8924643239102943,0.075494238,0.074495882,0.052428395
0.182751,0.024849162,0.000113789,-0.062051076,-0.795646194,0.0101,0.0145,0.0183,0.0219,0.0254,0.0283,0.0311,0.0346,0.039,0.047,,0.3797384759250507,0.47283048128256683,0.5083669405375908,0.035550442768007784,0.11935099957371749,0.050279556,0.09930695,0.11356179432663695,0.12796670050863374,0.9318959678574692,0.9300835670428105,0.8000705463363322,0.054002205,0.071517072,0.087436574
0.185822,0.025537686,0.000129611,0.1213387139060216,-0.474699539,0.0097,0.0145,0.0186,0.0223,0.0257,0.0291,0.0321,0.0357,0.0402,0.0576,,0.36130358228828025,0.40070168,0.6879759655192181,0.048658892,0.1467266803743491,0.07936564,0.056547609620520585,0.12835957120482633,0.10972003072843958,0.8860402551044589,0.9634451406807264,0.9225587131985585,0.083278421,0.056595664276539934,0.096560791
0.186323,0.03233526,0.000122805,-0.040189944,-0.309222874,0.0181,0.0221,0.0259,0.0295,0.033,0.0359,0.0386,0.0419,0.046,0.0617,,0.3736039060152301,0.48846645245124426,0.525310511,0.046794517436694466,0.11143310095830151,0.085312608,0.082066039,0.10545713053620472,0.138847991,0.8983383611874013,0.825449849,0.9488895864469161,0.087487758,0.071999667,0.095119118
0.184465,0.027218611,9.691404594206312e-05,0.09182967,-0.26924835,0.0139,0.0182,0.0215,0.0242,0.0269,0.0296,0.0325,0.0356,0.0399,0.0544,,0.3854269404106442,0.4483887729892827,0.7938020846120658,0.044124163,0.122120275,0.06106241,0.10502887845721705,0.10463803591874854,0.10957816763082798,0.9221756310527366,0.8460807153973187,0.8644920770034349,0.060084137880585524,0.098203414,0.089348502
0.183281,0.03069522,0.000105812,-0.134481249,-0.263858705,0.017,0.0215,0.025,0.0283,0.0311,0.0341,0.0369,0.0401,0.0436,0.0562,,0.35713236730943204,0.4287490500370785,0.9250838337032224,0.039077803,0.1493038330406496,0.084705064,0.095204766,0.082494464,0.13208231394477996,0.9703893524840671,0.921507311,0.9156426,0.056137158,0.060110169,0.077828061
0.126256,0.021449619,8.24938276162058e-05,-0.065443364,-0.955913786,0.0094,0.0125,0.016,0.0186,0.022,0.0244,0.0274,0.0302,0.034,0.0388,,0.3833390988666961,0.4680541364725997,0.6389954445660065,0.04291509,0.13291864834583397,0.076679072,0.065206785,0.083221682,0.12497170058680034,0.9435994173493817,0.8588437194172418,0.9365568368167448,0.090623561,0.090582037,0.09285862
0.131357,0.02111609,8.15212725152188e-05,0.033301838,-0.844440434,0.0089,0.0126,0.0156,0.0185,0.021,0.0235,0.0267,0.0296,0.0336,0.0404,,0.39376768423387604,0.4928576191398937,0.5463633035226653,0.0360089,0.1490945585217922,0.076800739,0.064986507,0.088676225,0.13816773869886959,0.9461139958420286,0.9312669956934431,0.9374078699482477,0.077864651,0.057800841307469625,0.081694241
0.119284,0.020228229,7.455225745475581e-05,0.045946983,-0.803824234,0.0081,0.0125,0.0148,0.0173,0.0205,0.0226,0.0252,0.0285,0.032,0.0414,,0.4151796001241638,0.4734950973810308,0.5902826272160948,0.041420436340108065,0.12308349050798709,0.063425969,0.11069763949347022,0.11202180131727493,0.12355316273525022,0.846726467,0.8337992714690666,0.9324509958455878,0.066112085,0.099029197,0.069050812
0.121018,0.018998215,7.521189785368247e-05,0.1280851531146982,-0.56082928,0.0073,0.0106,0.0137,0.0169,0.019,0.0213,0.0238,0.027,0.0306,0.0443,,0.3619109612107119,0.4324882315455549,0.7468293655466817,0.045249687548109825,0.1302203925026368,0.071509184,0.065757276,0.097520842,0.10662652609920385,0.81209062,0.9550347203394136,0.900437781,0.051114082,0.096187973,0.096520368
0.125569,0.019779605,7.054478021862874e-05,0.010423173,-0.850351097,0.0083,0.0115,0.0149,0.0171,0.0202,0.0223,0.0249,0.0278,0.0312,0.0376,,0.3723563705459553,0.4680472306383319,0.8555301159405005,0.037927917,0.13163922087885932,0.07588521,0.092620912,0.08006482,0.083441494,0.8475860244493089,0.9082155537022274,0.881538058,0.050708974,0.053901544923676416,0.067179687
0.117905,0.019719721,7.016269774655195e-05,0.1660094517447447,-0.486276052,0.0084,0.0116,0.0149,0.0173,0.0195,0.022,0.0248,0.027,0.0305,0.0434,,0.4171181325666331,0.41393411393894997,0.8800559262781174,0.046566697170637064,0.14546142718536673,0.059640447,0.096838841,0.068819731,0.12534994383264245,0.8050692717629854,0.9572680243042746,0.8243983549786578,0.055251475,0.051614929,0.070738847
0.112949,0.020811048,8.354969643919983e-05,-0.030874297,-0.865231974,0.0078,0.0126,0.0151,0.0178,0.0211,0.0235,0.0263,0.0298,0.0332,0.0415,,0.39371292171647704,0.4237490582116966,0.8903126098368568,0.040039241635505894,0.13432398643481439,0.070473298,0.11195197285070298,0.077891855,0.1171851317847934,0.9496663589565384,0.8596481492078626,0.9115992868185828,0.051596969059925175,0.068344599,0.075544369
0.137508,0.021993119,0.000102439,0.045492987,-0.812686701,0.0083,0.0121,0.0156,0.019,0.0222,0.0249,0.0279,0.0315,0.0358,0.046,,0.38350111079168175,0.4877862026972061,0.6514766962360599,0.042204666,0.12340994626624122,0.047562176,0.073494324,0.069970946,0.14495628974341235,0.8370856901947034,0.9638001128654472,0.9053369221641462,0.054915475312598605,0.093238841,0.057259513
0.137657,0.02132785,9.267940004225044e-05,0.018542357,-0.761395387,0.0081,0.0118,0.0158,0.0189,0.0214,0.0239,0.0271,0.0303,0.0341,0.045,,0.390018271,0.4009391954057545,0.5213426199003346,0.035792284,0.13024109520469904,0.091279779,0.056906223171431965,0.1170738080290965,0.11586348595512638,0.9999824583719878,0.911588084,0.8675845076183564,0.058049279841445645,0.089757948,0.085466633
0.122189,0.02085181,8.966692393750137e-05,0.011994469,-0.796912199,0.0077,0.0116,0.0153,0.018,0.0207,0.0239,0.0267,0.0294,0.0335,0.0432,,0.3748750506122692,0.45075632491820966,0.539742471,0.046014796071306076,0.13204622368642596,0.073327549,0.063366989,0.10159899841247073,0.090190399,0.9861985560763338,0.9899109590756721,0.9211650961999921,0.088449132,0.094946971,0.0929057
0.206731,0.027040618,9.741247082808524e-05,-0.111991565,-0.704536773,0.0133,0.0176,0.0213,0.0244,0.0274,0.0301,0.033,0.0363,0.0401,0.0492,,0.384233611,0.4799387255539212,0.5326707615544151,0.048767076,0.11786966358641723,0.059891537716652544,0.085048465,0.11906347130765067,0.10905012538053266,0.9457974367114876,0.9378239480065178,0.859347192,0.080113033,0.075529264,0.064785651
0.19247,0.025432533,0.000129183,0.091322014,-0.636122214,0.0097,0.0148,0.0185,0.0218,0.0249,0.0285,0.0319,0.0357,0.0409,0.0553,,0.38844895568206095,0.4937070868612066,0.883121689,0.039497467,0.11089552114266818,0.075100908,0.11074651064563318,0.11094944460766704,0.1161594898189773,0.9901916815062646,0.945585416,0.8753616244837239,0.083815021,0.078555448,0.099395461
0.188952,0.023188084,0.000103637,0.069412917,-0.482040158,0.0098,0.0138,0.0172,0.0202,0.0233,0.0263,0.0291,0.0323,0.036,0.0535,,0.4126418490302179,0.4408172654157647,0.7643024601144073,0.040684027251257464,0.11665581880098867,0.084711377,0.090722277,0.11590255214750962,0.084361692,0.8490806156300966,0.8537222967606328,0.909440109,0.093111703,0.070970126,0.096548621
0.211714,0.025212009,9.206238427597432e-05,0.037094561,-0.667505368,0.0122,0.016,0.0193,0.0224,0.0251,0.0283,0.031,0.0337,0.038,0.0478,,0.3602605820631587,0.44629486544347097,0.5774842886074132,0.04886526,0.11253204212418676,0.063771123,0.061687478571723846,0.09514362,0.12386133374777983,0.8609165889613978,0.9377367361976147,0.9103225828296002,0.06695094,0.09948753,0.069944189
0.213759,0.025562566,0.000101543,0.033091023,-0.672812548,0.0123,0.0164,0.0197,0.0226,0.0255,0.0285,0.0315,0.0347,0.0387,0.0509,,0.40425614276507243,0.435280453,0.7979672323556429,0.035421264644256684,0.12012989560174671,0.08886316,0.087891318,0.1076694376291023,0.1283113708643912,0.8067338123373838,0.8047223795958789,0.9578166935746004,0.061754735,0.081918546,0.065270077
0.210881,0.025273557,0.000100014,0.031739371,-0.711141187,0.0119,0.0158,0.0191,0.0223,0.0252,0.028,0.0312,0.0346,0.0387,0.0492,,0.3993336960388161,0.4793305448772054,0.7667297603429859,0.041724262,0.13177068287558624,0.048673247,0.058273761,0.095452167,0.084692717,0.9616129492420226,0.8406273859253626,0.9306990498899985,0.087299528,0.068695818,0.06692941
0.205855,0.023362462,8.537097222105863e-05,-0.004612968,-0.699265215,0.0106,0.0143,0.0176,0.0213,0.0237,0.0261,0.029,0.0315,0.0357,0.0465,,0.36606911569415834,0.4082847432473592,0.5002305842937007,0.04646586,0.14342390589771464,0.069825501,0.087288915,0.10211489728997084,0.10356298090489101,0.9998359477732587,0.9962147966710865,0.927977542,0.062171178,0.083812176,0.054560233
0.211183,0.02452187,8.766761932491382e-05,-0.077423283,-0.72534368,0.0112,0.0161,0.0194,0.022,0.0246,0.0273,0.0301,0.0334,0.0365,0.0451,,0.3776454915421168,0.4423353120477424,0.7234710912348961,0.043014417,0.14389761209371346,0.086741441,0.067485914,0.070258263,0.14433572753175586,0.8276265171613585,0.9337217120740205,0.9446536211709917,0.070251705,0.051032452,0.09385911
0.211742,0.026480332,0.000111893,0.178703634,-0.444798876,0.0121,0.0165,0.02,0.0234,0.0267,0.0294,0.0323,0.0361,0.0401,0.0579,,0.39336385666660045,0.46855679158602614,0.9434915491185487,0.045659183,0.13383330462321041,0.050736183,0.097539224,0.088146299,0.13424021429654914,0.8146654353320014,0.8718668427479224,0.9350538000760549,0.090631885,0.090498325,0.066487746
0.207696,0.023578123,9.501091827615868e-05,0.080741392,-0.58896412,0.0105,0.0143,0.0174,0.0206,0.0236,0.0265,0.0296,0.0323,0.0363,0.048,,0.4024137824554771,0.40902964650916057,0.710152164,0.043712731897636685,0.1100421902705255,0.090268422,0.10229418028028434,0.090915071,0.11468642592251047,0.8522932177173461,0.8535407152996839,0.8017472988244505,0.089155692,0.081524468,0.070826974
0.143209,0.021096386,6.98457268339577e-05,0.1018518277724461,-0.67055323,0.0096,0.0135,0.0159,0.0182,0.021,0.0233,0.0258,0.0288,0.0325,0.0419,,0.36586603574768006,0.40450500729213784,0.8650906834100331,0.039838327107691675,0.11663373624535874,0.041135641,0.095690896,0.091226918,0.136178742,0.956986458,0.8929042834361313,0.8494466200128732,0.056930442,0.072427575,0.067369866
0.144098,0.020637669,8.396471093200363e-05,0.016737342,-0.738290307,0.0078,0.0126,0.0152,0.0178,0.0209,0.0234,0.0259,0.0292,0.033,0.042,,0.3840470593275449,0.4213538659421433,0.6209139997581667,0.035555530207457685,0.1265083966014211,0.063065277,0.10522313679895395,0.11136641893861206,0.13854381698131285,0.8620444432232225,0.9504614532484146,0.824556541,0.055767552580918284,0.076665157,0.053798513420201824
0.14814,0.021093535,7.625406256868731e-05,0.1818842396884298,-0.573453443,0.0096,0.0127,0.0156,0.0186,0.0211,0.0233,0.0258,0.0287,0.0328,0.0457,,0.41904144987006975,0.4443480841899004,0.7079016418758818,0.042098053794945384,0.14947061864342742,0.059438265,0.10541024060565561,0.11540971287998994,0.13510986415177448,0.9375426444782298,0.907203325,0.8224154102255533,0.062683245,0.071746085,0.077147769
0.138239,0.021789659,9.97223695918294e-05,0.081497976,-0.742535538,0.0083,0.012,0.0161,0.019,0.0215,0.0241,0.0276,0.0312,0.0352,0.045,,0.41016107434232935,0.49967402112781084,0.8211686335386759,0.042563576,0.1256331886637533,0.090600842,0.08975177,0.10354178951619439,0.10414248622513995,0.8952332638169899,0.8723601101013292,0.9374988284764333,0.095370639,0.076032245,0.083433283
0.141107,0.022273317,0.000102898,0.064973027,-0.78134521,0.0087,0.0124,0.0162,0.0191,0.0226,0.0253,0.0282,0.0316,0.0362,0.0468,,0.41220482788756524,0.4239523314776542,0.707979772,0.043847891,0.12297396096410218,0.061614937374472364,0.102771007,0.1176941992157379,0.10406940783654837,0.8636172471735075,0.8308664643780442,0.8801295695512741,0.065472868,0.095671048,0.073355981
0.13323,0.021441635,7.849253908860449e-05,0.0604489,-0.768805269,0.0102,0.0132,0.0162,0.0189,0.0213,0.0234,0.0268,0.0299,0.0334,0.041,,0.37493910074671194,0.4518037544269394,0.8201262973129114,0.043586619453559614,0.11886519865969791,0.063886094,0.08879345,0.12854587753660873,0.096917619,0.931398873,0.8991390521457023,0.9415052149663274,0.093485772,0.056664886468759196,0.077131928
0.145657,0.02200959,9.913451112644206e-05,0.1066755403081282,-0.609353669,0.0091,0.0129,0.0162,0.019,0.0218,0.0244,0.0276,0.0309,0.0352,0.05,,0.4109672186956698,0.4494268101741847,0.9195382230767624,0.043125063040713035,0.11514734757417125,0.062461043527722464,0.10411156010433473,0.1070178825829789,0.11565561202055791,0.9105346543318174,0.9990957485267707,0.9732867518025956,0.05891512,0.097940272,0.085957864
0.138892,0.021832478,8.109017886479228e-05,0.007237643,-0.819158116,0.0093,0.0132,0.0164,0.0191,0.0219,0.0246,0.0271,0.0301,0.0342,0.043,,0.3800846545405489,0.4331235622168013,0.7845709569587892,0.037050666,0.1426559049179921,0.042575594,0.081979499,0.11338235080134793,0.097130692,0.9817086246822122,0.8636804644190386,0.9307522678042707,0.092698461,0.076597501,0.053202483534757386
0.140146,0.022846157,0.000112631,0.084350231,-0.742830953,0.0092,0.0131,0.0166,0.0197,0.0229,0.0261,0.0292,0.0327,0.0372,0.0512,,0.38245893468779896,0.42047293667008534,0.836841075,0.0464109,0.13350281760479854,0.082336223,0.058740207,0.078274804,0.11550777845652883,0.9795792783111976,0.8085791075847555,0.8193791563201956,0.095036369,0.084572058,0.05589505
0.144875,0.022015818,7.234305782155903e-05,0.1684225759971074,-0.3849229,0.0105,0.0141,0.0176,0.0197,0.0217,0.024,0.0268,0.0295,0.0332,0.0449,,0.3830331035496506,0.42581672562121964,0.7341977315603213,0.045803526489783385,0.14498248794710852,0.07724176,0.093390679,0.082502917,0.08925201,0.8437915163563277,0.9694100725731918,0.9339776522441132,0.061785922,0.082444935,0.064010655
0.105783,0.018051376,6.49878580107194e-05,-0.01262058,-0.826442435,0.0065,0.0103,0.0133,0.0155,0.018,0.0205,0.0229,0.0256,0.0291,0.0366,,0.37916610971052844,0.46077834186027833,0.8323242029578228,0.042837413,0.13690033399757404,0.078575626,0.060269729,0.072812529,0.09066618,0.8133412074912971,0.923594374,0.856907315,0.058581619351664116,0.069775933,0.072529292
0.128166,0.019184831,8.022895985662335e-05,0.161143666,-0.677393113,0.007,0.0106,0.0139,0.0163,0.0184,0.0217,0.024,0.0272,0.032,0.0422,,0.3906253238170148,0.48175698970749253,0.891048485,0.038004446272278114,0.14506816345341636,0.046343109645347616,0.094958597,0.095656269,0.091142995,0.8378093466952518,0.8950793819504781,0.9867232394662555,0.083555134,0.079543897,0.057112049146085184
0.124395,0.021037291,7.597231755369606e-05,-0.005166947,-0.879123311,0.0099,0.0126,0.0159,0.0183,0.0209,0.0236,0.0262,0.0298,0.0327,0.0389,,0.40686440381160793,0.48959561986812866,0.896808348,0.044291818675563706,0.1497393590527146,0.059181174,0.063464759,0.083294613,0.087002332,0.8962352325186957,0.9449480704790916,0.9649969319580164,0.091927404,0.064597672,0.072195154
0.104712,0.019276429,7.463025238021952e-05,-0.043611627,-0.820171116,0.0067,0.0111,0.014,0.0172,0.0193,0.0221,0.0246,0.0274,0.0306,0.0389,,0.3574931746501721,0.47648196135701293,0.5730615132191014,0.035892056,0.13839039275060636,0.065309513,0.065803916,0.07050178,0.096525382,0.8224970542903959,0.9169316940909492,0.8840168694366524,0.076616747,0.08556619,0.082492908
0.125913,0.018209091,6.883729777050727e-05,0.1481379532925851,-0.456341279,0.007,0.0102,0.013,0.0161,0.0183,0.0204,0.0228,0.0256,0.0294,0.0442,,0.4116538615901851,0.4068523448486749,0.5993518925798509,0.036935727,0.12082652894821613,0.068888789,0.063527146,0.10537076627781995,0.10898168969477838,0.8210699932441898,0.8378449287994915,0.9122024553115111,0.066496892,0.08929389,0.096478838
0.099731,0.020534919,9.140161537158308e-05,0.2279616415429803,-0.587101182,0.0078,0.0114,0.015,0.0174,0.02,0.0229,0.026,0.0286,0.0338,0.0434,,0.4188612233683455,0.40456417000692674,0.8432320506477893,0.040609997,0.1260364142714504,0.045208575,0.065342451,0.12181373344376208,0.133906607,0.9179441775898661,0.8424905856780143,0.9922251110700658,0.056978320223847974,0.086213532,0.070459051
0.121699,0.020714053,7.233481241776807e-05,0.069104116,-0.707326877,0.0096,0.0129,0.0153,0.018,0.021,0.023,0.0257,0.0285,0.0321,0.0412,,0.4038086760812882,0.4572482181052353,0.6257576685054855,0.046817405,0.12304492454236061,0.085877701,0.082103393,0.11600188350699234,0.11988867438086567,0.9349282941519296,0.8971230308287602,0.8850342512093659,0.079602523,0.066569234,0.094909961
0.116937,0.019644922,7.452516018222897e-05,-0.051471759,-0.780466115,0.0072,0.0115,0.0142,0.0177,0.0198,0.0224,0.0249,0.0277,0.031,0.0394,,0.40029541750420927,0.4886604338951046,0.9364136697254714,0.035262082,0.11134516112223383,0.041940742588318966,0.057609582,0.10968629732565764,0.13831566078865049,0.9913910000485538,0.8862908860381471,0.9015304503883166,0.076984384,0.065092473,0.093264234
0.121967,0.019865768,6.591900228792428e-05,0.042008472,-0.772040382,0.0089,0.0122,0.0147,0.0175,0.0199,0.0222,0.0248,0.0275,0.0305,0.0401,,0.3522938534442142,0.40578789431014073,0.517430448,0.040140643,0.1182701450109024,0.082463779,0.093791536,0.08043866,0.13059426266077284,0.940081013,0.9583804733899903,0.8049886202851568,0.088136844,0.091324599,0.089427121
0.09716,0.020538526,8.510526295980381e-05,0.1048364458111853,-0.789208379,0.008,0.0115,0.015,0.0176,0.0201,0.0228,0.0259,0.0293,0.0333,0.0431,,0.3720477529693885,0.4193302485486806,0.6239921194009262,0.044983892184434354,0.14861616201259126,0.075997647,0.068999438,0.11645179376096522,0.12120317998216389,0.8153293455366158,0.8369862443847413,0.8699980158178595,0.066670588,0.091503369,0.077196706
0.122195,0.018109429,6.859004664513919e-05,0.1197608727917906,-0.64513254,0.0065,0.0108,0.0129,0.0155,0.0182,0.0202,0.0228,0.0257,0.0291,0.0394,,0.3934960480854648,0.46286674630545976,0.6209016463141851,0.040773192,0.13593761396176648,0.089082084,0.068440714,0.070417865,0.083978562,0.9866148774482437,0.8769400736154511,0.8412503494354191,0.091440871,0.080617536,0.077988716
0.146991,0.01912716,7.144859258494671e-05,-0.039696997,-0.800321871,0.007,0.0113,0.0136,0.0175,0.0194,0.0218,0.0243,0.027,0.0304,0.0398,,0.3945756784780598,0.427751563,0.907237826,0.035116843,0.12938142953865436,0.078396889,0.11091298728435733,0.12357346355834321,0.12109564319753292,0.9859368731181257,0.8012673433341648,0.8170577815131523,0.088022334,0.080906166,0.06398885
0.123347,0.020373562,8.226573625394949e-05,0.1378954987872985,-0.600883717,0.0079,0.0125,0.0148,0.0174,0.0201,0.0232,0.0254,0.0284,0.0322,0.0422,,0.35737852222937005,0.45762533983878384,0.6928158450875856,0.047830967924786326,0.14107927794692265,0.042299301,0.097572747,0.10654659850165672,0.12791210535078312,0.8643596209570318,0.8757530482459772,0.9302422375485887,0.059042339,0.070310116,0.089974172
0.136607,0.017773292,6.588746802544539e-05,0.095208377,-0.697022132,0.0064,0.0107,0.0127,0.0151,0.0181,0.0201,0.0226,0.0254,0.0284,0.0398,,0.3993959180985451,0.4529623961250314,0.529153599,0.041038974385785514,0.13067587437342942,0.082037922,0.089685121,0.068939706,0.1017325568587701,0.8097986972010025,0.8820731968975977,0.9478979599289731,0.088419572,0.098838215,0.082772102
0.129925,0.017894178,5.9570324140385594e-05,0.044268797,-0.743953458,0.0069,0.0105,0.0129,0.0156,0.0177,0.0204,0.0224,0.0252,0.028,0.0372,,0.37674910765803116,0.40090536409919075,0.9281538386063579,0.038883808,0.11065972723200018,0.074296641,0.07272498,0.092496425,0.12957692578159064,0.9837905637382232,0.8909030353173499,0.9021565321187692,0.050222659,0.05237471,0.074848094
0.149888,0.021451616,9.01542086616415e-05,0.2802068909560125,-0.494986856,0.0091,0.0125,0.0156,0.0184,0.0214,0.0236,0.0264,0.0296,0.0345,0.0462,,0.3557303591227593,0.4629189356161546,0.8669127940419052,0.046877802565279666,0.14991666576463833,0.0474833,0.098963992,0.096775845,0.091805843,0.9606648500807412,0.9412957244646389,0.9702928696345936,0.074240543,0.052836091648108915,0.071319786
0.130286,0.021695596,9.139028946011372e-05,-0.040395245,-0.875039543,0.0083,0.0124,0.016,0.0187,0.0218,0.0249,0.0277,0.0309,0.0345,0.0431,,0.38596679169858256,0.42463854071518387,0.6769300264163436,0.043281622498672824,0.13404108960507005,0.081588138,0.081723991,0.10567607148998279,0.082508731,0.890085696,0.8011910335060178,0.8584191280064953,0.050901769,0.083612607,0.057086980020601606
0.122814,0.019170641,6.783628871902619e-05,0.077890139,-0.637270127,0.0076,0.0117,0.0139,0.0169,0.0193,0.0214,0.024,0.0267,0.0299,0.0401,,0.4009717398502251,0.41364437458945424,0.5220388258530537,0.042864063,0.13364306131141998,0.044444061,0.089348529,0.1201207218229907,0.14471844294776337,0.9823407257603669,0.8662254371160235,0.8944259738869359,0.059444625008783836,0.071961594,0.086794867
0.128925,0.017468905,5.1982310374301473e-05,-0.000681072,-0.785567205,0.008,0.0102,0.0132,0.0153,0.0177,0.0194,0.0218,0.0239,0.0273,0.035,,0.41617943094184806,0.40728550940295294,0.679109431,0.048223647,0.12236656811291458,0.077341615,0.077854314,0.10384226385150021,0.11316239075326526,0.8339889612514352,0.8868435214143306,0.8574395070237292,0.082982328,0.09477092,0.055177096625309285
0.124679,0.020717497,9.152629650251392e-05,0.1798816850072114,-0.45175678,0.0082,0.0117,0.0147,0.0176,0.0204,0.0231,0.0261,0.0296,0.0335,0.048,,0.3821604701261009,0.48176300478942136,0.5088855738470871,0.045253435,0.14282470914607417,0.056527344,0.078962044,0.09291103,0.13994733312193822,0.9461315806610784,0.8486494675688977,0.8291861931804835,0.05341203,0.092797649,0.0934668
0.138137,0.0188874,6.216985668445625e-05,0.102918555,-0.516377361,0.0079,0.0113,0.0143,0.0167,0.0187,0.0211,0.0235,0.0259,0.0292,0.0426,,0.3583539457382976,0.49523482263340696,0.5077298180331313,0.041801164451073194,0.12622877834039806,0.04272583,0.053238756,0.12072396509540834,0.099183313,0.9636539765531024,0.9730510414066882,0.8796994760170233,0.071032509,0.066836142,0.091305375
0.126702,0.018496942,6.757768235313554e-05,0.014544719,-0.866870788,0.0069,0.0106,0.013,0.016,0.0182,0.0211,0.0234,0.0265,0.0299,0.0375,,0.41693558600130226,0.4004721037652563,0.5857214692198462,0.044252844,0.12989650398403124,0.07931954,0.06574291,0.1158797747771665,0.095687004,0.8273340272869091,0.8112598274234596,0.8984857446546142,0.095481397,0.099006644,0.054539531
0.15661,0.018919975,6.926041466500218e-05,0.009207071,-0.714415056,0.0072,0.0116,0.0139,0.0166,0.0192,0.0214,0.0235,0.0269,0.0299,0.0409,,0.39432500611559146,0.4275066659176594,0.5814694036467779,0.036335364,0.14353498137186427,0.089420151,0.080945834,0.082049461,0.13043538121634485,0.951468231,0.9187781035266418,0.9441030960374153,0.061493074,0.071527236,0.063996869
0.141837,0.020746127,8.075608856465794e-05,0.1195188560889153,-0.610775713,0.0087,0.012,0.0153,0.0178,0.0208,0.0235,0.0261,0.0288,0.0325,0.0467,,0.4015155796900918,0.48524028565694216,0.7859945026837795,0.046090524986757676,0.13238554509175596,0.056405966,0.058573290294059444,0.12656009103092375,0.14097995566365437,0.8072763332631658,0.9316364053522449,0.8899265823707587,0.077780243,0.052124979270071765,0.093408428
0.134828,0.019895355,7.537349060067982e-05,-0.036037362,-0.722683554,0.0073,0.0118,0.0151,0.018,0.02,0.0224,0.025,0.0277,0.0317,0.0394,,0.3895218008146492,0.43293560068386444,0.6882877074633408,0.049148911,0.12948531272065356,0.047334643,0.086220167,0.083345646,0.10072873762073765,0.8566798372046671,0.8501445194786333,0.8200379144817681,0.089341566,0.055854158,0.081676342
0.138025,0.017462571,5.006995304391135e-05,-0.041144073,-0.883321954,0.0078,0.0108,0.0127,0.0152,0.0176,0.0196,0.0221,0.0244,0.0269,0.0326,,0.4112121872042565,0.4640968749594018,0.8743718297443406,0.03644956,0.12078475002712168,0.059750177629226874,0.069184525,0.078546427,0.085737548,0.9619178034753778,0.9936688274569127,0.8346823185927336,0.072877585,0.082742789,0.083059309
0.138161,0.020765341,8.92548644037002e-05,0.1401742889346067,-0.689089917,0.008,0.0114,0.0152,0.0181,0.0205,0.0232,0.0263,0.0294,0.0335,0.0445,,0.35582936372896795,0.4504667469792806,0.5806328952536315,0.047233036,0.12615749648669194,0.049602141,0.092538328,0.10918801539959949,0.087225296,0.9000024982689359,0.8501637580648618,0.8740490477231065,0.079987867,0.061901891,0.073174654
0.137611,0.018011052,5.385031279058077e-05,0.008839725,-0.727012287,0.0077,0.0109,0.0134,0.016,0.0178,0.0205,0.0224,0.0249,0.0277,0.0374,,0.3549784942797228,0.4124932051113652,0.7019398798025582,0.044002891,0.12778493453727938,0.063147881,0.10279206846051223,0.094949399,0.10003452961410994,0.8438490427117962,0.8961659287805543,0.8650126294100609,0.077539569,0.073400878,0.094095492
0.137811,0.018041721,6.664718624771621e-05,0.1341522795166035,-0.388976314,0.0069,0.0101,0.0129,0.016,0.0181,0.0203,0.0226,0.0251,0.0286,0.0437,,0.4021984181725058,0.4891487411692903,0.8341363499091956,0.048716079,0.13137305308587852,0.061544672,0.081419809,0.092139097,0.1272807098458275,0.9212051571414626,0.8094371419977968,0.8280771703650928,0.091403483,0.096460256,0.085723805
0.13702,0.018687181,6.717765682313688e-05,9.075095978063491e-06,-0.80745374,0.007,0.0111,0.0134,0.0167,0.0188,0.021,0.0238,0.0266,0.0296,0.0395,,0.3897509238627905,0.47440644987250047,0.9482556225029402,0.043156527,0.1491280226899836,0.090081261,0.08315438,0.084852189,0.14124159773902153,0.8188149325190708,0.8983868802945915,0.8511895070534252,0.079662321,0.083407175,0.08566614
0.12876,0.020308134,6.71801267470295e-05,0.1203992821076805,-0.648536147,0.0091,0.013,0.0152,0.0175,0.0202,0.0227,0.0249,0.0277,0.0316,0.0419,,0.3628332860493455,0.44275891571640136,0.7494110194935725,0.046300756,0.14490074171522307,0.091475503,0.080858797,0.11948610381376862,0.1285357719730393,0.8397947516117485,0.8300023793768287,0.9299415563826419,0.095575558,0.07067418,0.060969606
0.127229,0.021441564,8.363013127221728e-05,0.02782162,-0.811368959,0.0088,0.0127,0.0159,0.0184,0.0213,0.0241,0.0269,0.0299,0.0339,0.0428,,0.4112883298040525,0.42085545109557704,0.6342606451729286,0.035396667,0.12033627307509036,0.060849298319973696,0.078000596,0.11836358507224354,0.13053633389812147,0.912754726,0.8009341993935545,0.8268994362104691,0.071160226,0.093035108,0.076704468
0.129327,0.019023132,7.800293248300203e-05,0.2127094027327344,-0.433358857,0.0073,0.0105,0.0135,0.0169,0.019,0.0212,0.0235,0.0267,0.0309,0.0448,,0.36022397657409594,0.4011030746435505,0.7095453532914768,0.038728789842570326,0.12738714936930962,0.054772408,0.10197786344903792,0.089704909,0.093232861,0.8960765475830187,0.8060900563171697,0.9745538040027965,0.064462093,0.086279272,0.065868364
0.125365,0.020445182,7.587310734613783e-05,0.054109741,-0.774041112,0.0084,0.0121,0.0152,0.0176,0.0201,0.0229,0.0258,0.0284,0.0319,0.0428,,0.40006263402906955,0.41376684699904015,0.9185822418053733,0.048448040500337644,0.13623203000591944,0.053633897815075916,0.056301591,0.09327758,0.13600636668234736,0.9080723761226553,0.8261665129456961,0.8094401502902466,0.088410609,0.069642398,0.098580917
0.132984,0.020735252,8.261352719586852e-05,-0.043307425,-0.79367515,0.0079,0.0125,0.0154,0.0179,0.0211,0.0233,0.0264,0.0294,0.0326,0.0411,,0.41627552900920334,0.4061608568155052,0.8793805660237327,0.04885251,0.11187276538781224,0.056863253374167956,0.06574502,0.072548036,0.12187322819945538,0.9198110215348968,0.8493754851880189,0.8353240914145914,0.089820199,0.084164756,0.064978097
0.138909,0.021979795,9.523709187545646e-05,-0.057485684,-0.837777032,0.0083,0.0127,0.0163,0.0191,0.0221,0.0253,0.028,0.0309,0.0352,0.0434,,0.36370851682332955,0.46221558249638056,0.6751919008983974,0.040527094,0.13020139310320705,0.083091469,0.092472974,0.089370617,0.095755368,0.8902377018692197,0.9973160910366713,0.9036017121821158,0.059447026,0.066704323,0.088520164
0.121909,0.020171988,8.368050444761493e-05,0.060940993,-0.753981357,0.0075,0.012,0.0146,0.0173,0.02,0.0229,0.0255,0.0286,0.0327,0.0421,,0.39394868507052955,0.456407651,0.7344357882906158,0.049996711262202884,0.1296809522404853,0.052088296076966356,0.07184807,0.076256319,0.086116332,0.9646975424663344,0.9656655084820416,0.9495422619700165,0.079444799,0.085543108,0.094502123
0.12971,0.019570516,7.65292113896475e-05,0.075633856,-0.614301609,0.0077,0.011,0.0144,0.0176,0.0197,0.0218,0.0243,0.0276,0.0316,0.0448,,0.35560768334070675,0.4582574032808669,0.7328992234283502,0.04829101,0.11152530002015927,0.061523643,0.064518685,0.072692926,0.11157444818237967,0.927214508,0.9548689841441925,0.9203007793967626,0.055058587,0.09675768,0.057050256
0.136248,0.019969206,5.9537807113285754e-05,-0.043540029,-0.702123991,0.0102,0.0125,0.0153,0.0183,0.0202,0.0224,0.025,0.027,0.0299,0.0398,,0.38325894181779824,0.4197928590145412,0.924006863,0.042813595909523876,0.12109927,0.058272594,0.095699279,0.074571316,0.11217322827394888,0.8030264142678272,0.9984118180734648,0.9797885163632514,0.07680193,0.054628814,0.064623568
0.122946,0.020366556,8.002352698894584e-05,-0.077484067,-0.819169887,0.0076,0.0122,0.015,0.0177,0.0209,0.0232,0.0261,0.0289,0.032,0.041,,0.3702498771581104,0.41245239451650806,0.6946824515797351,0.035523666,0.13504121208423692,0.088279071,0.059191786,0.070012896,0.129478806,0.977007639,0.8945765455466907,0.8693211002492832,0.059611897,0.073995122,0.08857428
0.134713,0.018718563,6.945631981364224e-05,-0.00980029,-0.721231214,0.0069,0.0114,0.0137,0.0162,0.0192,0.0215,0.0235,0.0263,0.0297,0.0414,,0.40210149038677223,0.4048070856784038,0.6596229870311436,0.037335269220689485,0.11161299967647328,0.090656361,0.077517683,0.11330704953380683,0.10624506922323337,0.9611692310025255,0.9967885186864895,0.8587418060603078,0.059223822,0.097100961,0.066691697
0.146571,0.01770789,5.098880674688822e-05,0.033927479,-0.745047948,0.0083,0.0105,0.0134,0.0155,0.0179,0.0197,0.0221,0.0241,0.0273,0.0351,,0.3688648199100039,0.48408632792379036,0.766557697,0.045624844,0.1116300624948951,0.065794761,0.082260971,0.10403444501828653,0.13372098870733637,0.8975797909342512,0.8088443948367392,0.8177798284312624,0.054277368,0.093621283,0.057587997
0.141567,0.019933035,6.316478815987387e-05,-0.004169763,-0.777056321,0.0099,0.0122,0.0148,0.0179,0.0199,0.0223,0.0249,0.0275,0.0307,0.0394,,0.4045596504685677,0.47281225829680473,0.6699751470857455,0.049734021,0.1494659630064857,0.064282847,0.05543079,0.1241494180727683,0.100185902,0.9254903230735554,0.8040221796697926,0.800316759,0.068605197,0.094892716,0.057656032
0.146652,0.018439831,6.898775592855209e-05,0.1448644955918849,-0.536528788,0.0069,0.0112,0.0134,0.0161,0.0185,0.0206,0.0228,0.0257,0.0294,0.0402,,0.3840535195742391,0.4436146580388893,0.6536685216779372,0.035738013,0.14801463472694606,0.089779965,0.08729478,0.079506735,0.1275153107198534,0.8566880736365802,0.9384897780925069,0.9177973406821098,0.056390385,0.084378799,0.068823098
0.143299,0.022294506,9.557848797897128e-05,0.1473416593583543,-0.667895835,0.0094,0.0129,0.0163,0.019,0.022,0.025,0.028,0.0312,0.0354,0.047,,0.41744440137308714,0.4935236701593516,0.790885532,0.048495308,0.14953031862111285,0.079138225,0.10775817955085709,0.080626779,0.08591885,0.8019311804909212,0.8166671836994194,0.817810719,0.085798695,0.080518825,0.069410804
0.135132,0.020370743,9.531687957808428e-05,0.1676337891546463,-0.783752851,0.0072,0.0115,0.0145,0.017,0.0196,0.0231,0.0259,0.0295,0.0342,0.0425,,0.37424464158798887,0.4209321676624139,0.9290855162815339,0.038446621,0.1496234313362411,0.064892094,0.056502915948453455,0.11291607000920921,0.095104145,0.8122677794979988,0.8856208627918394,0.8382892595494182,0.056855640359647866,0.069496299,0.064254898
0.14568,0.018191624,5.7431562897194466e-05,0.1175101266840032,-0.546192913,0.0077,0.0116,0.0136,0.016,0.0179,0.0205,0.0224,0.0248,0.0285,0.0409,,0.3649621002587965,0.42581994978986737,0.8717341688758756,0.042289943170412375,0.11295551245408482,0.047608297,0.11286916605526032,0.091398389,0.11771424827423074,0.8710975889455275,0.8479441809480117,0.8913303061057268,0.075796832,0.057863997,0.062393109094331704
0.142974,0.018278376,6.142926498206931e-05,-0.031414085,-0.853717623,0.008,0.0105,0.0137,0.016,0.0185,0.0204,0.0234,0.0256,0.0289,0.0358,,0.36303491630263524,0.4150915553397356,0.9309700190668642,0.043732917,0.11435218249427333,0.0791024,0.061718466,0.12397196928848164,0.10128709350224127,0.8129287888985974,0.9018258097681521,0.8429135890494054,0.050419006,0.094528201,0.089507286
0.144385,0.017316993,6.034265769183106e-05,0.02382236,-0.762124489,0.0061,0.0099,0.0126,0.0151,0.0172,0.0197,0.0219,0.0245,0.0278,0.0362,,0.39270471792881134,0.46853849774511086,0.8980402876081159,0.046251862666087454,0.14732981605687007,0.0873476,0.10011247767827122,0.10725655309014283,0.13058485986553542,0.8710920307117584,0.8607898801882123,0.8509245325368965,0.058858038,0.061642799,0.062249068368810626
0.14283,0.018791923,6.086404592475871e-05,-0.032749678,-0.855955428,0.0084,0.0114,0.014,0.017,0.0188,0.0214,0.0237,0.0262,0.0292,0.0357,,0.39465591019552426,0.446151804,0.7241629847263618,0.041452614781733246,0.12438663095149573,0.07546925,0.098635309,0.12091876894693059,0.13461221766677367,0.9401837733158354,0.8253168928499801,0.8671067591864761,0.058852041,0.060141227,0.069124074
0.098275,0.015950809,4.021524482741044e-05,0.1094655265664602,-0.662593688,0.0075,0.0103,0.012,0.0138,0.0157,0.0176,0.0198,0.0216,0.0245,0.0313,,0.3853775229516149,0.4977560634769472,0.5440529974625635,0.035979252,0.1451624947727577,0.072466799,0.095872184,0.1068524331388255,0.094960828,0.931503834,0.9609783522446563,0.8527494809031516,0.065748495,0.088449995,0.079827219
0.102912,0.015977326,5.3968497834521446e-05,0.070046551,-0.780312671,0.0054,0.0091,0.0119,0.0135,0.0158,0.018,0.0204,0.0229,0.026,0.0348,,0.35791612653986543,0.4784643554525246,0.5440400709061562,0.037863574935118306,0.1107816733309635,0.056990581,0.075331279,0.10983608156218116,0.13269557846407762,0.8840788843991526,0.80568096,0.906855771,0.078446348,0.090572486,0.080041314
0.087992,0.017796335,6.005477490221e-05,-0.014671611,-0.808825457,0.0076,0.01,0.0132,0.0156,0.0181,0.02,0.0225,0.0249,0.0281,0.0352,,0.3867048355172021,0.46929532581838734,0.6953317695039585,0.038227851487142105,0.14472695656063017,0.082030756,0.078472613,0.12364625422473871,0.10321385702626353,0.825293163,0.8282886296094283,0.911391993,0.06356665,0.086142712,0.073075005
0.108029,0.015899268,5.0516038438648086e-05,0.009944042,-0.75441121,0.0055,0.0092,0.012,0.0137,0.016,0.0181,0.0201,0.0224,0.0254,0.035,,0.4083097219298446,0.4689340420510945,0.8803972687991937,0.046935527,0.1484688511129205,0.080392113,0.11018525417472666,0.081572509,0.11930715750792455,0.9224172064292857,0.8573589367558635,0.9133585582371279,0.058645566,0.081976638,0.085170929
0.091953,0.01580133,5.493516559823837e-05,0.1658749541943089,-0.579484861,0.0054,0.009,0.0114,0.0137,0.0157,0.0182,0.0198,0.0227,0.0254,0.0358,,0.3912271537802017,0.4857832430371207,0.847034668,0.039703313,0.1371192521973646,0.047379698,0.086806635,0.11884895912982413,0.088171534,0.8348079331247371,0.9006352849877807,0.8941549088397183,0.095945059,0.058014336142321155,0.08625029
0.092658,0.01713499,6.0278220363864344e-05,-0.009954216,-0.826482812,0.0058,0.0096,0.0128,0.0148,0.0176,0.0194,0.0222,0.0241,0.0276,0.0354,,0.3938061831738525,0.45397381766397377,0.7288615947165981,0.048957841,0.14815089542097704,0.058886023,0.083495534,0.08141852,0.10089025085920983,0.9637165994465866,0.8793966931540216,0.971442337,0.078291232,0.070447571,0.077709717
0.11075,0.015551145,4.714201791585779e-05,-0.040804691,-0.808069857,0.0063,0.0094,0.0113,0.0137,0.0158,0.0178,0.0201,0.0219,0.0248,0.0317,,0.4146180689726115,0.46815528939715273,0.6574475384283313,0.042902662,0.1169875380978489,0.046536929911812505,0.10327467819396999,0.12730673171331006,0.1335915444934899,0.8583647093309518,0.9263085416429625,0.958514869,0.060168976,0.060660123,0.081349745
0.131303,0.016593973,5.433231870689497e-05,-0.099272005,-0.861387938,0.0064,0.0101,0.0122,0.0147,0.0173,0.0188,0.0211,0.0236,0.0264,0.0317,,0.36800986830957627,0.4872927992141705,0.5712111043002379,0.040685759,0.1224234574588626,0.041479125,0.10029312932425886,0.10978601793040015,0.12140186532117848,0.9607154560111338,0.9418180040568077,0.8861472406164091,0.082027354,0.072446095,0.075378963
0.10142,0.016122201,5.6476871147773085e-05,0.080882571,-0.795997416,0.0054,0.009,0.0117,0.0136,0.016,0.0183,0.0206,0.0233,0.0261,0.0349,,0.41211678469576957,0.48245362373456235,0.8913524442699883,0.041940852825600956,0.11649522759839255,0.047702384,0.06900608,0.11284952697858495,0.10030110228914413,0.975054967,0.9237908385521543,0.9322514928558143,0.079488951,0.08915952,0.076819254
0.088489,0.014621276,4.454408921397016e-05,0.032644161,-0.821512513,0.0057,0.008,0.0105,0.013,0.0146,0.0167,0.0185,0.0207,0.0236,0.0309,,0.3994179917762648,0.4413615523346269,0.5955756009474495,0.047769212,0.14615152998210296,0.083136033,0.074965087,0.084606851,0.091668264,0.927479293,0.9435461077243278,0.9957597031387972,0.063112651,0.063477954,0.056101317
0.168606,0.022265769,9.955899776955728e-05,0.1308950919819233,-0.51677114,0.0097,0.0135,0.0169,0.0198,0.0226,0.0254,0.0284,0.0314,0.0356,0.0521,,0.375015455,0.42533350640090645,0.8614525928242777,0.039581737,0.12430002038740026,0.041115945,0.094825098,0.095142859,0.1409234424098766,0.975170238,0.9972684863011902,0.9293167141149501,0.090585575,0.064219556,0.077785481
0.166381,0.0243318,9.529843295192668e-05,-0.057240801,-0.815053362,0.0108,0.0147,0.018,0.0214,0.0245,0.0278,0.0307,0.0335,0.0373,0.048,,0.41431563107461244,0.4978430078825884,0.5799225188169761,0.044838382,0.12554025222882778,0.064146367,0.089117693,0.1014343983113201,0.10859233621819193,0.9661768608347502,0.9034366825366086,0.8808030247161249,0.081778378,0.096403838,0.063245842
0.190863,0.024800571,0.000110796,-0.079425033,-0.72241357,0.0103,0.0147,0.0185,0.0219,0.0253,0.0283,0.0314,0.0345,0.0388,0.0485,,0.3676245322274452,0.4352364897421024,0.6790422696910032,0.038239894,0.11022854615869021,0.043985389,0.084330587,0.071191031,0.14227444671078943,0.8130588882408513,0.83242352,0.9898617599485501,0.062889719,0.079081429,0.086951106
0.164944,0.023951529,8.333359170854234e-05,-0.118685155,-0.793313239,0.011,0.0153,0.0183,0.0215,0.0247,0.027,0.0294,0.0324,0.0359,0.0428,,0.4053295778416994,0.4223931530422018,0.8997412011664273,0.037206348,0.1466065683212828,0.083455021,0.076973287,0.083397279,0.13757170161927326,0.9968920786257911,0.9572078651418263,0.8840186394708898,0.06452647,0.089707711,0.066049361
0.174512,0.021859034,0.000101332,0.2227557886342063,-0.513526219,0.009,0.0127,0.0158,0.0185,0.0213,0.0242,0.0271,0.0308,0.0355,0.0493,,0.41344293531597054,0.465847822,0.8628991351171743,0.03742309,0.11661994978168413,0.0911337,0.082950551,0.087735338,0.10970262497092441,0.9130446516983034,0.9146083598356642,0.9984792392988497,0.092268137,0.077206194,0.076636552
0.17746,0.023121024,9.888775170814944e-05,0.043701142,-0.588998608,0.0102,0.014,0.0175,0.0203,0.0232,0.0262,0.0288,0.0319,0.0359,0.0506,,0.39136529001764503,0.46381290221202887,0.6516616217376796,0.035278613849436286,0.11045534306450913,0.050402774,0.086204554,0.087934016,0.090189387,0.8168345464085315,0.9105266478190184,0.8478828493641567,0.086921226,0.064046597,0.063802913
0.161289,0.022543005,8.181183558565998e-05,0.003062369,-0.754906635,0.0098,0.0141,0.0172,0.0198,0.0227,0.0255,0.0278,0.0306,0.0348,0.0432,,0.38833165399776726,0.46057770201582465,0.574046128,0.035203719,0.14847236423614046,0.091277884,0.058749125595693626,0.10912330243336235,0.088253265,0.9160898551772816,0.9714300323301575,0.8173554917464786,0.075117496,0.061947384,0.056051833
0.191916,0.024914622,0.000112038,0.184886492,-0.516775972,0.0106,0.0148,0.0182,0.0216,0.0243,0.0276,0.0308,0.0344,0.0392,0.0558,,0.3978402161794412,0.4480390194517426,0.6628727215634674,0.049853616674160266,0.11976344564827665,0.072776679,0.095838431,0.078364769,0.11193468242951303,0.9849839790365006,0.9225284020844161,0.8613553339351508,0.067568721,0.088830586,0.088264988
0.166814,0.023375005,0.000100582,0.436799514,-0.057050578,0.0103,0.0142,0.0171,0.0198,0.0225,0.0253,0.0281,0.0315,0.0364,0.0549,,0.37692494151168815,0.4809023089752466,0.618941197,0.038501445,0.11518418583656623,0.055993859,0.1007097795134394,0.11437849752242923,0.13721144413064867,0.9721195612592706,0.9362005081453113,0.8218821082330833,0.084890274,0.097306034,0.081005389
0.169369,0.023629343,0.000101805,-0.120415782,-0.774459756,0.0097,0.0138,0.0174,0.021,0.024,0.0271,0.0303,0.0332,0.0366,0.048,,0.3519485753635377,0.41261940760044324,0.9215133942769927,0.048373190222040195,0.11942285727544841,0.064843093,0.079002119,0.070429305,0.1309465556646509,0.9526367067128555,0.9195897216252502,0.8304209076624615,0.071345874,0.069167498,0.085496869
0.201594,0.022511003,6.547562153184439e-05,-0.065461503,-0.622771443,0.012,0.015,0.0177,0.0206,0.0225,0.0249,0.0275,0.03,0.033,0.041,,0.3891056583092818,0.41154526933815055,0.9236040053077099,0.046193237,0.129686299,0.066323049,0.098192592,0.09868121,0.100716163,0.9465345108886742,0.8837186373925827,0.8120678935554552,0.078777121,0.050574922396429745,0.089943423
0.187497,0.02528216,8.004635865709045e-05,-0.041041932,-0.590776352,0.0132,0.0169,0.0206,0.0229,0.0253,0.0278,0.0304,0.0333,0.0374,0.0462,,0.35679661862469897,0.4562821620587919,0.9065956881669603,0.047381658,0.12470461906407945,0.050261428100511776,0.092200763,0.093746932,0.1114428689391828,0.9272334590102966,0.8758756788868641,0.9007962071631027,0.091045032,0.073689831,0.099014349
0.19662,0.023988663,7.45435399392853e-05,0.006322845,-0.485171066,0.0122,0.016,0.0189,0.0217,0.0243,0.0266,0.0289,0.0315,0.0352,0.047,,0.3957526379594632,0.4657959133436573,0.6572162320847134,0.04038355,0.14226969076880827,0.042041335,0.086317498,0.11840367863004028,0.097358747,0.8887524350682043,0.9699388300746284,0.892517403,0.063882603,0.069480573,0.094598016
0.187987,0.022072729,6.671280367701667e-05,-0.052855829,-0.694508643,0.0114,0.0143,0.0171,0.02,0.0221,0.0245,0.0272,0.0297,0.0329,0.0407,,0.4061067739956275,0.4635487822330047,0.8422077680060951,0.041498758266879245,0.14003237760734072,0.043964149,0.053890584,0.068919108,0.10221169489378912,0.9092291357550188,0.8339786368405459,0.8113354068514117,0.072240628,0.066509118,0.092397116
0.184867,0.022512915,6.318218889496235e-05,0.028297323,-0.350052263,0.0116,0.0158,0.0185,0.0204,0.0223,0.0243,0.0267,0.0296,0.0332,0.0451,,0.3725358621679954,0.4167370206965962,0.7775711296317551,0.047522353,0.14343217147303394,0.079292126,0.087833452,0.096452331,0.14455716119151032,0.8477502171586246,0.9539214863281704,0.9391912035398368,0.054693813,0.059976629,0.082467291
0.19845,0.020913947,8.04804112194161e-05,-0.026357783,-0.666154953,0.0084,0.0121,0.0161,0.0185,0.021,0.0235,0.0265,0.0291,0.0327,0.0439,,0.36553276946102603,0.4454351335688749,0.6559032388151915,0.049037581,0.1459255602643538,0.085215216,0.097856235,0.11608840883488028,0.12333950817025727,0.8018159107060572,0.9072022657731909,0.9538723628410108,0.074162339,0.09265792,0.053581977
0.198484,0.023913936,8.014083454258531e-05,0.1516228112553628,-0.298409528,0.0122,0.0159,0.0185,0.0214,0.0239,0.0263,0.0288,0.0316,0.0357,0.0532,,0.36099903819489904,0.45874862509446157,0.7010972592033963,0.037150909,0.12858654252921956,0.049679194,0.064115263,0.1113522092143461,0.1302823269846378,0.8260140023185365,0.9492195948261665,0.8614341939234919,0.057108394506028684,0.059790424,0.088037032
0.193281,0.028200166,0.000106762,-0.021084934,-0.576316548,0.0141,0.0184,0.0221,0.0255,0.0283,0.0313,0.0342,0.0373,0.0417,0.0539,,0.37628961513529613,0.41527589861795144,0.6520845380674449,0.03749902,0.127482073,0.052902316,0.065912242,0.11644935347475768,0.12320532196236285,0.9424533172516966,0.9886590578796566,0.801196962,0.055594631915165955,0.052799869,0.073446344
0.193613,0.024059141,7.053501861587668e-05,-0.098132838,-0.609365687,0.0123,0.0169,0.0194,0.0216,0.0238,0.0265,0.0296,0.032,0.0352,0.0448,,0.36520258043939313,0.4914624606028119,0.9082282321644491,0.049459489,0.14705478549875783,0.091206227,0.073761695,0.11884357300674162,0.13151628104134994,0.9261992930706585,0.9236475390416922,0.9977185566701199,0.067026782,0.064805545,0.0600112
0.207948,0.022369724,7.817605716815909e-05,-0.062249255,-0.777696603,0.0108,0.0139,0.0169,0.0204,0.0227,0.025,0.0279,0.0308,0.0337,0.0415,,0.41039051932536014,0.4334044694039639,0.6074428930851696,0.041609604,0.1466262836940699,0.088429128,0.093874897,0.079921991,0.12387748950151678,0.80970793,0.8838629780706241,0.8755272590762986,0.058891431,0.093779743,0.058739709
0.154506,0.016843871,5.476013201287828e-05,-0.042770346,-0.778457358,0.0064,0.0105,0.0125,0.0153,0.017,0.0194,0.0213,0.0236,0.0266,0.0337,,0.4155616774545346,0.4507795514252577,0.5954558912180076,0.041181185968159964,0.11680260733556852,0.072577142,0.057243055,0.093820859,0.1270359045590069,0.8187703582894725,0.8913119429008571,0.868767178,0.050832506615708324,0.088386932,0.085495413
0.134586,0.020416793,8.391272253185815e-05,-0.05872081,-0.908731379,0.0073,0.0117,0.0149,0.018,0.0204,0.0235,0.0262,0.0293,0.0327,0.0394,,0.37380206624883494,0.4350045962046073,0.6901815192174221,0.041781671,0.11194955616735132,0.063890819,0.067290618,0.10853037114593028,0.095193098,0.8720219746918385,0.8275498577907675,0.9627846252820711,0.05505976,0.061336585,0.07944368
0.156938,0.0198018,6.984741670708107e-05,0.2098578201308978,-0.443940079,0.0088,0.0118,0.0147,0.0171,0.0202,0.0221,0.0242,0.0272,0.031,0.0462,,0.38100871268982006,0.47110806405405237,0.5662893010066885,0.039150072,0.12585004849595582,0.087687899,0.053285323,0.082544536,0.093178511,0.9627818026127751,0.8245203068230451,0.9245744281732751,0.058272459001665985,0.067774609,0.098349987
0.140914,0.018649739,5.76522519781688e-05,-0.027732494,-0.831292798,0.0078,0.0111,0.0139,0.0165,0.0188,0.0208,0.0233,0.0256,0.0289,0.0359,,0.39348304690684804,0.4643568604646222,0.9274068573610795,0.03706011,0.12900190084224583,0.068641208,0.060824716,0.10235232987739071,0.13276332122544238,0.9579431955627147,0.8406825315742085,0.8708040082685319,0.066445504,0.064491186,0.087041344
0.144375,0.018187396,5.770820432828736e-05,0.03155683,-0.650562891,0.0075,0.0108,0.0138,0.0159,0.0179,0.0205,0.0231,0.0251,0.0281,0.0422,,0.37696538663421064,0.4018698935547267,0.5771940325522904,0.037524427,0.12136730536413459,0.050322801,0.086702535,0.094057117,0.086281129,0.9987857070692567,0.929465181,0.981489933,0.059002117,0.086452611,0.067314641
0.152187,0.018510988,5.248676931415066e-05,-0.039353333,-0.77890436,0.0088,0.0121,0.0141,0.017,0.0188,0.0206,0.0232,0.0252,0.0284,0.0358,,0.37581334666411303,0.4990916879464048,0.8591584041566094,0.047495277,0.11058381680255654,0.061632757704510495,0.094337759,0.071087245,0.14231864176406342,0.978818131,0.9991004921046542,0.8909671793188255,0.094529515,0.085535838,0.058464591
0.139235,0.018743806,6.718572950496115e-05,-0.045102429,-0.741640913,0.0069,0.0113,0.0136,0.0172,0.0191,0.0213,0.0238,0.0263,0.0295,0.0398,,0.41148439312905644,0.42784574282711063,0.5821451419012494,0.049547452,0.12351613245458867,0.064406282,0.066370894,0.1096513880643834,0.096871318,0.8899786071128436,0.9830421545807329,0.8387296932835818,0.08600558,0.063745798,0.052765757122449845
0.149163,0.017515329,5.622237912186729e-05,-0.025267716,-0.812981058,0.0078,0.0101,0.0133,0.0154,0.018,0.0198,0.0225,0.0244,0.0278,0.0356,,0.3824103723266978,0.40233971472518204,0.76684294,0.038583394,0.14524583654717682,0.051905679313054204,0.078362309,0.10302001753592949,0.10706341526268422,0.9002367481516667,0.8533528969697574,0.8306309002968006,0.071348728,0.082053696,0.097803033
0.14479,0.01835991,6.367915356256343e-05,0.075757355,-0.684406023,0.0073,0.0114,0.0135,0.0161,0.0182,0.0209,0.0229,0.0255,0.0292,0.0411,,0.4063627325079099,0.45677202435915987,0.8337922376410608,0.036133803,0.12255217278085498,0.042183499,0.078722261,0.11377258813932456,0.10590428120369118,0.8932762302464861,0.8879587200899411,0.8118056023819085,0.059277957,0.076731318,0.066366405
0.149037,0.017374991,5.798112370637393e-05,-0.018573785,-0.74665899,0.0065,0.0103,0.0125,0.0154,0.0174,0.0201,0.022,0.0242,0.0275,0.0377,,0.3778443638285321,0.49350765223402737,0.7347005202276966,0.049917756,0.13296607770996596,0.058489066,0.082430551,0.11730063746154312,0.10375059104778667,0.9143900506860965,0.9272102159518457,0.8190707282833251,0.061120858,0.089131056,0.076163
0.145911,0.022733597,0.000101121,0.01220553,-0.734919417,0.009,0.0131,0.0166,0.0203,0.0229,0.0256,0.0284,0.032,0.0363,0.046,,0.38113397637017254,0.4733961194130218,0.6595712825610122,0.042341658,0.13448419654956092,0.088551251,0.086920426,0.11096537699754053,0.10945453811586484,0.8823096638329591,0.9112699764395743,0.8046940575291543,0.060107998,0.091597281,0.098832123
0.150919,0.02621911,9.750133021891856e-05,0.2180916041315865,-0.107842428,0.0133,0.0173,0.0203,0.0231,0.0259,0.0288,0.0315,0.0347,0.0394,0.0563,,0.3903916423125805,0.4091261583454025,0.6591351725428907,0.037313181240905505,0.12572616738032738,0.078096006,0.0609747,0.075952469,0.095117119,0.8825318064904878,0.9194333725298127,0.9604420898828168,0.063307093,0.090775857,0.090026404
0.139412,0.024171837,7.388109018491609e-05,-0.105458311,-0.529079371,0.0122,0.0158,0.0189,0.022,0.0246,0.0276,0.0298,0.0318,0.0347,0.0478,,0.4093807001741043,0.43141327846813754,0.9392671852484946,0.044525536,0.13314741796396218,0.089953273,0.065970246,0.077861834,0.13068775134708618,0.8733172528480355,0.8217783662798614,0.9755709392203082,0.087144636,0.097831192,0.084342116
0.139611,0.022370811,9.699576682583975e-05,-0.029152464,-0.789738873,0.0088,0.0126,0.0172,0.0198,0.0223,0.0251,0.0283,0.0319,0.036,0.0448,,0.3886761023902429,0.4943969963281737,0.5686803327847572,0.046607331,0.11537529691979656,0.058943652152734734,0.092782866,0.086567938,0.12402417156264806,0.866050674,0.9980894056330735,0.9374761138994677,0.066277832,0.063760701,0.098181986
0.153743,0.024109609,6.945427771662105e-05,-0.15966755,-0.597034338,0.0131,0.0163,0.0192,0.0223,0.0243,0.0266,0.0293,0.0319,0.0349,0.0419,,0.39927882155706607,0.41683462958647804,0.7500839170532938,0.041343777440186254,0.12474366775019775,0.052053962022351546,0.083714004,0.10495207114421246,0.1396270148731111,0.8571975874700309,0.9255869824695445,0.9148062427793231,0.064436749,0.055373841222090395,0.093788586
0.147048,0.02606979,8.433854738247235e-05,-0.095725195,-0.621721324,0.0133,0.0175,0.0208,0.0236,0.0263,0.0289,0.0317,0.0346,0.0382,0.047,,0.360961498,0.46733453862734176,0.661320686,0.03547029,0.13602354416217444,0.075719173,0.092341738,0.10335750983568305,0.13319464170380413,0.8637263098897288,0.949540615,0.963616552,0.05782713,0.068691824,0.071548877
0.144261,0.025937048,9.739682226503582e-05,0.071998443,-0.675729359,0.0131,0.017,0.0199,0.0225,0.0252,0.0283,0.0316,0.0351,0.0396,0.0501,,0.37061957169282955,0.43229731911661295,0.71494921,0.035002457637848546,0.11346948027034975,0.0613257,0.065348992,0.12521425330911845,0.1288410345581265,0.9006009462274248,0.9512892425397211,0.820296957,0.091589032,0.068620083,0.059949929
0.142505,0.022591938,6.0920093307812383e-05,-0.210923091,-0.653124397,0.0118,0.0157,0.0179,0.0204,0.023,0.0251,0.0277,0.03,0.0327,0.0382,,0.3711918621941382,0.40033977430411216,0.5930290128304473,0.039337833,0.1429731906246212,0.046305305,0.062182700243045244,0.12548534103385167,0.097886169,0.897167149,0.8593782664929951,0.9598373367784642,0.058644029054262393,0.065300511,0.086360584
0.132183,0.02216527,7.112818549917124e-05,0.017066674,-0.716339607,0.0115,0.0142,0.0169,0.0202,0.0221,0.0243,0.027,0.0302,0.0335,0.0414,,0.3941071194765232,0.403565231,0.7972853548828831,0.040857365,0.13988251191333256,0.072774177,0.053639187,0.10943182406728727,0.13201832575718656,0.9985362214101339,0.9537175728372299,0.8367493810082789,0.074086646,0.094887676,0.083634655
0.138936,0.026874944,0.000102337,8.333235795331158e-05,-0.760120056,0.013,0.0173,0.0208,0.0238,0.0269,0.0297,0.0327,0.0364,0.0409,0.0478,,0.39492938659098625,0.4018969154246637,0.5776784760463651,0.0380537,0.14235552254538536,0.084711559,0.074915298,0.095468216,0.12523437416811173,0.8104462821350082,0.8725776859607763,0.8627296515405692,0.087599042,0.06424054,0.07055338
0.196932,0.02173743,8.828310688231885e-05,0.025993819,-0.645632065,0.009,0.0126,0.0163,0.019,0.0223,0.0247,0.0273,0.0304,0.0338,0.0467,,0.3916066528472118,0.4439654082970019,0.5147468254014287,0.041581127,0.12942384801656287,0.088488385,0.10392434139039888,0.11516272808724566,0.098050519,0.9181393838365769,0.9584592568557014,0.8808332479633075,0.065014684,0.091081374,0.091689504
0.189365,0.02177336,7.811122406352133e-05,-0.076358519,-0.789645239,0.0092,0.0133,0.0166,0.0191,0.022,0.0248,0.0272,0.0299,0.0334,0.0428,,0.3648448199487761,0.42879010888998303,0.7773731859962123,0.04712347,0.14790565644053374,0.044109068,0.068308722,0.1009741000495767,0.095069059,0.9497189701933291,0.956708528,0.9081296922815375,0.071475492,0.066949506,0.091039289
0.194841,0.023022439,7.411108762867242e-05,-0.079964345,-0.792060116,0.0115,0.0148,0.0176,0.0208,0.0233,0.0255,0.0283,0.0315,0.0342,0.0421,,0.38905714811197734,0.4398613776147503,0.7633371787879639,0.049474704,0.1197824982285203,0.071456733,0.10956016835583028,0.10420161019115615,0.13013813615029268,0.8198767789936948,0.9076895473732834,0.9762374286351826,0.090013369,0.077888359,0.062224414878067194
0.17924,0.020699967,6.472934187816064e-05,-0.066298209,-0.864224636,0.0099,0.0126,0.0159,0.018,0.021,0.0231,0.0257,0.0284,0.0318,0.0375,,0.35759008392494285,0.4192206828290647,0.6037830791323402,0.040251666,0.11637582430300464,0.045344106899724027,0.056633642276121374,0.12427707375767688,0.1081226858121727,0.8370993773248022,0.9791323179440085,0.8077958699911612,0.053971630975713655,0.052943223,0.07298497
0.19227,0.021898405,6.418744963790559e-05,-0.055565085,-0.75270373,0.0113,0.014,0.0176,0.0195,0.0218,0.0244,0.0268,0.0296,0.0327,0.0394,,0.38863595256433825,0.47020068997759934,0.9347916665311762,0.043089719252643086,0.14148954370501723,0.072854117,0.055243326,0.11829763152045325,0.1424444299172801,0.8812255471763212,0.970767982,0.8122466980211202,0.085300459,0.074312702,0.085960794
0.200938,0.022201056,6.597507315292723e-05,-0.106936869,-0.705729791,0.0116,0.0144,0.0172,0.0205,0.0225,0.0246,0.0272,0.0299,0.0329,0.0414,,0.3987375027554313,0.41010113913892987,0.7258619559722642,0.040185749543472586,0.12450979921154608,0.063952535,0.10804238485858174,0.10202650866131813,0.11286038028465023,0.8058825804873491,0.8953608918532674,0.8310719970720011,0.061031303,0.058053937,0.054674863
0.182509,0.023736969,9.390079670188742e-05,0.026575433,-0.736108539,0.0105,0.0141,0.0175,0.0208,0.0239,0.027,0.0298,0.0327,0.0363,0.0476,,0.3875110168191039,0.48660719866091595,0.5637057753692951,0.049723792,0.14033353750907282,0.06309002,0.086350961,0.11777402771697464,0.10809141234084522,0.9167960849962354,0.9874078035733197,0.9205603147027095,0.079464594,0.07359061,0.099617336
0.17684,0.021796686,7.453207425324728e-05,0.1006497660356086,-0.579215975,0.0102,0.0136,0.0164,0.0196,0.0219,0.0241,0.0267,0.0295,0.0336,0.0459,,0.4000210738476855,0.44311552399962023,0.6550025164621114,0.041392676544655324,0.13342038654448632,0.043549185499780645,0.065256164,0.083839362,0.12462509969366369,0.8936579129670625,0.9642309831069678,0.9228474608523821,0.071512035,0.083204368,0.096094235
0.197311,0.021949827,6.845600659913326e-05,0.018323014,-0.554513724,0.0104,0.0143,0.0175,0.0196,0.022,0.0244,0.027,0.0296,0.0327,0.0443,,0.402864065,0.42529501463886504,0.7218462947153192,0.038268965,0.11320695639702973,0.090560259,0.061697631,0.11454853237405486,0.1116587501273499,0.8096520714465327,0.9683216533943321,0.8782627486824379,0.051262413,0.059217191,0.058053392
0.190426,0.023315403,8.101988225883536e-05,0.028249141,-0.71328692,0.0109,0.0151,0.0181,0.0206,0.0231,0.0261,0.0289,0.0316,0.0353,0.0443,,0.38673014447690396,0.4070080301887569,0.8006532614009941,0.035272852,0.1179828753393226,0.082539213,0.056515528,0.081348525,0.11861871781546948,0.8697212405472351,0.9126485774341508,0.8064648608424051,0.093212902,0.054375495,0.061932516
0.218593,0.02972655,0.000152225,0.1031147663837183,-0.609937705,0.0127,0.0185,0.023,0.0262,0.0295,0.0328,0.0363,0.041,0.0463,0.0596,,0.35228033147159943,0.4427378007597616,0.9437728461430156,0.047757207056975025,0.1441608934234601,0.066550478,0.075371521,0.12326673837426257,0.12332920054602628,0.9981996440998602,0.9624864551438609,0.826444337,0.091816099,0.055433132,0.059719408744459704
0.218451,0.025241348,9.429866732728638e-05,-0.043246791,-0.65388042,0.0123,0.0164,0.0198,0.0228,0.0257,0.0284,0.0311,0.0341,0.0375,0.0512,,0.35177108690468845,0.4054362092392626,0.6453619501501645,0.03800453,0.12086443384826548,0.069905495,0.094758188,0.11088023601193858,0.090649413,0.8036664504183779,0.9409235394027364,0.8763948457318459,0.076444599,0.074141689,0.064500208
0.214843,0.028754186,0.000124605,0.027210965,-0.64699355,0.0135,0.018,0.0221,0.0258,0.0293,0.0321,0.0354,0.039,0.0435,0.0573,,0.3651820766271579,0.42635889486107986,0.8632371561715654,0.042109656,0.12878222152738733,0.081917943,0.088600669,0.11718427477151014,0.12912314352777254,0.942802315,0.8746669879879878,0.9324270685973849,0.068795371,0.087306873,0.089170578
0.217613,0.02747107,0.000144767,0.3667045910234393,-0.154623365,0.0119,0.0165,0.0201,0.0234,0.0271,0.0305,0.0334,0.0373,0.0436,0.0637,,0.38422950856886234,0.4781932055349727,0.7819890147706147,0.037288705,0.11186107906704934,0.081388266,0.09491863,0.069215436,0.10633393353260943,0.8245889164313128,0.8079391120119227,0.8152876255873661,0.089736934,0.058672836,0.080973167
0.221965,0.027123882,9.370230574974812e-05,-0.093399456,-0.677088465,0.0145,0.0188,0.0221,0.0249,0.028,0.0307,0.0334,0.0367,0.0402,0.0524,,0.4196914016738719,0.4486906844494645,0.5523005831575121,0.039233516,0.12747130903582096,0.067308353,0.083485664,0.071072314,0.14246986561871666,0.8742593013620835,0.872039494,0.944599118,0.052087465330514546,0.089531469,0.097062523
0.213502,0.029504444,0.000132793,0.2016890932643147,-0.560025487,0.0143,0.0188,0.0223,0.0256,0.0288,0.0319,0.0353,0.0397,0.0459,0.0553,,0.39223213092252956,0.42543248427921976,0.7286182153600002,0.049190897,0.1283246087988039,0.068339691,0.055339467,0.095586658,0.13308260473057343,0.9130041913463568,0.8125697905980485,0.8875122223781122,0.074156899,0.087083794,0.069493785
0.211566,0.026353456,0.000130124,0.00670835,-0.79392725,0.011,0.0157,0.0192,0.0228,0.0263,0.0297,0.0334,0.0369,0.0411,0.0539,,0.3707219549915547,0.4054432444684654,0.661294194,0.036239866,0.12945834439875514,0.078605643,0.093621459,0.098844914,0.091373384,0.9373025634221474,0.813320715,0.8224606889378545,0.071925812,0.054798008,0.077172117
0.198444,0.025159183,0.000129726,0.181616431,-0.634255619,0.0106,0.0149,0.0182,0.0215,0.0246,0.0276,0.0309,0.0354,0.0411,0.0541,,0.357741279,0.4529808562665006,0.5486161466509879,0.041806239941546676,0.14280309130964722,0.068814616,0.080554361,0.10374696968190927,0.11204785369040857,0.8758735762974075,0.9419731024212494,0.9630091075784951,0.067632909,0.059796832975052006,0.082111842
0.181133,0.027280421,0.000145853,0.08291773,-0.547649392,0.0106,0.0161,0.0202,0.0236,0.0274,0.0307,0.034,0.0378,0.0432,0.0559,,0.3677954076177138,0.48041619433750526,0.6678517179556673,0.042656367602386815,0.11355127437928023,0.048174687,0.056424843,0.11661920815031088,0.10708597800457034,0.8856332932389483,0.9362766698092453,0.8161056740746353,0.06221547,0.060012594642659026,0.091851419
0.220813,0.027692875,0.000114276,0.215820153,-0.383621682,0.0135,0.0181,0.0218,0.0244,0.0272,0.0302,0.0334,0.0369,0.0421,0.0593,,0.35341937242311405,0.4181978481064821,0.8635027220025886,0.045090592,0.11508792624858971,0.057365855,0.065856533,0.090622501,0.091544225,0.8698222798606116,0.9877668717396911,0.9389828113613135,0.074421778,0.058954663841658525,0.076283328
0.193709,0.025608783,8.918149835894291e-05,0.081375568,-0.435521214,0.0135,0.0176,0.0205,0.0231,0.0256,0.0282,0.0309,0.0339,0.0383,0.0516,,0.3953166073252575,0.4042701838395779,0.699485157,0.045170049912678666,0.1224829860868922,0.041310963919189855,0.10676868703106687,0.10665907968740237,0.09373212,0.8574140298410895,0.982251011,0.9694001982336121,0.091053415,0.056582524,0.072017122
0.197952,0.022207213,9.044593848198416e-05,0.04391146,-0.706717804,0.0095,0.013,0.0163,0.0191,0.0222,0.0251,0.028,0.0313,0.035,0.0482,,0.4178995577824474,0.49555893887907837,0.688332483,0.041794147,0.12848408954409696,0.067553041,0.075223665,0.094550755,0.1183969268880651,0.8082551489902061,0.844500151,0.8138586122269413,0.085512038,0.084497419,0.09251013
0.185213,0.02661603,9.27143951593335e-05,-0.087237712,-0.649355824,0.0135,0.0176,0.0209,0.0238,0.027,0.0297,0.0323,0.0351,0.0389,0.0502,,0.35981967452734565,0.4532951863404769,0.7044135625182554,0.043390893,0.13903299361038546,0.059446382,0.11041582429169003,0.11611486190961363,0.10784846597479268,0.9723449725635188,0.9762207240943193,0.8761361406916863,0.062684415,0.085676144,0.056043318
0.196789,0.021527762,8.55419415162838e-05,-0.007308255,-0.609860941,0.009,0.0126,0.0159,0.0189,0.0216,0.0245,0.0271,0.03,0.0335,0.0476,,0.36428632629887786,0.4201857159919022,0.7661713684626159,0.04101249,0.14616021924899775,0.089843822,0.10587741318075852,0.092683896,0.10958958063275756,0.8527071129073097,0.8342896944019356,0.872670289,0.073281833,0.092234381,0.053568876
0.192166,0.025713737,8.60140522302079e-05,0.035408939,-0.479300849,0.0136,0.0174,0.0203,0.023,0.0256,0.0283,0.031,0.0338,0.0378,0.0507,,0.41103235411944933,0.4707322688976745,0.9256428832095276,0.040369469,0.1267128432381644,0.081992579,0.065054772,0.11009019900116057,0.093083183,0.8634292703231463,0.9728712215924875,0.8892974776561633,0.089818729,0.093042674,0.056562323
0.19415,0.025945276,9.045064355863342e-05,-0.017694577,-0.645544219,0.0131,0.0171,0.0202,0.0231,0.0259,0.0286,0.0315,0.0348,0.0388,0.0491,,0.4102286100173391,0.48753977455291275,0.5379472893334865,0.042947152405386664,0.12674927121684343,0.048762839,0.11318766252976305,0.072857008,0.094393094,0.9036228721586143,0.9686436380883162,0.889736915,0.065508872,0.052371172,0.099113813
0.192871,0.024474926,7.216823954591353e-05,-0.146350737,-0.595605534,0.0125,0.0175,0.0199,0.0223,0.0246,0.0272,0.0296,0.0326,0.0356,0.0453,,0.3865777951809856,0.4714652081548866,0.8218722875874975,0.038343713,0.13771945930144178,0.065408493,0.077821704,0.12349574633976144,0.083228127,0.9590978597576127,0.8054208040065416,0.8128361356209963,0.094081437,0.060163288525702865,0.089948248
0.198917,0.023542383,0.000105811,0.082407361,-0.59940879,0.0104,0.0144,0.0181,0.0211,0.0238,0.0267,0.0298,0.0331,0.0372,0.0521,,0.3926957306246445,0.4644815921820652,0.7797088537851063,0.039406464842279526,0.13761496707826607,0.056854047,0.065353241,0.075834793,0.095571142,0.9217568439897149,0.9997133534262279,0.878115562,0.072375616,0.07222881,0.052955835860348265
0.193071,0.023413069,8.045711627450912e-05,-0.043934445,-0.818622734,0.011,0.015,0.0178,0.0205,0.0235,0.0261,0.0288,0.032,0.0355,0.0428,,0.3832610240231513,0.40438884806606834,0.8718840339924978,0.037511385173887406,0.14762161580793795,0.055663552122561535,0.097139596,0.11594266851013572,0.13288425992225786,0.8944398985179963,0.8003028288767956,0.9965164850888615,0.050524413972671836,0.055451407299645886,0.070591051
0.112735,0.016786692,4.053066993785219e-05,-0.019160574,-0.691381872,0.0081,0.011,0.0128,0.0151,0.0166,0.0185,0.0204,0.0229,0.0253,0.033,,0.40919330015364175,0.44900465430206776,0.6517109806484085,0.045930402,0.14182245791556808,0.058064822900436255,0.063632047,0.12860381956990613,0.1377518495452899,0.9608249980207363,0.847935856,0.9436661541996746,0.071221175,0.055677373,0.078674465
0.119273,0.016794267,4.532623412304762e-05,0.105655597,-0.595205718,0.008,0.0101,0.0126,0.0149,0.0168,0.0185,0.0207,0.0228,0.0256,0.034,,0.3715489737774002,0.4383447053968359,0.6567466765747361,0.041042942103012875,0.14790331789207914,0.079326,0.091192304,0.084365094,0.10867119595752114,0.9837817539685799,0.9046748853362262,0.9212244793090871,0.072791464,0.095595631,0.067101088
0.143512,0.01768993,6.314236560221456e-05,0.028472032,-0.782744222,0.0063,0.01,0.0128,0.0153,0.0178,0.02,0.0224,0.025,0.0283,0.0359,,0.35722046303781635,0.45935609504349345,0.7020450370642233,0.044270782,0.12335835,0.087253852,0.096536062,0.12520999103614056,0.10241249743648537,0.8286534013773486,0.8919033106968425,0.9268841400671111,0.066556394,0.077963838,0.055237449337492694
0.123556,0.018551612,6.721579177949654e-05,-0.044857227,-0.808921358,0.0066,0.0106,0.0137,0.016,0.0188,0.0212,0.0237,0.0261,0.0296,0.0365,,0.40475334277049374,0.47891438508433765,0.6679735683829574,0.045594361,0.12791446079760935,0.065014017,0.054835696953474386,0.08382608,0.10312902837040619,0.972975013,0.8804927764588993,0.8169596259955784,0.087897701,0.096830581,0.064030358
0.140247,0.0165524,5.482163480427885e-05,-0.033542069,-0.880320849,0.0067,0.0102,0.0118,0.0145,0.0173,0.0188,0.021,0.0237,0.0266,0.0325,,0.3751713683835876,0.490896017,0.7387973482168504,0.046455626,0.1274707819463339,0.040910386,0.079785622,0.072243214,0.08521087,0.9922054414714006,0.8856553011386494,0.9282004836611368,0.055131277729869047,0.079062109,0.062102287
0.106667,0.017672697,5.398351563471576e-05,0.081634378,-0.707954871,0.0082,0.0105,0.0134,0.0155,0.0179,0.0195,0.0222,0.0243,0.0277,0.0354,,0.4022582483396535,0.4375004349266169,0.8058143018998949,0.037214686,0.13175968923440984,0.068286115,0.076557201,0.092450972,0.10399125423630917,0.9933671818644765,0.9142395570893466,0.8642888747881075,0.061482505,0.077277005,0.059259079
0.106241,0.01683261,4.812983923542592e-05,-0.031366196,-0.846303749,0.0074,0.0106,0.0124,0.0149,0.0175,0.0188,0.0211,0.0235,0.0263,0.0324,,0.3919471035724207,0.4537243322078002,0.5874739465756625,0.046182651,0.13038300019784302,0.061556917,0.072951625,0.075429419,0.11352864662594082,0.9372524994292598,0.9453332095593494,0.945129491,0.059432597323176115,0.059274212,0.081029116
0.122565,0.015432333,5.017555290993636e-05,0.053688801,-0.83118318,0.0052,0.0087,0.011,0.013,0.0156,0.0174,0.0199,0.0222,0.0253,0.0341,,0.40751254377595836,0.4365025223973204,0.5540081899511896,0.046793648164138175,0.1253670975801957,0.062924224,0.053507436,0.12705973049259137,0.10799969788333644,0.9407882869422179,0.9520808413483284,0.8123792288950378,0.081869383,0.071229193,0.078523456
0.106227,0.017649141,6.672533658348777e-05,0.08560902,-0.792712417,0.0062,0.01,0.0122,0.0151,0.0173,0.0201,0.0223,0.0255,0.0288,0.0369,,0.39605536440072553,0.49072716135040984,0.6124579954222912,0.041769713,0.14012674524218333,0.081198973,0.10102307087755337,0.10005380992921414,0.13142564666289944,0.9340866048912889,0.8879666661635254,0.8040470166366102,0.069515265,0.067118604,0.062166195140648126
0.191047,0.023423147,7.598065844611095e-05,0.024479538,-0.587006026,0.0114,0.0158,0.0188,0.0211,0.0233,0.0257,0.0283,0.0313,0.0353,0.0453,,0.3781600530450443,0.48065084,0.5278271185617405,0.044330544775191986,0.14374142981943416,0.084043878,0.080536335,0.091345853,0.097508295,0.8456310427179741,0.8016356675032525,0.9957157900958226,0.073653607,0.07185552,0.053723615
0.184658,0.024332397,8.905962487154652e-05,0.039293309,-0.652064824,0.0119,0.0156,0.0187,0.0214,0.0239,0.0268,0.0297,0.0329,0.037,0.0501,,0.3714559322398603,0.4295975224994075,0.6310718506618999,0.047937597,0.12691669313972273,0.089171513,0.094923754,0.10877316012828685,0.11923829340795136,0.977247168,0.9448160745797355,0.8448452427241674,0.061669929048734994,0.090664882,0.089870763
0.193357,0.024176093,8.160035955695317e-05,-0.111044278,-0.838253947,0.0113,0.0159,0.0189,0.0215,0.0243,0.0272,0.0304,0.0329,0.0362,0.0445,,0.3902435531653194,0.4688532061147302,0.6800099452572781,0.042316962,0.13751051153531713,0.087009904,0.065996891,0.11627340391892765,0.10593750320457049,0.9806282620020444,0.9148201276600831,0.810887227,0.056520521,0.060419341,0.076319329
0.188896,0.022230721,6.767723252536564e-05,-0.05726584,-0.698743788,0.0109,0.0145,0.0171,0.0198,0.0228,0.0247,0.0272,0.0298,0.0332,0.0423,,0.4189397158318166,0.41456856137710546,0.5928084083458488,0.035342136,0.1192305755702497,0.078440905,0.084714049,0.10706280426553955,0.12407540927258608,0.830855404,0.8693533224215007,0.902104895,0.091369298,0.067461746,0.085589157
0.19179,0.024805929,9.041859400211432e-05,0.042728464,-0.576660208,0.0127,0.0167,0.0198,0.0226,0.0251,0.0279,0.0308,0.0338,0.0377,0.0523,,0.39859228049310547,0.4603617773293728,0.9079590391340502,0.044665444109143214,0.13426792806891402,0.069668365,0.057350074,0.10929114800407097,0.13710301052860457,0.8525579149690016,0.8116360117535949,0.8338819569231756,0.055096633,0.091525624,0.075883964
0.193935,0.02513473,9.425379813383602e-05,0.068385178,-0.575957327,0.0122,0.0161,0.0192,0.0223,0.0252,0.0276,0.0305,0.0342,0.0381,0.0535,,0.3936369279659081,0.4137737695204296,0.6948418926333899,0.046232298,0.1131330750708453,0.051047106160277064,0.054973090386000054,0.074130716,0.11652547307180174,0.9677719544603118,0.9428582685439088,0.9387118686492595,0.06720642,0.097694839,0.097672642
0.196245,0.024203515,8.685142475135819e-05,0.1758620911782051,-0.24709171,0.0115,0.0157,0.0184,0.0213,0.024,0.0265,0.0293,0.0323,0.0363,0.0549,,0.3848950568502863,0.4104967162273136,0.5662021243905758,0.044283631,0.12180476200286075,0.090163299,0.1010477475522516,0.093069798,0.098749424,0.9253960822369219,0.9288224856138737,0.8926102578591012,0.057081023,0.05874666,0.064625017
0.188256,0.024356212,9.710219653365391e-05,0.1048038322590446,-0.606777557,0.0115,0.0151,0.0185,0.0213,0.024,0.0269,0.0299,0.0331,0.0374,0.0501,,0.3941302533062406,0.435238626,0.659671727,0.048180497,0.14560376845983353,0.088690976,0.055092428,0.10312486369198233,0.10941366922225881,0.8870757963274587,0.9961814979022047,0.9629549,0.068352909,0.07057715,0.059546314
0.190582,0.022774417,9.534749288159024e-05,0.012437287,-0.553828588,0.0099,0.0139,0.0175,0.0203,0.0229,0.0257,0.0283,0.0313,0.0356,0.0506,,0.3594472681664307,0.438848777,0.5797073987927965,0.043677419,0.1346364258123122,0.048378673,0.081787417,0.0688005,0.1297233351848895,0.9989474884053476,0.9776462677645806,0.9495728402382134,0.07592786,0.093745597,0.096442235
0.189528,0.024811897,9.337862444175484e-05,-0.014276577,-0.688714813,0.0118,0.0157,0.0189,0.0221,0.0248,0.0277,0.0305,0.0334,0.0378,0.0492,,0.3656845032788956,0.4201422890157833,0.7159417930339473,0.047189037730968816,0.11688451300421328,0.054219381,0.10555455456456103,0.094393398,0.12875275945390877,0.9326743838687048,0.8969214456429249,0.8862416368974784,0.084530314,0.095883942,0.095829694
0.145552,0.01925493,6.14893439440978e-05,-0.02508653,-0.846551007,0.0087,0.0124,0.0144,0.0175,0.0191,0.0218,0.0238,0.027,0.03,0.0354,,0.39668674966259515,0.4033915055030379,0.8237858597285641,0.04941879,0.13245406739766288,0.05092524,0.055296094,0.11633999171302561,0.1250959199338488,0.8187230744306999,0.9927252254275785,0.8690802748444614,0.070381276,0.091489441,0.074628815
0.147321,0.019141947,6.462103392688504e-05,0.054553175,-0.774127412,0.0082,0.0114,0.0144,0.0168,0.0187,0.0215,0.0236,0.0269,0.03,0.0379,,0.38659516450341397,0.4457320626238625,0.9156167237579413,0.036875524393642285,0.13816130308154728,0.073634246,0.053914831,0.10778327063366733,0.097346675,0.9450879617188135,0.8608694511311453,0.9306191543091031,0.073838419,0.075145415,0.072678707
0.151185,0.019611618,6.418777811455734e-05,-0.033380413,-0.802395199,0.0087,0.0118,0.0153,0.0173,0.0195,0.0223,0.0243,0.0275,0.0303,0.0382,,0.35474060700844645,0.4100872707800664,0.8626607892035829,0.048977027,0.13864089712383798,0.066978155,0.054525656562903715,0.11267786065013265,0.14163573605505336,0.9141372099369464,0.9636562326849272,0.9580688696498803,0.058241807,0.057104693556113466,0.073247605
0.151928,0.018714599,7.012695634407777e-05,0.05987331,-0.586510385,0.0072,0.0104,0.0139,0.0165,0.0188,0.0211,0.0237,0.0264,0.0296,0.0434,,0.417951382,0.4984737108288826,0.8887987440400873,0.037422214,0.13646223514891279,0.086323299,0.077216712,0.12537781456674052,0.12377826224484101,0.8504385884229474,0.805151607,0.8053916049581318,0.060473388124596024,0.09241616,0.094573599
0.147513,0.020053285,6.286110924775889e-05,-0.030707186,-0.736852834,0.0099,0.0123,0.0156,0.018,0.0201,0.0225,0.0248,0.0272,0.0309,0.0391,,0.3783424671376093,0.4116315496467263,0.656128821,0.042303396,0.13906751758189578,0.079137065,0.11059947632157671,0.11295861379356825,0.1152788471806272,0.9891611372776762,0.8586119911854557,0.8574090499550888,0.061137659,0.07211049,0.057651695047611605
0.148254,0.019763465,6.865383483948092e-05,-0.047350646,-0.834337866,0.0081,0.0115,0.015,0.0173,0.0204,0.0224,0.0247,0.0276,0.031,0.0375,,0.37460207078412056,0.42210953028599124,0.9200202775860287,0.038185919,0.11971796220128095,0.088640719,0.06207308,0.11868057871262228,0.08716807,0.8335910857452098,0.8844091821904208,0.928885866,0.066449735,0.051311068,0.0724017
0.14471,0.021696942,0.000100138,0.2385862907244378,-0.311305529,0.009,0.0128,0.0159,0.0188,0.0214,0.0239,0.027,0.0304,0.0347,0.0504,,0.38274784542002016,0.40036964071152015,0.937527739,0.037769288,0.11784037374852319,0.074081242,0.098984168,0.07366681,0.11987659985663285,0.9508325999223172,0.9218046035525086,0.9677076457668788,0.078878429,0.087634241,0.068180121
0.148613,0.019823292,6.719618571588244e-05,0.036838672,-0.708314555,0.0082,0.0125,0.0148,0.0173,0.0203,0.0223,0.0245,0.0275,0.031,0.0415,,0.38564857466207686,0.43453490255125354,0.8853813449846271,0.03554852,0.13252241700841436,0.047915728,0.074453471,0.088455635,0.12768741408172463,0.9889010233166371,0.8385419369146875,0.8517763247014374,0.095818663,0.093132319,0.055440698882679745
0.147904,0.019215269,6.136019900621129e-05,-0.052849581,-0.854689107,0.0081,0.0115,0.0144,0.0171,0.0194,0.0215,0.0239,0.0266,0.0299,0.0359,,0.3690318046449014,0.44261493615829917,0.5879425228678791,0.041510845076981724,0.127109997,0.050975638,0.073794694,0.06993995,0.137162161,0.8479972894060914,0.838887586,0.8956160153394837,0.08498713,0.051450044078197005,0.08750772
0.192388,0.023379291,8.18175477528699e-05,-0.074866136,-0.80263293,0.0105,0.0149,0.0182,0.0208,0.0236,0.0263,0.0294,0.0319,0.0352,0.0446,,0.3795110602284488,0.4075422637303337,0.7047171316692736,0.040858817,0.12097866747681744,0.078853628,0.067609561,0.11363157287869922,0.093374221,0.9116764880529813,0.9698076945825997,0.9519253142513864,0.070059636,0.074447717,0.082278205
0.186673,0.021777481,8.467555241440893e-05,-0.124378417,-0.822111703,0.0087,0.0131,0.0165,0.0192,0.0221,0.025,0.0276,0.0305,0.0338,0.043,,0.39677302692514066,0.41850435816756504,0.7472063225380183,0.036951711,0.11258716000973962,0.087348104,0.059167259,0.071182521,0.10758742334779735,0.9775549399493169,0.8086312865418657,0.9305443972733332,0.059649096,0.050703393,0.081922363
0.191729,0.022138763,8.396984270535497e-05,0.04244504,-0.701865611,0.0096,0.0132,0.0174,0.0198,0.0222,0.0247,0.0274,0.0304,0.0344,0.0453,,0.35132857508927684,0.4320415677405934,0.8713597406747051,0.043464602891103966,0.1145475603395511,0.062518666,0.089120059,0.080151036,0.12525751059371137,0.9952404903953773,0.9372984808263592,0.944623187,0.051932325,0.055019900346072736,0.095296173
0.200547,0.025829718,9.029213193943504e-05,-0.005827972,-0.662430177,0.0133,0.0173,0.0202,0.023,0.0259,0.0285,0.0313,0.0343,0.0385,0.0506,,0.36480493624882127,0.44930453067666676,0.6495347547381803,0.045363274,0.12682705996054836,0.064959831,0.080037607,0.071977688,0.14153610949322534,0.9405989778935542,0.8108911567088015,0.8831860759028451,0.069799094,0.088738403,0.098727369
0.20518,0.022432084,9.157325761353726e-05,-0.046909268,-0.700892023,0.0093,0.013,0.0167,0.0199,0.0228,0.0257,0.0283,0.0311,0.0348,0.047,,0.4123760965572282,0.4172069364217553,0.85578713,0.046732328,0.13803714023266667,0.062327064242533724,0.091094059,0.089440015,0.14473587857975712,0.9042921680156597,0.8690904646055228,0.8765292639011029,0.075676743,0.089836849,0.094192001
0.202874,0.022073117,5.975756186764939e-05,-0.167118086,-0.692513457,0.0119,0.0148,0.0174,0.0204,0.0223,0.0246,0.0271,0.0294,0.0321,0.041,,0.3571836339305552,0.43340324847510314,0.7126080115408073,0.048064523,0.1414442068022053,0.04613143,0.10852674755503239,0.10477258863305916,0.11281113633940772,0.9048395998690042,0.8617592667469769,0.8828928445187536,0.0901276,0.097447717,0.075972674
0.200373,0.022088344,6.528273057492612e-05,-0.094287637,-0.737063243,0.0113,0.0142,0.0179,0.0199,0.0223,0.0248,0.0269,0.0296,0.0331,0.0398,,0.4120014794297812,0.48764222053170203,0.5524783333673507,0.045142039491672524,0.13835718321706839,0.051022095,0.059099169,0.11949361726155078,0.10249537563042342,0.855329955,0.9460559679247631,0.8697953214589439,0.06559948,0.077280805,0.054044517452488366
0.199613,0.020902603,7.024358124064704e-05,-0.051895442,-0.772629046,0.0101,0.0127,0.0161,0.0188,0.021,0.0236,0.026,0.0285,0.032,0.0395,,0.38175677591307694,0.4609739292183333,0.7469964109190477,0.039290937,0.1145700299738454,0.048001558,0.090848591,0.11447834899558582,0.088462847,0.8146853862097467,0.8741233416202413,0.8219077461383748,0.050833311,0.092652216,0.079481052
0.195567,0.020808486,7.26643405190616e-05,-0.045782882,-0.718735567,0.0087,0.0126,0.0158,0.0183,0.0211,0.0237,0.0259,0.0285,0.0321,0.0426,,0.36281980048509516,0.4769722010723414,0.8049375870789001,0.037697762240142714,0.11306245538570905,0.085334593,0.082075695,0.10085356844191644,0.10075952710269469,0.9482516154500468,0.8811917336207672,0.8138011681961359,0.052778300863140636,0.098907793,0.073353169
0.192964,0.020821576,7.757189044880522e-05,-0.000895118,-0.691934651,0.0083,0.013,0.0156,0.0182,0.0212,0.0235,0.0258,0.0286,0.0327,0.0419,,0.37334263366734094,0.44842574207384633,0.8609292201628429,0.039204207441578896,0.1359825756748181,0.076741233,0.060434906,0.10704163977814261,0.12634488606395716,0.9954298152513714,0.8670495549422959,0.8811939387784454,0.065528447,0.065606928,0.05568058
0.185312,0.023418152,6.575581891105966e-05,-0.069021782,-0.416046087,0.0123,0.0167,0.0191,0.0213,0.0234,0.0258,0.028,0.0307,0.034,0.0453,,0.38329078377449716,0.49480556350179544,0.6151741909338856,0.040087231,0.11950138330306424,0.059402240555666876,0.05682307,0.11774262959748161,0.086058303,0.867347496,0.8147656483221944,0.8631366874008685,0.062145372,0.085056648,0.08431622
0.179988,0.023160658,6.0184249716082094e-05,-0.214491889,-0.334609509,0.0129,0.0165,0.0187,0.0211,0.0236,0.0259,0.0278,0.0299,0.0328,0.0432,,0.4054874944661369,0.47980908563024055,0.8358091812588073,0.048339886,0.13631073785229048,0.067179391,0.11081038241849252,0.10540553311012008,0.12330678718442521,0.8501711876047143,0.9909980609680609,0.9764435680035005,0.077804524,0.094927607,0.075237168
0.178044,0.02106368,7.949078401990777e-05,-0.142186234,-0.825624831,0.008,0.0124,0.0163,0.0188,0.0214,0.0241,0.0266,0.0298,0.0327,0.0392,,0.38456178091472243,0.4279955804909421,0.6468731665212013,0.046115401,0.14925169776765143,0.077235412,0.057349493318175265,0.12041555383471911,0.14486590243172692,0.9624166869624697,0.9083941181597508,0.8129507518067386,0.093403281,0.099283084,0.092408326
0.187228,0.021392278,8.66782830968072e-05,-0.05364806,-0.728251037,0.0085,0.0123,0.0158,0.0193,0.0219,0.0243,0.0269,0.0299,0.0337,0.0459,,0.3765360539024646,0.4476025592253824,0.713509126,0.044046634,0.14281063642763878,0.053554632,0.090025102,0.087548824,0.13958197682135667,0.965438012,0.8376700672769776,0.911731186,0.094563344,0.051475553,0.080377949
0.170019,0.023989944,7.829380770052507e-05,-0.043962321,-0.598896816,0.0116,0.0156,0.0191,0.0218,0.0242,0.0267,0.0293,0.0319,0.0352,0.046,,0.40644033261591145,0.4891631614051941,0.5554839071926629,0.044238358478030766,0.13831684774965508,0.05198156,0.11054473171513221,0.11238267471854924,0.10352713006394498,0.8537041028608844,0.8097234704646331,0.8301184747802991,0.090432677,0.061827449,0.079242716
0.185059,0.02344987,6.195093602485562e-05,-0.232847597,-0.554606838,0.0128,0.0162,0.0193,0.0215,0.0238,0.0263,0.0284,0.0306,0.0336,0.0407,,0.3514896177492743,0.40470003935673243,0.9235378804646772,0.047719109,0.13449752129426057,0.042271303,0.10867708806180404,0.11061229782036779,0.123490015,0.8923718059737041,0.9266396455334541,0.8941622890572579,0.063801733,0.065584758,0.094203074
0.178765,0.025348025,8.989685127592485e-05,0.015176345,-0.726413024,0.0124,0.0165,0.0196,0.0225,0.0253,0.0281,0.0308,0.0341,0.0386,0.047,,0.35562384272146874,0.41670253378762057,0.931584784,0.043712951,0.14061506872121007,0.067581896,0.07293382,0.1178125847138525,0.1255084136972846,0.8729532462721531,0.9100501830849287,0.8197133429772843,0.083971024,0.090034315,0.084968934
0.174141,0.021969701,6.760559098929129e-05,0.02851097,-0.648150834,0.0115,0.0143,0.0169,0.0201,0.0219,0.0238,0.0267,0.0297,0.0331,0.0412,,0.3969658562100781,0.4575432429916323,0.5914316192740707,0.040539612,0.14207522849048615,0.085871183,0.062137034,0.070977755,0.11638541760087022,0.9272681523746104,0.8031203945039084,0.9810276127617163,0.062813503,0.093731108,0.067678309
0.186748,0.02409858,6.647889026353791e-05,-0.195524637,-0.610369923,0.0131,0.0166,0.0199,0.022,0.0242,0.0269,0.0293,0.0316,0.0348,0.041,,0.382897144,0.4040346272609803,0.6044701924015508,0.036673446,0.14476051169735865,0.048482555146949616,0.09630704,0.10546824909788936,0.10851499729749571,0.9979658478413591,0.9534036818209679,0.9069340459180714,0.056081059,0.067132907,0.052925544
0.181161,0.026813133,9.195965969379054e-05,0.029659387,-0.491538491,0.0142,0.0181,0.0213,0.0237,0.0265,0.0292,0.032,0.0352,0.0399,0.0497,,0.370481693,0.48335006480710974,0.718058239,0.045789522511448466,0.13882289778667598,0.071608518,0.086383423,0.094446563,0.11047001800344425,0.9663674598765122,0.8030368347360761,0.942910799,0.075104703,0.081036166,0.09185758
0.16743,0.023851175,0.000115125,0.081574014,-0.640691763,0.0102,0.0142,0.0179,0.021,0.024,0.0273,0.0304,0.0338,0.0382,0.0518,,0.36545951543804617,0.4480666740326657,0.8503836827092389,0.044818210937418154,0.14185686073368559,0.053592295,0.11297937307903361,0.10625493993782646,0.091467916,0.9536448747200053,0.9683346983482755,0.8722468255726272,0.065167004,0.076535751,0.085451611
0.151764,0.025324587,0.000136131,0.5505576815604405,0.2978378944299407,0.0103,0.0149,0.0189,0.0218,0.0246,0.0275,0.0307,0.0347,0.0395,0.0604,,0.3991038333856708,0.4843809051933842,0.5505167845807857,0.042968864,0.12456979928566271,0.083306416,0.062730415,0.085688511,0.11015609609787604,0.8775069429791368,0.8294221616263087,0.9324560921566768,0.087994591,0.096453934,0.077548788
0.14871,0.022039596,9.510474302241449e-05,-0.039810499,-0.832679829,0.0084,0.0123,0.0165,0.0191,0.0219,0.025,0.0283,0.0313,0.0351,0.0437,,0.3739933050263565,0.4163601319358553,0.685502019,0.044613511,0.11562093987854996,0.048458552913579464,0.10504549668357939,0.10754188325974058,0.11888315274171761,0.8968589699953686,0.8572184935367241,0.894628276,0.064120661,0.096236654,0.088073498
0.150727,0.024579178,0.000108976,0.040230383,-0.855201347,0.0105,0.0143,0.0178,0.0213,0.0247,0.0279,0.0311,0.0344,0.0388,0.0475,,0.4082392855241363,0.44184037471917087,0.9309995579083374,0.03655847,0.11314784847360845,0.048822008,0.064056412,0.094583462,0.10960335977247523,0.8088826925273213,0.8883355631699119,0.8823020427270345,0.051889589,0.094902106,0.052594275
0.161692,0.024874447,0.000127716,0.1886622529259211,-0.413556756,0.0104,0.0142,0.0181,0.0214,0.0246,0.0276,0.0307,0.0344,0.0396,0.0544,,0.3769374580575381,0.4963582474987057,0.8845659123813812,0.037972841,0.11851931401561167,0.047851373,0.092683615,0.070781664,0.088031749,0.9017593298450267,0.9677260136276975,0.8774968507244828,0.086529879,0.053387973,0.056491562581666974
0.157457,0.024693198,0.000110622,0.001535778,-0.851085075,0.0102,0.0146,0.0183,0.0219,0.0245,0.0277,0.0308,0.0347,0.0394,0.0462,,0.4093871293459472,0.4161138999305747,0.5669626761658181,0.037325719619799365,0.11878834429931089,0.089592286,0.10487196630671818,0.098052006,0.084903759,0.9041442140378299,0.9192328252932896,0.8563073966755577,0.064943755,0.065215812,0.055108325
0.146164,0.022598862,0.000103942,0.014619277,-0.818912613,0.0087,0.0126,0.017,0.0197,0.0224,0.0254,0.0287,0.0325,0.0363,0.0449,,0.40246961833118433,0.4046452555589485,0.5284549668337981,0.049758384,0.11395963697557893,0.086818355,0.072160189,0.12362051147134637,0.090502851,0.8591228830627866,0.8682933022292438,0.8177067390488142,0.092469438,0.058502008577096275,0.062432620104994986
0.16383,0.024928596,0.000106565,-0.171377127,-0.785100786,0.0101,0.0151,0.0194,0.0226,0.0255,0.0284,0.0312,0.0347,0.0386,0.046,,0.37367295435325865,0.47846741572972723,0.6085923384982861,0.049195037,0.1182596538498686,0.064114564,0.077865175,0.12676881951846652,0.097749156,0.9578684136791836,0.8258195304926144,0.9092730495414012,0.087340057,0.05904049,0.060504308
0.157783,0.026390949,0.000142341,0.4731083600331001,-0.000193709,0.0113,0.0157,0.0189,0.0222,0.0256,0.0289,0.0321,0.0361,0.0423,0.0643,,0.3912291643777055,0.49768165666749475,0.8743292093491868,0.035725753,0.1456976068283738,0.077880224,0.098242204,0.10195025737890087,0.089068175,0.9902790285233156,0.9311894306189027,0.9809708419603472,0.076089803,0.066514594,0.071151963
0.15408,0.022904027,9.914402977231486e-05,-0.02478063,-0.772500553,0.0091,0.0134,0.0174,0.0201,0.0228,0.026,0.0291,0.0321,0.0363,0.0443,,0.3848847134355914,0.44327644829073304,0.690206926,0.03613275,0.13035339147623892,0.085044547,0.059052130480075654,0.11497319940369309,0.12778712829053862,0.9173953425949798,0.9548572222744993,0.9613129073821057,0.077095232,0.084016566,0.073525777
0.120748,0.019751222,4.97036513342193e-05,-0.063851821,-0.440933163,0.0108,0.013,0.0162,0.0181,0.0197,0.0216,0.024,0.0262,0.029,0.0394,,0.4089177558105822,0.4494327248093912,0.6505680299829627,0.039237534,0.12400254919703313,0.078088386,0.084215226,0.086887824,0.10482049237725814,0.815361733,0.9383511631296707,0.8912173412920013,0.089541101,0.089417928,0.065531491
0.114503,0.020492214,5.2049458552477784e-05,-0.096929098,-0.520289005,0.0109,0.0139,0.0165,0.0184,0.021,0.0225,0.0246,0.027,0.0301,0.0377,,0.41826991846966377,0.40459680208386795,0.8289997054364926,0.035442555,0.1457549596253759,0.074427163,0.10245258368808434,0.097500677,0.10081133170740587,0.9426287888257721,0.8737950084926659,0.8034672709294893,0.068816214,0.087156088,0.085759027
0.117082,0.020666181,6.266154005273104e-05,-0.008993417,-0.744921567,0.0104,0.0128,0.0162,0.0184,0.0205,0.023,0.0253,0.028,0.0314,0.0391,,0.3611311829385357,0.4965685883423174,0.6608039349542523,0.041540561,0.14939103391187755,0.085628444,0.078604175,0.082654111,0.094388267,0.8134440991246001,0.8689133130448254,0.913672991,0.090487714,0.05201676,0.057365616341002165
0.119129,0.021793853,6.648150502805918e-05,-0.099025991,-0.838294259,0.0107,0.0141,0.0168,0.0197,0.0219,0.024,0.0272,0.0297,0.0329,0.0377,,0.380220612,0.40492639470060005,0.7218808449744679,0.046438979513541444,0.13147228001025332,0.082241484,0.090231064,0.069597492,0.096271982,0.9834539652105339,0.8769886476227831,0.9476606123318152,0.082509298,0.059248884,0.077963898
0.116297,0.020768485,5.073765975857357e-05,-0.211337737,-0.428442827,0.0113,0.0147,0.0167,0.0191,0.021,0.0229,0.0251,0.0272,0.03,0.0372,,0.35424711784880253,0.49457160113081233,0.9316620913490342,0.049480397468252016,0.12746336530283087,0.078312793,0.070299021,0.086072491,0.10323399135040347,0.9330158958651303,0.8092691085032148,0.8453954943140833,0.083393965,0.096272267,0.089256088
0.124659,0.021350248,6.0024588330548904e-05,-0.060149054,-0.68421845,0.0109,0.0143,0.0167,0.0193,0.0214,0.0235,0.0259,0.0285,0.0319,0.0375,,0.36457027543438314,0.4121900718896594,0.7082050062571343,0.037580766,0.1315787830416535,0.047758252,0.11242826732695753,0.089221328,0.09004028,0.8151508568493254,0.8538455453995565,0.9446235905795705,0.095555774,0.078385756,0.056454168
0.136254,0.017612025,5.999277167120474e-05,-0.066340584,-0.820264751,0.0075,0.0099,0.0132,0.0156,0.0181,0.02,0.0226,0.0247,0.028,0.0354,,0.3678516312723127,0.4002400781999478,0.7293168199945781,0.036746119,0.14854367491913228,0.080171573,0.061862349,0.12590164873085738,0.1392020333748407,0.8106557931562111,0.8218184849679914,0.9542220421757923,0.069403282,0.050619818045795156,0.086818915
0.118929,0.020286679,5.379830185916188e-05,-0.021612868,-0.571644834,0.0108,0.0134,0.0161,0.018,0.0201,0.0225,0.0244,0.0271,0.0301,0.0382,,0.3929540300061181,0.4839628331847481,0.8928459140953713,0.045945665753374214,0.1313170627010747,0.041301351,0.073116923,0.072486307,0.10613376095190422,0.8120006283345302,0.9534849265030837,0.8294681100765265,0.060827965455598404,0.051761511345242234,0.075979665
0.123121,0.018102783,6.505908558922913e-05,-0.022862688,-0.793411581,0.0066,0.0105,0.0129,0.016,0.0179,0.0206,0.0229,0.0258,0.0288,0.0378,,0.41290568742889394,0.4407052200384916,0.7052616072296374,0.036222646,0.11742669256643687,0.083393241,0.076643685,0.1015729738964216,0.086136064,0.8265933809854025,0.8808339978909616,0.9601302308449599,0.059552427884787526,0.084803175,0.07707517
0.111388,0.019814456,4.7103305873094125e-05,-0.190878842,-0.369509573,0.0106,0.0139,0.0162,0.0182,0.0199,0.0219,0.0239,0.0259,0.0285,0.0361,,0.3712648390793317,0.41891507385447324,0.7374660797542114,0.039561265246675685,0.13571066625902106,0.045563829,0.065080152,0.10576408412606632,0.10006281161712301,0.9321234629711909,0.855729573,0.9071544950012796,0.055113958,0.09484715,0.092466986
0.171874,0.02268907,9.37329015857541e-05,-0.081539302,-0.707632098,0.0092,0.013,0.0169,0.0208,0.0234,0.0258,0.0285,0.0314,0.0355,0.0464,,0.41961621645718483,0.45303167976349223,0.7510605172125984,0.047800741,0.12883445092014661,0.079455731,0.097980082,0.096861239,0.13054815334300668,0.8936368885189658,0.8380436978445004,0.9895830473842337,0.083063294,0.078190724,0.082021417
0.15773,0.022996425,8.897905915837552e-05,0.2171445711201457,-0.454362483,0.0113,0.0146,0.0178,0.0203,0.0229,0.0255,0.0284,0.0315,0.0355,0.0518,,0.37868543979020314,0.4370777901583094,0.5509569207471701,0.039567044,0.1197082671686791,0.056731213340056076,0.091254798,0.10651112760412929,0.095392737,0.8804890490006951,0.8139176316119665,0.8544092609936448,0.096307461,0.081409698,0.07165673
0.165798,0.024036165,8.151856056440135e-05,-0.06921782,-0.646463267,0.0117,0.0154,0.0185,0.0216,0.0242,0.0269,0.0297,0.0324,0.0356,0.0491,,0.3755888992933825,0.4755760567466646,0.71757648,0.041734958,0.12978806560196596,0.060241003,0.057363126,0.076237494,0.1431444022309114,0.8841060960712116,0.831441945,0.9856265562598661,0.074549973,0.088668066,0.084913612
0.16437,0.020897787,6.372221710992331e-05,-0.038971986,-0.702349433,0.0107,0.0135,0.0159,0.0187,0.0213,0.0233,0.0256,0.0284,0.0314,0.0415,,0.35933270523541677,0.49362178623619274,0.6113067423893663,0.036986511,0.14028891971485594,0.057471399,0.099098887,0.071875049,0.092096788,0.9127152287058176,0.8312062075044993,0.9545716878368485,0.051798177,0.099188909,0.086541309
0.164646,0.023055062,0.000109968,0.2177439596050402,-0.273419579,0.0087,0.013,0.0169,0.0198,0.0225,0.0254,0.0285,0.0323,0.0366,0.0554,,0.39317255036558324,0.47069674527690075,0.9244763089221028,0.038218527,0.14931723739647812,0.075374848,0.11038879233865086,0.10049797087706916,0.11503635381156742,0.8938618524105924,0.8873084278591561,0.8787337216242758,0.08361596,0.083052451,0.098733688
0.163354,0.022640277,9.836729527371242e-05,0.2489826515287023,-0.398670809,0.01,0.0136,0.0169,0.0195,0.0221,0.0248,0.028,0.0309,0.0354,0.0499,,0.388137059,0.43677137762992163,0.5491893218190451,0.044231982,0.12199458026079031,0.087800979,0.097414298,0.073255245,0.13599305212598814,0.8380748435600752,0.9600752992926063,0.8813303231603087,0.069208992,0.091695638,0.0812133
0.155887,0.020979704,9.62072256362534e-05,0.1816846608357612,-0.502993093,0.0085,0.0123,0.0152,0.0183,0.021,0.0236,0.0265,0.0299,0.0337,0.0511,,0.3916576532015939,0.41708483284204106,0.8410005712614218,0.044532600564988256,0.1273882018988315,0.054148533871128536,0.080863552,0.097800775,0.11515593145895876,0.9742403814678527,0.8668570644771101,0.8560465017898102,0.070742689,0.085962064,0.058703537
0.163841,0.02054007,7.474203209187665e-05,0.1421977565252257,-0.536103302,0.009,0.0121,0.0153,0.0177,0.0209,0.0232,0.0255,0.0281,0.032,0.0464,,0.41846664817868195,0.4989876017430964,0.8586086800374774,0.046001404638154685,0.11091260372465304,0.067664326,0.078231403,0.11268099769009095,0.13547816263191148,0.8208300640102484,0.9119646156635595,0.9028584719732938,0.079634789,0.059822659,0.081304527
0.16554,0.023187162,0.000100557,-0.070491816,-0.702309814,0.0096,0.0136,0.0172,0.0206,0.0235,0.0263,0.0294,0.0325,0.0361,0.0491,,0.3968861710245614,0.45669522940013496,0.6114273304799349,0.046887455656310396,0.13374239667531243,0.044377766163529356,0.072773768,0.096296353,0.13811465424376365,0.949402916,0.8890808451106653,0.9659280677264089,0.077656341,0.079108622,0.098664893
0.167114,0.022108759,6.937982033687482e-05,-0.108311101,-0.765006344,0.0101,0.0144,0.0172,0.0196,0.0224,0.0251,0.0274,0.0299,0.0328,0.0431,,0.3581920397739367,0.462196495,0.811807869,0.037077930397724675,0.14051303603977625,0.085930742,0.07063339,0.11758460112173068,0.10262881993089013,0.9062316764510796,0.8803408186213959,0.8874968316366394,0.058188426,0.080228266,0.098546838
0.185681,0.022700223,9.752253502251364e-05,-0.042995729,-0.769296853,0.0091,0.013,0.0176,0.0203,0.0229,0.0257,0.0285,0.0321,0.0359,0.0453,,0.36993573765138127,0.48745348714689957,0.9366945946566491,0.035958628947512304,0.12920369873849405,0.044301572566905784,0.099594507,0.11479713099267991,0.11777721665581894,0.8620846893041563,0.8933841201585421,0.8945940261643116,0.058136696,0.087704796,0.066211979
0.165853,0.020937112,8.055976039161722e-05,-0.103403341,-0.825328418,0.0081,0.0125,0.0158,0.0187,0.0211,0.0237,0.0266,0.0293,0.033,0.0402,,0.39172375966354783,0.4502386334401123,0.8208235366770542,0.039374472,0.14848372535785548,0.051108386541824126,0.11292830360461051,0.098393421,0.099790612,0.9057812964719482,0.8763730914770423,0.9936731440406371,0.058916591,0.085794012,0.066686693
0.185851,0.022757185,9.4859782177744e-05,-0.045274499,-0.682799479,0.0095,0.0132,0.0167,0.02,0.0231,0.0263,0.0291,0.0315,0.0352,0.0476,,0.4010604782329669,0.4831688762612681,0.8634117920360413,0.035298392192378465,0.13995162077074047,0.080602492,0.078486651,0.10374100821236698,0.084088542,0.9773115087374707,0.8422068258217614,0.8477089862716257,0.066866843,0.073431529,0.0910214
0.178429,0.023467164,8.746927470683323e-05,0.1195664600292208,-0.600842972,0.0111,0.0147,0.0176,0.0204,0.0229,0.026,0.0288,0.0323,0.0365,0.0485,,0.39283106804516044,0.4439631415497094,0.5897883554465946,0.041002897148088524,0.1410930531259833,0.083303862,0.066531737,0.1016210216388491,0.11556441939557481,0.9716496348132133,0.954230553,0.9034660539393148,0.093117134,0.063017401,0.090214563
0.181314,0.025450576,0.000104054,0.2159456835801017,-0.488372398,0.0126,0.0165,0.0195,0.0224,0.025,0.0277,0.031,0.0345,0.0389,0.0512,,0.41239890697680665,0.4583065034837289,0.7016287008059834,0.042955291,0.1265756615139469,0.073958303,0.11072325039875704,0.12425553212959523,0.099778491,0.9935546544269472,0.8495701640481951,0.8471946665350533,0.061253437163206984,0.082871656,0.074412606
0.185004,0.022420558,8.92494110679817e-05,-0.131315232,-0.874705252,0.0094,0.0135,0.0166,0.0204,0.0227,0.0254,0.0286,0.0316,0.035,0.0414,,0.3639986096741391,0.48941278227939394,0.6534499829073446,0.036840194,0.12332319328311583,0.089974058,0.076484553,0.1251754668995525,0.10803740557315257,0.8274053387825704,0.8986065421890085,0.820347155,0.08045109,0.076069948,0.054870818
0.172036,0.021940416,9.27260978741889e-05,-0.03186883,-0.816490779,0.0087,0.0125,0.0167,0.0193,0.0219,0.0245,0.0277,0.0315,0.0349,0.0451,,0.3847089980114082,0.41822903387636295,0.5947208892109643,0.044653167801609946,0.1390049656780177,0.060423249,0.098670662,0.10333601650583132,0.10479076610785254,0.9343729627454249,0.930046101,0.8091763461152408,0.050060663015274315,0.064135414,0.089631487
0.177456,0.025171847,0.000103731,0.01447883,-0.741153318,0.0116,0.0155,0.019,0.0221,0.0251,0.0281,0.031,0.0346,0.0386,0.0501,,0.3797007601351341,0.47994017759218877,0.6535741812253014,0.039672099,0.1300207220991555,0.04882554,0.083209759,0.078621648,0.1329421696633992,0.8244876067635398,0.9793215186993262,0.9563590788171955,0.088921813,0.083701357,0.099654054
0.184202,0.024044811,8.887892034041404e-05,0.036449474,-0.763172328,0.0114,0.015,0.0181,0.0211,0.0241,0.0269,0.0297,0.0327,0.0369,0.0472,,0.3689475337023992,0.41417716279064193,0.690472506,0.043500685500985986,0.14156789754804117,0.072533609,0.083150218,0.11727183841427485,0.089028747,0.9029367203021585,0.8684882597622388,0.8608902507679472,0.0875773,0.056081123130335406,0.075640822
0.187645,0.025519012,7.742401674766002e-05,-0.168248674,-0.60733386,0.0131,0.0177,0.0205,0.0232,0.0261,0.0286,0.031,0.0334,0.0368,0.0442,,0.3704290376224041,0.43146211846616017,0.8324423227575914,0.038914873,0.14892250351255495,0.052095705,0.10204616243203651,0.084151088,0.095046422,0.9444724529830021,0.9528985876954823,0.9234062253024949,0.058945598591616966,0.08248379,0.084968565
0.164254,0.021841759,8.994813376640851e-05,0.02410821,-0.727923747,0.0088,0.0124,0.0167,0.0193,0.0217,0.0243,0.0275,0.031,0.0343,0.0448,,0.4018163979715724,0.4569582631264078,0.9242364173827982,0.036954758807761647,0.12867568,0.058820753,0.057720178,0.085087706,0.11721485429088296,0.9039634979243074,0.9148632879784301,0.9810936432274225,0.0590474,0.096900723,0.093915433
0.165103,0.018500553,5.565352406489968e-05,-0.091246916,-0.842791604,0.0084,0.0116,0.0137,0.0168,0.0185,0.021,0.0232,0.0257,0.0282,0.0347,,0.3889205495418655,0.42826862471698934,0.682624319,0.037649252630565025,0.11293322746902339,0.045481606,0.076654637,0.07713853,0.098583332,0.9509537102261942,0.838928455,0.8845527306707932,0.088846177,0.07196764,0.053196860018739314
0.16914,0.018705064,6.435872647478174e-05,-0.114567808,-0.785002884,0.0071,0.011,0.0138,0.0167,0.0193,0.0216,0.0234,0.0263,0.0289,0.0377,,0.3864854502048658,0.4646799409244944,0.8575892283505248,0.038951600590107265,0.13727697671569217,0.053923057,0.10345232891480088,0.073669079,0.11826139397699593,0.8084149829238458,0.8048559408514597,0.9734067160730149,0.060416857,0.064195851,0.082490946
0.165767,0.018526612,5.459595126450037e-05,-0.045904508,-0.819086791,0.008,0.0112,0.014,0.0164,0.0187,0.0207,0.023,0.0254,0.0285,0.0359,,0.3715064889795114,0.47343145812862286,0.6872446410147283,0.048307943,0.13080538534344657,0.065604572,0.07165119,0.091607254,0.14153457243940737,0.9986737191261569,0.8389689115540294,0.8299113346975376,0.051041272,0.058093429,0.063812308
0.170451,0.019331062,5.884928814248915e-05,0.04981664,-0.5770694,0.0086,0.0127,0.0147,0.0169,0.0191,0.022,0.0239,0.0261,0.0293,0.0422,,0.40580251491922276,0.4727160877367281,0.9286743742492642,0.046581811,0.11309266904589105,0.044774570688785036,0.098024408,0.092061885,0.10050293919240949,0.982874144,0.8204748664805381,0.8894010856301736,0.055277926,0.053148677,0.088795535
0.145274,0.017486333,5.9979851004053985e-05,-0.058268506,-0.842621758,0.0074,0.0098,0.013,0.0152,0.0178,0.0198,0.0223,0.0246,0.0278,0.0351,,0.4052112905654685,0.471378936,0.7281446151126866,0.040779320989995704,0.1331260461480703,0.060516081,0.10973072465129478,0.08991985,0.10873900321526753,0.8989424021040606,0.9872098834135594,0.8683283420952391,0.072105197,0.062765326,0.098791287
0.163563,0.019120021,6.428196126626216e-05,0.089379227,-0.670034548,0.0079,0.0116,0.0138,0.0172,0.019,0.0212,0.0237,0.0263,0.0301,0.0392,,0.41435508162423423,0.49913991453464834,0.565840435,0.047078726189270954,0.1299347736066778,0.078611704,0.063465551,0.084118139,0.13228107598922034,0.9715145929407012,0.8330549421911786,0.8833656721771712,0.082340035,0.072899652,0.097437089
0.164841,0.018601486,6.985193008784586e-05,0.091002149,-0.617525982,0.007,0.0114,0.0137,0.0159,0.0185,0.0212,0.0233,0.0258,0.03,0.0415,,0.36623332837328026,0.4277938281395466,0.7701395131005586,0.041112813,0.11279604280247911,0.071332092,0.055062887906963745,0.087174072,0.085311915,0.8888113841334959,0.9072968514531176,0.8862230381354629,0.062119562,0.074011441,0.098972142
0.163749,0.019507885,7.405797724241645e-05,-0.04923936,-0.854460444,0.0073,0.0113,0.0147,0.0171,0.0194,0.0223,0.0246,0.0281,0.0308,0.0382,,0.4161701618791782,0.4329687868024502,0.8288243143191971,0.037023127,0.13289418005784204,0.085485137,0.10608817035642834,0.12133461552966036,0.12041002409686556,0.9284168134839674,0.9071775489854603,0.8725040073304423,0.064909205,0.070948553,0.077883755
0.161309,0.021799152,8.646682069784591e-05,0.1053734192145401,-0.71033654,0.0093,0.0129,0.016,0.0191,0.0218,0.0243,0.0271,0.0302,0.0345,0.046,,0.4121000593914329,0.44709959740249977,0.7214612190869817,0.03928741,0.1371970948976301,0.055311933,0.053338441,0.083627974,0.089502102,0.8489604912403702,0.8512173297891371,0.9884717994030797,0.06938572,0.080006903,0.087117712
0.121221,0.019056605,6.900285827689187e-05,-0.067326879,-0.844853631,0.0069,0.0108,0.0142,0.0167,0.0194,0.0216,0.0241,0.0267,0.0303,0.0362,,0.37805907366648916,0.4456234751870857,0.7061170532662553,0.043735834,0.11327926132826997,0.064571526,0.1030476412315943,0.1272357914055327,0.13736901344347607,0.9371750385126353,0.8911954213054346,0.8407364860904286,0.06199632,0.080809358,0.085071167
0.12216,0.021216538,6.704361832450656e-05,-0.027300135,-0.788570567,0.0106,0.0132,0.0165,0.0189,0.0211,0.0239,0.0264,0.0287,0.0324,0.0396,,0.3625575853868781,0.42470500506224823,0.8314551606648553,0.044665343,0.1218820186251533,0.062619869,0.088337422,0.12252800089406612,0.13446914586818604,0.9384539485894028,0.9041205854008064,0.9359754386700829,0.067624943,0.08235472,0.096166308
0.115896,0.018213295,6.703612949551202e-05,0.031331383,-0.734157368,0.0066,0.0105,0.0128,0.016,0.018,0.0209,0.0231,0.0256,0.0291,0.0375,,0.40217336355430044,0.4534935552885339,0.6660216827459337,0.04685641,0.13167273683398242,0.087482665,0.1023785198749418,0.0773348,0.092388632,0.8515479829774586,0.9831646951256241,0.8592713441468423,0.054246341,0.0632978,0.066280356
0.121135,0.019081395,6.413565908160034e-05,0.1472620399567464,-0.619683788,0.0082,0.0119,0.014,0.0166,0.019,0.0212,0.0236,0.027,0.0298,0.0408,,0.39562412054345525,0.4843246838340385,0.9474894167969377,0.035073368,0.1399349388628358,0.085576228,0.068989618,0.07845181,0.1399474296999202,0.849148457,0.87247818,0.9983095676336491,0.093410299,0.061028526,0.097425161
0.119726,0.018337785,5.0128694421214594e-05,0.011172645,-0.702701633,0.0089,0.0122,0.014,0.0166,0.0184,0.0204,0.0226,0.0246,0.0279,0.0354,,0.3997320632968359,0.4298873480755297,0.7137161286178533,0.045430173,0.12341994871643602,0.080549677,0.060608175,0.11331135392084375,0.086142927,0.8891754723341967,0.8945946944757004,0.9103716119024943,0.085001922,0.07526917,0.079335947
0.111358,0.020860893,8.74415854268913e-05,0.043900114,-0.846897706,0.0077,0.0124,0.0149,0.0178,0.0211,0.0234,0.0264,0.0299,0.0337,0.0414,,0.38405932275148824,0.49063027094848854,0.5377805231703342,0.045946955,0.11810657126145924,0.058873886319251036,0.10935797781903575,0.1268801290110242,0.1294028366804256,0.9368206399074979,0.8839088934315112,0.9378165986706932,0.083747469,0.069670177,0.062595677
0.121715,0.019626155,6.153606690240225e-05,0.029375933,-0.785305836,0.0094,0.0118,0.0149,0.0171,0.0198,0.0217,0.0245,0.027,0.0304,0.0369,,0.39898048783668727,0.4899892794167884,0.5196845507085791,0.039423658,0.14439601971067403,0.069480376,0.10284094744216261,0.12760204909657563,0.10977534949688496,0.8310529071523229,0.9866354223961524,0.8912214850383156,0.058700054,0.096302669,0.058065808990453174
0.11687,0.019530321,5.69616610335499e-05,0.043256889,-0.709416724,0.0098,0.0121,0.0151,0.0171,0.0199,0.0217,0.0239,0.0266,0.0297,0.0375,,0.36753944471342864,0.49528316969091335,0.6843091388761924,0.04612846,0.12533357125616854,0.045094117,0.085091167,0.09063179,0.084134125,0.9530517559885752,0.8736399520529702,0.8052267547446736,0.080831156,0.072845995,0.096044095
0.119053,0.018585703,6.97238088494712e-05,0.008542863,-0.828338026,0.0068,0.0108,0.0133,0.0163,0.0183,0.0209,0.0235,0.0268,0.0299,0.0382,,0.40595988589399784,0.4546296728503823,0.5779329888313217,0.049459060973291065,0.14248532296790353,0.089370228,0.08919669,0.10311524532171021,0.11881223428322521,0.9703729318749763,0.8396764720341512,0.9054734316540671,0.058463161,0.057116318,0.077627481
0.121184,0.019363192,8.182274275298706e-05,0.1821344908663718,-0.59545889,0.0073,0.0105,0.0141,0.0167,0.0188,0.0214,0.0246,0.0277,0.0314,0.0434,,0.3610375695964381,0.45556668591077026,0.896243051,0.04308894,0.1476794142162448,0.066786824,0.075878134,0.08201436,0.12887627171886834,0.9201069951020868,0.8393532819101133,0.9980053284892838,0.051294261,0.091270737,0.098905384
0.179728,0.023879326,9.522196930189804e-05,-0.099888216,-0.840846036,0.01,0.0147,0.0183,0.0212,0.0242,0.0272,0.0302,0.033,0.0369,0.0444,,0.3864134266633166,0.4046985945183701,0.7047769434740604,0.035000953,0.1140040877855923,0.086241136,0.071526049,0.09151489,0.082980945,0.8399561161766824,0.8993043612353617,0.9880353258707485,0.094838349,0.094508356,0.059019383
0.181086,0.025066694,0.000103532,0.1015787471377437,-0.616728722,0.0115,0.0157,0.0193,0.0222,0.0252,0.028,0.0312,0.0344,0.0384,0.0527,,0.41382338731872315,0.410549981,0.685083654,0.048111731,0.14913898152578572,0.085087668,0.10259273101004387,0.10244270183415653,0.14307738253396773,0.8795128304354092,0.8890916113508629,0.913809657,0.07120109,0.066848394,0.055629382695991894
0.167629,0.021635914,8.291463637582965e-05,-0.03359246,-0.743037915,0.0087,0.0135,0.0163,0.0187,0.0221,0.0243,0.027,0.03,0.034,0.0423,,0.3981037682162485,0.4752861289354514,0.645361821,0.04715397,0.14536924644571161,0.083982429,0.070590042,0.12391914065059771,0.10025290625371562,0.8881319612095426,0.893517098,0.8994567105239847,0.061494041,0.078332398,0.089962512
0.184245,0.025442052,9.044682762192966e-05,-0.07027218,-0.730267666,0.0124,0.0166,0.0197,0.0228,0.0254,0.0283,0.0311,0.0344,0.0382,0.0493,,0.38022931404021776,0.43543410196321913,0.534600536,0.049615721,0.14612643382379661,0.060316047,0.054372058477097716,0.12092411977934915,0.1371619304740278,0.9364491445761252,0.859651392,0.9040954693340588,0.069295449,0.050648310148019696,0.088970338
0.157367,0.022861804,9.78753948608099e-05,-0.029414946,-0.705759525,0.0093,0.0132,0.0171,0.0202,0.0235,0.0259,0.0286,0.0318,0.0362,0.0468,,0.36177546807555716,0.45483311372815705,0.6264655213528822,0.046591989,0.13262166524551253,0.07507625,0.09636312,0.069926769,0.11826012056648698,0.9405308456651373,0.8015151872334337,0.9997051324591519,0.063951413,0.074498573,0.07105682
0.176543,0.023119095,0.00011132,0.1971608424274012,-0.496305708,0.01,0.0139,0.0175,0.0204,0.0232,0.0261,0.0291,0.0324,0.0372,0.0521,,0.4123266917391571,0.4054035145862889,0.7870675719937019,0.040894694320269376,0.13863765289250102,0.044300712,0.097854657,0.11336406777097319,0.13563211956763643,0.9899109932718949,0.9065395841900927,0.8688519027224504,0.085748884,0.091389292,0.095789745
0.205034,0.025250898,0.000123014,0.069117004,-0.544410353,0.0107,0.0146,0.0185,0.0219,0.0252,0.0284,0.0314,0.0351,0.0396,0.0544,,0.3797910537159123,0.4047219901455103,0.9063949100710037,0.03688872,0.14425462872657713,0.084101804,0.10540233183600962,0.09485861,0.144991135,0.9034611158310192,0.83567136,0.9808068282822621,0.081483523,0.069586451,0.066786641
0.171849,0.024558113,0.000124523,0.1471029053579949,-0.611717457,0.0102,0.0143,0.0181,0.0215,0.0243,0.0275,0.0308,0.0345,0.0401,0.0528,,0.3646355859124125,0.4878746610749522,0.7005949925757524,0.048558519,0.13098951373503706,0.050656219,0.091154543,0.10103028683892891,0.12127880733145117,0.888249189,0.8275365323099331,0.9647443999127042,0.093596386,0.063994204,0.098539953
0.18198,0.024169501,0.000101241,-0.010006154,-0.669994523,0.0106,0.0148,0.0181,0.0211,0.0242,0.0271,0.0302,0.0335,0.0374,0.0493,,0.4054229402939169,0.4047000028696445,0.6583025473265175,0.047087656757453675,0.11106523955183462,0.042218228,0.10970246623549043,0.080814132,0.092674561,0.8778483664674216,0.874145802,0.9222567506003341,0.075410543,0.091984192,0.066205086
0.184358,0.024766661,9.431950125066676e-05,0.1024766358244928,-0.598331028,0.0125,0.0163,0.0194,0.0222,0.0248,0.0277,0.0305,0.034,0.038,0.052,,0.3547117202332594,0.40573882196726624,0.5217868053937584,0.048059359,0.14060876963822225,0.050481852969911555,0.10120688835361216,0.083855108,0.12640211565478346,0.9540707146945665,0.9731480414599496,0.9137134981441837,0.050506633918337276,0.059336414671985624,0.089110572
0.164866,0.025172888,7.47263549067018e-05,-0.22785099,-0.643369497,0.0132,0.0171,0.0201,0.0232,0.0258,0.028,0.0304,0.0333,0.0364,0.0428,,0.396084146,0.47165722758844175,0.6311146279251147,0.04543066,0.1479233067100106,0.071021009,0.10092068687605452,0.100617911,0.10662416190003693,0.8047297412728122,0.8308440172936347,0.9574721813388702,0.074566311,0.09819844,0.097795968
0.154535,0.02389499,7.328627168713743e-05,-0.108903256,-0.705074098,0.0127,0.0158,0.0186,0.0218,0.024,0.0264,0.0294,0.0321,0.035,0.0419,,0.36267258666819474,0.40154278300800733,0.7121228049604947,0.039647681681306446,0.11725963199419946,0.042305777,0.066423466,0.11767909485087931,0.1303151719331917,0.8972481952747273,0.8834276777438784,0.9932766929480512,0.094598081,0.09670707,0.06273604
0.158896,0.025260983,8.554163152502188e-05,-0.073807223,-0.751470323,0.0126,0.0165,0.0203,0.0227,0.0253,0.028,0.0309,0.0342,0.0374,0.0462,,0.3510163548813229,0.43584139976245384,0.7793481231521872,0.035631077,0.1416052632841292,0.080455771,0.1082001301384224,0.12045155596069478,0.082750176,0.8671179558430774,0.9707270657564596,0.8609594872661613,0.074427498,0.098197849,0.073935049
0.15535,0.024425796,7.402465658885648e-05,-0.215507822,-0.754961737,0.0127,0.016,0.02,0.0222,0.0248,0.0275,0.0302,0.0326,0.0357,0.0412,,0.37508012699111426,0.4724816839409611,0.5042684192745401,0.040552022,0.13175567229908747,0.082802988,0.081270532,0.075162649,0.10523328331742036,0.9536617831999283,0.8978498192870352,0.869574994,0.056285218,0.093762105,0.081727571
0.163583,0.022925243,6.390400045306665e-05,-0.101608485,-0.498301671,0.0127,0.0155,0.0181,0.021,0.0232,0.0253,0.0275,0.0305,0.0332,0.0419,,0.37594448707771283,0.4383553959899287,0.9384566733752756,0.036064294,0.14696254670371847,0.050277491,0.095711326,0.11149556557642153,0.083998694,0.9833172266066017,0.8700763503222737,0.8012087780334668,0.088320611,0.089737496,0.094428174
0.165042,0.025118525,8.156842800382612e-05,-0.07058146,-0.647867327,0.0125,0.0174,0.0199,0.0224,0.025,0.0281,0.0309,0.0334,0.0369,0.0448,,0.39933388917123747,0.4715577805506974,0.5161192029422491,0.039250341758946344,0.124775573,0.087323404,0.063782528,0.11627701186506224,0.10325938804653174,0.9346401244979103,0.9429826703503843,0.8644224053279279,0.066679122,0.090004774,0.059825081
0.164647,0.02433146,6.939356011153534e-05,-0.146762432,-0.563093483,0.0131,0.017,0.0194,0.0221,0.0247,0.027,0.0292,0.0319,0.0356,0.0432,,0.4087776866563467,0.44401618869225523,0.5450230013709393,0.036973582,0.12277432160427197,0.069770628,0.10730251560559974,0.084571833,0.13619291164874717,0.8324833178057103,0.8742760521034162,0.8960151463482273,0.094265359,0.094695195,0.090364509
0.160637,0.024569767,6.888599687562664e-05,-0.260758384,-0.509759279,0.0133,0.017,0.0199,0.0226,0.0253,0.0275,0.0297,0.0321,0.0354,0.0431,,0.4017198793370877,0.45344969697938226,0.8418586356397342,0.037168414,0.14440279091256633,0.088986597,0.082657937,0.1100945190052257,0.13025441725882778,0.9201928673911928,0.8350105081186464,0.8124402295104349,0.055427516,0.052621129,0.052838811857133544
0.156555,0.028193065,0.000119594,0.07467805,-0.706437832,0.0138,0.0178,0.0214,0.0249,0.0278,0.031,0.0345,0.0382,0.0429,0.0535,,0.41293077038381304,0.4466460317321495,0.6339471191350352,0.037433581,0.12661510640300613,0.044612760909770635,0.10274347624875318,0.080958259,0.088509349,0.9719914983238308,0.9905490730710379,0.9687528163744782,0.080701787,0.076897378,0.088384838
0.162695,0.022361855,7.259278523193949e-05,0.089078394,-0.536449248,0.0109,0.0141,0.0173,0.0199,0.0228,0.0248,0.0272,0.0298,0.0335,0.0468,,0.3638661996309329,0.4511741076464106,0.7083306453782175,0.047739023,0.11115450683506467,0.06413229,0.078564407,0.096183231,0.087160918,0.9497930884897863,0.8026051065486899,0.8905253304966871,0.057371623991851986,0.058828023,0.097620932
0.162599,0.020218159,6.448488888601986e-05,-0.071579306,-0.816309501,0.0097,0.0124,0.0155,0.0179,0.0203,0.0229,0.0252,0.0279,0.0307,0.0382,,0.3777167750288172,0.427844793,0.6482117315307544,0.041072804,0.1204641,0.062350777577604016,0.096945968,0.1269647177471582,0.12390268971951328,0.9279789982746957,0.8727279068132539,0.9791165991444516,0.059468061078855876,0.061821942,0.064690755
0.161713,0.019262139,5.1268339898320154e-05,-0.015616166,-0.614818992,0.0101,0.0125,0.0152,0.0174,0.0191,0.0214,0.0236,0.0257,0.0285,0.0389,,0.36064410329026375,0.46218932163696824,0.8787843752946864,0.038727228,0.14801478831612935,0.075507198,0.084055997,0.10560380569112437,0.099568227,0.8812550055732628,0.8865398098215627,0.8386353745651852,0.055054171,0.061035660694758034,0.077135097
0.160973,0.019829298,6.651451189071583e-05,0.097829958,-0.591245357,0.0088,0.0117,0.0153,0.0179,0.0198,0.0219,0.0243,0.0273,0.0311,0.0448,,0.3727524569172195,0.46825937351010105,0.6119761753165252,0.047181803,0.11205609344897154,0.087154662,0.10042419684510358,0.081938828,0.13803449,0.9382239148056524,0.9876801047945959,0.991952344,0.052678370449319445,0.094498537,0.064749213
0.167853,0.020543219,8.221244027191762e-05,0.048521887,-0.670122003,0.0081,0.012,0.0155,0.0179,0.0203,0.023,0.0259,0.0288,0.0327,0.0434,,0.3900098777097614,0.48267213693910016,0.8193959284833906,0.043843539,0.14978088959174574,0.087152254,0.066822719,0.10719635108749222,0.1331808378909266,0.8527123337113772,0.9438061652849509,0.820292711,0.08007804,0.078047203,0.094312584
0.162423,0.020949118,7.207041512799533e-05,-0.088918904,-0.864875932,0.0097,0.0126,0.016,0.0183,0.0211,0.0235,0.0264,0.0292,0.0323,0.0382,,0.38899298800024756,0.45615936293012255,0.8094729391585874,0.038876272565717955,0.1443714536122283,0.05490047,0.064208587,0.091969518,0.13324017105828564,0.9528627981635202,0.8693278365800938,0.921501774,0.081672113,0.057636901,0.057271065058397026
0.157592,0.019738948,6.046192903030306e-05,-0.026105051,-0.725703554,0.0098,0.0121,0.0153,0.0178,0.0197,0.0222,0.0245,0.0267,0.0303,0.0391,,0.4060186599646681,0.4136996758768082,0.82939324,0.046915505,0.12227097454079612,0.042248327,0.057916316201110984,0.073294909,0.10282715183265799,0.9127509978221382,0.9098290155337815,0.9047169565679196,0.096158789,0.089675708,0.096241219
0.168551,0.019217362,5.907067882346813e-05,0.036794633,-0.669519397,0.0083,0.0124,0.0145,0.0168,0.0196,0.0216,0.0235,0.0262,0.0298,0.0415,,0.4050762964645268,0.46302448878986335,0.6760960178031855,0.044821191945873265,0.12571526,0.077698107,0.088920662,0.081786036,0.088608066,0.9301880956849703,0.9806677509701349,0.9575123269943692,0.063050409,0.09613002,0.065976049
0.1751,0.020040732,6.697323456558198e-05,-0.041956364,-0.806966862,0.009,0.012,0.0154,0.0176,0.0206,0.0226,0.0251,0.0278,0.0308,0.0377,,0.4087706606092089,0.40040757323609266,0.542138708,0.041274613,0.12539839071206743,0.076809929,0.059625035739012636,0.085471144,0.10493681753869581,0.8564629991671001,0.8205331018799578,0.943625011,0.088952019,0.084393171,0.054546622254213126
0.149341,0.020896321,7.976764240995688e-05,-0.084927582,-0.730928637,0.008,0.0129,0.0157,0.0186,0.0214,0.0235,0.0263,0.0294,0.0325,0.0416,,0.39684367146855526,0.4651144547563226,0.8776084896013729,0.044568172,0.14599988996052632,0.063970791,0.053952586,0.097696083,0.12690092280733584,0.9376626050529479,0.9143405023815874,0.8834499224170567,0.088710278,0.09849993,0.084171382