Porosity,Mean,Variance,Skew,Kurtosis,P10,P20,P30,P40,P50,P60,P70,P80,P90,P100,Unnamed: 15,Input1,Input2,Input3,Input4,Input5,Input6,Input7,Input8,Input9,Input10,Input11,Input12,Input13,Input14,Input15
0.148376,0.021816835,6.107363485418036e-05,-0.11516085,-0.680760764,0.0115,0.0143,0.0174,0.0198,0.0219,0.0244,0.0267,0.029,0.032,0.0402,,0.4019942453398893,0.4043295187430035,0.5897877833678303,0.04673548164558287,0.11458926221179627,0.07321983875097678,0.08771281468948945,0.099213165868865,0.10593758745045027,0.8445109859975111,0.9290990344794764,0.8279629884036318,0.0861853777838865,0.0955711188770012,0.08131839886680547
0.145053,0.019930704,6.290889235362987e-05,-0.024589966,-0.780578485,0.0094,0.012,0.0152,0.0175,0.0202,0.0223,0.0249,0.0272,0.0307,0.0369,,0.373817294311041,0.4252499528402537,0.9042401758419661,0.047248504031658575,0.12742740431524555,0.06775415799156909,0.10187188409150959,0.09806683548025143,0.11276338136843267,0.9579191660326511,0.9833241724895004,0.8994520709436691,0.08107214010908673,0.09698346644721866,0.06643987803300196
0.143195,0.019118545,7.074885540275385e-05,-0.094956055,-0.841880575,0.0068,0.0111,0.0141,0.0172,0.0193,0.0224,0.0244,0.027,0.0303,0.0388,,0.40385565530720635,0.4892211782141664,0.710712859454572,0.039442497911914905,0.13392526565404647,0.056725140264360166,0.07908722047795057,0.08425343628532608,0.11206347816974371,0.9311241199305038,0.810007613776353,0.8539388956537278,0.07708275501545557,0.09338278126568512,0.08988828813392254
0.143636,0.019263042,7.549240750353405e-05,0.065676525,-0.653488987,0.0071,0.0111,0.0141,0.0166,0.0196,0.022,0.0242,0.0272,0.0308,0.0416,,0.4067835713645702,0.4683530456449624,0.8564370822261159,0.04487143756323166,0.12543342869531549,0.05043638313551162,0.06806715828292048,0.09605049916507405,0.1339489567423964,0.8575875773421744,0.8668612220558627,0.84370156507676,0.06302816012934748,0.06411721801735928,0.060117800307583694
0.144492,0.018988252,5.572121496308618e-05,-0.017274706,-0.783463723,0.009,0.0116,0.0146,0.0167,0.0193,0.0212,0.0233,0.026,0.0291,0.0372,,0.4148927429662502,0.4044077614113018,0.8195969805176846,0.03841491608093329,0.13135999982331006,0.08205502804339417,0.08092501487275833,0.09875215483032086,0.12890930679666998,0.9164713611801427,0.970331641084904,0.8428757931686498,0.07903031816026475,0.06924784249677014,0.0853904094462303
0.143446,0.020045611,5.859515609476777e-05,-0.04416369,-0.820718989,0.0097,0.0128,0.0152,0.0175,0.0201,0.0223,0.0248,0.0275,0.0305,0.0363,,0.40309076019048923,0.47570819951646576,0.83591061472326,0.046754746418199926,0.14012768646878804,0.07908847302012151,0.07624477381522168,0.11670969373732266,0.12245178343968344,0.9415886439653006,0.8116162369591606,0.9227736870616853,0.05446049928301372,0.08397786267727791,0.0911631188893125
0.144348,0.02208263,8.570416285183281e-05,0.2383927803026848,-0.479625536,0.0101,0.0133,0.0162,0.0187,0.0215,0.0243,0.0273,0.0309,0.0348,0.0481,,0.37586649592258947,0.4782225545985757,0.8704382128621818,0.03984453508633101,0.14658070195378484,0.05112806291977092,0.10258524011229515,0.09952714281494446,0.10572681083661983,0.9287317036675165,0.9924446338923932,0.9295028192908351,0.06329488177849085,0.06799472656012677,0.05892172334381958
0.144228,0.019174827,6.19142679109898e-05,0.09291605,-0.639061309,0.0083,0.0125,0.0145,0.0167,0.0188,0.0216,0.0239,0.0263,0.0299,0.0424,,0.35307664964483626,0.43744452447917836,0.6956925682682025,0.04230795102436101,0.11685896641964257,0.08376600689191722,0.07647616534350236,0.09913740966701395,0.13159940286036076,0.8372741153588997,0.926024511301999,0.8529390537256393,0.07742411607480408,0.05960747396932173,0.09677815156457815
0.143927,0.020572533,7.262837258017598e-05,0.1330055830845339,-0.661687683,0.009,0.0121,0.0156,0.0178,0.0201,0.0229,0.0258,0.0286,0.0319,0.0436,,0.3619108362835942,0.4871720058705961,0.7309803423394752,0.048237258310456874,0.11928615256152916,0.05977829278192755,0.08240550503775955,0.09565439521901857,0.1267264290119186,0.9968918558623138,0.9438406406250771,0.8163831114355902,0.0683442179965715,0.06711214053119412,0.07831187596047874
0.138977,0.019556756,7.569882613852135e-05,-0.022723979,-0.77653403,0.0072,0.0115,0.0144,0.0169,0.0197,0.0225,0.0248,0.0275,0.0313,0.0419,,0.40697594912306606,0.4426716401891056,0.7877055531285989,0.03815008268771727,0.1490616559084147,0.06933499577094542,0.09545328203799308,0.0830208693399148,0.1280573745502854,0.8502513707144013,0.8074905493026996,0.8083062130413954,0.07416029685408174,0.05397780080474645,0.06491477233397666
0.168963,0.022400233,9.663270595986432e-05,0.016467857,-0.651308077,0.0092,0.0131,0.0164,0.0194,0.0223,0.0254,0.0283,0.0316,0.0353,0.0483,,0.416643664735425,0.4256662286315007,0.8194982775789481,0.03941341012544279,0.1187868951537019,0.07445312838560725,0.09909529406341405,0.09834454238073692,0.13369234930668042,0.9745447948812712,0.835217459815093,0.9069168854247204,0.07965649305624779,0.05544146700981556,0.09551786990731609
0.159887,0.021900896,7.235145120106887e-05,-0.057779967,-0.816059933,0.0109,0.0138,0.0165,0.0198,0.0221,0.0244,0.0274,0.0302,0.0331,0.0415,,0.39191782731280156,0.46133661719779834,0.6751404910424246,0.043098745775882935,0.12081920495822296,0.06326392735448537,0.07537512750344207,0.09384861798380247,0.12303684080236164,0.9389886510363255,0.8580678455504062,0.874383445391855,0.06938574952767818,0.08975576133345257,0.07910041114285402
0.156643,0.019351934,7.010060873801408e-05,-0.034054654,-0.760573297,0.0074,0.0117,0.0141,0.0172,0.0197,0.0219,0.0246,0.027,0.0303,0.0402,,0.40092227915335504,0.4238430430303527,0.5798191242163865,0.04041972411326822,0.13754501483190407,0.07853414615138392,0.10162519750652045,0.08106854886937434,0.11107165722254558,0.9317853585098074,0.8079144551228102,0.9570308161876079,0.0673446846652571,0.08273293535312141,0.07496244925562301
0.170658,0.022313049,7.657815380086101e-05,0.086274599,-0.497607705,0.0105,0.0138,0.0168,0.0196,0.0223,0.0251,0.0276,0.0301,0.0334,0.0476,,0.40509627977615986,0.46046064393031194,0.7544053476912135,0.03576238921526641,0.11311982729511094,0.0638223681048477,0.0865633635315427,0.10065577172990366,0.12939008998691157,0.8243144409940214,0.9386651922287607,0.8687325765983984,0.09028973683642544,0.07280751220789096,0.0643752996121435
0.159706,0.021239714,7.869483642147283e-05,0.077556192,-0.751754988,0.0098,0.0131,0.0156,0.0185,0.0214,0.0235,0.0262,0.0297,0.0334,0.0415,,0.3638171406653434,0.44086353091349023,0.5856226937296216,0.035720051189477124,0.1433149122541555,0.06230930578647994,0.09682623739247147,0.08759090111243734,0.10189209569323728,0.8643995065728649,0.9684017086081171,0.8245250742940554,0.08131017999401022,0.06435881103518735,0.07682017227524378
0.155854,0.023297331,0.000104679,-0.018935041,-0.736927542,0.0095,0.0135,0.017,0.0202,0.0233,0.0264,0.03,0.033,0.0367,0.0482,,0.3903579056015508,0.44589650404003905,0.5877091229477783,0.041418635178219775,0.12621692880535906,0.07188443628189312,0.08591096177922972,0.08784888144746147,0.11863159807699077,0.8137028938690462,0.9794441584818686,0.8084344101403668,0.06562167186082686,0.07099233198887285,0.0649959542109209
0.168915,0.02416885,9.574447535839792e-05,0.021073923,-0.803865995,0.0108,0.0147,0.0179,0.0216,0.0242,0.0271,0.0302,0.0334,0.0372,0.0465,,0.3514773597360867,0.4393151545869517,0.7809887550878656,0.035504381224559386,0.11802195163270211,0.06934305712475262,0.10120542258958647,0.11683700778269052,0.1324613362677486,0.8735316265648033,0.8553330549369764,0.8690819563401523,0.07018580436189092,0.06655127272136148,0.08132831329758844
0.169237,0.022688874,0.000104464,0.015589956,-0.799736651,0.0091,0.013,0.0165,0.0195,0.0225,0.0256,0.0288,0.0323,0.037,0.0491,,0.36250426416000836,0.4782203365433607,0.792904949975741,0.040780784951674254,0.11883969364909726,0.05377067818560377,0.06701718746417608,0.0843467887116888,0.10689072320019334,0.8952618872280753,0.891396319710577,0.8301078831973169,0.06517971426750331,0.0732304490919448,0.08763614919670784
0.157203,0.020896848,8.698690965096188e-05,0.044186583,-0.696123766,0.008,0.0117,0.0157,0.0183,0.0209,0.0234,0.0262,0.0292,0.0337,0.0437,,0.4163356991760915,0.4500433264158673,0.7348499797903328,0.04035556881272903,0.12807826673312966,0.050501569312014265,0.07505515206822988,0.0847421675258354,0.1052440764788442,0.9345624196106985,0.9578634353534852,0.9600123553274046,0.05246757278840711,0.05397314706625212,0.07648692752206279
0.167221,0.022284587,8.643333355395567e-05,0.025984553,-0.76926102,0.0095,0.0134,0.0165,0.02,0.0225,0.025,0.0277,0.0311,0.0346,0.0461,,0.3609718875295313,0.4344905345976732,0.5627614602249121,0.04293938882581727,0.13851625840746407,0.08349531905907652,0.07756444452923354,0.09422330719610437,0.13217962504235795,0.931342092436776,0.8451270989659114,0.8339872342871205,0.05195177542516454,0.09532977637940676,0.09697268630884034
0.187305,0.022294724,8.674318824545382e-05,-0.099729555,-0.812041369,0.0089,0.0138,0.0166,0.0197,0.0227,0.0251,0.028,0.0314,0.0345,0.0419,,0.3526038159599534,0.45001051212767845,0.6661452340134516,0.03740774697524961,0.12786142363548839,0.05526190667878579,0.06558325254034092,0.1171035816582814,0.11151967099220349,0.9650449602695493,0.9002479401809532,0.8892869813564982,0.055971592816082924,0.09715003558983412,0.09205709311220583
0.184276,0.024911922,7.285041145816044e-05,-0.120036827,-0.512808758,0.0132,0.0169,0.0205,0.0228,0.0251,0.0275,0.0298,0.0324,0.0361,0.046,,0.3522147711451424,0.43249256586715124,0.6295943894951804,0.04847860491195492,0.11752162197762803,0.07262291271215668,0.09303627559747531,0.08360793183838724,0.11365177247554738,0.9725079688193515,0.8619134955882249,0.832475890004864,0.08878953271407584,0.0888635589137515,0.09901206583151051
0.180138,0.02436327,8.076634793799415e-05,0.01608279,-0.609851204,0.012,0.0164,0.0193,0.0218,0.0242,0.0268,0.0295,0.0326,0.0363,0.0455,,0.40871078034191277,0.40980729608079103,0.6200735330059431,0.03591692363842498,0.13727857061027102,0.06552243469163312,0.09798011116838552,0.11000176553189314,0.10209109417433392,0.9561334187918094,0.8177872967285296,0.9751779758218964,0.06216009287135001,0.08877335657680563,0.08140888688160713
0.177928,0.028752906,0.000133829,0.3515262400349626,-0.171767122,0.014,0.0189,0.022,0.0249,0.0279,0.0312,0.0347,0.0385,0.0437,0.0609,,0.4123266004642678,0.4205880100836165,0.9014887153468258,0.04257605265609632,0.143350510039358,0.06365541882404925,0.10070026968396988,0.09073129100249494,0.10679994210831852,0.945995570724923,0.9770359324782965,0.8852376206035112,0.08856952964569191,0.08028401628955567,0.08574617601678561
0.182049,0.023898969,0.000117338,0.1140834289716865,-0.560536818,0.0098,0.0139,0.0173,0.0206,0.0239,0.0268,0.0299,0.0336,0.0383,0.0534,,0.3622167836094704,0.40851606688588765,0.5799164267439454,0.046817553777951985,0.13732892219591622,0.07006591539381185,0.10210263649617199,0.09404761796457463,0.12151910576550426,0.8339921702348599,0.8610264065725066,0.8155272367158082,0.08550329685679514,0.08972982944359255,0.09680120327347097
0.181412,0.023522787,8.192777196055779e-05,-0.05501298,-0.800455499,0.0106,0.0152,0.018,0.0207,0.0237,0.0263,0.029,0.032,0.0359,0.0432,,0.37936801006245296,0.49335373111616204,0.8555511802915672,0.048356148742875985,0.1237118230629957,0.07241856465733224,0.10405819594914972,0.1055224927104936,0.13275848068412432,0.9578992451621526,0.8491175315061973,0.9675066236048145,0.05712990943391404,0.08753981786609324,0.07728050592318103
0.177363,0.021641566,7.130861664061964e-05,0.1055340372783913,-0.595986413,0.0101,0.0139,0.0169,0.0191,0.0213,0.0237,0.0269,0.0294,0.0329,0.0442,,0.3705548587259184,0.4283605491732549,0.7681101112070283,0.04923894736039612,0.1153081405310459,0.0584307057242874,0.09396316500623711,0.08897107065050798,0.09814713558618861,0.8597866575689682,0.9803050344836979,0.909022754846884,0.06228079476556351,0.06536802495049578,0.06245086042828917
0.171039,0.023691073,7.534239008510929e-05,-0.01761116,-0.69926,0.0127,0.0156,0.0181,0.0213,0.0239,0.0261,0.0286,0.0321,0.0354,0.0424,,0.40926299026786117,0.4141650095562976,0.5756110915165258,0.042978158650370184,0.135090995125214,0.06255782800671553,0.09596600534322126,0.09502865136990021,0.1105583348052836,0.836948187498822,0.9687330663622212,0.891597699165597,0.07738977137796173,0.08814423016333602,0.06936235392868216
0.184365,0.024205823,7.946384845599801e-05,-0.003395248,-0.615314861,0.0124,0.016,0.0188,0.0215,0.0239,0.0266,0.0294,0.0324,0.0363,0.0495,,0.37336855074397923,0.45807734927573107,0.6164584721340876,0.0479197333414008,0.1360140101743389,0.06097148570281679,0.09763821231429881,0.09729980648847414,0.12111901947637847,0.812894649959289,0.9012765604404201,0.9074783438212526,0.09344939922366734,0.08643041500068145,0.06071988159818859
0.185842,0.024592569,7.673896130875888e-05,0.000895107,-0.506040016,0.0127,0.0164,0.0192,0.022,0.0245,0.0271,0.0299,0.0326,0.0361,0.048,,0.3597033199808248,0.4191150525402342,0.5405399378223716,0.04258991613248693,0.12254635384627019,0.06984184456108189,0.09805877339658582,0.11609998639746427,0.12262129586399019,0.8180035697703404,0.900370347216627,0.8970760495722577,0.09154233280862957,0.07327315302941248,0.06556335581075086
0.138624,0.018200124,6.508955715199331e-05,0.04598381,-0.61538881,0.0069,0.0103,0.0137,0.0158,0.018,0.0207,0.023,0.0254,0.0288,0.0419,,0.41364381103982,0.49646091017087873,0.5051108655985468,0.048726058544648766,0.1411524539672058,0.07448630475833597,0.09160990828607378,0.08761480584214973,0.11052190059854668,0.8315584214550475,0.973189131099813,0.8977202587349608,0.0898915152144629,0.08713610869045516,0.05827337345776238
0.139932,0.017348346,5.4391505725846015e-05,0.03131273,-0.716767014,0.0068,0.0104,0.0126,0.0152,0.0171,0.0197,0.0217,0.0243,0.0271,0.0369,,0.4093388624571563,0.4284830660431072,0.7326131428279123,0.04185849850741755,0.1344258221457582,0.05278752093993615,0.06973118414365619,0.09110255043801699,0.11732564714253116,0.9417620562636815,0.8598700164338594,0.8073528217935605,0.06716685813873319,0.0845954999978229,0.06979534397490758
0.139376,0.01945073,6.614957369751332e-05,-0.080636239,-0.854266134,0.0084,0.0124,0.0146,0.0177,0.0195,0.0225,0.0243,0.0274,0.0303,0.0356,,0.3788254518860212,0.40308592325794856,0.5345829935167963,0.044194433469825344,0.11929228046976896,0.05235227589057615,0.06846790637701854,0.1163264995272622,0.1264885274632204,0.957657248539636,0.8728648403967113,0.9031665905251293,0.06247701758842595,0.06667102652330054,0.06416356816520011
0.136957,0.017450898,6.041241981427451e-05,0.003606427,-0.82881583,0.0074,0.0098,0.0129,0.015,0.0177,0.0196,0.0222,0.0246,0.0279,0.035,,0.38210127933978033,0.4947651106096687,0.8329847888712734,0.0411430069457743,0.13385167161819722,0.07841655174052625,0.10042133245650048,0.09978686593861338,0.12705682625811746,0.9285395830118356,0.8972575505078015,0.8516905999368903,0.06293114943337741,0.08241959895189485,0.07549875545841718
0.142021,0.017725017,5.268580340244238e-05,0.003794307,-0.728841767,0.0073,0.0105,0.0134,0.0155,0.0177,0.0201,0.022,0.0244,0.0275,0.0363,,0.3543162459431952,0.4979633667923186,0.6318378664877562,0.04298634711346117,0.1424240733851095,0.0594193547215711,0.08989107680870337,0.09263499639911178,0.09639566077114262,0.8333237759770813,0.8284026762300504,0.9488809859687026,0.057774867958763056,0.05190527456811742,0.08810819173389614
0.117598,0.01633797,5.227938132722721e-05,0.061151276,-0.642708708,0.0056,0.0093,0.0122,0.0141,0.0165,0.0181,0.0207,0.0228,0.0257,0.0339,,0.3882080272330291,0.46833825946147406,0.7797290754366433,0.044491338230457034,0.1478804230847765,0.05454714028937268,0.07177395167726484,0.11830728983653103,0.13218213914679489,0.9830411644688798,0.9343493708102535,0.9090864577997034,0.06656389964715774,0.07410184141784452,0.07597536168877529
0.141594,0.017847388,5.8647107248233355e-05,-0.062343505,-0.790192748,0.0077,0.0102,0.0133,0.0159,0.0181,0.0201,0.0226,0.0249,0.028,0.0351,,0.3656170498967497,0.46503190726687216,0.5071329278013499,0.046665126419545004,0.12777129336389775,0.06426313020980122,0.06743514673786562,0.09761235109318477,0.11653141329021771,0.9635220148729884,0.8472859545056893,0.9209065039419773,0.08707946910373182,0.09575431249084507,0.07291569785699879
0.1323,0.018708469,6.297245803802693e-05,0.091023363,-0.743915266,0.0075,0.0113,0.0133,0.0167,0.0186,0.0206,0.0233,0.0261,0.03,0.0391,,0.39837122618233095,0.44021414799913794,0.795902583795587,0.04778248408280906,0.11272458852585551,0.05092028004067365,0.08141839292457145,0.10225126914336805,0.12892622099807216,0.94971176340132,0.9386529014922591,0.8299540634384661,0.07464889798123267,0.08805975770072144,0.08386464794550709
0.133917,0.018258089,6.037059177597499e-05,-0.012243071,-0.747771432,0.0071,0.0107,0.0134,0.0159,0.0183,0.0207,0.0229,0.0256,0.0282,0.0368,,0.397657622867186,0.4499968566780796,0.866006614842141,0.0395814527552773,0.13806358005200126,0.06180887633165609,0.10075205791532618,0.10794146366653536,0.10446967948066609,0.9496514011345689,0.8316067196253902,0.9084068114815418,0.06605600831480202,0.0598522978933389,0.0634929906133662
0.139003,0.018336359,5.808201336709361e-05,0.00655822,-0.827271887,0.0076,0.0109,0.0135,0.016,0.0182,0.0207,0.0228,0.0257,0.0286,0.0372,,0.3823261882802531,0.4207347109745718,0.6022926200537457,0.04925226523450032,0.12374168942723927,0.0724396838222525,0.08123209833238965,0.08961534630577371,0.12312904339807,0.8529272854183642,0.8595748518793821,0.9232839098071336,0.07403493749861605,0.0634229699302213,0.08528264778450229
0.130921,0.01816942,6.192274688455402e-05,-0.082504651,-0.895177762,0.0077,0.0104,0.0133,0.0159,0.0183,0.0209,0.0232,0.0258,0.0288,0.0348,,0.40401984570887967,0.4051038151627529,0.7458217539370843,0.04478810516048833,0.14347341933365465,0.07535565889994657,0.08500895046859862,0.10151226213713771,0.10515498416711792,0.9834761680866525,0.8400367432934034,0.860054640837659,0.07920477163364292,0.06082901541302502,0.0602659361034787
0.139931,0.018665939,6.670447950363555e-05,-0.055248243,-0.803686713,0.0068,0.011,0.0137,0.0167,0.0188,0.0215,0.0238,0.0262,0.0296,0.0388,,0.3974377026777634,0.4418295404772312,0.8632731960988298,0.049249667087814426,0.1472835998144022,0.059413513732076664,0.10275036450063868,0.10108362814308981,0.12946421753664844,0.9312751546933279,0.8429043458607127,0.8117853161432014,0.06546305658549152,0.09785307415126848,0.0741798811039541
0.127881,0.0178459,5.715763871712479e-05,-0.090465336,-0.867463825,0.0076,0.011,0.0132,0.0159,0.0179,0.0205,0.0227,0.025,0.028,0.0336,,0.3621294553553914,0.4186913894859656,0.7957590448662457,0.04130946546688414,0.142896165074917,0.08383118046701259,0.09750363650953857,0.10088741990552148,0.10773540715045084,0.958531254568235,0.9005046568210227,0.9240088051848973,0.08994769080500009,0.06624382193846058,0.06156281585162334
0.127885,0.01755685,5.3337911940268046e-05,0.022089601,-0.715261194,0.008,0.0103,0.0134,0.0155,0.018,0.0197,0.0222,0.0241,0.0272,0.0355,,0.4189713597837318,0.4644221255447574,0.7356182494906681,0.042628994879438185,0.1319806595637299,0.07193088578287213,0.09503084030983992,0.08180083610435152,0.09913637778664716,0.8755570305784526,0.8563735855179126,0.8627717696355963,0.0891254465424808,0.07334693575830997,0.08469555457272442
0.129017,0.018781449,6.825599397859426e-05,0.061764908,-0.787343027,0.007,0.011,0.0136,0.0165,0.0186,0.0211,0.0238,0.0264,0.0302,0.039,,0.373042256453462,0.46660557869364905,0.9193589165032321,0.04172467737412715,0.13424230557656502,0.06761677975919535,0.08060924427501842,0.0950580883866543,0.10733845162118337,0.920280348100197,0.8875364878815674,0.8474466711845081,0.06386460036338922,0.05947215136641302,0.09330560792398106
0.140827,0.019084762,7.672575776438358e-05,0.1653992712467727,-0.441007712,0.0072,0.0105,0.0139,0.0169,0.019,0.0214,0.0238,0.0269,0.0303,0.0437,,0.38150182999859317,0.42998175657840265,0.5261429328600612,0.04521349740266994,0.140332266279137,0.057240840061921004,0.07127409142167222,0.09994222093194635,0.09741242194281163,0.9430192864591794,0.8108572089572734,0.8258297819782366,0.09423488186731853,0.07715172700701696,0.07956996538150411
0.127094,0.016738012,5.708420177123501e-05,0.033766094,-0.789910485,0.0056,0.0094,0.0122,0.0144,0.0167,0.0188,0.0212,0.0238,0.027,0.0339,,0.4029287142103077,0.4078818292907146,0.7451511956613598,0.048735537197683886,0.13104986138440095,0.06881982993164532,0.08571943588601216,0.11337548138414355,0.1135174173412706,0.9158306508384536,0.8055380745069166,0.9481200041619052,0.08069303050854083,0.06639107303520143,0.06762914728094503
0.128723,0.016907386,5.225328941878986e-05,0.026964042,-0.854941315,0.0074,0.0104,0.0122,0.0148,0.0167,0.0189,0.0213,0.0235,0.0269,0.0329,,0.412083865141157,0.42448361369781007,0.6687284479085082,0.04672161696640673,0.14615873666640114,0.08200245616863544,0.08126284937494017,0.08454457856032947,0.12666206579104242,0.8831082228404251,0.912309505781817,0.8372575234368806,0.0748428924674858,0.08344754349310601,0.07288719334968882
0.132728,0.017599931,5.534135103964096e-05,-0.021859309,-0.805519281,0.0069,0.0104,0.0127,0.0155,0.0176,0.0202,0.0221,0.0248,0.0274,0.0372,,0.39855808214139915,0.4104484805836258,0.8110406502930299,0.03759160417915669,0.1384592819862549,0.059839195110380584,0.09886194755194204,0.09527907470191417,0.11351206558905338,0.8791608110847041,0.9934014080531706,0.8339511496807815,0.07100136137691954,0.08852136304825206,0.08988753368272183
0.132362,0.017601192,5.2073345348224174e-05,0.068666063,-0.7413354,0.0075,0.0107,0.0128,0.0154,0.0174,0.0199,0.0217,0.0244,0.0275,0.037,,0.3688404948017895,0.48784038873559965,0.5277249127986657,0.045398100878265575,0.1339233318840243,0.057362518116097425,0.07796972922941134,0.08256664734483231,0.12430692037166086,0.9210197255957736,0.9536820101591456,0.8964134328231584,0.07431605271334454,0.08778930552273312,0.08607585278340979
0.170061,0.023301847,7.942015236210256e-05,-0.055741661,-0.817664502,0.0106,0.0151,0.0179,0.0204,0.0235,0.0262,0.0288,0.0317,0.0355,0.0432,,0.3687304691577992,0.47903077858998955,0.5188052704243926,0.03763281919701785,0.13480771369916786,0.07119000157770093,0.10060799785044779,0.11818728878772494,0.09866174397805497,0.8591735072406574,0.8306310330121586,0.8089306990909666,0.05881105359088414,0.08894993664258244,0.09875634231202017
0.174763,0.022749172,9.168074793697264e-05,0.034608355,-0.730714715,0.0096,0.0134,0.0176,0.0201,0.0226,0.0254,0.0282,0.0317,0.0355,0.0449,,0.36643735829781116,0.4458305395124682,0.5077493155406795,0.0407440685745865,0.1473004799137605,0.06770235406326051,0.07358411000631238,0.10083887432429452,0.09769136937208109,0.9521629423631464,0.9155247950152631,0.9439665196622946,0.08618869818477816,0.07062262541826249,0.08423586135178891
0.17024,0.020441971,6.049271563580642e-05,-0.028643739,-0.689553264,0.0103,0.013,0.0159,0.0184,0.0206,0.0228,0.0253,0.0277,0.0305,0.0401,,0.41533715903117324,0.45411278960257656,0.8173039328301297,0.04701878227186633,0.12424342688943728,0.052585387119040684,0.10385167593735514,0.11752811974687088,0.10615357299882865,0.9438663084667503,0.9662529239359188,0.8326818274784759,0.0881642479230931,0.052084658214228245,0.07297768336098436
0.172509,0.024497277,9.304841647645422e-05,0.1527414694393844,-0.511975802,0.0121,0.0157,0.0187,0.0214,0.0239,0.0268,0.0298,0.033,0.0375,0.0501,,0.37141641327477765,0.4570874218318805,0.7497339509751343,0.04268638368285598,0.12029212723485652,0.05042639981768475,0.10337004839938718,0.11867086605592252,0.11076891650279518,0.882518630563902,0.944110768283775,0.8030669145887157,0.07843263118880116,0.07093134806428673,0.06297887703520633
0.172962,0.021962854,8.992248645464391e-05,-0.040962768,-0.778248862,0.0087,0.0131,0.0165,0.0191,0.022,0.0249,0.0275,0.0307,0.0352,0.0429,,0.40415508099247455,0.41828160728381875,0.5617698737056148,0.03839321150984765,0.12297589113520066,0.07048901945954002,0.07028132899794805,0.0810937263509885,0.09808083109960652,0.834400602476535,0.9573579721046241,0.8820281666593747,0.06737616680087931,0.09794092589643541,0.07976795890807357
0.166358,0.021529819,9.068000009924392e-05,0.0600218,-0.577692762,0.009,0.0128,0.0161,0.0189,0.0216,0.0239,0.027,0.0299,0.0342,0.0499,,0.4120140702635601,0.4973498137946447,0.7720092884585478,0.049180804725610074,0.14704872254435208,0.06832686497796836,0.1007070339847221,0.10762275585987607,0.10577790750672579,0.9658240232613667,0.9598690059576938,0.8100110885009583,0.05788367617769446,0.06364265193211911,0.08203893206354447
0.172712,0.023020929,7.710019444576373e-05,-0.045203091,-0.799770978,0.0112,0.0148,0.0175,0.0202,0.0234,0.0258,0.0283,0.0314,0.0348,0.0424,,0.4183591820550969,0.4833843517169849,0.5257462973523982,0.03876309835408183,0.13386227240202273,0.05502818711353919,0.09967291800432802,0.0806550239517611,0.12786173834848646,0.8348330029104196,0.9285937186491926,0.8977084638853636,0.0716300698143324,0.09798357484357419,0.06513189527978408
0.16756,0.024572147,7.197659670288806e-05,-0.10960023,-0.609342229,0.0133,0.017,0.0195,0.0222,0.0249,0.0271,0.0295,0.0323,0.0363,0.0433,,0.41712244418651645,0.4748974036816729,0.8302396847102762,0.0394256835276379,0.11795454000937128,0.06166391447893325,0.09033615991889862,0.09989092559217537,0.11974426693917342,0.9544714662615295,0.85186928454579,0.9275006545055864,0.05518300860060429,0.07141967135860411,0.09786256639697632
0.170997,0.022844843,0.000102188,0.1184320165107776,-0.526415192,0.0096,0.0135,0.017,0.02,0.0227,0.0253,0.0284,0.0315,0.0366,0.0492,,0.4088446399965724,0.49637422578471585,0.6906788338610103,0.03563053069177745,0.14232456096380935,0.06280247066730714,0.06681180720309039,0.09253261070497054,0.10442809464486308,0.9752956560332978,0.8821677905049825,0.8344817907742854,0.07808504359808978,0.096476259157942,0.0883409653836838
0.172346,0.022827215,9.586513307901607e-05,0.016295458,-0.659356166,0.0098,0.0136,0.017,0.0199,0.0228,0.0256,0.0287,0.0318,0.0356,0.0491,,0.38862912798012156,0.4548929132228139,0.9169444858605796,0.04418293133541082,0.14756121349591272,0.08268126406376036,0.07416104918172144,0.11277174678741994,0.12389503046304337,0.8700996202853717,0.9696178151067087,0.9864540757337089,0.08757002153704596,0.09289511355826946,0.09436204617791648
0.121904,0.019552426,7.464774875584403e-05,-0.069182693,-0.847993575,0.0071,0.0111,0.0147,0.017,0.0203,0.0223,0.0248,0.0277,0.0311,0.0375,,0.37253007686890455,0.4929394481750631,0.5386684828555915,0.048260676244079495,0.1398032045348947,0.051427186742082076,0.0664545028020863,0.11460354636763737,0.11343988580636905,0.8274162951479697,0.8075206536458894,0.9294972565046267,0.06796094571526626,0.0711575171758282,0.0831664799947907
0.119386,0.020320962,5.3374462127099765e-05,-0.101832959,-0.661954263,0.0106,0.0134,0.0163,0.0182,0.0204,0.0229,0.0247,0.0271,0.03,0.0386,,0.35637031393652185,0.459038260060127,0.538959999825763,0.0406902505020789,0.12510039548761856,0.07933898845632072,0.07859280045150877,0.10734828532621202,0.12678600890235522,0.8584888296627866,0.9757959598890339,0.8763754939909469,0.05325165018081989,0.0567835059751888,0.07053680119449984
0.131048,0.020739895,5.841310092876621e-05,-0.031530319,-0.682793083,0.0106,0.0134,0.0164,0.0183,0.0209,0.0229,0.0252,0.0281,0.0307,0.0381,,0.3990767104519139,0.4657290446471592,0.7066453698262711,0.04461155676628994,0.11686975589352833,0.07998412489666752,0.08193597593797809,0.11370187064351522,0.10030397872162948,0.8084500907552277,0.9126568390909561,0.9500857948866221,0.058682565585144314,0.06093633977560363,0.08658137762835726
0.122824,0.022006192,5.6665714790142915e-05,-0.180445875,-0.602002119,0.0116,0.0152,0.0176,0.0203,0.022,0.0243,0.0266,0.029,0.032,0.0372,,0.37037146603578536,0.48359152549870754,0.5290746655995846,0.04733779051159076,0.11389990792568046,0.058491887026256295,0.09697056501449476,0.10629884308172155,0.10471142480257832,0.8482178101946863,0.8564151401832406,0.9531989749323415,0.06583811567065517,0.05677893713077472,0.05697198513541912
0.118334,0.021230113,5.2734489849121735e-05,-0.202039975,-0.606521756,0.0111,0.0145,0.0172,0.0194,0.0214,0.0235,0.0255,0.0282,0.0308,0.0359,,0.3746077523992811,0.41983325646711966,0.8708422152497355,0.03569621361552062,0.13449008042196722,0.08175718498126004,0.09197254542155554,0.11018267623613587,0.10680056387052086,0.9845312949876661,0.8158933464965349,0.9950015750751523,0.06851673684089529,0.07684387077509326,0.06455775984016808
0.12226,0.016588566,5.5439987836760656e-05,0.037853267,-0.773125589,0.006,0.0095,0.0125,0.0141,0.0167,0.0185,0.0211,0.0236,0.0267,0.0348,,0.371939972283943,0.411544898662142,0.8501636967692016,0.04670848566031191,0.11879272201483664,0.060269884997935355,0.07667178093216326,0.10800705561717155,0.12591634253534364,0.9082794696805468,0.8155163208614788,0.989607229216997,0.08993495041078427,0.0885439783190141,0.06011054008706616
0.118651,0.022067403,6.385766261556736e-05,-0.078947451,-0.654879239,0.0113,0.0148,0.0177,0.0197,0.0226,0.0243,0.0267,0.0297,0.0327,0.0388,,0.3773360210656018,0.41489800756398465,0.8170457172422573,0.04891280327672704,0.1315196699619349,0.06636081984330947,0.10127427085563771,0.08229959723122608,0.12160289519422006,0.8794388762073013,0.9692943223913956,0.9906820875259809,0.08449910916605329,0.06186159624105773,0.058695402665994184
0.119643,0.018804923,6.964042318894458e-05,-0.03569231,-0.789167861,0.007,0.0109,0.0137,0.0168,0.0189,0.0216,0.0238,0.0266,0.0298,0.0385,,0.37774032635854504,0.4511689431214749,0.8409765885982716,0.03781767346239305,0.11442204911248512,0.06908547534134751,0.07226792334366201,0.0986753998128252,0.13009536627543447,0.908871134711969,0.9586650053723661,0.9282000236860067,0.0668947954592765,0.06197667915340107,0.07198730757738954
0.122063,0.019078873,4.685851249602531e-05,-0.045088096,-0.593700087,0.0098,0.0127,0.015,0.0173,0.0192,0.0209,0.0231,0.0252,0.0282,0.0359,,0.40110932282068834,0.44837682818689273,0.9076832924617025,0.04020468569551463,0.1292809936224661,0.0777539084146328,0.09100529702482661,0.0834509790286132,0.11642629486792995,0.9446283922037699,0.8862651714554574,0.9871356326553036,0.07549498523911026,0.06458242648984126,0.0859075434731615
0.115554,0.020390453,5.562091021671149e-05,-0.060824918,-0.6803225,0.0105,0.0131,0.0161,0.0179,0.0205,0.0226,0.025,0.0275,0.0303,0.0378,,0.3516736330312483,0.48148175308349056,0.8336694949978437,0.039179043244201295,0.11638482897269467,0.07468286780795082,0.101826999039602,0.08780892843963367,0.12541508291192363,0.928799360635195,0.9204856203172247,0.9263557349119668,0.058890279913169814,0.06468842492751722,0.08008485682406952
0.113283,0.017246416,5.9558533113887584e-05,-0.010735774,-0.828110855,0.0069,0.0098,0.0128,0.0148,0.0174,0.0194,0.022,0.0247,0.0277,0.0348,,0.3695566944967909,0.49114306963281584,0.7625289572798868,0.03617776343874029,0.13141468069976955,0.05973862281289563,0.0964122840804556,0.11052897143520792,0.10696554640018159,0.8441246393168756,0.9127006824919461,0.9525114915133398,0.06967352080890364,0.08236662179855597,0.06410406094819067
0.133185,0.018977867,7.169667362486491e-05,-0.035074425,-0.84797558,0.0069,0.0109,0.0137,0.0166,0.0193,0.0217,0.0239,0.0271,0.0302,0.0377,,0.4109837823596277,0.4612684925363885,0.9292542089786715,0.0398233808447813,0.14715609290853496,0.06541551675263615,0.10296167478152508,0.0827180145873606,0.13273088880915443,0.9688948735316311,0.8251567151677897,0.8988694071706406,0.0841304049943903,0.07135652082549782,0.07459102987274363
0.09927,0.01585779,5.340431468451408e-05,0.1118872404796992,-0.717354681,0.0055,0.009,0.0116,0.0134,0.0155,0.0179,0.0203,0.0227,0.0259,0.0348,,0.3568300860147617,0.43729369578844945,0.7247747484459642,0.04118052919089688,0.13658430650564268,0.05043065217807899,0.07485633178727785,0.08761260021199387,0.1005195663226062,0.9219463658748257,0.856228332347425,0.8892591192740347,0.06047515218676915,0.0667672971593377,0.07674778779546011
0.102441,0.018471173,6.813184391542439e-05,-0.046188492,-0.881760507,0.0065,0.0103,0.0134,0.0161,0.0185,0.021,0.0237,0.0261,0.0294,0.0362,,0.38498861313554295,0.4457240160846064,0.5055844965966928,0.04875989142307202,0.12214632798868738,0.06213932103192526,0.09533502026299895,0.10543041560184416,0.12982168567571795,0.8422346878052851,0.8502146722268475,0.9441459884762645,0.06391370780043978,0.08333880204694918,0.09635316058188383
0.127063,0.016590445,5.4190176343761074e-05,-0.039969466,-0.817337351,0.0058,0.0095,0.0127,0.0146,0.0173,0.0189,0.0211,0.0235,0.0266,0.0356,,0.3808456550955227,0.4641472764281654,0.5991329772287984,0.03770818479327709,0.11888026751207512,0.052187425759397145,0.07368556023582964,0.08060832998431065,0.1318325389301916,0.8214619221987254,0.9572089026849327,0.9429707087031277,0.08243577561490747,0.0846934116983888,0.058668910888817934
0.110833,0.016301576,5.086133800679239e-05,-0.016181227,-0.8687945,0.0068,0.0101,0.0118,0.0142,0.0166,0.0185,0.0208,0.0229,0.0259,0.0321,,0.4107282468795278,0.4674481225786463,0.8296347991556519,0.04400554070736373,0.11301237715524261,0.05301804005462423,0.10314592979247379,0.11868982103894815,0.10378490316508043,0.9554310123531988,0.9705142642430934,0.8385985618436493,0.07959380880599788,0.06765575389038554,0.08537058218872157
0.101522,0.014368534,4.312718828340354e-05,0.033537799,-0.853689218,0.0055,0.0079,0.0103,0.0125,0.0144,0.0166,0.0183,0.0207,0.0233,0.0295,,0.395986455265967,0.461923221601085,0.6095717594863761,0.04161990407725389,0.1396885139533355,0.07712045792695256,0.07588093885089683,0.08425685249925982,0.1135568090721044,0.8566974064381487,0.8051337767930942,0.8589370589600179,0.06945865327418445,0.07881841602927636,0.08228745356239137
0.119797,0.0163277,5.250360955311043e-05,-0.019803049,-0.814489477,0.0067,0.0101,0.0119,0.0143,0.0162,0.0185,0.0206,0.0232,0.026,0.033,,0.39009020374137543,0.4378166610097622,0.8939876569027522,0.040483303700051994,0.12096050684560793,0.06920957727624523,0.08688512956645773,0.10244251555047919,0.10437920519936,0.8960524906081309,0.8986842916059108,0.8142155543564468,0.08219301634232516,0.08586865910780356,0.0892762782954796
0.112816,0.016118487,4.1608421069388286e-05,0.000901432,-0.844094553,0.0072,0.01,0.0124,0.0138,0.016,0.0178,0.02,0.0223,0.025,0.0301,,0.40460830257142655,0.4492805508677954,0.7529671323250914,0.042104004248107625,0.14818455778921497,0.07576349941934488,0.09032467178986266,0.10232422185791115,0.09905532509327782,0.8263255384997296,0.9189351728797458,0.9251926956798332,0.07060025486457006,0.08932018548338888,0.09428850097493646
0.121358,0.017216789,6.084047782438195e-05,0.005942295,-0.84906806,0.0064,0.0096,0.0125,0.0152,0.0173,0.02,0.0218,0.0248,0.0279,0.0342,,0.3612634301086817,0.4897559977138981,0.5465358199607656,0.044846465030694144,0.11830977229528773,0.07807381119347602,0.07031957728202305,0.11816124091172726,0.12648412140016704,0.9736787547990073,0.891119362405618,0.9900242369024366,0.08151027443434528,0.07815839824971607,0.05734913384515371
0.144839,0.024940505,8.61947576270233e-05,-0.11520368,-0.758022825,0.0117,0.0166,0.0195,0.0222,0.025,0.0283,0.0312,0.0336,0.0368,0.0448,,0.3680070631655356,0.42449220938650095,0.7558963069306384,0.04731108876370864,0.11371694884950358,0.08429955995674944,0.07869550168025963,0.11706509179350938,0.10365501154094978,0.9216451235740999,0.9317614218936919,0.9404547221192939,0.07136529506993941,0.057081419314797065,0.06922990397451738
0.159162,0.023574503,6.977677202055181e-05,-0.12494261,-0.70352304,0.0126,0.0156,0.0188,0.0216,0.0237,0.0262,0.029,0.0313,0.0347,0.0416,,0.35143757361118494,0.4860967896016322,0.5624542537440412,0.04271439250449711,0.1483107942440259,0.057890719228417736,0.09781238256632276,0.09151891620398415,0.09713662566810766,0.854788204671692,0.8139222219938715,0.8805291987171001,0.06193153875682977,0.06987297015344816,0.05913966462360102
0.155753,0.02248295,9.487074529053228e-05,-0.03456215,-0.741216433,0.0092,0.013,0.0167,0.0196,0.0227,0.0258,0.0285,0.0315,0.0351,0.0471,,0.3593350604944876,0.47644060744632355,0.7758967651034638,0.04455911849115049,0.12902043632645835,0.07634076379894948,0.06684175480622373,0.1133549333856969,0.10364170111972555,0.9215530402748092,0.8143488847493724,0.8376493034625274,0.0883659812875079,0.07943601600647399,0.07512631168061767
0.150814,0.022863423,9.605221302882404e-05,-0.065121371,-0.729671677,0.009,0.0138,0.0173,0.0201,0.0232,0.0261,0.0287,0.0316,0.0359,0.0432,,0.38213589319410635,0.42250140468704067,0.6856230480457342,0.04590505585056157,0.12693025572153066,0.06698900109965067,0.0748285948142728,0.10752482988890515,0.09808036001696299,0.8849738190078573,0.9352004474354259,0.8356464039453123,0.08057442569132597,0.06555714901335433,0.08633832442310176
0.153848,0.023871492,8.668206897928319e-05,0.1031841521097218,-0.587701579,0.0113,0.0151,0.018,0.0215,0.0239,0.0263,0.029,0.0322,0.0363,0.0464,,0.401843926185638,0.45640576373995695,0.6815201060835048,0.04808429742748242,0.12700153639111905,0.06880173255956488,0.07611990122397759,0.10489527594531539,0.09849656981796076,0.879989884235646,0.9641170606441211,0.9857884544762168,0.08459780947254673,0.08123508197981635,0.09683317061257601
0.155794,0.025865336,9.550098782562332e-05,0.1648058683040563,-0.411428431,0.0136,0.0175,0.0203,0.0229,0.0254,0.0281,0.0311,0.0343,0.039,0.051,,0.38114751083738213,0.42605092793903365,0.8135745931499881,0.03770742792930056,0.11983411554659558,0.08220579840558576,0.09853142379247387,0.08573226753028335,0.11713103310759876,0.8507699653588711,0.8382884925731342,0.8911003599688623,0.09246066976590933,0.09681204801949449,0.06251704191520005
0.152913,0.022990395,6.378484907751995e-05,0.022866964,-0.166318549,0.0124,0.0157,0.0182,0.0208,0.0231,0.0251,0.0276,0.0304,0.0332,0.0482,,0.36818462916430944,0.467744541828647,0.7118891371625875,0.03597327523884837,0.11833734810613145,0.0722164711713283,0.0849139395436255,0.08580511042584503,0.11372315606873086,0.8559939475413106,0.9204924184165202,0.8606786771358472,0.06842992945418717,0.0895872885794701,0.07236944508500648
0.155275,0.022683616,9.871766511795996e-05,0.001805238,-0.733088194,0.0091,0.0131,0.0176,0.0201,0.0227,0.0254,0.0284,0.032,0.036,0.0453,,0.3540057942673904,0.4464806547184886,0.6378088110037048,0.04002928550436131,0.12949423773653843,0.05421595802392687,0.07085364654183735,0.08264504304149968,0.12003455663386912,0.8146435556215412,0.9337141398816553,0.94854132970089,0.07398464856312982,0.07562277544200234,0.06095378683793343
0.14575,0.022118072,9.742490880732275e-05,0.068202082,-0.557255824,0.0093,0.0132,0.0166,0.0195,0.0223,0.025,0.0278,0.0309,0.0351,0.0509,,0.36536680578111486,0.42355943834018,0.8037090681841902,0.03864898718571328,0.12185326927892812,0.08252358282564795,0.10101628277802446,0.09578201380028395,0.11006752834256191,0.9323013993274043,0.8074369877480326,0.8440936199829022,0.05784861406329844,0.08578898947572433,0.08031106123261476
0.161821,0.026113457,8.396759641837297e-05,-0.022747912,-0.118012925,0.0143,0.018,0.021,0.0238,0.0263,0.0287,0.0312,0.0341,0.0377,0.0535,,0.38836979848250636,0.48561915209481027,0.8607291226840065,0.044629020975672354,0.13707591595628002,0.07797760787982055,0.0981262484899645,0.10308560983539229,0.11589882078352778,0.8290966819419905,0.881306754194439,0.8545689264174777,0.06815205304869455,0.05427875551534604,0.06143725826271097
0.11873,0.017482889,6.297305546430927e-05,0.088854841,-0.660527197,0.0063,0.0102,0.0124,0.0154,0.0173,0.0202,0.022,0.0245,0.028,0.0375,,0.3816700842424552,0.4530654697417418,0.6514086888673627,0.04141038638395282,0.11649696865889364,0.06455948017650781,0.08908638161502147,0.10482194529330391,0.12013947492175031,0.9833147228133743,0.813900542560891,0.9903248053887493,0.057219470521701364,0.06209466765230041,0.06812081841835319
0.122556,0.017464688,5.81356177304634e-05,-0.068533688,-0.835173371,0.0074,0.01,0.0128,0.0156,0.0176,0.0202,0.022,0.0248,0.0279,0.0342,,0.3934825822740374,0.41587445992273286,0.5868977864394757,0.045402379801013186,0.12759765325460576,0.06213789849555018,0.10300622667237933,0.10240204889423306,0.1152003261630323,0.8837557350700597,0.8324654380606955,0.9353461292924539,0.05158751777119421,0.06167067128186317,0.09598108473729403
0.1293,0.018508936,6.973166464760346e-05,0.006473479,-0.808078484,0.0068,0.0107,0.0132,0.0163,0.0185,0.0212,0.0236,0.026,0.0299,0.0385,,0.3620774245442745,0.48706234312482943,0.7504731918815406,0.03982342378503075,0.13425318736654593,0.053303961230386894,0.09833965623905626,0.10864559981066954,0.12068197715032906,0.9798803524522645,0.8286787213324528,0.8127329138956261,0.07372179021640887,0.08736306482017078,0.09760454651069171
0.133215,0.016823986,5.8063696432258647e-05,0.050895478,-0.694756054,0.0059,0.0098,0.012,0.0148,0.0167,0.0192,0.0214,0.0236,0.0267,0.037,,0.37299204772582883,0.49437483655588965,0.7384095386909608,0.041068269772357655,0.13745675275367517,0.07827264538995167,0.06765043203166599,0.1047170710889032,0.10141681750936554,0.8203318487307596,0.8733011517890107,0.9830102332706214,0.08989877854897271,0.05186223259782957,0.08933528072241918
0.124105,0.01643128,5.356854720872743e-05,0.030307623,-0.689864724,0.0058,0.0096,0.012,0.0144,0.0162,0.0186,0.0208,0.0229,0.026,0.0363,,0.39460504129940777,0.44458745570742597,0.6907925652220099,0.038771578434850164,0.1400615375796722,0.06729859668576199,0.07105271494910785,0.10766419331889904,0.1287603688930408,0.9095869628908033,0.9188850619613518,0.823527532013461,0.08198440128186303,0.06991753471070114,0.07094027916478683
0.113565,0.019450297,7.705157782114578e-05,0.1451722929157957,-0.68469287,0.0076,0.0107,0.0143,0.0168,0.0189,0.0216,0.0246,0.0275,0.0314,0.0431,,0.3801704553541909,0.4767165130780951,0.5489154894163264,0.04220412595510462,0.14896176852050994,0.07755771769282303,0.10103792302814157,0.08877912522726569,0.13100990746494343,0.9147231677357811,0.8178284099326781,0.9834104055605273,0.0760170488645103,0.0938722000610089,0.08141152437414349
0.12066,0.017443463,6.392127024088743e-05,0.068918794,-0.758163968,0.0062,0.0101,0.0122,0.0153,0.0173,0.0202,0.022,0.0247,0.0283,0.0377,,0.41865806922608034,0.4257908439393516,0.8109843804759518,0.047663225793540494,0.12474186639185245,0.07038689044564937,0.08179296731935956,0.10639424041591512,0.09796827626099704,0.9601939540214403,0.8497459068836712,0.9573913073655551,0.06661393461908217,0.0977792859283671,0.0798908926727108
0.115454,0.017428889,6.391305136074847e-05,0.1186775170066553,-0.654206351,0.0063,0.0104,0.0126,0.0149,0.0175,0.0197,0.0219,0.0246,0.0282,0.0402,,0.39253492144415436,0.4681291122322431,0.5550277187636885,0.04706867793039088,0.12409171929837834,0.08173801050179959,0.0937539170161438,0.11119491779049867,0.10831620871044169,0.8532838069598772,0.9631625308500653,0.9903439972317012,0.09329876147352778,0.057078398380605605,0.06268927450815266
0.115254,0.018900216,7.027562436485558e-05,-0.079202286,-0.906780321,0.0067,0.0105,0.0139,0.0165,0.0192,0.0216,0.0243,0.0269,0.0302,0.0362,,0.4040466160200623,0.44671405441919626,0.7197846678051776,0.04354819906426007,0.1127358320953889,0.0637493908609298,0.07482869644620996,0.09160434269319341,0.10648121954439763,0.8949246422702741,0.9597591583307085,0.8525877850110906,0.05734067329886132,0.09003718968952312,0.06586581594288793
0.125702,0.018615019,6.972083104203345e-05,0.012897542,-0.776034575,0.0067,0.0107,0.0132,0.0162,0.0186,0.0213,0.0235,0.0263,0.03,0.0375,,0.4055752171771866,0.4174949949398428,0.6642122351089587,0.04424811101807182,0.12805839534030214,0.0689453676398757,0.10324331851217344,0.0893606515615589,0.12930922364715491,0.9318717146997861,0.886145101671605,0.9149458587066157,0.07508477059377153,0.0727816393425971,0.07354000537883452
0.11673,0.016919694,5.371474076608606e-05,-0.070834281,-0.851843433,0.0072,0.0105,0.0125,0.0152,0.0171,0.0196,0.0215,0.0238,0.0268,0.0335,,0.37908683996559916,0.43613328360690123,0.6880404673923062,0.043958178966757105,0.11371324932545049,0.0653935714597357,0.0708166945936441,0.11755500500378926,0.11910227056164623,0.9216432905942651,0.8861079651933401,0.8076315336784632,0.07916642233171456,0.05312152383189869,0.09323597985977838
0.10999,0.017754326,6.244994089364553e-05,-0.043000722,-0.853000194,0.0075,0.01,0.0133,0.0156,0.0181,0.02,0.0228,0.0253,0.0284,0.0354,,0.4132723409804327,0.4151331235711414,0.6937279994021499,0.03799786498180988,0.1362412331290871,0.05234426621778886,0.06962513760001818,0.09592651866310699,0.11403586658445578,0.9849982105723869,0.8182386677798746,0.9285447680635726,0.05645519679992721,0.09543368562939057,0.059764389414376756
0.116572,0.018222757,6.796437824626684e-05,0.036466013,-0.739693495,0.0065,0.0108,0.013,0.0158,0.0184,0.0205,0.0231,0.0259,0.0293,0.0394,,0.397961741729896,0.49598641108729224,0.6836531379562497,0.04085969123814168,0.1280509820290325,0.07125164909796826,0.08950909296896972,0.0815146227852114,0.12177926160206365,0.9303623618991219,0.9352279570675126,0.9544828997941965,0.08615933066973347,0.08474296500733859,0.09163210738097874
0.111394,0.018815475,6.608684298313142e-05,-0.150338329,-0.848086464,0.0069,0.0109,0.014,0.0167,0.0198,0.0217,0.024,0.0266,0.0293,0.0375,,0.3868940453757789,0.47783327296855266,0.6474973332437844,0.04137180493281552,0.11911056188849953,0.06389884778800968,0.08204736265868291,0.08272991853684086,0.11990763556369478,0.8348895479641386,0.9515461381950381,0.9839012183638319,0.06322331337791756,0.07351356646434413,0.06486337800188739
0.115709,0.017554332,6.638918096955425e-05,0.146981179,-0.545445357,0.0065,0.0095,0.0126,0.0153,0.0175,0.0196,0.0221,0.0249,0.0284,0.0432,,0.4000398975925178,0.41428379265644877,0.6833146024483261,0.038496018121577394,0.1385526886145018,0.07968467837209757,0.08352629374292804,0.10815647144360648,0.10155318916337618,0.8864944061429927,0.8514506792987577,0.9121502957185834,0.08256689268769639,0.05216603632838569,0.0965794287507757
0.116623,0.017698672,5.534307370854942e-05,-0.094394019,-0.844298459,0.0077,0.0103,0.0131,0.0159,0.0178,0.0205,0.0223,0.0248,0.0274,0.0344,,0.4041162444094805,0.4354373091019088,0.5601188225990951,0.037909397286374394,0.12770999915421113,0.07706061741036481,0.08499935244476531,0.09513873199879376,0.10260392279473911,0.83775618581224,0.8209370459953602,0.820557505379379,0.08492603461133949,0.07357095503406841,0.06448639222599917
0.115124,0.016765553,5.735051477756306e-05,0.073392268,-0.795090493,0.0064,0.0094,0.0125,0.0142,0.0171,0.0188,0.0213,0.0236,0.0271,0.0352,,0.3645060460730352,0.4598803705322894,0.5580121621283993,0.041034976462172953,0.1202337401125367,0.06237719327560961,0.09962566980173514,0.09183586559381325,0.11540566780917816,0.8162980647125894,0.9071239518999922,0.8828220354575246,0.08505730682349436,0.08584666895818352,0.08606965946500765
0.126849,0.018596702,6.833059297481506e-05,-0.036691167,-0.851101899,0.0066,0.0104,0.0136,0.0164,0.0188,0.0209,0.0237,0.0265,0.0296,0.0361,,0.39353770307788455,0.4379885180783562,0.7961619335985068,0.035506928701364786,0.14430665058604109,0.07532822593698986,0.0797879123005297,0.10302570773956235,0.12290833006746688,0.8744811600737757,0.9453288793887901,0.8821482404039899,0.06609128589867662,0.07623619205220183,0.058960664565403505
0.118636,0.018325157,7.052099623754426e-05,0.1082600442467323,-0.656978273,0.0065,0.0107,0.0132,0.0161,0.0182,0.0206,0.0233,0.0259,0.0295,0.039,,0.36164280996922155,0.47153256915784647,0.7181103123673019,0.04384668497989133,0.11560857640780485,0.08455288033958712,0.08821693521562561,0.10936665537277272,0.13069106692088525,0.8878004260250466,0.9326257420822313,0.8621789674125173,0.08988616853957344,0.05359952847840673,0.08323628630144457
0.126935,0.018417445,5.8659556800099525e-05,0.083303873,-0.720034022,0.008,0.0111,0.0135,0.0162,0.0183,0.0206,0.023,0.0253,0.0287,0.0384,,0.38062606916048736,0.4212580929020859,0.8592464028850059,0.043914005897947514,0.11375853673952897,0.07827298677087106,0.06874414594921616,0.09664187844758197,0.12365430130030296,0.9732287860110483,0.9061128882897891,0.8953873648634949,0.0625019252795836,0.07014229939333412,0.05890681136251514
0.108676,0.016885071,5.704038543045638e-05,-0.069254809,-0.919701737,0.0067,0.0103,0.012,0.0148,0.0177,0.0192,0.0218,0.0244,0.027,0.0325,,0.35622244622419963,0.4483536182503106,0.739403975418543,0.04848148926355664,0.13505173735009426,0.08371193767263121,0.08944484651809986,0.1082157273748153,0.1300704522211372,0.8992564992123041,0.8843842671848791,0.865603147807326,0.07014811003610671,0.053447163324235034,0.07173076766135152
0.102319,0.016309264,5.407463552140371e-05,0.032578989,-0.818495806,0.0055,0.0097,0.0119,0.0143,0.0162,0.0185,0.0206,0.0232,0.0264,0.0334,,0.36895814897989043,0.49334006143284814,0.6761776221351563,0.043958294729253534,0.1240730851213781,0.06822522746960058,0.08944765109225879,0.08366652499088137,0.11447681931319538,0.8161378524919692,0.863284537963087,0.901775549388531,0.06808762392968765,0.07553427824779081,0.06088794229012873
0.098055,0.017130182,5.999931419520826e-05,0.1305684348919242,-0.683833494,0.0064,0.01,0.012,0.015,0.0169,0.0196,0.0216,0.0242,0.0275,0.0375,,0.3599173743159432,0.45294379632978576,0.671137909750552,0.04497979898255104,0.11915278593205832,0.05907054183124452,0.07190427844344757,0.11217875942410539,0.11499892343671692,0.8920998006916854,0.9430183212022033,0.9504028986956344,0.06512866957107302,0.05352373245119022,0.06398854851764611
0.113846,0.016411018,5.557383486446126e-05,0.050661378,-0.75651816,0.0057,0.0094,0.0125,0.0142,0.0168,0.0186,0.0208,0.0234,0.0266,0.0356,,0.4067057080126608,0.4257209236131369,0.6618712413868135,0.037930913308353666,0.1172069154801205,0.08453741699609806,0.08006994247688375,0.10836909976494684,0.10835923062164993,0.8987604561690006,0.9120048458391469,0.9460915231991297,0.09125658327051642,0.09413020609317352,0.08679824698727043
0.106509,0.016871285,6.220218955708356e-05,0.2190468427885396,-0.404811331,0.006,0.0102,0.0121,0.0142,0.0173,0.019,0.021,0.0237,0.0272,0.0396,,0.3862842440625552,0.4511398001420155,0.6781143370254034,0.045698276588486936,0.11489195675694153,0.05043014427901352,0.08067463935555255,0.08144649791511056,0.12911271706945904,0.8316199392606091,0.9380712985234126,0.8192200511166131,0.05423669261004036,0.06590890618888291,0.06555878132733328
0.099819,0.016558731,5.634466985760883e-05,0.124297336,-0.62417294,0.0061,0.01,0.0119,0.0146,0.0166,0.0184,0.0206,0.0232,0.0269,0.0382,,0.3547540929590666,0.4785219182864671,0.6874696952970957,0.03727823132446633,0.11743263204475111,0.08546950786720083,0.06699316614191062,0.10501962997705531,0.10835164475255497,0.9707174715864394,0.9816227713808765,0.9285150762791081,0.07794860787495991,0.06545007012845655,0.09326732337687284
0.13484,0.016739104,5.449935984169472e-05,-0.071170611,-0.84863622,0.0058,0.0095,0.0124,0.0148,0.017,0.0193,0.0214,0.0238,0.0265,0.0341,,0.4078680942069213,0.4648413600302598,0.5307270657913531,0.048862808428805596,0.1190152768566466,0.059219738067079704,0.07490175907002167,0.11215327758334857,0.10300400532889101,0.9274625024743415,0.9026377925522764,0.9895959654999861,0.06538875598227681,0.09347498164223582,0.059193215608834025
0.1074,0.017008173,6.116507324543022e-05,0.1243374779215552,-0.601180777,0.006,0.0102,0.0121,0.0146,0.0173,0.019,0.0213,0.0239,0.0273,0.0391,,0.418126994708897,0.4931482370647733,0.6030189933756126,0.04716992940992966,0.1383172154960856,0.07844830498827561,0.09648701948225015,0.08078922420507498,0.11826756158138985,0.9683444474278976,0.9515897858785606,0.8726105688798265,0.07920242375515897,0.0636912152732459,0.09032810093275694
0.124641,0.017395241,6.230691013847244e-05,-0.000421869,-0.864208596,0.0066,0.0098,0.0128,0.0148,0.0176,0.0196,0.0223,0.0249,0.0279,0.0349,,0.3874461343928414,0.43305821838073066,0.8497617049378094,0.036896454441051565,0.14039846127791802,0.07264456419884928,0.07512922703751802,0.09809569423267875,0.10677718984464418,0.8879743636794017,0.9400183638201705,0.9296530767401919,0.06271419458827807,0.058972188577924835,0.0732953129182109
0.102581,0.015874822,5.2679715333591726e-05,-0.009516025,-0.896987545,0.0063,0.0087,0.0114,0.0134,0.0157,0.0182,0.0204,0.0229,0.0255,0.0327,,0.38948707952239175,0.4913812996367751,0.8697897387050473,0.04125459811742263,0.13745490338539212,0.07300394955060822,0.0897242286961406,0.1118988282030833,0.13081928403482757,0.9546306194354705,0.8080705621583527,0.8298206984552914,0.08158886827837891,0.08455295534809651,0.07307608459650373
0.201976,0.023316909,0.000102459,-0.025218755,-0.758822391,0.0095,0.0134,0.0173,0.0203,0.0236,0.0266,0.0294,0.0327,0.0368,0.0473,,0.3916459949528323,0.47095364805871015,0.7635757442217657,0.04297090400133609,0.13741654554481209,0.08314034186608342,0.0860735739896984,0.09937697217892409,0.12739460955663431,0.9345338872861624,0.9211130100241806,0.9317753081932819,0.09083589172774742,0.09420000193977907,0.09732401447880534
0.196326,0.019069653,6.519668389045295e-05,-0.025832622,-0.719340114,0.0078,0.0114,0.0144,0.017,0.019,0.0217,0.0239,0.0265,0.0297,0.0385,,0.3549348527988945,0.44661374937969733,0.6969277437239962,0.03943066052299544,0.14535512888020397,0.06610400725973783,0.09630119956728625,0.1154673493000558,0.12000917395838492,0.8933378613154593,0.93738605887062,0.9662356435988599,0.0796520903748711,0.05462543283417167,0.09497704466898695
0.195072,0.024005772,9.841523554743288e-05,-0.134171478,-0.75700633,0.0102,0.0144,0.0179,0.0214,0.0245,0.0277,0.0306,0.0332,0.0369,0.0481,,0.35405942435321497,0.47846192928183695,0.613920653063094,0.03828078986577052,0.12217966741570202,0.06896239179762086,0.0845644063084788,0.10709901512521239,0.1328771498964019,0.8374631212805416,0.8575652546156416,0.8844310385160257,0.08352528328507171,0.08394912679644874,0.05903862928876945
0.187088,0.025966862,9.062721094224666e-05,0.005380332,-0.599429788,0.0131,0.0171,0.0203,0.0231,0.0258,0.0284,0.0316,0.0351,0.0386,0.0491,,0.3624804065810024,0.43013603489648683,0.6715772292352113,0.04298060324782423,0.12134031838640198,0.07164142517169156,0.07874529709519362,0.0975101438636304,0.12468141549774746,0.945832515592704,0.8500035414383942,0.8407575542995097,0.0931522672184795,0.056508535964329275,0.09452452224154335
0.176827,0.026016446,9.79343128337895e-05,0.021623372,-0.74510838,0.0126,0.0166,0.0198,0.023,0.0258,0.029,0.0319,0.0353,0.0396,0.048,,0.37593474000088134,0.40744217528051774,0.6622005127663418,0.03849271470484682,0.14734526923245722,0.07714539324722162,0.08377117845564211,0.09272045000104442,0.12976816690329745,0.9525930548650967,0.924726452520429,0.8673583114899721,0.05147827917471898,0.062118738495130915,0.0729089688267657
0.188104,0.026086214,8.073871469005144e-05,-0.150855665,-0.616599394,0.0134,0.0176,0.0211,0.024,0.0265,0.0289,0.0314,0.0345,0.0379,0.047,,0.38295775536859233,0.4790945489144315,0.6002781592453003,0.043539417679766254,0.14080779822029216,0.05669022807297777,0.09698376577703599,0.08766637893263883,0.11554413625079858,0.8402281046795405,0.870513781371095,0.9525967512931415,0.07249193078171094,0.0781405072289121,0.08893812924576812
0.196549,0.025869767,7.212570913003256e-05,-0.179260611,-0.354738918,0.014,0.0181,0.0218,0.0242,0.0263,0.0284,0.0306,0.0333,0.0367,0.0467,,0.36923161118297576,0.4236980154569509,0.5590723073781177,0.03950920768558654,0.138075856506597,0.06110052919657434,0.07967148630121813,0.1088717631794662,0.10763648728086939,0.8715589384471115,0.8551219711524983,0.8706986501338019,0.07554604974740137,0.05978573065121077,0.06703251868134218
0.187802,0.024974724,7.837757780495147e-05,-0.143752783,-0.707189268,0.0129,0.0168,0.0196,0.0226,0.0254,0.0277,0.0303,0.0334,0.0367,0.0429,,0.35240204907525946,0.48523149982418184,0.7810623194560373,0.049337079572260155,0.13110592177672734,0.07895678763072783,0.07829857297361115,0.09116050497434745,0.09875035532833966,0.81226624580193,0.804599389085342,0.8805326734730887,0.0747204365141575,0.09489201259555992,0.06169062061213102
0.196162,0.020488666,7.514666727849808e-05,-0.11662459,-0.821642296,0.008,0.0123,0.0153,0.0183,0.0208,0.0235,0.0262,0.0285,0.032,0.0401,,0.40913569283497947,0.40528332513481585,0.6207172407671434,0.042320264943258024,0.1396413057352711,0.08377673174463944,0.07399628414127948,0.09475397175906457,0.12984718023291522,0.8752998644667339,0.8950345091515152,0.9325407505323045,0.051398874767003735,0.07719377923228228,0.08536122892097985
0.195211,0.024011367,6.905396712754427e-05,-0.184425588,-0.65541862,0.0122,0.0167,0.0191,0.0217,0.0242,0.0272,0.0294,0.0319,0.0348,0.0439,,0.3962978145680236,0.4911156234911407,0.566336693422411,0.04675949462769455,0.1484312681475531,0.08030716417748614,0.08118662517428417,0.09812405188963358,0.12797334288733223,0.9510528756287103,0.9316253321074516,0.9148385112261938,0.06065423820676624,0.05852362889470221,0.06822866875798812
0.180297,0.02323871,9.616329031887232e-05,-0.092388258,-0.83658286,0.0093,0.0143,0.0175,0.0203,0.0234,0.0264,0.0292,0.0326,0.0366,0.0434,,0.39712120024619185,0.42240033788236936,0.7162575440143493,0.03872707658352817,0.11681263494060218,0.06970245261316399,0.07100540348361133,0.11423597237086174,0.11102773728773495,0.9461095153490211,0.8756777308636782,0.9854578866384156,0.09042564204534735,0.06192478527239796,0.06963611075793795
0.18154,0.025805622,6.70899122086156e-05,-0.392891058,-0.275213263,0.0149,0.0188,0.0214,0.0241,0.0266,0.029,0.0311,0.0331,0.0361,0.0445,,0.37532434098812906,0.4186394383849389,0.8967363199184746,0.044268733391557284,0.1324822334836198,0.08140324281016251,0.10273438863885002,0.08068356320031202,0.12457430874454108,0.9126477256584064,0.8156860417448887,0.8209441925785275,0.06075940696239763,0.0703394600808243,0.07482137225602821
0.176198,0.026721905,7.822326418529292e-05,-0.256571489,-0.503450015,0.0148,0.0188,0.0218,0.0246,0.0273,0.0301,0.0323,0.0346,0.0378,0.0446,,0.41550431118706127,0.40666986574581504,0.5772727362802024,0.03897430729617414,0.1137772219202681,0.06362997289796632,0.09469799074959104,0.1123980371253062,0.11019007319414591,0.8872674102951947,0.8465935109503289,0.9299149363768403,0.07714720500562967,0.08785517424260193,0.06991372040292648
0.177735,0.028624796,9.992028659958832e-05,-0.071794982,-0.457304425,0.0154,0.0194,0.0231,0.0262,0.0288,0.0315,0.0342,0.0373,0.0418,0.0535,,0.3712494180430178,0.4436397678791498,0.6308515855512123,0.04662758421137297,0.14785790716532501,0.07582366043007777,0.07375337129212636,0.08764036980205588,0.11812402556156015,0.923603906292056,0.888976150421669,0.9557797303551224,0.0536640305710596,0.07998011484155054,0.06578826514647979
0.185695,0.025438723,0.000113103,-0.106596718,-0.739545797,0.0105,0.0151,0.019,0.0229,0.0261,0.0294,0.0319,0.035,0.0392,0.048,,0.3713813344751703,0.42397342220619183,0.7868297423013345,0.04587043519262557,0.11360575088312651,0.08549343923495997,0.07677000745361269,0.10762854982911124,0.09965673829633266,0.8705572690735968,0.8631710846358525,0.9040837016125762,0.07925595966012497,0.07741161162710374,0.09151982229296736
0.177978,0.027942183,9.806258432378704e-05,-0.009731514,-0.532939328,0.0151,0.0188,0.0221,0.0251,0.0279,0.0306,0.0337,0.037,0.0406,0.0536,,0.37420438026029246,0.4188565955076433,0.9167520715842697,0.04798801633726354,0.12145283581451007,0.06969104825955998,0.07466793095569774,0.10899796298800164,0.12967553221349076,0.9794816791583573,0.9035017863537109,0.9639847083390596,0.07246382826830051,0.06972642139933076,0.05987142688770087
0.176199,0.030184782,0.000100754,-0.171496058,-0.235106528,0.0169,0.0215,0.025,0.0282,0.0307,0.0331,0.0358,0.0388,0.0431,0.0579,,0.3901219428691659,0.44826337575803893,0.6093258282552523,0.04371804926753502,0.14630594170959685,0.08337599711471361,0.07106847923570946,0.09532045283600553,0.1102465839512116,0.9809692603350911,0.9444443667009987,0.9416056072367238,0.07336380657576906,0.09149443533559676,0.07456635222503205
0.178267,0.02712933,0.000134054,-0.087180115,-0.771229428,0.0117,0.0168,0.0207,0.0242,0.0277,0.0309,0.0342,0.038,0.0423,0.0515,,0.4166297419294181,0.4805907669897615,0.5752328611772736,0.04573468976454809,0.12959165578709278,0.07691482584654745,0.09410198946497954,0.09452338789238589,0.10157025465184873,0.8555100434472404,0.9527657309042141,0.9502388353244369,0.05535335478855141,0.09283740574048314,0.07446809626297604
0.179872,0.024720956,0.000112228,-0.03893973,-0.710385756,0.0106,0.0148,0.0186,0.0217,0.0247,0.0279,0.031,0.0344,0.0382,0.0502,,0.3642802354043491,0.495313709593337,0.862379363763263,0.04230903213265186,0.14917289429354916,0.054474675878847745,0.07248565135833107,0.10375538497490507,0.11837380039773474,0.9631773712867923,0.9894775144111483,0.993482981735543,0.0592049878588226,0.09721364544709825,0.08918832587942095
0.185957,0.025699612,7.664074848743056e-05,-0.101637889,-0.239957119,0.0142,0.0178,0.0208,0.0232,0.026,0.0283,0.0309,0.0337,0.0371,0.0485,,0.3819083853976073,0.49633683106832815,0.5872887365483931,0.03809462225242632,0.14920050692717748,0.08615846547321857,0.07546751122817817,0.11090120741774702,0.11605564578549282,0.8808232911719168,0.8725544529644893,0.9010138016370961,0.05460262924290167,0.07033836316223889,0.06474243556783973
0.097562,0.016831781,5.52797801675424e-05,-0.052369526,-0.791435279,0.006,0.0104,0.0124,0.0152,0.017,0.0195,0.0214,0.0237,0.0265,0.0335,,0.38551415902827113,0.47954437748042034,0.5195054712403402,0.047692394184884274,0.13190754057015155,0.056835623188082135,0.07785249331664053,0.09719053020942123,0.12782744594049755,0.9565779638179188,0.9611940362723241,0.9496995588817599,0.08355919621768078,0.09519282570729944,0.06932899075957291
0.106949,0.016418332,5.67295194895119e-05,0.077462453,-0.772763293,0.0056,0.0093,0.0123,0.0138,0.0163,0.0184,0.021,0.0235,0.0266,0.0348,,0.40720015045372665,0.47178126648166363,0.6090688846698924,0.044889768211873675,0.13611068980195648,0.06590019217041107,0.08042493222025447,0.10274204288904726,0.10118990098657966,0.919972421074118,0.9558199934864241,0.986465048394068,0.08181935213417921,0.08759562548738374,0.06837378136070439
0.120069,0.018195986,6.82536808788888e-05,0.044132953,-0.796541898,0.0065,0.0103,0.0128,0.0158,0.018,0.0207,0.0229,0.026,0.0294,0.0372,,0.3901372219234836,0.42069267189638865,0.5129132465352462,0.04053381319007956,0.1453620611631883,0.06531726966411633,0.07332999115743746,0.10326915862386112,0.10782965280688635,0.9294518434986447,0.9525186958909816,0.9182920748133496,0.08975610847858374,0.06662007876123445,0.08704642125367011
0.118742,0.01972642,9.264384402246647e-05,0.34645214,-0.306682274,0.0077,0.0111,0.0139,0.0166,0.0191,0.0217,0.0244,0.0279,0.0328,0.0496,,0.3844618986797268,0.463240010561356,0.6213414814644045,0.04034976407410781,0.11390986830472587,0.052392708351004555,0.08435270475892667,0.0921466104528107,0.12456747037850242,0.9767662818525039,0.8107891791110775,0.9583597377660117,0.08931447353015552,0.05618314837184314,0.07228172033893407
0.11568,0.018364964,7.05739275666314e-05,0.016419519,-0.827697272,0.0064,0.0107,0.0128,0.0162,0.0184,0.0207,0.0236,0.026,0.0301,0.0391,,0.359875835242879,0.45356450655913805,0.7435826196612166,0.04790487552717576,0.12795262541123784,0.05173925606190675,0.09149917915394104,0.08908553477720901,0.10507792972440447,0.984984697832253,0.9740501703920204,0.9178675881317369,0.07615004804414863,0.06278862684119596,0.09836601322395365
0.103049,0.018143116,5.735996458557183e-05,-0.019914363,-0.820369052,0.008,0.0106,0.0133,0.0161,0.018,0.0207,0.0226,0.0252,0.0282,0.0344,,0.3852844035465495,0.43822072844747234,0.5460297285989052,0.0375255378688063,0.13006889109951889,0.08528517976951804,0.08355221148376114,0.0961294201720474,0.10715773118369312,0.8189922795783581,0.9233509262033996,0.9693211632224065,0.07031688822441404,0.071119662316817,0.09138348733599792
0.099034,0.018860979,6.520546058575288e-05,0.008158228,-0.862763191,0.0082,0.0107,0.0138,0.0169,0.0187,0.0213,0.0235,0.0265,0.0301,0.0354,,0.37468802374381643,0.4502088056344219,0.8828585849314244,0.03962205025308202,0.1255931386740736,0.05366079666117376,0.09620235088348104,0.11709258815094718,0.10583652655874883,0.9837752016356192,0.8402239737115292,0.9691642936020733,0.08536848053214327,0.057291132834148106,0.08361102422230238
0.098253,0.016570251,5.6140952592798446e-05,0.036703548,-0.749454971,0.0058,0.0095,0.0119,0.0145,0.0168,0.0188,0.0208,0.0234,0.0266,0.0361,,0.35158061278214203,0.4090642237393804,0.6595081363460432,0.03537212409712205,0.13758435584522993,0.08584954889058131,0.10175737669772032,0.08952372530053228,0.10727758238901726,0.8397438336763813,0.8685302209745073,0.9402781017445815,0.07878252441076444,0.07162562178320526,0.06075588141575243
0.099518,0.018552921,5.671505398145185e-05,0.1456240053958092,-0.666545737,0.0089,0.0114,0.0139,0.0163,0.018,0.0205,0.0227,0.0254,0.0288,0.0379,,0.35306795485140213,0.45774495310837016,0.89881040140323,0.04813294059360559,0.1252148461573517,0.08152714667693776,0.07515725121359484,0.1034684361499198,0.10849586442650828,0.8066842259022315,0.8483814986718468,0.8509565043159819,0.09018747605773217,0.09475668422750656,0.09600462377663169
0.101926,0.017556646,5.7915155620666734e-05,0.1359548595391258,-0.723855205,0.007,0.0104,0.0125,0.0151,0.0171,0.0199,0.0218,0.0248,0.0278,0.0372,,0.35900971336606563,0.48618069825744664,0.5962605120225375,0.03607975774211447,0.14568235491629847,0.07642847651529498,0.06831624713781492,0.11507710833306384,0.11538848053924597,0.816336021007413,0.9415404405488248,0.9135782710697902,0.05844403584079939,0.05939084081005456,0.08966908259485362
0.159376,0.025056239,0.000104183,0.078271427,-0.623805726,0.0114,0.0156,0.0189,0.022,0.025,0.0282,0.0313,0.0345,0.0383,0.053,,0.4126277367941395,0.4479422180807164,0.8540737538143822,0.04937962004365278,0.14019996951175254,0.05102424096039219,0.08120470115455457,0.11117961540379205,0.10323216775175142,0.8215632935616768,0.9284786399531918,0.8535228966920465,0.06338354315662166,0.0529616531687429,0.06290759091563804
0.150485,0.023133797,8.116549851819818e-05,-0.024972742,-0.711980707,0.0106,0.0144,0.0181,0.021,0.0233,0.0257,0.0283,0.0314,0.0354,0.0457,,0.3895737899154415,0.4885794480271409,0.6586983595989874,0.035405006333143606,0.11811816906082279,0.07554853273737128,0.0845243830354385,0.08489968914775668,0.13037065398252062,0.8755895735065149,0.9119561852171806,0.9581474424412184,0.06703085761480179,0.08641573063917535,0.05931029940903217
0.158111,0.022703927,0.000102636,0.071708224,-0.606242452,0.0094,0.0133,0.0168,0.0197,0.0225,0.0255,0.0287,0.0317,0.0361,0.0496,,0.36613572855172055,0.4939102961879743,0.8865910905549996,0.04228922592252517,0.12360231337065249,0.08356938168373285,0.06979430717399555,0.11695488982490164,0.1129964609345542,0.8044697582382636,0.9217469158772699,0.8160854189826223,0.07915473831195731,0.09638976650896856,0.09683560514256627
0.160981,0.020649524,7.858157075525026e-05,-0.040453921,-0.746522601,0.0081,0.0129,0.0154,0.0178,0.0207,0.0235,0.0258,0.0289,0.0325,0.0422,,0.4122241282367732,0.4191734616674063,0.8633700369563695,0.037680992612966535,0.1490741864433226,0.07595457157910233,0.1007362777957347,0.0945974942152219,0.11932147315831738,0.9561275360035311,0.8212569605659722,0.9108174378992174,0.05908519318449556,0.06414230420106135,0.0723583698371736
0.162464,0.025137346,8.656870722403987e-05,0.038836711,-0.622596957,0.0124,0.0166,0.0194,0.0226,0.0253,0.0277,0.0304,0.0336,0.0379,0.0474,,0.3666061358728171,0.4268911629451225,0.5206011810747474,0.0440355612763929,0.12635325107383616,0.08205117626960519,0.07526969204859203,0.10483408062129956,0.10478927513728344,0.9327266610227026,0.8746551199497516,0.8521872044258609,0.06111305936948733,0.06735566636891462,0.06736806916604035
0.15473,0.022999237,7.259882957100774e-05,-0.051742919,-0.708672627,0.011,0.0154,0.018,0.0204,0.0229,0.0255,0.0283,0.0309,0.0343,0.0437,,0.3765492478358707,0.4686229162725508,0.8211410854819168,0.04823198423298698,0.1292965587052954,0.08591523203785123,0.10394399423419716,0.09369053561076775,0.10042363254011578,0.9047837768318547,0.9459970763865307,0.8232785553330241,0.06396066974282949,0.07058625515404461,0.07121621730851606
0.165959,0.021571446,8.61072385712382e-05,-0.086330672,-0.772149096,0.0084,0.0123,0.0165,0.0189,0.0218,0.0248,0.0274,0.0301,0.0339,0.0436,,0.4154764969373095,0.43973400516677097,0.5947913184614992,0.045718128934430585,0.1252871180581845,0.05426452507576947,0.09236503503989726,0.08799379656978068,0.12157851812850975,0.9124218422303038,0.8067304972771976,0.8646304721587318,0.054770615720083654,0.05673210305767693,0.06847784932541282
0.16316,0.023166914,8.699143871562327e-05,-0.024417459,-0.731818265,0.0101,0.0142,0.0181,0.0206,0.0231,0.0259,0.0289,0.0319,0.0353,0.0451,,0.3884413321624011,0.4575824227028799,0.6919539843814173,0.04055368690428321,0.1444473143543452,0.05968412406793212,0.07891178781810283,0.09956351827075155,0.10827054167707223,0.952622951291613,0.827385778982784,0.9416997442818765,0.09292569612881994,0.0607649890272983,0.06217634100493598
0.173985,0.022337008,7.85320045551584e-05,-0.020708011,-0.858885587,0.0098,0.014,0.0167,0.0202,0.0224,0.0249,0.0278,0.0311,0.0342,0.0417,,0.35655462148154066,0.4529204700528068,0.9050380246393699,0.039383724000168666,0.11792427514683286,0.057061832933807684,0.09405260833625517,0.11125463580463807,0.1122703390663004,0.986793429743253,0.9941614537139221,0.8473203585817578,0.07954283128566002,0.07691160094699145,0.059616916570616525
0.145993,0.020341609,7.991902445550357e-05,-0.023113115,-0.826270606,0.0075,0.0119,0.0151,0.0178,0.0202,0.023,0.0256,0.029,0.0325,0.0389,,0.4133639932816487,0.4182653949909041,0.6573659831407677,0.04824386836643825,0.13916661421793572,0.0574425831205169,0.09509344938178463,0.10465122662074747,0.13170585561033799,0.8595973957532687,0.8865162036659323,0.9314149994858854,0.06651668912769425,0.09569054932600092,0.07977906427981742
0.17842,0.021634125,7.753621109022886e-05,0.145973988,-0.556016394,0.0098,0.0133,0.0162,0.0193,0.0219,0.0241,0.0267,0.0292,0.0332,0.0462,,0.4013206796952253,0.4956383538405552,0.7483871186294656,0.043624645712394605,0.12331063970983819,0.08167740837083633,0.07716614053183295,0.08540612523982771,0.12123795651220008,0.956112656874115,0.953790317237247,0.813159164174172,0.054282814693179395,0.0939702544375057,0.05728104537966538
0.173747,0.022414793,9.335611977979306e-05,-0.04799625,-0.697870526,0.0092,0.0129,0.0168,0.0199,0.0231,0.0255,0.0283,0.0312,0.0348,0.0468,,0.4071540036803614,0.43891251908016815,0.9229317906712691,0.049117433611616954,0.1264705029389668,0.08354861366155658,0.07795854651563967,0.08046920289536634,0.10946149887040962,0.9825098583115024,0.922316659582459,0.8117507894951196,0.08497266353800817,0.07079398450359253,0.08544417363443922
0.174393,0.020776419,7.184128083583815e-05,0.046485012,-0.707709084,0.0089,0.0132,0.0156,0.0181,0.021,0.0233,0.0256,0.0285,0.0322,0.042,,0.402972112631327,0.4153411349652375,0.5716632328965637,0.03826747286150783,0.11777046653340845,0.08134759960242888,0.07807355207563706,0.08957454810646055,0.11243763117379416,0.9403993968107732,0.9599565054573842,0.9239152123794907,0.0684263549127565,0.06833644724295519,0.09575526827595202
0.164923,0.021966495,8.244530191571823e-05,0.030034221,-0.804620498,0.0095,0.0129,0.0169,0.0194,0.0217,0.0244,0.0276,0.031,0.0341,0.0448,,0.35707223760422263,0.45340410177454404,0.622686076256091,0.044403620938557,0.1394445135588787,0.05055522319118284,0.06985036068689543,0.11274263179128258,0.11231752720505962,0.8443381082785004,0.8616724977806088,0.9902435906848442,0.06186823757185056,0.07660303610182982,0.06299379796932122
0.170773,0.021468436,7.247772148036023e-05,-0.068967412,-0.849107388,0.0103,0.0133,0.0163,0.0192,0.0215,0.0241,0.0271,0.0296,0.0326,0.0406,,0.3854730372365068,0.4548756641734835,0.6701298530442145,0.04374088838519138,0.14566907540573953,0.08519216984270969,0.07449687021863903,0.09736710531840506,0.09604475704641542,0.9191683675185663,0.8636367200506072,0.9679636678577082,0.07324459563712911,0.08029065994463518,0.08015581856951376
0.17197,0.019623404,6.041581061698206e-05,-0.037840203,-0.801581148,0.0095,0.012,0.0151,0.0175,0.0196,0.0223,0.0243,0.027,0.0302,0.0384,,0.3570184424789845,0.463823446700913,0.6726776369661416,0.04692504253122087,0.14658985412357708,0.062233436335084526,0.10359790412172577,0.09054793237130872,0.10268791912583373,0.864880512685688,0.9883616260088796,0.8974530050703925,0.06941823196099055,0.06345624517463061,0.07305963371048248
0.17684,0.020415916,7.707725388043432e-05,-0.072172317,-0.727862083,0.0081,0.0116,0.0156,0.0184,0.0207,0.0232,0.026,0.0287,0.0318,0.0445,,0.38750832360613097,0.4396403004720946,0.7177851279685079,0.03610014296291329,0.14388060221398016,0.053556328405978515,0.07663953934495471,0.10467182154929645,0.10916207343727419,0.9610386797470193,0.8304656425542986,0.8730344448832267,0.08666288026781799,0.05462772502611581,0.0954822835032326
0.167554,0.022121663,8.781219478101783e-05,0.103111212,-0.542788092,0.0101,0.0137,0.017,0.0196,0.0223,0.0248,0.0275,0.0306,0.0342,0.0513,,0.3924558675632367,0.45093509207109744,0.6526724052691675,0.042868815981853325,0.1278221004877486,0.06032843388188915,0.07938862921231832,0.11261169357179673,0.12198888331775766,0.8829707319647844,0.9658467479200568,0.8874808535667084,0.0631515983268616,0.09807674875992603,0.07791661075676051
0.175658,0.020429451,7.954383082588371e-05,0.021374536,-0.690837316,0.0081,0.0117,0.0155,0.0179,0.0204,0.0227,0.0257,0.0288,0.0325,0.0439,,0.3993354310927042,0.4237468726775464,0.6352954119424532,0.04894611131156509,0.12499370067851762,0.08154970747868233,0.09554087092677502,0.08216443599975563,0.1165117822426905,0.9109731614597759,0.939857876944333,0.9812046165983945,0.06496319361679286,0.08132498531944529,0.06247328706716942
0.172497,0.019002272,6.744355743736685e-05,-0.121589164,-0.872573972,0.007,0.0108,0.0141,0.0165,0.0196,0.0218,0.0243,0.0268,0.0299,0.0365,,0.37005619726668243,0.4327919105701205,0.5308472400386877,0.047565868766565336,0.13468046086027674,0.062092389639389955,0.08250072753703533,0.08094979322759296,0.1318050305742591,0.9283650546238058,0.9706377152993799,0.8585468394712802,0.06938882422405326,0.08489651750139482,0.07247583110492403
0.154399,0.017705073,5.363316109500832e-05,0.025996751,-0.796197863,0.0081,0.0106,0.0132,0.0153,0.0178,0.0197,0.0222,0.0245,0.0275,0.0349,,0.351964456322426,0.41094935837369817,0.627907664143888,0.04140452034271852,0.12814505618602187,0.05176898654662757,0.08950445123238202,0.10760318271242254,0.10082642324940269,0.8883481902057094,0.8074431228759115,0.879238928228536,0.06873008502460902,0.052193084723899455,0.08458984805636596
0.152634,0.01840396,6.732974870065065e-05,-0.019953059,-0.784349816,0.0068,0.0107,0.0133,0.0163,0.0184,0.0209,0.0235,0.0259,0.0292,0.0385,,0.41183890428905734,0.41191708224742674,0.6588334271259698,0.03787080307123499,0.13951702917892708,0.06432937569461876,0.09520639303495328,0.10036442414990807,0.12284570078018149,0.908087176741968,0.9536982750492566,0.8084474276740138,0.06283432622165176,0.08254917777104749,0.07187912060570097
0.147625,0.018818983,7.162642126659825e-05,0.043096295,-0.676499648,0.0071,0.0106,0.0138,0.0165,0.0187,0.0212,0.0238,0.0265,0.0298,0.0428,,0.3710382295454056,0.4486713320885862,0.7822359035117079,0.04670293500484755,0.1170032545064967,0.07907471275017121,0.09264330222774046,0.10702284787525738,0.1169795810875333,0.868127388291211,0.8418188978676008,0.8390008332207656,0.08254969984520508,0.06801758950466424,0.07075849962415708
0.152752,0.016949062,5.060718089199751e-05,-0.057291484,-0.815880804,0.0073,0.0106,0.0124,0.0151,0.0177,0.0191,0.0212,0.0235,0.0266,0.0325,,0.38875327119549463,0.42624846981992953,0.7836160920738235,0.04805412459076443,0.12216535277541964,0.05239499979502975,0.07315112645440501,0.08617985247814867,0.1290312219680051,0.9027084261900524,0.9647295008073372,0.8282753837358744,0.07520467716114108,0.06079645970476765,0.07373829456195802
0.148279,0.020587571,8.325161001230283e-05,0.1533381968492841,-0.616252004,0.0082,0.0116,0.0154,0.0179,0.0203,0.0228,0.0256,0.0288,0.0327,0.0437,,0.36191198395377644,0.49211727891919366,0.6622383317565956,0.048164016339726584,0.11330795967833926,0.08220673628238208,0.07144774475808305,0.09422503985261241,0.1099393183061572,0.8203331655720778,0.9630970713393897,0.8543357430466632,0.0933024696751325,0.07237455215411626,0.09192100846938984
0.156451,0.018908945,7.368268426086515e-05,0.093430183,-0.687691756,0.0068,0.011,0.0138,0.0167,0.0186,0.0212,0.0238,0.0264,0.0306,0.0389,,0.39672080431830165,0.4239220933824951,0.8056736043284541,0.047859468426112786,0.12919677236113955,0.050522229005810035,0.0717876911231915,0.09443527097861998,0.1264616533776956,0.8672003335315767,0.9547609295400213,0.8748301267849155,0.06786901339148202,0.07189268163294615,0.09405266352449689
0.152792,0.017128934,5.484454681158832e-05,-0.110079655,-0.850532268,0.0071,0.0105,0.0125,0.0152,0.0172,0.0195,0.022,0.0238,0.027,0.0329,,0.4043545461622407,0.49484750544122263,0.8995116985341911,0.04275599539665409,0.13680532176715754,0.08636160411446456,0.10109417588835128,0.08459263682835962,0.13216347786283136,0.94545858667106,0.9251467912300114,0.8768269980591875,0.08875558800067568,0.06879673215936291,0.0850731834580043
0.15268,0.017302841,4.988940674539761e-05,-0.01058697,-0.787118463,0.0078,0.011,0.0129,0.0155,0.0173,0.0196,0.0215,0.0238,0.027,0.0334,,0.3983311579411037,0.4141079034202261,0.7588800765198527,0.03849777067812727,0.11571986211767335,0.07042526441637555,0.07566148297379376,0.11076084123078019,0.10191976473174794,0.9361714926491902,0.9482882221372093,0.8283477251882321,0.06418330038555649,0.06614462590661627,0.09174833882403242
0.14881,0.016982666,5.1609385262037835e-05,-0.063795855,-0.826976844,0.0072,0.0105,0.0124,0.0151,0.0176,0.0191,0.0213,0.0238,0.0264,0.032,,0.3674961784718838,0.43388359488471545,0.6195288392184397,0.04316608377172675,0.1281725464362228,0.0599948363990341,0.07328136388611906,0.11269238091236358,0.1004789867273023,0.8388251939794953,0.9832573880676962,0.9415384080035599,0.05591791202351045,0.09357106034428589,0.08256188381804905
0.151141,0.018523078,5.67780554061874e-05,-0.056545432,-0.830255466,0.0084,0.0112,0.0138,0.0167,0.0186,0.0208,0.0231,0.0258,0.0285,0.0352,,0.4050796148404957,0.46577185062536697,0.7455674532314469,0.042380369370532286,0.13455380755326987,0.07034927074885156,0.07696893574878723,0.08277389868908319,0.09796647514756944,0.849844648295406,0.8113583667796666,0.854131059363416,0.057488667097324225,0.09562755153165484,0.07030677593949605
0.203135,0.021979706,8.668234158779881e-05,0.024978297,-0.618939505,0.0094,0.013,0.0162,0.0192,0.0221,0.025,0.0277,0.0303,0.0339,0.0476,,0.40107210634927587,0.4979488200226168,0.5445250522225932,0.04023593209204482,0.11508908482930744,0.052879144592909155,0.09089009505476474,0.11573560139743136,0.11025263326454061,0.8490728362319077,0.8546317141291229,0.883790898805761,0.05810270610368681,0.06317686567717257,0.06990585419867448
0.197966,0.024096285,9.417210208361763e-05,0.051186978,-0.689516319,0.0107,0.0149,0.0182,0.0216,0.0241,0.0268,0.0295,0.0327,0.0374,0.0461,,0.37351057593358905,0.476920844597895,0.6550933999154605,0.036340914312741834,0.11762760928860355,0.07662073960036868,0.07422387213065167,0.097095904937427,0.10172659958802797,0.817378695341324,0.8274075583255897,0.911208819888554,0.0816993606359454,0.092099735555097,0.07415260234167766
0.179376,0.02190627,8.899764197191802e-05,-0.074682117,-0.779438998,0.0086,0.013,0.0165,0.0191,0.0221,0.0251,0.0277,0.0305,0.0345,0.0431,,0.35326959049690604,0.47180645401031956,0.6483439156859988,0.04641202321086946,0.11271039067358506,0.08126043367351743,0.06853967803885702,0.08901670744530205,0.13299606601038824,0.8482293916100563,0.8279050800257661,0.809231740710063,0.05965492913817539,0.06942703849857453,0.09812633431175806
0.195916,0.023516786,9.02399469191978e-05,0.099312765,-0.646760081,0.0106,0.0146,0.0177,0.0211,0.0234,0.0259,0.0285,0.032,0.0367,0.046,,0.36571873386179166,0.48431229070055476,0.8031324885813099,0.04678551214809573,0.13472029399379884,0.0731901881868217,0.07228052086196142,0.08096436869339124,0.11754915283681837,0.8136587756386187,0.8103010945442727,0.8915729178711299,0.07469291442553665,0.06749783504795413,0.08934386688328595
0.20268,0.022582262,7.752573022543229e-05,0.052248932,-0.580123701,0.0104,0.0143,0.0179,0.0202,0.0224,0.0249,0.0277,0.0307,0.0339,0.0451,,0.360054495402858,0.4876538789533911,0.8463148121276347,0.036428824764971925,0.13056948292446593,0.0716226919080671,0.06604249797608931,0.10586435588828629,0.10551591443179587,0.9218733219003434,0.9112351754165274,0.8075623180709034,0.05746816878575643,0.06821759146793747,0.07344897808116707
0.201558,0.022996902,8.684459176594711e-05,-0.044041321,-0.72209504,0.0101,0.0138,0.0172,0.0204,0.0233,0.0262,0.0289,0.0317,0.0351,0.0476,,0.37804838051422285,0.4583987799823438,0.6610232362974469,0.04176623844314185,0.13308354581244602,0.0846731381063487,0.07961229261328526,0.11838901852313811,0.09732105573787649,0.9741410478110232,0.8977944257878524,0.9687421017898403,0.06031060892099067,0.056379500339651605,0.057971685829162525
0.190738,0.020098736,6.907358430311598e-05,-0.08269224,-0.77017869,0.008,0.0125,0.015,0.0178,0.0207,0.0228,0.0252,0.0279,0.0309,0.0412,,0.40034005615394225,0.46437698386900483,0.720003517807173,0.04327231799031124,0.14747701238360394,0.07476027424987182,0.07307608470803038,0.10306754753012497,0.10932447806859077,0.9889760974280456,0.8216319014618974,0.9101636056848806,0.05110381959206975,0.07282371807472154,0.062002951139997896
0.203631,0.0235264,0.000102947,-0.007681853,-0.713737321,0.0099,0.0139,0.0175,0.0207,0.0237,0.0264,0.0293,0.0328,0.037,0.0492,,0.3577475110382292,0.4383560317195164,0.7607085330237912,0.0365278069733836,0.12383618428686904,0.07798944696843663,0.1009180373897326,0.09614227882072143,0.10500060277748141,0.9742712122384618,0.8245382645276041,0.8216494317111683,0.05463672651116117,0.09246701346335173,0.09837698883722952
0.202986,0.022648035,7.485836796855222e-05,-0.04846431,-0.765832248,0.0106,0.0146,0.0173,0.02,0.0232,0.0254,0.0279,0.0309,0.0342,0.0425,,0.40957466787650987,0.4815537138614244,0.7315291064319799,0.04440003814634699,0.12696324193685157,0.0694061898208359,0.08388377436989236,0.114284625650892,0.10381781922678113,0.9918501674453697,0.9933095202821124,0.9729533327668773,0.07592495873886569,0.09734223146138525,0.0893108363832373
0.202095,0.020857646,7.700799750524223e-05,-0.116771345,-0.794565114,0.0082,0.0125,0.0158,0.0187,0.0211,0.0237,0.0264,0.029,0.0326,0.0401,,0.41591704433214965,0.4657349631188508,0.6813334436506497,0.03619946667761828,0.14880196926344466,0.07763473249076519,0.10006007420795454,0.08332988242345597,0.11819488608016117,0.983908161750861,0.969376051818825,0.9435896078601329,0.0627311424476393,0.06762230228943487,0.08731615024865605
0.168341,0.020588575,7.944239033072445e-05,-0.128684606,-0.852491615,0.0077,0.0122,0.0153,0.0185,0.021,0.0235,0.0264,0.0289,0.0322,0.0403,,0.41874394198989073,0.44600558379890026,0.709145563675827,0.03904169278456188,0.13912699952602148,0.0817427810612591,0.07486301589963587,0.09189715667776717,0.11602101666506237,0.8600578247102452,0.8416965583500828,0.8643200161782439,0.08461596460911579,0.0900722429914294,0.08614047312713587
0.16945,0.02252967,8.749192309013606e-05,0.075783302,-0.689634257,0.0097,0.0136,0.0167,0.0202,0.0226,0.0251,0.0279,0.0309,0.0351,0.046,,0.37381668015405406,0.42749405787433015,0.526514257008677,0.045270335334525444,0.12034668650537167,0.0635400414886929,0.08939808138421856,0.09129360794622733,0.12972677981474617,0.9415936363731261,0.9738496105979487,0.8241904949245709,0.08975316051016848,0.05251439913154991,0.07838926940061348
0.166913,0.026969266,0.000108771,0.034411219,-0.726316515,0.0131,0.0173,0.0206,0.0237,0.0268,0.0296,0.0327,0.0366,0.0412,0.0502,,0.4028982587700989,0.47976143193481496,0.8636174463599224,0.043124863456740874,0.11545097134344155,0.05870047322792669,0.08286817535735518,0.09037393090685615,0.13357152969990932,0.9269271362087378,0.9242915719223236,0.8368349274009885,0.08629105121954485,0.05666484071161393,0.06018250021242831
0.163058,0.023127858,9.231919177325962e-05,-0.049770414,-0.741003191,0.0097,0.0139,0.0181,0.0207,0.0232,0.026,0.0289,0.032,0.036,0.0453,,0.3840678903336999,0.48821777767883373,0.6969474820765227,0.039425329659203236,0.14638104576718727,0.07483583809915073,0.0758568065447632,0.11843741304606613,0.13247379096042516,0.8490469595926108,0.8899157770022857,0.9231499866345806,0.058574981903162425,0.057219882872107775,0.09721032803011041
0.165216,0.022912848,0.000116726,0.2532528676356331,-0.408144505,0.0089,0.0126,0.0164,0.0193,0.0223,0.0254,0.0287,0.0327,0.0374,0.054,,0.3848252697736759,0.4146700574655655,0.856807550059024,0.03596738005955561,0.14192100672403124,0.08261511693484455,0.08482802651496527,0.08105627472293954,0.12646485730023205,0.8682069263246196,0.9130453117326157,0.953991361560408,0.08093050641958228,0.07750827955470133,0.08087586317782948
0.16947,0.024566391,0.000119511,-0.006091054,-0.82881731,0.0099,0.0141,0.0177,0.021,0.0245,0.0279,0.0313,0.0352,0.0393,0.0488,,0.3988599447767162,0.4826378751760414,0.6448324982692273,0.047571709637695726,0.11365708423547631,0.054202410247063584,0.10241379917418987,0.09692319621925269,0.09707157045203715,0.9573332037253887,0.916721907651174,0.8690547560037543,0.06302004145288788,0.06604553823126719,0.08444646201380955
0.171622,0.02221727,8.82169068303304e-05,-0.09536964,-0.803259149,0.0091,0.0128,0.0173,0.0199,0.0224,0.0251,0.0281,0.0312,0.0344,0.045,,0.41038947837347023,0.41079692726460093,0.6187592097334648,0.04933471607275152,0.12032378895330233,0.06564520159765581,0.06543846557937555,0.11843658147572575,0.10971132347274243,0.9739769291437874,0.837072695984816,0.9655878362907676,0.078544403172212,0.07424329094411113,0.06476384955827348
0.169365,0.022266736,8.983297645867472e-05,-0.103111214,-0.788547452,0.0087,0.0136,0.0167,0.0195,0.0231,0.0254,0.028,0.0312,0.0346,0.0424,,0.38908508572850975,0.4225817316455448,0.891255389475394,0.04344891168324356,0.1351192134907337,0.06242483587225896,0.08066617999727257,0.08144618999776382,0.1091734971905305,0.9213554953189087,0.9257220795816057,0.948367247009525,0.07173011092891105,0.09580110397399491,0.09724485607285663
0.173234,0.023771218,9.323650489520556e-05,0.2127241628123768,-0.387726804,0.0113,0.015,0.018,0.0208,0.0232,0.0261,0.0287,0.032,0.0365,0.0496,,0.39734757567295237,0.42325449176353575,0.9131085685319591,0.04823077911483802,0.14885304735766505,0.07949728935163401,0.09838102896210471,0.11802982041241042,0.1037815799245069,0.940162656824872,0.9619360069613794,0.9022054826362026,0.06100564283300963,0.07698533376326817,0.07398422223553712
0.14619,0.022690301,7.266413302334449e-05,-0.038556183,-0.724532467,0.0111,0.0147,0.0174,0.0204,0.0229,0.0251,0.0277,0.031,0.0338,0.0419,,0.4051927750917838,0.4847432344304652,0.7643395399978368,0.03978183260639897,0.13730675089280558,0.07511159245432056,0.10259876398561306,0.0857273121359603,0.12014206678774982,0.9239072185708773,0.8317547768537581,0.8807162340255912,0.06646169045719032,0.07178114837646031,0.09438032740119483
0.151296,0.020949941,5.762253086530218e-05,-0.049660664,-0.542049461,0.0103,0.0139,0.0168,0.0188,0.021,0.0232,0.0255,0.0281,0.0307,0.0437,,0.40217307376787365,0.4621811854897062,0.6302978360748881,0.04608388778075104,0.12060883026411037,0.07590839115428284,0.07693490075125034,0.08754964890803692,0.10607302733866028,0.8314515727676949,0.8134233173483049,0.8539410229285883,0.08513110180827954,0.08994258709897088,0.06767090194802351
0.151426,0.022012391,6.535301965593383e-05,0.007351069,-0.558570063,0.0116,0.0146,0.0171,0.0194,0.0225,0.0243,0.0264,0.0293,0.0331,0.0423,,0.3582996366450684,0.475210374761875,0.781515237060579,0.04136725904342429,0.12000232120021877,0.05457533981352016,0.08482339439763827,0.10256966402991809,0.10276003701619345,0.8951920688780951,0.8608865481807019,0.9588362073692693,0.05250629439170788,0.08410301449245872,0.08879040317832107
0.149255,0.021809081,6.629095452595127e-05,0.07710823,-0.46761615,0.0108,0.0144,0.0174,0.0194,0.0217,0.0241,0.0266,0.0292,0.0324,0.0443,,0.3514355347166697,0.4422230750083949,0.6920100227919207,0.03993505021076858,0.1197022494623262,0.08575550066065839,0.09723543502070033,0.11080907359752568,0.13065170026364925,0.8651895000435675,0.8722720310058653,0.9693839852246245,0.07354771934752138,0.09696449150371013,0.09187578106217553
0.146273,0.021050091,5.035886393795462e-05,-0.194552236,-0.459119118,0.0114,0.0148,0.017,0.0197,0.0213,0.0231,0.0254,0.0274,0.0302,0.0372,,0.40976484513892125,0.4054141987450228,0.7186869736761843,0.04913268683003587,0.11717232633919553,0.08648174251459959,0.07510839110986516,0.09396583823604741,0.12890635047307278,0.884362465026685,0.878050057170933,0.8097382919760593,0.07794560173531552,0.08033928551953272,0.08256763306909462
0.148033,0.020959303,8.763749505114952e-05,0.011481564,-0.81565035,0.0078,0.0127,0.0153,0.0179,0.021,0.0236,0.0264,0.0302,0.0337,0.0419,,0.3943963132642992,0.4014897591716409,0.5580990399422396,0.043727718173470244,0.14614156557581515,0.061997262705173306,0.0862169436897456,0.08226975995875771,0.10022446753614771,0.9105530246347746,0.9852019059426629,0.9532571144576778,0.06339907214157682,0.06751418534334004,0.08231479272747506
0.142238,0.020135097,5.500076907511617e-05,0.011660392,-0.633756761,0.0105,0.0131,0.0159,0.0179,0.02,0.0225,0.0242,0.0269,0.0303,0.0384,,0.3990723406918251,0.461715531394258,0.7195906117515961,0.04923581402274309,0.11846656592216978,0.06692729825026145,0.07459158003410317,0.10003787580107315,0.10225272102037336,0.909341569996876,0.94725697487555,0.8954030892185941,0.08806569482253505,0.08400185339421579,0.09256608609123104
0.151378,0.024013619,7.29195361294899e-05,-0.054963936,-0.558141983,0.0125,0.0163,0.0189,0.0217,0.0243,0.0265,0.0288,0.0316,0.0355,0.0429,,0.38867899712098547,0.47869640373653,0.7846270668585766,0.03947234887480111,0.1226153498400105,0.07412007179395047,0.08381388539250413,0.11092901149384488,0.10936746429125596,0.8195704491028772,0.8526492633755735,0.8279777261130213,0.05977871529510671,0.05262962373308952,0.06007448492660243
0.153478,0.022140691,5.809446044747057e-05,-0.174384002,-0.630500647,0.0115,0.0153,0.0176,0.0206,0.0223,0.0244,0.027,0.0293,0.0323,0.0375,,0.4109751906341111,0.48718764705428197,0.5104696919346835,0.04700556566738658,0.12108533020766209,0.0846903959738955,0.07358037176387208,0.09844357508221781,0.11769212279828742,0.9187071082075997,0.9103424270260628,0.9107005809700038,0.07271668372948581,0.06905210773230305,0.07675110430480615
0.148646,0.021309227,6.26901346295033e-05,-0.016869588,-0.677368757,0.0111,0.0138,0.0165,0.0192,0.0213,0.0235,0.0263,0.0288,0.0319,0.0408,,0.3846667823838623,0.4510391854562363,0.6285638929903837,0.0362383797764554,0.12886161544589178,0.0616568912609509,0.0989824127457572,0.09761630911874865,0.11791263147840178,0.9956444182484153,0.972804958022285,0.9724467176108083,0.08948423991267034,0.06598684936354772,0.06324905731705592
0.153235,0.022942037,7.467235365566497e-05,-0.056775369,-0.764313127,0.0113,0.0148,0.0175,0.0203,0.0234,0.0255,0.0282,0.0311,0.0346,0.0423,,0.37118216967115303,0.45581785722844376,0.7689165651483906,0.04699348996284306,0.12853953686625233,0.08009698493576205,0.08979470634980416,0.08345329547031911,0.102712292329832,0.9248697968318657,0.8575421394827688,0.9903227591812994,0.053541692601159284,0.0962768121503283,0.09350624921798321
0.135364,0.020668671,9.132188219186448e-05,0.1608553566392996,-0.616328215,0.0081,0.0117,0.0147,0.0175,0.0205,0.0232,0.026,0.0291,0.0338,0.047,,0.3803871216344428,0.4028394682025219,0.6128571754924778,0.04180739595932138,0.11309798991396129,0.07050448579720432,0.10198491491046306,0.08664522132376229,0.10003939574295324,0.8722162028927953,0.8669018037241455,0.858357472188677,0.07064130553983139,0.08369656825378236,0.08393240455634828
0.163639,0.02211733,9.916274877123268e-05,0.098883036,-0.603011371,0.0093,0.0132,0.0164,0.0193,0.0221,0.0248,0.0278,0.031,0.0354,0.0508,,0.37886216888377283,0.43061047566463057,0.7883545440219558,0.04100294501514131,0.11437203615210423,0.07686218464149973,0.09847243253301419,0.11835966880149547,0.10179519640952671,0.840645071099353,0.9647994612494795,0.9063450419620148,0.06721365803081734,0.06581647729530204,0.09735720755928934
0.152696,0.020423237,8.784142677557323e-05,0.1812162882080961,-0.545953379,0.008,0.0115,0.0147,0.0174,0.0206,0.0228,0.0254,0.0285,0.0333,0.046,,0.3977410099795169,0.4751632300300941,0.9162001986422941,0.03880248190473305,0.1274036168393532,0.07520337983714782,0.09609471844510822,0.0846744739832596,0.12346748441766685,0.8604880262482176,0.8649414027737047,0.8369870843709891,0.059298898224591313,0.058069517884734106,0.09792307529380512
0.16159,0.024186411,8.168870709868418e-05,0.0330195,-0.550348926,0.012,0.0156,0.0186,0.0214,0.0241,0.027,0.0297,0.0326,0.036,0.0486,,0.3797446818823254,0.444710892064674,0.6500983460116576,0.04475232801286614,0.12545253899201356,0.053955402690322465,0.09033832261081112,0.08188787525292984,0.10042711890791566,0.8850496352875895,0.8994636428908217,0.90621612122947,0.053972596725438415,0.09264492436807426,0.08449807660361093
0.163857,0.022646801,7.24224515215083e-05,0.033062506,-0.557069951,0.0111,0.0143,0.0172,0.02,0.0227,0.0255,0.0279,0.0303,0.0336,0.0476,,0.3767158436468325,0.4219422971705485,0.902240005093141,0.049525655223315104,0.14556990268032735,0.06617560435297919,0.08528917236991179,0.1135592094691912,0.10808780664364424,0.9503279985722716,0.9840281910564157,0.9761971216542359,0.0586899828358448,0.07695261429594939,0.05900067770950899
0.162718,0.024617555,9.597730115363002e-05,0.1945503790954856,-0.319038278,0.0118,0.0158,0.0189,0.0217,0.0245,0.0273,0.0301,0.0333,0.0372,0.053,,0.38733063898997355,0.4634961617739882,0.6437530766028934,0.03767494973656729,0.14910797420285657,0.07779686756743338,0.07189762491712892,0.09249223874665316,0.12320387456834153,0.8061091501335556,0.966541290304775,0.9098685612281824,0.08461731030293908,0.06907393663488737,0.07416521930505657
0.161858,0.020532514,8.008238567538685e-05,0.001591366,-0.717708703,0.0078,0.0125,0.0151,0.0179,0.0209,0.0229,0.0258,0.029,0.0323,0.0412,,0.40230735269732065,0.44118484496273286,0.8471651400260176,0.041580679339119686,0.11528372499190323,0.06153802409104189,0.09664532189802283,0.08314613854226142,0.11892410489010175,0.9704276981639496,0.9585135240385496,0.9549701881422779,0.052975780218264115,0.06698581446932507,0.08284833130931124
0.151022,0.02236942,9.43844756143948e-05,-0.027913694,-0.695495915,0.0089,0.0128,0.0174,0.0199,0.0223,0.0251,0.0285,0.0315,0.0349,0.0448,,0.3959469167074362,0.4937899556302343,0.5985953885299031,0.04706849410276446,0.14037517687755488,0.07898534941110671,0.09867208346364063,0.10070769659460616,0.10618861952105026,0.8403400867938748,0.9564287491386008,0.8303746758441383,0.07211067847476062,0.07421167288974884,0.06817476330961428
0.177027,0.023393304,7.255420211620357e-05,-0.090656155,-0.727922455,0.0124,0.0153,0.0181,0.0213,0.0236,0.0259,0.0287,0.0316,0.0344,0.042,,0.3590122674920693,0.4721338666797142,0.8332845923750297,0.03727392536191167,0.14113444383836019,0.05679501842948384,0.09486003984272559,0.10509658318524592,0.13314854448544064,0.8272787878883946,0.850531241533515,0.8410520480267799,0.07615610891304019,0.06966874976250126,0.09570633147593202
0.16135,0.02240214,7.698352065450045e-05,-0.001221149,-0.799530411,0.011,0.0139,0.0169,0.02,0.0223,0.0251,0.028,0.0304,0.0345,0.0407,,0.3536019849036526,0.43942014821465486,0.8265463541527291,0.04617637082891046,0.1483050085053428,0.07819208759834759,0.07303551272096302,0.10725655770309835,0.11253204338357317,0.9431508116758563,0.9120466836027966,0.9325441406073436,0.06349811695221398,0.07515300055306902,0.09520615673810799
0.15807,0.022623014,9.357588208013258e-05,0.1973711893466697,-0.660478898,0.0101,0.0133,0.0164,0.019,0.022,0.025,0.0286,0.032,0.0359,0.0482,,0.3675326732568744,0.4909785307026602,0.9348143836877814,0.038546408654465875,0.11360582077100047,0.060472319731501654,0.08151766439316473,0.10408640246007786,0.09759573100200165,0.9070285167093673,0.839548390233838,0.9473687786449349,0.07265508316622166,0.08186265332438238,0.08960692884492112
0.142722,0.021237594,8.722299439441e-05,0.084228619,-0.624298215,0.0085,0.0121,0.0155,0.0186,0.0216,0.024,0.0267,0.0297,0.0333,0.046,,0.39144594145647515,0.4137722373727391,0.891934945109914,0.0395517758486323,0.13900239694566577,0.08006428345752621,0.09381630944467372,0.11187239517585629,0.10508682716501125,0.8105671600771688,0.9324598154893659,0.971563637648798,0.08189027751534056,0.07002190573767429,0.08713903852817262
0.145779,0.022178835,0.000102392,0.1381906325633952,-0.570843362,0.0091,0.0129,0.0163,0.0191,0.0219,0.0245,0.0277,0.0311,0.0357,0.0499,,0.37483865795422777,0.43646037452088354,0.6783395265634403,0.03966147423623314,0.14400523020498074,0.06718748039040871,0.08626952880339842,0.08699551113779126,0.1127622186446505,0.9353052429289571,0.8395458166932158,0.8468086120876214,0.06329310580829924,0.06726161376547261,0.06924044771184354
0.136751,0.02048653,8.136827160988402e-05,-0.007941069,-0.708985125,0.0078,0.0119,0.0153,0.0178,0.0205,0.0234,0.026,0.0287,0.0324,0.0427,,0.39869567977704434,0.447516127771522,0.6865300197354415,0.044639484180218146,0.1435956522656545,0.07359808040689292,0.07733582924702306,0.0964111251696186,0.11172378106772264,0.8115593681741927,0.8336709221148191,0.850913410872211,0.07150608918507118,0.06494012169017466,0.07544790104314737
0.141202,0.020970526,9.62255871306973e-05,0.2785072376565757,-0.306568855,0.0086,0.0122,0.0152,0.018,0.0206,0.023,0.0259,0.0293,0.034,0.0499,,0.36174045535663557,0.45928987583888337,0.7513570550392333,0.04023438662257836,0.1302215396221529,0.07003759052231733,0.070234471255844,0.11377746353459597,0.1332240656040766,0.8973496485529491,0.9655559618059857,0.8535748508890576,0.07485007376891598,0.07978975680863032,0.08848057292577288
0.123091,0.021698959,9.791055330224192e-05,0.070145048,-0.724593431,0.0082,0.0121,0.016,0.0188,0.0216,0.0245,0.0276,0.0308,0.035,0.0443,,0.37427406980750716,0.4185510816702021,0.8461292427110045,0.03667669024512212,0.13310378176753224,0.07698298678563492,0.08544606800488053,0.11661290767839831,0.11928832718642365,0.9953895141671858,0.8671734709250215,0.9627691400072947,0.08500310844964987,0.0762952907695507,0.07408925588117829
0.141804,0.020762976,8.349066296957816e-05,-0.022640474,-0.757763983,0.0079,0.0119,0.0154,0.018,0.0208,0.0237,0.0264,0.0291,0.033,0.0426,,0.35562871357834813,0.45022852545192327,0.6028430391492788,0.040618366256692275,0.13581071894912877,0.0713658324613269,0.09147025808059361,0.09148662963212764,0.1276186937007854,0.8883091177475184,0.9791529283758045,0.8455114300848725,0.06569745759558598,0.07660337490802373,0.06121996419830877
0.138304,0.023603049,0.000103434,0.1020326772552075,-0.593372419,0.0104,0.0143,0.0178,0.0207,0.0235,0.0265,0.0294,0.0327,0.0371,0.0509,,0.38996758263943243,0.42260135375689806,0.6987777067293147,0.04742502420950924,0.12771262039602355,0.05105227367051066,0.07138557903759095,0.09460035360256573,0.11052252128568735,0.9011370552608573,0.8763250368187155,0.8568430365202275,0.09239914706803305,0.0953297934561747,0.0898534374673165
0.141601,0.020254891,7.136521461590468e-05,0.009838185,-0.676626408,0.0084,0.0122,0.0153,0.0178,0.0202,0.023,0.0255,0.0279,0.0313,0.0429,,0.3935082366293147,0.41400176700188984,0.654776163279453,0.048206482675848254,0.14757095253236654,0.08018013909991863,0.10129049658208503,0.08163283405424739,0.12413316861973832,0.805685262108962,0.9217586340721289,0.9023700886392988,0.09246184814903184,0.08402462960720357,0.06494574305281162
0.193187,0.022105741,9.855301321112426e-05,0.1559960294284192,-0.427435944,0.0093,0.0131,0.0165,0.0192,0.0219,0.0246,0.0276,0.0306,0.0345,0.0502,,0.3669079107371428,0.4644484103894626,0.6613529374502751,0.0458639090124663,0.129911555604344,0.06783985964344788,0.08544190738816695,0.08864026424881206,0.12106752195931579,0.8918053578095784,0.896513481764639,0.8798850616859147,0.06578005870960968,0.061030965485475985,0.059536693053200994
0.196444,0.025052699,7.00942388106478e-05,-0.205057378,-0.558396116,0.0134,0.0177,0.0203,0.023,0.0257,0.028,0.0303,0.0327,0.0361,0.0443,,0.3557471544141603,0.4593984039610678,0.7046275507307486,0.03948740603133753,0.11309206747108158,0.08027102817074994,0.09592260121994407,0.0931578400297725,0.11779588572294183,0.9106827288332878,0.8546255043084865,0.9200181145968641,0.06042009863821268,0.05457731509065346,0.06797901833728369
0.18734,0.025936994,8.630287096848217e-05,-0.053714915,-0.591205977,0.0135,0.0174,0.0205,0.0231,0.0258,0.0285,0.0313,0.0346,0.0384,0.0498,,0.3814337421887999,0.45045854558263465,0.5714354785131738,0.044109117192594485,0.1457854601399201,0.07830170886505441,0.09033598044555448,0.10981453795479587,0.11533840427858638,0.9693487760154749,0.936393362416865,0.8812389256647662,0.08249607403883176,0.07983481869147646,0.05903948815219673
0.189401,0.026777478,8.601789747298283e-05,-0.110691147,-0.603655459,0.0138,0.018,0.0215,0.0243,0.0273,0.0299,0.0322,0.0352,0.0392,0.0478,,0.417832278048492,0.4457543666949292,0.8130961958693347,0.03713046597543029,0.13653627620340006,0.06088329434370152,0.08069625006118449,0.08931559945621591,0.09821145408375125,0.97545970003481,0.8655459750010315,0.9349316528923763,0.0925874399943282,0.08274019831285896,0.0986600770143341
0.185597,0.024903868,7.719553009773312e-05,-0.123310209,-0.66574065,0.0125,0.0172,0.0198,0.0226,0.0254,0.0279,0.0303,0.0328,0.0365,0.0443,,0.3928563169233484,0.42817594196036296,0.8695284832508221,0.042729640072511114,0.13208849431974454,0.05620275160866107,0.07712842453487594,0.09748431009566744,0.12552040599123074,0.9086194804818374,0.9120698410279243,0.842845268712448,0.06521218453277011,0.0544951827710176,0.07857759870852322
0.189578,0.024144853,6.155931228459189e-05,-0.282488937,-0.210143288,0.0134,0.017,0.0205,0.0226,0.0246,0.0267,0.0287,0.0308,0.034,0.0459,,0.3668225749144997,0.4053775685894766,0.8240875219036625,0.03940623393161962,0.12767127269430417,0.055355591585991716,0.07370176498717222,0.11179856289178915,0.1164861836471117,0.8481949417726277,0.9826662512519129,0.9269424581196832,0.05155296741283673,0.05743224485336687,0.08068365737494972
0.189251,0.022390251,9.139256902618192e-05,-0.085303805,-0.738064779,0.009,0.0129,0.0175,0.0201,0.0226,0.0253,0.0282,0.0313,0.0344,0.045,,0.3862932635940843,0.45005610728202733,0.6577821123457963,0.047259476353916016,0.13231863406046976,0.05713487755069355,0.09353618110614596,0.11359720224186644,0.12890262726219565,0.8421197445831224,0.8763374702802416,0.8513597495475125,0.0646041165897855,0.07074267009854406,0.07703270695837405
0.18942,0.024435259,6.648529465048768e-05,-0.233830722,-0.555146411,0.0127,0.0176,0.02,0.0224,0.0247,0.0271,0.0298,0.0322,0.0348,0.0449,,0.4031204877989103,0.41455962044010175,0.7224340833426706,0.04034333201296277,0.1371556009092839,0.053965573798003076,0.08730646985787635,0.09426732096134462,0.10917859377686495,0.8077146750320268,0.8726039260641161,0.8102219724931743,0.08645422415154795,0.05381699771361549,0.077401867183386
0.19632,0.025042275,7.795944994618424e-05,-0.016281575,-0.447208425,0.0129,0.0167,0.0198,0.0225,0.0254,0.028,0.0303,0.0328,0.036,0.0476,,0.35231521673281313,0.407749801209883,0.8226026548016419,0.0355089875403008,0.11883864387561008,0.05963188290339827,0.07494297758637804,0.09611482427091304,0.10120331235447806,0.8251376393132794,0.9642295959933497,0.8532209578314981,0.08428827632874356,0.06886332641273145,0.09320504030358734
0.185478,0.024517501,7.867966855115153e-05,-0.060752182,-0.694666875,0.0122,0.0167,0.0192,0.0219,0.0247,0.0275,0.03,0.0328,0.0362,0.0443,,0.3781557539970833,0.4286042741917236,0.8601945361921818,0.04680029073234259,0.11762407427156864,0.0799445411612359,0.07229975319616687,0.10648650990802198,0.12419487431491315,0.9046724496770444,0.8463740800989047,0.8082879259161757,0.05489032436012623,0.07335716855463519,0.08884537489568115
0.161237,0.020277807,7.745055493206478e-05,-0.014119803,-0.621398743,0.0082,0.0118,0.0151,0.0178,0.021,0.0232,0.0257,0.0281,0.0313,0.0462,,0.39130886677736465,0.443950358062056,0.6511403753816856,0.04579540225946368,0.13252902897678306,0.0704223528438413,0.09333449947475356,0.11008794682378559,0.1057601893308917,0.9513179603433318,0.9234403362505708,0.9230640417933097,0.09251753810444667,0.0777523221061226,0.058298384790023965
0.157562,0.020939966,7.206097217505892e-05,0.2919967584107441,-0.167274317,0.01,0.0129,0.0155,0.0181,0.0206,0.0231,0.0255,0.0285,0.0317,0.0478,,0.3710405339250363,0.45666291476965504,0.6454845617802374,0.039712618466389585,0.11396853240104984,0.07275326396746695,0.07515875037852789,0.11277212233174654,0.12454572759211455,0.9452247072274215,0.9873956523336783,0.9081442033058397,0.08059334486893319,0.08011633932971779,0.0837004495364262
0.156716,0.022268934,9.495865154201237e-05,-0.040699928,-0.772060225,0.0089,0.0126,0.0165,0.0201,0.0227,0.0252,0.0281,0.0314,0.0352,0.0464,,0.41393298855893523,0.45012204587867344,0.7641187828770922,0.04627264763373184,0.13067814789671775,0.06602062418845621,0.08265282954529074,0.10754980238812135,0.10136081517549271,0.8271859314644895,0.8501975789323502,0.805723057841741,0.08004182001833325,0.06790151566104276,0.06488504370383165
0.154626,0.02131548,6.258120135787775e-05,-0.064111498,-0.722200446,0.0111,0.0138,0.0163,0.0194,0.0217,0.0236,0.0262,0.0289,0.0317,0.0414,,0.35668415046278645,0.47307076215322474,0.5597893564703927,0.043473322976226726,0.1491277079040561,0.06710354973369743,0.10227319659660611,0.11525226424100124,0.12139041556598797,0.9069716198252432,0.9134701341501873,0.8399649664544271,0.09135814591316967,0.09873687737289906,0.08297660580174815
0.15214,0.023702143,0.000125965,0.1597782323340004,-0.699996424,0.0097,0.0137,0.0174,0.0205,0.0238,0.027,0.0304,0.0341,0.0393,0.0521,,0.38873146966288213,0.4717629375949013,0.7581665177006983,0.044497678572048914,0.14021389571558257,0.08532089022297198,0.08153323019046169,0.08363254083363035,0.11455997292215904,0.8197787825600937,0.9511930944072801,0.9223134972846242,0.08126004480858623,0.06531539248853771,0.08713075208156233
0.150692,0.019774725,5.3843864917632055e-05,-0.055788631,-0.73983089,0.0098,0.0129,0.0152,0.0174,0.0199,0.0219,0.0243,0.0267,0.0297,0.0363,,0.3751687568354121,0.46632713400340337,0.9286949495825844,0.046011044568949465,0.11925550729781191,0.06495609699014386,0.0774887768537552,0.1036020745059667,0.1093818322569034,0.919200018774722,0.9496161425276676,0.9646928507488283,0.06187264822094368,0.07050267236697273,0.08279607056664424
0.156658,0.022028624,7.34860976629257e-05,0.074538367,-0.611562218,0.0101,0.0142,0.017,0.0193,0.0218,0.0246,0.0271,0.0296,0.0334,0.0432,,0.4070757282163901,0.4747944793422424,0.7814692363669279,0.04694455531273911,0.14781442114047091,0.06850466327581356,0.07437492984972799,0.11780901675788151,0.09873206851949459,0.8575706188581089,0.9600747172896368,0.9654373212603093,0.07677031854238058,0.08763929064757729,0.07266057547973578
0.152132,0.022162464,6.196615887529882e-05,-0.082990824,-0.533586994,0.0111,0.0152,0.0177,0.0199,0.0223,0.0248,0.0271,0.0292,0.0323,0.0433,,0.3528499139376093,0.46301376533022276,0.6424720479223031,0.046804958815956296,0.11484493631582074,0.0600250706926633,0.0810725377107994,0.11274403594628266,0.10345786555048259,0.9275417316529208,0.8806048512540191,0.9790484973741237,0.05940423239154404,0.07043202692085537,0.08429962766660352
0.15706,0.02004346,7.808417910641342e-05,-0.005588652,-0.717326683,0.0074,0.0122,0.0147,0.0174,0.0206,0.0226,0.0253,0.028,0.0315,0.0412,,0.38500478697969887,0.49387329355391674,0.6842583300963467,0.047795590853585784,0.11991374331683606,0.07246146250677776,0.07419372622291216,0.09390376266390232,0.12769463173067444,0.8641770886629424,0.9497501808567713,0.8359793704391746,0.06349781247952477,0.053015638862984556,0.09050560784027235
0.154462,0.021275598,8.359322318257513e-05,-0.074514985,-0.728404335,0.0084,0.0128,0.0162,0.0187,0.0214,0.0244,0.0269,0.0296,0.0333,0.0434,,0.4129571330942161,0.4369087588331902,0.7998370670205086,0.03775673608595709,0.12235561846224671,0.06934271105281967,0.10336825123305599,0.08588270908693756,0.11567198637414386,0.8245743584827943,0.8530813030714325,0.877777367258557,0.09328638929910885,0.08616291468085496,0.09173865890359456
0.111776,0.018646964,6.878912223939751e-05,-0.033503043,-0.822639132,0.0067,0.0106,0.0134,0.0161,0.0189,0.0212,0.0236,0.0264,0.0301,0.0368,,0.39659898287754203,0.47294881590449567,0.5696651615051895,0.04850897825784939,0.11636426210782301,0.08563084964634637,0.08605586435541152,0.09891038285771749,0.12240178577604952,0.876359005777305,0.931097734507866,0.8865632401683342,0.09067791217738545,0.06830603692206061,0.09149346670040312
0.10131,0.018222764,7.425510109813682e-05,0.1242439746736314,-0.803904477,0.0063,0.0102,0.0124,0.0156,0.0178,0.0208,0.0231,0.0263,0.0302,0.0376,,0.38338516575590303,0.46970671194801533,0.6602703993468779,0.04052046884221557,0.13796195861747348,0.05926437057258207,0.0898664098820741,0.10766604773432414,0.12583949806119182,0.9556972129788036,0.9505790341808448,0.8765072868599586,0.07713136006349058,0.07352460095188494,0.08108435424240229
0.10427,0.016590971,5.832876274601337e-05,0.07362045,-0.732498229,0.0057,0.0094,0.0117,0.0143,0.0166,0.0188,0.0209,0.0237,0.0269,0.0362,,0.40568683581984866,0.4649400665672665,0.640044351694605,0.04353611519313032,0.13891300830944045,0.06777816845984197,0.08291668436162232,0.08714798696992085,0.12068762543633754,0.988513776381809,0.9811829406489826,0.9688272245178985,0.06579757150959381,0.06489524764974473,0.059405814700265513
0.110211,0.019601489,8.066855258979493e-05,0.1403103816687056,-0.465924403,0.0077,0.0111,0.0139,0.0169,0.0194,0.0221,0.0249,0.0278,0.0313,0.047,,0.3752349884631596,0.44701034450426946,0.6222037150658412,0.03737393429510386,0.12513301415740158,0.08257691386636226,0.07100083267953361,0.10905668198570846,0.12074250689858546,0.906277013997552,0.8207240363596909,0.8272571728246997,0.07304607969496732,0.08034573916421293,0.060088131948130265
0.129043,0.01862264,4.851130592572811e-05,-0.025304164,-0.692107941,0.0093,0.0124,0.0141,0.0169,0.0185,0.0209,0.0229,0.0252,0.0278,0.0348,,0.37662088673679345,0.47896057102711037,0.7741545412580758,0.04368520125772344,0.12070123091917753,0.08616257387575721,0.07868920972462573,0.0837452420536755,0.12864124422999038,0.8170865814457339,0.860223279352466,0.9830104761980956,0.07544502661612268,0.06548148856408366,0.07269410249701012
0.111051,0.018754802,4.83342456106028e-05,0.014350257,-0.641791091,0.0095,0.0126,0.0144,0.017,0.0185,0.0205,0.0227,0.0251,0.0281,0.035,,0.409231065290374,0.4286904452717448,0.7048212447093178,0.03957212485464083,0.1431089950146358,0.08639826454540414,0.08859243024195003,0.1140191884228264,0.1284152906289517,0.9976845992968382,0.8436804280743276,0.8828033725256129,0.09273260508823696,0.0985598387685672,0.08630816228839451
0.10192,0.018404057,6.45157501467341e-05,0.064285006,-0.839398177,0.0071,0.0106,0.0135,0.0156,0.0181,0.0206,0.0231,0.026,0.0297,0.0366,,0.35988479443849014,0.49727373810999426,0.7167359434852574,0.03546047906388055,0.1394415572191599,0.0505531812270355,0.06873228740088493,0.08685443988052534,0.10551846520094636,0.9891010093382497,0.8364384761051081,0.9342831725905433,0.0691691630358243,0.092033347846562,0.0692095743813673
0.10008,0.0171577,4.678531925526655e-05,0.1821130433018278,-0.561594841,0.0085,0.0106,0.0132,0.0149,0.0174,0.0188,0.0207,0.0234,0.0265,0.0355,,0.35672319452106194,0.4377961843517444,0.6829585267112535,0.040172079586426296,0.1329696967171947,0.07932988115575179,0.10382918276629949,0.09833565889696214,0.11071721753530103,0.8151870826688707,0.8915530327279848,0.8384714498541571,0.07787879146307372,0.07433393785790939,0.08349906643835929
0.120189,0.017726985,4.28808279631087e-05,-0.044938348,-0.66720846,0.0089,0.0115,0.0136,0.0156,0.0179,0.0196,0.0218,0.0238,0.0263,0.0326,,0.4098484240653,0.48243683284947586,0.8470968068778625,0.040309261387886465,0.1312104433101401,0.05977257953387004,0.08461108635730255,0.11831592340396117,0.1152664863780945,0.9416949005141544,0.8373468658219434,0.9123285013544183,0.07791030027398892,0.08917542531247136,0.09428878535064454
0.13741,0.016474008,5.367351216036585e-05,-0.046398689,-0.85569372,0.0067,0.0098,0.0119,0.0145,0.0164,0.0187,0.021,0.0234,0.0262,0.0326,,0.37866389005042367,0.4773223971714946,0.6854482120940836,0.04262290990655741,0.1283235338892497,0.05245985695566235,0.0711778292750905,0.1128983437094721,0.13197398015781453,0.9801375544653396,0.8510096000261059,0.9524104910680865,0.08761809284390258,0.09818474312727475,0.06253851963866387
0.132176,0.022709615,0.000113105,0.2164225522842583,-0.283576639,0.008,0.0123,0.0161,0.0194,0.0226,0.0259,0.0289,0.0322,0.0367,0.0577,,0.4161096695499862,0.43986839302714,0.6561849731100953,0.03822370483757287,0.1154656257179617,0.07186300943029857,0.09399048190450542,0.09507528190385778,0.09877997580777872,0.8578252787852956,0.8372893215021739,0.9551580036899555,0.07548807176100747,0.07519139729531915,0.0866313432271129
0.135474,0.023202077,0.000115979,0.1489814466938986,-0.678572205,0.0091,0.013,0.0165,0.0196,0.0229,0.0257,0.0293,0.0333,0.0381,0.048,,0.3704720218711936,0.428078371537776,0.6277324060084712,0.04369295779081126,0.13317364168429455,0.05628302325450488,0.09048432671008605,0.08365489582554517,0.11323511089114448,0.8854249199347013,0.8365175783760632,0.9125850348250168,0.08261646978892771,0.0906962344141618,0.05746411227663245
0.135866,0.021153159,8.840476254779717e-05,0.044290773,-0.702630236,0.0085,0.0121,0.0157,0.0182,0.0213,0.024,0.0267,0.0298,0.0338,0.0467,,0.40602415070978976,0.435560116592491,0.6257277435016071,0.04620425068622012,0.1305835055561527,0.07969702730474308,0.09409904045226272,0.11421218799930853,0.11631393794757161,0.8361733153360519,0.8342338049613571,0.813589114932911,0.05997631863403074,0.06517199078479095,0.05748975210182928
0.132388,0.022369684,9.90117257850351e-05,-0.049963214,-0.849720032,0.0084,0.0124,0.0167,0.0194,0.0224,0.0256,0.0286,0.0317,0.0358,0.0437,,0.35723084087714146,0.44414094878114413,0.6787684656962945,0.04376926992201836,0.14472364310023217,0.07916718439267549,0.10351329745395663,0.09458020910884753,0.10175237008929708,0.9647193195213745,0.8863667713179827,0.8770418547760829,0.07416408651274653,0.09738267821112617,0.0686312792232567
0.136516,0.024228836,0.000127653,0.1385257269328525,-0.739448036,0.0097,0.0136,0.0172,0.0206,0.0235,0.0269,0.0304,0.0345,0.0401,0.0495,,0.39889245441366344,0.47185369226034063,0.5119265541668799,0.035496165221527716,0.1358555826589739,0.06345394346613033,0.07703568730346667,0.11121913887063634,0.1203272365362804,0.8799884829320631,0.8972817848598146,0.8428560541236747,0.06665081255383148,0.0613734326299759,0.09811101268145939
0.136646,0.025764095,9.313954448897244e-05,0.1095613930482203,-0.466706279,0.0137,0.0177,0.0205,0.0232,0.0257,0.0285,0.0314,0.0345,0.0387,0.052,,0.38003576057008154,0.49824174065844384,0.6320796782078828,0.041607901995656726,0.13378257190005388,0.07923228863023327,0.07393117856813819,0.09575807958360251,0.11802120335857307,0.8153220786122237,0.9550585412442888,0.9827942318045938,0.05807535927376543,0.08872768415895961,0.061834541352169425
0.135379,0.025195612,7.788005567293293e-05,-0.078057394,-0.589852737,0.0131,0.0178,0.0203,0.0225,0.0249,0.0276,0.0305,0.0335,0.037,0.045,,0.38876225116180957,0.48603439010512367,0.9070485341121465,0.04306089769107278,0.13240011941821356,0.06573701708269616,0.08894185076700574,0.10470684069067422,0.09665603176800343,0.9366471946040952,0.8766983883285083,0.9261064751503258,0.06761926414130986,0.08869460720548626,0.09764103405986387
0.135249,0.022592567,9.8200947476935e-05,-0.068795184,-0.82564546,0.0086,0.0127,0.0169,0.0197,0.0227,0.0258,0.0289,0.0318,0.036,0.0437,,0.3770523674040578,0.4905002251329546,0.6583549914750164,0.04733861288081754,0.11666778841597836,0.052663624722786774,0.09566467370946183,0.08379079369893794,0.13320682715218207,0.8506586650372899,0.9134519080076815,0.9061941329912961,0.052829678619074824,0.08380925129850861,0.08321320996013067
0.128348,0.024615781,8.674691211099985e-05,0.009086704,-0.66984077,0.0119,0.0161,0.0187,0.0218,0.025,0.0276,0.0302,0.0331,0.0369,0.0474,,0.3519634121182352,0.48898651678612337,0.8501903613878004,0.039541907236604244,0.1466658950929728,0.06146425567513552,0.06705892004186247,0.0909333522539103,0.09719621770100068,0.9255539709820159,0.9592841336150374,0.9380251734199841,0.07539172802379698,0.05951369733690287,0.09178653442874422
0.137849,0.020946261,9.27820305374281e-05,0.091130225,-0.734943967,0.0079,0.0114,0.0154,0.0184,0.0208,0.0233,0.0265,0.0302,0.0341,0.0447,,0.414100587818183,0.4497035532775939,0.7474658255839611,0.042922875445789585,0.11792627565753383,0.07523146552204382,0.07933463587836741,0.08530784658315016,0.13101424509648027,0.9307494830599639,0.8411385604003516,0.8384738386055812,0.05653181840155377,0.06896964002000043,0.08064011060591951
0.1244,0.01739897,6.0338368341138946e-05,-0.011307638,-0.767426869,0.0062,0.0101,0.0124,0.0153,0.0175,0.0202,0.0219,0.0246,0.0276,0.0372,,0.38596246753640345,0.48719956707571044,0.6804506374900873,0.04013827844954116,0.11327648399426243,0.05147213884618762,0.0922545871278187,0.09230105311749041,0.11160185021789745,0.9240466480782465,0.8188274875405205,0.9504436207791922,0.07615039496902452,0.08720597150410826,0.09798058683975881
0.125059,0.01865529,6.972897256114075e-05,-0.03200637,-0.846322601,0.0068,0.0107,0.0133,0.0164,0.0183,0.0214,0.0236,0.0268,0.0297,0.0379,,0.4078072187294829,0.4579008379501676,0.9242489226750604,0.047489799170054234,0.13595859183459735,0.07556260838119006,0.06568879613264852,0.11012881363007876,0.09625102126814032,0.8102461703869636,0.8650619786889057,0.8139419785947771,0.09107037733618516,0.05730855234845366,0.08794001326954658
0.123066,0.016376221,5.365808059510805e-05,0.031440956,-0.742777925,0.0059,0.0096,0.0116,0.0142,0.0162,0.0184,0.0209,0.0232,0.0262,0.0367,,0.3941500980962358,0.43356664107480847,0.7457975673070969,0.04081375530640432,0.14357996167114784,0.07322054657469332,0.06805341380639851,0.09852962899653635,0.13288951932863377,0.9250050986158433,0.9463046479185354,0.902675470826414,0.0758262134997726,0.07838003733641793,0.06677799375388106
0.112116,0.018463933,6.383374529894526e-05,-0.035096384,-0.808618261,0.0069,0.0106,0.0137,0.016,0.0187,0.0209,0.0233,0.0259,0.0292,0.0366,,0.38104079587865114,0.48107932947361215,0.5146739865630435,0.04377697750303594,0.12080503719200997,0.0685910108809209,0.06942425303038224,0.112822516387838,0.1253776870894417,0.9546449862616563,0.8402219488543307,0.8111745626935285,0.08298262853500286,0.0611288658098501,0.08608298317195151
0.117642,0.017147031,5.439815217219123e-05,0.060709512,-0.716189512,0.0067,0.0106,0.0125,0.0146,0.0175,0.0192,0.0214,0.0242,0.0272,0.0394,,0.4083419951672096,0.4142824305063113,0.5446053529475868,0.04327728131428812,0.11896351780069205,0.05905104868331201,0.08426015541170642,0.09907554456915928,0.12379598555452641,0.8662120776387697,0.9886006674367126,0.9719574684960391,0.08757803874323314,0.07551880441178764,0.06674973687584942
0.125028,0.01831233,6.146405133612233e-05,-0.094563776,-0.841550646,0.0078,0.0106,0.0135,0.0164,0.0185,0.0208,0.0233,0.0256,0.0284,0.0349,,0.3937301038249516,0.4176130951588409,0.510132963117338,0.037335189308185183,0.124218165553282,0.06334281296022033,0.08770590355785107,0.09832606696844702,0.11960821826954894,0.8144021118387349,0.9590288073774343,0.9445458910734571,0.09155077404963474,0.07633158798375052,0.08559654397377889
0.114451,0.0177058,6.18216241618093e-05,0.002213731,-0.839168725,0.0075,0.01,0.0128,0.0155,0.0177,0.0204,0.0224,0.025,0.0283,0.0344,,0.37920143637465137,0.489878091636385,0.691324149326667,0.04080467220975518,0.14009064125954301,0.06041708447605175,0.07023418267941343,0.10663582283763892,0.10994633537009779,0.9725303032821447,0.9016978797873294,0.9309559125031396,0.05409548492751764,0.05349660938462807,0.0794589441399386
0.122298,0.01799126,7.004739615081453e-05,0.103049577,-0.703912888,0.0065,0.0097,0.0132,0.0154,0.0176,0.0204,0.023,0.0255,0.0296,0.0419,,0.41214261465685453,0.4764337518635647,0.8061945466567575,0.04442965788824236,0.13525939160190245,0.06093358762218077,0.08997280842257799,0.0904337479325291,0.1169460526299104,0.9622462892704969,0.983279008401158,0.8027237654558377,0.08269104001557637,0.08928531117669947,0.06174325795266662
0.123676,0.01838949,6.215837410756399e-05,0.012561962,-0.852300953,0.0071,0.0106,0.0134,0.016,0.0184,0.0206,0.0232,0.0257,0.0292,0.0359,,0.37083239001687335,0.435133068732762,0.9056637228173187,0.040623737507254024,0.13857058781877007,0.081018028090099,0.10035396839291488,0.11862657453445519,0.11620194139127836,0.9210605059165108,0.8288179473006846,0.9735087360055447,0.07605470577354238,0.05700952934996579,0.06229564123769737
0.120369,0.01596955,4.460271111957582e-05,0.012488258,-0.761682995,0.007,0.0101,0.0117,0.014,0.0162,0.018,0.0203,0.022,0.025,0.0318,,0.3664309567021139,0.4626652699828588,0.5461634070019877,0.041562595730959474,0.11647693829818423,0.0540495277889111,0.08770792342185504,0.09771635714158428,0.12536913106124561,0.8290995733697328,0.9457437859575434,0.9739049285407139,0.07411106702459533,0.08483963940778472,0.07936754257452064
0.13521,0.017584855,6.178650955758008e-05,0.01068485,-0.806072152,0.0075,0.0099,0.0131,0.0153,0.0179,0.0198,0.0226,0.0249,0.0281,0.0354,,0.410921906281576,0.4562541108467605,0.7438092306300753,0.03558364147492753,0.1232524129159434,0.06927912319223187,0.09739800560836843,0.11655125307914588,0.11217222600827191,0.9840101789463509,0.8584017548765089,0.9523101703893748,0.08277550353678874,0.07127273463050364,0.07084819187696718
0.122291,0.01837257,6.169366342599202e-05,-0.044966805,-0.871872124,0.008,0.0105,0.0136,0.0164,0.0186,0.021,0.0234,0.0257,0.0289,0.0355,,0.41787432796769775,0.42361194911000366,0.6557146424547017,0.042464038795549684,0.14188366259577426,0.064999216634764,0.082641539140851,0.10818197145151315,0.10738590780905295,0.9186879167549122,0.9910819841004893,0.903656964189394,0.0755276642045007,0.055569434785124786,0.059886910466700825
0.120467,0.01739394,6.672004595191049e-05,0.1669945067551766,-0.652077803,0.0061,0.0102,0.0122,0.0149,0.0175,0.0193,0.0218,0.0248,0.0285,0.0391,,0.3902314528132683,0.46983536240263235,0.6742271295443178,0.04478125550605034,0.14389741633644432,0.07774459334960865,0.0678944083573657,0.11208279344513039,0.10599282130083841,0.8148245103690148,0.8431487332352647,0.8352151110865219,0.06312944256515493,0.08892379124995829,0.06746592314740164
0.124682,0.019599425,7.055444107822658e-05,-0.030009791,-0.820504709,0.0078,0.0115,0.0147,0.0173,0.0195,0.0226,0.0247,0.0273,0.0309,0.0385,,0.38368031086602317,0.4746727001465435,0.7528890183607835,0.04037354663883232,0.1398008677597781,0.05637243303461049,0.10314961338300958,0.08967387607899464,0.10235933664815207,0.8345614410791917,0.8144877968508195,0.9840377957957169,0.0769366782976765,0.08373588231595014,0.08841226804190164
0.125976,0.019284314,6.870893406279768e-05,-0.010828555,-0.836195801,0.0075,0.0115,0.0137,0.0174,0.0194,0.0219,0.0246,0.0272,0.0301,0.0395,,0.3982280675817645,0.49455925975286263,0.5719586982763223,0.0377428664212904,0.12261817825294372,0.05082015692339382,0.06639721564124744,0.1084180437939821,0.10098303174640995,0.9979285882945892,0.9162902186905633,0.8308989885958145,0.08462389811465663,0.0883590652626518,0.0757842802608487
0.130269,0.020635701,8.34716506983388e-05,0.1557323347178054,-0.575389676,0.0084,0.0116,0.0155,0.0183,0.0204,0.0228,0.0256,0.0291,0.0329,0.0448,,0.36760417013918434,0.4368197860165198,0.5677224251308388,0.049553768624086426,0.11481545129305928,0.06222184834690996,0.09166313740822343,0.08479580051774106,0.1107408900566945,0.8223440974623345,0.9468335085354728,0.823849399718542,0.07948245694891715,0.06851614013266565,0.08508986437403909
0.129533,0.018245019,6.19571523849199e-05,-0.124242643,-0.861026363,0.0066,0.0105,0.0135,0.0162,0.0186,0.0207,0.0233,0.0256,0.0286,0.0359,,0.387763407323722,0.47975263338668417,0.8928692150819478,0.03842298984287285,0.1301929302386977,0.05053121009224582,0.09434596212075444,0.11214266291460015,0.12446488225146697,0.883294356613295,0.9808106706491188,0.8995043260464755,0.06737732842769494,0.09787826297049645,0.08840505070675653
0.119879,0.018974238,7.098307320856907e-05,0.061993565,-0.780631385,0.007,0.0111,0.0138,0.0168,0.0188,0.0215,0.0239,0.0266,0.0307,0.0388,,0.35223329914885015,0.4208091296136519,0.6135413337537025,0.03712390306315989,0.11438636460381318,0.060911673919802636,0.09456051815875768,0.11437862731475787,0.130331395972396,0.9401853864818848,0.9935514043111641,0.9959756719680374,0.09375386931418685,0.09125962322884044,0.0794969555999222
0.128081,0.017778934,6.20286139278022e-05,0.001435806,-0.792241184,0.0065,0.0103,0.0126,0.0154,0.0177,0.0203,0.0224,0.0253,0.0282,0.0368,,0.41183093212590666,0.4113596463576901,0.6110373446465595,0.04181486462350654,0.1372610813842396,0.05423167461364522,0.09040268472263034,0.093903591605528,0.11952819249114058,0.9702137623415584,0.8809844311972765,0.9453732784920578,0.07830790078737107,0.09420709584153415,0.08006540182414867
0.125555,0.018781695,6.0248045558430594e-05,0.068848512,-0.687617603,0.008,0.0118,0.0139,0.0167,0.0189,0.0209,0.0231,0.026,0.0292,0.0404,,0.3899335470317991,0.4754693261596022,0.7809102733289985,0.048667782374045454,0.11643955440415396,0.05535589605408855,0.087668562545497,0.08978065336861733,0.132768259025792,0.9839189929807372,0.9867045436547842,0.8334990146027651,0.07475474681312061,0.08222990768732985,0.09671948940688312
0.178766,0.022218238,9.769563102719171e-05,0.1049950314985349,-0.511039139,0.0093,0.0131,0.0165,0.0193,0.022,0.0246,0.0277,0.0308,0.0352,0.0494,,0.3983553571891723,0.4634063730334268,0.761966691997039,0.03827054477189033,0.1403478568735668,0.07740580327534335,0.07753869724581194,0.0805956964379942,0.12909754230766604,0.8812780015621144,0.9892011843244628,0.808675942982695,0.05654707812042547,0.07372825258170485,0.09339390675022477
0.179668,0.021147964,7.744278632624338e-05,-0.090031113,-0.719671604,0.0086,0.0128,0.0161,0.0187,0.0214,0.0241,0.0265,0.0291,0.0324,0.0428,,0.38820893543634694,0.4163924520978802,0.8525418840787025,0.03968817125835548,0.12733596226088512,0.054138511528618656,0.0718844768287958,0.10804767617571605,0.1118200873339314,0.8281670318615313,0.8129417060248376,0.8382843238837356,0.07925801123110408,0.08177966644738786,0.07844313764064495
0.178572,0.023107342,9.321334564929508e-05,0.2313494298675181,-0.45974618,0.0104,0.0138,0.0172,0.0199,0.0229,0.0258,0.0284,0.0314,0.0358,0.0475,,0.3741387496458911,0.44553345710301756,0.7265601830149893,0.04232858507661226,0.13808423353060198,0.07061593657768993,0.09516037683807516,0.116722689678815,0.11603657686854864,0.8223644561506788,0.8395703284850171,0.8788951803813742,0.06507352257689977,0.05979600247366595,0.0726177322788293
0.17652,0.021740805,8.317414685589393e-05,-0.010392211,-0.699401495,0.0089,0.0127,0.0166,0.0191,0.0218,0.0245,0.0274,0.03,0.0337,0.0437,,0.39296488958931575,0.4360844526598062,0.7528521979057934,0.04065210697801215,0.11339469409507656,0.0820551734782315,0.09124003639077527,0.10951296892488734,0.1271882507897762,0.8746479378743051,0.9238252400200906,0.919938195071755,0.07386458837310723,0.06339387974557564,0.06670298734452369
0.177209,0.023635747,8.159372082273982e-05,0.004989105,-0.701183503,0.0111,0.0154,0.0187,0.0211,0.0234,0.0261,0.0289,0.032,0.0357,0.045,,0.3536312426664789,0.4047406809699544,0.6748584798099755,0.04491904055765927,0.13909077834374087,0.0863951176278207,0.09844701994460398,0.11834937165540949,0.11660389779058966,0.807901166012575,0.893377765274592,0.9904149608553232,0.07354266412539674,0.060016961132087356,0.07779478174231934
0.17321,0.023085029,9.169804929202793e-05,0.056072475,-0.709772465,0.01,0.0134,0.0172,0.0204,0.0234,0.0259,0.0287,0.0318,0.0358,0.0467,,0.3805144635231154,0.49154146380722397,0.8264495415544535,0.04110480461160424,0.12029983905594839,0.06399985302551596,0.09549792500350854,0.1137226952517381,0.0986315346878104,0.8598365743761215,0.8757697043153043,0.828782028945909,0.07939216183032699,0.09413426171095421,0.061297561706982924
0.172105,0.022728917,8.452536448367356e-05,0.1929083036175911,-0.431974248,0.0112,0.0145,0.0175,0.0201,0.0227,0.0252,0.0279,0.0309,0.0348,0.0514,,0.41853982923656835,0.42827870462794154,0.5616602645429517,0.04773221371125751,0.14188026604074075,0.0818619516538005,0.0788910724432733,0.08492449576910208,0.11161827027552727,0.8880660384147975,0.8442064291324167,0.9829128202310764,0.0832013459739906,0.05503360870695685,0.06998649243803619
0.175762,0.024381598,9.88644006633582e-05,0.073960286,-0.601077645,0.0116,0.0156,0.019,0.0219,0.0246,0.0273,0.0304,0.0337,0.0376,0.052,,0.41146413525778647,0.46765707525329425,0.8830219056203387,0.04888581667772706,0.120619570751888,0.08385157058138624,0.0866439911113264,0.09301753074243536,0.1211528031034324,0.8588015084322925,0.870570196259527,0.9835800863803351,0.0842072084562167,0.08555886051092476,0.08807120451504395
0.170376,0.021199737,8.382585529767679e-05,-0.005714516,-0.645146602,0.0084,0.0128,0.0161,0.0187,0.0213,0.0241,0.0267,0.0294,0.033,0.0434,,0.41404205075541456,0.4237416305723298,0.803379823678635,0.04793178002858345,0.14766627960372503,0.06472491192057951,0.07109761243921689,0.0952793418503067,0.12147929095536371,0.8215928466942202,0.9716869855744203,0.8287209295002852,0.07270064554645517,0.0982353778099489,0.0966369357653066
0.175243,0.021868025,9.669257674055365e-05,0.085070029,-0.689335388,0.0085,0.0121,0.0163,0.0191,0.0217,0.0246,0.0276,0.031,0.0349,0.0445,,0.36542398733257936,0.4828515766336657,0.8891159709497702,0.045388703820683426,0.1406506851461043,0.07486443562336337,0.10157663504727801,0.11436288740099061,0.12175572491027825,0.9264311512975376,0.9201040198876662,0.8652268752794162,0.06086714954617228,0.06577973058783086,0.096493405392201
0.144759,0.019605719,7.127960938345915e-05,-0.082520588,-0.778920663,0.0076,0.0116,0.015,0.0175,0.0197,0.0225,0.0246,0.0275,0.0309,0.0385,,0.4128064595244973,0.4402460319903199,0.7522859316160632,0.048443515818236756,0.13144651209578856,0.06961421471203016,0.10351570831683103,0.09559580229995812,0.12837031283719752,0.9880478545969329,0.8989697398745087,0.937433274830574,0.060824882653703706,0.09593536831733745,0.0824956801046939
0.145689,0.020667401,5.3785508030433125e-05,-0.065733974,-0.563502905,0.0108,0.014,0.0165,0.0184,0.021,0.0228,0.0249,0.0274,0.0302,0.0376,,0.41561931313458284,0.459299930107195,0.5876172473244263,0.03953215518085089,0.11605448221249418,0.06103678756370392,0.0928708704975959,0.09582272175546219,0.12002009703370885,0.862426132033369,0.9776357266523388,0.8354327125204043,0.08205829176675168,0.0787246959760682,0.08711122166089902
0.146189,0.025741062,7.701074575872728e-05,-0.096528513,-0.370213001,0.0138,0.0177,0.0208,0.0236,0.0261,0.0284,0.0308,0.0333,0.0369,0.0471,,0.41167477033867805,0.4909184547763135,0.7326969694767054,0.037083097855981365,0.1284026120448413,0.06017362821276737,0.08162646690328988,0.10313915581751548,0.10281848527075153,0.9711946864915614,0.9363790929604465,0.9067142945052659,0.05205730088085621,0.08431793173122419,0.06902227361454949
0.143719,0.024085121,6.779421446807884e-05,-0.132795578,-0.354556958,0.013,0.0174,0.0197,0.0218,0.0239,0.0263,0.0292,0.0318,0.0347,0.0448,,0.3859149667813252,0.47487788770259404,0.8085396202758435,0.04073333337350418,0.12708734503302602,0.063714644233646,0.0679482955968479,0.10582978537082684,0.12640873519300996,0.9716612035314205,0.8473310429289446,0.8901832136463269,0.07842865070438879,0.0854193236787563,0.09633444047848437
0.160948,0.025457079,7.418457264422443e-05,-0.217736307,-0.520538412,0.0138,0.0179,0.0206,0.0232,0.0259,0.0286,0.031,0.0333,0.0365,0.0442,,0.3679442284881134,0.485209236869343,0.6744038181042217,0.04654017523104173,0.1354193723419331,0.08170419082508083,0.07633638129798602,0.1046601226126633,0.11288222514320875,0.885723701864936,0.9680344454671066,0.8514373692289438,0.05690870834665445,0.06909596792790866,0.0915649811014688
0.151788,0.024691739,6.646636613677798e-05,-0.326365417,-0.512000925,0.0135,0.0171,0.0205,0.0227,0.0253,0.0278,0.03,0.0323,0.035,0.041,,0.4132931679050086,0.44076809873051787,0.6068025141810429,0.04707546400757861,0.14728139120116807,0.07421264547030185,0.07361376031542197,0.10244664945354906,0.10345425654749987,0.9462729741872987,0.8649864661851989,0.8321420844159438,0.052994585069840235,0.06753985358838192,0.06704254907569118
0.142356,0.024857777,7.353478806804943e-05,-0.245166136,-0.173120537,0.0132,0.0175,0.0206,0.023,0.0254,0.0275,0.0299,0.0324,0.0356,0.047,,0.38980123773187575,0.4513619339055786,0.7818515394487119,0.04512153183904925,0.13418782992292722,0.07716309115214572,0.0868334111885865,0.09940712064482161,0.10687141398642362,0.9501858437996876,0.9017897244506079,0.8297294634406069,0.06144714757749279,0.06951856549915272,0.06673193839941734
0.143094,0.023734176,6.444230017249042e-05,-0.235717018,-0.599381192,0.0128,0.0165,0.0194,0.0216,0.0241,0.0266,0.0287,0.0313,0.0342,0.0401,,0.35469539595530597,0.49575914735060195,0.8911912367449683,0.045919741972076496,0.13121419343398033,0.08191604726250253,0.0785903100907158,0.11123616086563991,0.11396047206184981,0.9571371892181408,0.8909454963522938,0.8354233495911395,0.05637808093220876,0.08014869178854757,0.08168887434523513
0.145182,0.020955234,5.129752665739615e-05,-0.195606755,-0.533622818,0.0111,0.0146,0.0168,0.0194,0.0212,0.0233,0.0255,0.0274,0.0304,0.0369,,0.3712667863357888,0.41982186999195736,0.5855871504562065,0.04619279070676748,0.13191488726430697,0.06081999090916319,0.0943354165511739,0.10529464297290389,0.12091106773326725,0.8636107015108166,0.9035617659791281,0.9714920393094874,0.05572718823550429,0.05388575512574188,0.06015884908460432
0.148439,0.02362106,6.335079978482086e-05,-0.254700564,-0.623571657,0.0126,0.0163,0.0193,0.0216,0.024,0.0265,0.0287,0.0311,0.0338,0.0402,,0.39599377318703305,0.40494861246485747,0.9304519762716388,0.04236496152432586,0.13506959762480142,0.08220194154119558,0.08169341792444823,0.08688397711704121,0.11263806155242792,0.988180833231475,0.8383339156823828,0.8552559027900604,0.07912558633215742,0.0959246669305611,0.06062809634123996
0.163935,0.022072423,6.766647840727304e-05,-0.087325237,-0.784031819,0.0111,0.0139,0.0173,0.0199,0.0222,0.0248,0.0272,0.0299,0.0332,0.0401,,0.3603891666231301,0.47185667316364616,0.6179039763173704,0.047061563369303665,0.12180875907321229,0.07694250953279429,0.09166627191627373,0.09943302846353387,0.10676295827252036,0.8991488322992468,0.8297818021935539,0.9899679815972144,0.05512088392657606,0.061290685887890745,0.07950464234650101
0.165992,0.021399113,8.921938340449019e-05,0.031021087,-0.563829424,0.0086,0.0123,0.0156,0.0187,0.0216,0.0242,0.0275,0.0302,0.0334,0.0478,,0.41024316022841906,0.45781006383647754,0.9053276895732977,0.04028698786349892,0.11309365197844255,0.07886161632446356,0.09715749837036025,0.10344721420395239,0.13305055231438734,0.8476727739928253,0.8600608273102782,0.8121986058393701,0.0798198262874051,0.07167787098046534,0.0787345123707186
0.172393,0.01974757,7.214274120866987e-05,-0.115614043,-0.828844924,0.0074,0.0115,0.0149,0.0173,0.0204,0.0225,0.0252,0.0277,0.0309,0.0372,,0.3706002324503413,0.4051959272475506,0.5717911229989232,0.03563863557562375,0.13575174417956484,0.07599359049497253,0.08927258157127316,0.09341972855065785,0.1310885418407602,0.8065004559159066,0.8443349638226073,0.8101507002176602,0.0772209800883092,0.0663024624792628,0.07477214673764793
0.173361,0.021345975,6.904972979095313e-05,-0.093493994,-0.767703332,0.0104,0.0134,0.0164,0.0193,0.0216,0.0241,0.0268,0.0292,0.032,0.0407,,0.3770560169570775,0.40799541049378046,0.540862702688575,0.04645139942118421,0.1133507147720095,0.0840220735465836,0.087152975670461,0.09084211900045322,0.10927281055794452,0.8730510509947218,0.9822673590095298,0.9906294831397565,0.0757362297425873,0.0974318118520195,0.06607038092372265
0.171724,0.020039387,7.667422267493312e-05,0.002552829,-0.748453955,0.0075,0.0118,0.0146,0.018,0.02,0.0226,0.0253,0.028,0.0316,0.0395,,0.3665577821702629,0.48570317435752525,0.6347585135774928,0.03599931366484817,0.11437670002740402,0.05079393057750271,0.09859956865627739,0.11304077484583072,0.09650388315437533,0.916164906454108,0.9582153987435357,0.9668886998493007,0.08654681452878497,0.058224660332329814,0.08290354324749354
0.178012,0.021179272,8.757710118369905e-05,0.045597476,-0.654306248,0.0084,0.0121,0.016,0.0189,0.0212,0.0235,0.0265,0.0298,0.0336,0.0451,,0.38077070870931473,0.40935124605998435,0.9363239397683895,0.04131726471867531,0.13389914481663037,0.05844725001880214,0.06878331729131437,0.08285006814271285,0.12447067672826011,0.8146495787331505,0.8078967583807725,0.9884700006361457,0.07348280198603312,0.06295903381472616,0.08939815669480683
0.172143,0.019858385,6.92996541026374e-05,-0.032281834,-0.80111671,0.0084,0.0118,0.0151,0.0176,0.0198,0.0227,0.0248,0.0277,0.0309,0.0385,,0.4042562899485414,0.42361850894604386,0.8577819087575547,0.047069363107848906,0.14399955642462775,0.07529784446971867,0.09934850597457182,0.08971943206489578,0.13376789870420808,0.9264870546021449,0.9695130677530189,0.9469002348087874,0.06614819629068283,0.0798853099256933,0.08333392798003979
0.162637,0.021366487,7.53207463745833e-05,-0.033528027,-0.741342782,0.01,0.0133,0.0161,0.0192,0.0217,0.0238,0.0265,0.0296,0.0329,0.0415,,0.3877471770068652,0.419757193460617,0.7284681898541959,0.04631177266482463,0.13673897881928154,0.07449026763414203,0.09364177674299012,0.09142734959962702,0.12955329534694265,0.97588255590173,0.9432766305131303,0.9372380453039142,0.058161257777011775,0.06605062705430821,0.09486985469849232
0.175576,0.021490216,7.389497821857906e-05,-0.056772811,-0.825091173,0.0093,0.0132,0.0163,0.0187,0.0216,0.0243,0.0269,0.0295,0.033,0.0426,,0.3544932976760404,0.42116746428485935,0.56946623469187,0.03795248008066362,0.1265869017765263,0.062085042214465376,0.06608656215120265,0.09594990207417406,0.1337987257664421,0.9699406047915579,0.9168656443876624,0.902350960262364,0.061145762821251455,0.06589141372376334,0.08757823263159586
0.168659,0.020925376,7.158547059966401e-05,-0.046445412,-0.799146812,0.0101,0.0127,0.016,0.0188,0.0211,0.0237,0.0262,0.0288,0.0323,0.0398,,0.36081305222932303,0.45943713797213975,0.7067023273983479,0.044379564233078685,0.14052822282542696,0.07300563443880091,0.08981819210760666,0.11473062198785039,0.11747623394389656,0.976272954166806,0.9567539622213014,0.9588751065795763,0.07599177353662667,0.06455411314105879,0.07205073903535333
0.199237,0.026644007,8.60952947192942e-05,-0.112902252,-0.672944153,0.0137,0.0179,0.0213,0.0242,0.0268,0.0294,0.0323,0.0354,0.0392,0.047,,0.37659861908200387,0.4078674020335859,0.5667109745802283,0.0408787159063548,0.11465314687724651,0.07756816870506691,0.10365535323272825,0.10295732427081007,0.1134548068208331,0.8743896925885958,0.8652549268536569,0.888792170885513,0.07890868947649696,0.06398995526323482,0.09326329943863566
0.201375,0.02585452,8.78892169036801e-05,-0.043482175,-0.68899121,0.013,0.0168,0.02,0.0231,0.0262,0.0291,0.0316,0.0342,0.0385,0.0478,,0.40831919486078355,0.43994271674853697,0.6333227665136955,0.038503989439381825,0.13300806277784544,0.08223998052171423,0.0834857909242986,0.0993568266330072,0.11872218844723566,0.9113514401051107,0.9958406018240883,0.8886550899213004,0.08209640285426106,0.0701744273283929,0.06520591148212934
0.205886,0.026199372,0.000119988,-0.099493111,-0.697977527,0.0111,0.0161,0.0198,0.0232,0.0265,0.0297,0.033,0.036,0.0403,0.0539,,0.40834015478898295,0.44264217270285733,0.8400064669111815,0.04248697956008796,0.11952756176001741,0.07342074461456909,0.07528477728361406,0.08573570769513046,0.12244628307064541,0.8211289526326558,0.8497850472394356,0.9616234605755121,0.05933431021103289,0.0830718848605642,0.07667294507373208
0.20523,0.026530942,9.584248268701332e-05,0.028051271,-0.597329809,0.0135,0.0175,0.0207,0.0233,0.0263,0.0291,0.0321,0.0357,0.0396,0.0495,,0.3994382671426863,0.40296287746281484,0.8095493360317921,0.04598320646660693,0.11799516505033224,0.08110283957337774,0.06603924467483795,0.10992443372043081,0.10506473862935535,0.925921930500532,0.8285351017358219,0.9387086302795256,0.05307196041139252,0.08689686475401831,0.08603326281567772
0.204761,0.025555084,0.000104168,0.098732305,-0.540888904,0.012,0.016,0.0192,0.0226,0.0257,0.0284,0.0315,0.0347,0.0384,0.0535,,0.3541706838100704,0.44137749909759344,0.6076631937619926,0.04513763247680389,0.14815927761991388,0.057209663266502744,0.10293429842136163,0.10185282474578135,0.11995094504778772,0.8948976284763144,0.9431392814727154,0.8266551111363672,0.07274198794893584,0.06974474327186567,0.06745379118790847
0.20008,0.025591936,7.915315810352939e-05,-0.182490928,-0.723637723,0.013,0.0174,0.0203,0.023,0.026,0.0286,0.0311,0.0342,0.0376,0.0437,,0.41273248948667934,0.4212555620855819,0.7918698584764247,0.036277771472544296,0.13254557994393057,0.07128160977039599,0.06990799820895346,0.1026726176085182,0.11700190592516553,0.9906696043693605,0.81443118407201,0.8336591985034669,0.0744944266855925,0.056288327544679155,0.08864529637477093
0.207672,0.025716431,0.000117906,0.030765196,-0.564203966,0.0116,0.0164,0.0202,0.0232,0.0262,0.0292,0.032,0.0353,0.0402,0.0521,,0.37401199740451246,0.4490162699463203,0.6673069714893409,0.03778407962805737,0.12670036506731674,0.0856105483601549,0.09632190081509594,0.10582712348260045,0.12513798413467997,0.8216005283336617,0.9795681220427872,0.9883901930045497,0.07217877042673375,0.07838026643680973,0.08915516949344975
0.209683,0.027573394,0.000102153,-0.1633685,-0.776231172,0.0132,0.0176,0.0215,0.0249,0.0287,0.0315,0.034,0.037,0.0406,0.0482,,0.3579902353514671,0.4946850837245932,0.585726119689976,0.03626210347963668,0.13908517035981485,0.055966359650618504,0.07614961765550317,0.1092954461722824,0.09624523804746,0.8232959773255161,0.8987370536112419,0.8349869911651039,0.05204551821950493,0.09398632084870073,0.058192096287897274
0.199537,0.026701361,9.727444796583762e-05,0.07994729,-0.493271032,0.014,0.0183,0.0215,0.0241,0.0268,0.0294,0.0321,0.0355,0.0402,0.0518,,0.3853476729159053,0.48995114914035565,0.809152799824472,0.04038248471803234,0.11599656282903853,0.07908193986236124,0.09494902559877604,0.09129772347318925,0.11830692511655015,0.843819763076272,0.8277174049538161,0.93578441865792,0.09234764395221873,0.09674141179098245,0.07226975838046054
0.201162,0.023864253,0.000104718,0.053838011,-0.514364603,0.0106,0.0149,0.0186,0.0216,0.0243,0.0272,0.0302,0.0332,0.037,0.0521,,0.4052244649497797,0.4757981087142176,0.7287936061572944,0.042814047117168096,0.1368475249837052,0.07927579145187183,0.07442871849438705,0.09378522315094309,0.09896148298279031,0.9268747851758993,0.8097632999328842,0.9338022651187136,0.06178298974134291,0.07738512276817958,0.0920810898093036
0.173234,0.029608124,0.000102525,-0.161296978,-0.388770204,0.0169,0.0209,0.0242,0.0273,0.03,0.0327,0.0355,0.0385,0.0428,0.0515,,0.38146477997588146,0.4067812709030803,0.5350160030462315,0.03834460697582235,0.13960068578217766,0.07974976543526492,0.09187328370792888,0.08351772118124914,0.10012036982179214,0.8611397714485799,0.9524383661821517,0.9057508092401073,0.09306066577654348,0.09661703337073078,0.08365143005161364
0.184225,0.029862894,9.84539875714676e-05,-0.139865088,-0.374606176,0.0174,0.0213,0.0246,0.0276,0.0302,0.0327,0.0353,0.0386,0.0433,0.0515,,0.38493365909861504,0.4123713908666853,0.7987359766505827,0.04675802457529595,0.13753529072645643,0.05641100882170363,0.06932594387363299,0.11147343021614069,0.10303760062495626,0.981851317015652,0.8860399680185238,0.8336904300305821,0.09371969756567679,0.095867867212018,0.06679233502659324
0.17076,0.024634795,0.000107697,-0.107959201,-0.737555661,0.0102,0.0146,0.0183,0.022,0.025,0.0282,0.0311,0.0342,0.0383,0.0481,,0.40363363432056404,0.4924227012638243,0.5049401721823189,0.04464043271992079,0.11842570563118487,0.0649682368824804,0.09385429532488178,0.09267516489574845,0.12277826476215442,0.9340864202326637,0.9329132196316307,0.9113900111654945,0.08278058081875088,0.09103303965278352,0.057099117777449006
0.179125,0.030855945,0.000106756,-0.205773799,-0.482775091,0.0169,0.0215,0.0251,0.0285,0.0312,0.0339,0.037,0.0403,0.0446,0.0532,,0.4027998544847612,0.42372704687606366,0.8833977868533126,0.03760749627254071,0.1286589592432247,0.05692987661872242,0.07019295242811024,0.09100766578769498,0.1298586630554182,0.8545390084364887,0.9500545817865038,0.887654966667604,0.08819233983165616,0.06054236017128107,0.09343577489146862
0.176807,0.029081644,8.824997675062407e-05,-0.27690266,-0.253296325,0.0168,0.0208,0.0238,0.0268,0.0295,0.0319,0.0345,0.0375,0.0415,0.0495,,0.40838364081098605,0.49593378953832096,0.8633110754065878,0.04086814337092652,0.13098349142469695,0.08689170850673647,0.07636158017613832,0.08353400455690473,0.12434624769776269,0.8234098732021756,0.9561691839686813,0.8568982354719465,0.0882979673161847,0.07168096865272072,0.06060409855129137
0.175295,0.030721728,9.84070988965476e-05,-0.522535621,-0.062836404,0.0174,0.0223,0.0261,0.0291,0.0317,0.0341,0.0366,0.0393,0.0428,0.0503,,0.40982520646006315,0.4280914248448888,0.7592533044184344,0.035455196300432076,0.12483836751877526,0.06368036703590965,0.07154870170136006,0.10741847093619354,0.12123265594431086,0.9589181719266024,0.8704265037180956,0.931044126227942,0.09061658129493749,0.08510305923796022,0.059421308950981196
0.152467,0.029017548,9.43804405632056e-05,-0.286094036,-0.536989314,0.0158,0.0199,0.0234,0.0266,0.0296,0.0325,0.0352,0.0383,0.0417,0.0491,,0.3857828133762399,0.4554332016059409,0.5647394803551649,0.03846838385055349,0.1208655149203611,0.05545716619298932,0.07621114427269683,0.10055048730791226,0.11526806423259828,0.8911319727731053,0.985160269068755,0.8236939260349865,0.0582164200755667,0.07545094893074013,0.060212588527575765
0.182572,0.027633897,8.26605438960825e-05,-0.303740632,-0.541991761,0.0156,0.0196,0.0224,0.0252,0.028,0.031,0.0337,0.0362,0.0391,0.0451,,0.3735130829425444,0.41665501038054714,0.7460328827889782,0.047358334091696624,0.1233960360599772,0.06535127919693552,0.0943455682499641,0.11787628829471493,0.1177312119922381,0.9676882383052702,0.8081729945090131,0.8909694070025352,0.08013625103368664,0.09443748281360063,0.07503283752517931
0.164269,0.027317855,0.000143161,-0.064285604,-0.798646757,0.0115,0.0168,0.0209,0.0245,0.0281,0.0316,0.035,0.0388,0.0434,0.0525,,0.3824958361892912,0.40644156288037625,0.8296008018933814,0.04890212914955788,0.13992533554559974,0.06472412023438376,0.07579246071349806,0.11187928172243851,0.13175395102842433,0.8099178071000019,0.9606622742614163,0.9521425052375793,0.05772066089546121,0.09212440301303088,0.0943392329884008
0.171326,0.022950346,9.754070639200932e-05,-0.116088774,-0.842018166,0.0089,0.0138,0.0172,0.0201,0.0234,0.0264,0.0289,0.0322,0.0365,0.0434,,0.36868159209338514,0.4321144337533714,0.5526315458033425,0.046720925799056345,0.1344333505458883,0.08395428194171632,0.09446316258488445,0.11315174936541535,0.11813981639492074,0.8605988379222475,0.9677166953766098,0.9100612885393725,0.08416403910941743,0.08603289121111833,0.08003955606907241
0.145043,0.019390062,6.257406819089026e-05,0.019599671,-0.757151613,0.0084,0.0118,0.0145,0.0174,0.0192,0.0216,0.0243,0.0266,0.0303,0.0391,,0.35090895971659036,0.4788265741752565,0.6017785674907669,0.048991130789677165,0.1318079846086495,0.0540648317829822,0.09251772094039501,0.11359103557357028,0.12813633679793207,0.9012082879253087,0.9243959566924269,0.9580821884970449,0.09163026799231094,0.08899746607490414,0.06521171649675582
0.143092,0.018906154,7.03910129238149e-05,-0.007968701,-0.772872876,0.0071,0.0114,0.0138,0.0165,0.0191,0.0215,0.0241,0.0271,0.03,0.0408,,0.4132388337368217,0.48067159071926074,0.7931206678363648,0.04879178731446878,0.12333275318104987,0.05685634632257495,0.06745834277371773,0.10159579306966306,0.1336733702111214,0.9231985763111398,0.9269664571402498,0.8841202168031134,0.06548857923732491,0.09829886291306972,0.07921317739397267
0.145157,0.017648815,6.205434754019156e-05,0.004273648,-0.848519448,0.0064,0.01,0.0129,0.0152,0.0175,0.0201,0.0225,0.0253,0.0282,0.0365,,0.38501908607043445,0.47660588518138425,0.5474904389712963,0.03949941680495465,0.1310017213464961,0.08114138249753214,0.08135399303441296,0.10550767401723884,0.12280067164107257,0.808298738967132,0.8124759698651612,0.8773400246093672,0.08709358291542232,0.07653385627478301,0.06848426025975286
0.141362,0.017498976,5.7093923199534544e-05,-0.051734683,-0.822739617,0.0075,0.0101,0.013,0.0156,0.0175,0.0202,0.0219,0.0247,0.0278,0.0344,,0.39527335520086426,0.4388218120930612,0.5043859047152192,0.036778913624071916,0.14323242686904797,0.07361059035179868,0.08752842201710725,0.0974939088126352,0.10797454955600731,0.8258158783477542,0.8288765856769841,0.9486361646141872,0.059555364413782834,0.05584832134353451,0.057015650806248014
0.141124,0.017589646,5.0009613784566455e-05,-0.011126674,-0.795905693,0.0079,0.011,0.013,0.0156,0.0174,0.0196,0.022,0.0238,0.0273,0.0329,,0.40379102121678206,0.4360724324574416,0.5981161130828803,0.03707772000347194,0.1401983453513434,0.07686294708238416,0.09002023115149221,0.10851811633354172,0.1264584054474344,0.8349588312611679,0.9461279866876795,0.8631465638864824,0.0874337701864423,0.08440066814133167,0.0836235855434309
0.144575,0.019063006,6.78571347142455e-05,-0.081821575,-0.792690095,0.0073,0.0112,0.0143,0.0171,0.0192,0.022,0.0241,0.0266,0.03,0.0385,,0.4078932463049575,0.46848589302654,0.6167271595776128,0.049162843630570274,0.11611994738589237,0.08044056000970726,0.0727155659839663,0.08816056405269304,0.12334062166741519,0.8456954532381658,0.8784173659046496,0.862561104652975,0.07390444063369081,0.05704406335938172,0.08209252007463981
0.165528,0.018980346,7.246145962338804e-05,0.1040536670318045,-0.576796938,0.0072,0.011,0.0141,0.0164,0.0187,0.0215,0.0238,0.0262,0.0305,0.0419,,0.4024943707433735,0.468630453616354,0.8824751935196944,0.04301387926715608,0.12286706808454706,0.0809289945353501,0.09870890225735583,0.09557878098576247,0.13094966182808443,0.8541272315971841,0.8727345851379399,0.9522888031668036,0.05472946429291438,0.07591706012353093,0.07577562977024259
0.143918,0.018903385,6.386577168654774e-05,-0.021003319,-0.808949263,0.0076,0.0112,0.0141,0.0166,0.0191,0.0215,0.0234,0.0265,0.0295,0.0377,,0.4040108280990314,0.42472561264714925,0.7490403616665915,0.04837824117449119,0.1480930773354084,0.05512514018974055,0.10096492785995698,0.11508639620050229,0.09964782762187835,0.9374865082999675,0.8924364706343892,0.8642411143316103,0.06225354659545088,0.061199303860425006,0.057269698515170074
0.144394,0.019627756,7.925163064863622e-05,0.1568529878922165,-0.639364181,0.0076,0.0108,0.0143,0.017,0.0193,0.0219,0.0245,0.0278,0.0317,0.0437,,0.3762201793155254,0.49419907654174056,0.8676767836496501,0.04501352950001403,0.13754391669338234,0.05660831851230914,0.06549983751184435,0.08478411069412861,0.12058461380908747,0.8626211390919927,0.9117865018952881,0.8843709753974744,0.08841801659888172,0.05457921805706273,0.0750510498108875
0.138965,0.020619043,9.440030442821796e-05,0.1946772742561399,-0.62811114,0.0078,0.0111,0.0148,0.018,0.0203,0.0227,0.0256,0.0297,0.034,0.0448,,0.3555834950999111,0.4323484060523385,0.542175505695612,0.04274574021835037,0.1165933376894642,0.06286267453255395,0.082957436541209,0.10772447170055585,0.12925910119986694,0.9150553507854354,0.9037768297422908,0.8186298815705221,0.07050595716995872,0.0776095631024334,0.09258800405359731
0.199135,0.024522433,0.000111468,-0.013569214,-0.697166212,0.0108,0.0151,0.0189,0.0221,0.025,0.0281,0.0311,0.0344,0.0385,0.0521,,0.3553883847574852,0.43563179333061947,0.5109134194270293,0.03983328541096318,0.14496366435028862,0.06271739936258937,0.09050344031953397,0.10702816986671766,0.10909055168425501,0.9165706219749269,0.8933451882526289,0.9339246742315802,0.06633613015871764,0.05378732312053897,0.07157116867306175
0.201731,0.024575596,0.000101947,-0.10606564,-0.638997229,0.0107,0.015,0.0186,0.022,0.0251,0.0281,0.0305,0.0335,0.0374,0.0495,,0.37437816706478605,0.47523142693595816,0.6155400425783581,0.03748499362970984,0.14332214147636396,0.08466026026353426,0.09848662548165783,0.11827220255485743,0.11743875326559762,0.8427260210322112,0.9621365859878371,0.9173955255850699,0.08003005128247377,0.060927221005432255,0.088902384005592
0.195529,0.023805239,0.000100823,-0.112763881,-0.767828143,0.0099,0.014,0.0178,0.0211,0.0241,0.0275,0.0302,0.0331,0.0371,0.0478,,0.40342626705214546,0.42307592569203567,0.8994442378692084,0.0483058052698161,0.14787987562826335,0.08228185892152488,0.10296463107058393,0.08251733396145089,0.11802545314161413,0.8400602095222467,0.8300500665980065,0.9354563188029713,0.06617810697787521,0.0591564068870425,0.06493318207990316
0.199838,0.027998607,9.9361484248071e-05,-0.071499394,-0.600787916,0.0147,0.019,0.0223,0.0254,0.0284,0.0312,0.0339,0.0369,0.0409,0.0512,,0.3775152482000188,0.4137410303680218,0.742165851275523,0.04509960218331537,0.14550415078140624,0.05462642684143253,0.06775467738677503,0.10065922173714514,0.09740553087533678,0.8457517845074345,0.992108649887005,0.8372355706032082,0.05675483486339142,0.07889431188097017,0.059051987224177725
0.199718,0.024777383,9.455269576535852e-05,-0.117880361,-0.82755988,0.0109,0.0153,0.0194,0.0223,0.025,0.0279,0.0309,0.0342,0.0378,0.0456,,0.3862556029861479,0.49686661467129833,0.5601260935652579,0.041681535603704814,0.13427310617301405,0.06817469275405665,0.07558408276878952,0.11708536877189836,0.11423526748838182,0.8321972694489485,0.870733227043872,0.8147192595964593,0.07805732224101472,0.07762147997474801,0.09449828717108469
0.201836,0.023792523,9.95383257403573e-05,-0.087491348,-0.711721069,0.0102,0.0143,0.0179,0.0211,0.0241,0.0269,0.0298,0.0329,0.0373,0.0491,,0.37103247080769114,0.4933763145633365,0.709590121263115,0.047530255252658186,0.13692376835789055,0.07158539157807058,0.07882947632161207,0.10403466308553895,0.10145698294192598,0.8337847452261556,0.9796696110495499,0.8571340156667954,0.08746760304858206,0.05790674299819345,0.06934459732539504
0.202002,0.02451341,7.618700992081685e-05,-0.018191559,-0.495654044,0.0128,0.0165,0.0193,0.022,0.0245,0.027,0.0295,0.0323,0.0362,0.0491,,0.37127379886348677,0.4507548896640976,0.8040432741922688,0.03934710043325789,0.14388178070184912,0.05165725944958011,0.09181226113063982,0.0925777206922633,0.12311693864510719,0.8274605449159633,0.8469043084852784,0.9514162856557756,0.08002535426283623,0.09295110559698011,0.0915186101834743
0.194411,0.024078412,0.000111439,0.020394025,-0.684262631,0.0099,0.014,0.0176,0.0209,0.0241,0.0272,0.0306,0.0338,0.0382,0.0483,,0.3774505672552594,0.44776535243656984,0.6201081945137965,0.04310950178565067,0.12931279732435036,0.06890855755154465,0.1041589154837502,0.10736744171730084,0.11230386065121842,0.9852199950619869,0.8774308394105818,0.9556887257519615,0.07224169933638175,0.08953609901741945,0.06465824983299684
0.194802,0.023960475,0.000103352,-0.086870567,-0.732239609,0.01,0.0141,0.0177,0.0213,0.0243,0.0274,0.0305,0.0333,0.0373,0.0481,,0.3808599094093443,0.46998663443343297,0.8317851688971672,0.046285891216748136,0.12071688158381852,0.06232251858171944,0.08192040495724338,0.1159599188663777,0.13391515970371673,0.8090639978504007,0.9910731520506114,0.968790207185697,0.08073491287433063,0.08891745497609427,0.0703171294911971
0.193874,0.023697212,9.827956360654744e-05,-0.012243416,-0.549187721,0.0104,0.0145,0.0181,0.0211,0.0236,0.0266,0.0294,0.0325,0.0363,0.0497,,0.36953350935177776,0.4706320864925875,0.6198036724686494,0.043049977026807344,0.14501112131193442,0.055124884120287834,0.10224474420326755,0.10050035044036877,0.11416155807249113,0.9257096092631824,0.9596296830717684,0.9419572120842814,0.08389132020199569,0.08414377166649226,0.06066831464858537
0.140194,0.018643512,5.973386042570543e-05,-0.001237418,-0.78810233,0.0078,0.0112,0.0141,0.0166,0.0184,0.021,0.0232,0.0259,0.029,0.0382,,0.4003264010169153,0.47396629180499633,0.723587057581006,0.038527084290145376,0.1379119039848674,0.0804249342828515,0.09714212399107547,0.08223511702631564,0.09996517436789142,0.9840477635699145,0.9455369022406467,0.8787266478224666,0.05268035188563238,0.05599706853592007,0.0800303845435303
0.140312,0.018550359,6.11486443433045e-05,0.041810326,-0.752102519,0.0074,0.0113,0.0133,0.0166,0.0186,0.0206,0.0233,0.0259,0.0292,0.0392,,0.3960717828075698,0.4147491861690175,0.5908931052706897,0.048941620678664,0.1207013607470597,0.05519611480222029,0.0750364164224635,0.09216027669864724,0.11776324079346893,0.8282012846133427,0.9816010155589315,0.863315868882672,0.08850353040906558,0.06192027234831791,0.07226662431770135
0.139435,0.020111316,7.680085723013963e-05,0.076506777,-0.682049634,0.0078,0.0123,0.0147,0.0173,0.0205,0.0226,0.025,0.0282,0.0317,0.0414,,0.3948720882093933,0.4075659866992896,0.8021377320255133,0.04146902463526174,0.12368475103204193,0.07799027594257799,0.07546515011965035,0.08446097199951992,0.12237589371897026,0.9729081497581716,0.8991510528311282,0.8787812701876386,0.0672201103264132,0.08251617366721273,0.08737487082325812
0.145808,0.017353408,6.030564823271911e-05,0.068746004,-0.65090101,0.0064,0.0103,0.0125,0.0154,0.0172,0.0193,0.0219,0.0242,0.0279,0.0378,,0.35735058373146145,0.42965742925211853,0.7784185748383747,0.047933473879448824,0.12853357607218824,0.08017201195246497,0.07990313249152352,0.11145574687879187,0.12528359464537125,0.8798986402889318,0.8415010060237555,0.819115244831275,0.0630367566425441,0.07046453823751989,0.06652527850069842
0.136837,0.019563681,7.557295922152326e-05,0.1567111557711226,-0.616971119,0.0077,0.0112,0.0145,0.0169,0.0191,0.0218,0.0246,0.0273,0.0311,0.0427,,0.37498100546306745,0.4725070790432034,0.6387398951121317,0.03913437483777439,0.11951584530677782,0.05523408226395759,0.08636701148628098,0.11691511393926807,0.10309941545079734,0.8545031615293295,0.9804142638074621,0.8392849104458365,0.08878168781970185,0.08677958827093257,0.06162073240517699
0.142351,0.017148743,5.341153571648847e-05,-0.021352571,-0.816016298,0.0076,0.01,0.0128,0.0154,0.0174,0.0193,0.0216,0.024,0.0268,0.0347,,0.38782609256757145,0.4400566551050915,0.6601072188206534,0.04205782876431716,0.1253193509207412,0.06010764737146547,0.08681413593776444,0.10376280902783618,0.13299726413093266,0.8054712913465043,0.9813183878061211,0.84446340283011,0.08925327741440738,0.07422594466055515,0.05843342567056646
0.134901,0.016905086,5.327086895406067e-05,0.011726246,-0.736461561,0.0075,0.0097,0.0128,0.0147,0.0174,0.019,0.0214,0.0234,0.0266,0.0352,,0.4116929473198343,0.4257200668553503,0.513122441300378,0.03796205886681318,0.13815532055394927,0.0669690661028411,0.09982243683718307,0.09127201344929986,0.11659275485616948,0.8748528336850568,0.8705429147791933,0.8623991768214133,0.0664470076092665,0.06314351983032702,0.061775393598822705
0.144881,0.017764182,6.018002580172633e-05,-0.03024933,-0.840923269,0.0077,0.0101,0.0132,0.0155,0.0181,0.0201,0.0227,0.025,0.0282,0.0354,,0.404858352304437,0.4713756228884539,0.7168069326039253,0.04607184200037795,0.14344060387970997,0.0854026294750374,0.08046119973152206,0.11778573506949559,0.12385026291265709,0.8687832979870047,0.9938323798053671,0.8657159767846045,0.08174648995637937,0.0925678721821004,0.059012159679726894
0.141825,0.017522849,5.962090867389324e-05,-0.023370122,-0.834451895,0.0075,0.01,0.0129,0.015,0.0177,0.02,0.0223,0.0251,0.0278,0.0348,,0.38900479962936835,0.4677596902771376,0.8570085484141746,0.037533022315984425,0.14786355178353833,0.07582782167491733,0.10343017494872832,0.10982743034471765,0.11927239092475288,0.8268495493568043,0.8800704355185492,0.9553101078397538,0.08850912414000923,0.06816465860483048,0.07405145464288959
0.143891,0.01796083,6.403371262836793e-05,0.018688905,-0.729042135,0.0065,0.0107,0.0132,0.016,0.0181,0.0202,0.0228,0.0253,0.0287,0.039,,0.38875435838167294,0.46810443206035607,0.5946781743123092,0.04651484788675427,0.1434081134296273,0.07275824382567489,0.07177922203279914,0.08354213718680155,0.1120472643089439,0.821006813327272,0.936129974231624,0.8681759076427606,0.09242452860378389,0.09069978891747717,0.07662854226459802
0.118188,0.020760886,5.894996062923701e-05,-0.053653029,-0.674588429,0.0106,0.0134,0.0165,0.0185,0.0209,0.0231,0.0251,0.0281,0.0309,0.0383,,0.408052469137936,0.47347675887879653,0.6575074905265791,0.04476840934935728,0.1280735972037907,0.06810826280997336,0.0986297209653261,0.09692858324301,0.13014597891873664,0.8179159260448384,0.9350739303517301,0.9639250079004992,0.08337839284000675,0.06386206791107701,0.08479909493526065
0.119698,0.02007517,5.619334192498461e-05,0.019136363,-0.61196935,0.0103,0.0128,0.0159,0.0177,0.02,0.0222,0.0241,0.027,0.0301,0.0379,,0.40943406716530867,0.42014977470486725,0.7019851858480741,0.04944094087408684,0.13761359614452123,0.054613387038588014,0.08569991497417759,0.1172630357383166,0.10321908020323772,0.9066282916896342,0.9709834667839159,0.8944169832055181,0.0727228066887095,0.07494193293406053,0.0625947561502753
0.119026,0.01900471,7.213748995826265e-05,-0.009461722,-0.826124286,0.0068,0.0111,0.0139,0.0168,0.0188,0.0218,0.024,0.0271,0.0307,0.0388,,0.365045785169594,0.43415187479603684,0.8343439041319587,0.036250358047958384,0.13650705183508624,0.07231331751328468,0.09731600809014118,0.09062752530968426,0.13100604062702173,0.9032021378667038,0.8810116996169937,0.9957180467367337,0.056231608107279084,0.07855418151904382,0.09252337095502303
0.112899,0.02169743,6.54486247931511e-05,-0.011197938,-0.601230585,0.0103,0.0144,0.0171,0.0192,0.0217,0.0243,0.0266,0.0289,0.0322,0.0432,,0.41676022303944754,0.4400706105937463,0.6074455980543547,0.04346729132691182,0.14102356983829115,0.07035959647789479,0.10282091103218416,0.0888645348728125,0.10523627288263841,0.8465510305403244,0.9768950947019495,0.948503792225076,0.05900618480816877,0.09684645204129609,0.07756419578323649
0.122283,0.017594844,6.182231663141421e-05,-0.03859055,-0.866727806,0.0074,0.0098,0.013,0.0152,0.0179,0.0199,0.0226,0.025,0.0281,0.0352,,0.3871779562815446,0.4980497187882824,0.7641717638287004,0.04386148086347697,0.1261539647241716,0.0768182347528889,0.0749116487896714,0.09025723472590962,0.12408627881120578,0.9705862972951692,0.8511846095821094,0.907239125669892,0.08112606970316923,0.08310140199756619,0.059325399617619595
0.123889,0.016994576,5.9248222102102286e-05,-0.007405026,-0.879549063,0.0058,0.0094,0.0123,0.0147,0.017,0.0196,0.0216,0.0244,0.0274,0.034,,0.38340447578462605,0.4366808973731438,0.7599893503988056,0.035533335075870115,0.13706340644936926,0.08055082148235863,0.0851224032944524,0.08930013678085456,0.12107481879863224,0.9650941189087413,0.8832676328637797,0.9814735638276415,0.07919995616159048,0.08202162995614014,0.08488503658682259
0.117378,0.021981889,6.911388206544454e-05,-0.017498896,-0.760753212,0.0111,0.0138,0.017,0.0196,0.0219,0.0247,0.0272,0.0297,0.0331,0.0401,,0.3861132463496183,0.4279690402153752,0.716401710909672,0.03679999898307499,0.1211534231210787,0.07190311957854587,0.09495586480246428,0.11801560540431696,0.10222754587893164,0.9100649698860075,0.9675459371710003,0.9870242526810902,0.0580174928999842,0.07850955360063923,0.09459557521529807
0.113257,0.022626754,8.755750440831954e-05,0.1508209843441319,-0.689069987,0.01,0.0139,0.0172,0.0195,0.0221,0.0249,0.0282,0.0312,0.0353,0.044,,0.35940292191101575,0.44695463285505566,0.5609345754849525,0.04565488413192053,0.13015376887809263,0.08582123996099317,0.06710916581278749,0.09425101402284829,0.12858635965695034,0.8128185500951918,0.8816263776814695,0.8354632258254682,0.09197282141024912,0.08188289462114744,0.06266814945865434
0.12811,0.020611849,6.208665345921262e-05,0.038726468,-0.656200696,0.0106,0.0132,0.0159,0.0182,0.0206,0.0228,0.0254,0.0281,0.031,0.0407,,0.40536080100272726,0.4323490972826529,0.6389452905269102,0.046550113251674706,0.1193854744145301,0.08252378625440931,0.07809354260815796,0.09632433772733898,0.10399484124151609,0.8641265533594319,0.8713568973689181,0.9780255057407902,0.06021374236479633,0.09313072613774236,0.07013471693334003
0.11867,0.018448842,6.638245371208922e-05,-0.032337878,-0.761428642,0.0066,0.0109,0.0135,0.0165,0.0186,0.021,0.0236,0.0258,0.0295,0.0388,,0.37747309003283747,0.48731408787160563,0.7144992456724254,0.03818649624439615,0.11696304240537968,0.06528954095504792,0.09144369570120915,0.1066589409335266,0.12033075706125274,0.8499692138396558,0.819973839780945,0.9338687955664888,0.05446811237704939,0.0947219302632939,0.06235521891511903
0.143756,0.020492941,8.417722423694862e-05,0.1468675402703762,-0.65010235,0.0081,0.0116,0.0151,0.0179,0.0202,0.0228,0.0259,0.029,0.0329,0.0442,,0.40368491629971864,0.48554714069420746,0.6619351151356456,0.041627231486641075,0.11847430037727759,0.0860808641131139,0.07266961769828381,0.11049654163365523,0.13180615687255626,0.9856109499443404,0.9055612725015142,0.8276574167859064,0.058371639786569056,0.05800262157963387,0.09207250477620242
0.151574,0.019483985,7.570543503333788e-05,0.093956483,-0.612886637,0.0074,0.0117,0.0144,0.0168,0.0194,0.0221,0.0242,0.0271,0.0313,0.0419,,0.40723810162664664,0.47555149490402343,0.9235140799871474,0.048732871034074,0.12947252729128658,0.07819345627559296,0.08944788414079663,0.11626485625025987,0.12480891558861759,0.8215593941026812,0.8282497016724043,0.8366239156961872,0.07788680605454766,0.08265720475943614,0.08918797423752065
0.13987,0.021580088,8.578120615981112e-05,0.031877665,-0.674860467,0.0089,0.0125,0.0165,0.0192,0.0215,0.0241,0.027,0.0304,0.0336,0.0449,,0.39965451636804145,0.4733322481945365,0.5965983680604123,0.045036576381857506,0.11747206788349535,0.07117241820087797,0.10219402700417601,0.08212137145758609,0.10286060512640775,0.8424556837419974,0.850196484622565,0.9718517756018611,0.09383769751170191,0.07082187308677003,0.09731562145854765
0.154613,0.020241623,8.410715688852218e-05,0.1275928788796005,-0.559236801,0.008,0.0115,0.0147,0.0174,0.0205,0.0228,0.0253,0.0283,0.0323,0.046,,0.36663779949099745,0.4069284511960338,0.6634347129653922,0.037287523315947146,0.14737139985800748,0.05549203442988971,0.08802865264856412,0.09187901756652156,0.1319692908651615,0.8690907408099479,0.85928381326437,0.9173662616942707,0.06003145487923059,0.09589317507094894,0.09908908208643455
0.150519,0.020531519,6.749479259239787e-05,-0.03754758,-0.736191037,0.0096,0.013,0.0155,0.0181,0.021,0.023,0.0254,0.0284,0.0314,0.0415,,0.38211181267618755,0.46366001875116714,0.808384029020461,0.03969161537210248,0.14562852109454516,0.07206939467334547,0.08594649060283464,0.09301737424997154,0.0989288545462307,0.9910383504466955,0.9627554632097441,0.8460189378256389,0.06556672360237854,0.05298955715311377,0.08462987753290159
0.146451,0.020944535,7.548961654853466e-05,0.046951986,-0.683626357,0.0088,0.0132,0.0157,0.0181,0.0209,0.0235,0.0258,0.0289,0.0327,0.0422,,0.3957835337084557,0.41816150288859744,0.6834796451533702,0.04573189707080709,0.1395410717176896,0.08209361157668821,0.10171074272123527,0.1113514470007014,0.12694892994370433,0.9161066007055382,0.9159263166754682,0.9752380236207163,0.08186179376200363,0.06609592578179455,0.056997828835217736
0.147913,0.020119302,7.279042738668357e-05,0.084655955,-0.580605613,0.0082,0.0126,0.015,0.0175,0.0203,0.0228,0.025,0.0276,0.0315,0.042,,0.4058824645864479,0.44854099503236633,0.9305807425001434,0.035651097152048325,0.14521323742566614,0.08274882683946312,0.09056028283517539,0.11197444336833029,0.099633303487075,0.8822352231152,0.8045280112514129,0.9868600095821308,0.05846371685612659,0.08961453390626996,0.07679170284771979
0.150885,0.019102144,6.384789210418016e-05,-0.041858965,-0.825855191,0.0078,0.0113,0.0145,0.0168,0.0194,0.0217,0.0237,0.0268,0.0297,0.0377,,0.41818988333484997,0.4262626336398988,0.6524341326383675,0.046862682861779664,0.11789520876450094,0.08653627999908858,0.07830371243221235,0.11417557101649468,0.13374260319659156,0.9733484620735237,0.8189115450715053,0.9767182196630626,0.07516848135294348,0.07087417376623627,0.06269060468007927
0.151862,0.01861383,6.524080862116228e-05,-0.08929205,-0.840243761,0.0068,0.0106,0.0138,0.0162,0.019,0.0213,0.0238,0.0261,0.0293,0.0365,,0.37005934118729394,0.42863578134793767,0.6452764619822321,0.04814198601385176,0.12512081174394624,0.07653194431434777,0.08212998513568504,0.08766742662992076,0.09728836951713712,0.9846491888243557,0.8872472963639886,0.8111472620247903,0.07943885522269407,0.08433227564971933,0.06414942330896736
0.14196,0.020189283,7.021562332274034e-05,0.042434724,-0.807730105,0.0089,0.0125,0.015,0.0175,0.0202,0.0225,0.0254,0.0283,0.0315,0.0408,,0.3791480358378973,0.40373408437101094,0.8321209711809014,0.03690534429075387,0.1402848116896934,0.053162087084474695,0.09613196567249606,0.0830626433539054,0.11251079138127623,0.8820896404795848,0.950553109046018,0.8773586013987614,0.06452065593300035,0.09527702711740572,0.08975479834679391
0.210824,0.02688483,9.788212737377186e-05,0.1686204643776955,-0.233321054,0.0138,0.0177,0.021,0.024,0.0269,0.0298,0.0324,0.0354,0.0398,0.0571,,0.4145502451539271,0.4854580655154966,0.9250840696300096,0.037039906817718446,0.13269681964041474,0.06380658952886886,0.08040820154875729,0.08453472376119632,0.10951410321953971,0.9221051765026874,0.9134985849771516,0.9962546781734151,0.07267547747595217,0.06789970498211288,0.0851640906848997
0.209949,0.028916386,0.000120287,0.090356981,-0.489696713,0.014,0.0185,0.0223,0.0258,0.0289,0.0319,0.0351,0.0386,0.0433,0.056,,0.35180985882712434,0.467482105154727,0.7744688299944569,0.039590753851857674,0.12954318289993735,0.07596868527391928,0.08690536517233875,0.08665820711610396,0.12144484176488794,0.8803571766176843,0.9747279053596785,0.8884832496649957,0.07608687768040337,0.06676035276679991,0.066669075009308
0.217151,0.026944386,9.65464446504616e-05,-0.104352983,-0.73147417,0.0137,0.0179,0.0211,0.0241,0.0273,0.0302,0.033,0.0358,0.0397,0.0506,,0.377820401805919,0.4599309414867404,0.8785996771320581,0.04282616908232142,0.12166794536313538,0.07756919369855221,0.09791937171284217,0.11514198544691548,0.10024099179415291,0.933812803122771,0.9049780409954236,0.8475848339663116,0.054778361127994085,0.076022409977114,0.08818356281750932
0.224245,0.025250496,7.872671911935826e-05,0.015670072,-0.337867448,0.0133,0.0171,0.0201,0.0228,0.0253,0.0277,0.0303,0.033,0.0367,0.0491,,0.36489016445030364,0.46042840790315703,0.6464177598898408,0.045942329084994786,0.14622742080282394,0.08031389264293916,0.06679236807372056,0.08706822965572937,0.11545901320673113,0.8786573881110415,0.8388717116882699,0.9070577051252304,0.06200173140386994,0.06175654607419363,0.08844866198033945
0.211915,0.024926186,0.000113762,0.031106346,-0.648908661,0.0111,0.0155,0.0192,0.0225,0.0254,0.0284,0.0313,0.0349,0.0394,0.0521,,0.3842987492450037,0.4863535859422202,0.6795850240799022,0.03897022432332579,0.13840673753163488,0.07537900516347674,0.09849806691794802,0.0942548663427678,0.1299793251630025,0.9863848811288083,0.8871278772602131,0.892870341769196,0.06289005187452398,0.09556252305262344,0.09824972428359012
0.220023,0.027041741,8.8129750479889e-05,-0.020018661,-0.400763095,0.0146,0.0188,0.0219,0.0246,0.0272,0.0296,0.0321,0.035,0.0392,0.0507,,0.38378838672374127,0.411531357997534,0.6617072623638499,0.03747439353354228,0.1265532613805689,0.06588430412963245,0.08842768444208615,0.11515981097971004,0.12040247858769805,0.8856791194961495,0.8257337981139257,0.8367760878634936,0.08857347387114944,0.05713153489799014,0.09565894427160287
0.221,0.028166342,0.000105615,0.048821934,-0.55348296,0.0148,0.0186,0.0221,0.0253,0.0282,0.0307,0.0339,0.0374,0.042,0.0533,,0.38410515490063574,0.4081717166009556,0.6997819637810739,0.0496084070002491,0.1486140345977007,0.0644394019024777,0.09284185684942713,0.08807136578667675,0.1282721414254713,0.9937665366805054,0.8877894862134513,0.926908388748747,0.052873026738057126,0.08428640110571962,0.06893810268675317
0.203053,0.027635683,0.000134999,-0.097643517,-0.838589097,0.012,0.0171,0.0209,0.0244,0.0281,0.0316,0.0347,0.0385,0.043,0.0511,,0.3808190175635817,0.4019822312122501,0.7443276121658817,0.04091838307903516,0.14434157555483346,0.07966248730632601,0.09997214383514183,0.08150273908898524,0.10266867816801731,0.9200935527781609,0.9611945154408079,0.961302266254359,0.09205300208681898,0.0833450691888682,0.08714632720847454
0.21102,0.028201299,0.000117039,-0.048225615,-0.794616625,0.0137,0.0182,0.0218,0.0251,0.0282,0.0314,0.0348,0.0384,0.0424,0.0508,,0.3702379987491031,0.49525121888695156,0.8996381630822863,0.03706478220570872,0.1318275507551135,0.058607510370844294,0.06573195661218009,0.10294129208442432,0.12060735734978197,0.9014770180462643,0.8482651822278618,0.9076912081854257,0.05484098532187883,0.0625409718149194,0.06965685049727319
0.215265,0.025716773,0.000117055,-0.011746912,-0.661459837,0.0115,0.0162,0.0199,0.0232,0.0262,0.0292,0.032,0.0358,0.0399,0.052,,0.4065518099115686,0.4534257040584436,0.6097128765962366,0.04587273642170132,0.14297411768050597,0.0554233341476199,0.07355568307633994,0.11766007932496264,0.12850372820394057,0.8794064158974845,0.9571615373517629,0.9248287575400284,0.09432810795376304,0.07836692319570238,0.0854384777152907
0.15958,0.023985998,9.865412961942436e-05,-0.102344127,-0.840752682,0.0099,0.0144,0.0185,0.0212,0.024,0.0274,0.0305,0.0335,0.0368,0.0451,,0.4181456931797674,0.42684818540389396,0.854174382311845,0.04402853182321326,0.1373968130610922,0.08626070624537678,0.1012463947200982,0.10812864945087901,0.1299679581474325,0.9261310412114715,0.8076140921111711,0.9715741275942044,0.06509139998503971,0.062313543206214767,0.07682779819098533
0.17474,0.023212802,8.345216342084424e-05,-0.075238782,-0.844008707,0.0104,0.0146,0.0175,0.0204,0.0235,0.0262,0.0288,0.0317,0.0356,0.0428,,0.3939983713546222,0.4732960441766382,0.8737292108887303,0.04000839865433274,0.13506630006739337,0.056965605571306,0.08484954495295005,0.08472055258665288,0.09809626528774532,0.892270207418572,0.842462338099201,0.95166208056125,0.057672506943220014,0.0970844665049178,0.08919659483748892
0.16826,0.022821032,9.585935489451696e-05,-0.070647823,-0.712509949,0.0096,0.0135,0.0169,0.02,0.0231,0.0261,0.0289,0.0318,0.0354,0.0489,,0.3756999446460719,0.46997097378914854,0.5350540580416506,0.03754557880222257,0.1135921032555526,0.07408348325518033,0.1028189922547163,0.08883822013414319,0.10496131590817197,0.8728880208087991,0.8614338850276486,0.9834502847861657,0.07525689629805377,0.05815229563705674,0.08660937885794914
0.169665,0.021639399,8.186648999914889e-05,0.1868330396162341,-0.588781371,0.0095,0.0129,0.0165,0.0189,0.0213,0.0238,0.0267,0.0298,0.0338,0.0444,,0.360750081590085,0.4359739478501616,0.8827645610335392,0.04080173942941396,0.11873629645486927,0.06381795726010943,0.08002452091301933,0.1110626864397086,0.09981819751875676,0.9176296863291767,0.9475618039582542,0.900037276301767,0.061239632949001734,0.060362239859180156,0.0846450779175107
0.166344,0.022007503,8.059102720099184e-05,0.021612764,-0.755745921,0.0094,0.0137,0.0165,0.019,0.0226,0.0247,0.0273,0.0302,0.034,0.0423,,0.394315416976083,0.45411247664442844,0.7860783929598295,0.03838947205149106,0.12631996558001798,0.07977786484998126,0.08037114752842806,0.11321658518726725,0.1297216799159966,0.9980061081938373,0.9966734183242552,0.8736333385689558,0.07237869022993856,0.059819519876072244,0.06503471354576015
0.156442,0.025489826,0.000121734,0.090127459,-0.64270341,0.0109,0.0154,0.019,0.0224,0.0254,0.0286,0.0318,0.0356,0.0403,0.053,,0.39736935354497527,0.4237162489142851,0.7478310563285449,0.04221364192491907,0.13487365766547912,0.07936472461636011,0.07427553304977111,0.11662406725915463,0.13405804883269237,0.8972658375273798,0.9533794269322773,0.8049142983831971,0.053339268549605474,0.06682204620440281,0.05886307949504374
0.175277,0.02102384,8.207651363081474e-05,0.019195742,-0.568130845,0.0087,0.0122,0.0158,0.0185,0.0216,0.024,0.0263,0.029,0.0328,0.0464,,0.40669976663456325,0.49305816243511547,0.8115011161513226,0.040062176998384755,0.11345108693978868,0.06440900418509422,0.07421788917367667,0.11541257404622357,0.12467673072336938,0.9915337460340549,0.8060278535693558,0.9404601791424372,0.09235544426570168,0.09097958345101903,0.06926347443770293
0.170703,0.022895531,9.85971461233524e-05,0.09296373,-0.447784508,0.01,0.0139,0.0175,0.0203,0.023,0.0257,0.0284,0.0314,0.0356,0.0507,,0.39780248819840697,0.42330164527072633,0.8645511354327718,0.041897772818793096,0.1465800138152249,0.07842030127712449,0.07452945649585152,0.09381443969326744,0.12144032054835414,0.9273001751269916,0.8112549936127886,0.9018897052188338,0.07517917433670657,0.08883993441716763,0.0958937247052525
0.171928,0.021172609,6.605632489379377e-05,0.003202354,-0.600835822,0.0098,0.0134,0.0168,0.019,0.0212,0.0235,0.0263,0.0288,0.0318,0.0442,,0.38155942317664077,0.4103484733642408,0.7876580939733577,0.04937095683813627,0.12477001226795627,0.07447050107698572,0.0952233932224772,0.11323433355260845,0.12190952036542169,0.9365410069667479,0.8459238043612163,0.9259938424732428,0.08248625294647739,0.055115793856547635,0.09683271908264095
0.172702,0.024323114,0.000108064,0.081561636,-0.697495562,0.0109,0.0148,0.0184,0.0215,0.0243,0.0276,0.0307,0.0338,0.0379,0.0515,,0.3570925759281229,0.46428705046880686,0.8098034322358633,0.03937291847475674,0.14197240863836125,0.0842598826927871,0.09629045549794536,0.10156437326007714,0.0971771248293764,0.8047940988701808,0.8973267744625345,0.9472570686356263,0.0585014468265709,0.09219528613476805,0.06613027102454816
0.173968,0.0204733,7.050408638270545e-05,0.1192482241371487,-0.615089378,0.0089,0.013,0.0153,0.0177,0.0206,0.0229,0.025,0.0279,0.0319,0.0421,,0.36629702726776703,0.4656494533863879,0.6827579189028646,0.0374822479486517,0.11455056329886265,0.07777691694408405,0.08393310898594314,0.08578008064466311,0.1305122746343286,0.8989512197348664,0.9422591454458632,0.8232579199807831,0.06309876480817624,0.07851397945355375,0.08625398966133939
0.171998,0.020831423,8.251787824641438e-05,-0.051764735,-0.74140046,0.008,0.0117,0.0158,0.0184,0.0211,0.0237,0.0264,0.0292,0.0328,0.0437,,0.36946853019978554,0.4079871251793804,0.6394360100559345,0.04945723266276183,0.11627540856115678,0.06524867920048337,0.06542819134723607,0.0970928248862004,0.11709856449240824,0.908569123150707,0.9139523542516718,0.9203014507666605,0.06344291026172914,0.07080302665941766,0.0579399086411862
0.175724,0.022607716,9.671581935153065e-05,0.01894341,-0.6993221,0.0093,0.013,0.0167,0.0197,0.0231,0.0257,0.0284,0.0314,0.0355,0.0467,,0.40223309108862165,0.4732574980490544,0.8143958313085551,0.04305703559057152,0.12537156056346943,0.08384077168492061,0.10194104969259474,0.0885212560525036,0.13156235434868838,0.8444295120471715,0.8191713317185737,0.842610551766733,0.09085151081095966,0.07896575179861154,0.06680220302176254
0.176434,0.020340232,6.439640791567788e-05,-0.026520291,-0.820528516,0.0099,0.0125,0.0156,0.0178,0.0201,0.0228,0.0252,0.0282,0.031,0.0382,,0.39967893754340805,0.4435860213783632,0.9215748865244309,0.0438541510847902,0.14412625705797805,0.07709478775777887,0.09922869247191676,0.08511873208962124,0.09882407549450216,0.9637542292936698,0.8263536026388947,0.9646820641254003,0.09051018802801668,0.07829836493129147,0.06034125447538851
0.176152,0.022341073,8.859223503392853e-05,0.039024504,-0.722997256,0.0094,0.0133,0.0166,0.0201,0.0226,0.0251,0.0279,0.031,0.0348,0.0462,,0.37395208565383764,0.49544075790987835,0.8171912509230034,0.0441318646945366,0.13933082371437194,0.06520472906058072,0.0873950491334997,0.09900651481692675,0.11324961930881965,0.8484446485893137,0.9656732297272242,0.9740480552261169,0.06794033825789586,0.09554085044624995,0.08181168531309821
0.183823,0.020899671,8.698424392613644e-05,0.10916026,-0.624570893,0.0085,0.012,0.0152,0.018,0.0206,0.0234,0.0262,0.0294,0.0334,0.047,,0.3784643209350974,0.41117348127676706,0.7399041671321677,0.04053464097034928,0.1490119634940138,0.06295129079485953,0.06918859523480589,0.08247803396405855,0.13196728335622504,0.8781216392678904,0.9746973306336428,0.918077108462559,0.08925116827892444,0.06079693654410242,0.09049019617836461
0.181784,0.021540894,8.347436291900524e-05,-0.089692359,-0.746684737,0.0087,0.0126,0.0167,0.0192,0.0218,0.0245,0.0274,0.0301,0.0337,0.0443,,0.40407919284694765,0.4872070381627266,0.7161568836360259,0.03584029338297202,0.13761797580207116,0.062449013069104296,0.07862106534211331,0.11874685241850177,0.12775012191966756,0.8977556471854223,0.8425236909130812,0.8102874374476846,0.08761707096364525,0.08679580502342804,0.07204212672648946
0.180342,0.022244282,9.670352473985207e-05,-0.010084634,-0.841953556,0.0088,0.0125,0.0169,0.0195,0.022,0.0248,0.0285,0.0318,0.0355,0.0448,,0.3607802208510274,0.49711687643527475,0.6075165731701403,0.047397239750401096,0.1285144279653121,0.06298108345659778,0.06818643522019326,0.09205516879678532,0.10141029213494993,0.9928517702126305,0.9056742365759523,0.8221451215733769,0.06053250865533005,0.05468945435097878,0.06296599843463697
0.182614,0.021118102,8.309905413446057e-05,0.035295124,-0.72534134,0.0085,0.0125,0.0159,0.0183,0.0209,0.0238,0.0265,0.0294,0.0335,0.0432,,0.3537227651604517,0.49238604169620176,0.5615040015990582,0.048112850577975666,0.1394692398674028,0.056316943971823887,0.09319908358129783,0.08402426365707541,0.1023755228156282,0.9737888273680941,0.836703543371135,0.9727406634402621,0.09404231657782428,0.0547748745259294,0.06416461328729733
0.175702,0.021792361,9.28622457900505e-05,0.045411954,-0.703059206,0.0088,0.0127,0.0161,0.0193,0.022,0.0244,0.0274,0.0306,0.0348,0.0462,,0.3800996693628153,0.4114393626398157,0.5160269974665506,0.043615657926099345,0.1352319199264233,0.060533347918871924,0.07006078981791393,0.08944825801016866,0.11286493085199488,0.8506531480425197,0.9110405546190944,0.8360598293285588,0.060313274806070745,0.05526449856808045,0.07552074071197393
0.137678,0.019744641,8.585222122493836e-05,0.1787390694705229,-0.62838072,0.0076,0.011,0.0139,0.0166,0.0197,0.0221,0.0249,0.0282,0.0324,0.0459,,0.3659739114825898,0.4882478240888532,0.5421400340539049,0.04826004826365099,0.11559615520751577,0.056842653145746096,0.07051892717029291,0.10545540033716813,0.11309751789140943,0.9789616018022196,0.9745181389249884,0.9341681441237791,0.07083917939058508,0.08693004230820614,0.08750105484620434
0.140161,0.018128687,5.722401995248951e-05,0.107431545,-0.679110252,0.0075,0.0112,0.0131,0.0161,0.0181,0.02,0.0226,0.025,0.0283,0.0391,,0.40787413570639464,0.43437207256918015,0.7682781574544814,0.03844397111620136,0.11582359846943147,0.0537108952501405,0.06586311125773063,0.11827645756387087,0.12318523323940228,0.8952265808396499,0.8424462263019694,0.942442326517944,0.059544804102466854,0.08218088324621126,0.09871063863035828
0.133709,0.021837768,9.988364009378744e-05,0.1954080038417307,-0.580256182,0.0087,0.0123,0.0158,0.0186,0.0216,0.0246,0.0274,0.0306,0.0354,0.0472,,0.37331773205764496,0.44925224567134636,0.8164902710520866,0.03675671949846399,0.11994486572379477,0.07931532369675752,0.08139737559760665,0.09411207971492218,0.10831091757050956,0.925511395044966,0.9922366839036961,0.8462263340786221,0.09255744475999111,0.08857819448221026,0.07262855889082251
0.13294,0.01698985,5.864635255103326e-05,0.015696304,-0.799012505,0.0062,0.0095,0.0127,0.0146,0.0174,0.0191,0.0217,0.0239,0.0273,0.0351,,0.38121729372682617,0.42873698636140156,0.8931474856736289,0.043297962844305864,0.1377670266691169,0.07541041947423217,0.06836158566597392,0.11867956185015245,0.1302141372178054,0.846328936986264,0.9554351985520181,0.9673922394236423,0.06656051102667915,0.08209383250740476,0.07798475081955115
0.134688,0.018356516,6.0579791050171416e-05,-0.013885609,-0.844986473,0.0071,0.0106,0.0135,0.0161,0.0185,0.0205,0.0231,0.0256,0.0288,0.0359,,0.38538571203338584,0.4471732513690895,0.7373020354556259,0.04286939140616275,0.14891324915716145,0.0810586979911154,0.08588542167539344,0.11446283567043544,0.1017706661711312,0.9458254841561178,0.8644974062659966,0.8396546871397533,0.07866591953271439,0.07058087909536856,0.06110602960620042
0.137296,0.018586411,7.496325312382963e-05,0.1928860329314209,-0.57815087,0.0068,0.0112,0.0135,0.0157,0.0181,0.021,0.0232,0.0263,0.0305,0.0415,,0.3564301742034821,0.4160315043169281,0.7660460794706159,0.04524540030426713,0.1393687365746241,0.05642516888082548,0.07797472710224473,0.11766035709256469,0.13194895574906493,0.889880308888095,0.9788147686668462,0.9132066476287914,0.07213070825925676,0.08100490034527856,0.09227647781212016
0.137903,0.018225814,5.346961867870869e-05,0.015397249,-0.768501249,0.0083,0.0113,0.0134,0.0162,0.018,0.0205,0.0225,0.0251,0.028,0.034,,0.38919496501523926,0.4440260733607768,0.7782555474983559,0.04381479670362286,0.11496532479345566,0.08036241918413478,0.0867130397404516,0.11162148174968571,0.11869245453205678,0.9899221842846677,0.8398067834793215,0.9597218260929337,0.07537737456421066,0.07591933644214782,0.06579205522437247
0.133845,0.018516786,6.012437692184667e-05,-0.033339401,-0.840397987,0.0082,0.0106,0.0137,0.0165,0.0185,0.0207,0.0231,0.0259,0.0289,0.035,,0.41659404050780535,0.44615517210435035,0.5688391156847554,0.0403344688906491,0.12985665507633892,0.05758376615415342,0.09624156151221648,0.09912679283530763,0.1134482016269653,0.9197881813911876,0.8857986757948254,0.9001515501112693,0.07936362857389348,0.09547742218317942,0.07911734705855429
0.138361,0.018519026,7.228233460105762e-05,0.1028519772986782,-0.645780795,0.0069,0.01,0.0135,0.0161,0.0183,0.0208,0.0234,0.0264,0.0299,0.0431,,0.35682513809107863,0.4379624941172798,0.559514331705014,0.042616722133465325,0.14188352100393697,0.05810483287137388,0.09109700244052096,0.10070001078471738,0.10199476221141245,0.9471147519386159,0.9440486463977849,0.8738662993054076,0.0748342248280786,0.05749721136903597,0.068691598151121
0.136159,0.0177047,6.151715050823286e-05,-0.041650639,-0.840739527,0.0075,0.0099,0.0131,0.0154,0.018,0.02,0.0226,0.0251,0.0281,0.0352,,0.38207104128287617,0.41587439659425357,0.6745993249587251,0.04774144874331921,0.13377961700907454,0.07812368113154919,0.07175275808890001,0.1043431551669758,0.1172484391946314,0.8597297564405444,0.9121439533219736,0.8115678316406507,0.05931356062613525,0.09281518133925694,0.06393266674121284
0.201176,0.020806879,7.751490396873213e-05,-0.109317287,-0.792473341,0.008,0.0128,0.0155,0.0186,0.0214,0.0236,0.0262,0.0293,0.0323,0.0417,,0.37211760354959644,0.4107306328024475,0.7775195110470251,0.037140019610850256,0.12784385173776486,0.06310749002480595,0.10263693944478412,0.0825982262667718,0.13065541731827449,0.8251613832183164,0.9229601232357298,0.9189873512193543,0.06824155152891206,0.053716837341380295,0.08292735607461985
0.191983,0.023761664,8.966485003678522e-05,-0.086518566,-0.775962774,0.0103,0.0145,0.018,0.0215,0.0242,0.0269,0.0295,0.0325,0.0361,0.046,,0.35793852232282836,0.4964783748040711,0.9026636316862265,0.04796114457178036,0.14470693290174377,0.053364099310639915,0.07681785247591844,0.10641345597108091,0.09765979693799846,0.9847392686465521,0.8667173341045269,0.9056474175906885,0.07790458853086486,0.07215009864641894,0.09404295394793537
0.19942,0.021163573,8.274898746560421e-05,0.056971593,-0.555259378,0.0092,0.0126,0.0157,0.0184,0.0212,0.0238,0.0264,0.0293,0.0327,0.0491,,0.3739884755136304,0.4454897351737789,0.5041951591108069,0.04412759672029925,0.13697203022047574,0.07464028570393423,0.07714435057518386,0.11709543424179271,0.12887059062627465,0.9306353085993271,0.9422495926814759,0.9834929034527315,0.086588866471826,0.0800161294827048,0.0784151121253444
0.194404,0.022371313,9.583483109987512e-05,-0.013668048,-0.720664206,0.009,0.0128,0.0166,0.0196,0.023,0.0256,0.0282,0.0312,0.0352,0.0468,,0.39247383024752214,0.4230504244280766,0.8839686888402313,0.0468294272968882,0.1264614930655838,0.05487421687540423,0.06760098535647042,0.08658521059848108,0.11847014688636381,0.9354053442325528,0.869663409718503,0.820144883369397,0.051454234641673896,0.06319388164308506,0.09347804984696248
0.207162,0.022228514,7.425862208729961e-05,0.015462592,-0.609119216,0.0103,0.0141,0.017,0.0203,0.0225,0.0248,0.0273,0.03,0.0334,0.0461,,0.4065586045924686,0.4452025241816357,0.7378372141359419,0.03687504457776789,0.1313069268690552,0.06643834187013674,0.06823539358801829,0.08551762650944232,0.1329015872575615,0.9079128056335589,0.8804772120478376,0.9746603739357101,0.09225653363248924,0.0610594020114702,0.06886513949328685
0.197481,0.022618584,8.745418237475456e-05,0.086044869,-0.69778634,0.01,0.0134,0.0168,0.0197,0.0226,0.0255,0.0281,0.0311,0.035,0.047,,0.3919172949377861,0.4878385892368273,0.8718455571175995,0.04404969944966213,0.12448207914729795,0.05520782205343984,0.07556406330773352,0.10080085982432865,0.13282427316229534,0.9877504737548025,0.8458108009060782,0.984921286189618,0.05874472730095696,0.06940796025734858,0.08653402235273688
0.198693,0.021446357,7.262879256332314e-05,0.046381814,-0.656287342,0.0096,0.0134,0.0164,0.0187,0.0214,0.024,0.0265,0.029,0.0329,0.0426,,0.3720565009909198,0.4333910091145873,0.8658463346404079,0.045349951538266736,0.12839350069757627,0.05106058045196039,0.0996352676394998,0.08575995176278253,0.13217081317914134,0.8136242904071689,0.8666659404223314,0.8336266079097403,0.08186784157576989,0.09367266892589175,0.0668154132667457
0.203304,0.022812596,8.588058151665598e-05,0.1494159952555404,-0.561241557,0.0106,0.0139,0.0169,0.0197,0.0226,0.0253,0.0284,0.0313,0.0352,0.0482,,0.38400699039684644,0.408361567952979,0.8469388321644211,0.04704757619044175,0.13416901304920445,0.05522830747266986,0.08879131653002204,0.09680057593774098,0.11462822402289839,0.8925378084030029,0.9355291433142282,0.9965666880291707,0.07284250942352215,0.05280606391827326,0.06509186644692426
0.188972,0.024187445,9.6335588545338e-05,-0.097285606,-0.82580537,0.0103,0.0145,0.0185,0.0216,0.0244,0.0275,0.0306,0.0334,0.0368,0.0456,,0.3979307525802648,0.47249223969155457,0.7839954814496194,0.04335466214319027,0.11272442433582909,0.05712776423997803,0.09595215621490763,0.08835681940883247,0.11249875268405173,0.8541889635930309,0.8735381418869612,0.9192843704158261,0.0639834500757055,0.05855376944991025,0.08040714668857359
0.201417,0.021613531,8.47969338590224e-05,0.025933205,-0.596610481,0.0091,0.0127,0.0164,0.0191,0.0224,0.0245,0.0269,0.0296,0.0336,0.0468,,0.3634071383722535,0.4757696232497573,0.8653977349590122,0.0470756384444857,0.11735886555638968,0.05509944450032313,0.09573569921035947,0.10991461153800135,0.1272114059690705,0.8050372568250581,0.9387767751894995,0.8754108842108135,0.08804525500991284,0.09459778153826277,0.09478020583531886
0.182231,0.0224346,8.129623599434511e-05,0.076088052,-0.673333636,0.01,0.0138,0.0175,0.0198,0.0221,0.0247,0.028,0.031,0.0341,0.0448,,0.38644656533366434,0.4510492291450472,0.708055575338417,0.04095755476034485,0.14776438009396523,0.06820698233307708,0.09154179300050441,0.08379178085060096,0.1254808493775515,0.9287931842378782,0.9917134354460176,0.8177129999038838,0.07516668629548057,0.07170312616092343,0.09815306344038222
0.182493,0.022863446,9.190374718401944e-05,0.1299431059162717,-0.562234802,0.0103,0.0139,0.0172,0.0199,0.0226,0.0254,0.0281,0.0313,0.0356,0.0496,,0.41735804525972614,0.46280875684270495,0.5563911469778628,0.04742602514537291,0.12532866215904973,0.0748775878302141,0.08645642723261185,0.11813098780238251,0.10940158466413567,0.8455121893534402,0.8634677710166868,0.8708627716884089,0.05849713617157884,0.055304688585962186,0.05705364119076487
0.167778,0.022625622,9.250889659848667e-05,-0.095722306,-0.870383794,0.0089,0.0137,0.0167,0.0197,0.0233,0.0258,0.0285,0.032,0.0354,0.0424,,0.3661337985393221,0.4514657641365695,0.6142854053651687,0.03679975735475855,0.1231565403644106,0.05760411739330862,0.0701891750027318,0.11031671043315541,0.11113211713637089,0.8559589294278385,0.9877299255410107,0.9505655013983154,0.09357921988998756,0.07147289819257337,0.07142569311577818
0.176846,0.024411813,0.000118479,0.3635728723863173,-0.273912649,0.0108,0.0148,0.0181,0.021,0.0239,0.0268,0.0299,0.0333,0.0389,0.053,,0.3625185938600685,0.4053834422693496,0.532192281079343,0.04036237746660262,0.12811968532539914,0.07938479748261074,0.07902924791210268,0.0987596268765282,0.09698722976570898,0.9142018444608313,0.8057141010881793,0.8578750930612158,0.059318286954779816,0.08074631856871382,0.08147049206921765
0.168706,0.020469941,7.99419195626344e-05,-0.000747251,-0.788352723,0.0079,0.0123,0.015,0.0177,0.0206,0.0231,0.0262,0.029,0.032,0.0407,,0.3895545711774706,0.4772896301650613,0.8239098274341904,0.039197466979875625,0.13223503601932557,0.06274250195082809,0.07398232771127808,0.09491062069108673,0.10091872973175847,0.898626640202474,0.9724145555701048,0.8158257833795141,0.06345244264416791,0.08951633629392859,0.08849066691308986
0.187886,0.022240129,8.224252607831031e-05,-0.032564769,-0.758685823,0.0095,0.0133,0.0172,0.0197,0.0224,0.0254,0.0281,0.0306,0.0338,0.0443,,0.357650948296258,0.445577101604024,0.6350339674981589,0.04285671137154499,0.1349556190100532,0.06436482919972061,0.10133317251255178,0.09025748408086877,0.09962572132842443,0.8591397671017764,0.9920071323862669,0.9514312021807707,0.07924974704498852,0.05902423416328695,0.06954220049262967
0.188674,0.022177175,9.307567751864374e-05,0.0285063,-0.737381212,0.009,0.0129,0.0163,0.0198,0.0224,0.025,0.0277,0.0309,0.0353,0.046,,0.39909056014514477,0.4423987335070701,0.5953291502421011,0.03596394717386266,0.11468309977567298,0.06729267921269957,0.09635619522102558,0.08468389428830275,0.12812748307011987,0.8981377591425493,0.9207033944646758,0.9413766557189681,0.09436869396239592,0.09578491498503727,0.08008238082991866
0.185565,0.024865022,0.000113584,0.1801315958469366,-0.544481353,0.0111,0.0152,0.0183,0.0215,0.0247,0.0275,0.0303,0.0344,0.0391,0.0537,,0.4017237932046961,0.4498143714909031,0.6774775678063734,0.045907353056081346,0.12423929101323887,0.05962269018728825,0.09561512112846364,0.11683496135502264,0.12757001196832082,0.9745985712917867,0.8973153852285543,0.8507261409093675,0.052686803878361284,0.0834591994307985,0.06119228054925443
0.182527,0.023127139,8.7095192020359e-05,-0.074201844,-0.805627201,0.0109,0.0142,0.0174,0.021,0.0232,0.0259,0.0289,0.0319,0.0357,0.0414,,0.3810785741836732,0.4784534858147213,0.5810330478413002,0.04439827213581933,0.1136016708839637,0.053783581997740575,0.09125526450239423,0.09734291137965562,0.12684914355208932,0.9064492958023943,0.8555883802926809,0.8050089070785909,0.05991635111941556,0.07315200014341779,0.061768325611804446
0.178894,0.024872403,0.000114699,0.068914658,-0.760367258,0.0107,0.0146,0.0181,0.0214,0.0245,0.0281,0.0312,0.0348,0.0392,0.0495,,0.3991125809473677,0.47203443171177806,0.6359484255693618,0.041643465022760034,0.14734877339656022,0.05062934619587574,0.06855771301847036,0.09546185289500139,0.11656779038217575,0.8789286870323088,0.993924547007424,0.8126327898323525,0.07601357291957458,0.07907182574091257,0.07651551800097364
0.2165,0.025693753,8.934838196502971e-05,-0.120265645,-0.711391498,0.0122,0.0167,0.0207,0.0234,0.0262,0.0288,0.0314,0.0344,0.0381,0.0464,,0.3724867801601683,0.42123391541627536,0.8662336142127415,0.04682473110303087,0.11710357350474775,0.08181890146835959,0.08104179090979653,0.09318832337838434,0.09952870059736878,0.9143421754198567,0.9739153957036462,0.9059681956422796,0.07662944418208859,0.07767765883368116,0.0878805858184156
0.227436,0.023337541,8.18911980969965e-05,-0.006611078,-0.670139783,0.0107,0.0147,0.0178,0.0212,0.0235,0.0261,0.0285,0.0314,0.0353,0.0461,,0.40168786789807137,0.4875026686070535,0.523102615672512,0.04416755882055814,0.13857684154302485,0.07398024238267309,0.09493937486741871,0.08323511338016715,0.1076099992293359,0.8278657421063677,0.8104625802934926,0.9332901297068714,0.051502685185146155,0.06175095551591151,0.07057721563052045
0.210002,0.024571831,0.000111723,0.054008497,-0.537412866,0.0106,0.0149,0.0182,0.0215,0.0246,0.0278,0.0307,0.0339,0.0379,0.054,,0.3822893304041947,0.47504299578786513,0.5304572564376443,0.04526436248550629,0.1488056275131906,0.05427243390257812,0.09970556988161494,0.10332676734144369,0.12601055410337045,0.9466416643738004,0.9895116173217948,0.8215393884284008,0.07782800833315842,0.0629735902604875,0.07481676096417983
0.212619,0.024942714,8.330759393855488e-05,-0.063813471,-0.656538546,0.0123,0.0162,0.0194,0.0222,0.0253,0.0279,0.0308,0.0335,0.0368,0.0483,,0.4071640290459097,0.48143060056492265,0.8623079520276634,0.04760308266746404,0.12221912500786775,0.054853600503909875,0.09829499258400028,0.0821036609990766,0.12339804809330786,0.8684463956505319,0.8975113135576763,0.9063471827150861,0.06251103960095418,0.0931094455627758,0.07395729584381958
0.221543,0.024379504,9.029732355344282e-05,0.058560826,-0.590052755,0.0115,0.0152,0.0183,0.0216,0.0245,0.0272,0.0301,0.033,0.0366,0.048,,0.3658183287477584,0.4939735269136958,0.6932861542604161,0.03864184146982522,0.11815530465140589,0.08644670100851429,0.08229986173752497,0.09258049533941695,0.1226390444991497,0.9829199566430538,0.8276410183531124,0.8943451752310788,0.07535361419437576,0.0647779706459048,0.08640718344190347
0.212042,0.024374192,9.563885817504173e-05,-0.136997983,-0.811922699,0.0104,0.0149,0.0188,0.0222,0.0249,0.0276,0.0304,0.0334,0.0373,0.046,,0.3913829024736631,0.4534608022850863,0.6213468811985833,0.04180403012123289,0.13969083492105255,0.07075208890161373,0.0738957842775072,0.08193311936122684,0.09985504129489459,0.9803025498289185,0.8761001406852659,0.9609937420010662,0.06076884357905014,0.09678250036448634,0.0935135114624383
0.216627,0.025141813,0.000121016,0.170109343,-0.402680301,0.0098,0.0147,0.0186,0.022,0.025,0.0281,0.0316,0.0349,0.0393,0.0568,,0.38150975135351356,0.46357305108740965,0.9178710683576748,0.03731419337201416,0.13728605472308655,0.055710750821297304,0.09010548574239564,0.10846615307753847,0.10239538105828402,0.8884867761718707,0.8609438092914777,0.9049264607133793,0.07958697768756226,0.07772853162077725,0.07906224876675157
0.2014,0.022976437,9.449473887643266e-05,-0.081856303,-0.74513788,0.0095,0.0134,0.0173,0.0203,0.0234,0.0263,0.0289,0.032,0.0356,0.0473,,0.37630922592687566,0.4718880110912493,0.7771932724583009,0.03987581391870121,0.13757887898013865,0.06547646097156681,0.09292674902182727,0.09737569738774761,0.11098043222124189,0.833880275270252,0.9873396343770764,0.8187270485366894,0.05815706204539786,0.09121032522996256,0.09358943599998223
0.214617,0.023114086,8.859017042840331e-05,-0.083545122,-0.723114668,0.0099,0.0143,0.0183,0.0208,0.0232,0.0261,0.029,0.0322,0.0353,0.0453,,0.3644959911404601,0.49535597294286987,0.563965230533977,0.04596477269668845,0.12727366390160808,0.07221099082084596,0.08070809675459613,0.09564727768361883,0.09839335589772379,0.8676748546523604,0.9949382305552937,0.9949978282131196,0.055022825767999085,0.07334844858021103,0.09902264591144729
0.217152,0.025269755,0.000103781,0.004254119,-0.697835917,0.0115,0.0157,0.0191,0.0223,0.0252,0.0281,0.031,0.0346,0.0389,0.0495,,0.3711883200137144,0.4228427754519331,0.9027883936423594,0.040084850884403306,0.1323877096428967,0.07425989934284756,0.08648109709743139,0.0882907469967202,0.1283281137463036,0.8766617981462248,0.9535841101347171,0.9838969267679376,0.05574009308112614,0.05534120473088868,0.09424794906300465
0.136727,0.018811375,6.917171771773312e-05,-0.004487345,-0.797369449,0.0071,0.0111,0.0137,0.0165,0.0186,0.0213,0.0236,0.0266,0.0302,0.0382,,0.3676554288158533,0.4692663355328629,0.5977743499414542,0.038869822918503584,0.14148173555872387,0.08030031785612049,0.06912614218435156,0.11362407610930372,0.10417813511751402,0.8211707535932048,0.8583114571941836,0.8651482099491082,0.07570358290440123,0.08093787236701672,0.06788098794133043
0.131049,0.019095808,7.204511495939393e-05,0.044372729,-0.818472015,0.0072,0.0113,0.0136,0.0165,0.0191,0.0215,0.0242,0.0273,0.0305,0.0401,,0.3835105103275581,0.46136012083023664,0.8207979147323666,0.04949754916608726,0.11387974208225338,0.057161242889712,0.08773143117076615,0.09331262724901007,0.12218331967636419,0.9839262965931017,0.9953451711323561,0.8574394211103423,0.05798372467182212,0.05200455892430032,0.07877964369671121
0.135623,0.0168028,5.709819827340695e-05,0.051515125,-0.660361217,0.0061,0.01,0.012,0.015,0.0168,0.0188,0.0214,0.0235,0.0267,0.0378,,0.4017828175423084,0.446734098011103,0.6438745806118382,0.047566435061866585,0.12579515760253115,0.05382993781840906,0.09290736169887089,0.10586724094141635,0.1055709420140032,0.8155778583368466,0.9474032973851764,0.82608215202368,0.054578637524201945,0.0648058017088008,0.06652289778526294
0.137246,0.017323292,5.0614790844046934e-05,-0.037521647,-0.836707378,0.0077,0.011,0.013,0.0155,0.0173,0.0197,0.0218,0.024,0.027,0.0336,,0.39649474687652686,0.4531594418917278,0.8778258917805193,0.04495178504030247,0.1301090878126454,0.0796175141701067,0.09546982835160617,0.10706533507979549,0.11434154533061278,0.995883921358312,0.9569538556924909,0.8992789132852657,0.05497221878354527,0.053941366459295016,0.07848750827556919
0.138974,0.017776383,6.372822306549108e-05,0.040988352,-0.741751275,0.0065,0.0103,0.0125,0.0156,0.0176,0.0205,0.0225,0.025,0.0284,0.0375,,0.3793949892696128,0.46422727151467014,0.664752164365078,0.03919835162500557,0.1238273982634284,0.07487846240508851,0.09814591012379743,0.10826888371744747,0.1325054012929516,0.8947980185538836,0.9033562057580287,0.9601040366281488,0.06237214930675869,0.09035416922106237,0.06774389908134912
0.136852,0.020823477,8.355850815341742e-05,0.073851528,-0.790562483,0.0083,0.0118,0.0153,0.0182,0.0207,0.0232,0.0264,0.0296,0.0333,0.0442,,0.3769936103265011,0.4422195140401547,0.64708004011178,0.044769219333847,0.14256815780943086,0.07378846853558169,0.10127118178481986,0.09232230547000246,0.1087445008762417,0.8656664335476748,0.9678310800824715,0.935984159485979,0.07259352905677126,0.05796688280647018,0.059371923115267934
0.13578,0.017102652,5.730072357691657e-05,0.091097361,-0.618377304,0.0065,0.0103,0.0124,0.015,0.0171,0.019,0.0216,0.0237,0.0272,0.0382,,0.40307078539610386,0.49884638804031356,0.7091693503516717,0.0367246747692416,0.12742506014069094,0.07171828402997527,0.08399707906579686,0.11065252519565216,0.0989959774663222,0.8596577657483697,0.950603147798344,0.964186905583667,0.07997320537749031,0.09342261187324821,0.05878679360684173
0.129869,0.018659164,7.239111623716253e-05,0.17528387,-0.645775111,0.0071,0.0111,0.0134,0.016,0.0183,0.0209,0.0235,0.0267,0.0301,0.0408,,0.38214598457031446,0.45801152437471415,0.5153419045103403,0.038953500338741905,0.1480335904976069,0.06750892067034493,0.0779508741849039,0.1108657778519305,0.10234550123220174,0.9781240973982589,0.9426407551044703,0.895494032405426,0.07455798484648653,0.06478768408828257,0.07410691812490326
0.132225,0.016756556,5.5623809385952825e-05,-0.028899518,-0.833013761,0.0058,0.0103,0.0123,0.0149,0.0167,0.0193,0.0212,0.0238,0.0268,0.0334,,0.39983309059573807,0.44657970657934903,0.6740614595924161,0.04192083768370513,0.11411196147501901,0.07025181799246104,0.06654541283182772,0.10525516565108523,0.11974629288444077,0.8683272103243862,0.9658277582487472,0.8882314674114802,0.08298072861258468,0.09014966844030847,0.07525612392278481
0.137763,0.017601096,5.2488225739164926e-05,-0.027246362,-0.807043422,0.0079,0.0104,0.013,0.0157,0.0177,0.0202,0.0221,0.0246,0.0272,0.0341,,0.4033913826860131,0.4751925164093621,0.7762125185447497,0.044862092689123584,0.13837924870436452,0.08307207461501007,0.09631644844474009,0.08601513426206867,0.11156410586074646,0.9038826059950814,0.9595432211243844,0.9390560611300087,0.07092049777192165,0.07766567501975073,0.06004127860361305
0.127559,0.022792024,5.672049801927742e-05,-0.356629084,-0.400373496,0.0123,0.016,0.019,0.0212,0.0231,0.0255,0.0274,0.0297,0.0325,0.0372,,0.3909234184443012,0.4057334131659924,0.8539554894905481,0.0381446981278503,0.11880492328341447,0.0699413582720525,0.08214077398776977,0.1066942590158003,0.10722143264725738,0.9817015795762505,0.833333081951526,0.8950096184439991,0.051502523940009586,0.0724433127325974,0.09231717784570276
0.133482,0.02123843,6.058121671454244e-05,-0.080693191,-0.758193026,0.0106,0.0138,0.0163,0.0191,0.0212,0.0237,0.0261,0.0288,0.0318,0.0368,,0.38304501679270153,0.4619493964171927,0.5792947276522973,0.04303434397220339,0.131678356532323,0.06169931881678129,0.08971953346753783,0.0912337912524984,0.10645321144089759,0.9910650907791713,0.8303727939318282,0.9565550625826817,0.06642237231559647,0.09529881650462571,0.0656882281799713
0.117749,0.022331189,6.413435022685401e-05,-0.055069521,-0.548241252,0.012,0.0149,0.0175,0.0207,0.0226,0.0246,0.027,0.0298,0.0328,0.0416,,0.3623833499722075,0.4722043783864222,0.7923135443352723,0.0496147934484323,0.12144830242021927,0.0642492351161733,0.07824042086750393,0.10655594687295988,0.09781875277183257,0.9670247835925445,0.9720791928963038,0.9351095254866895,0.08682883272904933,0.054638425573261006,0.08926165729341987
0.129585,0.022570839,5.688642671313072e-05,-0.322444047,-0.560755954,0.0118,0.0158,0.0181,0.0211,0.023,0.0252,0.0275,0.0297,0.0324,0.0375,,0.3947052943483889,0.429586842378718,0.5075015442357361,0.03564528964546154,0.1191666474565109,0.08038344259473548,0.07287277060409719,0.08654507970745037,0.11844299494232675,0.8373329827608703,0.835120754345388,0.8970065961767889,0.0909517325936791,0.07028691411310077,0.07953360160837147
0.123242,0.022880818,5.9918219634538934e-05,-0.263923689,-0.410119866,0.0125,0.0162,0.0188,0.0208,0.0232,0.0254,0.0275,0.0298,0.033,0.0394,,0.35428937252031106,0.4955402859051081,0.7960896104876378,0.039894927920287475,0.14173135906308573,0.08206351289312243,0.06928811889442972,0.11191109063428104,0.11959992778542013,0.9026528368438832,0.870009306245885,0.8892836310568886,0.08139600014024473,0.06710976089774781,0.0616615662823019
0.126341,0.020800733,5.2143852556446574e-05,-0.147292416,-0.499530966,0.0113,0.0139,0.0168,0.0191,0.021,0.0231,0.0254,0.0275,0.03,0.0401,,0.3590269955236547,0.42034617142097924,0.650946474535765,0.03619111712214307,0.14694980745317748,0.07075473554577286,0.09029499843700202,0.09455031681628562,0.11257744717315676,0.9475315473339905,0.8538764165736276,0.8109639697247129,0.09354431093222683,0.08714017458258407,0.06696829794083095
0.124409,0.021710253,6.197586887029395e-05,-0.016323859,-0.603757338,0.0116,0.0144,0.0174,0.0196,0.0214,0.0236,0.0263,0.0289,0.0327,0.0402,,0.37068913394355557,0.49339541039516127,0.5924371598235447,0.03986090640234873,0.1436948576304566,0.08428360420083657,0.07137697256351305,0.09189601360500413,0.11891249948557867,0.8806697337086238,0.9311007464049761,0.9709762910754558,0.060068093855580214,0.0628567355000296,0.09060253572095042
0.125489,0.021285068,4.988330473118077e-05,-0.349740272,-0.250619913,0.0117,0.0154,0.0176,0.0201,0.0215,0.0234,0.0255,0.0277,0.0304,0.0372,,0.36043477642799904,0.43530263963790594,0.5533866013814102,0.03581573808562502,0.13458550851566783,0.08054964437377225,0.08601845057303018,0.09121619717987489,0.11584594333664938,0.8678927832972779,0.804316838112502,0.9944397821991987,0.08745418758576332,0.08483115349853297,0.0610089617643128
0.125296,0.022926492,6.742693747431861e-05,-0.085993902,-0.652905413,0.0123,0.0155,0.018,0.0209,0.0228,0.0252,0.0279,0.0306,0.034,0.0411,,0.4163800746908146,0.4196223438700659,0.6516930466756584,0.039317530937493066,0.13297719141732495,0.07301503819021525,0.07259622119122894,0.082080168513405,0.11009899469433723,0.8540061455084274,0.872193737939075,0.8070715206192434,0.07097175317323899,0.07482484847684553,0.09100066702141738
0.186953,0.022811628,0.000101603,0.07060573,-0.599633129,0.0095,0.0134,0.0169,0.0198,0.0226,0.0254,0.0284,0.0322,0.0362,0.0491,,0.3703642848528341,0.4837817620866715,0.7450948625285116,0.03719851500113848,0.14247059337157905,0.05983088759317996,0.06743551963160348,0.08975774865532722,0.10050206929590302,0.8394018429570527,0.8826139733395112,0.9791010698988045,0.057428003999210775,0.06757405105173142,0.06740476735713338
0.198927,0.026621127,9.033782644608632e-05,-0.103315366,-0.726247855,0.0136,0.0181,0.0213,0.0238,0.0266,0.0294,0.0324,0.0358,0.0393,0.0458,,0.4006483510667311,0.44209092568372754,0.9319496534792681,0.04535255879304629,0.1270410144028577,0.06698262270081622,0.10276272470658127,0.09100382974958626,0.12718865531874587,0.8335010696226653,0.9930815798699618,0.9372190103281859,0.05693105227751775,0.08401445301589094,0.09696742686035394
0.195633,0.024857278,7.357322475411603e-05,-0.189516789,-0.622984944,0.013,0.0169,0.0197,0.0228,0.0254,0.0278,0.0299,0.0328,0.036,0.0426,,0.4100665603238487,0.48834917365848857,0.5450803636943748,0.0490506741229974,0.1294445405576285,0.065748129028366,0.08929271144045603,0.11311446347446119,0.1109784481818953,0.9844280816743413,0.8417094753771506,0.8559769744996888,0.05669712652356539,0.09513325784045276,0.08551723298926865
0.185052,0.025166987,7.713783712078678e-05,-0.099318996,-0.604662316,0.013,0.0171,0.0204,0.0229,0.0253,0.0279,0.0302,0.0331,0.0369,0.0456,,0.39301310536619577,0.4254823299572795,0.6172276151302695,0.03603894077145477,0.14599357937035076,0.05789012594535966,0.10230100915715612,0.10109222467737092,0.12476101772388233,0.896320776243712,0.9848444620569291,0.9256464733736632,0.06569090754653394,0.07015836121815915,0.06610660594362404
0.18712,0.027879121,0.000110833,0.028835701,-0.692732714,0.0143,0.0185,0.0218,0.0249,0.0279,0.031,0.0342,0.0376,0.0419,0.0516,,0.4054682132999008,0.4580048985791004,0.5633411539382376,0.04647245512535839,0.12441711210745252,0.08261435860663519,0.07777438095670333,0.1077786712988527,0.11054372978989795,0.9826359385932683,0.9411833668212742,0.9079894284407146,0.057790410892710094,0.07131558999552481,0.09735722486304108
0.195934,0.024669326,0.000113215,-0.00399842,-0.667905559,0.0104,0.0149,0.0186,0.0217,0.0244,0.0274,0.0306,0.0345,0.0386,0.0498,,0.40173290803377165,0.488538991697721,0.7033520018544795,0.041973912668230424,0.14660780751643146,0.07618827445759775,0.07759432521885817,0.11645299942548024,0.11336201921569884,0.8594347097138306,0.9148010885688244,0.8737106720753662,0.06446504565240917,0.08847349168320667,0.0738028371422216
0.189828,0.025718235,8.122843278551085e-05,-0.13558958,-0.645233676,0.013,0.0172,0.0203,0.0236,0.0264,0.0288,0.0314,0.034,0.0373,0.0475,,0.36566108089395044,0.4300786567562938,0.5248527924298486,0.03765717750266276,0.1177553084181106,0.065482310835707,0.09635192143212958,0.10424807790861375,0.1164032907625812,0.929037591091105,0.9354105748829059,0.8712628823805565,0.05794361695838245,0.06386592064501732,0.06695614644264974
0.202986,0.024504043,8.059630914998263e-05,0.001566473,-0.653227316,0.0121,0.0167,0.0195,0.0218,0.0242,0.0269,0.0301,0.0328,0.0367,0.0449,,0.4040280725242627,0.43411751673263044,0.654678945970825,0.04039911974173895,0.14542940351445874,0.07879981939715727,0.09409411459890236,0.0916356267929113,0.11449719442988027,0.8541377688357464,0.9721218293297204,0.831049583956961,0.07923021859202542,0.09182114099456273,0.0926988418424993
0.190412,0.025717987,0.000119722,-0.085945021,-0.793285026,0.0109,0.0154,0.0192,0.0226,0.0258,0.029,0.0324,0.036,0.04,0.0501,,0.4141440550229679,0.41722910008245756,0.8411384769863385,0.03566668255221044,0.13089897816516471,0.07808683518928516,0.06888822787842118,0.11421665755750576,0.12787397840207526,0.9545883604661647,0.8257947823076823,0.9641963761378861,0.055392410938327585,0.06089966484502625,0.058481235705523826
0.192955,0.027328592,8.423721901339169e-05,-0.165277191,-0.474343607,0.0148,0.019,0.0221,0.0249,0.0276,0.0301,0.0327,0.0355,0.0389,0.0501,,0.3670453243166732,0.4045057619686609,0.5865684548845357,0.048065397131762264,0.11773897059666703,0.06841661747789449,0.0979631088903413,0.09701596491603319,0.09857806746596552,0.9491649114129128,0.8654926127104916,0.93025459696999,0.09116149665285762,0.0933284414509819,0.07835944944133899
0.128124,0.022683476,9.34207479309608e-05,0.1066630398579129,-0.70330191,0.0098,0.0131,0.0166,0.0194,0.0225,0.0256,0.0286,0.0316,0.0352,0.047,,0.35679209289987573,0.41846225340859644,0.8840180342201843,0.0471271049351822,0.14045578928598915,0.0838761736628397,0.09000384597315976,0.09369515885937424,0.12639594271526902,0.8860962524112108,0.957032977551955,0.9286431332338081,0.0652027456281343,0.07684763465573718,0.06916488433798518
0.120337,0.019768884,7.28912893665101e-05,0.1178988119834369,-0.666499517,0.0079,0.0123,0.0145,0.0169,0.0201,0.0221,0.0243,0.0278,0.0313,0.0415,,0.38409452635946856,0.4053709460581003,0.8767669987666648,0.03749632451400657,0.11392567497376005,0.06688647580326855,0.09771891190154673,0.10970094526773874,0.10976658757674772,0.8372323927326615,0.9896398170803316,0.984036286948209,0.09414304874061605,0.06073342643876443,0.06800409306441714
0.13279,0.018762227,7.461144025723893e-05,0.08373499,-0.691594216,0.0068,0.0102,0.0138,0.0161,0.0183,0.0213,0.0238,0.0265,0.0303,0.0423,,0.37905412236791136,0.43712805018476314,0.5080838420154009,0.03999247033038442,0.13670653033724434,0.08674164905608914,0.09454478432781535,0.11470852550639142,0.12405771089175995,0.8354841151284643,0.948300015577437,0.9108870106538801,0.05207073868078871,0.09327116574660754,0.06910112921146472
0.125688,0.021050417,0.000102602,0.49711975,-0.052260954,0.008,0.0114,0.0146,0.0174,0.02,0.0229,0.0259,0.0293,0.0352,0.0548,,0.38862420668460296,0.4546526957816523,0.858676128669476,0.04237421319134652,0.1490438381261102,0.07786053434314578,0.08471279066402931,0.11223942373864779,0.11135563679939953,0.9712963657649932,0.9716222730963132,0.80872514034176,0.08322013505456412,0.06635498719329971,0.09812965245154055
0.131839,0.017724205,6.464938593100307e-05,0.072389138,-0.724200098,0.0064,0.0102,0.0124,0.0154,0.0175,0.0205,0.0225,0.025,0.0284,0.0375,,0.3580879352914997,0.4483922225942466,0.6268997971173017,0.039529479926167205,0.13045644315128638,0.07220776015118371,0.08201153605226182,0.08263704818741202,0.09696753773539005,0.8123661126251613,0.8216119875407806,0.9331532530996396,0.07668574647082946,0.0730657781172971,0.07463577446659815
0.13361,0.019113295,7.274145422069467e-05,-0.03084206,-0.811212852,0.0068,0.0113,0.0136,0.0174,0.0193,0.0218,0.0245,0.0271,0.0305,0.0398,,0.3966268162179332,0.467000997685527,0.8515207390684331,0.039897993264843265,0.12090062668400975,0.05304898191516823,0.08628493428650644,0.08844739120691497,0.10090191501006544,0.9777115643397416,0.8493857861545148,0.811342374917814,0.07545177205691893,0.06504617754229085,0.09414099465377544
0.129955,0.017446502,6.040139903703732e-05,0.046150942,-0.659144171,0.0064,0.0102,0.0125,0.0154,0.0173,0.0202,0.0219,0.0244,0.0277,0.0375,,0.38557276698214965,0.4674496932052288,0.7667175005404538,0.037766333904703416,0.12246721888375167,0.07904522637200588,0.07642422088475977,0.11574223667184161,0.11418322665291497,0.9932084352538505,0.8457476018342739,0.8754638655111373,0.08008076544578527,0.0742527257321122,0.09689209435422236
0.133211,0.018140493,4.8749728383878905e-05,-0.056846611,-0.795819181,0.0084,0.0116,0.0141,0.0161,0.0181,0.0203,0.0225,0.0247,0.0276,0.0334,,0.3917008897950801,0.4784679320724711,0.7118915661873775,0.04872403795480611,0.14180574196238732,0.08502549404571363,0.08223961451815784,0.10156475569548189,0.12789235930204268,0.8472576929470023,0.9532189805719318,0.8753847225291841,0.07791191593984176,0.07869121021268674,0.061237868270175515
0.123139,0.017893653,5.2179782007235513e-05,-0.063552806,-0.831591237,0.0081,0.0107,0.0132,0.016,0.0179,0.0204,0.0223,0.0248,0.0276,0.034,,0.3827543487650917,0.4323992763515135,0.5493793664317673,0.04564386218991108,0.12149370756017612,0.06832756758602093,0.10310538618421052,0.10004646375602547,0.11982506829550636,0.9746288819073433,0.81996567955573,0.8592016563640584,0.05462753903877717,0.05588583693041887,0.059490206263660514
0.137822,0.017803657,5.910292572355368e-05,-0.003285083,-0.790257706,0.0067,0.0103,0.0132,0.0157,0.0176,0.0201,0.0226,0.0249,0.0282,0.0362,,0.365237406367372,0.48991046935355753,0.714201302192298,0.04880091193646764,0.12255040230374808,0.05097047992008481,0.07254768112063537,0.1174263679068739,0.12334614883994995,0.8641907873322185,0.861515365385245,0.9391248216851231,0.07576840344559492,0.09449370543186257,0.07346371318885081
0.200114,0.028053288,9.60796848700452e-05,-0.056848876,-0.53472512,0.0151,0.0193,0.0226,0.0255,0.0282,0.031,0.0337,0.0367,0.0407,0.0512,,0.4086709267082881,0.4119201231123892,0.7159223750935763,0.040703396085527206,0.11458203348197424,0.0849800165977262,0.08163574986098553,0.10049596406031427,0.13161376711563624,0.9640916066355398,0.9577570962244178,0.9233621238225493,0.06295796185836829,0.08058195604735624,0.0674854653794517
0.199963,0.029154548,9.79670553876444e-05,-0.016957188,-0.183019042,0.0163,0.0204,0.0233,0.0265,0.0292,0.0319,0.0347,0.0379,0.0419,0.0557,,0.3991632898400576,0.42022807458916345,0.923157482859554,0.03841597550855115,0.13096970459015542,0.05575475988058855,0.06771479617182749,0.09082593326157437,0.09628164915369299,0.9557807056809824,0.9283952092916592,0.9953742566564506,0.08613250689132948,0.05440145174027406,0.09167308199556495
0.188272,0.027574076,0.000137519,0.01192042,-0.645000841,0.0112,0.0166,0.0208,0.0245,0.0281,0.031,0.0344,0.0381,0.043,0.058,,0.4033091787137176,0.4048500611248392,0.5898387482960075,0.03781974956154602,0.12962654148756095,0.08436699391228619,0.10219507768570962,0.09351483092419306,0.10490691403102795,0.8637752655720994,0.9847839702058288,0.818569462674318,0.07719704201563832,0.0768591845693568,0.09444927861350118
0.191133,0.027741975,0.000109302,0.027324549,-0.734014336,0.0143,0.0186,0.0219,0.0248,0.0278,0.0308,0.0341,0.0379,0.0421,0.052,,0.39023099453260934,0.40879317416322636,0.5142544476041107,0.04095823353225892,0.12143560281825536,0.06488008758887719,0.09320973476618691,0.10961508865160087,0.11364926965621971,0.9488939178294434,0.8435332508445027,0.8134553105817012,0.06030240621301412,0.0717551205118777,0.0836146667911977
0.193242,0.024263856,7.980130768440678e-05,-0.064394885,-0.714670304,0.0118,0.0165,0.0194,0.0218,0.0241,0.0269,0.0297,0.033,0.0362,0.0453,,0.3582960843903448,0.42180209682371933,0.5953551523639697,0.04687843473123374,0.13210229732186807,0.08557482062188518,0.09199321152118375,0.11230824720339211,0.12940008585168478,0.8652580588759164,0.897436691054048,0.8863955321859701,0.05734489398821223,0.06498068267016635,0.08471493356108069
0.203448,0.028646342,9.637175395740376e-05,-0.13276432,-0.550880067,0.0156,0.0197,0.0232,0.0261,0.0289,0.0317,0.0346,0.0378,0.0416,0.0531,,0.36480751958319035,0.40703289954418664,0.7829584633707466,0.03980794810262337,0.12404206481094948,0.07137677152251623,0.09554886407156446,0.10205297043985286,0.12649327605435084,0.8575754393854897,0.8274717156098508,0.8375355495260107,0.06749845204823504,0.08480707570608453,0.08034489558460194
0.201261,0.027990804,0.000141262,-0.091004609,-0.828594321,0.0121,0.0174,0.0214,0.025,0.0285,0.0318,0.0351,0.0394,0.0441,0.0517,,0.3851321190398249,0.4714421426574559,0.6073238221147291,0.04114010465282265,0.11330000199999346,0.0633774351154037,0.09699948466230422,0.10221851081016654,0.09685280067488466,0.9394143910810081,0.8968898363683139,0.9047877408754804,0.06533257501286761,0.09237366901210241,0.06369425505226269
0.191999,0.023159906,7.305638882875504e-05,-0.066019008,-0.627416024,0.0111,0.0154,0.0187,0.0211,0.0233,0.0259,0.0282,0.0309,0.0346,0.0453,,0.40302484136531713,0.47374810754126323,0.7921105771185178,0.04037187166444881,0.14822743058460403,0.08118271465345755,0.1035492301235162,0.10688255052485639,0.11832214923345305,0.9329090794202411,0.8518345024312006,0.9753688043338551,0.06623780978203829,0.0700541278199,0.05781167796327511
0.194807,0.025826937,8.437808642363107e-05,-0.139843329,-0.694807226,0.0128,0.0172,0.0206,0.0237,0.0262,0.0288,0.0315,0.0345,0.0376,0.0468,,0.36567060641110455,0.4314523380603805,0.5930388598720195,0.044197365919926374,0.11863322242608594,0.06489295435477542,0.0852126381584418,0.11424499906342644,0.10473692930040654,0.8819990183861917,0.9341787142492172,0.9675047363476604,0.0924331881226846,0.06029918442723275,0.0711898160069584
0.194452,0.027588249,9.954106232682504e-05,0.082431252,-0.231921312,0.0142,0.019,0.022,0.0247,0.0274,0.0303,0.0332,0.0367,0.0407,0.0605,,0.3907114706955272,0.4243496152437936,0.5265185329286195,0.04827468381467387,0.12170675374037705,0.06283346893446722,0.09025012976852649,0.10304135608459368,0.11770277834820383,0.9526045789678041,0.8857564662178022,0.8306622614336441,0.0913553417878874,0.05753602232916712,0.060447696289665474
0.220516,0.024621207,9.54631218077026e-05,0.049190987,-0.610162503,0.0116,0.0155,0.0187,0.0217,0.0243,0.0274,0.0302,0.0334,0.0374,0.0495,,0.416425060620902,0.44017109580100267,0.6405155261756345,0.04468720243004599,0.12589910941283838,0.0532171469390103,0.0741686115932258,0.08811965938340324,0.13290962910500226,0.8683070162232353,0.9264492587782199,0.9791831041534929,0.0789630290745902,0.05490895815694257,0.062278886865972195
0.218117,0.024825911,8.797552252971908e-05,0.062335286,-0.446148014,0.0125,0.0162,0.0194,0.0222,0.0249,0.0276,0.0301,0.0329,0.0367,0.0503,,0.3695794342729211,0.49744888391988396,0.5911074609764178,0.04925184539238867,0.13297410969132575,0.06306861221721859,0.06674052371134157,0.09639340218686186,0.10341990528642642,0.8404440937874667,0.930147340042165,0.8851857664593004,0.05852033789539913,0.07128103647471716,0.0868470570537891
0.207233,0.022641176,0.000100749,0.1405337237088677,-0.43656278,0.01,0.0139,0.0175,0.0203,0.023,0.0257,0.0286,0.0318,0.0358,0.0522,,0.37249434964012085,0.41318462724683624,0.6589934293501444,0.04812044520032416,0.12003115284802078,0.07838743742521935,0.10260606966024646,0.09235194255854168,0.1284468482295796,0.8535129683002658,0.8759273517378542,0.9277498395760458,0.055266983024980225,0.09663577153423193,0.08382830597621843
0.199529,0.022895219,9.45073930200301e-05,-0.057429925,-0.760505696,0.0095,0.0133,0.0171,0.02,0.0231,0.0262,0.0291,0.0321,0.0353,0.0471,,0.3766062567933787,0.42887941447736594,0.8673470478819969,0.03650793520155721,0.1222466691845502,0.08383860226293469,0.09339507447483163,0.11890968013831786,0.1325741162202398,0.8271584350972994,0.9701402267625538,0.9011424258068983,0.05149756285683073,0.0854821632514348,0.07508075158392474
0.208717,0.024483822,0.000106284,-0.03873366,-0.749153263,0.0106,0.0149,0.0184,0.0215,0.0243,0.0275,0.0307,0.034,0.038,0.05,,0.37404974528706303,0.4754372432069742,0.6882413943958485,0.04728223549001767,0.12041340146591381,0.08504521139133804,0.0809033428870014,0.10100288901098385,0.12419620894599903,0.8202150718785884,0.8999611183918451,0.9120905477732876,0.054941881899408226,0.05177587535753549,0.09275314607071149
0.211961,0.024923737,0.000116081,0.099920374,-0.616391957,0.0109,0.0151,0.0189,0.0221,0.0248,0.0276,0.0307,0.0345,0.0395,0.051,,0.3849563918113267,0.4445445763658861,0.5557306366106195,0.046495507567659744,0.13128433624075278,0.07260070520164134,0.08303138847758726,0.0813493899239247,0.09804648273605181,0.9087428968593676,0.9682818550377793,0.9664029898194613,0.055077262558207524,0.06254647132646349,0.0695664368334463
0.21195,0.024404829,9.393026955526167e-05,0.0793729,-0.653860746,0.0118,0.0154,0.0186,0.0213,0.0239,0.0268,0.0298,0.0334,0.0374,0.0501,,0.37943536579135206,0.4263341357903656,0.7355241640088865,0.03928941993951453,0.12281861711044031,0.08176133772643071,0.065603156655875,0.09078544693757878,0.1275611758459352,0.9925308235390591,0.9483443228044647,0.819392312337196,0.07317916640739924,0.05981417486442142,0.07596367117928994
0.205766,0.024680808,0.000103319,-0.192754188,-0.829626235,0.0101,0.0149,0.0189,0.0223,0.0253,0.0283,0.0312,0.0343,0.0378,0.0461,,0.3688492193633424,0.45148469852994205,0.6851761596187947,0.04155908444798894,0.1169743024170427,0.08400905099459169,0.09169422815648717,0.09331923547935848,0.10794355629137024,0.8942375986853954,0.9064751295245103,0.8518120927772256,0.06414582854821092,0.06346043443979925,0.08822104307760187
0.213016,0.023778465,9.679226867336694e-05,-0.062771279,-0.669155435,0.0101,0.0142,0.0178,0.0211,0.0242,0.0272,0.0298,0.0327,0.0363,0.0476,,0.4087602739429892,0.41800367370995023,0.5924243372144262,0.04805450564634432,0.11583955969118943,0.07258775888145468,0.07974790986091322,0.11434445472428452,0.11522687110066823,0.8405068048631886,0.9322136968363233,0.9635954334986044,0.08181078711833809,0.08751550014796274,0.09108834716753675
0.215052,0.024134714,9.7636850964229e-05,-0.009699221,-0.723890633,0.0107,0.0147,0.018,0.0212,0.0241,0.0272,0.0302,0.0336,0.0372,0.0485,,0.3655037450954716,0.4223987673916411,0.7386384603761622,0.04943314393301379,0.1388578161998758,0.05567784005155598,0.09468148022731043,0.10765668372645014,0.112981071764994,0.8168874317708714,0.9934266261995399,0.9734384211521928,0.07968917502631652,0.08731295584750443,0.06513635625182383
0.133785,0.024488176,0.00011151,-0.098024535,-0.829996718,0.0099,0.0142,0.018,0.0215,0.0251,0.0283,0.0313,0.0342,0.0381,0.0472,,0.35570213890347374,0.41438386685631795,0.8483345108836614,0.0429593436630508,0.11529665681220687,0.07184840867871943,0.09856840780125033,0.09352815599866364,0.11666812233072127,0.9915242904174165,0.994385305035227,0.9191096981454702,0.06111358971399914,0.07200391228864193,0.07419276539238895
0.123802,0.021429582,8.825981509137663e-05,-0.040063594,-0.783047038,0.0081,0.013,0.0158,0.0186,0.022,0.0242,0.0269,0.0304,0.034,0.0419,,0.3818366093987452,0.4976067474422764,0.8199884140018765,0.035450888801073464,0.1412572439111553,0.0584080861520924,0.0945118795179781,0.09757586194245703,0.1256500887494143,0.9031358302305453,0.9334103451621365,0.9401540911527282,0.05255798028384341,0.09383404225001934,0.05800836431822242
0.138483,0.024743774,7.943070548148572e-05,-0.060095894,-0.280111375,0.0129,0.0171,0.0199,0.0229,0.0249,0.0272,0.0296,0.0323,0.0363,0.0468,,0.35098422168445453,0.48088839681324524,0.6751948508608583,0.044619987860267524,0.11544372363861827,0.08067323737574958,0.08826530483798202,0.10763364311655349,0.11759294463918929,0.8577446660047242,0.8483888232625931,0.9911405646977854,0.05378135452936205,0.05669736215299603,0.08269379670976683
0.144625,0.023719889,7.136534040760546e-05,0.008733739,-0.121730149,0.013,0.0166,0.0192,0.0213,0.0235,0.0258,0.0282,0.0308,0.0347,0.0501,,0.35084250018389174,0.4934444702645148,0.6535302062807876,0.048407696353046856,0.11723834536037496,0.0522252488087613,0.09175231953675093,0.1018690702949927,0.10941778952088389,0.8864382956900769,0.8939343178513903,0.9726569481611423,0.0616048896253358,0.09737545727788652,0.06809460910979957
0.127695,0.025150663,8.675774216473162e-05,0.029686978,-0.629616579,0.0127,0.0166,0.0203,0.0225,0.0247,0.0273,0.0303,0.0338,0.038,0.0461,,0.3876795192941954,0.42997285072597047,0.7615676595356762,0.04082998540509258,0.13444019765280057,0.07700607180065575,0.07110577869622582,0.09086072990859284,0.1334469003110179,0.8949468351548333,0.9079306737260532,0.8448311285282039,0.07095464667815363,0.06089262135239931,0.06814649767764076
0.141049,0.024742743,7.053985332854626e-05,-0.20556714,-0.516544373,0.0137,0.0171,0.0197,0.0226,0.0253,0.0276,0.0298,0.0325,0.0354,0.0433,,0.3787636356283649,0.4370779903005984,0.8306151906677981,0.04012594237716143,0.1479414559377354,0.05078234038473307,0.07622776512151251,0.11506554940575173,0.09930726062202028,0.9536263716705556,0.9066214067096225,0.8513911928697565,0.08521480845907632,0.07540915478607584,0.06993306830036544
0.136985,0.02163906,8.869957155151162e-05,-0.038943503,-0.77086739,0.0085,0.0124,0.0164,0.0189,0.0217,0.0243,0.0276,0.0305,0.0341,0.0439,,0.38781702479073715,0.418084542403748,0.5922983710814682,0.04537547233350752,0.12779686781824312,0.06519702807252385,0.10304001089782004,0.11304256584607483,0.11000371923764905,0.9549128935924139,0.9368250369849184,0.8159254256880429,0.06976063694384556,0.05347912552076043,0.09617171669349515
0.140468,0.020870206,6.279792220369073e-05,0.008875208,-0.744683779,0.0105,0.0134,0.0164,0.0183,0.0205,0.0232,0.0255,0.0284,0.0318,0.0386,,0.3836704423086354,0.47642013745058054,0.8791726781504051,0.04886431003077077,0.14190602305478442,0.07897523296837089,0.07787025810236206,0.080484446929089,0.12618265489198344,0.845455608121993,0.9668031584821681,0.9818815356110918,0.07659911329448346,0.05316758072621673,0.08712985821213318
0.139429,0.026156979,8.81406144344368e-05,-0.026106841,-0.17059616,0.0147,0.0188,0.0216,0.024,0.0266,0.029,0.0316,0.0345,0.0386,0.0523,,0.4122309173011539,0.4391050909175011,0.8335372648917527,0.03736775939351795,0.11730753226849254,0.07125862511140794,0.07556748008290545,0.093389591475678,0.12335579762430292,0.8081816961120903,0.9762007021266831,0.8061195452610562,0.09109405091660647,0.07011061238103154,0.061046962319574814
0.131253,0.021956869,9.484298479826123e-05,-0.024529926,-0.790072744,0.0086,0.0124,0.0167,0.0195,0.0221,0.0248,0.0278,0.0314,0.035,0.0453,,0.36500756534601886,0.44709002796849956,0.561328515971234,0.04207907053352207,0.12470046162466013,0.07741160286456614,0.06616175459908384,0.11437202523222183,0.12478099829822553,0.9930040417514527,0.9835532822839794,0.9524451522978491,0.055345948712864836,0.0822442862434585,0.06414432425867848
0.145211,0.022166693,9.985343265805596e-05,0.02211696,-0.745761227,0.0085,0.0123,0.0162,0.0197,0.0225,0.0251,0.028,0.0312,0.0359,0.0464,,0.4102511178914582,0.4756234881965759,0.7683935538760422,0.04269345874794731,0.11915595145927006,0.0830618177467921,0.10207987105417769,0.08516405171421691,0.11116116030265558,0.9600901856675815,0.9606219154556161,0.892636188313548,0.0777894067491088,0.07902082675756283,0.07229473863773554
0.128816,0.02184061,9.618234870678108e-05,0.028906557,-0.826961495,0.0084,0.0122,0.0162,0.0187,0.0215,0.0245,0.0279,0.0311,0.0353,0.0437,,0.4162315618372111,0.43488041385888143,0.7714427576770833,0.046460307557710856,0.14692784002964132,0.05590760281338333,0.07539101595329853,0.09505995223001396,0.11478019144394312,0.8533099407160516,0.8642125537548447,0.8665636238536079,0.06906851677536682,0.05849471641513199,0.09806705276580857
0.137722,0.02301133,6.41443545707701e-05,-0.082426821,-0.431041198,0.0123,0.0159,0.0183,0.0208,0.0232,0.0254,0.0275,0.0299,0.0337,0.0428,,0.3839686341212653,0.4533221055933068,0.8665773225921579,0.04375844362385991,0.12407709883111723,0.06340150222751897,0.07949196848054993,0.10449574786793915,0.12165143163429915,0.8575562570781395,0.9290582582500909,0.8816736600374494,0.08247186002315163,0.06422695040111465,0.08507244836636853
0.128297,0.019851762,7.552763634499797e-05,-0.101516593,-0.862971765,0.0075,0.0114,0.0148,0.0175,0.02,0.0231,0.0253,0.0281,0.0312,0.0385,,0.38958345637385844,0.4673178534692953,0.6375410846372584,0.04422328559076936,0.12790871211038873,0.07437338140296126,0.06677355213573999,0.10261411480464824,0.10842330540467894,0.8530670380411641,0.9718143402128953,0.9773550591497517,0.08839659597506078,0.0558714261972406,0.05962220468546479
0.138757,0.02116105,9.405159325576686e-05,0.072579245,-0.818770876,0.0078,0.0126,0.0152,0.0179,0.0212,0.0237,0.0266,0.0304,0.0349,0.042,,0.35463581425892976,0.4699709795878311,0.7735962242901713,0.038996328436648645,0.11410873072998759,0.0804086473273795,0.0819816231523708,0.09674794823190168,0.12399287311435983,0.9899139805924108,0.8387350200389192,0.8475075285399358,0.05700480917063453,0.06350109967119996,0.07081827457716984
0.147981,0.022521481,6.306842479603773e-05,-0.121808631,-0.674297446,0.0117,0.0154,0.018,0.0202,0.023,0.0249,0.0275,0.0301,0.0332,0.0388,,0.40207457074847114,0.4058028652509465,0.7809451948857647,0.03559379211929026,0.14529809623644677,0.05642458675858741,0.0937027892355895,0.1038243463823607,0.10706806741479012,0.9707088500105774,0.8873308149938228,0.8696548308792321,0.07167007793305835,0.08391509325647521,0.0889432500095203
0.129913,0.020006552,7.720737633052323e-05,-0.060776237,-0.792879679,0.0074,0.0119,0.0146,0.0177,0.0204,0.0228,0.0256,0.0281,0.0317,0.0401,,0.4096112968253377,0.4769327738344286,0.7310871970826154,0.04124434561138939,0.13816413958306187,0.07682605533042579,0.08704622272644878,0.11877576189346653,0.1026374928219591,0.852740302341721,0.9045577870350957,0.9242360374137527,0.09251351712134669,0.06595687912534402,0.07914721703816545
0.129785,0.023592362,0.000115521,0.032943311,-0.806632587,0.0091,0.0129,0.017,0.0205,0.0238,0.0268,0.0301,0.0334,0.0378,0.0468,,0.3522656024566878,0.4741721797457029,0.5097949373312328,0.038450866425830864,0.14863308571039965,0.06562967571705586,0.09103195991383087,0.09372197357278866,0.12373928968170478,0.9229626527901714,0.9800022800737889,0.8204094035149718,0.06641878882187355,0.08623469789014764,0.09877110364996877
0.130197,0.021767846,9.340896538024308e-05,-0.036505839,-0.819415133,0.0082,0.0126,0.0162,0.0188,0.0217,0.0249,0.0277,0.0309,0.0348,0.0431,,0.38009925811066214,0.47949854110324497,0.5334805302854246,0.036868248476840074,0.12327720321432883,0.07292982791075821,0.07479606547699881,0.11367581030245713,0.10620185684289098,0.9555971931238799,0.8769351015433944,0.8426252505225762,0.05116615273562302,0.06218304553986622,0.06082106052070849
0.138129,0.02291933,5.919440585420975e-05,-0.260262389,-0.426290909,0.0125,0.0161,0.0188,0.0211,0.0233,0.0257,0.0277,0.0298,0.0326,0.0401,,0.37520311273840445,0.40954608161930584,0.9023569219413615,0.0448837016729727,0.12589241177954286,0.056630019708174634,0.07956919959178829,0.11515987234771945,0.1193835978008665,0.8649213577258656,0.8470372412483183,0.9373375378564061,0.07320977536589338,0.09791030695569788,0.08878836974843352
0.130074,0.021327758,8.044770176702827e-05,0.144934066,-0.654719042,0.0091,0.013,0.016,0.0184,0.0208,0.0237,0.0264,0.0294,0.0336,0.0432,,0.4063533573812932,0.40734928232822676,0.7251846499672939,0.046120515450499375,0.12733842596447875,0.07510747860425468,0.08052310924153751,0.08256799661837462,0.12307896983193521,0.8335715409839669,0.990310148338767,0.848091336255743,0.06388864501613874,0.08055163947650557,0.06645435008609521
0.139741,0.020639222,6.324368338747555e-05,-0.053190418,-0.746616012,0.0102,0.0127,0.0163,0.0185,0.0206,0.0232,0.0254,0.0278,0.0314,0.0391,,0.3735523638919752,0.43842025826487235,0.7910579002672198,0.046676642033021354,0.12979454233638477,0.051322368784301874,0.0843593750729301,0.0827397873485182,0.11854325078000481,0.9211992988223425,0.9455651490889453,0.9756669310844052,0.07169115688937461,0.0644301301305725,0.09715499720784827
0.131714,0.021560033,8.85078264185608e-05,0.1487747833141342,-0.486033833,0.0095,0.013,0.0162,0.0189,0.0214,0.0239,0.0269,0.03,0.034,0.0506,,0.3689359892447763,0.4930903629239636,0.6550095395937353,0.04825421603654662,0.14471094442482943,0.07562501177600608,0.06868039684948926,0.10850550709825303,0.1071729129173249,0.9826448840444109,0.9080697158177223,0.938653616239127,0.08961745565745606,0.06286775754936903,0.096437292746607
0.131,0.01956471,7.508041762993762e-05,-0.014005358,-0.801025559,0.0074,0.0113,0.0144,0.0171,0.0194,0.0224,0.0246,0.0278,0.0311,0.0382,,0.40005869080041895,0.47328368872566307,0.5461909080434371,0.047401374516890166,0.12098609798719213,0.07169146541111254,0.08894519216315754,0.1172160470486036,0.12358126921453645,0.8220822759908365,0.9200644147346682,0.9281991649166086,0.08976086283454729,0.06345940866777085,0.060920400637973694
0.125965,0.019225343,5.554941560401428e-05,0.037708878,-0.678187956,0.0095,0.012,0.0148,0.0168,0.0194,0.0214,0.0235,0.0261,0.0291,0.0372,,0.40003300905198763,0.4773410994849549,0.7452559328437437,0.03833390437385246,0.13273951711084897,0.07881360792033787,0.08094309152562669,0.08251129617069827,0.11892987717556013,0.8231703688007856,0.8981344288870018,0.8607536436836674,0.0539511115646929,0.07594041405481614,0.07903965337631241
0.126633,0.020812875,9.677833180209612e-05,0.2861548218774091,-0.257583716,0.0083,0.012,0.015,0.018,0.0205,0.023,0.0258,0.0288,0.0335,0.0501,,0.3958944211507428,0.4633935536601309,0.7407554862986631,0.039537610906045836,0.11712205217654466,0.06256923805832015,0.08270037895320287,0.08962200561080011,0.0984078190449584,0.9481598222412393,0.9620367692053247,0.9239980280651053,0.0592200576398581,0.09076089041055113,0.08786653908685131
0.137009,0.020852023,7.742734830935162e-05,0.040986608,-0.832756659,0.0087,0.0119,0.0156,0.0181,0.0205,0.0234,0.0265,0.0294,0.0326,0.0436,,0.3719896449805828,0.49760508436862744,0.9093267258909038,0.04200814768248276,0.13008495501571987,0.05845621972766036,0.07627439117479429,0.08268832154171674,0.12206431931789237,0.9479588679037412,0.8606240626826083,0.9481341973685818,0.06226066561563825,0.09791887918063476,0.0673695271047373
0.124114,0.018211574,6.594550945253568e-05,0.075359234,-0.770556976,0.0069,0.0105,0.0128,0.0158,0.0179,0.0207,0.023,0.0258,0.0291,0.0376,,0.41774847604558807,0.4012351875685272,0.9024035023833027,0.03552031135519991,0.14687064674537761,0.07385344737513452,0.09638349947295084,0.10204539637771738,0.12094349667296034,0.9260107866611283,0.9741558577627262,0.8273256636436095,0.07136700954615541,0.06122952791894462,0.06624346050835016
0.136211,0.020397992,7.248027694251761e-05,-0.008019921,-0.811946348,0.0083,0.0127,0.0151,0.0178,0.0209,0.0231,0.0255,0.0285,0.0318,0.0417,,0.37462264410785884,0.4156192933115409,0.7447214971575986,0.04446994914271891,0.14899728006458499,0.07198979534835068,0.06692315020785915,0.08708347239002259,0.1102910110849793,0.9380393037687739,0.8790087429196318,0.913958867357124,0.06227972565171081,0.08214888163142031,0.09606040553744868
0.129965,0.02045179,5.6745016350332146e-05,-0.044724704,-0.687737375,0.0103,0.0131,0.016,0.0182,0.0207,0.0225,0.025,0.0274,0.0304,0.0372,,0.3779546984757823,0.4753761745116709,0.82934478218335,0.04256669101335746,0.12406256172301247,0.06489421876521322,0.07939583681408065,0.10086427136875506,0.0999463805278987,0.9878505123817224,0.8437916269505857,0.8156784049995661,0.0918792172610125,0.07041636835964239,0.08729308989501997
0.132813,0.019625209,7.713730868303913e-05,-0.001816233,-0.845923606,0.0072,0.0114,0.0138,0.0175,0.0195,0.0222,0.0251,0.028,0.0315,0.0394,,0.36493745526782156,0.42134164080561504,0.5418385403659901,0.03691422544932038,0.1129980465742991,0.05867315042574896,0.07233611978383415,0.0978420821675595,0.10178456626375168,0.9568785089718231,0.9462486798345144,0.8739722133542277,0.053953111413180065,0.06069702524935311,0.06722504073627986
0.115853,0.019907806,7.896972000995981e-05,0.041341042,-0.730566173,0.0075,0.0122,0.0146,0.0172,0.0199,0.0226,0.0249,0.028,0.0322,0.0421,,0.3940893703152855,0.4331055066735364,0.5261438078966241,0.04031856810226177,0.11457971749921773,0.06166471649007815,0.07467617531405711,0.11156016982840772,0.10182640484552792,0.8407140674577492,0.8346121263224724,0.9544703609531011,0.0808145107127064,0.09594514055496209,0.06777528187981988
0.130767,0.018442395,6.494792843170341e-05,-0.047207232,-0.809440716,0.0067,0.0109,0.0136,0.0164,0.0185,0.0208,0.0235,0.026,0.0295,0.0388,,0.36512610905556253,0.4511144019708202,0.540895685853881,0.038120380766414046,0.13418998315681374,0.06807785086032027,0.08956401141007812,0.08582092729288404,0.09957083700199927,0.9167711818195982,0.837496722305513,0.9068487421668198,0.07254479527001068,0.06222973401738588,0.08929698452120989
0.11903,0.018442383,6.567067531390636e-05,0.007214545,-0.830575632,0.0069,0.0109,0.013,0.0163,0.0185,0.0207,0.0236,0.0261,0.0295,0.0391,,0.39860670702515955,0.41765222489936404,0.567478806694202,0.035747550120133094,0.12628001505535677,0.0612781477946095,0.08340848816441704,0.09494168480939992,0.1175310915257768,0.8450675007497599,0.952923154771791,0.8218904017068106,0.06287997867436271,0.09576780986248852,0.09420435391651635
0.110377,0.019585858,6.66629638934138e-05,0.056187879,-0.667379579,0.0079,0.0118,0.0149,0.0176,0.0196,0.022,0.0243,0.0267,0.0306,0.039,,0.3758989657275105,0.40134637157665476,0.7437588029803667,0.039309375756942176,0.11725304682641476,0.05484130522804939,0.10139394767566128,0.10579308230779058,0.1328566117453317,0.815622500022653,0.8193032531446806,0.8029660901196958,0.09045418494238755,0.07449853078401888,0.08559059095773097
0.114296,0.019251717,7.740521226453143e-05,0.1620724201520866,-0.425411379,0.0076,0.0109,0.0135,0.0167,0.0192,0.0221,0.0243,0.0271,0.0305,0.0467,,0.40797179984346965,0.4928773866962265,0.7453809079356554,0.0354581506660391,0.12235459383361545,0.07795611743724609,0.09364295823951567,0.08421430719663124,0.12324322648735388,0.9745696560487829,0.8252676700137835,0.9279463783183649,0.06823356602219077,0.08372715457564406,0.08359860461832934
0.115821,0.020950846,8.82509930105529e-05,0.020747404,-0.722476771,0.008,0.0117,0.0158,0.0184,0.021,0.0237,0.027,0.0297,0.0333,0.0442,,0.39991722832733495,0.42329157838637377,0.8202179371932805,0.0463652449622502,0.13495419809690337,0.06782470985109867,0.10167514512956954,0.107961604284187,0.13083105850264407,0.9878258772720379,0.941598455800683,0.9535574953073478,0.05833083800796223,0.05464698128745395,0.06362509347838519
0.097559,0.018870851,7.036388958494351e-05,0.057045134,-0.788777209,0.0071,0.0108,0.0134,0.0163,0.0187,0.0216,0.0235,0.0265,0.0303,0.0377,,0.3922455212801017,0.41874080057581514,0.6484739299854433,0.040544911962905834,0.1202293922200731,0.06322653205377747,0.10150449232308192,0.09476622663804084,0.10857012006224152,0.8613224852682766,0.887858738498792,0.9647724473083817,0.06273993511150223,0.09122114596739732,0.05918454715313205
0.128094,0.020117322,6.981596958174564e-05,-0.026884881,-0.878853308,0.0088,0.0117,0.0152,0.0175,0.0206,0.0226,0.0252,0.0281,0.0316,0.0375,,0.3786699852221444,0.44867851036567596,0.5597775718882593,0.04397776165697105,0.1315742181034964,0.0793355171421417,0.08892336895063925,0.09591982016201671,0.11402807658239814,0.9222814742470266,0.922720505525841,0.8621587916205485,0.07007605104050706,0.07128651045991163,0.08998795396434947
0.142806,0.019107283,7.14259820057414e-05,-0.004685564,-0.760565421,0.0071,0.0115,0.0138,0.0167,0.0193,0.0216,0.0241,0.0271,0.0303,0.0405,,0.3688191198098404,0.4233000339126832,0.5069105642375953,0.049052989988190875,0.13856085416867958,0.06455652230302414,0.08881217417114921,0.08362666866018914,0.13159054275934082,0.9052524032677725,0.9453833527682374,0.8344365856246869,0.08548368166110365,0.09228822362398637,0.09387276188869961
0.219059,0.02848173,0.000104956,-0.060118292,-0.621008308,0.0145,0.0187,0.0224,0.0257,0.0286,0.0314,0.0345,0.0377,0.0419,0.0539,,0.3886022470746727,0.4610509141669377,0.5431894311950308,0.03844793226669506,0.14656492246464342,0.05352406126433685,0.0919877303902317,0.11165961656071845,0.10723826308466956,0.8893397003263429,0.9429947584355242,0.8814646433897204,0.062239073028845,0.07470398306457851,0.0763065196472202
0.202989,0.02666499,0.000132342,0.009818608,-0.683296348,0.0111,0.016,0.0197,0.0234,0.0269,0.03,0.0333,0.0369,0.0415,0.0541,,0.3933801754250123,0.489846211561567,0.5359740583253684,0.036558512226373734,0.13844371424232696,0.07130759589897222,0.09208149468520496,0.11865488581633277,0.13384344018918118,0.8102837908664657,0.8899221428042672,0.8867900177715766,0.05681765564388346,0.09106978057647236,0.05890729654778599
0.193982,0.024586847,0.000104131,-0.108723816,-0.819036433,0.0103,0.0147,0.0185,0.0224,0.025,0.0279,0.0311,0.0343,0.0378,0.0467,,0.40827307504101185,0.41907392894069606,0.5890530826856939,0.03785768999726221,0.129615009026758,0.0847956012943869,0.0882948728260924,0.1162184278238996,0.09856351151895497,0.978746260496814,0.8100366598005893,0.9554245096328441,0.0703394006592632,0.09722414602567143,0.08409700380703213
0.215052,0.027810958,9.772963122297894e-05,-0.174901274,-0.716295214,0.0137,0.0181,0.0221,0.0258,0.0288,0.0313,0.0338,0.0367,0.0407,0.0476,,0.3998538156014591,0.4152823684579687,0.8772143140325771,0.042100534819434564,0.12099847402672406,0.05423753456780338,0.07333886495983927,0.11370905992867585,0.10887439663940303,0.9265096996648021,0.9859295518912288,0.9163116184358668,0.06531385432844189,0.07357844975167874,0.07513466323998919
0.212619,0.025638057,0.00012539,0.072428835,-0.541404721,0.01,0.0153,0.0189,0.0222,0.0253,0.0286,0.0319,0.0356,0.0404,0.0552,,0.38914168114392367,0.4357540652888738,0.6750960465686844,0.0447501297733143,0.14788453880872116,0.08110546758520402,0.06653458031908646,0.10139105667525823,0.11469550745066773,0.9279113235176918,0.9483244948502227,0.8523297774635155,0.05367435334788889,0.09435765794708353,0.0747331555227458
0.202585,0.025591939,0.000123279,0.099353265,-0.455893281,0.0099,0.015,0.0189,0.0224,0.0257,0.0291,0.0321,0.0353,0.04,0.0567,,0.3923400326588457,0.40311675647005807,0.8583376190650708,0.042118930957566095,0.13521428127219878,0.06281377508398196,0.08004953400711455,0.0855708903615427,0.10497217837507805,0.8978885465770647,0.9475773579856075,0.9489997137448436,0.062491658364283977,0.07367739808899239,0.08568550276809576
0.218186,0.025198959,8.192781583558055e-05,-0.14773155,-0.742030183,0.0122,0.0174,0.02,0.0226,0.0254,0.0285,0.0311,0.0338,0.037,0.0449,,0.3574060101536484,0.4445067348155373,0.7590491564035635,0.04592992597477039,0.14549288792916684,0.0829352381674411,0.07762241612968974,0.11125962821895932,0.12739776478866854,0.9005699526330322,0.9398260172397379,0.937436034712491,0.09257657305226391,0.09128699244778309,0.06440462880549909
0.217285,0.028327844,0.000111029,-0.027342918,-0.617524848,0.0137,0.0183,0.022,0.0255,0.0287,0.0314,0.0345,0.0377,0.0417,0.054,,0.3670949460137256,0.4365877916331507,0.5799379057571281,0.043611556346251225,0.1272507245851287,0.06276661678789731,0.07903654699005055,0.11403388227396098,0.09679521331414076,0.962227060468055,0.8381977446318734,0.865310104639307,0.06036611949963341,0.08905975839039859,0.07909516730961821
0.219529,0.026825298,9.619416173714009e-05,0.04710966,-0.572217028,0.014,0.018,0.021,0.0238,0.0267,0.0294,0.0324,0.0354,0.0399,0.0506,,0.3513044672029697,0.443120820414945,0.5111751624339228,0.04759921850624678,0.12885237368842903,0.07844219141123855,0.0928787199498486,0.11278963839737825,0.10607254015742391,0.9029982799903682,0.8364815290064558,0.8682383639289938,0.0654780616923996,0.09343174346402434,0.07531200803669674
0.205453,0.027720622,0.000152158,0.1040545551798544,-0.634170356,0.0107,0.016,0.0203,0.024,0.0278,0.0314,0.0346,0.0387,0.0444,0.0568,,0.4104523819183872,0.47991289574546014,0.6141255216665098,0.03539138746333769,0.11857034343118829,0.06962324963720896,0.07455760358287668,0.10164267701810563,0.1317596273221144,0.8661996194765803,0.8365871523857837,0.8432073330424066,0.0578748641636975,0.08373309074319668,0.06398273684366507
0.165588,0.020646682,8.0039293436509e-05,-0.062869512,-0.741770318,0.0078,0.0127,0.0152,0.0181,0.0213,0.0236,0.026,0.029,0.0323,0.0417,,0.4143589293965603,0.42228397802633616,0.8200444737915935,0.048159500581124955,0.13600464977808044,0.054814222257133775,0.08563718641773121,0.09447285818062115,0.12903167073878324,0.8367826687958847,0.9777250866443209,0.9720064569908181,0.07626531948949399,0.09262551423765378,0.08404789032141612
0.15147,0.020650845,7.234265032457076e-05,0.012837421,-0.814629351,0.0087,0.0129,0.0153,0.0178,0.0207,0.0233,0.0258,0.029,0.0319,0.0419,,0.38088152092318517,0.42968248895938815,0.6869122518503256,0.04762607777102262,0.11595682543688682,0.0699550215383276,0.08541289939427091,0.0872352536416453,0.09685737988749438,0.9739096397193575,0.9390278963949279,0.8102884987042328,0.08391570326860846,0.08990097059886544,0.0872912381858297
0.166519,0.021883739,8.840804830639016e-05,0.158241087,-0.60464574,0.0095,0.0127,0.0158,0.0187,0.0215,0.0245,0.0276,0.0305,0.0342,0.0476,,0.36229544520700124,0.4644406930492105,0.8714051181966928,0.04425894445073675,0.1435207860256086,0.07805602542837752,0.0899046128323895,0.10786636819059657,0.09923057995232588,0.833064318547445,0.9078053599167203,0.9095393342896514,0.08212455394313613,0.0582849988615624,0.09417821023358135
0.161547,0.020594229,8.413262030078373e-05,0.015779955,-0.722823626,0.0078,0.0118,0.0153,0.0179,0.0205,0.0233,0.026,0.0289,0.0326,0.0429,,0.395005039987748,0.4388489133618731,0.5260279829242285,0.04698555446292795,0.12703271011749429,0.051997309577366695,0.085610430647147,0.11818595899958774,0.09677666854518975,0.9109766926592054,0.9489533537004564,0.9597008301204254,0.0746853018091045,0.08586002574875062,0.09916941225517321
0.164831,0.020224013,7.607605016966876e-05,-0.053778606,-0.81801644,0.0076,0.0119,0.0152,0.0178,0.0202,0.0229,0.0255,0.0285,0.0319,0.0389,,0.38887015559274235,0.49317413683583733,0.5341177013511553,0.03856441865146357,0.12416385077662763,0.06859987465328196,0.07489037767157905,0.1098953120663019,0.10580183222790049,0.900288408320602,0.953740179495765,0.8246550727541045,0.07661059091172454,0.08357579313068701,0.07535198672617743
0.1563,0.021830615,9.034173214337791e-05,0.1212814910359921,-0.570289249,0.0092,0.0126,0.0161,0.019,0.0218,0.0246,0.0272,0.0302,0.0345,0.047,,0.3509909035008799,0.44272135874465635,0.6565012605459924,0.04070343213106338,0.1399799023379516,0.07073893398032928,0.09681281586158312,0.10960106153322441,0.1022478437844104,0.8346899576190421,0.9166351297138678,0.9351372832827318,0.07517814817315006,0.05224358364183385,0.07837694073688352
0.15848,0.021070546,7.896794554694618e-05,-0.099078586,-0.715329404,0.0083,0.0131,0.0158,0.0186,0.0219,0.024,0.0263,0.0293,0.0327,0.0419,,0.4000042917752926,0.4958519376834085,0.8230959911150231,0.03721458450734221,0.13782205753273868,0.05171718523483854,0.08561930637019387,0.10447148090783459,0.10607995023413774,0.9811532582369387,0.8881622858397232,0.9103398980709487,0.06585384650537938,0.08799054534551781,0.06484244825359942
0.155791,0.018130782,5.84543025300811e-05,-0.053839626,-0.878227744,0.0079,0.0106,0.0133,0.0162,0.0181,0.0206,0.0229,0.0256,0.0283,0.0346,,0.3762860452913039,0.4558887739930899,0.8063100718290345,0.0404849171181807,0.12031290660198549,0.06359683760855468,0.10325440413759657,0.10950588479412797,0.09884123276022055,0.9126494914384322,0.8905146519775016,0.8608303368454848,0.05450304546759915,0.071811683533544,0.07175733301744883
0.16289,0.021539424,9.14586245603432e-05,0.010004284,-0.764787445,0.0086,0.0123,0.0157,0.019,0.0217,0.0242,0.0272,0.0305,0.0343,0.0457,,0.40510966713416563,0.48693551776828803,0.8992871069228145,0.04858424262808497,0.1391789846290039,0.06985032400850366,0.10300855821342143,0.083953889097122,0.11227659913849658,0.871761097569653,0.9254893812832139,0.9941065870141346,0.063844296942239,0.08605490831022104,0.09030023570785797
0.157703,0.021250007,6.888001063963433e-05,-0.06522418,-0.794137466,0.0105,0.0131,0.0167,0.0192,0.0214,0.0241,0.0265,0.0289,0.0326,0.04,,0.39775581993099224,0.48304788878325683,0.5120385600632333,0.03675305257183223,0.12187715435643448,0.08075291552984219,0.06936206610770675,0.11231168485423561,0.11907752466557442,0.8174623434288653,0.8149516432976542,0.8788807085910508,0.0728018372005543,0.05498471755546764,0.0777640918997841
0.11857,0.019057666,7.216649593473565e-05,0.07725224,-0.723460448,0.0074,0.0109,0.014,0.0166,0.0188,0.0214,0.0242,0.027,0.0306,0.043,,0.378948562874745,0.40426881614397875,0.9133123231408883,0.037170784811723374,0.13179497688516534,0.06934337412645757,0.0670262559715617,0.09690841067921922,0.12334651227867409,0.8067880625640161,0.8196821452385464,0.899877006144855,0.09164344104227874,0.060080157159829214,0.0785110206693558
0.117597,0.016618296,5.623213744372079e-05,0.06660619,-0.690177601,0.0058,0.0095,0.0126,0.0144,0.0172,0.0187,0.0208,0.0234,0.0267,0.0354,,0.35688770409999576,0.41907301627927057,0.8114683995650663,0.04168335009993933,0.13268957282860627,0.061861981908791455,0.08062142158601165,0.08618163350910935,0.10912414150505252,0.9574506965296946,0.971670152750701,0.9066704297693404,0.06710353983621767,0.07062621106964158,0.06324783538627579
0.123978,0.020498173,9.654105321027684e-05,0.406390078,-0.02200039,0.0082,0.0117,0.0146,0.0174,0.0201,0.0227,0.0252,0.0282,0.0327,0.0491,,0.4075641120974283,0.4705321453460198,0.7411282357521194,0.04539031076912597,0.1373396863354969,0.07174743662791377,0.08249083271610083,0.10118366753269077,0.12499066853854637,0.9826790797309891,0.9816967650502879,0.8541059131264295,0.055670590865779995,0.058074260687493495,0.060682527266304985
0.128306,0.01736343,5.7452147345909994e-05,0.051269686,-0.743053768,0.0066,0.0105,0.0126,0.0152,0.0175,0.0195,0.0225,0.0243,0.0277,0.0388,,0.41682985027576536,0.4655123080863708,0.657054997992921,0.0406934944346469,0.13851155995528028,0.057585669657916505,0.0839207924225208,0.08747776217969994,0.1184661171360392,0.965197055929871,0.9762242085169999,0.9775449020881642,0.07711532054524615,0.07036469132937395,0.09724595265024981
0.127663,0.017396239,6.048149185110587e-05,0.051501626,-0.671765985,0.0064,0.0103,0.0126,0.0156,0.0175,0.0194,0.022,0.0241,0.0281,0.0382,,0.41820644955550235,0.4525628687911123,0.7674724556042897,0.04875027988518061,0.1457668064748194,0.06905356424267498,0.08895417334875919,0.08377516269979407,0.09874446810408734,0.9862263338813763,0.8717884271371704,0.8816858308591788,0.05400678826796698,0.06428391022130019,0.09690801097110631
0.131292,0.016525879,5.4258257214272486e-05,0.004044123,-0.787672456,0.0056,0.0103,0.0122,0.0148,0.0166,0.0187,0.021,0.0234,0.0264,0.0336,,0.3651780499286959,0.4679676545152064,0.8942633627224986,0.041808255115107294,0.12032377873326063,0.06925156465262458,0.08694481798122901,0.1076566442049536,0.11397523871260869,0.953801509216141,0.9845718566720351,0.90211688135692,0.0773971925147533,0.0814400997094189,0.06927366812222045
0.11869,0.018524305,5.8025700811729125e-05,-0.002020483,-0.865843988,0.0084,0.0114,0.0136,0.0164,0.0184,0.0208,0.0232,0.0259,0.0292,0.0348,,0.4159926360830519,0.4546944055765503,0.5461285534600991,0.04478054436087944,0.11615008692775229,0.058988285352723796,0.06889253669623954,0.10289522081075445,0.11850554311406879,0.8575101253732862,0.9470128145195176,0.8186725571268374,0.0862474018956097,0.056292229345764035,0.06015201936673689
0.116401,0.017727858,6.150836372965209e-05,-0.051382867,-0.808191274,0.0064,0.0103,0.0127,0.0156,0.0178,0.0205,0.0225,0.0252,0.0279,0.0372,,0.35894882011969464,0.4533554885172738,0.8991595424898631,0.040946998222692335,0.13824380400758096,0.061472404385785745,0.09803052386577606,0.0877356168867608,0.10453196595672916,0.8559658257111725,0.8437912736043379,0.8454134263871259,0.09025519344240186,0.058116989923637966,0.08836624796448589
0.129854,0.016910542,5.717966342713921e-05,0.037210176,-0.729345758,0.0062,0.0101,0.0122,0.0152,0.017,0.0188,0.0215,0.0237,0.0273,0.0382,,0.38146633023302695,0.41262803175696605,0.7631415820129912,0.04643923585669729,0.11390045002909684,0.060634481231760864,0.08154239902358787,0.08427796654782856,0.10321156671930588,0.8468267338988177,0.9543792984331697,0.9570227542606026,0.052039896474625834,0.0948836905794766,0.08974176733386355
0.122243,0.016564432,5.492148407067431e-05,-0.036270035,-0.861614934,0.0067,0.01,0.0119,0.0146,0.0164,0.0188,0.0213,0.0234,0.0265,0.0329,,0.36635504932872837,0.42388677464007957,0.8085524498651818,0.037460351055895194,0.1290340319641609,0.0630575142115517,0.09071240286231039,0.08435688997370192,0.10581133384051054,0.9436674630548753,0.9098646049880535,0.8032941500911799,0.0796876599009247,0.08183712730660145,0.08939401903218175
0.151615,0.01913955,6.500178820376422e-05,-0.055049221,-0.812663286,0.0075,0.0115,0.014,0.0173,0.0192,0.0216,0.0242,0.0267,0.0301,0.0392,,0.35641556582131395,0.4140734561960241,0.6555411014371718,0.046450175085820916,0.1345879638944022,0.064938536258412,0.07133581200708597,0.0966306149148597,0.1322748205312885,0.9945756556964467,0.8985212917145686,0.9358357521220205,0.05687649489397878,0.06648841301546972,0.05859463158631081
0.150305,0.021340591,6.272994690494553e-05,0.035403727,-0.556641334,0.0114,0.014,0.0167,0.0194,0.0214,0.0232,0.0258,0.0286,0.0319,0.0411,,0.40205992143869235,0.4868379445298882,0.5733321238965957,0.047348993095100614,0.11473471794118843,0.08681095608831782,0.08133880148478811,0.09662020589342431,0.10801819050660773,0.8471195450841466,0.8800488776260367,0.9749181650972083,0.052413977574063096,0.08180820701184083,0.0824349607018242
0.141996,0.021534148,6.548213884869644e-05,-0.100480894,-0.798425408,0.0106,0.0138,0.0171,0.0191,0.022,0.0241,0.0266,0.0295,0.0323,0.0388,,0.3654099167260352,0.4198899323802943,0.7267213018551187,0.048607695712275516,0.1385496310245082,0.07130173078060152,0.0704351501243566,0.09683131952225649,0.10815639740031543,0.934276910486052,0.8082746713232186,0.9752564331356443,0.07372363784503418,0.078876273349666,0.0916956678693052
0.149785,0.021512257,6.50695583126824e-05,0.041341974,-0.590194555,0.0104,0.0141,0.0165,0.0189,0.0217,0.0238,0.0262,0.0291,0.032,0.0419,,0.38233531900655954,0.416083791711472,0.8763962926334304,0.03760554054971331,0.13431454811562,0.07410691482665278,0.07195035471201712,0.10080699914147156,0.11357885617532036,0.926813997248283,0.9929083192196899,0.9727185580633412,0.05867636393111662,0.08101359576721674,0.07959569567454172
0.141733,0.02181656,6.627319488787994e-05,-0.042146221,-0.723533227,0.011,0.0138,0.0175,0.0194,0.0217,0.0243,0.0267,0.0294,0.0328,0.0394,,0.3678077886314944,0.45950373369149444,0.7573156689992498,0.047786001724781146,0.11332397049046805,0.05625929755570966,0.09531749361693903,0.09191240557145286,0.10882074586009866,0.8276475892161228,0.8714109813985984,0.8460935229706308,0.07812076456235488,0.06496758853257377,0.06199735545891717
0.141551,0.021353585,6.910222213101992e-05,-0.067923508,-0.849177321,0.0103,0.0133,0.0166,0.0188,0.0218,0.0239,0.0264,0.0295,0.0326,0.0388,,0.4021296541055489,0.4199116779665024,0.5469469206364596,0.04744235975293546,0.12390890005798856,0.05653320672615598,0.08902609035839099,0.0931627830147662,0.12739190323503075,0.9298520921969797,0.9944344585028426,0.8785653944982639,0.07300301224793566,0.0730635661842695,0.09503579375111004
0.137962,0.020826118,7.579478719343743e-05,0.054218917,-0.803633591,0.01,0.0124,0.0154,0.0185,0.0208,0.0233,0.026,0.0287,0.0331,0.0398,,0.36791740950431867,0.4546050416862565,0.668691552116446,0.04686751197334778,0.11273841261571889,0.08479714113659462,0.08600923095102644,0.102015046660324,0.13080234556424555,0.8482515164257218,0.9439646142643421,0.8896519710823816,0.09196695385456503,0.07623136623244145,0.05956057840882452
0.154522,0.021789749,6.290513400714194e-05,-0.025808348,-0.574333169,0.0108,0.0146,0.0171,0.0195,0.0219,0.0241,0.0263,0.0288,0.0327,0.0426,,0.37680656502005505,0.47782609536800164,0.9149361276257718,0.03945151390702978,0.14221568853029817,0.06640415536938873,0.08287963437891158,0.1094816023426977,0.10531984433976221,0.9297659127537756,0.9555706025788816,0.9961636035135063,0.0897636131848051,0.09548685960362548,0.0739030459379762
0.144364,0.022069834,5.871370817733555e-05,-0.043341377,-0.251682135,0.0117,0.0155,0.0181,0.02,0.022,0.0242,0.0266,0.029,0.0318,0.0442,,0.4049037361652041,0.46288544847887236,0.8063684180860374,0.037924584800419464,0.13771471951940892,0.05464028702266471,0.08164305845085917,0.10700898485314464,0.11506298345353301,0.8086344551889191,0.9164200908657483,0.9715087359725142,0.08271483524874912,0.07395532174724083,0.07763337418405684
0.149328,0.021997929,7.280982722751472e-05,0.1190746139819408,-0.506034068,0.0108,0.0139,0.0166,0.019,0.0216,0.0242,0.0272,0.0302,0.0336,0.0485,,0.361853696307018,0.4816704924198061,0.5307849270774647,0.03797816802823622,0.12418327028683597,0.06833698818384014,0.09474964270162814,0.10565064356170684,0.12447585671416375,0.8208740660250543,0.9453481826998125,0.9659381041701456,0.06137697654541572,0.07165865956807954,0.09549998651873536
0.141421,0.01825821,5.920916927748613e-05,0.009935114,-0.698569121,0.0073,0.0108,0.0134,0.0162,0.0182,0.0209,0.0227,0.0252,0.0283,0.0375,,0.39552842951005446,0.4641831410379757,0.5509792491752915,0.043563629240443394,0.12204518652218081,0.08505461820959495,0.10091958119208391,0.10356585445869308,0.09849773012609117,0.8593764220837036,0.8507853283246393,0.9760337979865047,0.0849529165898148,0.05588848419945619,0.07043371416504204
0.137104,0.017273885,5.5765809436610504e-05,0.041716945,-0.675629191,0.0066,0.0105,0.0127,0.0153,0.0175,0.0193,0.0218,0.0242,0.0271,0.039,,0.4184229080719718,0.44542894704536345,0.7739972994159104,0.044663074696591754,0.13015005282687314,0.060001312261945765,0.08174001746137385,0.09958388321764636,0.12238893531200219,0.8613891763941437,0.9541159969400752,0.9630457484349778,0.06576360944913061,0.09547759326647622,0.060186367708054224
0.138378,0.01708857,5.058873257804999e-05,0.030821054,-0.765577287,0.0077,0.0101,0.0127,0.0153,0.0172,0.0195,0.0213,0.0236,0.0264,0.0342,,0.4097009973052345,0.41261521728946265,0.7651884835573196,0.03592075537419664,0.13205928809145184,0.08092087454253663,0.07853645712683062,0.08355986479374201,0.12096945586777959,0.8455986250095809,0.8637664113086987,0.9036565905951992,0.0633352966772282,0.06305930338016479,0.06962867440477348
0.138641,0.018136657,5.8164720681717205e-05,-0.005558204,-0.774780094,0.008,0.0105,0.0135,0.0161,0.0182,0.0203,0.0227,0.0252,0.0283,0.0351,,0.3916090466959017,0.40299921789026544,0.7046029839813513,0.046570802951420735,0.11606007842910654,0.08427689311176075,0.06948777630077109,0.08195923574622345,0.12265723764484356,0.9916705283526527,0.9436157648950068,0.8908158276436228,0.06938528448819367,0.09165480246755298,0.05843412347157309
0.138832,0.020073685,8.378932322781407e-05,0.1866720454665578,-0.639361508,0.0078,0.0113,0.0144,0.0171,0.0198,0.0227,0.0253,0.0282,0.0323,0.043,,0.39221867533828036,0.4432073345173007,0.8635411530600523,0.04358771603398444,0.1250446111658352,0.06647984591829531,0.08768807937616523,0.11214328395127784,0.11082842665803547,0.8305480706961886,0.874429570495549,0.982784159584604,0.07189464449209533,0.0649201241587753,0.08978766015409716
0.140223,0.018052858,5.174733199138907e-05,0.001561064,-0.79501605,0.0083,0.0111,0.0133,0.0161,0.0179,0.0204,0.0224,0.0248,0.0278,0.034,,0.39231263227916335,0.44308548985493207,0.8581796046572007,0.03728852479055224,0.12502049370442023,0.06707336713167034,0.07939575145850508,0.08515870675504232,0.12743408393371086,0.8411037979567179,0.8882594037888046,0.8468148038713298,0.06834483253345795,0.0585059422672049,0.09391758684349752
0.139394,0.018367942,6.186687315755377e-05,-0.0341895,-0.889591067,0.008,0.0104,0.0135,0.0162,0.0185,0.0207,0.0231,0.026,0.0288,0.0352,,0.35513849845134593,0.44084591898358616,0.6339175054460513,0.04459646202915796,0.14586018413709637,0.06843921165412095,0.10333655367798038,0.09098103827938915,0.119394481489783,0.8294700686518968,0.825270596424903,0.8252846745948061,0.06570265501767154,0.08026138637656757,0.08996254192807449
0.140205,0.020613844,9.59246686355764e-05,0.3000387973053863,-0.524130964,0.0081,0.0114,0.0141,0.0171,0.0201,0.0229,0.0261,0.0292,0.0338,0.047,,0.37988532074373904,0.45180017015114415,0.8356416262514097,0.043927100499840846,0.11753232872231532,0.07509037058011897,0.09282574592235493,0.11445928818625335,0.10246012919662577,0.9100601246436172,0.8887747697945131,0.9563668891308788,0.09310672847676846,0.07603437728458433,0.0649333713375145
0.135899,0.016115415,4.4048894012556784e-05,-0.016007005,-0.85207637,0.007,0.0099,0.0125,0.0137,0.0162,0.018,0.0201,0.0225,0.0253,0.0306,,0.39377570716023436,0.42970101428422175,0.5117181696922929,0.04264032197184726,0.12630387463608525,0.0629485892080455,0.08957572133749149,0.11768259640771563,0.1009934010182144,0.9942068489187127,0.852441549507281,0.9961461888093994,0.06185247399061692,0.07336546042418876,0.05789832005118233
0.132419,0.021964736,0.000100124,0.179518728,-0.49984058,0.009,0.0126,0.0157,0.0184,0.0216,0.0246,0.0278,0.0309,0.0352,0.048,,0.3621591694801337,0.4795762607447573,0.7723361534982761,0.04136058759873492,0.14013835155439194,0.05901108555314815,0.08873178371877995,0.09911935908164182,0.132383169174399,0.8777038098290546,0.8813554395702219,0.8812131723037393,0.07060579634400765,0.07422829184241835,0.061761784201387816
0.140573,0.02185582,8.880615505580079e-05,-0.157601501,-0.859816605,0.0081,0.0131,0.0161,0.0201,0.0225,0.0249,0.0279,0.031,0.0341,0.0417,,0.38953005116174627,0.4728377506054413,0.8181295280410412,0.04459000617233152,0.11326199075767113,0.06467595509338173,0.06782124590509866,0.10472751275716649,0.10404899545208307,0.947103662274506,0.9970763726671203,0.9304787465669044,0.059399031011062316,0.052210192334372685,0.07398698362950233
0.125363,0.018919192,7.07553726632961e-05,-0.0026324,-0.810962036,0.0071,0.0109,0.0138,0.0166,0.0186,0.0215,0.0237,0.027,0.0302,0.0379,,0.39114123759795594,0.48896735363061383,0.9088573343461892,0.040653654279154815,0.1304067956462625,0.05050144766962773,0.07554216054484307,0.10689374866465352,0.1289012567527322,0.955960210058268,0.929658502562162,0.8580930782609741,0.07733071862457805,0.054693081873717284,0.09399851543415397
0.120726,0.020606599,8.775718412703731e-05,0.034635006,-0.798445208,0.0077,0.0114,0.0151,0.0177,0.0203,0.0234,0.0265,0.0292,0.0332,0.0432,,0.3654880658305308,0.43811415682518906,0.8231538715956199,0.04408557223737377,0.14817895497491912,0.05664949228263226,0.07765138565613265,0.08156753057001724,0.10311314131605419,0.8305602597388608,0.874205065027485,0.8840307577442635,0.07114977059633042,0.07190088005172084,0.07708934314389983
0.102838,0.018540038,6.710089822402747e-05,-0.046156682,-0.80250355,0.0067,0.0107,0.0135,0.0163,0.0188,0.0211,0.0232,0.0262,0.0295,0.0372,,0.367575317568432,0.49585989730541435,0.8532269760370675,0.03890830928382492,0.12519019851510313,0.055711709903499024,0.08993450732972245,0.10250345594844057,0.1339581222502619,0.8308016664616349,0.8937077926490982,0.9062740576007542,0.09313500396185848,0.05453003870758729,0.07698186952459798
0.135309,0.019775175,7.704234162247972e-05,0.029486997,-0.637553986,0.0076,0.0112,0.0151,0.0176,0.0199,0.0223,0.0251,0.028,0.0311,0.0442,,0.38157352516774923,0.46639053694763194,0.5653045109640997,0.03561150170104187,0.12207277568264681,0.08097042544606578,0.07336282324743103,0.08838844866052666,0.10968156648036,0.8083231749457018,0.8343809560873001,0.9615596379332492,0.08263935830889668,0.07553545560374617,0.09820218474353688
0.122517,0.02156058,6.256807073284569e-05,-0.073488326,-0.73096528,0.0109,0.0142,0.0171,0.0191,0.0219,0.0239,0.0264,0.0291,0.032,0.0385,,0.41896859085286536,0.4114040050511104,0.8788376751789471,0.03778206480289635,0.14602824857533314,0.0861062543278071,0.0996050012451492,0.10525318452659123,0.12291748356768882,0.9299412437669304,0.8298851552950718,0.9164245953178131,0.07832287046672912,0.05801243451305074,0.07941058500413933
0.128168,0.022917653,7.909687583177699e-05,0.1176638288552494,-0.580365168,0.0109,0.0148,0.0181,0.0202,0.0224,0.0249,0.0279,0.0312,0.0349,0.0451,,0.3729064060724582,0.4822704090814889,0.672855730509606,0.04858240917906577,0.11870620181739455,0.056112031624095386,0.08469578387085233,0.09745454652983461,0.10104938777556477,0.9481629882458772,0.8557721474157427,0.9929306447140334,0.09217795168277541,0.059657186304415556,0.08959787969074423
0.117406,0.020867531,6.082955300274106e-05,-0.052147283,-0.719594485,0.0106,0.0131,0.0167,0.0187,0.0207,0.0232,0.0255,0.0281,0.0314,0.0392,,0.35972008632477714,0.45191945505569125,0.7275019939186942,0.03785054811877508,0.11986398436407737,0.06702853110875805,0.0711058302818673,0.09960049527607116,0.11611526874462376,0.8971922847329837,0.8384227179253544,0.8142111937413442,0.08615699601173636,0.08176466815124936,0.08052658475432578
0.122663,0.02211224,7.983906810311267e-05,0.2018486356205447,-0.45161806,0.0104,0.0134,0.0167,0.0191,0.0222,0.0246,0.0271,0.0299,0.0339,0.0467,,0.3547699676696404,0.40656424551312054,0.5107958029351937,0.03609649815798881,0.13291433036709577,0.0780511164017321,0.0694328079044367,0.08279025405311395,0.1051171268160631,0.9195804901557313,0.8470847789875287,0.8143734179043612,0.08550105771859988,0.0828333245151755,0.0782468469584688
0.123761,0.020551683,6.482804005230567e-05,0.002259753,-0.783364462,0.0099,0.0125,0.0158,0.0179,0.0208,0.0228,0.0253,0.0281,0.0316,0.0375,,0.3868374367221372,0.43226016337412815,0.6286587271478103,0.04507429771998576,0.13504008301046,0.0523927673922523,0.08190230594181785,0.09798427377470123,0.11823696192010955,0.9970425243152825,0.9968003206545165,0.8801896092608529,0.05185836500496004,0.0773326129238591,0.0743255354711036
0.146298,0.02296837,7.9374240884838e-05,0.015351065,-0.742823773,0.0107,0.0147,0.0182,0.0204,0.0227,0.0253,0.0284,0.0318,0.0347,0.0453,,0.390589675817496,0.4890439552155041,0.9058060932677523,0.04049185778758732,0.14810997992780014,0.05392006392538735,0.076877000778675,0.09253694588206669,0.1029903258697623,0.9132438548249597,0.9727897120398801,0.9183566225439312,0.0689514627135505,0.05833112186545763,0.07814138317359734
0.150002,0.023435669,8.093096469438465e-05,0.1405354047601609,-0.432341358,0.0117,0.015,0.018,0.0207,0.0231,0.0258,0.0283,0.0313,0.0357,0.0488,,0.3776803807347771,0.4224827109750541,0.846994431980722,0.04915694315758017,0.12606221551805202,0.08046717282598542,0.06798048035357622,0.10986416014030091,0.11494050064518806,0.8685232610672949,0.9359340487444984,0.8309666500626535,0.06333881285528924,0.0943297098619021,0.07751452813366008
0.139881,0.021299467,8.822594747981177e-05,-0.034037793,-0.823645956,0.0079,0.0127,0.0155,0.0187,0.0217,0.0239,0.027,0.0303,0.0342,0.0415,,0.3755770676275464,0.4380662396487987,0.7487319479595399,0.03777677615546652,0.1366135000685414,0.057172774175852356,0.0979951598050113,0.10011045741196951,0.09899503753052682,0.9256922770327374,0.9953464410059625,0.8590936633654074,0.051533891989672606,0.09781203291898286,0.06134959953807791
0.151948,0.022184802,9.646518054173893e-05,0.013507694,-0.705628101,0.0087,0.0128,0.0164,0.0201,0.0225,0.025,0.0279,0.0311,0.0353,0.0462,,0.3537725414797181,0.42855485803355864,0.8521064037424415,0.04304955818744329,0.12959311132328136,0.05503511121768057,0.10050154396887567,0.08860875146692435,0.10176297978158959,0.9881116248938755,0.9197659138520424,0.9684124583392125,0.08636866742687584,0.05696703481034667,0.09245153066455732
0.147732,0.021980052,6.898209054348633e-05,0.058097306,-0.647564496,0.0115,0.0142,0.017,0.0198,0.0218,0.0238,0.0269,0.0296,0.0332,0.0411,,0.376709314666213,0.4037008712153271,0.8600732630471324,0.0380703249596984,0.1408690774152039,0.05064090784683758,0.10288318927594785,0.0968410747377629,0.10738351988429082,0.890082974516058,0.8704838528317714,0.9006329310382409,0.08110165303497097,0.0890184699633562,0.07924371209098542
0.144718,0.0283785,0.000138276,0.1939118594956914,-0.528382575,0.0123,0.0172,0.0213,0.0251,0.0286,0.0315,0.0345,0.0384,0.0445,0.0576,,0.4144549594260861,0.4502088196815676,0.8378921853041897,0.04306699634682448,0.1242814550273579,0.07331927125354232,0.08449914228970165,0.09116483682006453,0.10932509780685452,0.9849008895276319,0.8413436142346279,0.9174791556210116,0.07408680775837681,0.08507197719470455,0.08023918723663222
0.127397,0.023175409,0.000106036,-0.039666453,-0.807470203,0.009,0.0128,0.0168,0.0208,0.0236,0.0265,0.0294,0.0329,0.0368,0.0464,,0.4190043455712112,0.4984058495524838,0.8073723969833646,0.035726048672279874,0.11875075298950707,0.0707554455168992,0.09554543184860308,0.08518046624570848,0.11906165757773494,0.8583928741007123,0.8065758271072505,0.8442641671326231,0.06514429492660676,0.0911508349996408,0.08416413340967682
0.136395,0.021893674,7.89182418431827e-05,0.05022846,-0.783050229,0.0096,0.0137,0.0164,0.0188,0.0221,0.0243,0.0271,0.0301,0.034,0.0423,,0.3627529753470723,0.46908993839663965,0.6648613198594525,0.037254777920277954,0.12644107524070966,0.05914245123772262,0.08234545221030286,0.1042060524575301,0.1087806667287024,0.9962006779138746,0.8314723414928011,0.8229952956379909,0.06446247000287568,0.09237331421807404,0.08886567796732361
0.138867,0.018713386,5.8644014349052263e-05,0.084091922,-0.621544882,0.0079,0.012,0.0141,0.0162,0.0188,0.0211,0.023,0.0257,0.029,0.0412,,0.37974706714998585,0.45807858000876045,0.8982868580681381,0.04672179306636538,0.1188681687662473,0.0741992870794973,0.07250217517996924,0.10875715357182664,0.10377669656420144,0.878848881718997,0.8463063290858903,0.9140648492851029,0.08834907291495249,0.07516999591203,0.08283510679123132
0.146911,0.022263507,9.489563631330868e-05,-0.045443904,-0.72591429,0.009,0.0127,0.0165,0.0194,0.0227,0.0257,0.0283,0.0313,0.0351,0.0475,,0.3531944713453361,0.49725984342837487,0.8729707696107412,0.04695237802074347,0.1356628244162687,0.06629686250996694,0.0779860802832722,0.08047517654397933,0.1223261715322353,0.9905559157443349,0.9808838281747255,0.9216420597257152,0.07495412609454287,0.08829606404505613,0.09762138654040342
0.121269,0.021310506,9.365034803546942e-05,-0.007813247,-0.862312058,0.0078,0.0118,0.0154,0.0181,0.0213,0.0245,0.0274,0.0304,0.0342,0.0426,,0.3649776441342034,0.4589023439969179,0.6037748597019658,0.046036133446562176,0.12417784208437155,0.061241381915386424,0.06720974048534657,0.10760775386287573,0.11530209930762213,0.8723897630788331,0.9238887094481179,0.9002482556659142,0.08358174766910516,0.07527957971685975,0.06039786437857967
0.122017,0.021128924,7.529232681174024e-05,0.023124783,-0.862040886,0.0101,0.0126,0.0156,0.0186,0.0209,0.0237,0.0264,0.0294,0.033,0.0395,,0.41208233978727143,0.4409015493088569,0.8401838950477853,0.0383087404950606,0.1176492058668653,0.07878977162451851,0.07130885785806548,0.0999300106044456,0.10352289350682771,0.9349405859627926,0.9532091727082767,0.8656621580939894,0.06285273893490458,0.09708051515426921,0.08895152335276327
0.12633,0.020209703,7.540726857655075e-05,0.080055343,-0.745287414,0.0083,0.0122,0.0147,0.0174,0.0203,0.0227,0.0257,0.0284,0.0315,0.0408,,0.3902929912187352,0.4423798904712751,0.7648788867034382,0.04389874822179947,0.14516084297227527,0.06374975841434914,0.0754986532447492,0.10509140813346919,0.11107971817361897,0.9524789570259353,0.8050416151727118,0.825777189441739,0.06468654856903286,0.09691772249680239,0.09245702036117559
0.117367,0.020771058,8.914503998954638e-05,-0.014687222,-0.824985779,0.0074,0.012,0.0149,0.0179,0.0209,0.0237,0.0269,0.0295,0.033,0.0406,,0.38905734673885656,0.49308959653003603,0.8662269806080823,0.04133294619926168,0.12289198131481971,0.07461919900430873,0.09743229412773338,0.10143187364075974,0.13409628366315884,0.9345239587880575,0.8184532319106831,0.9912322648590761,0.08564203791506339,0.07064684045392847,0.07406118388294078
0.126109,0.019450979,7.288776355458571e-05,0.048136489,-0.847461155,0.0074,0.0115,0.0138,0.0172,0.0192,0.0218,0.0248,0.0276,0.0311,0.0394,,0.35783569082081984,0.402130765384203,0.7616765443461836,0.03757748688240913,0.13350477306248126,0.06755446662585303,0.10267893877704956,0.10123952316413538,0.11844443386008918,0.9943911894434752,0.9427755979346943,0.9829580209881272,0.07948314565184908,0.060964537461657135,0.06929376084712727
0.126894,0.019680603,7.569371309081122e-05,0.094571623,-0.774118571,0.0075,0.0115,0.0139,0.0174,0.0194,0.022,0.0249,0.0278,0.0315,0.0394,,0.37847869916398447,0.48655788735347844,0.5619781232940511,0.047140933848919625,0.1139377135651807,0.07967111639950969,0.0780436007294633,0.11754319823931703,0.10077488182058611,0.8626974293479011,0.98100031864913,0.9359432136372392,0.08948447528363959,0.08771158130884966,0.0753447218211428
0.125567,0.018486885,7.276385633180358e-05,0.1297675850654379,-0.654592751,0.0067,0.011,0.0133,0.0159,0.0183,0.0208,0.0232,0.0264,0.03,0.0407,,0.4042592648356713,0.4857689879121349,0.5435062510292772,0.04393060771699809,0.11857380118846544,0.06905356107197182,0.08298762602779147,0.08706557172341524,0.10728267430217031,0.984647881298177,0.8851088086398725,0.8863309320058502,0.06009838233527568,0.08540421915400132,0.09329978314589688
0.124673,0.019808817,7.184973012893336e-05,-0.014604373,-0.805644614,0.0076,0.0116,0.0148,0.0176,0.0198,0.0228,0.0248,0.0279,0.0311,0.0388,,0.3641874537430522,0.4276493994180061,0.8792783284257358,0.04310066757897151,0.11429059351524805,0.0817413287866823,0.07183867301504569,0.10281571726796998,0.10641626735863238,0.9861355110220514,0.8298466897253862,0.9012275577691995,0.09041250234589653,0.0609185027536561,0.08807672291537205
0.120932,0.0198654,8.629260208538878e-05,0.1642990455157643,-0.61907668,0.0074,0.0107,0.0143,0.0171,0.0195,0.0222,0.025,0.0283,0.0323,0.0437,,0.365041070807958,0.49787502372433196,0.6756345684968738,0.043549774306166786,0.14052446043536954,0.07651448969628502,0.08921828171016152,0.11495763684933613,0.10983592454428488,0.9349338502632185,0.8122049996391149,0.8698496319406135,0.07166201781310322,0.05975444698513117,0.09733019144723172
0.132934,0.018868364,7.742760417385177e-05,0.2538427558364421,-0.352275015,0.0072,0.0104,0.0134,0.0164,0.0185,0.0209,0.0235,0.0266,0.0302,0.0437,,0.4035193988121704,0.45837269236088735,0.8545547886714195,0.04580481399426763,0.14749987009745247,0.07907059047977986,0.09519607154474084,0.11479140177164271,0.09659369243773049,0.9196328355797712,0.9438103983281004,0.922537570399008,0.07309680031033257,0.08609068497661815,0.08030104949223164
0.194131,0.022938263,7.57828051202247e-05,0.025633806,-0.650342317,0.0108,0.0151,0.0182,0.0205,0.0227,0.0254,0.0283,0.0312,0.0342,0.0447,,0.3935516555029373,0.4467190502045956,0.731183241118339,0.037395030513460985,0.14555539684688298,0.07286610047929794,0.093603442151981,0.09270313406577557,0.11373553513071044,0.8436013417283007,0.8376385249881542,0.8721176823390184,0.052233770629171526,0.06954762286405375,0.057741815015595555
0.198018,0.025995675,0.000103427,-0.016310179,-0.772270796,0.0123,0.0164,0.0197,0.023,0.0259,0.0289,0.032,0.0359,0.0398,0.0493,,0.403445515344071,0.46308562487128585,0.6688267449177835,0.04334036785486661,0.1228116934174052,0.06261888518432054,0.09951180698882806,0.10342038477194788,0.11303396211514855,0.9231926667834828,0.9283331570936493,0.8410613202814986,0.054262568307188626,0.06545985493640578,0.06907883859909913
0.208662,0.025092107,0.000126886,0.1985300810024368,-0.515112142,0.0099,0.0146,0.018,0.0214,0.0242,0.0278,0.0313,0.0352,0.04,0.0556,,0.3526050246460895,0.47775063018106106,0.646843030303145,0.04064333500037635,0.14834048027994298,0.07569519910451757,0.09864975019283644,0.1094572658295686,0.09768645412643258,0.9701148943536069,0.8351124873874676,0.9099863328103368,0.0524924520791809,0.06201755449397964,0.0961290419149791
0.197554,0.024382323,0.000100265,0.3283187402872814,-0.224873038,0.0111,0.0153,0.0184,0.0208,0.0236,0.0264,0.0294,0.033,0.0377,0.0548,,0.3747702319935792,0.4362666833584069,0.5681820231173875,0.04872865842601341,0.11954152042942429,0.06492303543915941,0.06612330702784756,0.09064859136679723,0.10620460183912168,0.845115634869261,0.8408312560702249,0.9929811003451032,0.08113255926342304,0.08516484835513409,0.08485021430804005
0.191608,0.022651802,9.35219929531164e-05,-0.025107536,-0.657798146,0.0094,0.0133,0.017,0.0199,0.023,0.0257,0.0284,0.0314,0.035,0.047,,0.37127649402029256,0.43041056454076027,0.8205989826202993,0.042764177186700496,0.11740330548227215,0.07187673816244942,0.09974678665476344,0.1097433690133485,0.12605264821174333,0.8274493380504637,0.9009751059861418,0.9816325329240135,0.0892311106749554,0.09770681891123292,0.07522154238111924
0.192689,0.024603224,8.923327707536194e-05,0.003843254,-0.691753029,0.0116,0.0159,0.0189,0.0225,0.0248,0.0274,0.0301,0.0332,0.0372,0.0468,,0.3536602326555725,0.4685203180218296,0.5928017018817041,0.04246753210358454,0.1208989123528208,0.07367361864326744,0.0960119274422304,0.09309827827147552,0.11192021444814822,0.9027730594290038,0.8627424019081127,0.9912177536843373,0.06714733964548644,0.09242354254430664,0.08372813290809307
0.19597,0.024396823,0.000118541,0.1256637883220936,-0.570413189,0.0103,0.0145,0.0182,0.0214,0.0245,0.0275,0.0305,0.0341,0.039,0.0527,,0.3959449022998737,0.47528366347709855,0.9037760599258292,0.040307716025101754,0.11580313438968891,0.06253827548807972,0.06981219485582575,0.08713991474027101,0.1201220382379044,0.8916482671249496,0.970097985918782,0.9744500897609784,0.08373431461774403,0.06468684564812947,0.07554343297244029
0.200364,0.023422687,7.509984414721902e-05,-0.00965231,-0.572665729,0.0114,0.0157,0.0186,0.0212,0.0234,0.0259,0.0285,0.0312,0.0346,0.0455,,0.41348087616810864,0.4898292044026578,0.7581599283121899,0.040309690529736174,0.14243282735272128,0.057925930846322415,0.08170334260680243,0.11723429472597802,0.13396975547113205,0.8124905381285243,0.8788453711357723,0.9141039381383164,0.08130599542267158,0.07475115965073403,0.05693469995343984
0.201636,0.026088323,9.549646020859243e-05,-0.042426821,-0.606683166,0.0128,0.0172,0.0205,0.0234,0.0264,0.029,0.0316,0.0346,0.0384,0.0503,,0.37338036692101406,0.4519864243060026,0.8181719723930577,0.04088868098288102,0.14440127325445073,0.07698912097698431,0.10283417269792516,0.09562822471866644,0.1328451901773892,0.8676366582169838,0.8777944933462666,0.944876704611614,0.09273509637382471,0.09574139933729399,0.0877159932364524
0.198799,0.024181879,7.94255702561807e-05,-0.017294339,-0.587366983,0.0119,0.016,0.0187,0.0217,0.0247,0.0272,0.0295,0.0324,0.0356,0.0474,,0.3553673212214299,0.4848598055852839,0.7269699911034893,0.04846480290763633,0.13092675978953883,0.072926979446174,0.08909507096991566,0.11497004842949418,0.0961910980644519,0.8904342024464988,0.9820440660307843,0.8030189192061421,0.07308630311013302,0.08781985635983557,0.0763889653857149
0.135302,0.020322195,7.517581362404875e-05,-0.005592672,-0.86304341,0.008,0.012,0.0153,0.018,0.0201,0.0229,0.0257,0.0285,0.0323,0.0394,,0.3987931923362434,0.46225527936465455,0.7435013761985192,0.04681258968924945,0.12327059121154439,0.05938711204717658,0.08377964980332041,0.09495134917320382,0.1012128981164761,0.8634407998960864,0.8255970317248872,0.9211128079544391,0.06972190552441695,0.07562900828437988,0.09474327689459201
0.123746,0.01760654,5.667877233607688e-05,0.023796287,-0.863805034,0.0078,0.0102,0.0129,0.0156,0.0176,0.0198,0.0222,0.0249,0.0279,0.0347,,0.35390213385587327,0.42374071483023174,0.6005115945924218,0.042937049112088455,0.1373020298335757,0.06139967418418751,0.10143849289496876,0.10861753446844247,0.09763691703398027,0.8264268408846227,0.8612200426339014,0.810923776978391,0.08637981270050694,0.05894899571709563,0.05901810817109486
0.121965,0.01922124,7.641776377326132e-05,0.027048366,-0.810722119,0.0068,0.0112,0.0135,0.0171,0.0191,0.0217,0.0245,0.0274,0.0311,0.0394,,0.4173051370468543,0.4946440659711401,0.6339270692658634,0.04602375344068543,0.14830587768414547,0.05128543121346981,0.0816367370843246,0.1168931302243076,0.1318232547961443,0.8922307854041007,0.8289371390222027,0.8486115133899158,0.08388867838600586,0.08865228551817272,0.09902142419095329
0.136246,0.019605386,7.301921426844348e-05,-0.03287929,-0.836870812,0.0076,0.0114,0.0145,0.0172,0.0195,0.0224,0.0247,0.0278,0.031,0.0382,,0.3880556803012535,0.4252054474105816,0.6358728214126583,0.03779091546822673,0.13166988424965143,0.06516674014179452,0.08725565926615488,0.11744565532587392,0.11351742005760058,0.9037051533942495,0.8143495905285552,0.9275213093710618,0.09228447781450719,0.06235946070843477,0.05777462368856146
0.121079,0.018058798,6.316727985952531e-05,0.021684084,-0.869648533,0.0078,0.0102,0.0134,0.0157,0.0181,0.0201,0.0229,0.0258,0.0289,0.0354,,0.4082294444247442,0.44279642644956524,0.9334566071942324,0.03738248127184908,0.1251979409721028,0.05462651714480083,0.08588813037605456,0.11135001778176642,0.12242915237333617,0.962920490429759,0.9807340703932801,0.9773925834907415,0.05517012787772659,0.09311595933253083,0.08687556003434126
0.121235,0.019409615,7.875206809689917e-05,0.1244128460985858,-0.602265424,0.0073,0.0109,0.0142,0.0167,0.0191,0.0218,0.0244,0.0273,0.0311,0.0428,,0.3713511436283507,0.4891381698102422,0.8613705699842317,0.03743738592442405,0.12275366308301167,0.08134741665780125,0.09569235982350086,0.08701731964159413,0.1311678412843085,0.9572064837665034,0.9759050749721835,0.9018135744765523,0.08915777639956676,0.09652168604787952,0.08158367446180342
0.118475,0.017992332,5.649872372953837e-05,-0.141187253,-0.853624909,0.008,0.0105,0.0137,0.0161,0.0186,0.0204,0.0232,0.025,0.028,0.0358,,0.38381912989908445,0.4381552338027879,0.8707514447044195,0.04793137968338635,0.11493768344941231,0.0723978775364689,0.08801543980496945,0.08957731403888167,0.10705329866936776,0.8420169083429433,0.865799902932774,0.977934369749958,0.08885435907096496,0.0959813109547128,0.07611491263500116
0.124714,0.017664488,6.380801988479221e-05,0.034291964,-0.755347037,0.0063,0.0104,0.0127,0.0155,0.0178,0.02,0.0225,0.025,0.0281,0.0389,,0.36370164265876437,0.42843994495988436,0.6071828433847122,0.043375994562525624,0.12982355362502684,0.07577513122805647,0.09880971823212373,0.10324430821873302,0.11054232905816369,0.9674391204489012,0.9072472624673356,0.9858196781507864,0.09425062901519808,0.08299499911933578,0.09526395053171507
0.131573,0.018478869,5.881855535610762e-05,-0.002138063,-0.801060503,0.0077,0.0111,0.0136,0.0163,0.0181,0.0209,0.0231,0.0258,0.0287,0.0378,,0.3680711464015786,0.4628061534379681,0.7087887577741697,0.039750259959951045,0.12571185636064072,0.05442687372725161,0.0857356103677072,0.08202134235378533,0.10857444951870485,0.8495673962022982,0.9732794982208485,0.9888108818538867,0.07724315130343995,0.06481635535169653,0.06556496369797135
0.125352,0.019448226,7.301621329907214e-05,0.016746865,-0.892326273,0.0076,0.0112,0.014,0.0168,0.0192,0.0223,0.0245,0.0279,0.031,0.0382,,0.3969375443838639,0.44496133582455244,0.5446777708639229,0.04947933808614918,0.14653441322764882,0.07663175063109182,0.08344351704413668,0.09450615151463032,0.1142368949836165,0.977146839369138,0.8218676772458764,0.8535396699425414,0.058603651266668055,0.07268626296771499,0.08939144678282034
0.177586,0.024340151,7.983136568808324e-05,0.030917366,-0.492937972,0.0124,0.016,0.019,0.0218,0.0243,0.0268,0.0294,0.0323,0.0362,0.0491,,0.4027212453646775,0.4663436928453171,0.8416345957687134,0.04068500716055341,0.11903563518236064,0.06233036581130887,0.09861626599429527,0.08409581011711915,0.1160049832091107,0.8799478203497992,0.8432678922260372,0.9880414138868862,0.06595242228976048,0.09580454725852428,0.08231328784217773
0.163855,0.022026067,7.011954442636884e-05,-0.013490833,-0.716960877,0.0111,0.0139,0.017,0.02,0.0221,0.0246,0.0273,0.0296,0.0334,0.0408,,0.39135391778636514,0.4175771072413015,0.726279175892098,0.04748310988405864,0.13143499919758986,0.06406678279064018,0.1032166086207613,0.09609168304587963,0.10437052459869685,0.83337419198844,0.8833453270652621,0.8418017788142077,0.06244063628698625,0.0700243487932591,0.06659474321497538
0.18127,0.02832926,0.000112908,0.037161334,-0.485064623,0.0138,0.0189,0.0223,0.0255,0.0284,0.0313,0.034,0.0381,0.0429,0.0599,,0.3662118315968602,0.4197625669797124,0.7442435416418923,0.04565668770980303,0.13273738220881046,0.05294112290323562,0.10340932548868573,0.11275520233483449,0.10357861175440136,0.9964402261790917,0.9683043331404818,0.9130011831047152,0.09092755584540513,0.06133608705215118,0.07922582724781706
0.178696,0.025176996,8.643640830430696e-05,0.002570606,-0.616186994,0.0127,0.0166,0.0195,0.0225,0.0251,0.0277,0.0304,0.0339,0.0374,0.0493,,0.37494447546986126,0.4557930907192175,0.5811552836602211,0.038801257306975714,0.1366280608265653,0.057821281753987715,0.09825808875981687,0.10610701755210755,0.101756332284197,0.8409632956343832,0.9118400332465972,0.9802510600720513,0.08508153049468926,0.06922583851316205,0.09405107217657831
0.171103,0.021547124,7.026542609154809e-05,-0.027751226,-0.755728761,0.0096,0.0138,0.0165,0.0191,0.0218,0.0239,0.0265,0.0298,0.0327,0.0419,,0.41675332008914323,0.40393997820772687,0.641364315797066,0.04727071047182998,0.11887306824425016,0.07221500081939966,0.10011260231426061,0.10479421816295809,0.10894178384965811,0.9111501722008156,0.8799675434160342,0.8189978865467608,0.0692472832388099,0.09500280665750013,0.09281756146192659
0.185758,0.024566688,7.321182195159267e-05,-0.184333366,-0.702415906,0.0133,0.0166,0.0193,0.0229,0.025,0.0273,0.03,0.0331,0.0357,0.0425,,0.3819887653472804,0.47971784386005023,0.644017061396073,0.04671374263854517,0.13363061872910292,0.05799567062214656,0.09978151215219222,0.1155999391833234,0.10500251006192564,0.8562210123283501,0.9448221633939072,0.9243436200418893,0.08699255597377559,0.07877753363197539,0.0645631459175981
0.180915,0.026683867,9.625726619033174e-05,-0.027665455,-0.656525408,0.0136,0.0177,0.0209,0.0238,0.0268,0.0295,0.0322,0.0354,0.0401,0.0504,,0.35202710395439846,0.44857510647765125,0.5842574103001587,0.04959922393505283,0.13110613833351634,0.08110266097582995,0.08000966344776012,0.09301051721214902,0.108002894999265,0.9510988164430678,0.9266610794847137,0.8220653576756692,0.07675564205447724,0.07709488756435956,0.05866111310012193
0.178473,0.025270147,8.328425039327156e-05,-0.082888854,-0.698408262,0.0125,0.017,0.0202,0.0227,0.0252,0.0279,0.0308,0.034,0.0372,0.0455,,0.404017168750517,0.4207949650862589,0.6140742389675132,0.03713872077583747,0.13955247849861488,0.06503968549705837,0.07599551489970192,0.10099959156165929,0.13160300292230462,0.925873752097599,0.8766698504712304,0.9188213696147923,0.05676338042646455,0.07927505626996,0.07210450054893722
0.181499,0.028070274,0.000120069,0.1883146979360908,-0.452083704,0.0137,0.0184,0.0216,0.0246,0.0274,0.0305,0.034,0.0384,0.0426,0.0601,,0.3598034451018734,0.47884216858621104,0.613750116812929,0.03662533168702464,0.1190985652799078,0.08335710349103016,0.07791288063825744,0.11665199880416507,0.10915485473610437,0.9404737049553697,0.9608647098915531,0.9688749066370165,0.08725469539104008,0.0575301417227213,0.08295448940852043
0.186541,0.025373452,7.852858021425272e-05,-0.060502161,-0.53187587,0.013,0.0172,0.0202,0.0231,0.0257,0.0281,0.0306,0.0333,0.037,0.0473,,0.3591985217984797,0.42509830157423084,0.84782384718823,0.04548476079243828,0.11366331590038481,0.06034204207967561,0.10205816991758111,0.09254046127850848,0.11220365851515658,0.8951243001773714,0.9222942321109727,0.8791984363148344,0.08961946810352482,0.06878328872930602,0.07561998346754872
0.135492,0.020693634,8.732990655780112e-05,0.082947184,-0.642021032,0.0078,0.0115,0.0155,0.0181,0.0205,0.0232,0.0261,0.0291,0.0333,0.0437,,0.40146895901189544,0.4565845431202335,0.8159938130732216,0.03836235730476022,0.14342500614272077,0.06192803614428615,0.09459302104848176,0.08532060601976268,0.10975258705924133,0.9453325347446946,0.8269359552159273,0.8323775668837565,0.07654538338458212,0.06079121345301448,0.09183524464458388
0.143687,0.025767576,0.000140515,0.073778628,-0.782052196,0.0094,0.0144,0.0183,0.0219,0.0252,0.0286,0.0326,0.0375,0.0418,0.0551,,0.40251346391293635,0.4855366117845724,0.7590737608074873,0.04663925729947825,0.13073481760936265,0.06670102983201723,0.0799602611129195,0.10663404449159779,0.11244378075688509,0.8623591253680578,0.9029581062748666,0.9408537391831328,0.05203038105783039,0.05216441925505882,0.07805526861411793
0.155677,0.028717848,9.334352920511977e-05,-0.232417816,-0.444821028,0.0156,0.0198,0.0233,0.0264,0.0296,0.0323,0.0346,0.0374,0.041,0.0483,,0.41741875149065993,0.40940039707104775,0.5165524204505201,0.043012031075863995,0.1474311203907602,0.08313292336777027,0.073786182260857,0.08173351571101133,0.1248455593484651,0.9065668871369155,0.9944788865147893,0.935089842040905,0.08025160212160819,0.0761793111217045,0.07572975633860611
0.154728,0.027676961,9.07111476084342e-05,-0.178525658,-0.54185487,0.015,0.0189,0.0223,0.0253,0.0281,0.0306,0.0333,0.0364,0.0399,0.0472,,0.3742827071954273,0.4316971907817953,0.5640534297303742,0.04747164722189962,0.12448131626274793,0.05627985572103595,0.0914376727185237,0.09428576267271838,0.09704679822353884,0.8421902947094594,0.9280473485154498,0.9846422384762448,0.06243702012917984,0.05757278350878085,0.061406244477596635
0.149063,0.024955767,7.091673079058523e-05,-0.202711055,-0.573642658,0.0133,0.0176,0.0202,0.0226,0.0253,0.0279,0.0304,0.0329,0.0357,0.0443,,0.41702752732032516,0.41702046611886917,0.7887294849879251,0.0454370223648843,0.12742874588711398,0.07857645966131935,0.10308321269434813,0.08687541648409983,0.12667306048187232,0.9247444588323773,0.9003428194052948,0.9698561442564074,0.0683452228745075,0.09468989136938957,0.0838308439406994
0.140251,0.023250965,0.000105181,-0.033974977,-0.80070773,0.0091,0.0134,0.0169,0.0207,0.0235,0.0264,0.0293,0.0325,0.0373,0.046,,0.38142197044945275,0.4209982183769729,0.5530547498597657,0.041997295572595246,0.14418774692469896,0.07212522597993837,0.08809244782000082,0.1109867760125395,0.10197641885789847,0.9094930331990109,0.8707503677165197,0.9058638917327523,0.06439555815622611,0.08524651271677391,0.08063982899592406
0.146808,0.027510739,8.477695745110394e-05,-0.20351647,-0.295896947,0.0153,0.0193,0.0224,0.0252,0.0278,0.03,0.0327,0.0359,0.0398,0.0494,,0.37388882118201267,0.42116327929211544,0.8538182205663162,0.04925219086528123,0.12738812746442496,0.07720761940061338,0.06673117396518523,0.09756760559011049,0.12031366071772777,0.9894083531424587,0.9015034903037407,0.8944623849559837,0.05379061540465617,0.07539215056222409,0.07716651699884686
0.153366,0.027728887,8.809450992633969e-05,-0.254576522,-0.567011339,0.0149,0.019,0.0226,0.0256,0.0282,0.0309,0.0333,0.0366,0.0402,0.0472,,0.4018562366065362,0.42356028002625,0.6209998134594589,0.04360227568252784,0.14544506646377145,0.05097342087483405,0.06857820083013183,0.10839664537068898,0.11428918051725939,0.9476714125848128,0.8585508303984212,0.8305400621468092,0.08007808207581583,0.0607591417458746,0.07120697434612774
0.156387,0.026271936,8.07575950659091e-05,-0.095141065,-0.467406212,0.0139,0.0179,0.0213,0.0239,0.0266,0.0291,0.0315,0.0342,0.0383,0.0478,,0.3713356108078636,0.4750334612545278,0.6350379290989889,0.03881955275608849,0.14364945203904272,0.0780157438650682,0.08927804972048424,0.08187165867655535,0.0966867552086491,0.885746900839877,0.9419848621665913,0.8498464556868719,0.08228105989695246,0.06356771254902772,0.08799411709300183
0.148646,0.028710872,9.067168382769084e-05,-0.382356593,-0.214653425,0.0163,0.0207,0.0237,0.0266,0.0293,0.0317,0.0344,0.0374,0.0404,0.0504,,0.41910100486867113,0.4328032256793084,0.7729177950809406,0.04864057754175219,0.11417396968325093,0.07599819684821965,0.08925893779939625,0.10174075232569528,0.11233352482928999,0.8265061303963835,0.993814963722381,0.9482543592734979,0.054243848535933115,0.07787432761554848,0.0810644548424865
0.211103,0.022632167,9.093467973099444e-05,-0.044108354,-0.715718745,0.0094,0.0135,0.0169,0.0206,0.023,0.0256,0.0284,0.0312,0.0351,0.0462,,0.38214344630964453,0.4759738805602445,0.5517062203564387,0.04583869291276184,0.11777601203883953,0.07900465034242632,0.06763358974341917,0.11715742023133383,0.13373959423104123,0.9283398628801366,0.9115735859864128,0.9348906165364557,0.051810915708333106,0.07938639761888147,0.06784556175768373
0.233831,0.023416033,7.797711271777565e-05,-0.056139103,-0.750273366,0.0109,0.0154,0.0182,0.0208,0.0236,0.0262,0.0287,0.0315,0.0356,0.0434,,0.4033777585684599,0.4722412840668935,0.7816733504070873,0.04565855176143707,0.14856104661892838,0.05719286358253267,0.06855397854862814,0.1096109982534224,0.10957801092072933,0.9357830475109024,0.8587754320155717,0.9763756866961799,0.06336365192597586,0.08283910515572146,0.07435723610578479
0.216075,0.021780156,8.421259664235656e-05,-0.018998539,-0.692795191,0.009,0.0129,0.0168,0.0193,0.0219,0.0246,0.0275,0.0304,0.0336,0.0443,,0.4166504308199414,0.4789132903075975,0.5295821345921146,0.04528432193646153,0.12633367742162538,0.05768790961355228,0.07159311581959324,0.11434172076267878,0.12059764933551496,0.9391497517618544,0.8513693282647146,0.900044437790446,0.08650213570303396,0.08131074044995765,0.07935731699687235
0.218149,0.026248253,0.000109046,-0.063538167,-0.719041398,0.0123,0.0168,0.0204,0.0235,0.0266,0.0296,0.0326,0.0358,0.0399,0.0512,,0.4070934375525449,0.4890220837508306,0.8457662827626197,0.03651157910667978,0.1231887841471565,0.08647264854643145,0.07934088583394171,0.11883816844109943,0.0970360795661189,0.8808028289375553,0.9454852583314842,0.8126226861880617,0.0734726598068587,0.0697825835313321,0.06315167268791007
0.215974,0.025145288,0.00011487,-0.006810316,-0.655169615,0.0111,0.0156,0.0194,0.0227,0.0257,0.0288,0.0318,0.0349,0.0394,0.0521,,0.3886712120096804,0.4320656628406669,0.7607923223715953,0.03973937961210386,0.13808845547113924,0.06583612052611723,0.08996572293763322,0.10582681508799807,0.10093781170099624,0.8797936459367177,0.879037100309188,0.8314997470270056,0.06513705574570323,0.08337958700121183,0.057714209544444235
0.206742,0.026707167,0.000127291,-0.028385377,-0.677039261,0.0113,0.0165,0.0203,0.0238,0.0269,0.0299,0.0333,0.0369,0.0418,0.0531,,0.41717757532497657,0.49545809506489286,0.7288815613945443,0.048788056570561115,0.1128812788790588,0.07274531193365023,0.0948392093723623,0.10910253824839705,0.11870700551515703,0.8082187695744036,0.8130854365723846,0.8685359840414292,0.05513281398654392,0.09399827004958701,0.08468032282440344
0.214134,0.020929848,7.986504106822324e-05,-0.016653651,-0.700889251,0.0087,0.0122,0.0159,0.0187,0.0212,0.0234,0.0261,0.0291,0.0329,0.0454,,0.36912840574544764,0.4448437085073077,0.7992303537844323,0.04503776164031782,0.12061250613777269,0.08067061451403654,0.08874296459362631,0.09960019326533187,0.11428598124062005,0.9056802121926947,0.9099249790124004,0.9567077727216104,0.07241811508616461,0.06581249792505937,0.09706362172778497
0.212576,0.023643411,0.000105918,0.050097068,-0.557937849,0.0103,0.0144,0.0181,0.0211,0.024,0.0268,0.0297,0.0328,0.0369,0.0515,,0.38211040861966444,0.44923713554368916,0.6401498831409027,0.03618548993017464,0.1448157889715519,0.08449803230942712,0.09090562758566363,0.08073209430855223,0.12902069414444392,0.9766607435318527,0.8800839837135831,0.8853260715928923,0.056705026203927915,0.060569961991463,0.0689422384313691
0.198124,0.02165882,9.181383300842336e-05,0.052843994,-0.669062271,0.0088,0.0125,0.0159,0.0191,0.0219,0.0243,0.0271,0.0302,0.0348,0.0459,,0.3554880150379761,0.4761244887176704,0.6404292270826912,0.038170309910883424,0.12316267955879526,0.07908247984793718,0.09575760612297163,0.10803833337095543,0.10337972800313125,0.8777213897245127,0.8486440895615226,0.8227666917202622,0.05467349679714119,0.0683697510976295,0.08951324464953132
0.213713,0.023012993,0.000102272,0.2120897582790079,-0.230880796,0.009,0.0132,0.0169,0.02,0.0228,0.0256,0.0289,0.0321,0.0365,0.0573,,0.3919240805699536,0.4837289351086869,0.5189210380028676,0.04351975835176237,0.14768898503716701,0.06364056229448244,0.0809055289453126,0.08650966194851702,0.10204399882652557,0.9932309190544168,0.8140116060139485,0.8239438570591526,0.0931530397067801,0.07725372844215857,0.06515240010496068
0.10785,0.020367932,6.02407532019588e-05,0.1047320037614487,-0.476821533,0.0107,0.013,0.0159,0.0184,0.0203,0.0224,0.0248,0.0271,0.0308,0.0398,,0.36840108149194717,0.48841330023781004,0.9303944606759733,0.037667602433245156,0.14315775777182813,0.05850068886759579,0.06958814839785453,0.11363074102145604,0.09993513525747261,0.9366807557116479,0.8973016639431516,0.8456328722813419,0.09019846528942231,0.08379579406739428,0.06062359818875254
0.105745,0.020304736,5.401453879811771e-05,-0.094121345,-0.669776556,0.0103,0.0135,0.0158,0.0182,0.0205,0.0226,0.0249,0.0271,0.0301,0.0366,,0.37929369769284965,0.45472580721522843,0.613843474260139,0.047808446000373386,0.12955138784396514,0.05268729340864036,0.06936115186995812,0.11085306631880898,0.09602472663466156,0.8922131006150252,0.83847050773308,0.8730428336318883,0.09021096571252708,0.08994092383824075,0.06754582352884661
0.11379,0.020712489,5.7596897980395475e-05,0.003995386,-0.53178492,0.0111,0.0136,0.0163,0.0186,0.0208,0.0228,0.0251,0.0279,0.0307,0.0408,,0.41868889874076876,0.45479667001857255,0.7570956645249508,0.04035894853742898,0.1252266189446503,0.05372533298660303,0.06852045268213436,0.0930217126047801,0.11836943165869579,0.9284169881737713,0.8296674708675742,0.9544968645482114,0.06564093997210937,0.06294843635868304,0.0869673483172187
0.117686,0.019244484,7.980775943112247e-05,0.1006999121996871,-0.752637863,0.0068,0.0111,0.0135,0.0166,0.0194,0.0216,0.0242,0.0274,0.0315,0.0402,,0.37558751835969817,0.41650460613547907,0.5412086130961542,0.04952987129672867,0.12215030709817203,0.052032680853855214,0.09331199814544264,0.11205773457442336,0.11441643303552403,0.8675759840400066,0.8621327798146874,0.9635310515868069,0.06627225470176355,0.05375525448695121,0.059594069527946124
0.118341,0.020058257,7.672064579397628e-05,-0.080513496,-0.800164994,0.0072,0.0116,0.015,0.0179,0.0202,0.0232,0.0254,0.0284,0.0312,0.0388,,0.38163551942985935,0.4197521445689102,0.7256012800012868,0.049014953263872514,0.13787498915467405,0.0829422811338936,0.07470813932298363,0.11243356800954049,0.12775660430427505,0.8642364462094827,0.8865148805566632,0.9640588289960486,0.07802949816813613,0.08036050558514023,0.09905502936185713
0.14502,0.022297888,6.561675397988177e-05,-0.058962791,-0.64333955,0.0117,0.0147,0.0178,0.0202,0.0223,0.0246,0.0272,0.0297,0.0332,0.0404,,0.39687768596132655,0.4245978403330151,0.6646441111794898,0.04658176072268693,0.13060677968932674,0.06552409386389584,0.07738081231004304,0.10256665433165023,0.10151488787952051,0.9397241456252002,0.9293577544675342,0.8137411992802576,0.053381224070376446,0.09737339460021227,0.09566029004420176
0.120478,0.019804465,8.172981194544304e-05,0.092895644,-0.72870031,0.0073,0.0116,0.0144,0.0168,0.0193,0.0226,0.025,0.028,0.0322,0.0422,,0.36980815579593085,0.44813376639421715,0.7738673983870807,0.038651080291984,0.11378922762786547,0.08280605710257616,0.09201306797070538,0.0832685529702062,0.10939603547552627,0.9390232519381191,0.9911652648667602,0.9733341855588502,0.05215329256353415,0.08757160091270791,0.07840371173174239
0.133348,0.02133151,6.012685908964973e-05,-0.057207032,-0.680823475,0.0109,0.0141,0.0169,0.0189,0.0216,0.0236,0.0259,0.0287,0.0316,0.0384,,0.3975323465947873,0.4550246651307925,0.5049339542552854,0.03754956063775884,0.12727125561361183,0.060809535003910335,0.08135720569658296,0.1115552775823504,0.12452015630550332,0.8259618870563981,0.8284342164690596,0.9478214824440667,0.09320920623019473,0.09326561329053702,0.06615720757310486
0.107822,0.019828368,5.534934547304792e-05,-0.09040477,-0.791237854,0.0098,0.0124,0.0153,0.0175,0.0202,0.0222,0.0246,0.0268,0.0298,0.0369,,0.3775443357803951,0.41386312655265295,0.6949317707060222,0.0470758303000623,0.11599331994783289,0.06990583806254368,0.10399262551110194,0.10083751348957078,0.11941264984655621,0.9472770048174592,0.904967720746474,0.9731443575782684,0.055303775512103366,0.07110226647970866,0.09279251187984831
0.11882,0.02163622,6.304856444251101e-05,-0.011401103,-0.622822328,0.0116,0.0142,0.0167,0.0199,0.0219,0.0237,0.026,0.029,0.0325,0.0415,,0.4046457801622194,0.4655532629535578,0.7200177494168819,0.036249225674584336,0.11722302539276376,0.07425319549088058,0.094038238009309,0.11613797580342396,0.09825879108422776,0.836294844352349,0.8698963755398297,0.9652624342942777,0.07678186337091372,0.07231538546900672,0.08608340772352009
0.158332,0.019406592,5.79463248951574e-05,-0.035604912,-0.80912661,0.0093,0.0119,0.0149,0.0171,0.0199,0.0216,0.024,0.0266,0.0295,0.0372,,0.362101116601738,0.47351312966756426,0.6877712120720911,0.04238850479727287,0.135210111696147,0.08595717444861345,0.07657708000000871,0.09601601416367724,0.12053201124848607,0.8974872927789159,0.8840792791675064,0.9304896522930938,0.07000116693817277,0.07997922082692673,0.07928283861332457
0.154268,0.020804331,8.36409582292588e-05,-0.069433647,-0.836692244,0.0077,0.0125,0.0151,0.0179,0.0213,0.0236,0.0265,0.0297,0.0329,0.0414,,0.3672681020424015,0.4407801343643854,0.5379926601042917,0.03537741601521526,0.14612144716966505,0.07038137507081997,0.07769979157675994,0.09013202821388223,0.11318970789292251,0.8274201384971797,0.9739991830631698,0.8064746627620221,0.06248522390926413,0.06959177843176542,0.06765190092253646
0.153847,0.019226682,7.212531372783878e-05,-0.031668982,-0.797429437,0.007,0.0114,0.0137,0.0174,0.0194,0.0217,0.0245,0.0272,0.0307,0.0395,,0.4066762273495944,0.49534284070817863,0.8560479005204864,0.0392519894789883,0.1435567050529876,0.08188578654525572,0.08264636372220195,0.10696719557365564,0.11635923728163364,0.9321375754493242,0.9966959174997214,0.8596237520191473,0.0655787370815215,0.08546151936284986,0.07045618329061039
0.154954,0.017746532,4.671784155599772e-05,-0.063192848,-0.797803499,0.0085,0.0109,0.0135,0.0157,0.018,0.0199,0.0223,0.0241,0.0266,0.0351,,0.4090297375443358,0.4037936090306083,0.6263185586417652,0.04781693193267337,0.14035321344647675,0.06822117716538224,0.07711957933457592,0.10171256004220067,0.10539171394467187,0.9006689036410273,0.8341429771592835,0.9225373123509959,0.055794400311133176,0.06052609362977232,0.08548309782707178
0.147432,0.019584146,7.373589660930603e-05,0.019434241,-0.876807026,0.0074,0.0114,0.0142,0.0172,0.0194,0.0222,0.0247,0.0276,0.0315,0.0389,,0.3548292862189765,0.46481878883584654,0.8158907811521672,0.038690153003686875,0.13114468837435164,0.06618238455074692,0.09703780463752563,0.114098467730223,0.10986073852930871,0.8924012034376642,0.9509816314371214,0.8292247149987491,0.08870470532171322,0.09780298109255284,0.062418110179696056
0.155136,0.019877413,6.725298338346805e-05,0.079489687,-0.749188866,0.0092,0.012,0.0149,0.0176,0.0195,0.0222,0.0246,0.0272,0.0314,0.0391,,0.38525987226131037,0.46916236457101435,0.8818591903737979,0.03696714181550249,0.1177344291221463,0.07988297056630746,0.09952070483279411,0.09007298480032434,0.11800766682068765,0.8934448501209872,0.8056726501109142,0.9553473519247702,0.09331090927250019,0.09280334430087922,0.08147299161695816
0.158433,0.019146783,5.908525134785288e-05,-0.004007653,-0.748300599,0.0089,0.0117,0.015,0.0171,0.0189,0.0215,0.0236,0.0265,0.0294,0.0382,,0.3863863485399093,0.40250131450686394,0.854936952154691,0.048725697605977794,0.12428167052490856,0.07335310414835423,0.07645831051088395,0.08431344971703066,0.10541531652349853,0.8357022342422881,0.8803314419731404,0.8566816829374123,0.06022304676499044,0.09696708331879318,0.08694607986998011
0.153638,0.018535874,5.851770709066052e-05,0.07874766,-0.665186806,0.0079,0.0115,0.014,0.0161,0.0181,0.0208,0.0232,0.0255,0.0289,0.0419,,0.3600209542104944,0.4079703291495287,0.6181796458748166,0.038167599679005244,0.11677668473783731,0.058055732158495146,0.09356834848638697,0.08184444716027824,0.13139480341167964,0.9297594033499333,0.9532919657446199,0.921913230721858,0.07849080089746661,0.05534606539489936,0.08956766773543919
0.157238,0.020540633,6.497713160852804e-05,-0.085541616,-0.735395373,0.0097,0.0128,0.0159,0.0186,0.0208,0.023,0.0255,0.0281,0.0308,0.0402,,0.4011262475443174,0.49850990877056334,0.8036614763352944,0.04812627517194493,0.14553958212958631,0.07978685483853792,0.06897940234755555,0.1170492934085633,0.11865464630908594,0.8447547611797068,0.824641402496113,0.9331326553472805,0.05570617316848094,0.06529395408434273,0.05760678782806941
0.156748,0.019210829,6.68792568735117e-05,-0.156971024,-0.859499885,0.0071,0.011,0.0145,0.0173,0.0196,0.022,0.0245,0.027,0.03,0.0361,,0.3694667952925097,0.49143880415127694,0.8357278408482964,0.046973797343863755,0.1298869466436892,0.07666553722506626,0.10229317741394298,0.10455970861357816,0.09826156395898071,0.8881858788354048,0.9218499177588623,0.8277269022997996,0.0872677273181921,0.08522492037699797,0.07358587031020115
0.187293,0.023444236,7.928321617503858e-05,-0.014698422,-0.715832501,0.011,0.0153,0.0186,0.021,0.0233,0.026,0.0284,0.0318,0.0354,0.0451,,0.35206669325665346,0.46230503702784154,0.8394896472360962,0.03783619839767692,0.13827431119560576,0.07961805963834978,0.08708958054248289,0.11089451261533365,0.13085194508693698,0.9669730238475858,0.8555441621274852,0.8506488624890726,0.07673091845246878,0.05213405939281602,0.09209716728561344
0.173125,0.024518815,9.757576873966036e-05,-0.053030077,-0.755389172,0.0107,0.0151,0.0186,0.0224,0.0249,0.0277,0.0305,0.0335,0.0374,0.0468,,0.37156667525622905,0.4557736419079982,0.7070730179752265,0.04190626935203677,0.14498914216755324,0.08020222812163046,0.09836513308927296,0.11212688169198907,0.10102698659976674,0.9940099560419663,0.8405255900102135,0.9916240679492246,0.05268429644619277,0.06384875526653554,0.086950571190792
0.188216,0.022521811,8.085925790074291e-05,-0.03274376,-0.86053164,0.0098,0.014,0.0168,0.0204,0.0226,0.0251,0.0284,0.0312,0.0346,0.0416,,0.3526505988570312,0.4758822316456992,0.5170383525551903,0.036946057334326536,0.11476715291716444,0.07514338632850728,0.08414516281713419,0.1065260637090091,0.1143830037611799,0.8826002404312105,0.8922439308073151,0.8291234760037858,0.07460474351453468,0.05773459734871285,0.06506244670267258
0.181848,0.023109291,8.523442167383576e-05,0.1294936554496835,-0.564335587,0.0108,0.0142,0.0172,0.0201,0.023,0.0256,0.0286,0.0317,0.0354,0.048,,0.4010235012390133,0.4290643981232506,0.8671560145340813,0.04505248017490775,0.13349193376432864,0.07732331139478352,0.09735190050925427,0.10343811135238273,0.1287732920092126,0.9484323651542336,0.823575513880636,0.8096037352052136,0.059620554581967675,0.09061583826586722,0.09176968698256946
0.168799,0.021841808,9.216589385460684e-05,-0.028576323,-0.779037931,0.0085,0.0124,0.0166,0.0192,0.0219,0.0246,0.028,0.0309,0.0347,0.0442,,0.37001990012955144,0.4584785888923304,0.5758970326851551,0.047946317128620124,0.126854311496783,0.08457614202384962,0.0983371768773433,0.10539866909321013,0.13281299366033084,0.9311819567281509,0.9633485063367312,0.818318074550805,0.05822971075201791,0.09682793917820176,0.07494264392106102
0.187063,0.021665805,8.66826901894697e-05,-6.2e-05,-0.720809511,0.0088,0.0125,0.0164,0.0188,0.0216,0.0245,0.0275,0.0302,0.0338,0.0437,,0.362769545652328,0.42589157026402885,0.6698950268749132,0.04269428908545548,0.13487249332928603,0.07804550435488647,0.07652303037655366,0.09586762462934352,0.10677935008215789,0.9558309820155078,0.9454261798541025,0.9378564636745225,0.08891973427240768,0.07633122493179911,0.0738248453405968
0.181036,0.023337483,9.91200439675476e-05,-0.081867203,-0.787911528,0.0094,0.0137,0.018,0.0206,0.0232,0.0264,0.0298,0.0327,0.0365,0.0449,,0.4002914306136819,0.4809907658225385,0.516139557938822,0.049142045501771724,0.12993911753342385,0.07450893119913053,0.09511394014711863,0.09342995002656929,0.09941718651019957,0.993526420696299,0.9038534409551661,0.8561794721451434,0.058347260858257415,0.0522275683515939,0.06692440128537053
0.179931,0.022327019,8.181229811927725e-05,0.1611807678715879,-0.548029733,0.0103,0.0135,0.0167,0.0195,0.0221,0.0249,0.0274,0.0303,0.0344,0.047,,0.38110185332888014,0.4759381622630079,0.6864763333762731,0.04157506738612906,0.12982695423460297,0.07414791772669652,0.0688933750941862,0.08495053497349536,0.09973111595694825,0.8221796912014753,0.8050521195557933,0.8378078549864354,0.0767633024877782,0.05895418747117555,0.0684753935719614
0.179834,0.023294882,8.151355785526039e-05,-0.070553024,-0.800143079,0.0103,0.0149,0.0178,0.0208,0.0236,0.0262,0.0288,0.0317,0.0356,0.0431,,0.4148487623694703,0.42345568729546457,0.6589497364657455,0.04381992704715491,0.12748088771643237,0.08582770866762358,0.07138283926233396,0.10603030487027064,0.1090521691631969,0.9197952267396406,0.9930599129900911,0.8844967929669131,0.055181160277632285,0.07289925356730634,0.08777419013444607
0.179926,0.020544224,7.05261766086637e-05,-0.023312931,-0.755115183,0.0093,0.0128,0.0157,0.0181,0.0209,0.0228,0.0255,0.0285,0.0316,0.0411,,0.375664242249538,0.42007710915689006,0.7995891951938869,0.044905234041186494,0.1282482015387262,0.07432011685720298,0.07647560273492192,0.08916870792432138,0.09702886092785463,0.9353835354335955,0.934368881816173,0.8190043274889162,0.07931399121752739,0.07878277134239602,0.06009322016787432
0.140673,0.017717526,5.100826195921832e-05,-0.036874044,-0.848235918,0.008,0.0112,0.0132,0.0158,0.0177,0.0201,0.0221,0.0244,0.0275,0.0335,,0.40421914471028764,0.4614297496168686,0.9191800079556023,0.048994154110214336,0.1309305117373545,0.06832418149955519,0.10386513572787498,0.08899013914912228,0.11014242376975186,0.9092241515996321,0.9365330278956548,0.882815965822024,0.06738237959912709,0.0851052053258921,0.07393453969121973
0.138324,0.018481685,5.107252478178201e-05,-0.026702429,-0.808389289,0.0088,0.012,0.0138,0.0165,0.0183,0.0208,0.0227,0.0253,0.0283,0.0342,,0.36607637622111316,0.48775381805766094,0.6370976328066381,0.0393315131713862,0.13866698794302146,0.061693891967267975,0.09979691040633361,0.09263331727810464,0.1236136236976161,0.9456547728956645,0.8625496727361129,0.8042618230234477,0.08152453449915537,0.05568583846011812,0.06277017438539398
0.133992,0.017436982,5.835436725884323e-05,0.002040834,-0.799545905,0.0075,0.0099,0.013,0.0151,0.0177,0.0196,0.0221,0.0244,0.0277,0.0351,,0.36052612060001343,0.446233654714132,0.6361683063836268,0.046587303538705986,0.11950683768804103,0.058147160245836695,0.0731089827662145,0.11050406641943805,0.12834992538016843,0.8925810430323067,0.9568551112869585,0.9292389908473374,0.07498897401975488,0.09401566056474105,0.06956058130093583
0.137038,0.017518653,5.336489528015544e-05,0.023192442,-0.770576612,0.008,0.0102,0.0131,0.0152,0.0177,0.0196,0.0221,0.0241,0.0271,0.0351,,0.36350590429369045,0.47335182052539854,0.6266269921460115,0.04673566250725157,0.1363457235632412,0.0774288913834459,0.08594008485866338,0.11541175743483546,0.12834421875527083,0.8946258613390399,0.81829968203614,0.8564534482796985,0.08388049762841822,0.06628775314618103,0.09026102849493096
0.143459,0.017968227,6.004465317401847e-05,0.082646983,-0.691241288,0.0071,0.0107,0.0129,0.0158,0.0178,0.0205,0.0225,0.0251,0.0284,0.0377,,0.386319365143956,0.4737772521981612,0.7189678470527354,0.04179936401916379,0.13699579354271027,0.07751690936391918,0.09544331401211613,0.10025385070271481,0.12536446939528648,0.9863154536657185,0.8203557388627657,0.8932794955805585,0.06624501621981922,0.08350974198812158,0.09074847122827777
0.138693,0.018268744,5.834400939913179e-05,-0.071949366,-0.853902992,0.0081,0.0106,0.0137,0.0165,0.0185,0.0205,0.0232,0.0254,0.0286,0.0355,,0.36451736427559317,0.4838412193840601,0.618060990409005,0.04817480737433128,0.12471464090829848,0.08624170942625917,0.07673920741771001,0.09844504828598871,0.10306995104415827,0.9613168043350256,0.9747953898172281,0.8989468052974299,0.05979993233481111,0.08699010043878141,0.08839985051520306
0.13645,0.018096758,5.571105248353784e-05,-0.082058441,-0.841128845,0.0081,0.0105,0.0135,0.0161,0.0183,0.0204,0.0227,0.0251,0.0279,0.035,,0.3955234338022814,0.46070362581787166,0.7704247385444863,0.043367709971275946,0.11854038222745666,0.056438716588849455,0.0997257175014312,0.11605896876114775,0.12097873713775724,0.9910685782630634,0.9878923847565383,0.9120947298734678,0.05322564895961011,0.06187860399896843,0.06647157877104705
0.140278,0.022322576,9.95097351163186e-05,0.018057872,-0.820095158,0.0089,0.0125,0.016,0.0191,0.0223,0.0252,0.0287,0.0316,0.036,0.0478,,0.37552297424793424,0.4837869130121992,0.649912735008487,0.04269675597032194,0.14010191944028802,0.05471503391217817,0.0906612127247464,0.11377860478281486,0.10342977278471864,0.8883376562338924,0.8679169598280619,0.8481932485898169,0.057898939791902776,0.06833730532969193,0.0813820096000212
0.140397,0.019500273,6.725505058899073e-05,-0.037842839,-0.836124109,0.0079,0.0114,0.0147,0.0171,0.02,0.0219,0.0246,0.0271,0.0304,0.0372,,0.36246754979753054,0.48769030249717704,0.7631111663762459,0.04152292948582279,0.1425451781732925,0.08257258999280712,0.06606348708435508,0.111620334459895,0.10462484482701757,0.8480824335817824,0.8242226472947641,0.9440759765143514,0.05372376106974883,0.06059313835057592,0.07518063034344535
0.134511,0.017269377,4.9999128069090625e-05,0.055209987,-0.728058054,0.0081,0.0102,0.0131,0.015,0.0175,0.0191,0.0214,0.0235,0.0269,0.0351,,0.40038684044091205,0.44648964420882686,0.5855014404576477,0.036064844668668466,0.14629665899088817,0.0767438498678666,0.09591195018017755,0.0908704165838645,0.10091242969437264,0.8750678310462504,0.9845491114445569,0.8097925859518079,0.07985397688279175,0.09673510168548581,0.0911118461934906
0.137139,0.020915922,9.220217049002654e-05,0.093446778,-0.726627565,0.0078,0.0115,0.0155,0.018,0.0205,0.0233,0.0267,0.0297,0.0341,0.0437,,0.35781032466957313,0.47891194480335386,0.6375728773845475,0.049175725328549386,0.1324223107138734,0.06446064364269288,0.10193813956433166,0.11611349899888808,0.130155532173968,0.8181053136640183,0.8965232868577875,0.8606444111314894,0.0653794121680351,0.06333718419223075,0.08377374083773496
0.126541,0.020048754,5.979690199923611e-05,-0.08539199,-0.801583788,0.0097,0.0123,0.0155,0.0177,0.0206,0.0226,0.0249,0.0272,0.0302,0.0376,,0.3510217600579632,0.43050966266609747,0.56237314638301,0.04594733493445592,0.11360357864991415,0.05789460774348616,0.1000241997898295,0.09211183830099068,0.10494652943989999,0.8843755267890769,0.900151913873646,0.9098918614079009,0.07511013348899263,0.06116522347096393,0.089959871038547
0.126531,0.021356328,8.77346296293159e-05,0.2649271804238977,-0.493874002,0.0093,0.0124,0.0156,0.0181,0.021,0.0236,0.0264,0.0295,0.0342,0.047,,0.3774297775939669,0.45588292441097256,0.7290632957013408,0.043681651322131705,0.12005737720130978,0.08637505465331159,0.09211123768317218,0.08846300155173162,0.10164960204375349,0.8202458796231655,0.9331830549981742,0.9673541043856481,0.07689965386605047,0.062233465444244684,0.060888742862885474
0.12496,0.019356673,5.48694375281308e-05,0.1195582496106261,-0.463448758,0.0104,0.0129,0.0148,0.0169,0.0195,0.0216,0.0234,0.0258,0.0295,0.0415,,0.3776400942886096,0.45174736072524435,0.8412655697267399,0.04615632811697969,0.11331847419293205,0.08502322632029594,0.08332916228131838,0.0838545588902125,0.1075488938941692,0.8754068734014163,0.8185940748001924,0.8282657633500197,0.054464010113942064,0.06081469310807428,0.06589335558416183
0.116729,0.018766301,6.200588946921111e-05,-0.025906742,-0.834102006,0.0076,0.0111,0.0139,0.0164,0.019,0.0212,0.0236,0.0263,0.0291,0.0372,,0.3989779596894549,0.4171923801548846,0.7373261087564631,0.046323729107924316,0.12594781378824416,0.06775147754699885,0.09242532132165641,0.09958391084139757,0.11878654508843704,0.8680105863641685,0.835640782908482,0.9105159731488398,0.0517192772274208,0.09561762715275116,0.09162740952289519
0.12059,0.01949392,7.80488661492385e-05,0.040120315,-0.767155308,0.0072,0.0112,0.0143,0.0167,0.0193,0.0224,0.0246,0.0277,0.0317,0.042,,0.351494762991131,0.4956604895323994,0.6346549236884224,0.042147535893179496,0.1307860492300214,0.06543278594088815,0.07341830358116555,0.08993961216607665,0.10213624683769143,0.9019297956433084,0.9392730322184136,0.8421283926961676,0.0516291702967107,0.07300259170329308,0.06785652843404812
0.131269,0.02091343,7.2857316801161e-05,0.041473607,-0.801437269,0.0098,0.0128,0.0159,0.0185,0.0208,0.023,0.026,0.029,0.0323,0.0403,,0.38372014909894514,0.485670527398538,0.8295886665905179,0.04630427933687416,0.12870068109897906,0.066109467867778,0.08923675183626996,0.11430799920737857,0.11148194783862163,0.9406783817290293,0.9026896533758606,0.9751518640787409,0.08074592418027747,0.09867819023581423,0.08908454684417837
0.129648,0.021168966,9.046406082554078e-05,0.042759018,-0.704758736,0.0083,0.0119,0.016,0.0189,0.0212,0.0236,0.0267,0.0301,0.0341,0.0453,,0.3758847956956105,0.41574643460480226,0.5612447285774432,0.04286689114927371,0.1359083870929208,0.07358626295845119,0.10397519977580381,0.0823123522122487,0.10145238009063212,0.9958218391261968,0.9778536234324676,0.818861636046264,0.0927992286586183,0.07075909405952822,0.06542267001522901
0.121801,0.018549829,7.177334103840363e-05,0.071652468,-0.744593623,0.0068,0.011,0.0133,0.016,0.0185,0.021,0.0235,0.0267,0.03,0.0408,,0.3546754741203945,0.49004130134941043,0.6738762006904091,0.0494074702897033,0.12925592126639773,0.0672938472164035,0.06821149930206476,0.11859500295484307,0.13287029614516702,0.8116157515425066,0.9538315546950035,0.937874203109343,0.057423456736998744,0.09238060425343511,0.06885877406232288
0.147595,0.020584211,6.831927672237386e-05,0.00352097,-0.834020388,0.0099,0.0127,0.0156,0.0183,0.0206,0.0228,0.0256,0.0284,0.0318,0.0403,,0.41025441862253775,0.4694888610026162,0.5401367433665138,0.04498602277167267,0.12288218368417453,0.06275747133536017,0.08891666324202262,0.10492610325933863,0.11454730018178116,0.9397690840314681,0.8135059578809796,0.9026638005755201,0.09119476989590967,0.07781088713887273,0.057131122362705615
0.098115,0.015561427,5.3472868617507334e-05,0.1727849359818618,-0.589509605,0.0053,0.0088,0.0108,0.0135,0.0156,0.018,0.0196,0.0222,0.0252,0.0356,,0.3583963330021006,0.48203807045405367,0.6949195893050342,0.04100816691799638,0.14780335712517267,0.06470559782701726,0.10218933930330491,0.08078450547890198,0.12189092395792787,0.8638171722512712,0.9798270083478391,0.9180199015620354,0.06824054477733871,0.08249902364135643,0.06275508094953507
0.101011,0.01620047,4.9978478607922305e-05,0.026907342,-0.814473486,0.007,0.01,0.0119,0.0142,0.0161,0.0181,0.0203,0.023,0.0259,0.0333,,0.37157075109753934,0.48677639321231875,0.8496979157986863,0.046814192337663645,0.1338659104379245,0.08688530516985275,0.0674185877213491,0.10816135882426062,0.1314228750562354,0.85144191569964,0.9123975720636583,0.9792959464671335,0.05521896931395201,0.05185329010487886,0.06307177708267948
0.098269,0.016558925,5.827804479831928e-05,0.057802496,-0.784330897,0.0056,0.0093,0.0117,0.0142,0.0165,0.0188,0.0209,0.0237,0.0267,0.0359,,0.4006215974756121,0.48550837804761604,0.6375706683932725,0.035865365404497654,0.1326911523870331,0.06574632243740992,0.07997880061096478,0.10920599487212376,0.1099368751238483,0.9545307336344557,0.9906825349819481,0.8250854746328875,0.060176713620396616,0.06063158935983788,0.08986082641915132
0.104346,0.015342847,4.7576628066548496e-05,-0.032508436,-0.889439028,0.0059,0.0086,0.0108,0.0132,0.0156,0.0174,0.0196,0.022,0.0248,0.0305,,0.3774612989349214,0.44788373044882607,0.9029149179732897,0.039718148723896285,0.1458931727608342,0.06656152925887666,0.09440800004525941,0.09489949949535056,0.10965249740951788,0.8672827322409195,0.8401964052720344,0.9829727216846594,0.07675025889147599,0.07091541668635959,0.06378141388046357
0.113475,0.015904349,5.053012663904596e-05,-0.036322918,-0.828380209,0.0064,0.0097,0.0115,0.0139,0.0163,0.0183,0.0203,0.0224,0.0254,0.0321,,0.36854203330932167,0.4375774649616856,0.8410276802852331,0.04459605118887454,0.13444710392492965,0.0841559254365966,0.0771637183334833,0.11613098579084762,0.11833043619107496,0.9356624978888168,0.8129209029187704,0.9663899959233329,0.05661649097662305,0.08326534561490273,0.06810392224858232
0.106083,0.015297229,4.7629625895469954e-05,0.018325326,-0.7605932,0.0062,0.0084,0.0112,0.0131,0.0155,0.0179,0.0194,0.0217,0.0245,0.0324,,0.3804319857267876,0.4069631408623337,0.6292297058660494,0.04081635998655069,0.12991371201888693,0.07837589939975338,0.0876701568794238,0.0842064794047582,0.10265646201189679,0.9037590953839192,0.8402571940388501,0.9669004138128722,0.07161562413299927,0.06492624114377257,0.07235978840015243
0.108951,0.016444359,5.337504986661929e-05,-0.068427758,-0.856547581,0.0055,0.01,0.0121,0.0149,0.0166,0.019,0.021,0.0232,0.026,0.0335,,0.4085013559895291,0.42969998927288644,0.6958375707701517,0.04706931614941149,0.12295384786603475,0.056345030232443,0.09320374603274068,0.1143013621011903,0.10590581104928183,0.8341663042907782,0.9075404648992632,0.8812538995204992,0.06775184562995952,0.08218920460142129,0.07098682563654721
0.101292,0.016570244,4.9998125410038506e-05,-0.02500753,-0.824361684,0.0074,0.0096,0.0124,0.0145,0.0168,0.0187,0.021,0.0232,0.0259,0.0342,,0.4014959223340805,0.48308066041604025,0.7861136422577529,0.040574684965488876,0.11670602896129967,0.0823498815973158,0.06692051093494514,0.1006820807717055,0.09908657058556763,0.8192456340496329,0.893883415674853,0.8849450092461014,0.08242036589973839,0.059988318287117884,0.09203149291842705
0.087466,0.015553417,5.3869550738564225e-05,0.092938165,-0.855120794,0.006,0.0083,0.011,0.0129,0.0155,0.018,0.0199,0.0225,0.0258,0.0324,,0.3556955722537182,0.4565801124765222,0.7233164972338878,0.049310686265962266,0.11651707498558894,0.07639122296857352,0.08786603655373268,0.10922201255686709,0.1169394689512555,0.8226618688637998,0.8941550848123575,0.8253932504946234,0.0845424556593982,0.09073503853885388,0.06859740798099408
0.089596,0.016153165,5.183952319885262e-05,0.016964819,-0.865991098,0.0067,0.0101,0.0115,0.0137,0.0165,0.0185,0.0205,0.023,0.026,0.0325,,0.37449249955143205,0.4223528817869422,0.5987432935136076,0.048501035843220325,0.12415293696932506,0.06954903247520715,0.09083316737762788,0.1113541418198583,0.10251575833994127,0.9717751070684866,0.9643850000939046,0.9584188734206274,0.07450077926357479,0.07502480166268985,0.05910010911905539
0.120675,0.021882756,6.841403637479937e-05,-0.003785944,-0.746236581,0.0104,0.0142,0.0166,0.0198,0.022,0.0241,0.0268,0.0301,0.0331,0.0417,,0.3818512316278889,0.407315218141468,0.7344506753110643,0.04849581806880325,0.1290043544370764,0.05052288257926978,0.06696167487235256,0.11414658348970445,0.13005110983124424,0.9221905467535776,0.9620236046779398,0.9820351680442115,0.06529765154883231,0.07386946183229735,0.08355357759736304
0.123743,0.021952243,7.176869217809049e-05,0.026488126,-0.739059533,0.0103,0.0141,0.0166,0.0192,0.0221,0.0243,0.027,0.0301,0.0333,0.042,,0.35239437342408664,0.48447113814576703,0.6416369733000848,0.03612264646187699,0.13074065048918923,0.07009253429764972,0.07714310590730455,0.1079705787380141,0.11631819096386602,0.8141447690828374,0.9047954694764131,0.9265180372868109,0.06977625924096466,0.08022075776166838,0.08604107391049275
0.128867,0.02072911,9.403553660251178e-05,0.1446205147848345,-0.560922939,0.0079,0.0114,0.0145,0.0175,0.0206,0.0234,0.0265,0.0295,0.0336,0.0476,,0.3668509616321839,0.47365569441846006,0.8139863629047014,0.03858813075267936,0.13020109551567763,0.05240282135277367,0.10407562306795203,0.10417511098318541,0.10276942303605831,0.8223990605255758,0.9154897242080287,0.8803302934782717,0.07503655359085601,0.05680449049833604,0.09494518842755516
0.131844,0.021534729,9.606768606093252e-05,0.045004994,-0.803529504,0.0081,0.0118,0.0158,0.0185,0.0213,0.0242,0.0277,0.0307,0.0348,0.0437,,0.3648132361291964,0.49193407250460214,0.7005976797540857,0.03537807090325505,0.14220498122256142,0.050699066370238924,0.08066672752806968,0.09140976998034854,0.11734754443370252,0.8496368494911868,0.8052574840422174,0.8173933882878687,0.07923722450442183,0.05301335305475152,0.08369439228900534
0.129601,0.022708471,7.265210368203927e-05,0.2302640774440404,-0.027185132,0.0117,0.0149,0.0176,0.0201,0.0226,0.0248,0.0271,0.0299,0.0338,0.048,,0.3865872865786951,0.47155389390155605,0.9360489133669632,0.04525414825574468,0.1411558853091638,0.06685158409417773,0.09438072245571462,0.11886443919486349,0.12992473005303445,0.9117855016352058,0.8360408867366191,0.9438274972932247,0.07321896415012268,0.07322911015269555,0.062064022536399054
0.125174,0.020998944,5.646858425264864e-05,-0.139125035,-0.736199577,0.0108,0.0138,0.0169,0.0188,0.0214,0.0235,0.0255,0.0281,0.0309,0.0385,,0.4142017042062859,0.48166926707827756,0.6477112713817079,0.046359432053958614,0.13973772646196173,0.06720826349927415,0.08626348831097272,0.11487759362053176,0.12978044223441088,0.8345785749455225,0.9285609373296035,0.9577303775054236,0.05925884716766776,0.05259479556393808,0.09400842627335532
0.129155,0.023242351,7.840250302281496e-05,0.088810186,-0.535080338,0.0113,0.015,0.0179,0.0209,0.0232,0.0256,0.028,0.0311,0.035,0.046,,0.36629670271207343,0.4107618839033249,0.7182053290652495,0.047630868160266876,0.11301442213118461,0.06630093590503187,0.0729822710141206,0.08318033528864065,0.11316687760455792,0.8957698311668567,0.872020073370465,0.8321735676372757,0.07743166048830812,0.08898986818815084,0.09425732470434546
0.143439,0.024302874,9.199355825937526e-05,-0.002655667,-0.849937906,0.0111,0.0155,0.0187,0.0211,0.0238,0.0273,0.0306,0.0334,0.0372,0.0451,,0.41677351304963184,0.45805128389534305,0.5540663047173281,0.047928394498918746,0.12134055533165168,0.06556187745805325,0.07188944683534461,0.09003399888489545,0.11284162643643246,0.9339228969606199,0.8612200763179665,0.9339521251344992,0.0569656367042059,0.06827347710525164,0.09837304770101088
0.133823,0.02263758,6.594049016150014e-05,-0.018881107,-0.61609596,0.0117,0.0153,0.0177,0.0201,0.0227,0.0249,0.0272,0.0301,0.0339,0.0426,,0.4137423860672306,0.4814325997798024,0.8055583409528243,0.038313261569434404,0.12113623100905473,0.06468287680025267,0.09232802302457703,0.09944445814608292,0.11123889446821415,0.9772269468667953,0.8409905288849048,0.8867272208128352,0.05899652194927535,0.09395368208264782,0.06456970304706496
0.159287,0.022545617,8.110494838874284e-05,0.02534687,-0.662146365,0.0101,0.0139,0.017,0.0204,0.0228,0.0252,0.0278,0.0307,0.0344,0.046,,0.39118617638005365,0.4967445987228941,0.7087268361414036,0.038309310663382376,0.13897998971557335,0.07262116927666239,0.0771774008379393,0.10348298781659859,0.11796853795561099,0.8503310619257604,0.9398413381873935,0.9376352987051254,0.08316696819579962,0.09645995484139512,0.07816695796466801
0.161896,0.019468681,7.150055675927143e-05,-0.103843261,-0.886177949,0.0073,0.0111,0.0146,0.0169,0.0201,0.0221,0.0252,0.0276,0.0307,0.0372,,0.37127245391640445,0.41698972722529115,0.7831575170406853,0.039639142321965436,0.11950391336507067,0.056101863188361335,0.10099619732226235,0.085917620652805,0.1312263377387042,0.8288894853039196,0.8599959647890899,0.8603064667897811,0.08805135148806609,0.06514596236587696,0.08233809391640837
0.158732,0.020337332,8.026284794839817e-05,-0.031781938,-0.810617781,0.0076,0.0121,0.0149,0.018,0.0205,0.023,0.0258,0.0287,0.0324,0.0404,,0.4165298225100939,0.4021121807655698,0.5909788513104909,0.04748237894389013,0.11667996169924894,0.08425232304531849,0.09626251595472203,0.10613096555868426,0.10025477294184064,0.8699905584146773,0.9335101088599765,0.8685016653267591,0.08962523789490176,0.08692845346956035,0.09418130678848849
0.156536,0.021152581,9.964045256980473e-05,0.2635815882492142,-0.392564767,0.0086,0.0124,0.0154,0.0182,0.0208,0.0234,0.0264,0.0297,0.0346,0.0507,,0.3613470786559453,0.48236707389721917,0.6151444627631588,0.04543192646718424,0.13377034669285834,0.08165908461422834,0.07576278058147892,0.10948333110395064,0.1273519778550214,0.8859562137150255,0.8463533976888131,0.8944804216732176,0.06652896578135029,0.09148285544273366,0.075997376968011
0.160066,0.023070856,8.377224571378502e-05,0.097658336,-0.618519152,0.0108,0.0143,0.0174,0.0201,0.023,0.0258,0.0283,0.0312,0.0352,0.047,,0.3635362322667445,0.4123221110031782,0.5522103132593222,0.04846544114713066,0.13028772870474134,0.05541820710545726,0.0744201851699442,0.08284256541642791,0.1116148089105034,0.9506720835119529,0.861039344967026,0.9411770222330701,0.06179507466162116,0.06273616324051899,0.06537067555496162
0.160601,0.020442232,7.879727925196725e-05,-0.081867103,-0.823389613,0.0076,0.012,0.015,0.0183,0.0206,0.0234,0.0261,0.0286,0.0319,0.0395,,0.3522720247275266,0.48030177124758233,0.8975822047364495,0.040715117388768325,0.12026995061275568,0.07537811600102017,0.07358045845752564,0.08421082603258964,0.11133676541649967,0.8760586909196825,0.9057335603013876,0.8142693552884768,0.07151557243756052,0.09816907019516369,0.09709109931293852
0.159094,0.021812091,6.955475154546977e-05,0.008500632,-0.665612006,0.0101,0.0142,0.0169,0.0192,0.0218,0.0245,0.0268,0.0295,0.0327,0.0433,,0.400300852995098,0.49720452864986353,0.8051259090246011,0.038052425566993106,0.1301773490792212,0.05236466165619626,0.10405961875449336,0.09490067015986559,0.11775512153555996,0.9796365961252926,0.8181943254947501,0.8180148248250894,0.08851614839621337,0.05645531075822711,0.08992567011798343
0.157764,0.020111549,6.304722092015696e-05,0.05067725,-0.745730273,0.01,0.0125,0.0154,0.0178,0.0199,0.0228,0.0247,0.0276,0.031,0.0388,,0.40267537204343495,0.49393781489603283,0.8596852191764763,0.04795465451464539,0.14743999393827462,0.0707596070766509,0.0931450039946806,0.09327256586502533,0.1182261703169251,0.9329250078358748,0.8740062293483054,0.86805543779588,0.08733251520759294,0.0683970516410796,0.08552175097727326
0.15555,0.021169713,6.988937283773891e-05,-0.002689676,-0.796699035,0.0103,0.0132,0.0165,0.0186,0.0211,0.0236,0.0261,0.0295,0.0325,0.039,,0.38915761480723,0.444900398509538,0.8121015080228043,0.03755874063325671,0.12276867405048901,0.07614235859158494,0.07625143379427729,0.09265436113332866,0.09715951444147032,0.9845003199183683,0.8606883068376587,0.873140162076559,0.052448200348682375,0.05564521858298253,0.08970408692929235
0.156892,0.019869536,5.519140743985852e-05,-0.10251271,-0.784696971,0.0096,0.0127,0.0154,0.0179,0.02,0.0222,0.0244,0.0269,0.0297,0.0359,,0.35648412678342795,0.4640699620939899,0.654975416650109,0.04391805103867723,0.14384045017685362,0.06981877632104026,0.08433420067131217,0.09968818822293855,0.13033445469047872,0.8179956095030777,0.886234630728467,0.9656193068026686,0.05708383148431503,0.08209728172143506,0.0933926515622788
0.178323,0.025313282,8.431019663049038e-05,0.023306191,-0.550248532,0.013,0.0167,0.0198,0.0226,0.0251,0.0279,0.0308,0.0338,0.0378,0.0481,,0.35829344933236895,0.41666651804816457,0.8619778262673611,0.04876706805820431,0.11506879261807078,0.05411503000789081,0.08180135191452657,0.10799927071449038,0.09914926068926869,0.8461262028350649,0.8945133569970726,0.855080931308856,0.08413795613913803,0.08288651626281802,0.07107874823295138
0.178019,0.025093363,8.412312523800712e-05,0.069723479,-0.459930539,0.0131,0.0169,0.0197,0.0222,0.0246,0.0273,0.03,0.0332,0.0375,0.0497,,0.4098772944709407,0.4133486008914856,0.6597205461355935,0.046486866707803665,0.1388630974675237,0.05492903877061269,0.07338142567280029,0.08306912290398176,0.11239444372809645,0.910505008817252,0.9666135940068917,0.940730306274442,0.057890276976737,0.07971337746914407,0.06962812117206067
0.177313,0.023670074,7.03457434631847e-05,-0.034523767,-0.485376333,0.0122,0.0159,0.0192,0.0217,0.0238,0.026,0.0284,0.0311,0.0348,0.046,,0.4071907343510635,0.49411087871301484,0.6555217060249441,0.03710348450567558,0.13078274206452464,0.06456356080293345,0.08597946333228244,0.08351690716710827,0.12158005985021847,0.9903041061288335,0.818593614130662,0.9536607991115876,0.07346793574111074,0.09201025211622,0.08233302783170172
0.169651,0.024930054,7.875544607348681e-05,-0.026404605,-0.542328937,0.0126,0.0168,0.0199,0.023,0.0252,0.0275,0.0298,0.0328,0.0367,0.0468,,0.4009902869647216,0.4470822848318604,0.9252568498302431,0.04136835427474866,0.14709571156532683,0.06611711796460733,0.09890689171751839,0.0876270429654506,0.10820584224368465,0.8352636372314769,0.9249677642911199,0.9825891073417427,0.06541563081021698,0.06739325009326637,0.07259396016605095
0.172431,0.023661133,0.000108672,0.053223408,-0.577451015,0.0102,0.0144,0.0181,0.0211,0.0239,0.0269,0.0297,0.033,0.0373,0.0515,,0.39318288723375205,0.45614141320326645,0.8722379739131698,0.03572969843702367,0.11601921475396174,0.06277878913108599,0.08832180255292212,0.11665547516578048,0.10541606989756411,0.9381900963527053,0.9047521948836101,0.9692892764023217,0.05803806523870201,0.0767934341703173,0.07220384184927137
0.188272,0.023365684,9.473325800847602e-05,-0.113021929,-0.756004566,0.0095,0.014,0.0183,0.0209,0.0234,0.0265,0.0295,0.0324,0.0359,0.045,,0.3783263908543263,0.44898721110969775,0.7087878551520176,0.03843780562080484,0.12152556718129773,0.06868580761960473,0.08368299792363461,0.09268684931833998,0.10416679001974194,0.9734792459473127,0.8088149292264726,0.9000551763066922,0.07003943309776697,0.05880245385562214,0.0725340091366849
0.176565,0.021874356,6.548504197334842e-05,-0.066413589,-0.746035374,0.0109,0.0143,0.0172,0.0194,0.0224,0.0243,0.0267,0.0295,0.0327,0.0385,,0.35861958879097255,0.424501863667254,0.773442142379462,0.04442291405310095,0.14548398486616568,0.05255690785833533,0.06750719190214155,0.09369865662142557,0.1002594340165299,0.9759138703937011,0.9438262090913866,0.9225706739805862,0.051611955351017764,0.05798759432772013,0.08496385210982908
0.182279,0.026466186,0.000130044,-0.036502784,-0.695301672,0.0114,0.0162,0.0202,0.0237,0.027,0.0301,0.0332,0.0371,0.0411,0.0516,,0.3830469675566718,0.4791927351993851,0.9354116379630822,0.04552579441275661,0.14042314151612223,0.05725633539460891,0.08179266737170389,0.09783972570246349,0.10844434413247116,0.976368498863825,0.9276284234728823,0.8746705491771878,0.07456905257441152,0.08552779678162425,0.07257177876021895
0.1803,0.02417916,7.599228436957556e-05,0.012742815,-0.57640087,0.0122,0.0169,0.0193,0.0215,0.0236,0.0264,0.0296,0.0324,0.0357,0.0448,,0.39084412419986564,0.46818370456755853,0.518338967702643,0.047229581751360224,0.1451823037269377,0.05251871077731291,0.07426666093273661,0.10408508341058414,0.10403440854692553,0.8799557356126398,0.8585871867775644,0.8791338007227278,0.0850892632328615,0.056735608145041576,0.08066154317992584
0.180402,0.022451788,0.000103137,0.1020274173840214,-0.624675484,0.009,0.0128,0.0162,0.0192,0.0221,0.0253,0.0285,0.032,0.0358,0.0483,,0.352594691596122,0.4564765991369381,0.5465802355000959,0.0396059197309256,0.13691810662700293,0.05320297828888739,0.07562297938955403,0.10953912652355682,0.1058338293280273,0.9360203398133331,0.895453732721039,0.9376408349435279,0.05131702547124351,0.07430070502766516,0.08318309352861236
0.122003,0.019781522,6.275624815329623e-05,0.001839813,-0.777920707,0.0095,0.0119,0.0152,0.0173,0.0203,0.0221,0.0246,0.0273,0.0303,0.0375,,0.3558902436074278,0.4398049672048475,0.7775025660414759,0.04621192175195282,0.12006034337197256,0.07431475089815075,0.09367125981303234,0.09394186429694705,0.09721544159187138,0.8748266042788317,0.8670665411224984,0.9108143690678941,0.08044103351865844,0.08988299920317706,0.06642981046094784
0.121597,0.019586514,8.15581391194668e-05,0.075400831,-0.760348949,0.0073,0.0106,0.0141,0.017,0.0192,0.022,0.025,0.0282,0.0317,0.0437,,0.3984339998743684,0.4873017873414162,0.8463107252077929,0.04091054451313365,0.13173326654925419,0.0667161054546927,0.08209914773119635,0.08830656907702733,0.11259716799742917,0.8266335707579625,0.9164786919228615,0.9027096051560293,0.07139403039919166,0.09758370543624553,0.07662758307089022
0.114386,0.019704393,7.262194398768669e-05,0.1400817130030351,-0.784196964,0.008,0.0117,0.0141,0.0173,0.0191,0.0217,0.0248,0.0277,0.0316,0.0392,,0.37555587923024625,0.4641530195845906,0.7603914474338674,0.03598545318647916,0.11730047805612627,0.07953208328267061,0.09530098368143772,0.11427594363781646,0.12037607682454143,0.8632287330171056,0.9326514322431322,0.803245970493598,0.06567183439293191,0.06941804942808254,0.07759405979628
0.126192,0.018711679,5.351195748279824e-05,-0.02900795,-0.790689575,0.0087,0.0114,0.0143,0.0167,0.0189,0.0209,0.0232,0.0256,0.0285,0.0361,,0.3984643227784653,0.4685545149315247,0.6821402002946748,0.04140712693685647,0.1409049381623308,0.07742162132380198,0.07850303730163974,0.11017259555716821,0.11929466467106946,0.9422170613370012,0.8919126944176561,0.9308889062293652,0.069992859187427,0.07241526304677842,0.08435036123951502
0.132992,0.019653419,6.144633424038662e-05,0.014451806,-0.763535538,0.0095,0.0119,0.0151,0.0172,0.0201,0.022,0.0241,0.0271,0.0299,0.0377,,0.3688001847803329,0.469668188202226,0.8241569310960428,0.04852377241073094,0.14462478985615743,0.06100070607091783,0.07249702499499734,0.08595808901390727,0.09787242371024003,0.9780498707483585,0.8643735355147493,0.9764022196086861,0.05535724919060127,0.09859181212812967,0.08582575680511792
0.118578,0.022221596,0.000103379,0.039070147,-0.726908858,0.0085,0.0123,0.016,0.0191,0.0226,0.0256,0.0282,0.0313,0.0358,0.0472,,0.3782769901485274,0.49258302595165765,0.6193584080661417,0.04080619558328152,0.14716619813952625,0.059312984462927765,0.09537888558743868,0.11066190837849613,0.12808132059434763,0.9936454576762744,0.86195705721041,0.9361744691552026,0.0768177212903931,0.09145137058054621,0.0948140405354936
0.124701,0.019861716,6.11053921366204e-05,0.1398304947606954,-0.541560072,0.0101,0.0126,0.0151,0.0176,0.0198,0.0217,0.0242,0.0271,0.0302,0.0402,,0.3884282198315195,0.4900897699087227,0.5165361337019407,0.04087633114130226,0.1263401153371569,0.07808299979875304,0.08187908019127703,0.10094609352547133,0.12406591237043647,0.9148506262241974,0.9554685722748548,0.8090927537422093,0.09072346015345135,0.07751847276075405,0.06727803066092748
0.124732,0.018590175,6.953820989244911e-05,0.04161152,-0.673962384,0.007,0.0105,0.0139,0.0162,0.0183,0.0211,0.0238,0.0262,0.0295,0.0424,,0.4005739876937749,0.4887547244803015,0.8741250814020606,0.03665320230338227,0.11464047737564911,0.07478344167140957,0.10258564677194594,0.08146698725899602,0.1334952646544229,0.8716087908386926,0.9215066012814542,0.8885278545219311,0.06497303673942136,0.08127169972741768,0.08258687692873996
0.121244,0.019064434,6.24659500229007e-05,0.1187645033326724,-0.6813189,0.0086,0.0116,0.0147,0.0168,0.0186,0.021,0.0234,0.0264,0.0299,0.0382,,0.3834897942020382,0.43884587722753504,0.7263221552785569,0.04822088189061327,0.13423952686031768,0.0638289040363708,0.08219142798379651,0.08707248693114354,0.12150543522858369,0.9278272090782379,0.9639802225947176,0.9542466292761471,0.09000741099335746,0.07303986057206711,0.0786867901219719
0.117933,0.020270692,7.713829217311023e-05,0.068530091,-0.835161068,0.0079,0.0119,0.015,0.0178,0.0199,0.0227,0.0255,0.0285,0.0324,0.0392,,0.41265457973215036,0.41769860792587155,0.9261546329692704,0.04909891051435213,0.1139941291177077,0.06533690554517607,0.09589981176922438,0.11412920323387785,0.13369813223010066,0.8241054861189846,0.9545336325863214,0.8631911850580405,0.06632117821080225,0.0868167925783795,0.06279692119799435
0.171536,0.02454717,8.789684069285574e-05,-0.095567877,-0.742725293,0.0113,0.0157,0.0193,0.0225,0.025,0.0276,0.0301,0.0331,0.037,0.0464,,0.3665748606425109,0.416490994982935,0.8380919766481799,0.041054375637160925,0.1257629812419538,0.05036831143370069,0.07928130329011474,0.11874219807001607,0.11816531002098181,0.9539384867353115,0.9187108059999313,0.9138747705689487,0.06414695582887875,0.06190992364912834,0.06484959468750548
0.177,0.023008399,8.399985606659028e-05,0.089166776,-0.623935471,0.011,0.0144,0.0174,0.0201,0.0226,0.0253,0.0282,0.0311,0.0356,0.0494,,0.3821264386772537,0.40345818005390827,0.5579633126802448,0.047903532554483375,0.12422188393156637,0.05885396758859483,0.07024839953581168,0.08365172114850572,0.13128948881495991,0.9125127756868897,0.9645763264432153,0.9423662371843968,0.08907900479303846,0.05957418312668714,0.07488057665733941
0.177342,0.023949292,0.000103048,0.1638407823020931,-0.630376811,0.0109,0.0146,0.0178,0.0207,0.0234,0.0265,0.0294,0.0328,0.0378,0.0503,,0.3935498803255641,0.47387088137050826,0.603116746884215,0.03778874206429967,0.12197288408716386,0.07159952694351071,0.09373841178242379,0.09494499001617282,0.11597500882699878,0.9147388745879467,0.8157214902135419,0.8837236028920201,0.05824584421634673,0.08134262401991235,0.07125730806132564
0.178187,0.024955769,9.630678113964488e-05,0.085232121,-0.624324498,0.0123,0.0161,0.0193,0.0221,0.0249,0.0278,0.0305,0.0334,0.0381,0.0511,,0.3596576201106428,0.4204867151164118,0.723282554860077,0.046229796865929706,0.1481456464481913,0.06570594366187489,0.08572894119557892,0.11783775563813628,0.09849754863997866,0.9343876834856926,0.8656817203336802,0.9962853302514943,0.07086728863779936,0.08865730890685997,0.07175588542884281
0.177555,0.023443054,0.000103592,-0.003893812,-0.763049741,0.0095,0.0133,0.0173,0.0207,0.0239,0.0266,0.0294,0.0327,0.037,0.0468,,0.38382274495391944,0.4135884271437953,0.6824898460011026,0.048529476269318195,0.1128821548473409,0.07452867071273142,0.07018823893829033,0.09565358656667769,0.10656663280965643,0.9137975726729617,0.8345414420700882,0.8905531111888937,0.08724790626284286,0.0901274655315992,0.07147790800320274
0.179284,0.022233628,8.613429349056638e-05,0.2377890774651283,-0.374640265,0.0105,0.0138,0.0169,0.0193,0.0218,0.0243,0.0272,0.0303,0.0345,0.0504,,0.40755735802840704,0.4584711323010125,0.6107316051319083,0.0459735630989208,0.13910796229409436,0.05690402126229542,0.09377020479620332,0.11451952847610544,0.116429193263958,0.9510043028756643,0.8455160744764539,0.8363915278258105,0.0512855668205749,0.062229471594559264,0.0725405106501573
0.168936,0.025363195,9.134258980731782e-05,-0.040325107,-0.66256818,0.0123,0.0164,0.0196,0.0227,0.0254,0.0281,0.0311,0.0344,0.0379,0.0491,,0.37409956385683474,0.47367583557533904,0.5897273490926556,0.03899260453223829,0.12177793369728103,0.08590308790297158,0.0929302051782882,0.09180474439455043,0.12752256228872028,0.8739279561858845,0.9884043077163509,0.8551258428456824,0.08129240359263738,0.09787964555670993,0.07188182745792741
0.179755,0.024441557,9.83703841660542e-05,0.054814138,-0.663150904,0.0114,0.0153,0.0187,0.0216,0.0243,0.0272,0.0301,0.0334,0.0377,0.0505,,0.38891078465695095,0.48772252390746546,0.7032077428483233,0.04301474959419633,0.14243691423598914,0.08537050759052658,0.09604968766590062,0.10191123780433058,0.11414815638269796,0.9627594487828124,0.8666375007247193,0.9330659793456134,0.052541173949840356,0.07444572160585179,0.05915280303570012
0.174062,0.022512234,7.768639201197423e-05,0.076314055,-0.632884192,0.0106,0.0139,0.0171,0.0204,0.0227,0.0251,0.0277,0.0305,0.0342,0.0466,,0.4062610703262917,0.4155797501547588,0.9075230362849904,0.038759649517722206,0.13512066711871001,0.06502576967998844,0.07872305026790014,0.08669478541611525,0.12462831856810824,0.9289652141571908,0.8607781159883385,0.9378287983900837,0.08801836807400476,0.09019862527889354,0.09342188808450447
0.169949,0.027332474,0.000151556,0.1652358450559673,-0.670000593,0.0105,0.0156,0.0201,0.0238,0.0271,0.0301,0.0337,0.0388,0.0446,0.0588,,0.3876065967325658,0.4242939628170531,0.7819237447313563,0.04859115586975314,0.1300617779363477,0.06950145421875265,0.09739275674813078,0.09370811602374833,0.10422824468737561,0.986651259327598,0.8653433331918011,0.9733251088796789,0.089160009179041,0.08082031571463856,0.06948838725201739
0.125852,0.019896393,5.8313522703413534e-05,0.052290257,-0.652994518,0.0102,0.0127,0.0152,0.0178,0.0199,0.0219,0.0242,0.0271,0.0302,0.0402,,0.3916230980565048,0.4841566973139797,0.6906913805539593,0.03997845134479257,0.1247335317020956,0.07840018199745033,0.0690915153367555,0.11456336481099931,0.12911903340843361,0.877793759651453,0.946447108677371,0.8597074211109514,0.06545354476672231,0.07015203442780986,0.08682167517759297
0.118372,0.02193225,5.8445770805527133e-05,-0.105460861,-0.564035489,0.0117,0.0151,0.0177,0.0197,0.0221,0.0242,0.0263,0.029,0.0321,0.0389,,0.3821829385223155,0.42481120889647467,0.5981753343539616,0.0458899602875091,0.136834082199705,0.0661961111972629,0.09238532158278626,0.11317004301627297,0.12004740371321364,0.8547566078604806,0.8764384082402855,0.855881518394639,0.0707667635042361,0.0985370421151172,0.07377819660515801
0.128965,0.021345246,6.752081622084759e-05,0.036705168,-0.681011136,0.0102,0.0137,0.0165,0.0187,0.0212,0.0238,0.0262,0.0289,0.0323,0.043,,0.3693536745566255,0.4801884179009098,0.8335178939141956,0.04718986236014591,0.14148649259092072,0.06433755641482926,0.07982435994962897,0.10572534588095883,0.12145875036657075,0.9524830991568254,0.8215984605381018,0.8945843203454817,0.07495328582201834,0.0979254430532554,0.09400713767585957
0.133034,0.021938435,0.000109092,0.2457406178681128,-0.574377139,0.0085,0.0123,0.0154,0.0184,0.0213,0.0241,0.0273,0.0313,0.0369,0.0483,,0.3522803418996421,0.4203702259231309,0.5169491797857005,0.0401823720454282,0.11726243726939134,0.0858684395330626,0.07360666752764672,0.08216733860010839,0.11232771198673794,0.8482955526980441,0.9806609160484486,0.8435439771635497,0.08979545376351508,0.059800992613588407,0.09156595688807359
0.140379,0.021046464,6.931083233480915e-05,0.006531616,-0.759354127,0.0103,0.0131,0.016,0.0187,0.0211,0.0234,0.0261,0.0289,0.0321,0.0407,,0.41393339120631945,0.4297522911090717,0.8693397408838374,0.048052953683184366,0.12146052574461325,0.0745817848498578,0.09626586296105281,0.11228373049382416,0.12479749730366627,0.9723132383129048,0.9960449551877602,0.8552737738477515,0.07643975898235582,0.059229352615156536,0.08532239541079871
0.12489,0.020641192,6.807246953070083e-05,0.1189826916860303,-0.659681964,0.0102,0.0129,0.0158,0.0183,0.0204,0.0225,0.0251,0.0282,0.032,0.0404,,0.40343399023235854,0.46887307433862874,0.9323957796556972,0.048492414925597895,0.14439772372172074,0.08064385239206542,0.10177035225594944,0.09991350505241303,0.12770957346658332,0.964436254229327,0.8544820626234099,0.8256050925498387,0.08181553689760433,0.07686374292771216,0.09423576072096009
0.147914,0.021807314,7.735086706214079e-05,0.2652970794079525,-0.418218572,0.0102,0.0135,0.017,0.0191,0.0213,0.0237,0.0263,0.0298,0.0336,0.0446,,0.3791273393649858,0.45601635524238154,0.5275726712035482,0.04405330044147012,0.1158773816177308,0.06824028688887467,0.0927019864967253,0.08552864133018795,0.09925442400640344,0.8283383303609541,0.9057836711880618,0.9902152089818828,0.0778838077542682,0.06348554126286929,0.0738346375111176
0.135148,0.017518587,6.153260003992217e-05,0.007027768,-0.792685229,0.0063,0.0101,0.0124,0.0152,0.0174,0.02,0.0222,0.025,0.0281,0.0367,,0.38512050755607,0.4283329165600955,0.5106063007801414,0.04186467013176868,0.144580328294084,0.08288986330241939,0.08022944782770988,0.11120021223225787,0.10266147843095096,0.9009094505057871,0.9053090321460701,0.9903543561630683,0.05698881958832608,0.08391201907823038,0.09121553576988527
0.132948,0.019188593,5.196901595490737e-05,-0.006243292,-0.738407907,0.0095,0.0126,0.015,0.0172,0.0189,0.0213,0.0234,0.026,0.0292,0.0347,,0.3816004425684905,0.4027592093991671,0.6399758873683618,0.039737376970758805,0.13777737036296467,0.06361824618613124,0.06582453749078084,0.09306418213158887,0.13016769189883942,0.9866840449460086,0.8564562554252537,0.9794520183451432,0.05268965553680252,0.0557458786186561,0.06938999307101487
0.127348,0.018351746,7.034911925455468e-05,0.07231809,-0.719151372,0.0066,0.0108,0.0131,0.016,0.0185,0.0207,0.0232,0.0261,0.0296,0.0401,,0.38078657211794814,0.44005638853496765,0.6955291931829193,0.036267340044833694,0.13115935992869926,0.08601203296086078,0.08236762331174374,0.0819572849490413,0.10795848368364445,0.8538225527543376,0.9201696800050352,0.8598133457731055,0.07135310205925297,0.06114464682677815,0.059336813098708835
0.11356,0.016103193,5.272785432006039e-05,0.003049335,-0.802048906,0.0055,0.0092,0.0122,0.0137,0.0165,0.0182,0.0206,0.0229,0.0258,0.0347,,0.4028208418577752,0.4370134376689948,0.794437326440681,0.03846273903002074,0.13746746323676037,0.06344933416919438,0.0894132816933318,0.08347522644528849,0.13238391374077238,0.8749115804227379,0.9552979752834728,0.816684451444553,0.05635417766545866,0.06577219246406862,0.08444697451194841
0.102179,0.017281656,5.641980252632353e-05,0.058403415,-0.789842004,0.0077,0.0099,0.0129,0.0149,0.0176,0.0194,0.0222,0.024,0.0274,0.0354,,0.36038617970546777,0.4418336606192934,0.618552866629681,0.04153885588827979,0.14576405161792078,0.07984352251592203,0.09327850815825454,0.09809840765416879,0.11427320459069241,0.8708697113537569,0.8574233085106879,0.993813715011335,0.06872591095642533,0.07921757183730802,0.09309866257751222
0.103837,0.01664693,5.225219990959107e-05,0.059566879,-0.774705322,0.0076,0.0097,0.0127,0.0144,0.0171,0.0187,0.0208,0.0234,0.0267,0.0356,,0.375563884842025,0.44779244450775896,0.7235815943238757,0.037733487076223586,0.1388116913600734,0.051829663649657014,0.07632905327319749,0.09894641488299673,0.10793068790514994,0.8365262759892991,0.8757824700427882,0.8994469413889599,0.08993624788522762,0.07078523472592131,0.09075999095038328
0.104851,0.016227121,5.0934255074175585e-05,0.024147468,-0.853507843,0.0063,0.01,0.0119,0.0141,0.0162,0.0182,0.0207,0.0231,0.0257,0.0335,,0.39255283203840285,0.4528757052165324,0.574517725056581,0.04396532350925025,0.12824877058360815,0.07900266787514135,0.07522802256242768,0.09489708599122111,0.09772847878822394,0.9251870140497602,0.9764222072113606,0.9886997638195278,0.05173695330624204,0.05315494886088999,0.07607421862833304
0.107608,0.015047382,4.649580843763104e-05,0.01943842,-0.80991733,0.0051,0.0084,0.0112,0.013,0.0153,0.017,0.0192,0.0214,0.0242,0.0335,,0.3906309138735576,0.49037229189022985,0.573986539394963,0.03597389347049846,0.13043285831059057,0.062188765568202097,0.06749638767466214,0.10377943805316986,0.1159399163946973,0.909132478659159,0.8163938636219537,0.9558032724759107,0.07645408211523769,0.09233829552554283,0.0742871284181772
0.101914,0.016634328,5.470489970091109e-05,-0.06914134,-0.851033474,0.0056,0.0094,0.0124,0.0145,0.017,0.0189,0.0213,0.0235,0.0262,0.0344,,0.389745369272191,0.4494258676829561,0.5482310927221279,0.03623061044760922,0.1390333821471077,0.06651901252973275,0.07202300070470666,0.11500342086529847,0.13088300554374155,0.980159032744847,0.9472397869785447,0.9763469862436991,0.05174606564361534,0.06991532895171419,0.07838676486568891
0.101835,0.016847008,6.0817515196307976e-05,0.086982711,-0.791411171,0.0059,0.0097,0.0118,0.0145,0.0165,0.0191,0.0214,0.0242,0.0275,0.0372,,0.40561387989280745,0.47815678948298335,0.7718564531700114,0.042621241047058014,0.12855979956543626,0.05321692775119284,0.09530725895268845,0.08679354259141404,0.10232453302569247,0.9261296681062874,0.8529517292321082,0.9604284763965656,0.07489008792255529,0.06840128777968396,0.09267651054930297
0.120489,0.016796102,6.004471131471799e-05,0.1457554598960651,-0.621587702,0.006,0.0097,0.0119,0.0146,0.0166,0.019,0.0211,0.0235,0.0269,0.0372,,0.4120570402111559,0.4567130046702287,0.7523789511513895,0.04116763608593206,0.14161015073529948,0.06316288915582582,0.07272930636938983,0.09174202660364607,0.11747751057450151,0.8887006250011426,0.9874265448619659,0.8810576316745321,0.056514958280702465,0.07549624958927098,0.09050418506829115
0.104091,0.016702951,5.15728831010451e-05,0.013359992,-0.798523967,0.0073,0.0105,0.0124,0.015,0.0166,0.0188,0.0209,0.0235,0.0265,0.0334,,0.40197782729586257,0.4319826019877687,0.775360836105931,0.035353591348595316,0.14090509715063482,0.07663504644986414,0.09734308275094292,0.09035264066236805,0.10271277125489821,0.9199961953883589,0.8473853651352502,0.92863976386953,0.07652826354379043,0.07417686090597464,0.07333324683503989
0.116861,0.017161607,5.0788038527202495e-05,0.025059385,-0.844948362,0.0077,0.0108,0.0127,0.0153,0.017,0.0194,0.0215,0.0238,0.0272,0.0336,,0.36419830457728464,0.42270186447847424,0.9203475905161344,0.03731217804833995,0.14669140970481317,0.06766587874070844,0.07902714612180689,0.09261951252192101,0.12047455228167582,0.981215654963275,0.8476003732632795,0.9589040495755501,0.05509072497651408,0.08511971097310543,0.09031747187584353
0.091091,0.013743698,3.7797057318688266e-05,-0.01598029,-0.877195962,0.0055,0.008,0.0103,0.0124,0.0134,0.0159,0.0177,0.0198,0.0219,0.027,,0.41480339634728164,0.4728786133366158,0.8983908859171367,0.040540322052529346,0.1325675858229812,0.07906764319371425,0.09056234468464139,0.10127396217364096,0.10919545522127605,0.9698762759771371,0.8317424893071318,0.8553431688489812,0.08905644740870362,0.09668132033258932,0.08360994079886593
0.096239,0.014667918,4.470128789575328e-05,-0.010448821,-0.923978694,0.0055,0.0081,0.0104,0.0126,0.0147,0.0172,0.0187,0.0212,0.0237,0.0294,,0.406106265359734,0.4184476706989647,0.9108890360147982,0.04708778360895253,0.12092157138563232,0.07527179814602993,0.07560715312249444,0.08623158093027906,0.13091136455006347,0.8689732486457217,0.9561390599990625,0.8690269107324404,0.08842178069694204,0.061971690551563215,0.058278986056924414
0.090131,0.016007764,5.3513927568586285e-05,0.033463882,-0.800218662,0.0053,0.0089,0.0118,0.0134,0.0161,0.0179,0.0206,0.0229,0.0258,0.034,,0.3971160228040458,0.42027315532891507,0.7977357619228649,0.04746899564714275,0.1346913418888781,0.06330900799716731,0.08539113668824674,0.11891960836123604,0.1296301861651282,0.8781131007258,0.9085649309420168,0.9391904729445137,0.05261652200624726,0.09056530571976956,0.09544766110966867
0.096181,0.014626228,4.611043058356297e-05,0.084423265,-0.800192536,0.0057,0.008,0.0105,0.0124,0.0146,0.0166,0.0184,0.0209,0.0238,0.0311,,0.3709771861866437,0.4488428984890926,0.5598270596425318,0.046025720747458455,0.12042634236348074,0.056941915928594794,0.07853195378287396,0.08959542521779745,0.09988833535960338,0.9187799880998149,0.941813369502356,0.8864184855779976,0.06766209823263125,0.07846183579922217,0.09604906812544269
0.107569,0.016046633,5.423730378772216e-05,0.1012328357431963,-0.729509429,0.0065,0.0093,0.0117,0.0138,0.0159,0.0178,0.0203,0.0229,0.026,0.0334,,0.3525033404006539,0.49611410645244775,0.7364806392153573,0.043987041304870654,0.1325710695243041,0.07131865928695004,0.10309425822135461,0.10395961214332707,0.09984633396414232,0.9967234676431247,0.8111336421974162,0.9208536203716458,0.07294013609225106,0.06390849974630904,0.08201309743430676
0.113337,0.016287058,5.268718372611986e-05,-0.056530101,-0.889404552,0.0064,0.0099,0.0118,0.0142,0.0167,0.0183,0.0209,0.0233,0.026,0.0317,,0.40706372627851795,0.42984836090321965,0.6868463028147868,0.04946131429201184,0.1336951151719766,0.06844631301743835,0.09900527705317928,0.08299395554793124,0.12792752799703544,0.9655333657101836,0.8087952515539982,0.8804655750731204,0.05571662357311017,0.07498590072369002,0.09901649831219225
0.110701,0.015685759,5.002180051231965e-05,0.015325114,-0.785280687,0.0053,0.0088,0.0116,0.0136,0.0159,0.0178,0.0201,0.0223,0.0251,0.0335,,0.4009581013315153,0.4357520067123022,0.9265707358964542,0.04752347401184308,0.1461484719321044,0.05088557151127089,0.08756656751841384,0.09687390608264076,0.12198764282501921,0.9938793941535957,0.8401728450378908,0.8969706039974092,0.08148723254887912,0.053320759661803704,0.09640789810225286
0.124529,0.016462068,5.664894687349114e-05,0.077705566,-0.688944813,0.0057,0.0094,0.0118,0.0142,0.0165,0.0186,0.0206,0.0232,0.0267,0.0359,,0.4106910997291626,0.44349675011075457,0.9240300884938192,0.037147966436219156,0.14137936691589234,0.05096625212645006,0.08483160063489609,0.11139213410756287,0.11869525804693676,0.9570067181020235,0.8590215078869097,0.9280795222460917,0.08732847145921804,0.07634117668253305,0.08221422719379419
0.097871,0.015696325,5.395526334499961e-05,0.1766824423463655,-0.541168414,0.0056,0.0089,0.0113,0.0134,0.0157,0.0177,0.0197,0.0222,0.0255,0.0389,,0.4023002235285113,0.4437442470617579,0.6793664943398949,0.04108992582334155,0.11589173791828374,0.062445463846558524,0.10269596617214864,0.09805045291053374,0.09918356202515578,0.9185994642639047,0.8659917204472344,0.810529726195389,0.07114884482327535,0.052739960324097925,0.08760148005740641
0.20841,0.029087525,9.473103251859796e-05,-0.107239246,-0.242458074,0.0175,0.0212,0.0242,0.0271,0.0299,0.0324,0.0349,0.0379,0.0418,0.0525,,0.378672909599413,0.4517390029670933,0.5744754173763199,0.04606251693191771,0.11879480075936309,0.0683147497369024,0.0839114608171516,0.11838585044610248,0.09928737377379676,0.854313816451531,0.9366369076372344,0.9758439581818075,0.05220990952024876,0.05963156824177581,0.05926260890439848
0.192162,0.028005295,9.432096114934024e-05,-0.136736078,-0.542238019,0.0149,0.0191,0.0225,0.0256,0.0283,0.0309,0.0335,0.0362,0.0409,0.0503,,0.41631920882512236,0.41340590565974045,0.8038699393629358,0.047302972657772085,0.13530300556976185,0.06584031898653975,0.06729477948590624,0.08452427265861857,0.12951868294186655,0.9841605253956898,0.9814580841798861,0.8456287435286435,0.09385261729965096,0.08719867892392044,0.07028266541665529
0.193894,0.027487287,9.664526207799984e-05,0.090732277,-0.276342036,0.0144,0.0183,0.0218,0.0246,0.0275,0.0303,0.0331,0.0361,0.0399,0.0562,,0.3586475596292005,0.40641580485573336,0.5123832263374531,0.04437810328131733,0.14695497660874823,0.08240598732532384,0.06596855417786038,0.09526291549901394,0.12712070933814357,0.8514961575802766,0.9170580309768047,0.8841622683013081,0.06363340711671676,0.07589672126112812,0.0879485470891532
0.190773,0.027057892,9.263519156221826e-05,0.01088996,-0.461808446,0.0145,0.0186,0.0216,0.0245,0.0273,0.0299,0.0327,0.0356,0.0392,0.0514,,0.41195434431266853,0.4683776252411485,0.7074974808152109,0.03539777539476037,0.12335572733966449,0.05652362393276209,0.07137131192150854,0.09801789649270592,0.13062418392020958,0.9959775272171616,0.8518098575361077,0.8356028789321347,0.06098850102403636,0.054354308176532994,0.06873599370585537
0.199363,0.026710773,9.23520977790147e-05,-0.063040751,-0.614872783,0.0136,0.0177,0.0211,0.024,0.0268,0.0295,0.0322,0.0355,0.0394,0.0492,,0.3793837448922086,0.4388863326583127,0.5221047071738768,0.04043162200417224,0.14186712914999092,0.08003654993947554,0.06591700160945078,0.10312388492961765,0.13236131856217648,0.8436603285334972,0.9449372240396554,0.9765501728437058,0.05079164853518713,0.07988343387855461,0.07404151412689755
0.18869,0.027471996,9.494055739923904e-05,-0.034443285,-0.603725595,0.0145,0.0185,0.0217,0.0244,0.0274,0.0301,0.033,0.0364,0.0408,0.0497,,0.37327630017096025,0.4292245912090648,0.8909613503702984,0.04712958516229856,0.14452175785794524,0.08573908999802894,0.07196258292109754,0.08462800802018738,0.11326780148229397,0.9301792370367177,0.9674864872600155,0.9791889959489676,0.06564954374127949,0.05264176447974364,0.058882817396666884
0.196942,0.02574759,8.109361564507854e-05,-0.004593806,-0.401939558,0.014,0.0178,0.0207,0.0232,0.0258,0.0281,0.0308,0.0336,0.0374,0.0506,,0.35221534317139236,0.443765861397145,0.8688779305618711,0.03749495308708751,0.13260417779697836,0.06438783340537751,0.07936541770087253,0.11591319561431761,0.13054538783481262,0.8716330890686877,0.8758885173994463,0.986249166594834,0.0620629729457092,0.08670289282320731,0.0704076899821831
0.202406,0.029044807,0.000102729,-0.000471034,-0.341116013,0.0154,0.0198,0.0234,0.0267,0.0296,0.032,0.0348,0.0377,0.0423,0.0573,,0.40203294474543183,0.4633441769247652,0.8921102889701101,0.03626560896077896,0.11585470201053732,0.06426928569392229,0.0759243314422073,0.10389403844028645,0.09825763124343953,0.8630446269031321,0.9229180132354965,0.8226009853065491,0.07855610410213384,0.06265064040125361,0.058543574118202595
0.170565,0.026954047,0.00015049,0.2284140703150127,-0.290424625,0.0103,0.0164,0.02,0.0235,0.0267,0.0302,0.0336,0.0373,0.0431,0.0623,,0.36173046956063276,0.4337568303117957,0.7422850364315488,0.03752765090918721,0.13289320613943253,0.06772003309118499,0.08647259945813839,0.08525333377502688,0.09832228911621409,0.8910807511855358,0.9463244947141436,0.9169909557582863,0.059422430809577036,0.06467254915657877,0.06327966806576407
0.206089,0.028016277,8.495411355108054e-05,-0.193052421,-0.496276943,0.0153,0.0193,0.0227,0.0258,0.0286,0.0313,0.0338,0.0363,0.04,0.0483,,0.3701524653947704,0.410957512932048,0.7256857712663878,0.03617361079917135,0.14384449372517422,0.058063723373305315,0.08275089941206556,0.10481167537130198,0.11110818391776565,0.8399222533041377,0.9902551094879036,0.9890788262438451,0.08573142478616658,0.059646937849480254,0.08292309262088496
0.100423,0.02200689,6.967225702416758e-05,0.092166709,-0.556590807,0.011,0.0144,0.0173,0.0193,0.0215,0.0242,0.0272,0.03,0.033,0.0443,,0.3897457283202728,0.43100594761137223,0.8709370948683003,0.04344611315737839,0.14000635093202154,0.06490124117447053,0.06850990144194294,0.09826891780289025,0.10772477025734158,0.832613978601407,0.993526237310583,0.8616038572982659,0.076973350146972,0.063130583149418,0.07790014953423051
0.102457,0.021950007,5.268546091511433e-05,-0.243573776,-0.327738505,0.0122,0.0155,0.0184,0.0203,0.0224,0.0245,0.0263,0.0283,0.0312,0.0398,,0.40237625226174,0.4113131389996326,0.7633758376757579,0.04855682769776178,0.12402983169844355,0.06284498053671243,0.07735406702267132,0.09903059829667304,0.11878519362320474,0.9457387112456057,0.9915043742890571,0.9443267158144942,0.09432767436756795,0.053450348841836956,0.06413427615579366
0.103084,0.020974131,5.705438495142072e-05,-0.117419366,-0.674712577,0.0107,0.0139,0.0165,0.0191,0.0212,0.0232,0.0256,0.0279,0.0309,0.0372,,0.35527341437083976,0.4798649259494774,0.9347413391262895,0.041389088611471725,0.14066791357057049,0.05588955076535243,0.06870075701920214,0.11372532451840088,0.11140795401494674,0.9519316573247627,0.8425368099567181,0.9445477996714543,0.0712515629545399,0.09681015260787681,0.06289645981210965
0.114842,0.017615069,6.0897500198220696e-05,-0.063655396,-0.881014502,0.0073,0.0099,0.0128,0.0156,0.0176,0.0204,0.0224,0.0252,0.0279,0.0344,,0.41688771309426126,0.46536883642773463,0.7751445276039745,0.04202591043793854,0.14702447096783883,0.07507388079506261,0.09736756328824776,0.08848770671548797,0.10744145861470128,0.8871376209739728,0.8330124952381321,0.9253893175691542,0.0890890261918253,0.05382284451060652,0.06422084828436529
0.115144,0.019545974,7.597163875666252e-05,-0.035722081,-0.835784394,0.007,0.0113,0.0143,0.0173,0.0195,0.0222,0.0248,0.0278,0.0313,0.0389,,0.382665207114476,0.4939336707072826,0.5870612137501504,0.044994081122323705,0.1479752580738889,0.061876471041824026,0.06975867120558499,0.11429462162800379,0.10216501967956083,0.8977618520463266,0.8340163118767074,0.870000320540028,0.0526498274003466,0.09869670280050392,0.09273013265149845
0.099846,0.01584422,5.397310895512215e-05,0.045510612,-0.859436888,0.0062,0.0085,0.0113,0.0132,0.016,0.0183,0.0201,0.0229,0.0261,0.0325,,0.37343210986247327,0.472429402272422,0.669359308740853,0.0382857045920641,0.12429601884663692,0.08429576001500483,0.0855571302765703,0.09165313604933502,0.1279341590029362,0.8104314304787684,0.8627242995392885,0.8758450191524899,0.07295794913001927,0.09758161282022214,0.09368876166072276
0.116994,0.019277578,6.994962715076116e-05,-0.110302878,-0.825154925,0.007,0.0111,0.0145,0.017,0.0198,0.022,0.0246,0.0271,0.0306,0.0367,,0.38820403793996494,0.4138483918043597,0.8400630116767014,0.04758201062882646,0.12863473981439033,0.07880764423142633,0.07915402905733401,0.0810798054391391,0.13337108963984284,0.9031490891892895,0.9469963265385677,0.9591537344441982,0.06563254304802632,0.09667005946732928,0.05968636956836716
0.118242,0.018115085,6.355434637305171e-05,-0.057407255,-0.787487289,0.0065,0.0104,0.0135,0.0158,0.0183,0.0206,0.023,0.0256,0.0286,0.0366,,0.39658190653426145,0.4529826505209116,0.6174426086426903,0.04169585474530067,0.13114856256388635,0.080012498667952,0.07243845463026398,0.08943392369158282,0.10096666437534513,0.852427912414759,0.9014323165849785,0.8392267874739959,0.07165977942976623,0.09102084692683088,0.08496664364695915
0.116324,0.021600867,5.398771684635203e-05,-0.276588192,-0.50738161,0.0114,0.015,0.0174,0.02,0.0218,0.024,0.0262,0.0287,0.0312,0.0368,,0.3998194866632737,0.4253344195576252,0.9197175532954672,0.04304728539124855,0.1428602706743786,0.08532851832643613,0.09367382739299288,0.11819503323751894,0.1326720060658292,0.8250069700374889,0.8253444504651988,0.9509856459282807,0.053458439445835636,0.09084963565992615,0.09668181362182063
0.116662,0.018920812,7.211269446681278e-05,-0.013581692,-0.780055784,0.0067,0.0111,0.0134,0.017,0.019,0.0213,0.0244,0.0269,0.0301,0.0394,,0.39680180470666593,0.4873771010245252,0.6097851633545067,0.03827543695720511,0.13481555366329676,0.06581635505382538,0.09521695592803832,0.11176631748629676,0.11653234019704617,0.8683692039182903,0.9327405955988516,0.8688508464590845,0.08209964083509037,0.06054375703866033,0.08809991328971518
0.203206,0.027397472,8.730328570986342e-05,-0.155485952,-0.572850805,0.0146,0.0187,0.0221,0.0248,0.0275,0.0302,0.033,0.0361,0.0398,0.0492,,0.350806883098662,0.49798669338515456,0.8745801913784296,0.04437832753307388,0.14836001098095775,0.06553555844919613,0.07894797132818239,0.10157266356020651,0.10506579983723487,0.9313078646629487,0.8768777339609002,0.9970421626213171,0.06972439440242983,0.07118320208996305,0.07058880489454576
0.221103,0.032610705,0.000120532,-0.132419982,-0.496180767,0.018,0.023,0.0265,0.0296,0.0329,0.0357,0.0389,0.0428,0.0468,0.0586,,0.37456268979064933,0.4881928886109519,0.7000241075191895,0.04746250376937725,0.13547448756620772,0.08376410540593157,0.0838232252579135,0.11745291375224375,0.11552195030629213,0.9816182075175832,0.8088772922670175,0.9851193562442145,0.08441281717205612,0.06578407268964698,0.09895112039227415
0.202479,0.029109013,9.800920253864553e-05,-0.12358575,-0.512857358,0.0158,0.02,0.0236,0.0265,0.0292,0.032,0.0349,0.0382,0.0422,0.0537,,0.408868242469247,0.4576533071389671,0.917271414321078,0.03952516293297828,0.14258826404930522,0.05836205606504136,0.07909675035658223,0.08406632012362092,0.1203317321006248,0.9449582028852415,0.8476865914231503,0.9379107808977795,0.05441738974538855,0.062366365693946706,0.0978959611695059
0.208017,0.03031511,0.00010364,-0.120776745,-0.43734397,0.0167,0.0211,0.0246,0.0276,0.0303,0.0329,0.0358,0.0396,0.0434,0.054,,0.35985648146852545,0.4366757795586427,0.6938528791881287,0.04742677074538282,0.13753327522850436,0.05220338760843179,0.06861582304684972,0.10573927937401045,0.10970418845630216,0.9715205848473825,0.8773165900141033,0.9151799388254428,0.08743450720158169,0.06780307506366083,0.06373646937385637
0.213498,0.030628078,9.84122395120502e-05,-0.414076811,-0.212783453,0.0178,0.0222,0.0255,0.0285,0.0313,0.034,0.0366,0.0394,0.0429,0.0508,,0.4120150742258024,0.4417629596782181,0.5603859649317469,0.041355557428683354,0.1164056936287763,0.05732760270342231,0.07122507076433834,0.0844873392196639,0.103264784628724,0.8134832951993716,0.8734648463708101,0.948017203628941,0.07292224761585224,0.08503596064037919,0.0796551781557512
0.208371,0.029244503,8.732524828457276e-05,-0.275550304,-0.350657697,0.0167,0.0207,0.0239,0.0271,0.0297,0.0324,0.0349,0.0373,0.0413,0.0498,,0.3849183961565519,0.43520805759850334,0.8203328781747696,0.04488370894621603,0.12449287785279327,0.060218653984962074,0.07706808848705533,0.08899225987169031,0.1242768703361391,0.8474809465011204,0.9488659241750955,0.9630403922780706,0.054815207085807435,0.06793279821292854,0.06036868780658585
0.208681,0.028944964,9.690786357594837e-05,-0.125935716,-0.461970996,0.0158,0.0205,0.0237,0.0267,0.0295,0.032,0.0349,0.038,0.0419,0.0526,,0.41396418292082854,0.4225082179740509,0.6132518587901755,0.048875573513966916,0.12796857214868193,0.0848545270868453,0.08016264309737224,0.11181103297358033,0.10731760394921176,0.8848233485548417,0.968995140920773,0.9454433108983593,0.07331774519562169,0.059291245138321805,0.08311655863328686
0.213812,0.02985889,0.000100614,-0.15418033,-0.486557737,0.0163,0.0207,0.024,0.0271,0.0299,0.0328,0.0356,0.039,0.0428,0.0546,,0.4159561924515648,0.41800749793091424,0.7836620976213541,0.04397769122999539,0.12858143832507066,0.08499941073016291,0.0944429751800966,0.1064996604561897,0.11301008699472105,0.8360331610575095,0.8278650561026166,0.8475373438716273,0.06916477088438287,0.052146188104874806,0.09754369722920173
0.205497,0.024197667,6.730240140916589e-05,-0.202418474,-0.589771296,0.0125,0.017,0.0194,0.022,0.0247,0.0276,0.0294,0.0316,0.0346,0.044,,0.37897697628392274,0.42956005845896056,0.5934979617506366,0.046540925801729624,0.13413553894656752,0.06274024543407282,0.06744098884839372,0.09533716913349674,0.10147908489808556,0.9667020053508367,0.8213009929612904,0.9919613627293944,0.09396067488903741,0.09525760406912118,0.08707855369978137
0.208082,0.026900073,8.572376484020445e-05,-0.153130327,-0.649561092,0.0141,0.0179,0.0215,0.0244,0.0274,0.0304,0.0329,0.0356,0.039,0.0482,,0.41174478455586133,0.49703642797839,0.7474671217683145,0.04303057027725063,0.1325728488918294,0.052076049525204185,0.08591693683666234,0.0963618588686196,0.11331928712031715,0.9892153411695991,0.854980699105092,0.9186768661180924,0.08801794421629303,0.08201332364999186,0.07066167522424852
0.175962,0.024151545,9.883364961154924e-05,0.096095497,-0.649809413,0.0108,0.0146,0.0178,0.0211,0.0241,0.0271,0.0302,0.0333,0.0374,0.0482,,0.3648551057126508,0.42933577897582986,0.6084789273909386,0.04092079523355394,0.14394274941420462,0.05266296698023205,0.07839315471186117,0.09222402550291925,0.11204124475996873,0.8373473597995534,0.906052025697467,0.8203933844574766,0.09002269291361405,0.0805098020692195,0.06090266684155938
0.176828,0.022185728,7.95589097607646e-05,-0.0314606,-0.755582412,0.0096,0.0136,0.0171,0.0196,0.0222,0.0249,0.0279,0.0304,0.0341,0.0437,,0.4102403935614977,0.4798530986224793,0.9252016682350453,0.04176545057577683,0.11271449838959385,0.07846521732181222,0.10178827481275095,0.08694564387276582,0.12336028849364786,0.8493591074421859,0.909961232098065,0.850862765276224,0.05797985597769649,0.07287542605424338,0.08392332203716188
0.17673,0.022448844,7.545886596484146e-05,-0.105138841,-0.815240434,0.01,0.0142,0.017,0.0198,0.023,0.0253,0.0279,0.0307,0.0337,0.0422,,0.3983833283575559,0.48301049914797806,0.78582614764423,0.0390023307298145,0.12415718432218956,0.05207222165424107,0.06728455680877499,0.11318241671327138,0.10762995075512886,0.8982137071607664,0.8061953891152531,0.9060942586910136,0.06934811834880586,0.097837353474539,0.07485047987932285
0.174175,0.021762335,6.933928969743905e-05,-0.039862807,-0.655274661,0.0098,0.0141,0.017,0.0193,0.0219,0.0245,0.0268,0.0292,0.0325,0.0431,,0.41862907025274704,0.43859378706663593,0.6923926350068141,0.042844117738738155,0.12966327944390277,0.05609151359670266,0.09625253495465409,0.089007539257231,0.12714494505565022,0.8096153617268859,0.8759675354554745,0.9315883096375649,0.07265735429317605,0.05782231459280918,0.09411669641070214
0.170301,0.020204148,6.867340715400071e-05,0.048245089,-0.710488052,0.0093,0.0127,0.0152,0.0175,0.0205,0.0225,0.0248,0.0281,0.0312,0.0411,,0.3877587727299345,0.49365995858524453,0.6367299993078687,0.03880930878192803,0.1474781028862716,0.05307386154208875,0.08995920115516821,0.0825174465363975,0.11399553970677268,0.9923437416693657,0.8635713689344924,0.8987071243413887,0.08350492957979914,0.07163054491625942,0.061178513101529504
0.188957,0.021017181,8.404144500820771e-05,0.014150972,-0.633770966,0.0087,0.0122,0.0157,0.0182,0.021,0.024,0.0268,0.0294,0.033,0.0474,,0.39744764907904395,0.46167058295844005,0.7097337380066892,0.048129243297520025,0.14783106555321576,0.05523272821624656,0.08031446917883861,0.09982967457722788,0.09599289713111546,0.937134923454611,0.8981545471096879,0.8123790470724535,0.07942563446286262,0.08976611378456231,0.0949722046636844
0.17689,0.023179609,9.103464221982124e-05,0.1328127510780745,-0.490728795,0.0109,0.0144,0.0178,0.0206,0.0231,0.0257,0.0284,0.0314,0.0357,0.0509,,0.38561872633028504,0.4137718143157627,0.6484311906653475,0.04450292552363364,0.12522149657006218,0.0814683298338255,0.08590239219647601,0.11644188113167804,0.13398684350046566,0.8830954131183916,0.8851589056303278,0.8823053392588499,0.08196605720223421,0.06572497800821168,0.06396409077409415
0.178455,0.020806821,8.424753746022863e-05,0.034848736,-0.656565561,0.008,0.0121,0.0155,0.018,0.0208,0.0236,0.0262,0.0288,0.0327,0.0428,,0.35724756830304694,0.4870576413114442,0.7214296322485312,0.046045895770972456,0.13186555271711042,0.08001249198688747,0.06849758958013756,0.10533633355490173,0.13349289775791587,0.8076680051540965,0.8197493999788061,0.8178027318389736,0.05986519897217617,0.07519269745108806,0.07507864803011084
0.178043,0.02527707,0.000131298,0.291414013,-0.356522787,0.0099,0.0145,0.0186,0.022,0.0249,0.0281,0.031,0.0352,0.0406,0.059,,0.41164464440342124,0.4053051882756116,0.5267230089338382,0.04296349712541462,0.13188423599739857,0.07732202946317673,0.06640864041392741,0.1057514371218368,0.11800437917026729,0.8926819833194697,0.8499408448204804,0.9545109902229062,0.06870748424035555,0.07750749464302693,0.0637789723946584
0.168189,0.020214648,5.666558524863993e-05,-0.140898696,-0.84307587,0.0096,0.0131,0.0157,0.0182,0.0204,0.0227,0.025,0.0275,0.0305,0.0351,,0.3603428993619615,0.42026039328327686,0.5592510369045529,0.03744507778434172,0.12278634844837037,0.07553999722918522,0.08914470761986154,0.10354766300380659,0.11370716807510309,0.8202266362506372,0.9502643598690544,0.8694993857735818,0.08471029297738286,0.08788774980608247,0.09447903740602703
0.195705,0.021321673,8.367326888163374e-05,-0.010787369,-0.677234171,0.0086,0.0124,0.0163,0.0189,0.0215,0.024,0.0268,0.0298,0.0333,0.0443,,0.39599134265159364,0.41635185105243,0.8097383391104975,0.04890224746287336,0.1311909317790796,0.07102761106917074,0.10386373112713995,0.08520223740737623,0.10918507928087125,0.8046741422831972,0.9683780427460905,0.8605638787357428,0.06832129547823673,0.06284828743313133,0.07864936225611618
0.201783,0.022519187,7.700691899881216e-05,-0.114069046,-0.787700205,0.0098,0.0142,0.0172,0.0207,0.0229,0.0252,0.0278,0.031,0.0338,0.0417,,0.35872503458391863,0.4887430942260098,0.6727074288698439,0.041962203050529,0.12115630182512813,0.0505511773038314,0.09225950931438837,0.09285955852076162,0.12791395495479763,0.8955114347454841,0.8327082225030822,0.8489362025971089,0.07642463487385555,0.055537393355097366,0.08061403513837784
0.192574,0.024459499,0.000103756,-0.021018076,-0.698933609,0.011,0.015,0.0188,0.022,0.025,0.0279,0.0308,0.0337,0.0377,0.0515,,0.41465154385748815,0.4326529213391115,0.8931334000568372,0.041008555280098315,0.13112537069139774,0.07389069647963772,0.0861871324860749,0.08516972603357764,0.1296991987321297,0.8502816916825335,0.9157326524937889,0.8924352765590678,0.06674370641446452,0.05806121206325751,0.07251929061410715
0.18117,0.020149116,7.778573848671751e-05,0.042454114,-0.632856374,0.0079,0.0118,0.0151,0.0176,0.02,0.0227,0.0253,0.0279,0.0316,0.0428,,0.39559808280803377,0.4876571886487256,0.8098585286996766,0.03704360949564896,0.12645926714782002,0.0702522342397671,0.09759986904300395,0.08985325575440528,0.13167476353192084,0.9761913689183676,0.8484216816014444,0.8308338907023833,0.08829575353569134,0.0581894990152125,0.06901716089236076
0.195252,0.02302468,9.33629081205748e-05,-0.134448158,-0.774038184,0.0093,0.0137,0.0178,0.0206,0.0234,0.0264,0.0292,0.0319,0.0356,0.0444,,0.4076344904135796,0.47924933537311903,0.9058187860942327,0.04680043368164574,0.11689624237839355,0.057741052438233756,0.09662207909767329,0.08635738873373629,0.10538988555754761,0.9269098775697986,0.9355819881939362,0.8419319709513864,0.08943819631109377,0.08321809486679552,0.07825423093870715
0.18583,0.0199361,7.895918832636628e-05,0.1554029058546629,-0.409439292,0.0084,0.0119,0.0146,0.0173,0.0197,0.0221,0.0246,0.0279,0.0312,0.0494,,0.37159268437992243,0.49061201755372347,0.8417790109401097,0.03791258217438923,0.1400145438066523,0.07661308361517279,0.0898408901648957,0.08652634451964088,0.13351831641898562,0.8094754867796948,0.8546770457843023,0.8610991377190665,0.06733832200524628,0.06660147778720663,0.09723332965095163
0.196748,0.021201033,5.7910074562652086e-05,-0.042977272,-0.630029134,0.0112,0.0138,0.0169,0.0192,0.0212,0.0234,0.0258,0.0282,0.0313,0.0401,,0.4019886426807574,0.4823790943447279,0.8608548112333703,0.047022574232329646,0.13061178093014472,0.0822771680395077,0.09683250958335438,0.09829730244898405,0.11997503062038625,0.8890659141882006,0.8222161407324927,0.9439957993269378,0.09159178988462485,0.07140185294312561,0.08080585020174035
0.181353,0.02154539,9.274201967289934e-05,0.032689312,-0.759138138,0.0083,0.012,0.016,0.0187,0.0214,0.0242,0.0275,0.0304,0.0347,0.0437,,0.39371611560122816,0.4829807967743002,0.5945594820849911,0.0467221685321894,0.12895365482518362,0.07861593674513581,0.08515854507553554,0.11034504962882699,0.10619604274202263,0.870775787829395,0.9660958356036705,0.870780921742792,0.06994266767029378,0.05702179689651694,0.06997870686617007
0.197389,0.020570139,7.152350547343142e-05,-0.034829493,-0.752633932,0.0086,0.0129,0.0154,0.0182,0.021,0.023,0.0257,0.0286,0.0317,0.0412,,0.39669816602187413,0.43486944798320415,0.7877279657952748,0.035832901961785714,0.1221786427919455,0.05334543489424255,0.0821179267767686,0.09836026829661063,0.10092027545052087,0.8869984384898266,0.8921397995109538,0.9440645367062748,0.06116332714872032,0.08834845469992775,0.0892842473757718
0.192022,0.023028594,8.876283207509843e-05,0.049435218,-0.599769548,0.0106,0.0143,0.0175,0.0203,0.0229,0.0256,0.0285,0.0312,0.0355,0.0499,,0.41114861225314314,0.4162483463321421,0.8762212153352344,0.036952282682462576,0.11446499750405989,0.07374285137825795,0.07133746171581765,0.10266197381553854,0.09831732479905263,0.9759391679691259,0.9061659680104731,0.9232821054025949,0.09222462350742444,0.08015749188392689,0.08197756582645727
0.184985,0.022475244,8.835028927379073e-05,-0.166431611,-0.798626181,0.009,0.013,0.0175,0.0201,0.0228,0.0258,0.0288,0.0315,0.0344,0.0445,,0.3608197956893537,0.4640561553974491,0.8717568895906839,0.04358186298119888,0.11534482776723155,0.07719972735369311,0.08663256643737909,0.09889717560816302,0.11576693104038659,0.9094265997738988,0.9858963387082356,0.9816784172782226,0.0874980057592263,0.0934102379543741,0.06798343777847683
0.181396,0.021262407,8.516863215582443e-05,-0.009777639,-0.69969009,0.0086,0.0123,0.0164,0.0191,0.0214,0.0237,0.0267,0.0298,0.0338,0.0453,,0.3813022975927168,0.431759921854244,0.8778701589646546,0.04699663822839404,0.1352956754919234,0.0755246798797491,0.07606479970726553,0.09084351742138051,0.09923614873958292,0.9815978476751724,0.9662489642187865,0.9225232138472743,0.08750790011394906,0.06485443951198998,0.08212333244812663
0.194211,0.022769219,9.689163477064298e-05,0.011784002,-0.698241893,0.0097,0.0136,0.017,0.0199,0.0227,0.0253,0.0283,0.0319,0.0364,0.0491,,0.40654113249311,0.47629640680365226,0.5819496247983191,0.04402394235883725,0.14556312313012904,0.05490518687256248,0.06564519810772391,0.09777881541576625,0.1275472186783646,0.9486034532334626,0.9070488439161041,0.9712139113790137,0.09038686926887038,0.07392907595653407,0.06865191672329103
0.185795,0.023698436,9.810061690487188e-05,-0.115436079,-0.846594099,0.0095,0.0146,0.0179,0.0208,0.0241,0.027,0.0298,0.0333,0.0368,0.0433,,0.41712000741575117,0.4613120079523026,0.6636625387556286,0.044247526622283345,0.12399537821255513,0.061787471610188154,0.0964161792747833,0.10252890190247985,0.11910612672182186,0.8452552954550228,0.8429706591329689,0.9799558942443323,0.06266594583496085,0.07438831575292472,0.0773035309641893
0.193884,0.025152214,9.172471422833636e-05,-0.028111014,-0.709158763,0.0119,0.0162,0.0194,0.0226,0.0254,0.0281,0.031,0.0338,0.0377,0.0472,,0.40249541891973023,0.4142329335226725,0.618002798690602,0.037720224042185085,0.13446961797441578,0.08045647718221816,0.09237142908260416,0.08351270048229308,0.12734785792818148,0.8202044780032611,0.9168958780067595,0.8065667640950144,0.08188918686673706,0.08736331251095474,0.07430862186350161
0.191328,0.024593922,0.000105076,0.079719463,-0.710120514,0.0109,0.0148,0.0182,0.0213,0.0242,0.0275,0.0308,0.0342,0.0385,0.0485,,0.4125854354228218,0.4482428663300275,0.8018108935133769,0.03588178719222963,0.12109391513852061,0.07142745334696939,0.078908432553408,0.0917338376941573,0.1125435643037561,0.8383198223984708,0.8558732369222917,0.9638119349403201,0.08312384581530129,0.07765065454624087,0.09577290595044158
0.190226,0.027969853,0.0001257,0.017308684,-0.758766354,0.0126,0.0176,0.0216,0.0248,0.028,0.0314,0.0346,0.0385,0.0434,0.0528,,0.4081783556392835,0.44057740647590476,0.6835446528535709,0.04547459849111495,0.1402207523393768,0.057999468264245506,0.10265148029916005,0.10791075817299231,0.13354337977119166,0.8952656580269476,0.9781855062028666,0.9454516427629008,0.07630718214772685,0.0926656077311791,0.06334018312114971
0.1796,0.023638835,0.000103659,-0.064539739,-0.745175772,0.0097,0.0138,0.0174,0.0207,0.024,0.027,0.0302,0.0333,0.0369,0.0483,,0.3559676869061819,0.4426820506555484,0.6690432935035258,0.04498047170366653,0.1262600714652912,0.08556357323675755,0.09985579758139584,0.10678776907260266,0.12329127184127159,0.9727999641656626,0.8436841916514057,0.8186106198748608,0.07931989771010758,0.06757274102463985,0.07270915530664804
0.189242,0.021452017,7.809952419789497e-05,0.064040767,-0.681813715,0.0092,0.0136,0.0161,0.0184,0.0216,0.0241,0.0266,0.0293,0.0334,0.0424,,0.3750789990791087,0.42562803274454586,0.6548331244184055,0.040662889946075746,0.11437897760977048,0.07449068847505132,0.10169674837680122,0.11393471143230421,0.11190636803429249,0.8141964299954331,0.8263809946105943,0.9236562129863372,0.06459523765369336,0.08279538782604919,0.08317018061047776
0.194315,0.022472684,9.286798678048616e-05,-0.011737948,-0.652419176,0.0097,0.0134,0.0168,0.0197,0.0224,0.0252,0.0284,0.0313,0.0349,0.0495,,0.3719332541706096,0.48916109649270134,0.7736933996865734,0.036188715601372434,0.14268755759296464,0.07224224091353268,0.09107971732055946,0.11882170950776788,0.10216169846137894,0.8209664284998625,0.9293283378048953,0.9571418194079842,0.07499564244394223,0.059565258308636994,0.06257698183368726
0.112919,0.021356969,5.99163568167962e-05,-0.103407482,-0.719636792,0.0109,0.0141,0.0171,0.0191,0.0218,0.0238,0.0259,0.0289,0.0316,0.0388,,0.3703533821890985,0.4905030985778156,0.5297082959416749,0.03772811307698119,0.12563193587529503,0.06983452372271763,0.07666823570866307,0.0881019614068282,0.10783430109448869,0.8441016179413882,0.9303522606047324,0.890964275248194,0.052174812639675903,0.08092360315471589,0.07566314317598091
0.107933,0.019807613,5.510594150844309e-05,-0.082970515,-0.797129569,0.0096,0.0131,0.0153,0.018,0.0198,0.0226,0.0243,0.0269,0.0298,0.0355,,0.37314399765780254,0.4414364649188869,0.6874883263002872,0.044878425673958555,0.12868732660568005,0.05778904297635182,0.08943239592566465,0.08676064876833584,0.11031959611761391,0.8695460008533761,0.8705852894992301,0.9580902524563772,0.06146780796937465,0.052180859646431016,0.0841946428304763
0.109514,0.021805487,6.205133313360941e-05,-0.12289473,-0.704333421,0.0114,0.014,0.0176,0.0195,0.0218,0.0245,0.0266,0.0293,0.0324,0.0394,,0.38782781795882393,0.4237140451256022,0.8855339159514773,0.04279842909050031,0.13939324476985368,0.06524889963034895,0.07983521890334498,0.09155494955191064,0.10911939738305212,0.8815228760290991,0.8846304468539706,0.8071717069606893,0.05249498151944967,0.05783671288362159,0.06559021273450466
0.12317,0.021223096,6.040739247971146e-05,-0.049042908,-0.649618588,0.0111,0.0137,0.0168,0.0192,0.0213,0.0233,0.0259,0.0283,0.0316,0.0402,,0.36016441888362727,0.4132541095079502,0.5261557736612299,0.048635392921159454,0.13722935554746388,0.06174280730496293,0.08196675407354004,0.10964824562457158,0.12035690321916961,0.9785773388789406,0.89857181307838,0.8684568365458957,0.05909124043040981,0.09066629504852254,0.09567255166318335
0.142633,0.020893173,8.695554387515464e-05,0.031928098,-0.708708869,0.0083,0.0119,0.0152,0.0181,0.0212,0.0236,0.0263,0.0291,0.0337,0.0459,,0.399923005766539,0.4615999656080444,0.8299538860258467,0.03606769830125275,0.12004587245142367,0.06497937241864571,0.08034044221083117,0.0887197105544377,0.12255748144263302,0.9756768409101619,0.8919316375393246,0.8786467708198489,0.07018472025046389,0.06967554227416314,0.09148530978680325
0.111008,0.023492387,6.313923301636363e-05,-0.217903071,-0.421830732,0.0131,0.0162,0.0189,0.0218,0.0239,0.026,0.0282,0.031,0.0334,0.0419,,0.4178339821362679,0.47286913014241616,0.5906369291602334,0.04610723772998116,0.13987304697932704,0.08484037739374428,0.07721268079869426,0.08334382132003255,0.10076785296534675,0.8164192714618197,0.9144200931026368,0.9167260975037549,0.0535563246751725,0.09279043319215899,0.08219772517622238
0.106562,0.020630544,7.123658039062942e-05,0.058567294,-0.826034971,0.01,0.0124,0.0156,0.0181,0.0203,0.023,0.0256,0.0286,0.0324,0.0391,,0.4055341757451556,0.4562585900328523,0.6213661150752358,0.04293868773799697,0.12825409689033326,0.083498310783022,0.09035715746372389,0.09843092172834428,0.1254465199650925,0.8065684174507872,0.962296849643464,0.8473376337227306,0.0698838227140568,0.08232829015527905,0.08761684147214963
0.112886,0.019144868,5.14703836350415e-05,-0.050742329,-0.760328182,0.0094,0.0126,0.015,0.0171,0.019,0.0213,0.0234,0.026,0.0289,0.0345,,0.35892355713840446,0.4316120659048469,0.6870373125172495,0.036723293676026586,0.13860996632492117,0.081339250428019,0.08629771345371261,0.09744120783867065,0.10121863134004726,0.8475429090328547,0.9185295688491211,0.9540252090321643,0.07337134100967689,0.0845303181693979,0.08301866067880223
0.121888,0.018106985,6.813781956432004e-05,0.061225874,-0.725452789,0.0064,0.0107,0.0127,0.016,0.0182,0.0203,0.023,0.0257,0.0292,0.0391,,0.39948253814862145,0.46042478952281357,0.8994576948897397,0.03911642608095766,0.13220755909844578,0.0644984643922334,0.0693682247647306,0.10781344892583088,0.10333400975711678,0.8311034341099888,0.8707991732362961,0.9274282311938084,0.06339563541727711,0.08535363547775261,0.09437704432262836
0.114509,0.021946359,7.503006833979788e-05,0.1742264832392516,-0.519261835,0.0104,0.0139,0.0175,0.0195,0.0216,0.0237,0.0265,0.0297,0.0338,0.0453,,0.38608795630585535,0.424858312520499,0.6163892875725887,0.049267121222983934,0.14337803128133964,0.06661005448565271,0.09516587218041654,0.09276751357760175,0.10144208574271944,0.9940745011324881,0.9479177768524535,0.8345131655441328,0.08683386121713133,0.08788566301013,0.09081018130747055
0.182511,0.022160082,9.604479240179104e-05,0.097348999,-0.571669901,0.0092,0.0128,0.0165,0.0192,0.0222,0.025,0.0278,0.0308,0.0354,0.0475,,0.3671283665268698,0.41240995590010543,0.6242244698847846,0.040560873161169644,0.1457774885686331,0.05285201578215781,0.08321915374980396,0.11325140931172695,0.11664979806748448,0.9075906702917986,0.9861299464187693,0.9428043963505126,0.0610801505918316,0.06696321922471686,0.09735080447594596
0.182758,0.024006475,9.693647271530593e-05,0.037157091,-0.707408223,0.0105,0.0144,0.018,0.0216,0.0243,0.0268,0.0296,0.033,0.0372,0.0468,,0.37690970770814197,0.4733333072549888,0.7014522270899024,0.04333614871940831,0.115407723330573,0.05191763048864368,0.09972570487328636,0.10763553657126167,0.10788583997830774,0.9517365662271173,0.845558058485315,0.8584126355017389,0.06775423060943925,0.05659508637865374,0.05955870000906293
0.18635,0.022072434,9.443184677539454e-05,0.037059579,-0.70848938,0.009,0.0127,0.0163,0.0191,0.022,0.025,0.0279,0.0311,0.0349,0.0472,,0.3919499895723952,0.4965565615090811,0.7233403877160411,0.04651868376576072,0.13178976463985048,0.051966738672105946,0.10400278097260895,0.10237513551148722,0.12334344706785119,0.8524616781434168,0.8066194417800385,0.9710139232777557,0.09435021621848912,0.09210404033303694,0.09124332384126554
0.196434,0.023500489,0.000120964,0.301239997,-0.34201379,0.0096,0.0136,0.0169,0.0199,0.023,0.026,0.029,0.0326,0.0382,0.0537,,0.41216598586929565,0.47942436472339434,0.7853624017670843,0.03787598023222514,0.14318108283343847,0.08154564687343856,0.1020949341778892,0.09059572714152446,0.10008392087139906,0.9824955387468612,0.9917089924058299,0.8804440019307196,0.0658743696490322,0.05869808255585857,0.08652277838235943
0.190605,0.024015162,8.852398695227843e-05,0.053099673,-0.539837126,0.0117,0.0154,0.0187,0.0215,0.0241,0.0268,0.0291,0.0322,0.036,0.0506,,0.4065512274879542,0.42021923720976906,0.8228202133563521,0.04601550288895694,0.12258669792407399,0.07396332971387033,0.09834150121849082,0.08417402499676563,0.11022574349537713,0.8420451547043397,0.8629766945871461,0.8987426900197268,0.061454014308190995,0.09061204656114273,0.0934383216024568
0.190917,0.022586574,9.756107049629237e-05,0.072801733,-0.543378142,0.0095,0.0133,0.0167,0.0196,0.0225,0.0256,0.0284,0.0315,0.0356,0.0487,,0.40047893013739805,0.4798913449369315,0.9232291862488764,0.03976922026714978,0.1314820429970679,0.06848831299948721,0.09250560538670284,0.11031856024820334,0.13351679441698291,0.886781532932798,0.8246392018093033,0.8238508805843743,0.09314916154658853,0.08790184448467557,0.08835808413137085
0.179934,0.024206007,9.3707667653764e-05,-0.038062695,-0.815473471,0.0106,0.0154,0.0187,0.0213,0.024,0.0272,0.0305,0.0334,0.0372,0.0448,,0.3893680628554921,0.4542232340989504,0.8896703342308427,0.04261189608113547,0.11541658512453634,0.08509224010394088,0.07402591478670718,0.10689047036889462,0.10440539797237418,0.8721462933933597,0.8807517731823893,0.86409434364173,0.05285678254554255,0.07242224305455214,0.07658680324043911
0.193749,0.023379899,0.000100561,0.010652953,-0.580388028,0.01,0.014,0.0176,0.0206,0.0236,0.0261,0.0291,0.0323,0.0362,0.0493,,0.3823392285195421,0.44166638237830913,0.8081528166616863,0.04346653776726859,0.13767777403068518,0.05209112412356534,0.07216747051586458,0.08368342155066844,0.11410888790044196,0.8843290321424211,0.9168615450129254,0.9941221086351849,0.06442116158795057,0.06326518376051374,0.07484003091786866
0.190619,0.021867937,8.87102105796675e-05,0.012658531,-0.673938922,0.0088,0.0127,0.0167,0.0191,0.0218,0.0246,0.0277,0.0305,0.0342,0.0438,,0.36254152856690786,0.49244365682643043,0.8367276887936703,0.04686231912959938,0.1139048013990863,0.0637547333544431,0.09935137906366621,0.11171688306036104,0.11025669205890366,0.8398614409766552,0.9599880185630594,0.8110180378599419,0.0890223552522591,0.08562771923440052,0.08199594451823404
0.179277,0.02535435,0.000130455,0.088602907,-0.665794066,0.0105,0.015,0.0183,0.0219,0.0254,0.0287,0.0318,0.0354,0.0404,0.0532,,0.41306987717044413,0.4626524453543373,0.9199760306351985,0.04441135539050125,0.13491936482965405,0.05777776725158655,0.085697660366642,0.08309006548325513,0.10422774211900075,0.8598661230707015,0.9709821059558879,0.839503875595922,0.07890751368129985,0.05538222089116809,0.05872369132994596
0.160432,0.021969143,7.967077965346585e-05,0.033161761,-0.732545844,0.0096,0.0132,0.017,0.0194,0.0219,0.0246,0.0273,0.0304,0.0339,0.0443,,0.3824047945016133,0.4625099075107536,0.6171738236425816,0.04160957453592966,0.14005036595954545,0.08276544390076643,0.09859118356510203,0.11079713351359459,0.1165480148504968,0.8805715190818192,0.8996494303067314,0.9008566337627839,0.06618332051151017,0.08076557700585826,0.06149649160919107
0.16068,0.022623047,0.000103933,0.2737767051145047,-0.394507631,0.0101,0.0137,0.0172,0.02,0.0229,0.0253,0.0285,0.0318,0.0364,0.0523,,0.41294589657071895,0.4943582891147196,0.6876058168000067,0.04168475902269832,0.13206118232056813,0.06038893559250074,0.08201360366171087,0.09594645445399587,0.12710163936328261,0.939769016161376,0.9416450369805786,0.9095137455300825,0.08708664049532373,0.08202118158468943,0.09110910292180771
0.164599,0.021298859,8.927117281463491e-05,0.033646118,-0.739697364,0.0085,0.0122,0.0159,0.0187,0.0214,0.0239,0.0268,0.0301,0.034,0.0455,,0.4144163649303455,0.4043584096349118,0.7507351142260256,0.04848985089328171,0.14201981206348924,0.07588205619371607,0.08770648048763206,0.08878269225229382,0.10203464347618181,0.8548902360073892,0.9368608606821919,0.818607240300645,0.0734468037832543,0.060308557838712216,0.07699694416858774
0.143682,0.023235128,0.000100677,-0.068086978,-0.895394409,0.009,0.0133,0.0173,0.0202,0.0233,0.0266,0.0296,0.0328,0.0371,0.0437,,0.37111185153967496,0.4652600163314967,0.5466191119868659,0.045690691220610105,0.12028038436058221,0.08003553134454743,0.07749997083985556,0.10828146219090072,0.11262043003288413,0.8637913914541386,0.8547184332864687,0.9755082306465012,0.0535031186885679,0.09668525329528807,0.09260539172696947
0.158257,0.022597426,8.904986393325379e-05,-0.075849601,-0.84221481,0.0091,0.0138,0.0168,0.0197,0.0231,0.0255,0.0284,0.0316,0.0352,0.0422,,0.3825425426423046,0.462176341215205,0.7953568797763596,0.049583158025891,0.11398802410335654,0.0514135219397375,0.0912476068391427,0.09311635652738498,0.12970944115394575,0.94199280889665,0.8799574952771066,0.8815913782440531,0.05789291413790342,0.0663041373215319,0.08929554491246933
0.158254,0.022124684,8.81131056366951e-05,-0.100658805,-0.717417702,0.0087,0.0133,0.0167,0.0196,0.0227,0.0253,0.0277,0.0304,0.0343,0.0426,,0.3868414125417916,0.41580724479907016,0.915735090478666,0.04128003536602108,0.11399409536939538,0.07904308113852616,0.09004495428028259,0.1147449024493502,0.127460579698849,0.8170619972100343,0.9972314160316962,0.8429487676541689,0.07373288547404819,0.0738216929939673,0.05813623537951352
0.164615,0.021367226,8.967852098573161e-05,0.020442218,-0.698319038,0.0083,0.012,0.0162,0.0189,0.0214,0.024,0.0269,0.0302,0.0338,0.0446,,0.40267479571226694,0.45036760365782896,0.9213222191289189,0.03666111803812664,0.12838826562513475,0.06213146131097882,0.07851323113208619,0.09416895504299243,0.11136737825907177,0.8663151135703764,0.8098964962551418,0.9259402211757057,0.07268834605986597,0.09626085256159364,0.06430464396262396
0.151582,0.022474785,0.000106852,0.1365134489090337,-0.632460819,0.0089,0.0126,0.016,0.0192,0.0222,0.025,0.0286,0.0319,0.0361,0.0478,,0.36208677448932336,0.47800655880015064,0.5295065501423335,0.03762283666455958,0.13047921606144655,0.0682451731030558,0.06784180570765184,0.11200041769349482,0.10677565862190519,0.8600760494739466,0.9866146522592465,0.9569519331739037,0.07368645151932333,0.05590490751741275,0.08575316840922395
0.161701,0.022697982,8.48444835178725e-05,-0.067553755,-0.795906592,0.0097,0.0142,0.0173,0.02,0.023,0.0258,0.0282,0.031,0.0354,0.043,,0.3577830383378867,0.4955212229812907,0.9275524657819,0.04717286834574988,0.14718231615996463,0.07560318351036818,0.08407858609659208,0.08494754109857196,0.12666486582111103,0.956878785566461,0.8710577209264823,0.9452533777566555,0.06169231703464259,0.09835236846126699,0.06823446050620369
0.167852,0.022374408,9.248614504142716e-05,0.1986354762838643,-0.643593093,0.0099,0.0132,0.0162,0.0189,0.0218,0.0248,0.0278,0.0314,0.0356,0.0483,,0.41330166504738525,0.4781685719363671,0.6449761960976563,0.03553383696133314,0.12747567259475626,0.06663873823448252,0.09896464408992837,0.09250370548421197,0.11553157574609459,0.8049127634096164,0.9478920696585614,0.8141028916239194,0.08033525669187112,0.07608589273275092,0.07181102183249208
0.176233,0.026633249,8.273343969414402e-05,-0.15099501,-0.541304387,0.014,0.0179,0.0214,0.0244,0.0272,0.03,0.0323,0.0347,0.0383,0.0481,,0.37653407220346347,0.4189072540299795,0.5521414538244449,0.03694650765518165,0.14258876696310965,0.07054305730735412,0.08120887071678587,0.10762004533725739,0.12261020818577581,0.8817199856501287,0.8913881973176111,0.8077491028289026,0.06964274077459275,0.0726122739956626,0.09045792068421508
0.175138,0.025851456,8.656175706496947e-05,-0.016117136,-0.525685557,0.0135,0.0175,0.0204,0.0231,0.0258,0.0286,0.0312,0.0341,0.0377,0.0503,,0.37188833822109263,0.4259495967227504,0.6707178141480118,0.037012093409644904,0.13766930665878027,0.07008546514494451,0.08538148976444895,0.10162462575098132,0.10342402053440149,0.8054576531244946,0.9118802580042757,0.9348571096160455,0.09198087980302744,0.07498280567881092,0.05921239988135864
0.171973,0.027930622,0.000113902,0.177078012,-0.442335497,0.0138,0.0181,0.0216,0.0247,0.0278,0.0304,0.0339,0.0372,0.0422,0.0581,,0.3542694374688922,0.41811907068265475,0.895435403775834,0.04758808032590172,0.14415081995127954,0.08573881627233466,0.0809143086172292,0.11476196220255341,0.09700398376491062,0.9268246118421367,0.8932436214732178,0.8144641717570635,0.08186898585605917,0.06411483924641748,0.07392128968833549
0.188524,0.026418341,0.000123695,-0.031311675,-0.739357174,0.0116,0.0165,0.0202,0.0234,0.0265,0.0296,0.0329,0.0367,0.0416,0.0511,,0.39423689430167186,0.4798211403961394,0.795453994704052,0.04383360170174995,0.12983895079519955,0.08286189683371084,0.0701290289486623,0.09582837122793597,0.11544733005667968,0.8110327988911603,0.8866309374690339,0.9900906074995689,0.09162792964908097,0.07631475094802222,0.08436212465908279
0.181789,0.027209371,8.897393964388399e-05,-0.113377655,-0.518994369,0.0145,0.0185,0.0218,0.0245,0.0273,0.03,0.0326,0.0357,0.0395,0.05,,0.3700672826406789,0.4442690938371693,0.728025112116324,0.03635638625671526,0.11630949657522871,0.06708565389835884,0.097029586852972,0.09676655283988565,0.09737091131044784,0.8209141721180098,0.8108188572138201,0.8190583118387174,0.07919196976700518,0.08318306178681636,0.09283527709924105
0.184882,0.027448474,0.00010983,0.2484632943786538,-0.050366532,0.0137,0.0184,0.0215,0.0244,0.0272,0.03,0.0329,0.0365,0.0412,0.0605,,0.395903691865097,0.42809295637145517,0.876601149264195,0.04497858152410672,0.13009898805592035,0.07211106433941346,0.08590144128817033,0.08927053103368476,0.10834604188354367,0.9423846615632313,0.8615053252923257,0.8820541961809772,0.05916246701188706,0.0647341838372312,0.057735440210488806
0.177761,0.023865957,0.000111461,0.088261919,-0.586890353,0.0102,0.0143,0.018,0.021,0.0239,0.0269,0.0296,0.033,0.0379,0.0511,,0.39213156115346987,0.4092880207349299,0.8455272066540301,0.035742881093100705,0.13452677799604976,0.07543544010644083,0.08914347917517779,0.11435281014307401,0.10170383514058877,0.9616996091789461,0.9583683677210463,0.9377461409618684,0.08274702473109244,0.06512794931554006,0.06583447316836168
0.180232,0.027436998,9.242571636643875e-05,0.044053128,-0.335426651,0.0153,0.0193,0.0225,0.025,0.0277,0.0303,0.033,0.0359,0.0398,0.052,,0.3778942081239997,0.41012728741343446,0.5696762182155714,0.04760184742603239,0.1288601092088326,0.05680256097007744,0.0671000727397043,0.08671502746191706,0.1303119011324741,0.9245484930651316,0.9242178682088731,0.9451430526242456,0.06945524932946533,0.07760508002125424,0.06464944700844867
0.183501,0.028700278,0.000103212,-0.083057208,-0.565361046,0.0151,0.0191,0.0228,0.0261,0.029,0.0318,0.0347,0.0377,0.0418,0.0536,,0.3525993552553606,0.4806428976579737,0.7887726897085263,0.044931015522459636,0.1386470378584044,0.06339697924914198,0.06750071717168772,0.11174944825545857,0.11318716157836822,0.9465025277397358,0.8313625267003454,0.932841360823675,0.05747306533757371,0.09534055328460456,0.09647204575208748
0.18898,0.019356931,6.041267488469363e-05,-0.11867919,-0.925929199,0.0086,0.012,0.0151,0.0168,0.0198,0.0219,0.0244,0.0273,0.0297,0.0334,,0.3898846731870326,0.4824565518590007,0.8426022561021247,0.036484531456484934,0.13120240578013692,0.08097340454440868,0.09277120944827745,0.11918358867300852,0.11496792992214536,0.8505803937950329,0.9844968715777563,0.9352630867625816,0.053218369864544125,0.07133477513308226,0.058100851984131216
0.158504,0.021148108,7.740059479632269e-05,0.1095297881470463,-0.593222641,0.0092,0.0125,0.0162,0.0189,0.0211,0.0234,0.0261,0.029,0.0329,0.0451,,0.41730557652357847,0.42266209245841424,0.6514619017890987,0.04729867088827609,0.12357969312568752,0.054264402500731966,0.06949437624801288,0.10600734916271909,0.13276157432259003,0.9225018340799388,0.8367115332116998,0.8502965616666016,0.09331220263482619,0.07123903550998627,0.09491469107805406
0.159522,0.020513996,8.03827206957795e-05,-0.08056543,-0.842480481,0.0075,0.0119,0.0154,0.0181,0.0207,0.0234,0.0259,0.0292,0.0326,0.039,,0.3509226509625419,0.45112751354008157,0.8368619862317896,0.04271462039708173,0.12516794699020922,0.054637994429692686,0.06828980744632306,0.09512478726628645,0.1254898055198914,0.9931343492281305,0.9923682139126468,0.9939213096788623,0.06649075775857408,0.062006240888103546,0.09543022762632104
0.155777,0.022034919,8.717686098974243e-05,0.1954669320071977,-0.456121145,0.0102,0.0134,0.0165,0.0192,0.0218,0.0244,0.0272,0.0301,0.0343,0.0503,,0.402895593047366,0.41251367549967155,0.5600597047281916,0.045098204650609076,0.13485327383217774,0.06295336481686822,0.09364878167292331,0.09649509331314601,0.11077736748903057,0.9906621544278853,0.9670623846610055,0.957448524557801,0.09434106554328268,0.07893528942320642,0.0657284697669953
0.153099,0.020568703,7.86354332393389e-05,0.1598535107920619,-0.524109402,0.0089,0.012,0.0151,0.0177,0.0202,0.023,0.0258,0.0287,0.0324,0.0474,,0.39842103744927054,0.4372611875363558,0.8246142474945374,0.04430734416939471,0.12778782034593797,0.08500500996306948,0.07331357845976501,0.10747561984740756,0.12807197493768535,0.9409870597383343,0.9892338621271405,0.887786771100404,0.07578308713097466,0.0871732550155172,0.06273132107766634
0.154148,0.018744815,7.041590011723992e-05,0.029526162,-0.768959173,0.0068,0.011,0.0132,0.0167,0.0187,0.0209,0.0238,0.0264,0.0304,0.0391,,0.36093167204565596,0.41176744877845256,0.7752352585536262,0.0456349678066216,0.11715845037614547,0.07176627955056762,0.0896354108297199,0.11284990754889601,0.10330582608190546,0.9041633884151776,0.9227953278458249,0.9592741245208365,0.07740967542236621,0.07433208096540281,0.06977030062232027
0.154226,0.02282455,0.000111115,0.2855372587301086,-0.304599462,0.0092,0.0131,0.0167,0.02,0.0225,0.0255,0.0286,0.032,0.0368,0.0526,,0.3538161515678956,0.47454433691601766,0.8750794579000248,0.04649201551559868,0.1411954862332775,0.06291475101443299,0.07127042159116442,0.11371022250344041,0.10290614486923003,0.9576691786412667,0.9280122512981654,0.9950400696194012,0.08916264783861456,0.07695430358839675,0.0959296160954714
0.163098,0.019317865,7.300622795550296e-05,-0.01524746,-0.77235435,0.0072,0.0113,0.0142,0.0166,0.02,0.0222,0.0244,0.0271,0.0309,0.0417,,0.4026123688437239,0.40541199721544485,0.6149021228320842,0.03665296980492538,0.13842689313786935,0.07310553911998358,0.09805487760364563,0.09125503978678799,0.10419673124834894,0.9126025563014164,0.971611928021854,0.8798511895651309,0.07144571500162651,0.06935870021465174,0.07935157137423467
0.157795,0.022324081,0.000104096,0.1529967045885872,-0.562977627,0.0087,0.0124,0.0163,0.0198,0.0227,0.0251,0.0279,0.0308,0.0359,0.0466,,0.38847757617781314,0.4685430845017692,0.6898933335805837,0.04185762911642459,0.120993036553196,0.07996504665074534,0.08594806995837086,0.10144027093058551,0.11560817261989305,0.8222591526932084,0.9539169164257995,0.882547532581169,0.060373641896297306,0.05611121641235718,0.06297726100186023
0.15414,0.020890651,8.254217314835095e-05,0.046413935,-0.706808684,0.0085,0.0119,0.0157,0.0187,0.021,0.0232,0.0259,0.0293,0.0333,0.0451,,0.3758839904954573,0.47950355550646684,0.6588586230477999,0.03666204465956181,0.13075622619513302,0.0759898653150928,0.0936273403318526,0.09841613888833173,0.1338628137249486,0.9784563072517856,0.8577019059746734,0.8141904136299197,0.07844529137977217,0.051992917465955094,0.09707179395137372
0.142524,0.021690389,8.924216107985567e-05,-0.037156197,-0.898802044,0.0086,0.0127,0.0159,0.0191,0.0217,0.0247,0.028,0.0307,0.0344,0.0408,,0.3935401401560712,0.4565765826102696,0.7328029973761482,0.037497717171187196,0.1440216685187632,0.06690450248077155,0.09390733604297763,0.10135344931668545,0.10361480926995213,0.8168110816161698,0.9374552622143064,0.9004002178506436,0.05755505112271915,0.08607282211775605,0.06562890903444228
0.156411,0.023968019,0.000114569,0.5060219438337671,0.086579488,0.0102,0.0141,0.0175,0.0205,0.0233,0.0262,0.029,0.0326,0.0386,0.0582,,0.3707476682203417,0.48532348046185686,0.7096477321903755,0.03956729102518714,0.13315327648423048,0.07192543409035974,0.10156184815889234,0.082313545409174,0.12694739519010265,0.8703137231669885,0.9528009966458437,0.8636223077207347,0.05420376432309653,0.08505850877349644,0.06468737989670317
0.162316,0.024981167,9.959594285753524e-05,0.059607717,-0.711786278,0.0117,0.0155,0.0187,0.0217,0.0248,0.0278,0.0308,0.0344,0.0385,0.0488,,0.3715205714454906,0.4595088175826435,0.8965180715280641,0.04049495537927641,0.13305077676399188,0.07895245224656351,0.09409044952012113,0.11364498902898874,0.13241350675548133,0.9445787488026975,0.9508165135802761,0.8149585878308908,0.0708439861255774,0.07492224815091869,0.06728455286930132
0.15693,0.024561751,9.666144077000836e-05,-0.056536821,-0.872354228,0.0107,0.0154,0.0189,0.0215,0.0244,0.0277,0.0309,0.0338,0.0377,0.0451,,0.38014246979973954,0.4074877874052911,0.7303652470997982,0.041274311084856206,0.12211864814569623,0.07883314786424694,0.07407493977740699,0.11611949854513665,0.12182578338817172,0.9171308500518912,0.9242268761073631,0.8982179182304207,0.07503058229615081,0.09699611623684254,0.08337897548056068
0.163266,0.022293525,9.380344689351216e-05,-0.019998572,-0.720089021,0.009,0.0128,0.0172,0.0198,0.0223,0.0252,0.0281,0.0314,0.035,0.0451,,0.37827630882496227,0.4305021846377948,0.5403756479737019,0.04059856890568695,0.13706509723041507,0.07134797385899229,0.06620332940850644,0.11122009532926691,0.11237988331862732,0.9269738037419254,0.9767174841170586,0.8960620762899754,0.05557136885528536,0.08284549562283089,0.0653028274153149
0.15825,0.02354706,9.090789401346156e-05,0.099763884,-0.734628412,0.0108,0.0143,0.0175,0.0206,0.0236,0.0262,0.029,0.0324,0.0365,0.0468,,0.3851786592097362,0.41209294050833073,0.8248887513278867,0.04914488990889056,0.1489053507220725,0.06064253749623868,0.09703632786802081,0.10611311198146578,0.12123155843703137,0.815521098040396,0.9461896428615608,0.9796566548961789,0.05605476882374905,0.06013576846093281,0.07031214095433705
0.157888,0.022628866,0.000104137,0.08841767,-0.622851852,0.0096,0.0136,0.0172,0.02,0.0228,0.0256,0.0286,0.0321,0.0366,0.0517,,0.3813382964648376,0.4578609806918127,0.92007168321401,0.04620795606156729,0.11413610297028305,0.07290916164116294,0.0698826900259728,0.09752832055257693,0.13179070466343001,0.9407073506121854,0.9680971990022594,0.9616610322338448,0.056822115423577756,0.07322185722823807,0.05770909802462636
0.155844,0.025797652,0.000108525,0.061225974,-0.726708758,0.0122,0.0162,0.0196,0.0226,0.0256,0.0288,0.032,0.0353,0.0398,0.0509,,0.36426926019311406,0.40725887642279196,0.6964817370787083,0.046770304677637604,0.11794774054387627,0.06306148570805852,0.07326346614454761,0.09732698329219759,0.13023226775250116,0.8771330054728301,0.8176209365082374,0.9775594543426707,0.06486524673244047,0.08664286729423738,0.09132908356231839
0.161138,0.024067649,0.00011206,-0.080745713,-0.879676018,0.0093,0.0137,0.0178,0.0212,0.0241,0.0274,0.0309,0.0344,0.0381,0.0454,,0.4149095163789168,0.4405852550275882,0.8669768187724699,0.04703117746289347,0.13398843709658514,0.052230004687366445,0.06662634799958027,0.11177857398934002,0.10574983067926474,0.8119628150071914,0.9012056350191306,0.8850221813109751,0.07289247394696344,0.08328940611206753,0.08148044848502144
0.155001,0.023307579,0.0001058,0.1346193952752316,-0.632106364,0.0102,0.0139,0.0175,0.0203,0.0232,0.0262,0.0292,0.0326,0.0372,0.0512,,0.351786154077065,0.43616609325649613,0.7681351930031934,0.03870007814194398,0.14252750544541595,0.05061958952001074,0.07765728165069949,0.08116091807479837,0.10400035039038648,0.8792705614207745,0.9316498219297985,0.8449653908767246,0.06482820391987955,0.054953699867954245,0.07063384402930402
0.162436,0.024104051,0.000114557,0.056287349,-0.6611597,0.0101,0.0142,0.0178,0.021,0.0239,0.0271,0.0301,0.0337,0.0382,0.0503,,0.401967372452011,0.47359196907868456,0.8416132460228123,0.041742017313255636,0.14040867100322155,0.06738208443068723,0.10377207982794943,0.10861923267823188,0.10285442917521925,0.9037396110663071,0.9292560987192231,0.9031361596044141,0.0634345773254512,0.05870862285128452,0.07051115103220372
0.106142,0.01604602,4.350684185392e-05,0.009723259,-0.817467191,0.0071,0.0101,0.0119,0.0139,0.0162,0.0178,0.0202,0.0224,0.025,0.0311,,0.4130984264750504,0.47537105098862786,0.6015231269162825,0.04346055714928119,0.11328190535842897,0.08124307243654896,0.08922676846190324,0.11444700616600227,0.12569053474883926,0.9500224964530855,0.9558931644081878,0.9849549031643683,0.06664882470808035,0.06115613886321222,0.05822113471591298
0.120282,0.01695413,6.196513067512561e-05,0.091514317,-0.761078523,0.0058,0.0095,0.012,0.0146,0.017,0.0192,0.0214,0.0243,0.0277,0.0361,,0.3938232661626739,0.44561961022032254,0.5461731279935964,0.039959814534322353,0.12406900854364775,0.05701038843472746,0.09606365173522227,0.113186739293676,0.09736641474419681,0.8700319335425019,0.9275736522266742,0.9086316963397971,0.058798009244751856,0.07035723152947418,0.0769518032849857
0.134783,0.016004559,5.0279461896232373e-05,-0.014484986,-0.815603935,0.0066,0.01,0.0116,0.0139,0.0162,0.0182,0.0204,0.0225,0.0255,0.0321,,0.39184250860115705,0.4323833291869524,0.5877971035069001,0.04337578369697155,0.14526550643972158,0.05894659141349083,0.07993742258759116,0.11872342028772773,0.09660863245068635,0.8893029703072639,0.9128049726194002,0.8645333956738194,0.06042338576384437,0.052899551641994384,0.07762464980144688
0.116567,0.016614951,5.7138980912764474e-05,0.01851656,-0.858663986,0.0056,0.0092,0.0121,0.0141,0.0167,0.0187,0.0212,0.0239,0.0268,0.034,,0.36838534229561176,0.4592807580610741,0.5190245139072251,0.04672509326573252,0.14685848776572727,0.07363301574768075,0.09609104695675323,0.08444042896423345,0.10931237397372356,0.823806716820169,0.9285107745586688,0.9792864692395686,0.07746267973033458,0.05611406582512386,0.05863082764455704
0.126068,0.017433907,6.284661062071324e-05,0.065061685,-0.786307533,0.0074,0.0098,0.013,0.015,0.0179,0.0196,0.0226,0.0247,0.0285,0.0358,,0.35782917317307833,0.4400139755759864,0.5062344632709592,0.040669257001062144,0.1276972962414886,0.060648494458260475,0.07471269194647667,0.08705571033787983,0.11111577394514083,0.9482986599859743,0.8554068409279647,0.9932104201275199,0.05999592177579465,0.0906984955363814,0.09162678959788555
0.114482,0.017959727,6.606337973596717e-05,0.033033144,-0.760678185,0.0063,0.0105,0.0129,0.0158,0.0181,0.0202,0.0231,0.0253,0.029,0.0388,,0.3631013695237262,0.4518005606991472,0.6421925835817558,0.047433223417431516,0.14672192815654916,0.05387833022043475,0.08138539083858981,0.09757795641089058,0.11111310534714519,0.9708767804274239,0.9580386840147183,0.9397921588545757,0.0693301256837672,0.09304821570073019,0.09071176250283695
0.105859,0.015962927,5.087049123154521e-05,-0.012982533,-0.831142938,0.0064,0.0098,0.0115,0.0138,0.0161,0.018,0.0205,0.0227,0.0254,0.0314,,0.3858573288394203,0.4288077224430544,0.7091187556206907,0.036249914996781124,0.1448299918914656,0.07514454160551252,0.10082985725277756,0.10594700263384747,0.12611442697795622,0.928238604838945,0.8696371447841865,0.9156300342285747,0.0768689310426577,0.06411800879953353,0.0948406255174406
0.113741,0.016704768,5.510792488756231e-05,-0.05734227,-0.889394034,0.0057,0.0103,0.0122,0.015,0.0168,0.0191,0.0214,0.0237,0.0268,0.0336,,0.4071890025155871,0.4511121349400688,0.6662511074391819,0.04787216191355044,0.12578564931930566,0.05399539147994207,0.07980151056266178,0.08678023187069714,0.1215990818805299,0.9306667379045114,0.8290087333250677,0.9598544899412549,0.07439347032208879,0.09577136690704628,0.06564616713868997
0.106443,0.015159535,3.774717499918794e-05,0.035739454,-0.767048949,0.0068,0.0096,0.0115,0.0131,0.0154,0.0168,0.0187,0.0207,0.0235,0.0302,,0.35735674211922885,0.4901578945854101,0.6111478118208883,0.036207634568098584,0.14854411089139957,0.08229968994948281,0.0908236889575749,0.11644298432876275,0.11962565377652015,0.9719906286954918,0.8815097710386757,0.8547257058506066,0.08140973090682571,0.07042453689104591,0.07516134639441079
0.125015,0.015791292,4.7160101364545415e-05,-0.060212036,-0.863898961,0.0064,0.0096,0.0121,0.0137,0.0162,0.0179,0.0201,0.0225,0.0249,0.0309,,0.36783258559705007,0.40308544656508305,0.5662233742909168,0.04798053648877749,0.13230740057736617,0.053356665337604144,0.08437453901557436,0.11832636849835643,0.12229310166143689,0.9870470876425939,0.8887598791006911,0.8088570669991623,0.0626484310721954,0.0660649779636755,0.0706372950186101
0.112549,0.019379758,7.147987542869291e-05,-0.074787463,-0.822529573,0.0072,0.0112,0.0147,0.0171,0.0201,0.022,0.0245,0.0274,0.0304,0.0377,,0.35751230228884706,0.49794128328616105,0.930619587695202,0.037627396272146535,0.14564409367863887,0.05599777718246541,0.06562112695268975,0.10032313982539506,0.13003797712752121,0.8072257841695618,0.808239596855972,0.9264619873044365,0.06832062149025167,0.08825036865074641,0.07466959784488367
0.104846,0.018365073,5.280280610543063e-05,0.064530278,-0.792235222,0.0089,0.012,0.0136,0.0163,0.0181,0.0203,0.0226,0.0255,0.0285,0.0347,,0.3572043447670796,0.44867815128337585,0.5457294240462253,0.04605977485383706,0.12715391231734233,0.0567990121360416,0.09095299789978943,0.10540362877164197,0.10165603495624347,0.9049140398892163,0.9793837883781061,0.9699837800068234,0.07822138071824973,0.05644817692845226,0.08501912557786334
0.118924,0.02025231,5.875387125855467e-05,0.042576601,-0.632788978,0.0103,0.0129,0.0158,0.0179,0.02,0.0225,0.0245,0.0274,0.0305,0.0382,,0.3976463273187824,0.41724539542555966,0.915445035673597,0.04127681882328038,0.14207691614925427,0.08232006206892,0.09413679616766227,0.08845613679843521,0.10047461750662051,0.9274792690739356,0.8359777593521491,0.977053029536314,0.08901960067492631,0.07345960839502146,0.09521579136827747
0.101904,0.020923859,7.301082826324886e-05,0.1294041464720019,-0.68358397,0.0093,0.0132,0.0155,0.0179,0.0209,0.0233,0.0257,0.0287,0.0326,0.0421,,0.3625815296491052,0.4011939770982675,0.701941285102379,0.046660421789590505,0.14651290928115407,0.08265977753442547,0.07717270085906008,0.10682464430472403,0.09801559195998116,0.8642714858867596,0.9470552788280959,0.9423144640659286,0.08141305817302395,0.09206518010858604,0.06978063897127831
0.125549,0.018490839,7.194711591729549e-05,0.048247768,-0.824975778,0.0065,0.0107,0.0129,0.0162,0.0184,0.0207,0.0236,0.0263,0.0305,0.0391,,0.38134201952427815,0.4170567847145439,0.8416733465182819,0.04721701425456362,0.129757121349485,0.06009758558741988,0.09301170649251678,0.11208541804290044,0.10183766579939307,0.9881489102354314,0.9128251910374596,0.9399125783057195,0.0879599961969347,0.05805838025073527,0.06967638532090384
0.106212,0.017476643,6.275841639404549e-05,0.008100196,-0.839947706,0.006,0.0099,0.0126,0.0151,0.0175,0.0197,0.0224,0.0249,0.0282,0.0359,,0.38260449685794,0.45312564549317896,0.6852998448555455,0.04831120268584805,0.13116084939609957,0.05038726947496049,0.06790500816678745,0.10474400836720929,0.10640575974598226,0.9782808556440812,0.80771796585827,0.908162893764336,0.06865917830679433,0.06288886288846197,0.09327840791252749
0.129073,0.018026379,4.499656348781658e-05,-0.024050175,-0.682624528,0.0089,0.012,0.0136,0.0162,0.0178,0.0202,0.022,0.0243,0.0271,0.0339,,0.35958230243559475,0.4942742176336668,0.6056031720798238,0.0447927412641178,0.11415772911191661,0.07251798176363922,0.078457903819023,0.10210090702679181,0.12105194374282628,0.9580359155333624,0.9074944237976054,0.986051049047189,0.09185111014914733,0.07255777461386723,0.06841220083269121
0.106525,0.019724152,5.552410703161738e-05,-0.017660508,-0.705925647,0.01,0.0124,0.0155,0.0174,0.0196,0.022,0.024,0.0269,0.0295,0.0378,,0.4173321275559829,0.4676667639958681,0.7945850901012198,0.03765002299127271,0.12802097159104064,0.08360306588512448,0.07572643750821069,0.08372742163360145,0.12346922024101033,0.8821000360568529,0.962265000150988,0.8434716560433728,0.07756331485536054,0.08455516031396731,0.06353940702785599
0.10922,0.016894098,6.040008188694851e-05,0.1076957733568862,-0.633810225,0.0059,0.0101,0.0121,0.0147,0.0172,0.0188,0.0214,0.0238,0.0271,0.0389,,0.3581262719533784,0.4513076092479544,0.6939743273735599,0.04152512806538711,0.13177859032822573,0.057891428590328746,0.09976506969317868,0.08046222736974466,0.10512653949950965,0.8280355848047782,0.9954514268513551,0.8397833040876164,0.075556628493977,0.06988036398686143,0.08142013495607177
0.167161,0.024301465,8.54679409930912e-05,-0.007855976,-0.643260033,0.0116,0.0155,0.0186,0.0218,0.0247,0.0273,0.0298,0.0326,0.0363,0.047,,0.39887294626665937,0.46048829125536855,0.7879136304441113,0.03904735123120531,0.1476128851731044,0.053239235277521335,0.09525704803645918,0.11225409872006106,0.1159428264348326,0.9034461487865042,0.9202599890057988,0.8859557802429302,0.08113129690895751,0.05797600190394667,0.08825250715579032
0.170095,0.022099337,6.943486783589345e-05,-0.048647152,-0.765506041,0.0112,0.014,0.0169,0.02,0.0221,0.0247,0.0274,0.0299,0.0329,0.0406,,0.3550588458438297,0.44187375859889605,0.6343099228031215,0.04024648246207762,0.1276029627326185,0.06802417472701427,0.08296488498011072,0.10010411243375303,0.13016434510905317,0.8964574879839663,0.9642138143299251,0.8473366107046736,0.08448307480736815,0.08094753708051194,0.09260290173293821
0.174704,0.024888836,0.000102079,0.2054301907732615,-0.540638512,0.012,0.0157,0.0189,0.0216,0.0242,0.027,0.03,0.0338,0.0382,0.0501,,0.4027976692103807,0.4264040457385469,0.5790645434148435,0.046992585181648214,0.1157043773437619,0.07597137591637862,0.06658702823366715,0.11126813180950777,0.12392453626124993,0.836048623364634,0.8656144336369951,0.9216334970566415,0.07245067543479894,0.06523010947917705,0.06578194030906458
0.179,0.022746047,9.83919010181425e-05,0.027429845,-0.607777214,0.0095,0.0134,0.0168,0.0197,0.0226,0.0257,0.0288,0.0321,0.0358,0.0485,,0.37709198456903703,0.49505959596859245,0.8046985693705677,0.04798094930313961,0.13593425665866943,0.08550547788635651,0.08981194878011016,0.11743103690807226,0.11336832370066843,0.9529398004623233,0.975150580531944,0.9456624030796191,0.09295772130219102,0.058096607355981926,0.08041745024538069
0.175716,0.023224473,6.60490997381372e-05,-0.168873625,-0.689290149,0.0124,0.0157,0.0186,0.0212,0.0232,0.026,0.0284,0.0309,0.0339,0.041,,0.35337162540309375,0.44222847145494804,0.8450893998048509,0.0467726767432906,0.11275892825468177,0.058721750298928115,0.09026412205801061,0.10462721626609095,0.11421709221066005,0.9737867532041381,0.9539505292716208,0.80495743151617,0.08967245257325848,0.061051166359040586,0.09844661708463058
0.168942,0.023331328,7.546530436342579e-05,-0.037308592,-0.678964834,0.0111,0.0157,0.0186,0.0208,0.023,0.0258,0.029,0.0316,0.0344,0.0448,,0.3601225336085645,0.435951609021359,0.6464137236847647,0.038382814819508664,0.14311616007862019,0.06659930571163207,0.0912192354923354,0.11780894100023127,0.13001297224128494,0.829169545875971,0.8372095948951953,0.9945923019792783,0.05748863494485874,0.07276641768633244,0.07898916977594062
0.177124,0.021778025,6.465563152374268e-05,-0.034565031,-0.682623808,0.0113,0.0142,0.017,0.0199,0.0217,0.0237,0.0269,0.0293,0.0324,0.0409,,0.3997062716584561,0.4810087710268931,0.6971121391494375,0.048006257481470714,0.13289424707220918,0.06714638839363356,0.06604888444608509,0.08800574410221233,0.10195115727801243,0.9497959664074002,0.9249616436533251,0.8887453059741096,0.09132818218502645,0.09728512749849563,0.06436729820689319
0.165364,0.022244853,7.737860743763406e-05,-0.040144597,-0.79864597,0.0099,0.0139,0.0169,0.0195,0.0224,0.0251,0.0277,0.0304,0.034,0.0426,,0.3818874368675505,0.47813145738159213,0.7394356049643009,0.045337573698945255,0.11988153234464552,0.06974979485846802,0.09461948774812767,0.09867201040693802,0.12422216844477088,0.8271800940156837,0.82560221030477,0.9527652912642673,0.07840101786519572,0.06537990050708407,0.09254999288614517
0.16675,0.021765629,9.042426436277412e-05,-0.002646644,-0.750198564,0.0085,0.0128,0.0162,0.0189,0.0218,0.0248,0.0273,0.0306,0.0347,0.0429,,0.3869716741386778,0.4139891712281967,0.6182399294822181,0.04611356440483904,0.11448482143595001,0.08002986615555395,0.08277691488048573,0.08490258080100324,0.12335641200054505,0.9081385394104495,0.823167377417884,0.9650799602086033,0.06574388292665392,0.06846144805822561,0.058093381087791704
0.176602,0.022381247,9.701257394706523e-05,0.048290646,-0.665245808,0.009,0.0131,0.0165,0.0201,0.0226,0.0252,0.0279,0.0312,0.0356,0.0462,,0.40671403800861244,0.46656834682784,0.6446745694083745,0.03601537184810773,0.1486166058618082,0.06995009336756783,0.08364962400714056,0.1068117249616956,0.11862941967182013,0.8129783563553896,0.8578537349184204,0.8463084261240252,0.07227427443291527,0.07611657397384959,0.08574002132119703
0.154596,0.024904709,0.000110186,-0.104425981,-0.754189564,0.0109,0.0154,0.0191,0.0223,0.0254,0.0284,0.0314,0.0347,0.0387,0.0512,,0.39829753969367104,0.4188572342931536,0.8900655363432786,0.04221688074903073,0.119008576940924,0.054755662723866484,0.07531901955204097,0.11354144230848541,0.10434756018413714,0.9975788044510856,0.991060499480233,0.9612395598838729,0.06196012455240083,0.09111467361432518,0.08363450247214672
0.169611,0.021161541,8.186584284674275e-05,0.1374517289237782,-0.612399264,0.009,0.0122,0.016,0.0188,0.021,0.0233,0.0262,0.0296,0.0333,0.0449,,0.37414716002993853,0.4262656005596517,0.6711146007347147,0.045510646580039824,0.11894870643384409,0.06687038472165452,0.08212027242764645,0.09112338078311089,0.11568143014538071,0.8625911778256371,0.9425956271964677,0.8427606096587704,0.05765287082503517,0.08192234434821889,0.09901189302497922
0.176748,0.022426213,0.000102998,0.1830845759541616,-0.38797492,0.009,0.0131,0.0167,0.0195,0.0223,0.0251,0.0281,0.0314,0.0358,0.0531,,0.4074539317172618,0.41689609373085085,0.508638762234626,0.03884541979179524,0.12366560647561607,0.0722596641185329,0.08186556904768003,0.10841074475946286,0.12550366310213182,0.9149337570921993,0.9089633406902723,0.9347586346214879,0.08208573236390726,0.07318241315919205,0.0660815326422599
0.17017,0.022606251,8.890426813958608e-05,0.1648800389977464,-0.475383388,0.0105,0.0139,0.0171,0.0197,0.0224,0.025,0.0278,0.0307,0.0349,0.0502,,0.41831311698576573,0.46905502461362064,0.5590572549128827,0.042778297853095476,0.12530446331397824,0.07558640239286386,0.08093377213153925,0.11826395743852311,0.12066143895688744,0.8849507653701243,0.9149886216660609,0.9937441164783599,0.0914146984750773,0.0922341121098384,0.07741227208577665
0.169499,0.023682942,9.756150836470374e-05,0.1750066802047347,-0.497031651,0.011,0.0146,0.0181,0.0209,0.0234,0.0262,0.0291,0.0323,0.0367,0.0509,,0.3946336665690126,0.44248722427058446,0.7317711645355119,0.04279022296229992,0.12563405352564092,0.06775369197120379,0.08202837388968208,0.1080959919032146,0.1116863660803979,0.8185939368742057,0.9122127847839563,0.8996828180866955,0.05179749872658128,0.09579848653078786,0.05869883599022914
0.165223,0.021654631,7.348941238467492e-05,0.096592659,-0.573136047,0.0099,0.0133,0.0171,0.0194,0.0215,0.0237,0.0265,0.0296,0.0333,0.0449,,0.3867045388497756,0.45133859628115697,0.6525416866985342,0.042036629840001706,0.14910026736834098,0.05499537873099238,0.07867662000964139,0.1167193271643134,0.11314094612537777,0.9481178692891026,0.8591896743840453,0.8988564313964249,0.0836688885690811,0.07904615896172706,0.09913707457524595
0.165026,0.022858186,9.629135253504292e-05,0.035747936,-0.736073891,0.0097,0.0133,0.0166,0.0197,0.0229,0.0259,0.029,0.0322,0.0359,0.048,,0.37169750841549526,0.42747993600139184,0.7311260910850526,0.03942258114247566,0.14522264780904937,0.07761842062577547,0.09188039721312002,0.08202011511223013,0.09670994232015487,0.9038110761014856,0.8478992426146176,0.8925963561823177,0.09244697219902297,0.057520854393939246,0.09734324651163241
0.172583,0.02219335,9.260381812627772e-05,-0.036652503,-0.71127003,0.0089,0.013,0.0165,0.0202,0.0226,0.0252,0.0279,0.0308,0.0348,0.0462,,0.35456878996529123,0.41828872066055633,0.5672954570360732,0.04024956201737505,0.1417059378866401,0.050962161803246496,0.09345127198521355,0.08232553562480356,0.09982416264146714,0.8501877242682001,0.8513804238792398,0.9575654574184168,0.07888920226328039,0.05925348261258687,0.05700618669337124
0.162984,0.02046432,7.748390733066658e-05,-0.110454279,-0.79855087,0.0078,0.0123,0.0153,0.0181,0.0209,0.0234,0.0264,0.0287,0.0318,0.0408,,0.3571486710187014,0.49800173946943255,0.7311880131520547,0.04155223587281532,0.12735616271582,0.06332501232551378,0.06693392303370499,0.08498317540786028,0.12914610719362,0.9719062590341435,0.9300145235736089,0.9209003571441302,0.08475864812518426,0.06634705540098544,0.09159974329283423
0.17628,0.019161451,6.128505330007813e-05,0.2333086641598224,-0.103123066,0.0083,0.0125,0.0146,0.0167,0.0194,0.0215,0.0233,0.0255,0.0288,0.0415,,0.3905957503322286,0.4964901689985039,0.888974165973053,0.03786239708826416,0.12552042375715952,0.05718457541441479,0.06882365245157296,0.10952759516032007,0.13044803040555464,0.8214155556338859,0.9742949501437521,0.8439118852881984,0.051972837602680455,0.06215388157193783,0.08698147681052579
0.167187,0.024690124,9.617752769179774e-05,-0.135708872,-0.804503575,0.0106,0.0152,0.0194,0.0225,0.0253,0.0279,0.0307,0.034,0.0376,0.0462,,0.3735650031291091,0.419327681951094,0.638984446074436,0.03654705331619895,0.14498949479581985,0.07208015502765379,0.07662732940174394,0.09763881135944741,0.12424599345130004,0.9747377101793593,0.9449609044743627,0.8053256689317023,0.07620191888133009,0.06865842651636275,0.0628434471669838
0.171768,0.024079947,9.63213972278092e-05,0.052475397,-0.789919166,0.011,0.0147,0.0178,0.0209,0.0236,0.0268,0.03,0.0338,0.0377,0.0485,,0.38676007327458517,0.4088060434954491,0.731992929259559,0.044885418280673925,0.1165708760301827,0.055444898449148246,0.10218379206277091,0.1014078165709669,0.09748730656303567,0.9735435546338151,0.8733669390928537,0.8236615431297569,0.06011829440554517,0.05689864435606203,0.09673341704387584
0.170805,0.022097422,7.647657535242264e-05,0.1184555313490419,-0.587598492,0.0103,0.0137,0.0169,0.0198,0.022,0.0243,0.0269,0.03,0.0339,0.0457,,0.37115391156968097,0.43141858835896624,0.5146574466249824,0.0360724176122471,0.14322028150448832,0.06263585479234773,0.10168979294529437,0.09609130403271167,0.12385002969263008,0.8048656231968516,0.8320614167609628,0.9559466083283048,0.08844222130978428,0.0946398802488004,0.06457177785218085
0.161751,0.020616853,7.299350223996886e-05,0.019795289,-0.677844399,0.009,0.0123,0.0153,0.018,0.021,0.0233,0.0257,0.0284,0.0318,0.0459,,0.36457291674651354,0.4204081973521944,0.8917032682313093,0.03645273828551362,0.1303862887679314,0.08424497698037901,0.08634351405592257,0.1177824499792864,0.10425036653583532,0.9110490103312685,0.9077575704389725,0.955854457552671,0.08710501400359717,0.08744972915580548,0.08984207839669277
0.178264,0.0228895,9.685830374229012e-05,0.058031174,-0.666267413,0.0099,0.0136,0.017,0.0199,0.0229,0.0255,0.0286,0.0318,0.0362,0.0493,,0.3765713835310473,0.4573969955852975,0.6108407482053777,0.037833212694479826,0.1366901996364751,0.056999497782494316,0.06962469650646022,0.08814921806733435,0.0960718393169229,0.8058445041295208,0.9309195301005359,0.869630891592002,0.07442542935244881,0.07899818304965936,0.0867328664796948
0.17356,0.022106255,7.596517697979301e-05,-0.042027274,-0.859597584,0.0107,0.0136,0.0166,0.0198,0.0222,0.0249,0.0278,0.0304,0.0337,0.0407,,0.3602076854424111,0.4277050491527432,0.6034272048694708,0.04879650211059713,0.12935353609976596,0.07340170807924981,0.09315937249680672,0.11126419680934786,0.09940773819729168,0.8417152790089023,0.8702191285828754,0.886895472566471,0.05320320416257235,0.07478579462961517,0.08685166708532653
0.165757,0.022864122,8.046529650325463e-05,-0.039052077,-0.740380457,0.0102,0.0144,0.018,0.0204,0.0229,0.0255,0.0285,0.0314,0.0346,0.0446,,0.4138384196098329,0.47086947562939885,0.7191360062065456,0.037864861538495706,0.13926783303262627,0.08152733933362129,0.09178257350277684,0.08268331091238401,0.10164506959162951,0.9400516507967651,0.8661970528920813,0.9271012170243759,0.09203570121368668,0.05246646263183109,0.06527250258346166
0.1768,0.021945935,9.56463693301708e-05,0.034937087,-0.754868891,0.0087,0.0126,0.0161,0.0195,0.0221,0.0246,0.0276,0.031,0.0354,0.0462,,0.3914839898458566,0.4390232298220617,0.6363995198979769,0.039459684248237446,0.12816764288610732,0.07563739485018309,0.09583593880302814,0.10221415429032076,0.09629401249601241,0.9871064991202452,0.8565095104794876,0.8338443033599316,0.06866751587941691,0.05739683208823389,0.07844178297164664
0.178331,0.021969657,9.65492973013661e-05,0.075498725,-0.661476934,0.0087,0.0124,0.0162,0.019,0.0225,0.0248,0.0276,0.0308,0.0349,0.0467,,0.4149059796184315,0.4095749702982512,0.7198698911093153,0.038939928008408155,0.12883834191038948,0.07104679742916016,0.0937833428847362,0.09908709675236277,0.1013612514584333,0.8728394642080689,0.8119196443081562,0.925983439883276,0.08253186065297864,0.07956746016543356,0.07007096873969904
0.177467,0.023770849,8.02653748882587e-05,-0.094240744,-0.802750918,0.011,0.0156,0.0184,0.021,0.0238,0.027,0.0295,0.0322,0.0358,0.0437,,0.3978159402377865,0.4547219563481544,0.8892453481324352,0.046370922402659526,0.14406509829354838,0.07167261549981507,0.08529486028335738,0.0967377266232598,0.1339383919731282,0.9724639508243195,0.8101344634921922,0.8326590913310683,0.06512643583876315,0.0691173231531755,0.09441299212334503
0.143977,0.025254015,8.981650313107049e-05,-0.01337161,-0.756150669,0.0124,0.0163,0.0201,0.0227,0.0253,0.0279,0.0305,0.0342,0.0386,0.0462,,0.36980291329256426,0.48325635484976376,0.9216697947506713,0.03795514648477499,0.14131340872822434,0.0576329133507355,0.07102277917467927,0.11005657513603725,0.11930852729602351,0.9200221539577365,0.8049546481980198,0.8477244078450414,0.08997940196908494,0.058483522196469954,0.06967626992433983
0.145445,0.023556519,7.749949088639032e-05,-0.090763513,-0.753260997,0.0119,0.0152,0.0181,0.0214,0.0238,0.0261,0.029,0.0319,0.0352,0.0421,,0.39344717015628944,0.4119017083555368,0.5805099245345084,0.042419647297920075,0.11803300243243854,0.0863347591375176,0.08763517591942666,0.11830974717301879,0.10495578000920167,0.8179787522392442,0.8752758929262532,0.8116485312049078,0.05150734680491625,0.08808463012957533,0.06543591595725991
0.150402,0.023767252,7.160659326318331e-05,-0.049239981,-0.447198058,0.012,0.0165,0.0192,0.0215,0.0237,0.0263,0.029,0.0314,0.0343,0.0449,,0.41544250358160506,0.48513211088717045,0.7614886272374459,0.04658799937711502,0.14436606280205916,0.08544313615727454,0.08867996471634786,0.1166566327919797,0.12756823282245547,0.8080337910577161,0.9641371491900235,0.9729295844078842,0.090685825435967,0.09302972797862392,0.06752999706873256
0.161591,0.023887244,8.015066991949519e-05,0.077312501,-0.521740478,0.0119,0.0153,0.0183,0.0211,0.0237,0.0266,0.0294,0.0321,0.0355,0.0478,,0.3850544130092479,0.4116160328004192,0.9272076512098331,0.037896775076845295,0.13495461020574007,0.05772655044825664,0.06557852885138363,0.08446313699902602,0.11343901428161814,0.9688059295819603,0.9513766823291704,0.8641756938718632,0.06670754572867733,0.07175080725183085,0.0912572244043752
0.158794,0.025412139,8.433065836913383e-05,0.055192456,-0.458258363,0.0132,0.0168,0.0198,0.0225,0.0254,0.0281,0.0309,0.0338,0.0376,0.0486,,0.37296447143805084,0.48245994307290146,0.5899443275312757,0.043448124102747045,0.12681544990775068,0.08281992762678987,0.0998444688721158,0.0929752013626269,0.12396068712068095,0.9662638875575441,0.8270398697216731,0.935772716057683,0.056322465353448106,0.09775321968811779,0.05928321916570397
0.165882,0.025512209,7.591339076861292e-05,-0.10498488,-0.526380528,0.0137,0.0175,0.021,0.0233,0.0257,0.028,0.0304,0.0334,0.0372,0.0462,,0.38460894718159105,0.48353629532159886,0.6850235926471848,0.0483209517803413,0.14734324307517818,0.05714529097185657,0.0752938895659065,0.0989440456367247,0.10047249303289876,0.9488013047220291,0.8406628188352974,0.9023442829993757,0.07456313379635789,0.05385511268368255,0.07539412300286871
0.155104,0.026378941,0.000148802,0.165099428,-0.616340748,0.0099,0.0149,0.0188,0.0223,0.0259,0.0293,0.0331,0.0371,0.0429,0.0554,,0.40373086574143746,0.4244097567719911,0.651728730003156,0.038471588254683865,0.11812366839449677,0.07027200900062378,0.10160673275377098,0.081708939259895,0.11212113400552556,0.8551269830547247,0.9036669833619358,0.8074452908102857,0.0742118828254188,0.09715099399138573,0.07041312014000545
0.157128,0.025434744,9.969427746985169e-05,0.2531456085733979,-0.293533248,0.0124,0.0162,0.0192,0.022,0.0248,0.0276,0.0304,0.0341,0.0389,0.0544,,0.40564652065548673,0.468692793715087,0.6021604316848153,0.047487469521555525,0.1287569173126401,0.053130827217139825,0.10207257677847902,0.10359849635540883,0.11261990882048516,0.8316353003649621,0.8291391770305951,0.9256957350117864,0.0723419958074188,0.09799942655520955,0.07993993890247787
0.146656,0.024650739,7.418429001882048e-05,-0.159305939,-0.71759813,0.0133,0.0166,0.0193,0.0226,0.0247,0.0273,0.03,0.0332,0.0362,0.0423,,0.4088037270148605,0.40825939180324,0.5238765455085499,0.041546530544714015,0.1342134910654415,0.057278287176008455,0.07820200324566703,0.09283228890813529,0.10024541745680418,0.8043738101217597,0.813691050395421,0.8116461589530305,0.07988461023305335,0.09368246497981954,0.07460005313522565
0.15355,0.025367228,8.6014774772253e-05,0.003972637,-0.645770009,0.0129,0.0167,0.0204,0.0228,0.0252,0.028,0.0307,0.0337,0.0382,0.0462,,0.3623369365670592,0.43242479147869783,0.8634676064247071,0.03617257274495175,0.13867295901015997,0.08660596063702063,0.08453861754364439,0.09589838064799623,0.10107890371618601,0.9753778617098502,0.9396954542270956,0.8728796821432793,0.06433178410895575,0.08626250365908657,0.06841347575975941
0.16237,0.025366274,7.732774656344212e-05,-0.17374763,-0.636533485,0.0127,0.0178,0.0204,0.0229,0.0254,0.0286,0.0312,0.0335,0.0366,0.0448,,0.3541082879454321,0.492438298063639,0.7220949304631707,0.03777595243502265,0.13127539810233063,0.07020988866593973,0.08241142221379148,0.10064880186525649,0.13241376159897522,0.9479167933068922,0.8669221532610666,0.8757334053466164,0.08933115477802021,0.08487617519559341,0.06821322715250494
0.166787,0.023766752,7.146285637230278e-05,-0.049787179,-0.505150156,0.0121,0.0163,0.0193,0.0215,0.0237,0.0262,0.0286,0.0314,0.035,0.0454,,0.389698378822735,0.4665840302896948,0.854315617181487,0.03789084621185747,0.14668118789997261,0.0757968506707836,0.07461440073345244,0.08436013329012272,0.09763132895843292,0.8895441372349796,0.8445957864882822,0.8866145559309117,0.08959060320831053,0.07953615537075254,0.0715807091627456
0.167127,0.024844927,8.357726582002996e-05,-0.120093047,-0.78152484,0.0118,0.0167,0.0196,0.0222,0.0249,0.0278,0.031,0.0335,0.0367,0.0449,,0.3875503075242442,0.4762780707416575,0.9120275738810505,0.04006129320913907,0.11427881152863167,0.06965889007751215,0.09697415180273314,0.11099645039395313,0.1111496926519307,0.8231539231013485,0.8522228587281776,0.9803805179525324,0.08197331368996831,0.05276740603003436,0.07432812454116115
0.168024,0.025502372,9.576996760742823e-05,0.006502356,-0.697994903,0.0127,0.0167,0.0199,0.0228,0.0255,0.0284,0.0315,0.0346,0.0385,0.0512,,0.3721182445140245,0.47361514176993946,0.9230110657935434,0.04118979432930563,0.11283295265297058,0.051680792209803324,0.06853659452273352,0.11423284145838979,0.10337490612786425,0.9026367919286166,0.8810238145422469,0.8301267492800783,0.0643643826611989,0.06990884147536572,0.058832789159611126
0.151347,0.025584165,9.242615447645856e-05,0.042510592,-0.631451727,0.0126,0.0165,0.0196,0.0227,0.0255,0.0286,0.0312,0.0343,0.0384,0.0478,,0.35545917829265933,0.4210484919827666,0.6974774218319058,0.03687723998394585,0.13783629285097157,0.056369253937511306,0.10330767718593668,0.10825149443292123,0.1199713007976322,0.9160742609907516,0.9489067367305613,0.8670873389888673,0.06271405888951337,0.06148164216333251,0.08092572588720687
0.130867,0.022820483,0.000102901,-0.010092851,-0.797102172,0.0091,0.0129,0.0166,0.0196,0.0229,0.0262,0.029,0.0323,0.036,0.047,,0.4117756352063837,0.44414727021890715,0.5110299866128443,0.03735947542902223,0.13451771548732616,0.07265780291069389,0.07193291591877726,0.09319366600038144,0.11935704233487589,0.80525633196009,0.8891497552100366,0.8744158490899256,0.06034961998282258,0.07362210575148613,0.06837441452077352
0.147001,0.025351011,0.000105871,0.2737234179544288,-0.208145573,0.0117,0.0158,0.0191,0.0223,0.0253,0.0279,0.0309,0.0341,0.0392,0.0584,,0.41118649925695056,0.4968099591469982,0.816503104266311,0.0453838302304191,0.11285509861482503,0.0530346537325026,0.08033908497163886,0.08789195898160553,0.12073477107469271,0.8246968802603232,0.8942227804616247,0.9121209648148606,0.06940006192492118,0.07507741802371883,0.0889826111496733
0.14606,0.023694476,0.000111983,0.027341726,-0.595854331,0.0099,0.0141,0.0179,0.0211,0.0241,0.0272,0.0302,0.0333,0.0371,0.0515,,0.4046603416828671,0.44125930877950625,0.9153449107358781,0.047042412816557584,0.11927536892062766,0.0510552832128463,0.071523881838465,0.11123228520234249,0.1309121302057392,0.8654292568341201,0.9242853818294333,0.8741317497532858,0.06266963594209378,0.060668486725319826,0.09094597356737731
0.148757,0.025704363,9.971785711419382e-05,0.1839687556471923,-0.474851011,0.013,0.0169,0.0199,0.0227,0.0253,0.0281,0.0309,0.0343,0.0389,0.0508,,0.3604014978921351,0.41496634471159166,0.9266973039589806,0.049414838526732015,0.11625109874524071,0.05433486221808989,0.07227607879103505,0.11195437519722784,0.09866665523250652,0.8198155248198805,0.8671194384010746,0.905934790261173,0.05291146113154125,0.07174361578605172,0.07989347887457858
0.15929,0.023039177,6.432082594864271e-05,-0.167522532,-0.704379912,0.0125,0.0157,0.0182,0.0211,0.023,0.0256,0.0283,0.0306,0.0335,0.0411,,0.38553062309857705,0.4470489272860221,0.8488859866692176,0.04462704770851406,0.11293028635239757,0.059452111336798404,0.07271675571132974,0.11744037915056257,0.12601360798524894,0.8816691783535163,0.9847624488193362,0.8086473586701799,0.06496055013567623,0.06572420545310279,0.06419098917370648
0.162048,0.019979251,7.894101579844642e-05,0.025568656,-0.7272884,0.0075,0.012,0.0146,0.0174,0.0202,0.0225,0.0252,0.0282,0.032,0.0408,,0.40192304002624674,0.4718158967039767,0.7067224166083609,0.0419872533948345,0.12032814267482587,0.05992027503808174,0.07746493822305345,0.10928155817450322,0.1086599771659663,0.808464443147512,0.8686114066147417,0.848243669689258,0.06005997768788919,0.07901448338415278,0.07250537142829137
0.162303,0.022985206,0.000104294,0.1000238691169087,-0.507866672,0.0097,0.0136,0.0171,0.02,0.0228,0.0258,0.0287,0.0317,0.0363,0.0501,,0.3711599656097382,0.4974398631282589,0.6202495599390141,0.04616148043432083,0.12862747316896633,0.07887355050912279,0.06649857265054644,0.11912443672620164,0.10173801084014972,0.8085593008515956,0.9489804160172389,0.886220891678124,0.06067986865519375,0.060419700513951895,0.08051518354317234
0.158725,0.020798615,8.225348295086126e-05,-0.049123233,-0.840147411,0.008,0.0125,0.0154,0.0182,0.021,0.0232,0.0266,0.0294,0.0331,0.0409,,0.41361716138273336,0.4929545542105301,0.5789342596482027,0.04849558503654661,0.1305342958896053,0.05318912518368569,0.09545916833875231,0.11196999154839647,0.12137628421197597,0.8772837956687004,0.9307611200589704,0.8501083826406595,0.07558589899914989,0.06344427120647696,0.07086469401277558
0.164337,0.024329231,7.387231305428416e-05,-0.021279159,-0.349896306,0.0127,0.0166,0.0193,0.0221,0.0248,0.027,0.0292,0.0318,0.0353,0.0475,,0.40850721097135345,0.4634726595046441,0.8855743912333445,0.03681964125235122,0.14203641853511095,0.08423073004367748,0.074881780841875,0.09804696482637132,0.12892913429250594,0.8697304535196326,0.8796156159367642,0.8299679517100976,0.0893814708927442,0.06583095915162591,0.0719332341226195
0.162461,0.022572322,9.556304583444322e-05,-0.103642716,-0.790534313,0.0088,0.0127,0.0174,0.0201,0.023,0.0259,0.0289,0.0315,0.0352,0.0445,,0.368255984017706,0.4259580653842418,0.6452203971593884,0.03782597593980009,0.1449810258715979,0.06895001896082623,0.09054032677859182,0.09041833430353254,0.13317841845589073,0.9688690672901743,0.9186514481074404,0.818310188976107,0.07446051057465439,0.08904094112284855,0.06248797869221373
0.15635,0.025510094,9.488365916287296e-05,0.017562536,-0.712468717,0.0124,0.0162,0.0193,0.0223,0.0257,0.0286,0.0317,0.0345,0.0389,0.0485,,0.37078211044861853,0.4987636291256439,0.5741416644425648,0.043198103710565275,0.14811486604535054,0.06239023528039967,0.07737989674067358,0.09943687290250505,0.11818754810725747,0.8344975360521157,0.9500555367024052,0.9265108585212677,0.0693741509407328,0.058425539969164324,0.060230715178695264
0.163614,0.027170351,9.59959870334346e-05,0.032971073,-0.513563362,0.0145,0.0184,0.0213,0.024,0.0267,0.0295,0.0324,0.0358,0.0406,0.0501,,0.3569936932072434,0.4583074989035401,0.7522565195812616,0.04139887765815607,0.11290403856396122,0.07221035487217717,0.09708278302064526,0.11327578759229505,0.1157844876556254,0.8987627799422875,0.8150778445360602,0.9360237589314178,0.06904191571181201,0.07008025520392128,0.0657039498590965
0.167773,0.02385755,7.661379174223405e-05,0.021698731,-0.577887462,0.0119,0.0161,0.0188,0.0213,0.0238,0.0266,0.0291,0.0316,0.0353,0.0443,,0.40466379168501315,0.46965307625545394,0.8207355791206922,0.04498536632388202,0.12224949500476236,0.0648044652221502,0.07945634720760848,0.08922710139545335,0.11958427424215137,0.8453911974326551,0.9430053811886885,0.8623008438781645,0.09303807799079002,0.09059675212011543,0.0940250235333915
0.159133,0.02391242,7.931586241800812e-05,0.068023682,-0.545137793,0.0119,0.0159,0.0188,0.0218,0.024,0.0262,0.0286,0.0318,0.0359,0.0466,,0.35326937010309745,0.40228278460809713,0.5464988553878599,0.04183135856785977,0.13845691254455464,0.08098651431185523,0.08561080848331507,0.11716680170606741,0.10583358011902572,0.8172340705078226,0.8159090382152249,0.9533693281123446,0.06676863599513745,0.06430805999945885,0.08032651341474394
0.16461,0.021025374,7.735391011151163e-05,-0.129188363,-0.829705366,0.0085,0.0127,0.0159,0.0188,0.0213,0.024,0.0268,0.0293,0.0326,0.0407,,0.38841117009442067,0.4709380246154661,0.790374712979481,0.04418522982623491,0.1355810389671248,0.05762464880797286,0.09422545599210315,0.08810451483457468,0.10223747807190839,0.8704858128315471,0.9922054263732513,0.9651756031915731,0.07785637578543456,0.08945637904972438,0.09400952629554812
0.160638,0.020708192,7.18025439836461e-05,-0.063171226,-0.809049858,0.0095,0.0124,0.0161,0.0185,0.0207,0.0235,0.026,0.0287,0.0318,0.0394,,0.37390979960935394,0.4424221385959148,0.6736680767970539,0.04271331098516181,0.13263074183433335,0.05508593866577289,0.09761718526555548,0.08594588224954651,0.10433152211557019,0.8376642677601351,0.9546496445307423,0.9677729758875278,0.061062888789699996,0.058844833875915235,0.06023902869379849
0.167178,0.022876577,8.80924468062901e-05,0.034117234,-0.687501128,0.0102,0.0136,0.0169,0.0201,0.023,0.0258,0.0287,0.0314,0.0354,0.0478,,0.38171708265540777,0.40273281801058725,0.5444411796115131,0.03850480141782376,0.13944127205581475,0.05337841112730228,0.08136426642691123,0.09029537652108593,0.11965550058043462,0.9311485572189099,0.8451476822648922,0.8461592528479653,0.0639869515798512,0.08743331506949506,0.08349048699131355
0.169214,0.022288087,8.872959460653096e-05,0.1000734009867442,-0.625247426,0.0098,0.0131,0.0163,0.0193,0.0222,0.025,0.0282,0.0309,0.0346,0.0478,,0.35407536938896805,0.4262592964554663,0.6958850246493129,0.048815933915795605,0.1371187972861895,0.07458878913956482,0.06777647343375096,0.08447510677345196,0.09970353085148125,0.9013191904572323,0.8161778933597168,0.9840629941039094,0.06463527507792474,0.0595983303701424,0.07796545661299371
0.167885,0.022352269,7.739286467297755e-05,0.2131000656107699,-0.392297541,0.0111,0.0142,0.017,0.0195,0.022,0.0244,0.0268,0.0297,0.0345,0.0491,,0.3598424710971223,0.4781834577015419,0.806230689154146,0.03573253537004514,0.11907494600197346,0.08075760881231629,0.07406129504364671,0.09935684099079455,0.12287948627025663,0.8364874610066977,0.8264089293632516,0.8512385379577683,0.06483132936511098,0.07074218842751351,0.08803911713651805
0.161753,0.020709472,7.983736848580857e-05,-0.071913106,-0.810602311,0.008,0.0124,0.0155,0.0185,0.0208,0.0233,0.0264,0.0292,0.0325,0.0404,,0.3660504109527704,0.4733742686300049,0.6464762388643812,0.04421678585601986,0.1469810430176961,0.05641156235601976,0.07667212317196495,0.1176916428975978,0.0999418091969775,0.8638822298849554,0.9972665503345525,0.9320379128272499,0.05894582937243112,0.07727852553020673,0.0660045956501484
0.158693,0.020987362,8.5268443966353e-05,-0.013962636,-0.750180064,0.0082,0.012,0.0158,0.0186,0.0211,0.0237,0.0265,0.0297,0.0333,0.0444,,0.3959524804298849,0.4736275509395304,0.6691841578174021,0.03692243033801058,0.11393110233504421,0.05868436514266317,0.10335422276512925,0.11114407114803966,0.11476399375028265,0.8313802201721299,0.8165709622401109,0.83799579095455,0.09052134246182843,0.05579391570503118,0.060108075060137676
0.167456,0.020989427,6.763673698940787e-05,-0.032893452,-0.763449896,0.0094,0.0135,0.016,0.0183,0.0212,0.0237,0.0259,0.0287,0.0322,0.0423,,0.4098308763932764,0.4073232421179526,0.5868369617343658,0.0384847648841303,0.1249867413945593,0.0830468435212413,0.1021370839892117,0.09028410808123619,0.12964274874962958,0.9772034353850672,0.943851349697356,0.869324191091688,0.07294968573149252,0.0840008736463308,0.061871748093182584
0.165371,0.022013956,8.819337830648195e-05,-0.076131398,-0.811774287,0.0086,0.0134,0.0163,0.0193,0.0225,0.0249,0.0276,0.0311,0.0344,0.0419,,0.3992735850335622,0.44659660378721655,0.82425665817204,0.043666185048249706,0.14158721508142974,0.055632195983772406,0.0944698532343048,0.11066726688855938,0.09987779817056819,0.8867271909838631,0.8684293549722596,0.8215733738257331,0.06029076148924079,0.05542197935028527,0.06833526204714284
0.168517,0.021784147,9.7340212024939e-05,0.05789452,-0.767422649,0.0082,0.0119,0.0161,0.0187,0.0215,0.0245,0.028,0.0308,0.0353,0.0437,,0.3830415010829587,0.4027699334849018,0.5486557153883896,0.03678517632955013,0.11454346436332347,0.051496411190458787,0.09735223103320448,0.09466922520596247,0.10571927767210548,0.9505931981356763,0.9062161074745942,0.995930283309832,0.062344777540727286,0.08218241688813187,0.09648902381336784
0.15332,0.019084574,6.944440423291915e-05,0.002000866,-0.704391627,0.0073,0.0116,0.0139,0.0167,0.0195,0.0216,0.0241,0.0271,0.0299,0.0407,,0.3941337437122181,0.42495054985385344,0.555435721306922,0.03810366689337938,0.13779871565891055,0.06482600313594206,0.10115340401520033,0.08901102042087831,0.11694817293372273,0.8571424492359224,0.8922095820814543,0.8926253022248364,0.07844796821834113,0.061840680207520766,0.09784278218863958
0.135356,0.020056026,7.885907523249238e-05,-0.036943692,-0.808004461,0.0075,0.012,0.0147,0.0175,0.0206,0.0227,0.0253,0.0285,0.0322,0.041,,0.4027114026458912,0.48881450839950097,0.5333468089146072,0.04357112813395562,0.1218279394650568,0.05435081168287805,0.09750351039709629,0.11794149134050076,0.10160537953896175,0.900850838493482,0.9748591768856562,0.9906444959796024,0.0745017750863781,0.09196750648573401,0.09021641474877595
0.139821,0.020841804,7.209431710002064e-05,-0.051208739,-0.80548518,0.0093,0.0127,0.0158,0.0186,0.0211,0.0233,0.0263,0.0287,0.0321,0.0402,,0.4165251264291269,0.4904661416727805,0.8222930097129966,0.037823567887932064,0.13444113730286258,0.07905755921714774,0.07930873751598057,0.10319264111479426,0.10776007187090333,0.9179712104127545,0.9883500601934658,0.8601623467426304,0.06446240759900378,0.05935690383298246,0.08829294692968513
0.147329,0.019871114,6.38864875955529e-05,-0.009325263,-0.788731426,0.0093,0.0121,0.0151,0.0177,0.0199,0.0228,0.0246,0.0274,0.0306,0.0388,,0.3783643033798653,0.4316175776510224,0.8872225098938568,0.04477486508837534,0.12874779664486427,0.07022942549965615,0.10330044405470354,0.08530795473380681,0.13167115125586124,0.8794965385019695,0.9761631787261442,0.8084914972586346,0.07943752482307395,0.0764489944124951,0.0884784230974321
0.15063,0.019165028,6.963414586927634e-05,-0.071614273,-0.821084868,0.0072,0.0111,0.0144,0.0169,0.0198,0.0219,0.0241,0.0273,0.0302,0.0377,,0.3909338684009875,0.47887476237601667,0.9205918994529169,0.046245685232269046,0.12336890238114105,0.06817679720845805,0.07075699702325962,0.10322539835235331,0.11016622558958628,0.8620179759328822,0.9183172945792552,0.8700510840364085,0.07110334508541333,0.08089603765594622,0.05724828045902931
0.153178,0.0202065,8.074443130219005e-05,0.030334665,-0.655998821,0.008,0.0115,0.0147,0.0179,0.0206,0.0229,0.0253,0.0283,0.0321,0.0457,,0.41505749011272924,0.4839607050443716,0.5169908470541984,0.043191549776552096,0.1256937473743335,0.06038096993707131,0.06760497106091466,0.11191195478047744,0.12992893396847902,0.8938005948985009,0.9510341524962266,0.9539216441087738,0.06809205877921794,0.06759944949354854,0.06675965073883024
0.148488,0.020421751,6.919238149834763e-05,0.022023051,-0.774552443,0.0099,0.0124,0.0152,0.0183,0.0203,0.0229,0.0255,0.028,0.0316,0.0395,,0.3542661334575921,0.4931035325407288,0.7926968889622673,0.04606397112708417,0.14559588352584452,0.05447505354748017,0.09260589081914493,0.10678524393265412,0.10856591631071412,0.9614696531622382,0.8251924978890678,0.8350078765513926,0.0881268791102276,0.06473723257459726,0.09890980684525492
0.156335,0.019785248,7.495881785081718e-05,-0.055600659,-0.802593086,0.0075,0.012,0.0146,0.0173,0.0204,0.0224,0.0249,0.0281,0.0312,0.0411,,0.3670745098153478,0.44173391220780966,0.7406288366240498,0.03544014992524258,0.14765042659997948,0.059952260550443864,0.09082931602145307,0.09127375731612689,0.1210394564581394,0.9520718258478065,0.9178806037707423,0.9684360411080503,0.05262790238082504,0.057596147837072655,0.09658152415115916
0.14462,0.020193215,8.019405555663096e-05,0.1763292167510311,-0.491940156,0.0084,0.0116,0.0146,0.0174,0.0199,0.0231,0.0254,0.028,0.0319,0.0468,,0.3592107094904263,0.44272127975283165,0.8646652542839347,0.04525559010351315,0.14586449725806633,0.06646027257227737,0.07580392818129582,0.09430942057551357,0.10764322421225421,0.940731495812068,0.815536039978736,0.9820658221312003,0.05825456965634966,0.0734455045357177,0.07334490345934722
0.143087,0.022811198,0.00010668,-0.01878969,-0.872181369,0.0086,0.0125,0.0171,0.0198,0.0226,0.0257,0.03,0.0328,0.0364,0.0448,,0.37049500816011866,0.4372805745276636,0.5079653023783869,0.03915713714695921,0.1260375475579661,0.06214198224887545,0.10226145732055858,0.09252949856109884,0.10306271420913503,0.8760786939104774,0.8093952741992825,0.8134260984623144,0.07546001413739031,0.053698180582130585,0.06284104022388842
0.094151,0.015996084,5.288949905804925e-05,0.00745772,-0.860128881,0.0064,0.0092,0.0116,0.0137,0.0159,0.0181,0.0204,0.0231,0.0259,0.0332,,0.40376268894881523,0.4631574903608511,0.6945755761273128,0.04701473234347465,0.12348954377882401,0.06051197387120638,0.10221642366683271,0.0931043265178379,0.12705248440249606,0.8884066088291318,0.9540591030114333,0.8994138480532257,0.08005951282189055,0.07626236086331471,0.06856970583483347
0.085674,0.015442863,5.196750561918229e-05,0.084216377,-0.772611551,0.0051,0.0085,0.0107,0.0129,0.0155,0.0174,0.02,0.0222,0.0251,0.0339,,0.4030587018559288,0.43122072249111965,0.7899696731818043,0.04789582930614844,0.11863389172634449,0.05639719256104017,0.09928756531245596,0.08845853508935513,0.12477411342496503,0.9667393419399253,0.8939245376258997,0.8211219334071,0.09080456542891059,0.07853137512545363,0.07596032172805273
0.104409,0.0171892,6.407091358717148e-05,0.1613990208289754,-0.583288202,0.006,0.0102,0.0122,0.0147,0.0174,0.0192,0.0216,0.0244,0.0276,0.0391,,0.3990233626627266,0.4103821505185049,0.6678755916022747,0.04756471997186224,0.119037039969631,0.061480864074352895,0.07753051856067088,0.09260346696413323,0.11769821542892933,0.8731613694060337,0.8993184872417737,0.8958623273396393,0.05169962459533359,0.09128567784882564,0.08430625676983296
0.090644,0.015342403,5.150731006983257e-05,0.1255708171835086,-0.741796694,0.0052,0.0086,0.0108,0.013,0.0153,0.0172,0.0197,0.0218,0.0253,0.0344,,0.3700090090137248,0.45224388331257215,0.8178983684780522,0.04242848140776057,0.13288136198543166,0.06620768891881434,0.06811781842099372,0.11051625728388556,0.10577600588811158,0.851715253099986,0.8045883991771081,0.93890794991792,0.07067923876293061,0.06009134190486954,0.08142964539707903
0.070589,0.016292971,6.256495443825805e-05,0.2681599984737329,-0.549978787,0.0056,0.0092,0.0112,0.0133,0.0159,0.0179,0.0208,0.0234,0.027,0.0375,,0.38671283405941653,0.47971684896482036,0.5486365397680726,0.0459846813158236,0.14243497119876328,0.0649809588163747,0.0989906438446336,0.08721655320702631,0.0984388724951243,0.9344762769897292,0.8345978582345518,0.8402839360869314,0.08555420900968888,0.06772291910552274,0.0738324111639854
0.085224,0.015334883,4.6773458454960966e-05,0.1492371513539917,-0.757320236,0.0065,0.0086,0.011,0.0131,0.015,0.0173,0.0195,0.0217,0.0247,0.0316,,0.35081761263708716,0.47819540990736864,0.9275437927033205,0.04878124255972171,0.14584841611340527,0.08598399761090243,0.0988533858352398,0.10263554797944272,0.110006634190309,0.9081319687439008,0.8302337043148328,0.9634471533854407,0.0636597298464619,0.08376087865136074,0.08799438319953704
0.102938,0.01641738,5.859714513698425e-05,0.071987083,-0.809805654,0.0054,0.009,0.0119,0.0136,0.0165,0.0183,0.021,0.0236,0.0268,0.034,,0.41430879187336256,0.43739483111724314,0.6522222329636106,0.048536337616565464,0.11995855986566611,0.07241922157569781,0.07722435710163146,0.08598097264405877,0.12246138643569686,0.8926866790258211,0.8190318674053872,0.9135176368327277,0.05462102662817084,0.07374035902334973,0.06440022036486467
0.0947,0.016141342,5.8032386346622e-05,0.1556935234377253,-0.67085735,0.0056,0.009,0.0112,0.0135,0.0158,0.018,0.0206,0.023,0.0265,0.0368,,0.35201464685402195,0.4348891818520494,0.5775450978137101,0.042435411525706845,0.12460135130374081,0.07371545354977489,0.10408729202000683,0.10122590307392534,0.10373788338552514,0.8604532313999231,0.915467721790841,0.8868970356638759,0.06865082307685133,0.054071986596581884,0.07929675950088935
0.121019,0.016231722,5.185524351904806e-05,-0.036127821,-0.836828174,0.0055,0.0099,0.012,0.0145,0.0163,0.0185,0.0207,0.023,0.0258,0.0335,,0.4032744831397441,0.4368153177253502,0.6374947413739082,0.03537699824231856,0.14034877037692584,0.06968465902046787,0.069016340687492,0.11661047430635813,0.12507623057210426,0.9886644609300829,0.8256736755677927,0.9914005161203393,0.08275357072430273,0.05683593526104434,0.05839053991683006
0.112323,0.017414328,6.274179055979988e-05,0.036145793,-0.743231016,0.006,0.0099,0.0128,0.0151,0.0174,0.0198,0.022,0.0248,0.028,0.0366,,0.3893355990906041,0.4151312158679009,0.7613833622218904,0.036873590730102386,0.13475091782581153,0.06375937341694615,0.08898140387666773,0.10760680061307652,0.11546962605643593,0.9266636355720441,0.9535913469048857,0.9867796506630906,0.08721195228677171,0.06629735999577212,0.06271012670301306
0.193813,0.02053213,7.666343287561771e-05,0.004919087,-0.613621505,0.0083,0.0119,0.0158,0.0182,0.0206,0.0231,0.0257,0.0285,0.0318,0.0437,,0.406471964223345,0.4583038955299853,0.5950879395907813,0.03563205360797233,0.11934874623904149,0.08046892870200595,0.07326836533140081,0.09097542909434933,0.10312074365365355,0.8444197899855616,0.8619133487307534,0.9043635327534668,0.08903589412107087,0.059391146577747765,0.05954990619557602
0.182497,0.01922858,6.182052537611272e-05,-0.016078897,-0.827027805,0.0083,0.0114,0.0146,0.0167,0.0195,0.0215,0.024,0.0267,0.0303,0.0368,,0.3571656601115475,0.426687857437219,0.6920212291752954,0.04681938928224928,0.13819280286047733,0.08003479860057242,0.08270741822303937,0.08151351894556813,0.1044925528005025,0.8386486842278487,0.9354894953274971,0.9691200215030359,0.07844617526915161,0.07731905799314755,0.06564164553631717
0.188349,0.023297383,7.890159212124362e-05,-0.081616198,-0.75408463,0.0105,0.0151,0.0179,0.0208,0.0237,0.0263,0.0287,0.0314,0.035,0.0431,,0.3656787637687327,0.4562468288354265,0.7808248011565491,0.04656297446995789,0.11274804924732583,0.07430036993870079,0.06558055119449506,0.09953863398804429,0.12866780222424762,0.9731651137119599,0.8820637041611723,0.9591736445505575,0.07750064014164305,0.07608835486811383,0.0623988518515128
0.19718,0.021941542,8.368421152194823e-05,-0.099303771,-0.732196379,0.0091,0.0129,0.0174,0.0198,0.0222,0.0246,0.0274,0.0307,0.0339,0.0451,,0.3688219146561955,0.47013857965201566,0.7682124634809064,0.037961834673829714,0.1464803232698771,0.06884768731903107,0.09837017098463631,0.11226548537936691,0.13186835837403682,0.876577199818214,0.9714335754690112,0.9409747308972803,0.06287222862171646,0.05674248783768078,0.08298942066997612
0.199342,0.022038309,8.747887060535191e-05,-0.074591756,-0.77981167,0.0089,0.0127,0.0168,0.0194,0.0222,0.0248,0.0279,0.0308,0.0347,0.0437,,0.3816512220489172,0.4824900140742586,0.5327520317730435,0.04291842523547592,0.14074496483251697,0.06507505862031064,0.08529197060084193,0.09688177044657847,0.10260804231585494,0.9940499822789938,0.9131371359351231,0.8256082125112864,0.06645348570311077,0.07783873548350795,0.08548125891737325
0.19395,0.022157181,8.55275310958817e-05,-0.044568923,-0.694879121,0.0093,0.0131,0.0169,0.02,0.0224,0.0249,0.0278,0.0306,0.034,0.0455,,0.37553733989257093,0.4696212924354087,0.5699006987033766,0.04389219429213611,0.13876518849687125,0.07843213947367539,0.07539883409389686,0.11723328046514062,0.09816913693157757,0.9334931500722444,0.9637110592592361,0.9493616262962439,0.055875741267586536,0.07273782897181101,0.096962459339186
0.20613,0.020622138,7.31456830611395e-05,-0.061449773,-0.69258731,0.0085,0.0125,0.0157,0.0182,0.0208,0.0235,0.0259,0.0284,0.0316,0.0426,,0.3902714915920426,0.47129927612637096,0.593059749665949,0.03577291058730981,0.13067239011150994,0.08451827013324296,0.0657463918402466,0.11806975929731987,0.0965380822225736,0.8579834220276924,0.9383583416771261,0.8935346429405444,0.05300256566090783,0.08303581993528261,0.08165873333497976
0.19872,0.024120696,8.020225840541182e-05,0.014801956,-0.612606978,0.0119,0.0158,0.0188,0.0216,0.0243,0.0267,0.0293,0.0322,0.036,0.047,,0.35310509861335426,0.46923512866428035,0.7566773784498952,0.0432276380361871,0.11840110124606879,0.08110855161507202,0.09825276741857533,0.0903348001841628,0.13095075359645425,0.9477569670652558,0.9481709670204274,0.9595819440968134,0.07658705455486794,0.08194416675397453,0.07311033509292118
0.195698,0.023323203,8.041734184511424e-05,0.1390379948122586,-0.442338057,0.0115,0.0148,0.0177,0.0204,0.023,0.0258,0.0287,0.0314,0.035,0.0483,,0.3903525480178807,0.4617593324158588,0.8805486661107634,0.04333743143368367,0.1321762772191803,0.07540597134505611,0.08152247821607923,0.08694749682937766,0.10562709516518516,0.9456965930346439,0.9090014781161362,0.8189105980891194,0.08055413772346207,0.05933714668980515,0.08512944504935548
0.160906,0.026539976,0.000148758,0.1293001607100463,-0.734174452,0.0108,0.0153,0.0189,0.0227,0.0263,0.0295,0.0333,0.0373,0.0437,0.0535,,0.39278719391143196,0.41424992861350224,0.5183752583172451,0.04476352027359409,0.11551959084450246,0.0537330533275177,0.09195872347281948,0.08369723268863333,0.12094669244759632,0.9891458325068018,0.9398956013587572,0.972943283082798,0.08731555415990454,0.06544913468047166,0.0750405341430366
0.132372,0.020238111,5.802451962362362e-05,-0.020471498,-0.756895446,0.0103,0.0129,0.0158,0.0179,0.0201,0.0227,0.0248,0.0275,0.0304,0.0384,,0.3783661955742744,0.4049275401478614,0.7029118491937212,0.04212905797739071,0.11406148052372739,0.07347049963872265,0.07987356266940472,0.11743087232983973,0.12697228834606847,0.9622856176738847,0.8781193287564032,0.816116042295875,0.052865119053069065,0.06924489801204216,0.08414644843437806
0.131366,0.019119688,5.508996551994998e-05,-0.040475656,-0.820190636,0.009,0.0125,0.0144,0.0173,0.019,0.0215,0.0235,0.0262,0.029,0.0351,,0.368012912955128,0.46900134790035436,0.7258430075374911,0.04110568257673546,0.12613269368330124,0.06010831157284888,0.09775684224725643,0.09457191600121234,0.13003375540266862,0.9259475992454993,0.9352297537717151,0.9930445260272319,0.05506056878827329,0.07425923226505458,0.0765871929778099
0.133935,0.018135371,6.625911158989053e-05,-0.022148259,-0.88075159,0.0064,0.0102,0.0131,0.0158,0.0183,0.0205,0.0232,0.0258,0.0292,0.0361,,0.3934315815707239,0.40707127204867755,0.6280601802699466,0.03873208979251303,0.11590989631578472,0.052805562907592314,0.07045380703328182,0.11003729354078783,0.10965324754139336,0.8341454949572676,0.8904947763624715,0.95094918037312,0.07264994458287204,0.07428585141825178,0.062851553990211
0.140515,0.019133476,7.232464045744314e-05,-0.02583282,-0.842161154,0.0069,0.0111,0.014,0.0169,0.019,0.0221,0.0243,0.0272,0.0307,0.0386,,0.4142133824002929,0.4907969558515742,0.674723042599504,0.04848993956669294,0.13844265420778404,0.0788228563419284,0.10167323356127464,0.09781500569640658,0.1123381439124859,0.9575037813203284,0.8173646968135952,0.9484725808427272,0.07141048467802182,0.07512626128168488,0.09500516835960975
0.146906,0.02010723,6.728321562855486e-05,-0.041884865,-0.864257994,0.0091,0.012,0.0154,0.0176,0.0206,0.0226,0.0253,0.028,0.0313,0.0377,,0.40109916804673273,0.4449433916468965,0.5900506326259854,0.04119085924189788,0.12323127678911215,0.06112588324190755,0.09897256342925573,0.11721315194767007,0.10298794498060121,0.9311165994221149,0.8464210768868282,0.9479084231032778,0.06686853058216455,0.05197675212096861,0.08944744699734722
0.135322,0.018578106,5.747484304699705e-05,-0.077433062,-0.884939904,0.0083,0.0113,0.0136,0.0166,0.0184,0.0211,0.0231,0.0259,0.0287,0.0344,,0.3573180795037065,0.4417349692478581,0.7323363699885143,0.037469912603283,0.13518941542970697,0.055574164929457194,0.0741820706077037,0.0949048954702694,0.11832613677170205,0.8513667300376283,0.8958172685096362,0.9302081065224838,0.07297494688527269,0.08727795808224739,0.061804636476683474
0.138138,0.018700949,7.773443914353802e-05,0.240417573,-0.377571501,0.0072,0.0103,0.0134,0.016,0.0185,0.0213,0.0236,0.0266,0.03,0.0462,,0.4090368153186829,0.44487128058840403,0.5865555229771341,0.041796394517430176,0.1387164466980237,0.05745965730061916,0.08576278264039437,0.08803038935119822,0.1128364506709914,0.8947246242609657,0.862239433578516,0.8651702507665514,0.07022886536094551,0.08983504305340483,0.07604916610690077
0.136904,0.022306084,6.376130983233537e-05,-0.150638761,-0.708970138,0.0115,0.0152,0.018,0.02,0.0224,0.025,0.0272,0.0302,0.0328,0.0394,,0.3937517433336389,0.4320085947549031,0.586022371264761,0.04273332536583119,0.13304153452021905,0.0626997789483146,0.10185867855199,0.09720675491083981,0.12454772849467124,0.929423780567973,0.9774809485109425,0.94430563549973,0.08983204788556602,0.07214371733201821,0.057711326449333716
0.135431,0.017655746,5.373139539367471e-05,0.041907566,-0.769755867,0.0072,0.0104,0.0131,0.0155,0.0178,0.0199,0.0221,0.0244,0.0275,0.0361,,0.3786616273402978,0.45368160095426696,0.6681485023221378,0.043121050811387326,0.1272851055921821,0.07391179508196556,0.07238325667830121,0.11177967745298933,0.12510578428445635,0.9613639207111008,0.8640034494879821,0.8570141454656722,0.07677536950250458,0.09867359678449088,0.09357950448771751
0.136837,0.021435383,9.661884624721984e-05,0.07184306,-0.738521659,0.0081,0.0118,0.0158,0.0189,0.0213,0.0238,0.0271,0.0307,0.0347,0.0451,,0.39504822395747985,0.47119423684280787,0.7158680282216139,0.048439272944641565,0.12950289419057467,0.0744276585944467,0.09479098321825552,0.09852794603784375,0.12802875426057878,0.8821909684311815,0.8512913972876066,0.803247736284854,0.06376893985590847,0.08328860900448677,0.09431194850987071
0.16788,0.021976452,7.987100789831209e-05,0.09681055,-0.633007165,0.0097,0.0132,0.0171,0.0194,0.0218,0.0243,0.0271,0.0302,0.0337,0.0446,,0.3897538879145567,0.49349121047304517,0.6499867193528529,0.03815116835526491,0.13371373524190527,0.05382601077806207,0.09928393051945766,0.0900635267112585,0.12995519484297677,0.8802236135001033,0.8702654473634072,0.8398619698061621,0.05732794547305924,0.06388366523268425,0.06178811572283046
0.180687,0.021529577,8.934014816807759e-05,0.055035974,-0.63476378,0.009,0.0125,0.0161,0.0186,0.0214,0.0244,0.0272,0.0302,0.0342,0.0475,,0.39635441404421096,0.4135322380598563,0.8937475834418129,0.044087450335036374,0.1211727281173056,0.07413077145788484,0.0921757734128325,0.08665654964322207,0.1306341862948185,0.9494851612307683,0.8991826385794528,0.9472532060180585,0.09414036773199218,0.07398959692662659,0.0767775689478194
0.169787,0.018558019,6.453377274645023e-05,-0.021502199,-0.658481861,0.0072,0.0115,0.0138,0.0164,0.0189,0.0212,0.0231,0.0259,0.0292,0.041,,0.358840780406947,0.4117277824020809,0.7205638076749419,0.037034373136281835,0.11383269264795164,0.05082699589203976,0.0766833893548949,0.11839137326723248,0.10639566859327039,0.9907201033973904,0.9716213780625078,0.8204054785943486,0.07136565258983826,0.09402708392764358,0.06730560092212252
0.171097,0.019009349,6.38582752043904e-05,-0.082002821,-0.859493438,0.0075,0.0111,0.0142,0.0166,0.0196,0.0216,0.0241,0.0264,0.0299,0.0369,,0.3547910277628941,0.4231799655234212,0.6663758452471441,0.0382631122645501,0.11883912477010786,0.06601951940220444,0.09467008924613633,0.09083954537906377,0.114584927090675,0.8232667375202011,0.875326972138194,0.8572779858582127,0.07409275107059106,0.05196228446570053,0.08280266373810036
0.170701,0.018584205,6.715144742701678e-05,0.043241776,-0.634843695,0.0071,0.0114,0.0138,0.0164,0.0187,0.0211,0.0231,0.026,0.0294,0.0411,,0.41834195294461324,0.44448105621893824,0.5165968464704699,0.04412858985644263,0.13604356774817447,0.0625513715512739,0.08785780029681392,0.09037263628102797,0.1252647950248335,0.8863228934195833,0.9551913067662385,0.8128119999353915,0.07223943265464298,0.09456777651601848,0.08063621515746604
0.166372,0.021011006,7.643557370054497e-05,0.048077907,-0.74669522,0.0093,0.0129,0.0154,0.0184,0.0213,0.0234,0.0261,0.0291,0.0327,0.0412,,0.4121473891420956,0.46195249340418354,0.9290179613137459,0.04517352600618637,0.12236173402286868,0.0675423602071485,0.09447559316534895,0.09896353494420176,0.11727402998979758,0.8414803123776371,0.8174430423841841,0.9237959891469387,0.05155026405454593,0.09594453296000341,0.07805571704655404
0.165894,0.020622173,7.562727302933014e-05,0.1247362240466578,-0.585370075,0.009,0.0121,0.0157,0.0185,0.0206,0.0229,0.0256,0.0285,0.0322,0.0453,,0.3868404672953648,0.4593836917571501,0.8762175054425445,0.04284568650238257,0.12375850344557368,0.05824935442830424,0.08181107848777401,0.1125418632905598,0.10749464793341051,0.8919397282160237,0.8661649216375427,0.8944193191641651,0.08182164451637976,0.06306880364862633,0.0899042640051662
0.168003,0.019360987,5.728778915082664e-05,-0.059795076,-0.792279488,0.0092,0.0119,0.0149,0.0171,0.0199,0.0216,0.024,0.0265,0.0293,0.0372,,0.36639040849422794,0.45224761610627906,0.8404190287941442,0.03830371524138611,0.14443115847816917,0.0640668245572962,0.08137219297452772,0.11085034719694628,0.1050674424861985,0.8321509566735673,0.993404146118999,0.8198237282724484,0.06523116971227357,0.07983876882506545,0.08950995415129738
0.175794,0.022577195,9.930282558705807e-05,0.002124841,-0.687890693,0.0095,0.0133,0.0169,0.0198,0.0226,0.0254,0.0282,0.0315,0.0359,0.0501,,0.356269362494486,0.4482834185863472,0.8919539076370034,0.038831592984490446,0.1457120002568478,0.055231482606626005,0.09842521451239312,0.10903404118790487,0.10633003233036728,0.9034220495897896,0.9804792124950802,0.8317660877268509,0.07653662855000859,0.05353193661608617,0.0930349094408978
0.169601,0.020105576,6.538314463433226e-05,0.085214786,-0.599204382,0.009,0.0124,0.0153,0.0176,0.02,0.0225,0.0249,0.0272,0.0306,0.0426,,0.403686537381717,0.4782371806293203,0.6188360280635992,0.03839764149743662,0.1196638780564824,0.06436766283348097,0.1041511307627462,0.0873364064429276,0.13099432383443252,0.9100950560800611,0.8516266563972452,0.8131624271025499,0.07959376124891024,0.06630003069244694,0.057603602634176264
0.160605,0.019978049,6.49098374571525e-05,-0.087456452,-0.877145464,0.0091,0.012,0.0154,0.0174,0.0201,0.0226,0.0252,0.0279,0.0307,0.0378,,0.37347087548703856,0.40142589472397683,0.6059211446395872,0.044748876247163234,0.14805610433029306,0.051935833858417914,0.07606772202082658,0.11186997598879515,0.10448651996653821,0.9885984086300923,0.8474880462761121,0.9660051846905401,0.08875551701468383,0.07502463253958809,0.09602651774833952
0.164879,0.019278082,6.04080716558669e-05,-0.045822401,-0.871833332,0.0085,0.0115,0.0145,0.0172,0.0194,0.0217,0.0241,0.0267,0.0298,0.0361,,0.3954879335885027,0.4463966581389111,0.6237620076591963,0.04596890081063088,0.11764949380960198,0.07152463054892821,0.07634025245858052,0.08667269869978539,0.1033725562834835,0.9320676900411784,0.8305544317217037,0.9874478880624178,0.07820972138130403,0.055585584895972595,0.0906346739945883
0.156532,0.018090664,6.353967123204452e-05,-0.016333362,-0.861696233,0.0066,0.0103,0.0132,0.0155,0.018,0.0206,0.0232,0.0257,0.0289,0.0364,,0.3963836164541831,0.40208684690400304,0.5124626535130996,0.04067532485558205,0.1305504708381058,0.06644048652762734,0.09543327453729811,0.08080837112231308,0.1056301641841421,0.978381934389186,0.8570248713250801,0.8932626979989109,0.08973498368833925,0.07126066956219164,0.0986647839610985
0.170931,0.019458963,6.272103899061142e-05,-0.032384392,-0.737216173,0.0081,0.0119,0.015,0.0175,0.0194,0.0219,0.0242,0.0267,0.0302,0.039,,0.406612736987858,0.4282159396123468,0.930742261640933,0.04060053583496648,0.12400045654028796,0.053569518320134325,0.08759840829445308,0.08883124642595175,0.11886100823423608,0.9687861711130005,0.9766795536829835,0.9513159424175827,0.09218513622948732,0.09352940492602736,0.08091006036166062
0.162785,0.019468829,6.677232267311328e-05,0.1869374928713107,-0.441040275,0.0086,0.0115,0.0146,0.0176,0.0194,0.0214,0.0237,0.0266,0.0305,0.0451,,0.36653918805132957,0.4940431189135941,0.8869971932124495,0.03769217941745272,0.1166520517975817,0.07640953072932767,0.08310774974069672,0.11035688547241229,0.10264692555313784,0.9024569501999615,0.8547268533443708,0.9690430699662271,0.052225100736488034,0.09544433827891242,0.07639838918819485
0.16558,0.018412184,6.666456945617691e-05,-0.009994073,-0.797700122,0.0067,0.0105,0.0132,0.016,0.0184,0.0209,0.0233,0.0261,0.0297,0.0367,,0.3725149486722335,0.4679997586650531,0.8595119266020267,0.048957437142700566,0.13776604031337675,0.07205419790793709,0.07481977865160969,0.10815415743824806,0.11252179004860474,0.9509536723116906,0.8866135198590629,0.8817951876093312,0.057453398309410014,0.09172662279743023,0.06479468679773111
0.150471,0.018356246,5.054953689100083e-05,0.00818532,-0.72293136,0.0088,0.0122,0.0139,0.0165,0.0183,0.0203,0.0226,0.0248,0.0279,0.0351,,0.3783330004283945,0.412676784722373,0.8399557528403779,0.03838797071630026,0.11326430226627636,0.051773874815061544,0.07605130017677557,0.09424334286692103,0.11353621209114548,0.9346683536622415,0.9366371033758462,0.8144533651617508,0.0848095441267449,0.08553043220357026,0.06527418109667935
0.154879,0.021645478,8.75425644003998e-05,0.089252926,-0.661124381,0.009,0.0124,0.0165,0.0192,0.0216,0.0238,0.0269,0.0303,0.0341,0.045,,0.39204160790055576,0.40844056079253666,0.8964657349993176,0.04090526480716634,0.14456881087963744,0.0853330997507725,0.10232501096886208,0.08059840038675053,0.09626881864169902,0.9745008449809013,0.8880316340159751,0.8458056397459927,0.08844568677861717,0.08016716182999296,0.06402111660185995
0.160284,0.022461798,0.0001095,0.4509288217150616,-0.153723833,0.0088,0.0125,0.0161,0.0187,0.0214,0.0241,0.0274,0.031,0.0371,0.0553,,0.40428895090547057,0.49867044479359623,0.6202445304756916,0.035880314199223426,0.11545785846479613,0.061062938610343766,0.08036393623097442,0.10106148604127112,0.09725413951716518,0.9566632987856326,0.9585614158465156,0.895463268209364,0.05396477306971062,0.0880911432567946,0.09906848985089359
0.137065,0.020763831,7.529732856343062e-05,0.1043369805275481,-0.713585517,0.0095,0.0129,0.0153,0.0179,0.0209,0.0231,0.0256,0.029,0.0323,0.0415,,0.4184341585335584,0.4185219152702333,0.7771762347067984,0.037086569550396555,0.14742446286825903,0.07387105483623863,0.10156812715939292,0.09705285258000632,0.11200548618620346,0.8486918593587583,0.8213321677653642,0.8958731721072725,0.07564217662556233,0.09780504511104597,0.07152763967104446
0.144764,0.019032065,6.370778326961845e-05,0.1049567828522156,-0.673354326,0.0083,0.0115,0.0141,0.0167,0.0187,0.0212,0.0235,0.0263,0.0298,0.0382,,0.3528597098048594,0.4816509670613974,0.9282815720664158,0.03786625655652373,0.1142702192577044,0.07296636758169156,0.07076848336211604,0.08652171504190938,0.10121314234097259,0.848481921981564,0.8509755375970058,0.9118215122915017,0.07422231648995548,0.0698081529780024,0.07008183828268232
0.129697,0.019249856,6.546703409185551e-05,0.028892526,-0.83987947,0.0081,0.0113,0.0144,0.0167,0.0195,0.0216,0.0241,0.0271,0.0302,0.0375,,0.4150078404636892,0.46634063914095164,0.8453787064698662,0.04909831529674597,0.12953641778849576,0.08641109314898329,0.0848437789244414,0.1186554460424838,0.10291069392999487,0.8468088274384683,0.8402294614287229,0.9774198468427479,0.05534733571599202,0.09302032468279019,0.09831867186934502
0.137564,0.020411766,7.058405931616464e-05,-0.054929136,-0.825449342,0.0091,0.0123,0.0152,0.0184,0.0207,0.0232,0.0258,0.0282,0.0319,0.0398,,0.35495865254966597,0.4601241533997278,0.8248783416238946,0.046896780891748334,0.13773278951350582,0.07328870021856594,0.09608976875826067,0.0893174644637098,0.10832281948096109,0.9834296919570541,0.8341928602076552,0.951087609040295,0.05206926178126669,0.08813545573416386,0.08816430814006267
0.1476,0.020432824,6.978807582411443e-05,-0.054337536,-0.824158523,0.0092,0.0122,0.0157,0.0178,0.0206,0.0229,0.0254,0.0284,0.0317,0.0379,,0.3959368868564141,0.41049022389413997,0.6269770771474917,0.04227804933849746,0.126895432249755,0.06244348546368389,0.08608864607281842,0.10754423917080451,0.12596747350666454,0.9498800842276335,0.8951770924746033,0.8551503837524238,0.09236494001898948,0.07131282493809864,0.09477956901865961
0.142073,0.019751916,6.152175025212416e-05,0.016542483,-0.782699976,0.0095,0.012,0.0151,0.0172,0.0201,0.0219,0.0244,0.027,0.0303,0.0372,,0.3725093983729191,0.4441260595847675,0.7642521916852141,0.0443354058529756,0.14264295648339534,0.05577869148259638,0.07807821371706111,0.08972413469837731,0.10299998598444728,0.8731936341914937,0.9137755125012397,0.9186018256792433,0.08856065769651178,0.07547255842897162,0.09534359681984553
0.143521,0.018593376,6.738763986610743e-05,0.008519678,-0.738731223,0.0068,0.011,0.0137,0.0165,0.0185,0.0209,0.0235,0.0262,0.0296,0.0389,,0.3763347969466609,0.43546951847848286,0.9327785287700062,0.04859954479786759,0.13000267178620087,0.06130767386154674,0.07794602010607904,0.10890400143630038,0.10843972816419097,0.8670837589705408,0.8292725405840565,0.8656869755757244,0.06820678985104996,0.06679101270978939,0.07397346615107406
0.135104,0.018483375,4.682423339604094e-05,-0.051612598,-0.726999674,0.0096,0.0121,0.0148,0.0165,0.0185,0.0206,0.0227,0.0248,0.0278,0.0335,,0.3735480261709451,0.448716003866213,0.8679555214335868,0.04229434529879024,0.12861914850015324,0.07163002628402423,0.09869788589981528,0.08662735923043605,0.13331977356628924,0.9978635809279122,0.9615789088812177,0.8667267514620639,0.0662122125952361,0.08343951404373927,0.08886865756349967
0.14506,0.019715844,6.934336305644217e-05,0.017246273,-0.746672338,0.0079,0.012,0.0144,0.0175,0.0199,0.0221,0.0249,0.0275,0.0306,0.0401,,0.36820759873376024,0.47001115790900655,0.7139220940604086,0.04385463138005271,0.11373244980516657,0.054160056769001305,0.07631791180936386,0.11164914392293185,0.12736454180459417,0.9237839534049475,0.8490030291614621,0.8499280467790037,0.07007280324456557,0.05630361345840697,0.08073163959004032
0.137932,0.018735914,6.969024872018009e-05,0.00017921,-0.778773148,0.0067,0.0109,0.0137,0.0166,0.0187,0.0214,0.0237,0.0263,0.0302,0.0388,,0.3530494463829109,0.43085455933624234,0.8962132491308495,0.04915923657281468,0.1168657889019994,0.06923867925971751,0.102245039500689,0.0804856831829477,0.1318426953784004,0.9845880923396525,0.8052112443847563,0.8315661568516279,0.07958235849814085,0.09437767990369296,0.09041231747435603
0.152843,0.024539101,0.000114177,0.125770163,-0.636423125,0.0108,0.0146,0.0183,0.0215,0.0244,0.0275,0.0306,0.0339,0.0385,0.051,,0.3538919584744695,0.4832638795659782,0.696873336925505,0.03593237473183176,0.13974380954261162,0.0850028324762298,0.06612253629678456,0.11265405200970448,0.11160338333293683,0.9757011655804817,0.9543233839634241,0.9088424773435115,0.07923060766815196,0.09756414101459294,0.08230301370495752
0.151969,0.024709316,0.000101583,0.256824974,-0.352247115,0.0111,0.0156,0.0184,0.0214,0.0241,0.0269,0.0299,0.0333,0.0383,0.0551,,0.3517114517300503,0.49337904917639475,0.552551077443146,0.044488985719138174,0.14432104028043535,0.05083469954737333,0.07923794971538277,0.08980975137309753,0.11471694625557338,0.911755906446841,0.976100620774121,0.9857275259321728,0.053787343919289674,0.06986582303555694,0.07179450224707476
0.140988,0.022992733,8.020404119598967e-05,0.1023170045950753,-0.551100666,0.011,0.0143,0.0173,0.0203,0.0229,0.0256,0.0284,0.0314,0.0346,0.0477,,0.3697911020691174,0.46507119151520304,0.5149866656486598,0.0377672033295407,0.14017921164670719,0.06390110762334485,0.08379206239256085,0.10583928227128381,0.1019278893742086,0.9495875947220059,0.9774936998375017,0.9098096433082571,0.05102295799664962,0.08017855235953808,0.091814235060061
0.146485,0.023890782,8.74035486698939e-05,-0.017709342,-0.813502579,0.0108,0.0152,0.0181,0.021,0.0241,0.0268,0.0294,0.0327,0.0366,0.0433,,0.3690977854363111,0.4621820394347495,0.5773831188440975,0.0379462479482188,0.12097994987707575,0.05054371812147426,0.08321055076744747,0.09787964484452143,0.09735691062165089,0.8335348225974123,0.8979358779512461,0.924261214568776,0.07492946714242131,0.09568689760468878,0.0631735273610791
0.143922,0.024795366,0.000105595,0.032143979,-0.837400476,0.0107,0.0149,0.0185,0.022,0.0248,0.0278,0.0306,0.0345,0.0392,0.0462,,0.40715465808513335,0.4704258629773743,0.7034547189706593,0.04425918242853556,0.14241657135590624,0.05879360060506009,0.0769285591594272,0.08046433446159068,0.11806975564095332,0.8511832801244897,0.9334127841879499,0.8677500923800262,0.09320866304083814,0.0866898397118193,0.07459462291125668
0.151738,0.02122781,8.403322014689153e-05,-0.002418905,-0.695306901,0.0086,0.0121,0.0162,0.019,0.0213,0.0238,0.0267,0.03,0.0333,0.0449,,0.3885052263956354,0.4739338933791729,0.5322579932262589,0.03623883571003319,0.12421144567681419,0.07766422174382516,0.06927980857372668,0.11109925788368888,0.127085704586978,0.8481668349848579,0.9541655139682593,0.8504329092518992,0.061902983351501364,0.06054664852461025,0.0916477169084313
0.152552,0.02419297,0.000130734,0.1362328455212156,-0.786962457,0.0097,0.0135,0.0173,0.0206,0.0238,0.0272,0.0307,0.0345,0.0401,0.0509,,0.37446087751196894,0.4402675931349872,0.6924687217193206,0.04031979061882021,0.14016240182495862,0.05289445303814502,0.07108885556929574,0.09058619144210707,0.12261499215239222,0.821065870398878,0.9186356387556622,0.9289818581162588,0.08497924562743911,0.0638898761234126,0.0819622854234687
0.146307,0.023292442,0.00010748,-0.039773508,-0.889680363,0.0089,0.0131,0.0174,0.0203,0.0232,0.0266,0.0299,0.0331,0.0376,0.0443,,0.40868723708807303,0.49394346892881036,0.6195072743424698,0.04831258300754092,0.14312296763608887,0.05776335674223986,0.10122776109653393,0.11096169532413269,0.1327169220652278,0.9613053058216585,0.9141366707698656,0.8579908458094907,0.06937515633110398,0.09594614001944524,0.08095972771909207
0.1472,0.023049069,0.000111364,0.1657682252375928,-0.544090271,0.0098,0.0137,0.0174,0.0203,0.0231,0.0258,0.029,0.0325,0.0375,0.0518,,0.36681140738805795,0.4718300536096588,0.5376778419285954,0.03532600589862904,0.13765226762538624,0.07489498801326641,0.08359389925900118,0.09463643248935164,0.1269238815515306,0.9069745540909486,0.9351309730187635,0.910875329985987,0.05133341646675191,0.059901808034370334,0.08896092312785668
0.150425,0.02312292,0.000104811,-0.040276298,-0.83732788,0.009,0.013,0.0176,0.0203,0.023,0.0262,0.0296,0.0328,0.0367,0.045,,0.4181021346586746,0.4796867498876204,0.5141539511070017,0.03807955534733821,0.1141605574389652,0.05116576937267352,0.07730827044096746,0.08465832228118922,0.09664768560737066,0.9124385080582789,0.825856369374068,0.9202065064100775,0.09175906193400155,0.07132956545733973,0.07957015025421676
0.175071,0.023870864,0.000104903,-0.074698512,-0.740996626,0.01,0.0141,0.0177,0.0212,0.0242,0.0271,0.03,0.0333,0.0377,0.0491,,0.36735582620726664,0.43398911783573246,0.574835210807701,0.03551875480723003,0.130038699883501,0.07693205514172591,0.08088321333500917,0.084458845737739,0.10578128446602371,0.9103805401982263,0.8720207518388705,0.8796387431221976,0.05919754142415753,0.0706965121434713,0.08587719606873963
0.162408,0.026370695,9.461224392463336e-05,0.007929091,-0.690515142,0.0132,0.017,0.0204,0.0234,0.0266,0.0294,0.0321,0.0353,0.0395,0.0478,,0.370063034102897,0.4772777107828194,0.789995565514493,0.04839216649548877,0.124360267029924,0.06127785326922151,0.07442073896318051,0.11872661676491501,0.11294078482674388,0.8250698774614637,0.8179719094306802,0.9060868570510549,0.058403902362615175,0.07210610339276446,0.07872940810834135
0.171087,0.027248147,8.368016935922125e-05,-0.170127076,-0.508702906,0.0144,0.0187,0.0222,0.0252,0.0279,0.0303,0.0327,0.0355,0.0387,0.0476,,0.41806447445710326,0.40496438566821347,0.6281585212267289,0.04596188758675747,0.12144210400687677,0.07333513195095673,0.06550272377663921,0.1020216952691152,0.10268484798689353,0.8149973732498569,0.8922480511261363,0.9523511088607537,0.07725213500620087,0.08594247803950132,0.07853219588781085
0.17304,0.028729454,8.788243900400579e-05,-0.261224221,-0.438257968,0.0163,0.0203,0.0235,0.0265,0.0294,0.0322,0.0346,0.0372,0.0401,0.051,,0.37296948935082025,0.4510649535988972,0.7353847961643802,0.045176543744629,0.11448330758584552,0.05866491068757328,0.08409203865035643,0.09600114935022225,0.12379061531595782,0.8719545942434754,0.8332215269837272,0.8148105211977246,0.08915933178028587,0.09779809214430117,0.06435372954661166
0.169801,0.026695945,8.952672112692893e-05,-0.099346262,-0.69173263,0.0137,0.0176,0.0211,0.024,0.027,0.0299,0.0325,0.0356,0.0396,0.0481,,0.38964140080382276,0.4527683364701868,0.6794383500975705,0.04012470403974251,0.12175849573514565,0.0745337578839826,0.0988655535991223,0.08423946711624339,0.13159185443689347,0.8460820448949686,0.8366609548418709,0.8503812189672935,0.06224473414467372,0.0834448548515148,0.06685387373044822
0.166101,0.028019221,9.12459567741626e-05,-0.187232139,-0.58616302,0.0151,0.0192,0.0223,0.0252,0.0284,0.031,0.0339,0.0371,0.0408,0.0495,,0.35517238748677693,0.4826186380411513,0.7871316679463356,0.0390944398387799,0.1187732397261014,0.06491657677181795,0.06798070140081881,0.11665838995952035,0.11929583118768886,0.991176285885348,0.82040300694583,0.892890940077617,0.0785263105028056,0.07279389082091396,0.07886663625873812
0.18018,0.024246099,0.000110121,-0.06232201,-0.857277947,0.0096,0.0141,0.0177,0.0216,0.0243,0.0274,0.0305,0.0344,0.0385,0.046,,0.3978573462231485,0.47914173708359153,0.5637670018512859,0.04119579460597103,0.11625673495387435,0.06984278318925166,0.06806537770859145,0.10228669947668137,0.09614307118724728,0.9240018002239117,0.9256144928642098,0.9457737009282605,0.09332259972558762,0.0868327458187315,0.09063699729624994
0.170413,0.027195617,8.987108258785086e-05,-0.033437778,-0.422611336,0.0148,0.0185,0.0216,0.0247,0.0273,0.0298,0.0327,0.0357,0.0396,0.0536,,0.35624049709151023,0.40832076998289,0.543313078163495,0.045894971425781014,0.13143119394049355,0.0858197832862099,0.06684307233119943,0.11723645011729054,0.1263956371028998,0.9968183347852287,0.8786241932848309,0.9201441620680835,0.07027848755453939,0.09381146240083751,0.08360146253195026
0.177998,0.028218326,8.500353211666037e-05,-0.248446007,-0.444031645,0.0157,0.0197,0.0228,0.026,0.0287,0.0311,0.0338,0.0369,0.0403,0.0494,,0.40819457234766165,0.4298799538727401,0.6996088139085392,0.043931688205668624,0.13692609689731283,0.08390939853380228,0.09895605781773535,0.09180983283421748,0.10740100124021744,0.9629032886815846,0.8541557961711097,0.9707737283857226,0.08750367883090837,0.09649163798566199,0.05922397531509233
0.177482,0.028828398,0.000100403,-0.032377892,-0.463239299,0.0158,0.0197,0.0231,0.0261,0.0287,0.0315,0.0345,0.0379,0.0423,0.0536,,0.4070870654395517,0.4229316462358081,0.9258719419062851,0.0367929364913501,0.11531287949277894,0.06051270491330243,0.08562468636761243,0.10791284036390587,0.12374972477327013,0.9304951825700833,0.9022530119282403,0.9396058616935348,0.060359585075476875,0.05268391948414453,0.09426515989587445
0.159479,0.025957508,8.209398834244215e-05,-0.086014477,-0.547082895,0.0138,0.0176,0.0213,0.0236,0.0261,0.0284,0.0311,0.0343,0.0382,0.0462,,0.39079455655247514,0.4440953519301412,0.823112053355115,0.040750191444166056,0.11276689445989567,0.05949237338159624,0.0801808366989755,0.08769651578317941,0.12385138613144321,0.9326106078551188,0.922197725236874,0.8152301373384429,0.08839793499880365,0.08114923139517577,0.09080263343620622
0.147326,0.027934132,9.342804353626835e-05,-0.225689549,-0.311272609,0.0154,0.0196,0.0226,0.0253,0.0281,0.0307,0.0336,0.0366,0.0402,0.0499,,0.37485838415003025,0.4740935229136682,0.9021259453562935,0.04468240919888751,0.1355760540154311,0.08112406885340513,0.08741594237911364,0.08889481285054408,0.13068602361109857,0.9950731600304754,0.99451382589347,0.8218723705066014,0.07992958057509315,0.056834210345439236,0.0867703887606172
0.156221,0.027032548,9.013906669860756e-05,-0.121049715,-0.587926917,0.0142,0.0182,0.0214,0.0241,0.0271,0.03,0.0329,0.0357,0.0392,0.0497,,0.3672857961744163,0.43231333285177015,0.8155760545555686,0.03632308417522735,0.11334126597697611,0.0504206046734316,0.0682996301519743,0.08609429105338336,0.13365967081080504,0.9799535734356507,0.8820603905186517,0.971999960757696,0.056125481247472395,0.0703428621005983,0.06099394944233784
0.148112,0.02650596,9.99458154521281e-05,-0.019265357,-0.69691051,0.0132,0.0173,0.0206,0.0235,0.0267,0.0294,0.0323,0.0358,0.0396,0.0506,,0.4139925074211903,0.4607717619799323,0.8213166496560093,0.04413859843098391,0.11631965702709002,0.07117130798563054,0.09184579881104121,0.10603819960535095,0.1261715790064387,0.9655088564075007,0.8390900299691129,0.8959166860289672,0.07236692377451884,0.08891699675314546,0.058540124291356584
0.159026,0.025503846,7.76686818733759e-05,-0.106712824,-0.329939408,0.0138,0.0176,0.0206,0.0231,0.0255,0.028,0.0306,0.0334,0.0367,0.0492,,0.383684255281707,0.4646573804541461,0.9280496309980674,0.045255784694558425,0.13304193147624083,0.05182142858739256,0.10405655010578795,0.08995902411646098,0.10663263477520649,0.9173453924762972,0.9698396400228083,0.8305309931857211,0.09271159013901296,0.06445398078366803,0.08279465578197415
0.157162,0.025877853,7.965604382626041e-05,-0.131206484,-0.508934104,0.0133,0.0175,0.0208,0.0239,0.0264,0.0287,0.031,0.0338,0.0375,0.047,,0.3656559104430718,0.4381439147836328,0.5635263334392946,0.039890291779279094,0.1393807741373587,0.05123808936946679,0.07167806009844854,0.08282807944580864,0.09860237664773046,0.9659140408767591,0.9201694080024695,0.938750684038415,0.07725757235049023,0.09582489121016838,0.057371719304730735
0.145441,0.025885646,0.000143517,0.1166331632308408,-0.722047818,0.0106,0.015,0.0191,0.0226,0.026,0.0293,0.0325,0.0365,0.0428,0.0518,,0.38610651017676106,0.4761575332740914,0.9198012705830584,0.04136507958844103,0.11585787987463392,0.07355788351273143,0.09562232312948143,0.11374650031454629,0.12650190797966662,0.9844884448383358,0.878346177294235,0.8876720317958967,0.05316412050758179,0.05612746800500352,0.06562978305482674
0.155541,0.026311403,0.000101487,0.029451301,-0.772015963,0.0126,0.0168,0.0203,0.0232,0.0262,0.0292,0.0322,0.0359,0.0401,0.047,,0.36141972918795323,0.40790362496603005,0.6544498407583292,0.041832015059030295,0.11719251114953406,0.06106045684906567,0.09601492469181983,0.10113461635619893,0.12857045545049708,0.9219830436158495,0.9684649763059167,0.8669292159805505,0.05520503424630252,0.09622842698870013,0.08638729197625594
0.155461,0.027063057,8.755999192675373e-05,0.003336397,-0.226797694,0.0155,0.0192,0.0221,0.0246,0.0272,0.0296,0.0319,0.0352,0.0393,0.0515,,0.3716220775104147,0.4963850248771332,0.7569297263970316,0.04529224156326274,0.12342410248373897,0.06398606842988447,0.07814425504690216,0.11721087279229976,0.12814283955034544,0.9838606688233097,0.9180445375023162,0.8218526660306401,0.09179658163838876,0.05756822563570695,0.09633526966030606
0.164558,0.023636331,7.681423729058994e-05,-0.027871165,-0.745077096,0.0116,0.0157,0.0183,0.0209,0.0237,0.0263,0.0288,0.0318,0.0358,0.0434,,0.41811582067755915,0.4368055678570045,0.8824801230855039,0.0460139502437744,0.11645944549262137,0.07642630543748781,0.06827989378021829,0.11441734148952387,0.11596412121253456,0.8580032104093313,0.9036273123669549,0.8725336638275679,0.08188388456679241,0.06729835313445903,0.08924760242765267
0.144882,0.021235205,5.803370935930574e-05,-0.078991904,-0.61851359,0.0111,0.0138,0.0172,0.019,0.0211,0.0236,0.0258,0.0281,0.0313,0.0391,,0.3985646357995663,0.4037308491966753,0.6775173788400634,0.03785047315630572,0.11976685657567496,0.07982667824364831,0.10072464600508906,0.0909712267168288,0.12164601695308819,0.8703256430572224,0.9632751392245067,0.9121229558015452,0.0842697297206517,0.0971807745999684,0.06330151216504956
0.112489,0.024433313,9.199926210192486e-05,0.1896565332090485,-0.419652802,0.012,0.0156,0.0186,0.0212,0.0239,0.0269,0.0297,0.0331,0.0372,0.0486,,0.36069069041090224,0.4216448851824607,0.9059813119316177,0.03919797681079072,0.14807377909298702,0.05346977031116914,0.08765903944470903,0.09616764534933417,0.105494966737844,0.9607780962094139,0.9113133579298655,0.8835075348835603,0.09138612445629624,0.052180665278023355,0.08529355888038563
0.117776,0.023601339,7.481426793392679e-05,-0.006476905,-0.593570184,0.0116,0.016,0.0185,0.0208,0.0233,0.0262,0.0289,0.0315,0.0351,0.0437,,0.40474256795844993,0.4366633644575585,0.7679345864986803,0.04607091512547773,0.12411943987189278,0.07618020946090466,0.07519541329812807,0.08368524320352007,0.09956042865886543,0.8168333025716698,0.827380965853483,0.8561098082741981,0.08068456481135343,0.06045018876058262,0.07646453433461269
0.124795,0.021830462,9.18330600447063e-05,0.010938917,-0.647000601,0.0085,0.0125,0.0168,0.0193,0.022,0.0246,0.0276,0.0305,0.0343,0.0443,,0.39959071699319804,0.45557284059690184,0.7014422346490963,0.04411492266311864,0.116887822223994,0.056651784760064335,0.09341685882208098,0.09516095298002525,0.10980590789250666,0.8521516220275696,0.9754039100280053,0.8613412979452256,0.07278299157115396,0.0789365468117068,0.060074857056559884
0.113213,0.024578618,8.36784706512646e-05,-0.002748489,-0.751565224,0.0121,0.0166,0.0191,0.0215,0.0243,0.0271,0.0303,0.0334,0.0372,0.0445,,0.41013288064094505,0.46030230266229905,0.7753667944940328,0.04755055610747578,0.13941124638649938,0.0785894120328838,0.08859098477106571,0.11700647093580788,0.10472994997761154,0.9881819769996749,0.9145147792767484,0.8832390181569443,0.05531379466734535,0.060160796141706,0.09507990928716432
0.120755,0.02203249,6.338053960409592e-05,0.035434577,-0.389515331,0.0114,0.0152,0.0178,0.0197,0.0219,0.0242,0.0264,0.0291,0.0327,0.0444,,0.39590650230274704,0.4356082773025732,0.5354511229430057,0.045666054253222864,0.11608573026039525,0.08207614470527422,0.10035646516204631,0.10436490165370617,0.13069328558048593,0.9506226009443763,0.9562865902265811,0.8489795999325748,0.0941663169219191,0.08155674813602627,0.057335584201337914
0.130907,0.025797832,8.030509261072539e-05,-0.156503218,-0.333125441,0.0137,0.0177,0.0213,0.0239,0.0262,0.0285,0.0308,0.0335,0.0374,0.0469,,0.38808497803202646,0.4084292690882817,0.5060049466135877,0.03676417315815365,0.11627457326113279,0.07644334287546206,0.1033043138637857,0.08387587720688115,0.13375370613154441,0.9933588627514434,0.9067395656535273,0.9054226117551765,0.07896184034125159,0.08779153394664986,0.06478214722397774
0.115745,0.024249549,7.85053257042372e-05,0.046295262,-0.255407262,0.0129,0.0165,0.0189,0.0215,0.0239,0.0267,0.0292,0.0316,0.0358,0.0494,,0.3542558500653667,0.42758707430372733,0.528888150169213,0.03626886516105543,0.13467004715651415,0.05841138937323833,0.0790682765065698,0.09072721701317243,0.11334512385586665,0.907068917176056,0.8721061597617186,0.9155001640304454,0.08212109367802392,0.06881669131848264,0.06437301277387587
0.116247,0.025165898,7.293336981330868e-05,-0.255544357,-0.443579893,0.0142,0.0174,0.0205,0.0232,0.0254,0.0278,0.0306,0.033,0.036,0.042,,0.40392134372076133,0.472734016575821,0.7137740415249987,0.04740138165334356,0.1292546252035651,0.05409943594902687,0.10305579689371912,0.0884246647111203,0.09612118916309623,0.8604672595419282,0.9734789499871196,0.83559330816239,0.06928722986560466,0.087934449621944,0.05977030842066154
0.115861,0.025967494,8.474497735453053e-05,-0.079383597,-0.413832699,0.0138,0.0175,0.0206,0.0232,0.0261,0.0287,0.0318,0.0346,0.0378,0.0485,,0.41626434764732906,0.45902909150909704,0.6243626576317249,0.03915708417461251,0.13006263927856915,0.07261532626811895,0.08858503158753181,0.11846695277951634,0.12922091585134635,0.9331529451525791,0.9120617206383299,0.9741390002727736,0.07073764731922721,0.09431507619942846,0.0856509135369197
0.135233,0.020922826,8.378243305429486e-05,-0.028516743,-0.684731047,0.0082,0.0119,0.0159,0.0189,0.0212,0.0235,0.0263,0.0295,0.033,0.0449,,0.4032411556300979,0.46689313975461977,0.8873477017782075,0.043971294290397325,0.11567350455909976,0.0693172601649362,0.08533154200406949,0.08707554788530165,0.11093877899560657,0.8585874113909533,0.916327911634082,0.8101950329588863,0.06633801725152777,0.05327514741207324,0.09528362838418941
0.131283,0.021505496,9.539995408249295e-05,0.026441589,-0.816542988,0.008,0.0118,0.0159,0.0185,0.0212,0.0244,0.0277,0.0306,0.0345,0.0437,,0.3519028353574827,0.4533031302809062,0.9306757428420228,0.044923629458035644,0.12479008656289878,0.056675663339447506,0.08920676438975607,0.09437352038316517,0.09703448969526661,0.8794227302560685,0.8235482211198767,0.8854834962539034,0.07661893289379383,0.07060427980386783,0.0607183853277985
0.124029,0.024331192,0.000106706,0.120494659,-0.786886738,0.0108,0.0144,0.0176,0.0207,0.0239,0.027,0.0304,0.0344,0.0384,0.0488,,0.3868598505598151,0.43924373523474364,0.5989711226600042,0.04743850755499438,0.114539735859551,0.06695213580532217,0.07113663652689467,0.09391054783700364,0.10623338570359081,0.817722016207647,0.8375523495078928,0.9533646947055392,0.0672029952032026,0.0594419002565618,0.09161553451324114
0.145534,0.023827283,7.634653296975647e-05,-0.017599007,-0.590444676,0.0117,0.0162,0.0191,0.0213,0.0236,0.0262,0.0289,0.0319,0.0354,0.0451,,0.3991677838825652,0.47207180463656895,0.9181610302688215,0.04080258195308491,0.12453905814127077,0.08646193459772504,0.09027704822444063,0.09327048241447303,0.11870547889963295,0.8978384382328395,0.8872885751960761,0.9232388962729244,0.07297992063221623,0.09448229429395688,0.09484019768212255
0.141711,0.020424482,7.985957692247199e-05,-0.059655737,-0.811457024,0.0077,0.0121,0.015,0.0182,0.0208,0.023,0.026,0.0288,0.0323,0.0402,,0.3554356283221416,0.4137802323364643,0.6273547018052573,0.04913892699682207,0.12075495108863342,0.06413880241564092,0.09816636995139259,0.08919558898107996,0.1281249491575662,0.8223371167897336,0.9261044623615998,0.948670387214789,0.08745340478456769,0.08040233257873196,0.08482414877985399
0.13883,0.024078839,8.752919926738701e-05,0.1877295447871269,-0.441789494,0.0122,0.0156,0.0184,0.0211,0.0234,0.0262,0.0289,0.0323,0.0366,0.0498,,0.35562904197539835,0.49865524912968906,0.5381210120503451,0.0453203962889195,0.11319722180933649,0.0684101681346788,0.09109458202808819,0.10725340310105534,0.11940838299478188,0.9036039629363677,0.9582059315206419,0.9888933879566467,0.07321838920962107,0.05471192819445161,0.057849444117576886
0.138447,0.023509501,0.000124624,0.2111388080101265,-0.613561214,0.0089,0.0132,0.0166,0.0196,0.0229,0.026,0.0295,0.034,0.0388,0.0534,,0.41395202676157905,0.4358803904462586,0.6068333101268293,0.04241727252538569,0.13314725683071324,0.07880837328480664,0.06567267813676747,0.08779442632485569,0.13064778953056314,0.8849123181673272,0.8222830200569484,0.8076051515665599,0.086606354522323,0.08238183639266036,0.07193362817139194
0.13402,0.024567311,7.926246654036975e-05,0.044572703,-0.267834166,0.0132,0.0169,0.0194,0.0219,0.0242,0.0268,0.0293,0.0322,0.0362,0.05,,0.3879611746203888,0.4381336198894093,0.5768601111004059,0.04552188621673606,0.11795407348869803,0.06595320036781903,0.08808730551235763,0.11625884726708668,0.09642398937107712,0.808759079609144,0.8968161557209282,0.9955483609348421,0.09015260965168961,0.06647216738555885,0.05687493925297811
0.134774,0.021446214,9.447089059558223e-05,0.1202192099289194,-0.516332119,0.0085,0.0122,0.0158,0.0184,0.0215,0.0245,0.0271,0.0298,0.034,0.0475,,0.36114014805482986,0.4618152232654247,0.6474928331994375,0.04150441360563732,0.11768357665335202,0.05441336539028954,0.10172797809215577,0.09618735529216256,0.12294031221071341,0.8887475649971515,0.8234142702447095,0.894057384786009,0.055392976365667534,0.07978611833829363,0.08390794972490499
0.131484,0.024922339,0.000140091,0.1824016278689341,-0.591026942,0.0086,0.0137,0.0175,0.0211,0.0246,0.0282,0.0317,0.0357,0.041,0.0571,,0.40745681648925985,0.4018261326816375,0.7167661757829783,0.04795894607751176,0.14230266560839788,0.08262484238977513,0.08313240772041462,0.09414558734434977,0.11465926646407741,0.8043431625049423,0.8662514841555002,0.9554116078299122,0.07725728919667195,0.08644225816656362,0.08170455395368176
0.112683,0.018152393,5.6110951172113915e-05,0.090852075,-0.689452735,0.0076,0.0111,0.0134,0.0161,0.018,0.0202,0.0228,0.0249,0.0282,0.0386,,0.4039127315287478,0.4294929014061059,0.9339926653383369,0.040006932016377034,0.14863934829060504,0.08429081643377169,0.07990577143466211,0.10814384281169238,0.1189866332251435,0.9831964958669889,0.8626832605181837,0.9730485004065964,0.07778131632732518,0.09357765926580253,0.08273841357556665
0.114209,0.017699844,5.888849051764434e-05,0.025510246,-0.76033094,0.0067,0.0103,0.0126,0.0154,0.0176,0.0202,0.0222,0.0249,0.0279,0.0368,,0.4153029293206345,0.4398222669562662,0.6473584099355704,0.046155625547342136,0.1306354139848418,0.06179777314625125,0.0727999034131474,0.11739174998512376,0.1277675156416619,0.8400357104299315,0.9656044736196764,0.8429470835538535,0.0754584289601794,0.08111329550598154,0.06832917611061921
0.112844,0.020609391,6.235747969610331e-05,-0.066542863,-0.85657939,0.0098,0.013,0.0159,0.0184,0.0205,0.0231,0.0256,0.0283,0.0311,0.0361,,0.3835965615790561,0.4514221028777718,0.5745464059844383,0.046112540167375926,0.13793994131037549,0.07392931744792058,0.0972435383474541,0.09730323733312997,0.11048482584359767,0.9000012046602368,0.8586834766465371,0.8778738586756457,0.05560412168669664,0.09456111732890761,0.08390580955830679
0.114672,0.019707402,6.269681854217033e-05,0.043493362,-0.709188031,0.0092,0.0124,0.0149,0.0176,0.0198,0.0219,0.0244,0.0273,0.0302,0.0404,,0.38568270727934995,0.445839136014139,0.9052370600019111,0.04050751168634468,0.1448059313913819,0.06325635867975843,0.10002607435217951,0.10275957249221646,0.11923428749853632,0.8322070060113959,0.9237076800228627,0.9447709235674757,0.0916723226964312,0.09829901866110909,0.09096059685763291
0.122304,0.017700606,6.72670959862529e-05,0.1685318899574947,-0.538530781,0.0065,0.0107,0.013,0.015,0.0173,0.0203,0.0223,0.0248,0.0286,0.0415,,0.40675110928660857,0.43801447900756946,0.9045517030952303,0.039782526318564396,0.1460909138705568,0.07054674815445244,0.09737087516901778,0.08492300243565176,0.1153151632218938,0.9169626404508032,0.8667838394971094,0.8465329953163546,0.06980724916963991,0.0680621351246509,0.09343800453422085
0.139389,0.017474283,6.094190137311634e-05,-0.059141266,-0.889927626,0.0067,0.0097,0.0126,0.0154,0.0175,0.0203,0.0223,0.025,0.028,0.034,,0.37272063841313535,0.4104193017497536,0.7245237199706008,0.035640310636413576,0.13203036161119128,0.08427495290743632,0.10317374331167155,0.09575173050780598,0.11000876455532334,0.8557468098843175,0.8590805826791085,0.9122189437643065,0.06498322275445917,0.05571189689958723,0.08099112820146104
0.130512,0.019305988,5.305706600140162e-05,-0.069999232,-0.810223088,0.0093,0.0125,0.0151,0.0172,0.0195,0.0215,0.0236,0.0262,0.0293,0.0344,,0.36651434439527153,0.4890736313461392,0.6454488632518818,0.0488391535066579,0.12416590668863405,0.056835830788681006,0.10358035139533422,0.08317056842360009,0.09863617044749795,0.817318427509196,0.89151567733815,0.804425096638984,0.06607536398016307,0.05237942029155092,0.0687826248067221
0.114266,0.018289114,7.522562045862945e-05,0.2279705056828105,-0.571924148,0.0067,0.0098,0.0133,0.0154,0.0177,0.0203,0.0231,0.026,0.0303,0.0419,,0.3637382171560104,0.48423301432788074,0.5140723351111527,0.045253594861169325,0.14660244560853392,0.0853342311885709,0.0813901571378479,0.10451537382697505,0.11105118291921096,0.9546096562098045,0.8534865534785939,0.8333250795529371,0.09410099626894165,0.07849173217009098,0.09550131991495522
0.126103,0.017601316,6.379704172245085e-05,0.027904324,-0.800767642,0.0062,0.01,0.0128,0.0151,0.0174,0.0202,0.0225,0.0251,0.0283,0.0365,,0.352348209841278,0.463486946499449,0.6084006813410867,0.03782811638022133,0.11403085659756276,0.05063088025371377,0.07104862762241908,0.09758545682815502,0.12871601949521433,0.8073448662875293,0.8515885891173468,0.8725079364465145,0.06710864422184075,0.08186811337769183,0.06895259118181499
0.124845,0.018107647,5.55991993271736e-05,-0.061866782,-0.870597406,0.008,0.0106,0.0132,0.0161,0.0181,0.0208,0.0228,0.0253,0.0281,0.0341,,0.37828866257748217,0.4753588199211754,0.6355086195718359,0.04774583132424546,0.14181614339687543,0.06216460167936041,0.06678360996409818,0.11773956632659845,0.12782437079882616,0.9037391107255356,0.8596544070463171,0.9849198578735708,0.09183556618952377,0.0944860863191348,0.07312231385135251
0.117777,0.016093691,4.718990516593998e-05,0.053840694,-0.787092358,0.0072,0.0102,0.0119,0.014,0.016,0.0179,0.0202,0.0225,0.0253,0.0334,,0.37669880531854,0.4703421024026238,0.6553531840202809,0.042805915870219646,0.12666398313485794,0.05840836714573045,0.08828489484594429,0.08604370585357764,0.09841483036069623,0.990790088342547,0.8328053929235174,0.8508714074608433,0.07926932916508403,0.058961219861349425,0.08067022360572304
0.117039,0.016191091,5.463074653146174e-05,0.042548168,-0.811532723,0.0054,0.009,0.0119,0.0135,0.0163,0.0181,0.0207,0.0231,0.0261,0.034,,0.36315104992131136,0.44702317319250046,0.8037821344646274,0.04078343980884749,0.1288431666386775,0.08003724360811874,0.09336411684334844,0.08136978745309424,0.09841581740321502,0.9491231675535774,0.8792265896351283,0.8273546689820936,0.05824066111364216,0.066749898557742,0.0846194125810383
0.120774,0.018455971,6.461568946160237e-05,0.1294126508424141,-0.734327822,0.0072,0.011,0.0134,0.0161,0.0182,0.0203,0.0233,0.0257,0.0297,0.0388,,0.37756599725683626,0.4209045483797237,0.6851881346512608,0.04887624288553021,0.14058319325560145,0.07102405757530456,0.10179111532091496,0.1159322407780817,0.11512899013809598,0.8680634768295894,0.9662990494037301,0.8722829974544221,0.08869454141868478,0.09273099768710237,0.07850197289831837
0.115872,0.018061709,6.938030949049163e-05,0.1161417738691641,-0.664434282,0.0066,0.0108,0.0131,0.0156,0.0178,0.0205,0.0227,0.0257,0.0294,0.041,,0.36775589085617577,0.44007623320192935,0.8963085856489147,0.044545454038045516,0.1377894356890571,0.07399161905291686,0.09982202054456624,0.11530325275922981,0.09880215454660943,0.9871130895360367,0.8661501075084351,0.842872282366307,0.05393192939943355,0.07687572328589491,0.06081166565156706
0.11918,0.016654491,5.5353458284236586e-05,-0.009590107,-0.810051315,0.0057,0.0094,0.0124,0.0144,0.0169,0.0185,0.0212,0.0235,0.0264,0.0344,,0.39806303612908256,0.4579098216094711,0.6131728941552816,0.04004580448906106,0.13048766204780746,0.08387681065282443,0.09487937839220686,0.10158835800720925,0.10310157213212336,0.9772144386923314,0.834257536177046,0.8353244336757573,0.0713237070884021,0.05536579827274704,0.0679546341924254
0.131267,0.017848213,6.046494590945064e-05,-0.04634567,-0.913217926,0.0075,0.01,0.0129,0.0158,0.0178,0.0206,0.0228,0.0254,0.0283,0.0341,,0.39207892271958067,0.453410152768327,0.7893982104733569,0.036245399221561204,0.12144745609383269,0.07810631194943073,0.09898247185659367,0.0998754996508343,0.107275500746188,0.8311857362570648,0.8368511048496539,0.8950305031511038,0.08321894595956371,0.09629080611642347,0.07265712313564462
0.122477,0.017772203,5.663154041733101e-05,-0.030466084,-0.859275593,0.0077,0.0102,0.013,0.0158,0.0178,0.0204,0.0222,0.025,0.0282,0.0342,,0.40816031732732594,0.4608660248195107,0.9098181818548569,0.04643431442464646,0.143610760442001,0.07561023380848579,0.10232664687960893,0.10471253230852941,0.11256488171487658,0.9707468329226386,0.9137077002716419,0.8839911774047741,0.05712723681196883,0.05760455050971377,0.06458280748799052
0.130362,0.017794485,6.59697035396877e-05,0.059149043,-0.731333426,0.0063,0.0104,0.0128,0.0156,0.0179,0.0201,0.0227,0.0252,0.0285,0.0389,,0.3569317436447708,0.40457788292114627,0.5198876461156927,0.04415980815368442,0.14539642165043498,0.08398720195665224,0.0749266170474669,0.08536918383769003,0.11477317342743817,0.8868094541154102,0.9288952987480564,0.9128774826408899,0.05674650024584267,0.05210686328043291,0.09604821692204339
0.114854,0.01561905,4.30874592245691e-05,0.04192534,-0.795212341,0.0067,0.0096,0.012,0.0133,0.0157,0.0173,0.0195,0.0218,0.0246,0.0302,,0.38717149921861393,0.4182058638475989,0.6558061491499392,0.04185829239579053,0.12828946563588817,0.08083749600152974,0.0866590315355173,0.09127531499438268,0.11770662473157877,0.9042740611897506,0.9847250362494898,0.9792182099406012,0.09245982623695324,0.06363637943307704,0.08919145844447685
0.115225,0.016525823,5.344395286525604e-05,-0.024433789,-0.863495547,0.0068,0.0101,0.0119,0.0146,0.0164,0.0187,0.0211,0.0233,0.0263,0.0327,,0.3566755798581586,0.4675991609175004,0.756150577583682,0.038896681576363654,0.14557786346373522,0.07332329107440651,0.06897522689553198,0.11713004351298463,0.09985742506199884,0.8478432527700306,0.9842420333962484,0.9068748200537802,0.05608863061199626,0.07555985901457177,0.062177546804602676
0.195794,0.027659036,0.000135727,0.027183534,-0.715393691,0.0113,0.0167,0.0205,0.0241,0.0275,0.0308,0.0343,0.0384,0.0435,0.0548,,0.41454704666899317,0.410355385920529,0.5458732331406198,0.0381183825131483,0.12096544364813035,0.07777568443631212,0.0769605728005828,0.10053981080185688,0.1274207002271076,0.9178113859561,0.821866388028093,0.8596405387804519,0.0935116947500587,0.09720229828690348,0.08045761850776462
0.188234,0.026587022,0.000135849,0.1640567463487001,-0.382025696,0.0108,0.0164,0.0197,0.0229,0.0263,0.03,0.0336,0.0369,0.0417,0.0622,,0.3519170305429552,0.4641158507944431,0.6070195502919163,0.04615688223111877,0.11774929400560337,0.07901706485540609,0.07863048998031592,0.08885002537819933,0.09976852721670817,0.8619656102114163,0.8093627879362005,0.9965668780714034,0.07307783272544766,0.06889508976577842,0.07184751213535627
0.197846,0.029053227,0.000184874,0.258654129,-0.45155188,0.0116,0.0166,0.0208,0.025,0.0286,0.032,0.036,0.0402,0.0482,0.0658,,0.3563496764880326,0.4640762252892279,0.7407672092712666,0.04585261273706366,0.14000371605223724,0.06942873630792658,0.10212478841122505,0.08606035648322856,0.09827292011022601,0.8875815026608981,0.9685763580846204,0.9386814547488171,0.05817783170559807,0.06524725164663335,0.061491863051914036
0.183818,0.030370081,0.000104807,-0.109378568,-0.466372404,0.0166,0.0212,0.0245,0.0275,0.0301,0.0329,0.0363,0.0397,0.0438,0.0546,,0.40441718540902755,0.4054552778081693,0.8895589469501783,0.0376362433546043,0.11591795399997278,0.06755435487124076,0.07482489222213073,0.11426237336390509,0.1125803610182939,0.8127922361354573,0.8065059153856764,0.8078055450405602,0.06541525973456759,0.0719898181856559,0.0697744389657921
0.185415,0.030144886,0.000120464,0.061710718,-0.480353241,0.0159,0.02,0.0234,0.0269,0.0299,0.033,0.0362,0.0399,0.0451,0.0556,,0.4146103320877633,0.43481735326543025,0.7376331496869395,0.04588327630927568,0.12601983539530479,0.08572218433705268,0.08465047645983528,0.10613505410902065,0.1173501529729909,0.8931903334528881,0.9615718232109072,0.9642117448897479,0.07795438147049266,0.09428214462424585,0.0680898735940249
0.182751,0.024849162,0.000113789,-0.062051076,-0.795646194,0.0101,0.0145,0.0183,0.0219,0.0254,0.0283,0.0311,0.0346,0.039,0.047,,0.3824380999770606,0.48926823671411346,0.8189142819120634,0.0452039982788116,0.127674507362598,0.07117090072256484,0.07852369678476814,0.083756521676914,0.11423691505252409,0.8498100635003495,0.9758654640862547,0.8050716804402518,0.06875043889892714,0.054928113737119644,0.08417560033557576
0.185822,0.025537686,0.000129611,0.1213387139060216,-0.474699539,0.0097,0.0145,0.0186,0.0223,0.0257,0.0291,0.0321,0.0357,0.0402,0.0576,,0.3557041683927134,0.42063577334820446,0.5473485498346873,0.03645378370573561,0.11301856446836481,0.07474986055583371,0.0849502942182546,0.09015658263085599,0.10620105377845225,0.9247050333067929,0.9515264675284684,0.9405846112194423,0.07979744798974855,0.0668404463874313,0.07834641626012283
0.186323,0.03233526,0.000122805,-0.040189944,-0.309222874,0.0181,0.0221,0.0259,0.0295,0.033,0.0359,0.0386,0.0419,0.046,0.0617,,0.36113251905015437,0.4110655177019038,0.7224286242124884,0.041119802941904454,0.13594345604767183,0.05717268084267647,0.10245248806063981,0.1177713734140373,0.126606269705357,0.8203476303869947,0.8724930436357076,0.8800340648049845,0.07088128155357606,0.07004366885096426,0.0836769367090665
0.184465,0.027218611,9.691404594206312e-05,0.09182967,-0.26924835,0.0139,0.0182,0.0215,0.0242,0.0269,0.0296,0.0325,0.0356,0.0399,0.0544,,0.4178250187035415,0.46105606521754333,0.7884966753038983,0.037274740793130874,0.1187220166349651,0.0808251532478728,0.07016735078595468,0.10905659762713166,0.13222048604449677,0.8061874294080307,0.9805916547948703,0.8789628653132318,0.0556624609553374,0.08008504530367762,0.08824514051451933
0.183281,0.03069522,0.000105812,-0.134481249,-0.263858705,0.017,0.0215,0.025,0.0283,0.0311,0.0341,0.0369,0.0401,0.0436,0.0562,,0.37281252708785667,0.4944835139463142,0.7270662623950629,0.045368944339471994,0.14168841630869405,0.058241901945053326,0.07731948634706724,0.10127999055346062,0.1179537790871097,0.9776691440345806,0.8201892086705475,0.969832362781319,0.07410694088091539,0.09700716936842142,0.07791925661788628
0.126256,0.021449619,8.24938276162058e-05,-0.065443364,-0.955913786,0.0094,0.0125,0.016,0.0186,0.022,0.0244,0.0274,0.0302,0.034,0.0388,,0.41165558602741437,0.4911120801030328,0.7988144536647142,0.03706785497058937,0.11761643655634241,0.08609860314644127,0.0987960136086537,0.10363313013711788,0.132259610013855,0.9684904501971695,0.9324151752330333,0.8149008734089804,0.053831496024265166,0.08035452060294554,0.07530575581935886
0.131357,0.02111609,8.15212725152188e-05,0.033301838,-0.844440434,0.0089,0.0126,0.0156,0.0185,0.021,0.0235,0.0267,0.0296,0.0336,0.0404,,0.3959877672180855,0.44070313618500373,0.6750276548905912,0.045788986793012895,0.13702278459387088,0.07170822300402623,0.08970230891107023,0.1082579967487498,0.10402840882561847,0.9820627973391798,0.921612029531429,0.8410775134085063,0.06030488697680675,0.07392210259423879,0.0684885134705341
0.119284,0.020228229,7.455225745475581e-05,0.045946983,-0.803824234,0.0081,0.0125,0.0148,0.0173,0.0205,0.0226,0.0252,0.0285,0.032,0.0414,,0.3830529894738831,0.44879444204142044,0.7844800858850696,0.04740165236736552,0.14595374978679068,0.06671630585151568,0.07462737539340053,0.10950240118212125,0.10311365968671748,0.9022666023903936,0.9266243004819724,0.8521272215572829,0.05974322126511725,0.05314460619788186,0.06304952838433266
0.121018,0.018998215,7.521189785368247e-05,0.1280851531146982,-0.56082928,0.0073,0.0106,0.0137,0.0169,0.019,0.0213,0.0238,0.027,0.0306,0.0443,,0.40705331947659174,0.4374238928108028,0.7638419893943801,0.04308523631760056,0.11705983964508707,0.06759548579171946,0.06584498440595869,0.09781271100882645,0.1288190502545955,0.8158672788191923,0.968570956279127,0.9602000634581703,0.06284208747177039,0.0949732585648995,0.06861802957925296
0.125569,0.019779605,7.054478021862874e-05,0.010423173,-0.850351097,0.0083,0.0115,0.0149,0.0171,0.0202,0.0223,0.0249,0.0278,0.0312,0.0376,,0.3686221662474866,0.41432794499229986,0.6329644519479407,0.04897010569407465,0.1216599994999954,0.07086785921207125,0.09893310758380564,0.08333070001273767,0.11731771780743618,0.8705415869378148,0.8861487891584456,0.8227808003755229,0.08865315491892989,0.06120901309156905,0.09121519614867066
0.117905,0.019719721,7.016269774655195e-05,0.1660094517447447,-0.486276052,0.0084,0.0116,0.0149,0.0173,0.0195,0.022,0.0248,0.027,0.0305,0.0434,,0.39059810037408355,0.43622179395893773,0.7614278728209841,0.04557829009889366,0.12464682928227007,0.0868495418328431,0.08150605151849483,0.08723772977023084,0.1124618882176103,0.8947838705552937,0.8312188548277938,0.8861411695672129,0.05724349320362929,0.08852333253269608,0.07913977370610448
0.112949,0.020811048,8.354969643919983e-05,-0.030874297,-0.865231974,0.0078,0.0126,0.0151,0.0178,0.0211,0.0235,0.0263,0.0298,0.0332,0.0415,,0.4102232718721259,0.484625749030784,0.7726951388086629,0.045542989373200386,0.11537590732649275,0.06024781634246911,0.08776162244218629,0.10869322051939531,0.10193976736405445,0.9190531089231482,0.8955893600601056,0.8676962723346905,0.0705559541836851,0.06542248323980313,0.0636448670373537
0.137508,0.021993119,0.000102439,0.045492987,-0.812686701,0.0083,0.0121,0.0156,0.019,0.0222,0.0249,0.0279,0.0315,0.0358,0.046,,0.38083535404141544,0.495506333246943,0.9091975061691971,0.04002563931123489,0.1282547927807846,0.06832798882316185,0.08520664357133002,0.1143504368692012,0.1252231695516251,0.8383825154154442,0.9139385070779259,0.8206264294837677,0.09215129969671264,0.0963782728848319,0.07545375577817498
0.137657,0.02132785,9.267940004225044e-05,0.018542357,-0.761395387,0.0081,0.0118,0.0158,0.0189,0.0214,0.0239,0.0271,0.0303,0.0341,0.045,,0.41051314048651266,0.43001235222939477,0.7016714828774481,0.04522900923300287,0.1449933951827099,0.0687218107323743,0.09367668492868587,0.11696269817569076,0.12354680883960288,0.8989794130191625,0.9874586454324367,0.9460704987168047,0.055651976072327074,0.05330249408290932,0.07628625519577077
0.122189,0.02085181,8.966692393750137e-05,0.011994469,-0.796912199,0.0077,0.0116,0.0153,0.018,0.0207,0.0239,0.0267,0.0294,0.0335,0.0432,,0.40936131483072585,0.4530172200471982,0.6540102546706482,0.04332274534946694,0.12916445200408344,0.08254286521970339,0.07293988534499542,0.08607834218409488,0.1292221603668741,0.8682164245365617,0.8237945362546747,0.9328741186628969,0.0852754344665231,0.08476882778062513,0.057047031939912014
0.206731,0.027040618,9.741247082808524e-05,-0.111991565,-0.704536773,0.0133,0.0176,0.0213,0.0244,0.0274,0.0301,0.033,0.0363,0.0401,0.0492,,0.41700451873000566,0.437261198250968,0.6935286438414565,0.03827640279329089,0.12384101389519753,0.08572063098945004,0.09556709785249347,0.0856245825338036,0.10998276390386309,0.9281718400919282,0.8950098182394749,0.8373363926004845,0.07914784645645188,0.09862750021588915,0.07178566010955886
0.19247,0.025432533,0.000129183,0.091322014,-0.636122214,0.0097,0.0148,0.0185,0.0218,0.0249,0.0285,0.0319,0.0357,0.0409,0.0553,,0.39643256543536315,0.4797294175485997,0.7816533502492391,0.03733754588531311,0.14511173592672794,0.05394407572848469,0.09362816261859117,0.11910811516972597,0.11393712111777302,0.9623209110393652,0.9202209600225112,0.9532123838935151,0.05390718536393876,0.0967649675303882,0.062277027805861834
0.188952,0.023188084,0.000103637,0.069412917,-0.482040158,0.0098,0.0138,0.0172,0.0202,0.0233,0.0263,0.0291,0.0323,0.036,0.0535,,0.38245854014171493,0.4079173001723181,0.6923254170838715,0.04132867256022253,0.14820763284279356,0.06092836800716386,0.06562588559001817,0.09501233004200363,0.10260837659698627,0.8391273534576275,0.8677144755579824,0.934376044258736,0.08464321406520729,0.05811259133400425,0.06967193748753711
0.211714,0.025212009,9.206238427597432e-05,0.037094561,-0.667505368,0.0122,0.016,0.0193,0.0224,0.0251,0.0283,0.031,0.0337,0.038,0.0478,,0.38775211878112886,0.4210442426027117,0.5372360215713926,0.0455460450871878,0.12656568912442986,0.07336275017284669,0.103734787592811,0.09361961105906119,0.12188303913470502,0.9923006691821364,0.9013459651202206,0.8197570544113051,0.06620241509606126,0.06852766459910825,0.0575530759208771
0.213759,0.025562566,0.000101543,0.033091023,-0.672812548,0.0123,0.0164,0.0197,0.0226,0.0255,0.0285,0.0315,0.0347,0.0387,0.0509,,0.4165665157442641,0.47454161026304614,0.6214223642958028,0.03816867184587989,0.1407811070401046,0.0860381290535238,0.07556474137679749,0.10736929693152343,0.11453781131136864,0.9622445317049833,0.8547897221284971,0.9955200863536839,0.08247169981307519,0.06220960488906295,0.09671809342866217
0.210881,0.025273557,0.000100014,0.031739371,-0.711141187,0.0119,0.0158,0.0191,0.0223,0.0252,0.028,0.0312,0.0346,0.0387,0.0492,,0.3590776881757694,0.47959064771057225,0.716675205670301,0.04260115379024281,0.11947751591168243,0.07279476641913196,0.09984694238244209,0.08363690552608632,0.12071916245034842,0.8435691331118427,0.922392551437836,0.9528369002562213,0.07381324383070466,0.0688639018219224,0.08821603656604966
0.205855,0.023362462,8.537097222105863e-05,-0.004612968,-0.699265215,0.0106,0.0143,0.0176,0.0213,0.0237,0.0261,0.029,0.0315,0.0357,0.0465,,0.35653762583634074,0.4867335384814972,0.6126898500176673,0.04665195143263764,0.1294943282466637,0.06284472723294426,0.09344406198153869,0.0902581194183249,0.11187839792181517,0.8368367930864761,0.8937066801081648,0.8411687355905095,0.05256108641541617,0.0713783139125467,0.08922609027197427
0.211183,0.02452187,8.766761932491382e-05,-0.077423283,-0.72534368,0.0112,0.0161,0.0194,0.022,0.0246,0.0273,0.0301,0.0334,0.0365,0.0451,,0.3782453361590854,0.4405946131471614,0.6712070659551355,0.045873965087501495,0.13835525392316395,0.06993090184622187,0.09374915348399425,0.10298722156225955,0.09783167094189942,0.8640755557365761,0.9662114892405487,0.8972969017491744,0.0933093558079199,0.09368870215461692,0.07387739454656249
0.211742,0.026480332,0.000111893,0.178703634,-0.444798876,0.0121,0.0165,0.02,0.0234,0.0267,0.0294,0.0323,0.0361,0.0401,0.0579,,0.4027714062748164,0.44307906600251407,0.7947470592795458,0.03541002447979677,0.13207330308623252,0.0827435893262448,0.09884076572811211,0.10222701954468535,0.097376898210852,0.995238794691556,0.9788536393810994,0.9938679934012692,0.09008504424075116,0.09854487173967066,0.07980712652098784
0.207696,0.023578123,9.501091827615868e-05,0.080741392,-0.58896412,0.0105,0.0143,0.0174,0.0206,0.0236,0.0265,0.0296,0.0323,0.0363,0.048,,0.3988026064223182,0.4114969455987072,0.925187738221731,0.046527907883597015,0.142964751408737,0.06416906795425743,0.0779292778367028,0.08282241564749909,0.12140086301524203,0.9631929377324782,0.8446167985795641,0.8407503571697698,0.0885765751594723,0.06887867681523115,0.06798106973384198
0.143209,0.021096386,6.98457268339577e-05,0.1018518277724461,-0.67055323,0.0096,0.0135,0.0159,0.0182,0.021,0.0233,0.0258,0.0288,0.0325,0.0419,,0.409080145454117,0.4327747697461433,0.6945076847685385,0.04673780949218928,0.14616547018444992,0.07540262429934678,0.10204121355484741,0.10120701407089122,0.10134707110053927,0.9481950910029494,0.9563644067919761,0.9635380868464934,0.08262440204541556,0.061816033183622304,0.07042703454516944
0.144098,0.020637669,8.396471093200363e-05,0.016737342,-0.738290307,0.0078,0.0126,0.0152,0.0178,0.0209,0.0234,0.0259,0.0292,0.033,0.042,,0.39839711480365425,0.49213751430974134,0.6732689717991541,0.0382940497065319,0.11854290873596077,0.059265637280075084,0.07981078169646484,0.11137651772086699,0.12681609885329106,0.9649245035601155,0.9352225351342837,0.8814829261711007,0.08660382071393755,0.05999063054128587,0.07820037559308109
0.14814,0.021093535,7.625406256868731e-05,0.1818842396884298,-0.573453443,0.0096,0.0127,0.0156,0.0186,0.0211,0.0233,0.0258,0.0287,0.0328,0.0457,,0.3628424457984673,0.4347728850977898,0.6768028174114596,0.04145155804374895,0.11586489354457333,0.085778581557639,0.08481777247488712,0.11471351430823154,0.1244447888874154,0.8783246732852892,0.8158208878511183,0.8452294780404218,0.07927442704085709,0.07797926703435773,0.08876082579590362
0.138239,0.021789659,9.97223695918294e-05,0.081497976,-0.742535538,0.0083,0.012,0.0161,0.019,0.0215,0.0241,0.0276,0.0312,0.0352,0.045,,0.40534739163813716,0.4327981854064227,0.7929549364021864,0.046236794069776765,0.11940682705783101,0.0624456630621252,0.09701588358765344,0.11636948027565118,0.13039024005742741,0.8725107970180386,0.9609329923642209,0.9868031061063026,0.07554869481830362,0.061589002052329596,0.0718177559610791
0.141107,0.022273317,0.000102898,0.064973027,-0.78134521,0.0087,0.0124,0.0162,0.0191,0.0226,0.0253,0.0282,0.0316,0.0362,0.0468,,0.3880608452379636,0.42582535218023115,0.7117782639116927,0.04290328923189763,0.13379793171938462,0.06581593251825146,0.09345609386779573,0.09352937035799928,0.10842549172768974,0.9681075298232319,0.8751042937108572,0.8109419109631165,0.08963514071274481,0.07927949396269522,0.07643083818805788
0.13323,0.021441635,7.849253908860449e-05,0.0604489,-0.768805269,0.0102,0.0132,0.0162,0.0189,0.0213,0.0234,0.0268,0.0299,0.0334,0.041,,0.36351654901516295,0.4598182999314013,0.8648923012243361,0.04294978567732414,0.12807862614949098,0.07875952064319271,0.06779944418972515,0.10901446493690398,0.10849236438752415,0.8153471385830162,0.8850337010827328,0.9927578229790619,0.06992682125136974,0.05712184754967035,0.08380579062620444
0.145657,0.02200959,9.913451112644206e-05,0.1066755403081282,-0.609353669,0.0091,0.0129,0.0162,0.019,0.0218,0.0244,0.0276,0.0309,0.0352,0.05,,0.4073583154269522,0.4284491252961572,0.8231741227989606,0.04946291251150127,0.1225167299236902,0.06201117294052878,0.09083510068076277,0.09921258107029995,0.1323616060882493,0.9089179592332804,0.9027312533776629,0.9215596725316907,0.0898687966645095,0.086392297599246,0.07492374835730241
0.138892,0.021832478,8.109017886479228e-05,0.007237643,-0.819158116,0.0093,0.0132,0.0164,0.0191,0.0219,0.0246,0.0271,0.0301,0.0342,0.043,,0.35877664695436867,0.480446680296525,0.6602761732605098,0.03996653730255136,0.145894661699206,0.08580089017053291,0.08342236362790285,0.0831157323705462,0.10745637951072987,0.8819282635517588,0.8357101913625873,0.8393821586444906,0.059625071544071685,0.0971614778227983,0.06693529355532538
0.140146,0.022846157,0.000112631,0.084350231,-0.742830953,0.0092,0.0131,0.0166,0.0197,0.0229,0.0261,0.0292,0.0327,0.0372,0.0512,,0.39056826243934756,0.41413961211680794,0.7512870711542574,0.04821783257054375,0.12550448202346293,0.050593498183693214,0.08058748657532755,0.08723124473152796,0.12302351484296283,0.8870090706038408,0.8851597814521671,0.9175125549622981,0.0789910409253956,0.08398555930723059,0.09051216786281145
0.144875,0.022015818,7.234305782155903e-05,0.1684225759971074,-0.3849229,0.0105,0.0141,0.0176,0.0197,0.0217,0.024,0.0268,0.0295,0.0332,0.0449,,0.35375586456184427,0.430613429579479,0.8500057449981383,0.041811359811909546,0.11977421107996856,0.0761373839261998,0.0854736005384812,0.10984392992744192,0.1141344541018004,0.9246554717926723,0.9092760852423473,0.9062184885922548,0.06494412178288099,0.06434476653514339,0.0862308291850122
0.105783,0.018051376,6.49878580107194e-05,-0.01262058,-0.826442435,0.0065,0.0103,0.0133,0.0155,0.018,0.0205,0.0229,0.0256,0.0291,0.0366,,0.4036014746087542,0.46269681503588206,0.7276057155152886,0.04816565107969113,0.13381956550273091,0.08092597598424862,0.06914255502665571,0.11391471564643546,0.11359773474732222,0.8577268006432858,0.8631603662773598,0.9956397656503869,0.057432262070659164,0.08495704941987607,0.0806646309928222
0.128166,0.019184831,8.022895985662335e-05,0.161143666,-0.677393113,0.007,0.0106,0.0139,0.0163,0.0184,0.0217,0.024,0.0272,0.032,0.0422,,0.39544792646552496,0.4445418151563475,0.8529898722760864,0.038860743996580474,0.11695704871219571,0.05183965104250777,0.07467937877949622,0.10023418885244569,0.12003901862783761,0.8589435933742888,0.8912564099446396,0.8871837953392947,0.06829446417651008,0.0956966893440507,0.059412754265863545
0.124395,0.021037291,7.597231755369606e-05,-0.005166947,-0.879123311,0.0099,0.0126,0.0159,0.0183,0.0209,0.0236,0.0262,0.0298,0.0327,0.0389,,0.37680243650925344,0.4187160743923154,0.9176706810131742,0.046771972744008364,0.1457184703054684,0.08158617518600966,0.09970141108556861,0.11508293231801357,0.10824391487657896,0.8300491863469703,0.9534364215654382,0.827590471978474,0.06810243015875837,0.0885181100396777,0.09345194921636996
0.104712,0.019276429,7.463025238021952e-05,-0.043611627,-0.820171116,0.0067,0.0111,0.014,0.0172,0.0193,0.0221,0.0246,0.0274,0.0306,0.0389,,0.4010191458527868,0.4110950640876732,0.6404904662313751,0.04201222819238912,0.1444569746558278,0.06467518140541821,0.08027119326799804,0.09710661331908649,0.12366773680370922,0.9823296204530735,0.8683785979319331,0.8394204189894228,0.059147840099019765,0.07183652705833843,0.09651753347540967
0.125913,0.018209091,6.883729777050727e-05,0.1481379532925851,-0.456341279,0.007,0.0102,0.013,0.0161,0.0183,0.0204,0.0228,0.0256,0.0294,0.0442,,0.3569001880690396,0.487141519727938,0.5841465024468901,0.03681664345656327,0.11451472995743579,0.07759763127055054,0.07785622893843606,0.10776567747499109,0.11419123815557265,0.8800861206531538,0.8299441363131841,0.9380598052881047,0.07348220467800841,0.08280368144760186,0.06816087048454575
0.099731,0.020534919,9.140161537158308e-05,0.2279616415429803,-0.587101182,0.0078,0.0114,0.015,0.0174,0.02,0.0229,0.026,0.0286,0.0338,0.0434,,0.3735941863440357,0.4447891859345747,0.5926424621661361,0.041890565145471854,0.12982301425425885,0.08604773219352208,0.07237389449913298,0.09628860474328443,0.12445057285916991,0.8242628358447376,0.8629478282082608,0.9404554463315196,0.054027040367114865,0.06722424945296787,0.05885501888281943
0.121699,0.020714053,7.233481241776807e-05,0.069104116,-0.707326877,0.0096,0.0129,0.0153,0.018,0.021,0.023,0.0257,0.0285,0.0321,0.0412,,0.4166400257365199,0.4823037905284149,0.5195523322507337,0.037734412079499256,0.13472200475771726,0.08413210298238187,0.08998465396520745,0.11093320683107225,0.11341649970953963,0.9438639524868709,0.973876309943587,0.9749544937298886,0.07853698220560182,0.05722937774121424,0.0676204511058556
0.116937,0.019644922,7.452516018222897e-05,-0.051471759,-0.780466115,0.0072,0.0115,0.0142,0.0177,0.0198,0.0224,0.0249,0.0277,0.031,0.0394,,0.36570143213094286,0.4096171163299784,0.6507369001015063,0.03736138523911159,0.14431836153270522,0.06386835456796351,0.07554175209915301,0.08985541154778687,0.1225862421250421,0.9619957151388548,0.9125181047421226,0.8836784038660542,0.07414574818627717,0.054436435994428795,0.06741537468593434
0.121967,0.019865768,6.591900228792428e-05,0.042008472,-0.772040382,0.0089,0.0122,0.0147,0.0175,0.0199,0.0222,0.0248,0.0275,0.0305,0.0401,,0.39674502058623096,0.4677892641570027,0.8526260331014931,0.04246000793729969,0.14893013841484423,0.07483443484901893,0.07557285979920535,0.0964166326039336,0.10389316664931976,0.889736219395069,0.9886224812741299,0.9007808028773049,0.08518518401297451,0.08355087724643512,0.09373513931440144
0.09716,0.020538526,8.510526295980381e-05,0.1048364458111853,-0.789208379,0.008,0.0115,0.015,0.0176,0.0201,0.0228,0.0259,0.0293,0.0333,0.0431,,0.37109076329372154,0.4823089611434673,0.5265874630396759,0.045352056407223285,0.11644578196031395,0.0616524796609327,0.09817417849142897,0.10375421727793427,0.12809911908833038,0.9892479423455176,0.8407916982361726,0.8608409218381372,0.07374571088263289,0.08379397619044081,0.07828874912055038
0.122195,0.018109429,6.859004664513919e-05,0.1197608727917906,-0.64513254,0.0065,0.0108,0.0129,0.0155,0.0182,0.0202,0.0228,0.0257,0.0291,0.0394,,0.3903989639173159,0.4343538522639093,0.7805453173328104,0.038933751506306145,0.13854212753196601,0.06496587328651368,0.0658053712590794,0.10519179189630226,0.12079124102194957,0.9027512516278691,0.8454182572389515,0.843695549495339,0.08631383936290736,0.05870968816528416,0.08679306508654777
0.146991,0.01912716,7.144859258494671e-05,-0.039696997,-0.800321871,0.007,0.0113,0.0136,0.0175,0.0194,0.0218,0.0243,0.027,0.0304,0.0398,,0.38873353193698196,0.4936987487106908,0.8330035915481342,0.03811593520870449,0.1426132006011788,0.0716644538600502,0.0990145253470901,0.09169025409757313,0.1318574933385334,0.9854785796262564,0.9518370045577697,0.9644126438090292,0.0612026416486166,0.08511115680622137,0.07939863085363574
0.123347,0.020373562,8.226573625394949e-05,0.1378954987872985,-0.600883717,0.0079,0.0125,0.0148,0.0174,0.0201,0.0232,0.0254,0.0284,0.0322,0.0422,,0.4028156543156012,0.4889007604676563,0.6576763143020476,0.04771183434381572,0.12689116075017812,0.08198932236995594,0.07459997691636262,0.08344788273077135,0.11811766881799217,0.8443229849803989,0.8166795397606628,0.8893591522985231,0.05796937072887124,0.054654104014970444,0.05856752574254731
0.136607,0.017773292,6.588746802544539e-05,0.095208377,-0.697022132,0.0064,0.0107,0.0127,0.0151,0.0181,0.0201,0.0226,0.0254,0.0284,0.0398,,0.41877207166410957,0.4980676315694805,0.8450796586736873,0.04028365272055829,0.1219501465680928,0.05744089086099207,0.09518222544277834,0.11535177899281242,0.11770219582019015,0.8340130448745333,0.8895753920400874,0.924043611806081,0.09096960414929735,0.07872522594668262,0.09379046047447319
0.129925,0.017894178,5.9570324140385594e-05,0.044268797,-0.743953458,0.0069,0.0105,0.0129,0.0156,0.0177,0.0204,0.0224,0.0252,0.028,0.0372,,0.3999234923702444,0.49297202236533955,0.8103204991733368,0.04133230710363909,0.12569442368052128,0.06578655345303894,0.09802140844229987,0.11148289159610444,0.13398748313242093,0.8376768746843789,0.894255767980953,0.8707801825445928,0.09332930075901735,0.057969066357178814,0.09614945426521669
0.149888,0.021451616,9.01542086616415e-05,0.2802068909560125,-0.494986856,0.0091,0.0125,0.0156,0.0184,0.0214,0.0236,0.0264,0.0296,0.0345,0.0462,,0.3632840123876763,0.4055850116917455,0.9131859663755758,0.04496931295951696,0.11479063011104196,0.07961144399229685,0.07423194520748606,0.08247149119168946,0.09920632841959254,0.9556960191139805,0.8973642539604577,0.9313936256688916,0.09102104616416952,0.06003699791702817,0.06896240158870887
0.130286,0.021695596,9.139028946011372e-05,-0.040395245,-0.875039543,0.0083,0.0124,0.016,0.0187,0.0218,0.0249,0.0277,0.0309,0.0345,0.0431,,0.3795310555926516,0.44212510923732007,0.92699768581916,0.041312206160736345,0.11422735822433278,0.06655810917647814,0.0935110793599356,0.08739606887692408,0.10983565963554803,0.8405066488035785,0.8894715252558364,0.9342263466441347,0.0817131967079537,0.08332959476470513,0.07662946372451465
0.122814,0.019170641,6.783628871902619e-05,0.077890139,-0.637270127,0.0076,0.0117,0.0139,0.0169,0.0193,0.0214,0.024,0.0267,0.0299,0.0401,,0.392263940579104,0.4730414635977129,0.6959780338019459,0.04920219638346425,0.12446228945169764,0.07232573105638651,0.08663158537857392,0.10508810720351326,0.12601487616123086,0.934920876108195,0.9793912052663926,0.9781006412947839,0.06061396393691546,0.08916320565468627,0.06449281725692245
0.128925,0.017468905,5.1982310374301473e-05,-0.000681072,-0.785567205,0.008,0.0102,0.0132,0.0153,0.0177,0.0194,0.0218,0.0239,0.0273,0.035,,0.37396710469177447,0.48869350774478587,0.5583776168736055,0.046237366373487576,0.13163483092584136,0.08229866095598853,0.0879915633971999,0.09586746111265838,0.11213032594725103,0.8804616656693072,0.8810442544736479,0.9893674281413432,0.07812773370335857,0.07312788792214828,0.06225569262301532
0.124679,0.020717497,9.152629650251392e-05,0.1798816850072114,-0.45175678,0.0082,0.0117,0.0147,0.0176,0.0204,0.0231,0.0261,0.0296,0.0335,0.048,,0.373174898755198,0.4983382320626921,0.7620165392552398,0.04387636371433951,0.14809835369243465,0.06623855842316384,0.10393380892847598,0.10940017712148456,0.12563740556974154,0.9006753271536122,0.8804829483060458,0.8682624384977085,0.05695846317876004,0.06374037319829291,0.08267008974738418
0.138137,0.0188874,6.216985668445625e-05,0.102918555,-0.516377361,0.0079,0.0113,0.0143,0.0167,0.0187,0.0211,0.0235,0.0259,0.0292,0.0426,,0.40730010002560363,0.44028314496156884,0.9004341505903921,0.041885705250654236,0.1283170994431967,0.07780259643946393,0.1020797275200516,0.10158416934080906,0.11585217200506455,0.8750936798563853,0.9022092206881561,0.8913728648292644,0.07924642843208744,0.0775207833978923,0.08210819633789225
0.126702,0.018496942,6.757768235313554e-05,0.014544719,-0.866870788,0.0069,0.0106,0.013,0.016,0.0182,0.0211,0.0234,0.0265,0.0299,0.0375,,0.411150355157333,0.49279664178621374,0.7759467490099893,0.048524708951963876,0.14419646413909873,0.07344960771672755,0.1027418583936411,0.0826173655249822,0.10291597205604726,0.8510492940261117,0.9041048160432594,0.904296026963147,0.08614580353793169,0.05910683609481165,0.0693074175566209
0.15661,0.018919975,6.926041466500218e-05,0.009207071,-0.714415056,0.0072,0.0116,0.0139,0.0166,0.0192,0.0214,0.0235,0.0269,0.0299,0.0409,,0.38543736499816084,0.4506088037004918,0.5084473021848512,0.04824143321682516,0.11639356291442833,0.05482824320534622,0.08898803291828951,0.09904147898703132,0.12071399904987426,0.8134648509095327,0.8260128302326063,0.8255251129554659,0.08504586981714707,0.08013970464000951,0.07815971740286534
0.141837,0.020746127,8.075608856465794e-05,0.1195188560889153,-0.610775713,0.0087,0.012,0.0153,0.0178,0.0208,0.0235,0.0261,0.0288,0.0325,0.0467,,0.40141046701959715,0.4723331557308665,0.7305970500705272,0.045760728793944466,0.12188229207062849,0.05343090178954106,0.08483074942027913,0.08813988293048888,0.13237457432524177,0.9788837453513489,0.9816787843912272,0.978622601541854,0.0580641136449587,0.09730638126183545,0.089108899072638
0.134828,0.019895355,7.537349060067982e-05,-0.036037362,-0.722683554,0.0073,0.0118,0.0151,0.018,0.02,0.0224,0.025,0.0277,0.0317,0.0394,,0.398334636729882,0.4653784863629005,0.6947109209151011,0.036098002267807835,0.12220588508850007,0.07823417376946142,0.09905453401587001,0.1089804054074608,0.10768420449603679,0.867039281487878,0.8863629538300689,0.9957994512465125,0.05491777803440784,0.07044593117437019,0.08356236149485319
0.138025,0.017462571,5.006995304391135e-05,-0.041144073,-0.883321954,0.0078,0.0108,0.0127,0.0152,0.0176,0.0196,0.0221,0.0244,0.0269,0.0326,,0.4184291724015668,0.44815930911998814,0.6461270759025303,0.0434824625796659,0.148598269390667,0.06226915314326965,0.09181623620761371,0.11642348055666307,0.10722746628902584,0.8229538554104736,0.985074361268951,0.8214026263574239,0.09319254137390068,0.06597840667211093,0.058145459081400334
0.138161,0.020765341,8.92548644037002e-05,0.1401742889346067,-0.689089917,0.008,0.0114,0.0152,0.0181,0.0205,0.0232,0.0263,0.0294,0.0335,0.0445,,0.4065158920665507,0.4833503043102092,0.9205487199444163,0.044216851687015266,0.12312526720904894,0.0806256432064196,0.07312646917280086,0.11117782083655742,0.11638534876969027,0.9502425456816868,0.9340692570599156,0.9048557231134435,0.05646578708820214,0.08217900876322778,0.0984727006913159
0.137611,0.018011052,5.385031279058077e-05,0.008839725,-0.727012287,0.0077,0.0109,0.0134,0.016,0.0178,0.0205,0.0224,0.0249,0.0277,0.0374,,0.36907489883522776,0.4472310465305252,0.6163224589184155,0.04441573909822035,0.11847611450401986,0.0528047256938747,0.08133826294389138,0.10314030525937247,0.11365341855186663,0.866072619805356,0.9948804781843017,0.9128884299639118,0.07035544737295778,0.08883977480210255,0.06082372414944105
0.137811,0.018041721,6.664718624771621e-05,0.1341522795166035,-0.388976314,0.0069,0.0101,0.0129,0.016,0.0181,0.0203,0.0226,0.0251,0.0286,0.0437,,0.40032276540179546,0.4372563027394851,0.7871341595726149,0.04827146695128469,0.14839793535234222,0.07662726185460114,0.10321529335478756,0.08472342226450659,0.11215781333465244,0.8843685044438775,0.937164452366437,0.9949276594886222,0.08128908767722193,0.0911989367405269,0.0821331591391395
0.13702,0.018687181,6.717765682313688e-05,9.075095978063491e-06,-0.80745374,0.007,0.0111,0.0134,0.0167,0.0188,0.021,0.0238,0.0266,0.0296,0.0395,,0.3868057588493327,0.4601948457736042,0.5525131765345566,0.04035328850347442,0.12961160540660732,0.06692698163387088,0.07982989157758412,0.11378798949130003,0.11494617213474041,0.8070320221288054,0.8785377586238573,0.9561214207089463,0.08312377860051176,0.09478223480990693,0.057149649616719714
0.12876,0.020308134,6.71801267470295e-05,0.1203992821076805,-0.648536147,0.0091,0.013,0.0152,0.0175,0.0202,0.0227,0.0249,0.0277,0.0316,0.0419,,0.3653093606482658,0.4875659485142689,0.5338573912788179,0.036752332587822505,0.11545226154793245,0.06374627385101726,0.10181325650662489,0.10295769759751654,0.11323979908280911,0.8760920075246911,0.8194661047957945,0.9275048365019808,0.0616948317910328,0.08827741502744692,0.09146580314571016
0.127229,0.021441564,8.363013127221728e-05,0.02782162,-0.811368959,0.0088,0.0127,0.0159,0.0184,0.0213,0.0241,0.0269,0.0299,0.0339,0.0428,,0.37251012461810856,0.49511804946652577,0.5414951812804976,0.042103984698268246,0.11507775008370079,0.06615546662934865,0.0955246704302342,0.08869935587820185,0.11839162687078925,0.8053077767093597,0.9843008651306681,0.9534518193802205,0.0717980467568139,0.0591262360114408,0.07495488199376855
0.129327,0.019023132,7.800293248300203e-05,0.2127094027327344,-0.433358857,0.0073,0.0105,0.0135,0.0169,0.019,0.0212,0.0235,0.0267,0.0309,0.0448,,0.36207295478287954,0.4887782159644949,0.667134649908265,0.036240833741157406,0.14792673238791912,0.05402431296128784,0.07911028200105578,0.11881601776433241,0.09993101463308607,0.8588210931290938,0.8387551990297484,0.8544439549651744,0.05753631782853237,0.07740070806518354,0.07870407209976216
0.125365,0.020445182,7.587310734613783e-05,0.054109741,-0.774041112,0.0084,0.0121,0.0152,0.0176,0.0201,0.0229,0.0258,0.0284,0.0319,0.0428,,0.3509835327113039,0.4534370221700052,0.8692880876515808,0.03893002603959233,0.11399781475235028,0.08277385232363964,0.07564339930999066,0.08874945452056757,0.13031380820654132,0.8683077171332786,0.9568389792623953,0.8749554469930179,0.08735908816175321,0.05886133783241306,0.08398132451947987
0.132984,0.020735252,8.261352719586852e-05,-0.043307425,-0.79367515,0.0079,0.0125,0.0154,0.0179,0.0211,0.0233,0.0264,0.0294,0.0326,0.0411,,0.3854614553082695,0.41338203529988077,0.8433319780374502,0.04080749649270251,0.14601104686619246,0.06598507832971376,0.10407561646517059,0.08059034368938862,0.12405430452199145,0.8419101447500814,0.9814355759927019,0.8334666178834372,0.05804034628203375,0.06094837404422351,0.09576421467402785
0.138909,0.021979795,9.523709187545646e-05,-0.057485684,-0.837777032,0.0083,0.0127,0.0163,0.0191,0.0221,0.0253,0.028,0.0309,0.0352,0.0434,,0.3670443171626778,0.44153611700693873,0.6555141390604693,0.03549307418998447,0.12219524435920781,0.05153023511503752,0.09167017408056041,0.09728538436387235,0.1337509202307567,0.9566239693310058,0.8598093203383096,0.828040895178386,0.09074820932756565,0.08418575120184824,0.06347288155644863
0.121909,0.020171988,8.368050444761493e-05,0.060940993,-0.753981357,0.0075,0.012,0.0146,0.0173,0.02,0.0229,0.0255,0.0286,0.0327,0.0421,,0.35820091701374973,0.48803986783849757,0.8161666739892277,0.04466727393069441,0.11832541796575136,0.07589025173380654,0.07725320551815404,0.09339270221086386,0.09714814503176884,0.8578242881191288,0.8926409676004824,0.950751098637966,0.08300289352123096,0.08529161590285636,0.09150284526329108
0.12971,0.019570516,7.65292113896475e-05,0.075633856,-0.614301609,0.0077,0.011,0.0144,0.0176,0.0197,0.0218,0.0243,0.0276,0.0316,0.0448,,0.36079584489105715,0.4140958439376459,0.6017964433884687,0.041185883314662594,0.11608296286203804,0.061543937996183504,0.08683673851437346,0.1145935946480051,0.11690102792841142,0.8072433174933775,0.8668321766086017,0.8616013264914748,0.09073997872963589,0.062161178400547516,0.07647278221758944
0.136248,0.019969206,5.9537807113285754e-05,-0.043540029,-0.702123991,0.0102,0.0125,0.0153,0.0183,0.0202,0.0224,0.025,0.027,0.0299,0.0398,,0.39740743981869986,0.4345513523808741,0.8327959952562185,0.043353507205504675,0.13795327167765592,0.056630901863015295,0.10219351418077124,0.09022242448499576,0.1324998241093898,0.885777936316226,0.8639095503246302,0.9742904117526937,0.06206633184176563,0.0624873624234279,0.07194553863047558
0.122946,0.020366556,8.002352698894584e-05,-0.077484067,-0.819169887,0.0076,0.0122,0.015,0.0177,0.0209,0.0232,0.0261,0.0289,0.032,0.041,,0.3909136289958073,0.4394293868325951,0.5838652198348373,0.04683166163355636,0.11288764313298565,0.07827804357973275,0.07012855786375724,0.11880919953489927,0.11631256568098357,0.9346865929984383,0.8941769275834804,0.9304215517070615,0.07375643760659321,0.0745377044950373,0.09375238619923361
0.134713,0.018718563,6.945631981364224e-05,-0.00980029,-0.721231214,0.0069,0.0114,0.0137,0.0162,0.0192,0.0215,0.0235,0.0263,0.0297,0.0414,,0.3620934828563561,0.4337339094715633,0.726008752138913,0.03767255339780084,0.11406992024713455,0.06096414709464699,0.06960832293077006,0.0831613759703057,0.1034368087391427,0.9750801641188719,0.8473502060345193,0.9623508579552236,0.07211333507767922,0.07673802568565011,0.07586780566349355
0.146571,0.01770789,5.098880674688822e-05,0.033927479,-0.745047948,0.0083,0.0105,0.0134,0.0155,0.0179,0.0197,0.0221,0.0241,0.0273,0.0351,,0.35975882322064845,0.4539997735730435,0.9227804456316377,0.044601160092014376,0.1490504339145398,0.05699414822434674,0.10390234957345162,0.08661473592317646,0.11236974972408091,0.991675699119662,0.9029584135101733,0.8379961005746874,0.0730380200161084,0.06013417674130961,0.07839798788414158
0.141567,0.019933035,6.316478815987387e-05,-0.004169763,-0.777056321,0.0099,0.0122,0.0148,0.0179,0.0199,0.0223,0.0249,0.0275,0.0307,0.0394,,0.3547981811035209,0.4162797745609852,0.8410057895822458,0.038220829064708056,0.1181920774460229,0.07639333069438956,0.08839371670397912,0.11857544216847479,0.11399798465368148,0.92662543480714,0.8482648364498085,0.9039164859459352,0.05903579962487829,0.08190881716879637,0.05909023570864886
0.146652,0.018439831,6.898775592855209e-05,0.1448644955918849,-0.536528788,0.0069,0.0112,0.0134,0.0161,0.0185,0.0206,0.0228,0.0257,0.0294,0.0402,,0.3544254696069549,0.4397212830990398,0.7138599614939701,0.0414828740216886,0.13045114217386258,0.05555938406924629,0.10276236298782973,0.09528158067828345,0.11234002914270158,0.9025579172957283,0.8421035193781595,0.920430105533088,0.07089963899414725,0.0788470777751494,0.09740473966201439
0.143299,0.022294506,9.557848797897128e-05,0.1473416593583543,-0.667895835,0.0094,0.0129,0.0163,0.019,0.022,0.025,0.028,0.0312,0.0354,0.047,,0.4163267505959501,0.4841840588528578,0.6085625759874774,0.039822908064212695,0.1426932054180598,0.07494611813210669,0.07909246796161182,0.11265782294833959,0.10135649172091898,0.9353222283036797,0.9249138251447419,0.9965273521841933,0.056975730866047646,0.061610598371714266,0.09665487152386552
0.135132,0.020370743,9.531687957808428e-05,0.1676337891546463,-0.783752851,0.0072,0.0115,0.0145,0.017,0.0196,0.0231,0.0259,0.0295,0.0342,0.0425,,0.3971226761496608,0.4704271912815873,0.5495787460406265,0.049206543979232124,0.13350181451978627,0.0770947925288768,0.10395290018981777,0.10655883502287528,0.11094328692229971,0.9738034552445136,0.9558862897340946,0.80400649925357,0.08991459672480395,0.06952064687346945,0.05950336703260195
0.14568,0.018191624,5.7431562897194466e-05,0.1175101266840032,-0.546192913,0.0077,0.0116,0.0136,0.016,0.0179,0.0205,0.0224,0.0248,0.0285,0.0409,,0.3777059504390237,0.455425638212045,0.8235085777258644,0.04216416240637151,0.14754727592759956,0.05039497049576005,0.10241330709469887,0.0837130883224125,0.11934162040621758,0.987727746527516,0.9288562741017572,0.8133362918887429,0.09274392761359208,0.07497777826099745,0.08908148690639224
0.142974,0.018278376,6.142926498206931e-05,-0.031414085,-0.853717623,0.008,0.0105,0.0137,0.016,0.0185,0.0204,0.0234,0.0256,0.0289,0.0358,,0.4019940207928187,0.497763877574008,0.8226273754977935,0.046298527998065546,0.11988837779994573,0.05035890969232172,0.10208483931770614,0.09959906424999357,0.10785543134990272,0.9485647269934286,0.8902573135266447,0.9833206939605486,0.07422994748607999,0.059641468882126285,0.09233537734385211
0.144385,0.017316993,6.034265769183106e-05,0.02382236,-0.762124489,0.0061,0.0099,0.0126,0.0151,0.0172,0.0197,0.0219,0.0245,0.0278,0.0362,,0.3648222365624875,0.4643929935140889,0.9156446587810566,0.04106032890006329,0.12973624363916286,0.05342439042259296,0.09205903957835085,0.09207243624835396,0.10121840879968569,0.9367718207715999,0.8386254913153678,0.8289980780308223,0.05306238093295714,0.07521231386747078,0.0570221245406918
0.14283,0.018791923,6.086404592475871e-05,-0.032749678,-0.855955428,0.0084,0.0114,0.014,0.017,0.0188,0.0214,0.0237,0.0262,0.0292,0.0357,,0.3654054920834222,0.4024145990148528,0.8193942728243125,0.041821697307509266,0.1409547458401115,0.07893242644575342,0.06604278318399859,0.09840284949983996,0.10499090994038315,0.908509062555206,0.8418153806021285,0.8688592520713962,0.07896709828331128,0.0791063322333377,0.09513435504279988
0.098275,0.015950809,4.021524482741044e-05,0.1094655265664602,-0.662593688,0.0075,0.0103,0.012,0.0138,0.0157,0.0176,0.0198,0.0216,0.0245,0.0313,,0.4056733269138378,0.4979406547173204,0.6007166005896766,0.04071110099408269,0.1397464025749984,0.06487002793606651,0.09574665678956815,0.11843298476611902,0.11282441675393186,0.9310470921497566,0.9679899759929724,0.9932095568074913,0.07533644295883928,0.09067822398180221,0.08721661284775575
0.102912,0.015977326,5.3968497834521446e-05,0.070046551,-0.780312671,0.0054,0.0091,0.0119,0.0135,0.0158,0.018,0.0204,0.0229,0.026,0.0348,,0.3614667999972783,0.41818605652807317,0.7699383226707163,0.04574415685822051,0.14879551851872283,0.08620260921345725,0.08926915568788679,0.10865691643785966,0.09771666707738591,0.8560399339131779,0.8888718924831428,0.8399400845092702,0.07473244632279251,0.074230770944897,0.09070550477418306
0.087992,0.017796335,6.005477490221e-05,-0.014671611,-0.808825457,0.0076,0.01,0.0132,0.0156,0.0181,0.02,0.0225,0.0249,0.0281,0.0352,,0.4054027216918486,0.4732004485802865,0.9087988895602036,0.04660570805446725,0.1460426902533718,0.07187350584028745,0.10195638845639275,0.11367148605617257,0.12331362390317376,0.9550249479547329,0.8824721341322896,0.9604100661669605,0.0759987505126974,0.09779997205175969,0.0763833272143571
0.108029,0.015899268,5.0516038438648086e-05,0.009944042,-0.75441121,0.0055,0.0092,0.012,0.0137,0.016,0.0181,0.0201,0.0224,0.0254,0.035,,0.37957672248915536,0.46612157776579144,0.5882091395035278,0.04641755306132762,0.13933623107163376,0.05880532552703387,0.10268331983403332,0.08818903576491463,0.11660845156972652,0.9935550100780449,0.9194102578587302,0.9736271556405375,0.07315505842990767,0.06262761828950318,0.07164256307231504
0.091953,0.01580133,5.493516559823837e-05,0.1658749541943089,-0.579484861,0.0054,0.009,0.0114,0.0137,0.0157,0.0182,0.0198,0.0227,0.0254,0.0358,,0.39269523267495654,0.4967574128512062,0.72426084594927,0.048739499589730256,0.13544468295762,0.0613307646717866,0.08486176601972427,0.08984908398732126,0.1041068671862628,0.9306927175592821,0.8993255568488076,0.9139125722528262,0.08432067929392749,0.07441124165675361,0.056840802762866974
0.092658,0.01713499,6.0278220363864344e-05,-0.009954216,-0.826482812,0.0058,0.0096,0.0128,0.0148,0.0176,0.0194,0.0222,0.0241,0.0276,0.0354,,0.41785699980743696,0.4579595166671246,0.7286798700050593,0.03740998349373118,0.12688836263434988,0.05429168770045984,0.07394292791696822,0.0805462422948823,0.11860482604069321,0.8480353680149335,0.9797843105754876,0.956822413983745,0.07469372219577888,0.07029955289540361,0.09880755971925968
0.11075,0.015551145,4.714201791585779e-05,-0.040804691,-0.808069857,0.0063,0.0094,0.0113,0.0137,0.0158,0.0178,0.0201,0.0219,0.0248,0.0317,,0.36693206930185107,0.4962280854760677,0.5264945934816794,0.04164112028410632,0.13478118022064728,0.054478601280442567,0.09882618292600925,0.10934709769320151,0.12828483318134282,0.87149471801631,0.9847430410996703,0.8289674998504801,0.09305524588389208,0.08479158781563731,0.060694434601217956
0.131303,0.016593973,5.433231870689497e-05,-0.099272005,-0.861387938,0.0064,0.0101,0.0122,0.0147,0.0173,0.0188,0.0211,0.0236,0.0264,0.0317,,0.39786967906865095,0.4609056082712459,0.7251195409373458,0.04225722114703708,0.13014778639851843,0.0690524210493045,0.09296789081073756,0.09925980565512818,0.12162032400366124,0.9053137292961991,0.9043307014188993,0.9807235471140451,0.06522441943335887,0.08143211549210529,0.07674101650075824
0.10142,0.016122201,5.6476871147773085e-05,0.080882571,-0.795997416,0.0054,0.009,0.0117,0.0136,0.016,0.0183,0.0206,0.0233,0.0261,0.0349,,0.4122993852363597,0.4228682190458305,0.679326673364591,0.03672314410327737,0.1307412197278356,0.06473036389576522,0.08982267659193066,0.08138754192620856,0.1316980888073481,0.8209829699912655,0.9082627998993138,0.9629669996245979,0.08621406412047329,0.08000911920462841,0.08611249857875708
0.088489,0.014621276,4.454408921397016e-05,0.032644161,-0.821512513,0.0057,0.008,0.0105,0.013,0.0146,0.0167,0.0185,0.0207,0.0236,0.0309,,0.3815725508255486,0.45648547392518696,0.7100603246990344,0.04126177629988658,0.1365440460819157,0.06778637922433917,0.0933863393109485,0.1116340646089286,0.1109079698958041,0.9022570583928801,0.8637043334250786,0.8384138309478912,0.06489376565533043,0.06488976766197642,0.08636288690355808
0.168606,0.022265769,9.955899776955728e-05,0.1308950919819233,-0.51677114,0.0097,0.0135,0.0169,0.0198,0.0226,0.0254,0.0284,0.0314,0.0356,0.0521,,0.3735095710005735,0.47158135949775276,0.9353577235491043,0.036861321918490834,0.1162500070434906,0.06228034781395569,0.0963940706753042,0.10721532732885732,0.0975777106528015,0.9320072524598806,0.9282605598808039,0.9458500499602513,0.057543836112669944,0.06413900308881582,0.05739970198118569
0.166381,0.0243318,9.529843295192668e-05,-0.057240801,-0.815053362,0.0108,0.0147,0.018,0.0214,0.0245,0.0278,0.0307,0.0335,0.0373,0.048,,0.3659799611776575,0.4556378173254997,0.6355131589167285,0.044162543883949544,0.14635115955459346,0.07710243653677555,0.09876289264915704,0.10529790729945457,0.10811816508724702,0.8879066828829584,0.8229162031046732,0.9110726154584656,0.08492296271948792,0.061542794857419175,0.0863173122432961
0.190863,0.024800571,0.000110796,-0.079425033,-0.72241357,0.0103,0.0147,0.0185,0.0219,0.0253,0.0283,0.0314,0.0345,0.0388,0.0485,,0.3875281117811661,0.45881418958625336,0.8811937699115012,0.047795791061563696,0.14752660802766085,0.05483904303636769,0.08023312352280795,0.10738698289941781,0.12312364936215651,0.8261609192279823,0.9954629306310006,0.8953696020824793,0.05164339776938752,0.06824601536722483,0.06745877881492239
0.164944,0.023951529,8.333359170854234e-05,-0.118685155,-0.793313239,0.011,0.0153,0.0183,0.0215,0.0247,0.027,0.0294,0.0324,0.0359,0.0428,,0.39411019530669966,0.46799584159256963,0.5099536583723795,0.042085893743727544,0.13617963501474553,0.06584439033137773,0.08236533455167273,0.10678394496645664,0.12643971153400166,0.9502841354252972,0.8458788533640904,0.8047095596986212,0.08680301384507069,0.05347894316641744,0.06393695125339882
0.174512,0.021859034,0.000101332,0.2227557886342063,-0.513526219,0.009,0.0127,0.0158,0.0185,0.0213,0.0242,0.0271,0.0308,0.0355,0.0493,,0.37018389903542437,0.44498275321821684,0.5206402720790302,0.04921531626178915,0.11582609847791188,0.0585627415656938,0.0684470643800218,0.11137153099560167,0.10037320597774714,0.9204118700836155,0.8365142500842825,0.9771246691578228,0.08344510887481775,0.05803069498769485,0.09849583742257839
0.17746,0.023121024,9.888775170814944e-05,0.043701142,-0.588998608,0.0102,0.014,0.0175,0.0203,0.0232,0.0262,0.0288,0.0319,0.0359,0.0506,,0.375208893483162,0.46543026877108373,0.9340085194723123,0.04173478460205311,0.11727275716368907,0.08289099676334981,0.07640257721000757,0.11532867365477162,0.1250090691879022,0.9652999286602122,0.815356902806201,0.8276883400933941,0.05372457027301223,0.07782593512784136,0.0861462423819858
0.161289,0.022543005,8.181183558565998e-05,0.003062369,-0.754906635,0.0098,0.0141,0.0172,0.0198,0.0227,0.0255,0.0278,0.0306,0.0348,0.0432,,0.3896828414575803,0.4039591510548274,0.8874471892198046,0.04245223147259467,0.12682322722762487,0.05068521207714378,0.08266549936386422,0.08522380082441806,0.1069668248968491,0.9235200813542898,0.8258877766798124,0.880699314166636,0.07549316700183889,0.06717593061170261,0.08951431520074256
0.191916,0.024914622,0.000112038,0.184886492,-0.516775972,0.0106,0.0148,0.0182,0.0216,0.0243,0.0276,0.0308,0.0344,0.0392,0.0558,,0.3695529539992511,0.4661756616452863,0.6303066948653627,0.04142208158311435,0.148342392220841,0.06402025565561918,0.07580110254620749,0.106899766917908,0.11546070910046194,0.9574316542208989,0.9034226964985932,0.957771561709003,0.08342251327493394,0.0565311091394531,0.05713249841875171
0.166814,0.023375005,0.000100582,0.436799514,-0.057050578,0.0103,0.0142,0.0171,0.0198,0.0225,0.0253,0.0281,0.0315,0.0364,0.0549,,0.4005530582679282,0.4315120098872696,0.6746502036064381,0.04571851813561814,0.13843699917677257,0.07694546433998062,0.09030804991975985,0.10931641365505973,0.12308283861633597,0.9670697509531477,0.8846925879237396,0.8812481110858014,0.06666001329591036,0.09151007211157583,0.09295464626364867
0.169369,0.023629343,0.000101805,-0.120415782,-0.774459756,0.0097,0.0138,0.0174,0.021,0.024,0.0271,0.0303,0.0332,0.0366,0.048,,0.4089008703136778,0.44639968788182416,0.526088075870437,0.037138617514383895,0.1391775676516709,0.08078533262956797,0.08515995653909254,0.09923292253237624,0.13416373998703546,0.9770235921079763,0.9471243927161923,0.9852546106442793,0.05847442806278296,0.06307976346312776,0.07076490822348952
0.201594,0.022511003,6.547562153184439e-05,-0.065461503,-0.622771443,0.012,0.015,0.0177,0.0206,0.0225,0.0249,0.0275,0.03,0.033,0.041,,0.3753215052470996,0.49772847775490753,0.6426590877315665,0.04252907511044992,0.12834460548885587,0.06388737132513177,0.07545618695297684,0.08435095580504083,0.11129601279993268,0.8707442831943685,0.8852379284622117,0.9461381086500098,0.0748527731325223,0.08322413733363201,0.08859597383927724
0.187497,0.02528216,8.004635865709045e-05,-0.041041932,-0.590776352,0.0132,0.0169,0.0206,0.0229,0.0253,0.0278,0.0304,0.0333,0.0374,0.0462,,0.36573561293411533,0.41926722871439737,0.5714883035848268,0.04800609340022795,0.1478363635235836,0.059658691899632785,0.07515365505412805,0.08643399414274308,0.13368911191415717,0.8627309349514547,0.903431921934002,0.924057964436078,0.07306568016101748,0.08368312508196236,0.057419224147610824
0.19662,0.023988663,7.45435399392853e-05,0.006322845,-0.485171066,0.0122,0.016,0.0189,0.0217,0.0243,0.0266,0.0289,0.0315,0.0352,0.047,,0.4156142617117041,0.4930411017990599,0.6045726161457419,0.04078608494984994,0.11894334195046964,0.06915833513663754,0.09665288832016108,0.11507560831540582,0.12531131089732114,0.945369369033114,0.8966911180568292,0.970487612851175,0.08970434862723162,0.05451864804150878,0.0758994588390264
0.187987,0.022072729,6.671280367701667e-05,-0.052855829,-0.694508643,0.0114,0.0143,0.0171,0.02,0.0221,0.0245,0.0272,0.0297,0.0329,0.0407,,0.4103267077832447,0.49799018855481597,0.6231211279536062,0.048561757925120526,0.13016460626787557,0.06720417166974962,0.07120939537982081,0.09226657353363471,0.11702188994939138,0.8763072504771516,0.8213441016850196,0.9456699954001037,0.0635092651507788,0.09550637301689206,0.07224160488978597
0.184867,0.022512915,6.318218889496235e-05,0.028297323,-0.350052263,0.0116,0.0158,0.0185,0.0204,0.0223,0.0243,0.0267,0.0296,0.0332,0.0451,,0.36119775231231926,0.490140544303334,0.8338606934740638,0.04451995583231437,0.13014066981490782,0.07481478079328414,0.08884589217654189,0.10793558314801079,0.09867118604125412,0.945538452537154,0.8258155279481024,0.825068922997614,0.05321362481001251,0.076602447233509,0.08225111977183175
0.19845,0.020913947,8.04804112194161e-05,-0.026357783,-0.666154953,0.0084,0.0121,0.0161,0.0185,0.021,0.0235,0.0265,0.0291,0.0327,0.0439,,0.36805072651641063,0.42065811329768416,0.5448788228845325,0.04404745062684278,0.1298295966318342,0.0735976117812298,0.06790934362489436,0.08765191760267799,0.12773525004236438,0.8647795196384255,0.8645964429683193,0.9280250074197561,0.08448704221429439,0.09461504374023182,0.07483715432791377
0.198484,0.023913936,8.014083454258531e-05,0.1516228112553628,-0.298409528,0.0122,0.0159,0.0185,0.0214,0.0239,0.0263,0.0288,0.0316,0.0357,0.0532,,0.38807825756498543,0.44987023692381495,0.6145535529685502,0.045162955721628255,0.142115617809432,0.0743925756898604,0.07571597418736656,0.09977387360081899,0.12918499328294433,0.8592210996473921,0.8267381335360676,0.8034621646835629,0.09136697675236789,0.06224562736180522,0.08481506681609911
0.193281,0.028200166,0.000106762,-0.021084934,-0.576316548,0.0141,0.0184,0.0221,0.0255,0.0283,0.0313,0.0342,0.0373,0.0417,0.0539,,0.36595770911573317,0.4235280235558281,0.7208973870100696,0.04654457050593674,0.14683832983185785,0.06865684865458631,0.07287082367261248,0.08172078124334513,0.10595319787439424,0.845782790101804,0.9460748136809503,0.9943809483197822,0.08603227245318093,0.09680271732961515,0.0826262033268113
0.193613,0.024059141,7.053501861587668e-05,-0.098132838,-0.609365687,0.0123,0.0169,0.0194,0.0216,0.0238,0.0265,0.0296,0.032,0.0352,0.0448,,0.3715289437582768,0.48945088025194033,0.8512210441332415,0.04625259614051645,0.11907166215498885,0.05261866562699099,0.06566312426579897,0.1000526038310437,0.13262358029376642,0.9757625668034101,0.9067107431505882,0.8470584102517817,0.0542207467939348,0.0754878754082437,0.08274870123720196
0.207948,0.022369724,7.817605716815909e-05,-0.062249255,-0.777696603,0.0108,0.0139,0.0169,0.0204,0.0227,0.025,0.0279,0.0308,0.0337,0.0415,,0.39507644074132836,0.4233750820178073,0.654255143905904,0.03625308630739846,0.13807238582239142,0.07624923930246606,0.09308353994128858,0.09561394504871443,0.11543018803869526,0.9251663895310893,0.9182910390947593,0.811363160846711,0.09006242726841295,0.09135136943211447,0.07064595342197447
0.154506,0.016843871,5.476013201287828e-05,-0.042770346,-0.778457358,0.0064,0.0105,0.0125,0.0153,0.017,0.0194,0.0213,0.0236,0.0266,0.0337,,0.37617563462575554,0.4332614048996659,0.574268611778551,0.04393932205600938,0.12244370466534239,0.08088858381210014,0.09212540973227092,0.1070688807494884,0.09831022085287576,0.872242152251552,0.8291927202273384,0.9824547245729948,0.08650168510694967,0.05454829082294385,0.0717829376024279
0.134586,0.020416793,8.391272253185815e-05,-0.05872081,-0.908731379,0.0073,0.0117,0.0149,0.018,0.0204,0.0235,0.0262,0.0293,0.0327,0.0394,,0.4126196744439776,0.4903197537127824,0.7734543628338543,0.03944260175186294,0.12549834902980625,0.06497196045302335,0.0805396374612711,0.08617150652414143,0.09704434383816722,0.8194394016120301,0.9852070928740532,0.8298271213480263,0.06423838864996685,0.05604018052076592,0.07842617123934431
0.156938,0.0198018,6.984741670708107e-05,0.2098578201308978,-0.443940079,0.0088,0.0118,0.0147,0.0171,0.0202,0.0221,0.0242,0.0272,0.031,0.0462,,0.39310715636199123,0.49649490778448624,0.8924426656572975,0.038543854668737214,0.13452291744988104,0.08539175786576993,0.08631146643837653,0.10844322564242995,0.09724047307871653,0.9627581442159062,0.9466722469671943,0.8204742733855276,0.06716360830811133,0.06179267034696424,0.07671679214022485
0.140914,0.018649739,5.76522519781688e-05,-0.027732494,-0.831292798,0.0078,0.0111,0.0139,0.0165,0.0188,0.0208,0.0233,0.0256,0.0289,0.0359,,0.38733203262653204,0.4412415476667745,0.7595556110472674,0.04641482873806646,0.13481873483126186,0.06772253085046896,0.08573717826565748,0.08289431062420484,0.13360538462946914,0.8839414759483125,0.9371868938284053,0.9318462009064911,0.08228030017065525,0.059101969932766465,0.06825526544333654
0.144375,0.018187396,5.770820432828736e-05,0.03155683,-0.650562891,0.0075,0.0108,0.0138,0.0159,0.0179,0.0205,0.0231,0.0251,0.0281,0.0422,,0.38228868657005,0.4623685880958069,0.59974792087784,0.038422823229445804,0.13380563143095361,0.07262420078225415,0.083975887124402,0.1043308508004329,0.11890391361843215,0.9031948324832381,0.9657577961930648,0.8487415270108275,0.05832203550434074,0.06760658601683953,0.09792564057976746
0.152187,0.018510988,5.248676931415066e-05,-0.039353333,-0.77890436,0.0088,0.0121,0.0141,0.017,0.0188,0.0206,0.0232,0.0252,0.0284,0.0358,,0.3576203266127104,0.44555881330205777,0.5440128815947032,0.047040087366770504,0.12705453653539983,0.07861902565885244,0.09494638801091855,0.09692965321555448,0.1024759167094009,0.9164113000720329,0.9194438119340766,0.8319146791679664,0.06166574335950984,0.06716095524429726,0.0873055864549319
0.139235,0.018743806,6.718572950496115e-05,-0.045102429,-0.741640913,0.0069,0.0113,0.0136,0.0172,0.0191,0.0213,0.0238,0.0263,0.0295,0.0398,,0.3781443681805818,0.4801792811991948,0.8989766188190923,0.041830134170007645,0.11676295952990294,0.08098931474879952,0.07675475783272223,0.08193015668793807,0.1244454233792641,0.9791554692205982,0.9205801964489208,0.8275223601784911,0.05159261375119307,0.05961926561779957,0.06297339637579616
0.149163,0.017515329,5.622237912186729e-05,-0.025267716,-0.812981058,0.0078,0.0101,0.0133,0.0154,0.018,0.0198,0.0225,0.0244,0.0278,0.0356,,0.4078701536600192,0.4546883737673622,0.7114144102667685,0.041211172551591777,0.1485432661001725,0.05228747767057662,0.08867795118871219,0.09885761268574086,0.13407714642166418,0.9026150937228178,0.8133265575331254,0.9355212942798152,0.06745372228683438,0.09469476011065422,0.062406547580021204
0.14479,0.01835991,6.367915356256343e-05,0.075757355,-0.684406023,0.0073,0.0114,0.0135,0.0161,0.0182,0.0209,0.0229,0.0255,0.0292,0.0411,,0.4116516238135378,0.47402734283610476,0.5504577660900707,0.04640713497421631,0.12060626363171521,0.06811013648553234,0.06719097292177999,0.10638237164452945,0.1307863352447259,0.8195002634580434,0.8510352152525948,0.8314828638521825,0.05866361632208845,0.05748839807013153,0.09895701291389693
0.149037,0.017374991,5.798112370637393e-05,-0.018573785,-0.74665899,0.0065,0.0103,0.0125,0.0154,0.0174,0.0201,0.022,0.0242,0.0275,0.0377,,0.3515954026260143,0.45602153341685053,0.7361312663863765,0.04628799349020309,0.13832027705539687,0.07163360177736301,0.06563289136558684,0.11852688921609264,0.11870757156565663,0.9192783223343676,0.9867300975310997,0.9638593235685741,0.08399167798368477,0.08103901396433205,0.05738355395387359
0.145911,0.022733597,0.000101121,0.01220553,-0.734919417,0.009,0.0131,0.0166,0.0203,0.0229,0.0256,0.0284,0.032,0.0363,0.046,,0.3789929558882537,0.43443517404002124,0.5558183143557488,0.045516511435015616,0.13425663109754815,0.08391421794562147,0.07881493026860757,0.10841217817976316,0.09649896756043859,0.9323992325973754,0.8697204501800764,0.8814357627085769,0.07823902459208652,0.06439986182127318,0.0910164044022274
0.150919,0.02621911,9.750133021891856e-05,0.2180916041315865,-0.107842428,0.0133,0.0173,0.0203,0.0231,0.0259,0.0288,0.0315,0.0347,0.0394,0.0563,,0.41358749157684255,0.46077437503855506,0.7694265890866848,0.0353407134010527,0.12061364687521967,0.07720480286005109,0.0852258144135549,0.10188272534110705,0.1227123992396327,0.829246123993329,0.8054612178881901,0.8910630868088196,0.060397086328223874,0.08562644854079676,0.0738120223523309
0.139412,0.024171837,7.388109018491609e-05,-0.105458311,-0.529079371,0.0122,0.0158,0.0189,0.022,0.0246,0.0276,0.0298,0.0318,0.0347,0.0478,,0.39648320408491405,0.4273987438792191,0.8118493213762573,0.04801892854251285,0.13100801231211162,0.056863778670281015,0.09092408598652003,0.0922295820227245,0.11771519846027038,0.8138732679721815,0.8756276269526806,0.8076954085455565,0.07959538311041994,0.08637099815099446,0.07070837694025986
0.139611,0.022370811,9.699576682583975e-05,-0.029152464,-0.789738873,0.0088,0.0126,0.0172,0.0198,0.0223,0.0251,0.0283,0.0319,0.036,0.0448,,0.35371290058298466,0.43412761993650706,0.5120442893383541,0.036776707460415343,0.12637892742577944,0.07893360378877265,0.080986191284771,0.11600110975989657,0.1025129704360334,0.9204782917823727,0.9934009351195158,0.9854569260036515,0.053496306343118374,0.05443478165619699,0.08542561099911768
0.153743,0.024109609,6.945427771662105e-05,-0.15966755,-0.597034338,0.0131,0.0163,0.0192,0.0223,0.0243,0.0266,0.0293,0.0319,0.0349,0.0419,,0.41231575394715464,0.4551383985006168,0.5096880047485476,0.040367464749540935,0.11925803511421469,0.08496023253954134,0.08150164665743156,0.11687185400909873,0.10724595506944781,0.9115877621645235,0.8530264571224014,0.8903961014989938,0.0659522282813499,0.05925562430629001,0.06003530757176755
0.147048,0.02606979,8.433854738247235e-05,-0.095725195,-0.621721324,0.0133,0.0175,0.0208,0.0236,0.0263,0.0289,0.0317,0.0346,0.0382,0.047,,0.4143905930228442,0.41640263467353744,0.6778976158148063,0.037621426697397556,0.1253396453012298,0.07494352981607882,0.10227202153506587,0.10053345116117693,0.09969497169281194,0.8202457410210003,0.9082662882947368,0.8082114502933315,0.061679608858667336,0.09104133967259709,0.06828941226372832
0.144261,0.025937048,9.739682226503582e-05,0.071998443,-0.675729359,0.0131,0.017,0.0199,0.0225,0.0252,0.0283,0.0316,0.0351,0.0396,0.0501,,0.40265151238697305,0.4370034887384567,0.7875531552076175,0.03642517733206294,0.1404392433528075,0.07679977718296982,0.08591278471093819,0.10049387057884088,0.10610283405453429,0.8822838262160154,0.8796347111928315,0.8877651137689253,0.09242235867712419,0.09844025960654387,0.06907797470738564
0.142505,0.022591938,6.0920093307812383e-05,-0.210923091,-0.653124397,0.0118,0.0157,0.0179,0.0204,0.023,0.0251,0.0277,0.03,0.0327,0.0382,,0.38860840830763355,0.48866498183477625,0.7589817122520484,0.04278047493838384,0.1349860082444975,0.05537437079241073,0.06716645351597238,0.0832695017562406,0.1118893727894928,0.9461561989213102,0.9666770831115099,0.8084420493973105,0.06221072439387358,0.05657637798427069,0.0873927805426662
0.132183,0.02216527,7.112818549917124e-05,0.017066674,-0.716339607,0.0115,0.0142,0.0169,0.0202,0.0221,0.0243,0.027,0.0302,0.0335,0.0414,,0.40122078747818635,0.4362203215978698,0.6927793595819968,0.04692847443929999,0.12559355721964816,0.053066664510522554,0.07568814947906338,0.09035131863053554,0.12646842981906442,0.8460770983925743,0.9215819530838314,0.9808093161421456,0.059498121064689394,0.08530407836141637,0.0852744520525582
0.138936,0.026874944,0.000102337,8.333235795331158e-05,-0.760120056,0.013,0.0173,0.0208,0.0238,0.0269,0.0297,0.0327,0.0364,0.0409,0.0478,,0.4075191169614644,0.4050096151239775,0.9307776035055354,0.04605720776846342,0.14357064243284012,0.08307213031252263,0.0763292294198977,0.09128184920209853,0.12015110610961781,0.9781690200204551,0.8102510169586444,0.9954655478069993,0.08642453177700567,0.0798759909598104,0.07162138857117918
0.196932,0.02173743,8.828310688231885e-05,0.025993819,-0.645632065,0.009,0.0126,0.0163,0.019,0.0223,0.0247,0.0273,0.0304,0.0338,0.0467,,0.3659466942155565,0.4418206973668905,0.9313534406333749,0.03691267621605494,0.1370897660583018,0.0640529415403006,0.08381334951228392,0.09771826215420219,0.1297259353384867,0.8732971754284655,0.9199447896992956,0.8926065360352232,0.07021702896276281,0.07452405684006382,0.06892141598159462
0.189365,0.02177336,7.811122406352133e-05,-0.076358519,-0.789645239,0.0092,0.0133,0.0166,0.0191,0.022,0.0248,0.0272,0.0299,0.0334,0.0428,,0.37688240940164647,0.4622708280283507,0.6420557512688314,0.03639151395558955,0.14692218661912124,0.052107772570172926,0.09815026604608824,0.0995879017411961,0.09668999874886074,0.9176737921335382,0.9330015073739536,0.9863675559900398,0.07677913699354477,0.05897111305002217,0.092914459837287
0.194841,0.023022439,7.411108762867242e-05,-0.079964345,-0.792060116,0.0115,0.0148,0.0176,0.0208,0.0233,0.0255,0.0283,0.0315,0.0342,0.0421,,0.41748957955728866,0.45574357273213223,0.5114853476134078,0.03626170875124129,0.1313485838353931,0.052770207502054765,0.07261077116274353,0.08146072076371427,0.13018497253077632,0.9441334788817825,0.8427164497619114,0.8057963159673815,0.056222091960031105,0.06479512715423308,0.06882110357120012
0.17924,0.020699967,6.472934187816064e-05,-0.066298209,-0.864224636,0.0099,0.0126,0.0159,0.018,0.021,0.0231,0.0257,0.0284,0.0318,0.0375,,0.400810364049677,0.40508047204273123,0.8179634992941877,0.045593117967597754,0.12668022102183402,0.08626862089076207,0.0663904195243018,0.10385387140613403,0.10896834713400262,0.8843998395467748,0.965573639900338,0.8424300765417281,0.0653776557235621,0.0985778943468823,0.0833845090818675
0.19227,0.021898405,6.418744963790559e-05,-0.055565085,-0.75270373,0.0113,0.014,0.0176,0.0195,0.0218,0.0244,0.0268,0.0296,0.0327,0.0394,,0.36047685095234716,0.49364934609033584,0.7525682984358065,0.04306434009525793,0.1317025909890263,0.06267859779596383,0.096594610737955,0.10873019307238554,0.10279943150424954,0.8344062512845799,0.9263711078290287,0.8637469212842079,0.06699433933358682,0.08548691978371632,0.06938533081134544
0.200938,0.022201056,6.597507315292723e-05,-0.106936869,-0.705729791,0.0116,0.0144,0.0172,0.0205,0.0225,0.0246,0.0272,0.0299,0.0329,0.0414,,0.36073356865993106,0.4974065680583285,0.6321338998805063,0.03580535790072964,0.1278131012343218,0.0553763876529177,0.09906155237252004,0.11697124206038868,0.13065383778879755,0.9372389282122771,0.9356215431725985,0.917375243565677,0.08970245066861804,0.05814017374580486,0.08727119132579135
0.182509,0.023736969,9.390079670188742e-05,0.026575433,-0.736108539,0.0105,0.0141,0.0175,0.0208,0.0239,0.027,0.0298,0.0327,0.0363,0.0476,,0.3754969203882812,0.42388842241641134,0.8130265401607243,0.040235424254505915,0.12146694549466971,0.052997020093647255,0.09902901826124129,0.10816785576889416,0.11770234970685264,0.9375780811599126,0.9971488223506991,0.8440718099631135,0.060799937856580576,0.06971731476540603,0.060229584761566896
0.17684,0.021796686,7.453207425324728e-05,0.1006497660356086,-0.579215975,0.0102,0.0136,0.0164,0.0196,0.0219,0.0241,0.0267,0.0295,0.0336,0.0459,,0.39982211145071045,0.4292131879535514,0.8520677748174702,0.03976001525277053,0.12578347925402167,0.0761318703345184,0.09602907460744721,0.10646915979532251,0.11491333132668116,0.9808378255255993,0.9486219417285066,0.9686810402047547,0.07492546245941924,0.0801021022292784,0.07146871868380722
0.197311,0.021949827,6.845600659913326e-05,0.018323014,-0.554513724,0.0104,0.0143,0.0175,0.0196,0.022,0.0244,0.027,0.0296,0.0327,0.0443,,0.379081884524846,0.4039438472409295,0.7094825069889904,0.035934683545794106,0.12598011050783212,0.0751949591779058,0.10173547517538543,0.11459904912069498,0.0964917591382894,0.9848536063505166,0.9537998358614426,0.8865500113427699,0.07903375339800346,0.08865780080686764,0.08769673931869482
0.190426,0.023315403,8.101988225883536e-05,0.028249141,-0.71328692,0.0109,0.0151,0.0181,0.0206,0.0231,0.0261,0.0289,0.0316,0.0353,0.0443,,0.3654773080455839,0.46656848092443653,0.8865940599414964,0.03776406837599846,0.11915701950317575,0.07233921999992549,0.08992303380442153,0.10802289510842454,0.11265618853654442,0.8182721426441145,0.93585908112329,0.9284296536914682,0.059688701525835934,0.06814355660182861,0.06203776176825002
0.218593,0.02972655,0.000152225,0.1031147663837183,-0.609937705,0.0127,0.0185,0.023,0.0262,0.0295,0.0328,0.0363,0.041,0.0463,0.0596,,0.3549220398698878,0.4624187434548876,0.64173779646557,0.04251192266396045,0.13697978354371002,0.0722551948033812,0.06698225534731828,0.08685158816991752,0.10782927735348383,0.903033549584683,0.9023765546395301,0.8666995419726597,0.0536172183022073,0.0874620571141799,0.07757048226796363
0.218451,0.025241348,9.429866732728638e-05,-0.043246791,-0.65388042,0.0123,0.0164,0.0198,0.0228,0.0257,0.0284,0.0311,0.0341,0.0375,0.0512,,0.39472714975295936,0.45831253002315486,0.784608885892798,0.045929177904714395,0.13465474388159146,0.0860652704249182,0.08478049411834764,0.10795908672320297,0.1315975231716154,0.8195349111486101,0.9472248323009486,0.9176018489178265,0.051208735217365374,0.06961162476695706,0.0809690212006746
0.214843,0.028754186,0.000124605,0.027210965,-0.64699355,0.0135,0.018,0.0221,0.0258,0.0293,0.0321,0.0354,0.039,0.0435,0.0573,,0.3599254069680902,0.4925302917293382,0.7175124481451718,0.0483346923265537,0.1407463994770432,0.07834338014160618,0.0742820911882558,0.11672533849804456,0.13147700587006483,0.8807621713027489,0.977542472708523,0.8840313438489676,0.08185707933373942,0.06309609741217172,0.08417859618668841
0.217613,0.02747107,0.000144767,0.3667045910234393,-0.154623365,0.0119,0.0165,0.0201,0.0234,0.0271,0.0305,0.0334,0.0373,0.0436,0.0637,,0.4187453754332757,0.4262731983340789,0.8334373361122497,0.036636416840917875,0.13178444422044425,0.07160095507128392,0.09022082657890189,0.102774252642058,0.12836277931719312,0.8853581755082699,0.9455471985318005,0.8695317457686442,0.09024527282028769,0.08426141469282783,0.07511567608212141
0.221965,0.027123882,9.370230574974812e-05,-0.093399456,-0.677088465,0.0145,0.0188,0.0221,0.0249,0.028,0.0307,0.0334,0.0367,0.0402,0.0524,,0.37589453466158407,0.4198841032373374,0.7319541636834668,0.03997599383067753,0.13070749670407714,0.08206630420775081,0.09910928594268636,0.09637871798061119,0.0992028928413133,0.8340720764598861,0.8916933761244241,0.9335292547029239,0.09193402951783383,0.0578506997535939,0.059852003268452206
0.213502,0.029504444,0.000132793,0.2016890932643147,-0.560025487,0.0143,0.0188,0.0223,0.0256,0.0288,0.0319,0.0353,0.0397,0.0459,0.0553,,0.3641138394116759,0.47657123634198284,0.7135488064498176,0.03709520894307441,0.11673768428538431,0.081156017800751,0.08371552637135372,0.10058832649310778,0.11557947854475989,0.9942580610444405,0.9538875035501196,0.9694411884739785,0.08102083217588357,0.05765154578157834,0.06938746510847121
0.211566,0.026353456,0.000130124,0.00670835,-0.79392725,0.011,0.0157,0.0192,0.0228,0.0263,0.0297,0.0334,0.0369,0.0411,0.0539,,0.3616033254196579,0.43011641058831773,0.8152565632893095,0.047920885798843564,0.14797833342956423,0.05597717034023809,0.10190833994936024,0.08795252300777988,0.11355428085721408,0.9790038859559107,0.9528551820435582,0.8987854987125529,0.05952910938728197,0.0899583032101752,0.06424048955236053
0.198444,0.025159183,0.000129726,0.181616431,-0.634255619,0.0106,0.0149,0.0182,0.0215,0.0246,0.0276,0.0309,0.0354,0.0411,0.0541,,0.4037264306939748,0.47210823523771206,0.8021452747117873,0.047428172885763155,0.12705531257543579,0.06305951144491803,0.08367510194868182,0.11677807907641055,0.11403423026116916,0.9353136364427849,0.9361004840417658,0.8757163803043376,0.05230921683216689,0.0639243543889875,0.06191674319961643
0.181133,0.027280421,0.000145853,0.08291773,-0.547649392,0.0106,0.0161,0.0202,0.0236,0.0274,0.0307,0.034,0.0378,0.0432,0.0559,,0.4132632738806381,0.4832800889906035,0.6376956715072191,0.04799704200493132,0.11379921350263424,0.06407733067706105,0.08912903692178445,0.08416798233153575,0.11590031546302758,0.9313072781057711,0.9661682387717033,0.8135327106268231,0.09418667691222281,0.055042959116673625,0.0961807417597517
0.220813,0.027692875,0.000114276,0.215820153,-0.383621682,0.0135,0.0181,0.0218,0.0244,0.0272,0.0302,0.0334,0.0369,0.0421,0.0593,,0.35998645400809504,0.4674483782822681,0.6966936462123318,0.040685484998447784,0.12534954189306194,0.05798017433410891,0.0856235777338778,0.11124911249871267,0.09611008498058517,0.9418426081647259,0.8612943426838253,0.9722920881193519,0.06004402912792733,0.06385683975379929,0.06124804522504091
0.193709,0.025608783,8.918149835894291e-05,0.081375568,-0.435521214,0.0135,0.0176,0.0205,0.0231,0.0256,0.0282,0.0309,0.0339,0.0383,0.0516,,0.3529524749441362,0.4092647918270817,0.61566179073926,0.04372189489361774,0.14242679617159634,0.06791116880377282,0.07014765456455645,0.09824327895466466,0.09780792981096827,0.9787252150641622,0.8511924693999603,0.8493746621021133,0.06227627243207798,0.07891405319668005,0.06374898621712731
0.197952,0.022207213,9.044593848198416e-05,0.04391146,-0.706717804,0.0095,0.013,0.0163,0.0191,0.0222,0.0251,0.028,0.0313,0.035,0.0482,,0.40310636981363973,0.4798646354861009,0.7534781173105133,0.04603465249873221,0.14077504715260336,0.07234020995126851,0.09236860823582671,0.11220512948586221,0.1108492874503508,0.855996021573724,0.825479761307656,0.9526906127080343,0.08084594569102242,0.05380820730292534,0.05896638054674351
0.185213,0.02661603,9.27143951593335e-05,-0.087237712,-0.649355824,0.0135,0.0176,0.0209,0.0238,0.027,0.0297,0.0323,0.0351,0.0389,0.0502,,0.35631844198306045,0.402780983331216,0.6628215931812699,0.036155924389583274,0.11502705043431151,0.07072422054924495,0.09700837893179577,0.10750965426768101,0.129741046741392,0.8431666231170454,0.9760226260612856,0.8523267844505351,0.05259055102826018,0.06868407243083398,0.0706037492191958
0.196789,0.021527762,8.55419415162838e-05,-0.007308255,-0.609860941,0.009,0.0126,0.0159,0.0189,0.0216,0.0245,0.0271,0.03,0.0335,0.0476,,0.393585796481941,0.48627447605784135,0.6174921317146038,0.03587397361720418,0.1220364300054727,0.05931388861881756,0.07431510981999365,0.08409753344425953,0.12853789053104786,0.974085324404334,0.89532741022643,0.943599242179676,0.06298035044369385,0.05371042138457414,0.06938448525323525
0.192166,0.025713737,8.60140522302079e-05,0.035408939,-0.479300849,0.0136,0.0174,0.0203,0.023,0.0256,0.0283,0.031,0.0338,0.0378,0.0507,,0.3661563688558339,0.43879114126944196,0.7014278983699416,0.04028847313008566,0.12710743008423042,0.07670850059469744,0.08460304129754065,0.09989259536493554,0.10525049360255612,0.8575950980793127,0.8930998034549452,0.9613316836458224,0.07016457085993114,0.06710569081006203,0.06503667067614126
0.19415,0.025945276,9.045064355863342e-05,-0.017694577,-0.645544219,0.0131,0.0171,0.0202,0.0231,0.0259,0.0286,0.0315,0.0348,0.0388,0.0491,,0.390741224918445,0.40405991296148336,0.8101287040707152,0.040789086404764495,0.13472151328331627,0.0552823260302437,0.1000304221199575,0.08986980539774077,0.10693689628468636,0.9191933089408914,0.9147027606279963,0.9325021163298013,0.05120592583766983,0.07256245639463042,0.09307335627577615
0.192871,0.024474926,7.216823954591353e-05,-0.146350737,-0.595605534,0.0125,0.0175,0.0199,0.0223,0.0246,0.0272,0.0296,0.0326,0.0356,0.0453,,0.38156195462191567,0.4975227476550685,0.7332209647168543,0.040055108980281424,0.12421079909511845,0.0802361281379773,0.10219076087265101,0.09509044850669082,0.13098018469489262,0.8323543647732885,0.8622158883704332,0.9731415233323536,0.06470093757150737,0.09110012748861522,0.09798909850954658
0.198917,0.023542383,0.000105811,0.082407361,-0.59940879,0.0104,0.0144,0.0181,0.0211,0.0238,0.0267,0.0298,0.0331,0.0372,0.0521,,0.3708905086309382,0.4828670655395293,0.7346960343626807,0.03896058681977422,0.1387517297351613,0.08026505213122397,0.08677841120036286,0.11917394865858635,0.13408498393281293,0.8279949783751036,0.9511087193513098,0.97620220915325,0.08134627455530324,0.07363425231724247,0.056917800657955896
0.193071,0.023413069,8.045711627450912e-05,-0.043934445,-0.818622734,0.011,0.015,0.0178,0.0205,0.0235,0.0261,0.0288,0.032,0.0355,0.0428,,0.3680468495163862,0.4601740388987273,0.5199271668755231,0.0481560326711243,0.14173918433597205,0.05458803925785388,0.07137244172222659,0.11263119939976282,0.11697917995179505,0.8136077880969677,0.8351395582135691,0.9155074616608347,0.07960934494238545,0.06680501396117577,0.07341674794925467
0.112735,0.016786692,4.053066993785219e-05,-0.019160574,-0.691381872,0.0081,0.011,0.0128,0.0151,0.0166,0.0185,0.0204,0.0229,0.0253,0.033,,0.35751511021151855,0.414286522947704,0.6604936296282645,0.04809604725004544,0.1281854601598129,0.05880016663020004,0.09991960360962829,0.10470457247588201,0.1277828872549396,0.8950815562687338,0.8856567312672639,0.8747621664932146,0.06833444575248823,0.05318369444724328,0.07177424689405379
0.119273,0.016794267,4.532623412304762e-05,0.105655597,-0.595205718,0.008,0.0101,0.0126,0.0149,0.0168,0.0185,0.0207,0.0228,0.0256,0.034,,0.3599009071447363,0.49325887888567865,0.6543388780847471,0.04273497254604799,0.11587467141589022,0.08084072613402672,0.09471163577491308,0.11886122040554879,0.1256654054274613,0.8291581583933986,0.9741462732271045,0.8434339240581965,0.06430146531430893,0.09514155619654519,0.07160302002914237
0.143512,0.01768993,6.314236560221456e-05,0.028472032,-0.782744222,0.0063,0.01,0.0128,0.0153,0.0178,0.02,0.0224,0.025,0.0283,0.0359,,0.3865794026610354,0.4262993165144704,0.5115909320109988,0.048911816499387355,0.11890519832851587,0.06850714376506817,0.07549046999505274,0.09240822051537008,0.10118258717220724,0.8897835348587813,0.9762445800378422,0.9597649459711247,0.08300493378151977,0.07788644544495468,0.09681977998304284
0.123556,0.018551612,6.721579177949654e-05,-0.044857227,-0.808921358,0.0066,0.0106,0.0137,0.016,0.0188,0.0212,0.0237,0.0261,0.0296,0.0365,,0.39700448731094407,0.4687629078784031,0.8903823086640497,0.046585540071134086,0.13992272255061042,0.0752334529673368,0.09466920496953017,0.08483357601599809,0.12471189260666422,0.9242048662521297,0.9943086534570867,0.8647309091684098,0.060605114370596,0.06311517053542219,0.0724189120199432
0.140247,0.0165524,5.482163480427885e-05,-0.033542069,-0.880320849,0.0067,0.0102,0.0118,0.0145,0.0173,0.0188,0.021,0.0237,0.0266,0.0325,,0.39417660506039764,0.4662905845046779,0.5212368345846404,0.03983997387471241,0.14009374685606668,0.07834935944891995,0.06592547584788655,0.09685798840687504,0.10357980153997881,0.8238916728379573,0.9670922793984242,0.9073885027596487,0.07789464475984827,0.0780778952310186,0.086829582057856
0.106667,0.017672697,5.398351563471576e-05,0.081634378,-0.707954871,0.0082,0.0105,0.0134,0.0155,0.0179,0.0195,0.0222,0.0243,0.0277,0.0354,,0.3896289857785069,0.4365000915665313,0.5991458015471883,0.0355110032693742,0.12285201104688505,0.06537390485515794,0.10380406569884248,0.1170402292156304,0.13071852478333698,0.9774208027506177,0.9441971950422362,0.8240638657712397,0.0880234608569963,0.07194637019605775,0.08057794171641232
0.106241,0.01683261,4.812983923542592e-05,-0.031366196,-0.846303749,0.0074,0.0106,0.0124,0.0149,0.0175,0.0188,0.0211,0.0235,0.0263,0.0324,,0.41470550450330684,0.4490239911230102,0.5994047092216579,0.04760459327848718,0.14855083626200533,0.06301524200923592,0.0752309959062523,0.10049500683529418,0.0979874708386817,0.9178010233767644,0.8421815648999696,0.922406201431414,0.09063570804322157,0.06736453443677837,0.06107464995204566
0.122565,0.015432333,5.017555290993636e-05,0.053688801,-0.83118318,0.0052,0.0087,0.011,0.013,0.0156,0.0174,0.0199,0.0222,0.0253,0.0341,,0.3950912093598682,0.46157777652852533,0.7618936852854951,0.042114273841337695,0.13014935678095538,0.07957933575603408,0.07643378945941531,0.08837282913070431,0.10459296937539214,0.9802963015346416,0.9076063427538662,0.9355910261170904,0.0925512635100319,0.05211867042155426,0.07716996179010764
0.106227,0.017649141,6.672533658348777e-05,0.08560902,-0.792712417,0.0062,0.01,0.0122,0.0151,0.0173,0.0201,0.0223,0.0255,0.0288,0.0369,,0.41423300070463104,0.46886073063156475,0.9116886958015091,0.04880431883841053,0.13295044366324088,0.055359680499766535,0.06558382259958648,0.09159219850549985,0.11717119532997777,0.9073992115141457,0.8378858791748522,0.8852288150508955,0.07108201381058962,0.07477133190157877,0.06691408195049453
0.191047,0.023423147,7.598065844611095e-05,0.024479538,-0.587006026,0.0114,0.0158,0.0188,0.0211,0.0233,0.0257,0.0283,0.0313,0.0353,0.0453,,0.41864115330385804,0.4719576588673667,0.5714630559803971,0.04883793511439992,0.11789383695524881,0.06458572112115188,0.08610337530887997,0.08150065283140728,0.11337082974726605,0.8749513756691074,0.9888783990273775,0.9084738669783493,0.07433177996450312,0.060849243825806414,0.06909726699161348
0.184658,0.024332397,8.905962487154652e-05,0.039293309,-0.652064824,0.0119,0.0156,0.0187,0.0214,0.0239,0.0268,0.0297,0.0329,0.037,0.0501,,0.39024163891269714,0.4507886614550376,0.6777363954880571,0.03750827444280167,0.14349206804825757,0.07537930446633498,0.09109772828891198,0.11569826855884291,0.11835022691849025,0.9076731346738061,0.9871666556898294,0.9470621488809167,0.05501813781551954,0.0948727495500197,0.09309471147383755
0.193357,0.024176093,8.160035955695317e-05,-0.111044278,-0.838253947,0.0113,0.0159,0.0189,0.0215,0.0243,0.0272,0.0304,0.0329,0.0362,0.0445,,0.3688067922437086,0.46990409768518165,0.82787776682433,0.045162178660296703,0.12070936388666387,0.061248004274996076,0.07494376554990005,0.09692204437750057,0.10622193512244324,0.9232245676936343,0.9565810769641134,0.8650378416847708,0.07168613187526025,0.0948976472480045,0.0975256312228249
0.188896,0.022230721,6.767723252536564e-05,-0.05726584,-0.698743788,0.0109,0.0145,0.0171,0.0198,0.0228,0.0247,0.0272,0.0298,0.0332,0.0423,,0.37201427889903,0.42224679015732247,0.7266158525379033,0.038765601417090685,0.12925529216593415,0.07904593644590054,0.09518913234745485,0.08486540789163703,0.10776200323296585,0.9048680547586347,0.829953072933682,0.8269391869179473,0.058602951961194735,0.06333208567533226,0.0717597596208539
0.19179,0.024805929,9.041859400211432e-05,0.042728464,-0.576660208,0.0127,0.0167,0.0198,0.0226,0.0251,0.0279,0.0308,0.0338,0.0377,0.0523,,0.3611740297760436,0.4681004174714871,0.763724793197217,0.04435768699034226,0.11958866886924091,0.06783277318795648,0.08788169250738055,0.08321908798364724,0.12110346126808857,0.927976435431395,0.8644934713868643,0.8497264559467024,0.06949241741660571,0.08043087354477317,0.083785388556363
0.193935,0.02513473,9.425379813383602e-05,0.068385178,-0.575957327,0.0122,0.0161,0.0192,0.0223,0.0252,0.0276,0.0305,0.0342,0.0381,0.0535,,0.35463390442272463,0.49018940160971786,0.8176796724559626,0.042498450032016896,0.14047765467722903,0.06343883339149163,0.10412479392853946,0.10394169282495155,0.12421553274800663,0.8639556423607262,0.8881676136404787,0.8886945208654118,0.07323425025782729,0.06300730834696422,0.06097925874217811
0.196245,0.024203515,8.685142475135819e-05,0.1758620911782051,-0.24709171,0.0115,0.0157,0.0184,0.0213,0.024,0.0265,0.0293,0.0323,0.0363,0.0549,,0.4109254770764552,0.47396877324266684,0.8387576401192709,0.036297404346783566,0.1473242411167232,0.08333690360629563,0.09425461468797121,0.08509853340465427,0.11191206480356503,0.8845604625494855,0.9261203201802118,0.8741210753315147,0.06460948027762123,0.06510588655098559,0.06926809961817254
0.188256,0.024356212,9.710219653365391e-05,0.1048038322590446,-0.606777557,0.0115,0.0151,0.0185,0.0213,0.024,0.0269,0.0299,0.0331,0.0374,0.0501,,0.3840491754452153,0.41549531999562744,0.7755566069606705,0.039018347843130935,0.1331043409267155,0.08419370554320908,0.07697014077866157,0.0883503588431345,0.1318643291301537,0.813666624091644,0.849556996340748,0.9816668511737512,0.07418560834855162,0.07401206887723902,0.0672715207245079
0.190582,0.022774417,9.534749288159024e-05,0.012437287,-0.553828588,0.0099,0.0139,0.0175,0.0203,0.0229,0.0257,0.0283,0.0313,0.0356,0.0506,,0.41199182791881417,0.4280288661536836,0.785269757415635,0.04819899744615332,0.12656372114709388,0.07002473083352453,0.07001167657090909,0.09829696743929438,0.12224893387133794,0.9873145881900377,0.9527112212223487,0.8207051766069415,0.08917098895289458,0.08293376825318141,0.08709784912382555
0.189528,0.024811897,9.337862444175484e-05,-0.014276577,-0.688714813,0.0118,0.0157,0.0189,0.0221,0.0248,0.0277,0.0305,0.0334,0.0378,0.0492,,0.40905829318147635,0.4404215123903286,0.6315807028675751,0.04735595473048968,0.12920718899058511,0.06205711625308882,0.09129669678641364,0.0806364969923592,0.11382854962921149,0.9633786916368089,0.8370795611041699,0.9231818737801459,0.06737232252217562,0.07911445574059378,0.06353698057005357
0.145552,0.01925493,6.14893439440978e-05,-0.02508653,-0.846551007,0.0087,0.0124,0.0144,0.0175,0.0191,0.0218,0.0238,0.027,0.03,0.0354,,0.38311890479589794,0.4982945085370785,0.887215415600248,0.04124446988659349,0.11569418674840219,0.06722678231037509,0.08285931632215916,0.08529839098165093,0.11671678618365987,0.883593713211391,0.8179396731734572,0.830828478005997,0.07188213092376335,0.07035910415479976,0.09077837949357166
0.147321,0.019141947,6.462103392688504e-05,0.054553175,-0.774127412,0.0082,0.0114,0.0144,0.0168,0.0187,0.0215,0.0236,0.0269,0.03,0.0379,,0.40417251321860714,0.4539268634033329,0.8189778994780685,0.04274353894017755,0.11470887019345312,0.06620561568144462,0.0785896785467696,0.0876252587910754,0.10007651912926388,0.8310039305350415,0.8823226564413269,0.8916760524669018,0.07678142733239732,0.05968915729087874,0.0761032308592278
0.151185,0.019611618,6.418777811455734e-05,-0.033380413,-0.802395199,0.0087,0.0118,0.0153,0.0173,0.0195,0.0223,0.0243,0.0275,0.0303,0.0382,,0.3953430283789374,0.4117951796908795,0.6400110571748133,0.03958902103806128,0.12340671857278761,0.05408683100040321,0.1031199707378577,0.08893052142775071,0.11322485821565005,0.9020894070481975,0.8672329069967678,0.9754141631514307,0.07448787857678504,0.08070000797959613,0.07162350218729517
0.151928,0.018714599,7.012695634407777e-05,0.05987331,-0.586510385,0.0072,0.0104,0.0139,0.0165,0.0188,0.0211,0.0237,0.0264,0.0296,0.0434,,0.3578283768987794,0.4582558977112563,0.5090961011607789,0.03568242225494447,0.1197066753740927,0.052779815736672175,0.08760690734134367,0.0947133136827454,0.11315352092719566,0.8989190617464733,0.9296802418393543,0.8670016904122573,0.054072226483857434,0.09236618403056221,0.06608868431603913
0.147513,0.020053285,6.286110924775889e-05,-0.030707186,-0.736852834,0.0099,0.0123,0.0156,0.018,0.0201,0.0225,0.0248,0.0272,0.0309,0.0391,,0.41073898385985086,0.41629517321238013,0.7276158407834072,0.03922370324463191,0.12285615783109011,0.061879205327726235,0.09612276890960259,0.11765157713504744,0.12021369420877154,0.8304312166031916,0.863572044710002,0.8575229189181078,0.07659293831284628,0.05396018309778594,0.0764884053913628
0.148254,0.019763465,6.865383483948092e-05,-0.047350646,-0.834337866,0.0081,0.0115,0.015,0.0173,0.0204,0.0224,0.0247,0.0276,0.031,0.0375,,0.35740188591640126,0.4749851245058978,0.5127696624710147,0.03571079777557037,0.11299700626316538,0.08495857301376296,0.08023922403834484,0.10128781631144712,0.10045366553226284,0.8969799363875753,0.9700759359876409,0.8410574154037499,0.08100389195549354,0.05913988400792033,0.08650287703870611
0.14471,0.021696942,0.000100138,0.2385862907244378,-0.311305529,0.009,0.0128,0.0159,0.0188,0.0214,0.0239,0.027,0.0304,0.0347,0.0504,,0.4152430902749052,0.4629986269998588,0.8032484814867784,0.037536592201010015,0.11619186059298346,0.07669406432276078,0.07605919557223188,0.08297137190562084,0.11405253154122277,0.8655425440004125,0.8318629013668889,0.8631582471019271,0.05402329817137944,0.06889045903155937,0.06840310072171722
0.148613,0.019823292,6.719618571588244e-05,0.036838672,-0.708314555,0.0082,0.0125,0.0148,0.0173,0.0203,0.0223,0.0245,0.0275,0.031,0.0415,,0.3568154119319637,0.4616123658614251,0.6499697629574429,0.03546101845986582,0.1378117746076979,0.08700640077272336,0.09195917266811195,0.1177132659940271,0.11863426957295173,0.9057560995289169,0.9118795628156368,0.9902353118855703,0.0805513640513431,0.08075913431731371,0.06304487360714484
0.147904,0.019215269,6.136019900621129e-05,-0.052849581,-0.854689107,0.0081,0.0115,0.0144,0.0171,0.0194,0.0215,0.0239,0.0266,0.0299,0.0359,,0.41851431093943103,0.4736910163105585,0.8033578053633347,0.04056030396906523,0.11394064942310175,0.05351040675923131,0.08161876792403941,0.11500277696604969,0.11151199452496986,0.9118644872795636,0.9216733171138195,0.933264482838721,0.09177721256912792,0.09665772509561624,0.08255143399925745
0.192388,0.023379291,8.18175477528699e-05,-0.074866136,-0.80263293,0.0105,0.0149,0.0182,0.0208,0.0236,0.0263,0.0294,0.0319,0.0352,0.0446,,0.352233452238991,0.46695835825956544,0.7083544773922122,0.044929229644384096,0.138990948859851,0.050727066360141695,0.0756034687761314,0.09316146428233756,0.13385645482173308,0.8815350358633451,0.9812627634543023,0.9292111387232659,0.07680924242044279,0.07969955671898768,0.07164366624879327
0.186673,0.021777481,8.467555241440893e-05,-0.124378417,-0.822111703,0.0087,0.0131,0.0165,0.0192,0.0221,0.025,0.0276,0.0305,0.0338,0.043,,0.39350842928433216,0.4297718563445515,0.5772371504282203,0.039193214295017896,0.12358024945656455,0.06313617793602884,0.08976910482901038,0.11053371102009989,0.10520895785459407,0.9438494635787482,0.8415006749194824,0.9449445769330589,0.09104226137011738,0.08532757271189406,0.08473394821318586
0.191729,0.022138763,8.396984270535497e-05,0.04244504,-0.701865611,0.0096,0.0132,0.0174,0.0198,0.0222,0.0247,0.0274,0.0304,0.0344,0.0453,,0.3834479056156643,0.4584085116800611,0.7813266199305691,0.04475113962239494,0.12252147265585228,0.05933259810771051,0.07786353803157768,0.09111332061890791,0.11584157140570685,0.8485978140354786,0.9360453013900375,0.8627163840696337,0.07471036114870219,0.08185121508862589,0.08449981712936563
0.200547,0.025829718,9.029213193943504e-05,-0.005827972,-0.662430177,0.0133,0.0173,0.0202,0.023,0.0259,0.0285,0.0313,0.0343,0.0385,0.0506,,0.37160126015148764,0.4674278115648949,0.877445720556727,0.04109197025880646,0.1373748427808249,0.05905429102794508,0.08010822968138777,0.10099009210604523,0.11462602857122349,0.9947163437103623,0.8150939039818528,0.8901681854477949,0.06219147832381671,0.05855362860828821,0.05847925807212847
0.20518,0.022432084,9.157325761353726e-05,-0.046909268,-0.700892023,0.0093,0.013,0.0167,0.0199,0.0228,0.0257,0.0283,0.0311,0.0348,0.047,,0.36082412103738576,0.4879952494604375,0.5181120080177961,0.04039064641767148,0.13085621278186954,0.057095207511039185,0.07112706956087698,0.09843064952849694,0.11281853001606078,0.9542943642054407,0.9512590067068212,0.9581920512837067,0.08875567420279215,0.055241114489995746,0.09251795618640642
0.202874,0.022073117,5.975756186764939e-05,-0.167118086,-0.692513457,0.0119,0.0148,0.0174,0.0204,0.0223,0.0246,0.0271,0.0294,0.0321,0.041,,0.3726819788102624,0.46480296053371356,0.9052097365617376,0.04721439942685912,0.14474532259693282,0.08352024836711198,0.07508469171787531,0.08777952690906173,0.10108191434391474,0.9770015891322323,0.8833388750292821,0.8111257302317223,0.07626497187209909,0.07180360607474731,0.09493998550538746
0.200373,0.022088344,6.528273057492612e-05,-0.094287637,-0.737063243,0.0113,0.0142,0.0179,0.0199,0.0223,0.0248,0.0269,0.0296,0.0331,0.0398,,0.4171993822238419,0.4424229030402222,0.5609241534363228,0.046006451497195726,0.11607420453774896,0.05754979280055998,0.06579171526688192,0.0949967095979956,0.12282710805216907,0.8092784150608621,0.9864306171683621,0.8337384395548251,0.059043080269812094,0.07436037902546039,0.0983867220395216
0.199613,0.020902603,7.024358124064704e-05,-0.051895442,-0.772629046,0.0101,0.0127,0.0161,0.0188,0.021,0.0236,0.026,0.0285,0.032,0.0395,,0.3947348381151485,0.46574632259593923,0.5835047083239261,0.0417612201681661,0.1289200360974521,0.07696016529751039,0.06575048223235773,0.11815269576488567,0.10635649374841753,0.8756828210817738,0.910462438745642,0.9384324302728384,0.06813977745972212,0.07146546539115486,0.06554596410946456
0.195567,0.020808486,7.26643405190616e-05,-0.045782882,-0.718735567,0.0087,0.0126,0.0158,0.0183,0.0211,0.0237,0.0259,0.0285,0.0321,0.0426,,0.3736351039451779,0.4469767838250686,0.7052953555823055,0.03734180181989658,0.12029553319658343,0.05632864125737585,0.08897863779808021,0.10822039303390434,0.10304380311664565,0.9139289248116876,0.8926995951650417,0.8449737086619223,0.07167306480844927,0.08519111045483177,0.07211148404276665
0.192964,0.020821576,7.757189044880522e-05,-0.000895118,-0.691934651,0.0083,0.013,0.0156,0.0182,0.0212,0.0235,0.0258,0.0286,0.0327,0.0419,,0.3617331026795028,0.4488151311402967,0.73699809717441,0.04612173250927735,0.1208901570949205,0.07391649896442994,0.08476073879556444,0.09066525645012556,0.12074405818281726,0.9421346862177247,0.9919112726137777,0.8842461308824671,0.08468027772564501,0.059814657337841,0.08815468199716131
0.185312,0.023418152,6.575581891105966e-05,-0.069021782,-0.416046087,0.0123,0.0167,0.0191,0.0213,0.0234,0.0258,0.028,0.0307,0.034,0.0453,,0.39632667898442037,0.4517732047606369,0.6460655305783298,0.04208535777476754,0.12735440874100706,0.08508567301362285,0.09679123372027329,0.09493760244168899,0.12507620289400448,0.8773285557487899,0.893647103601492,0.8824844771481374,0.06580338293731486,0.07965437383191856,0.08723596100708915
0.179988,0.023160658,6.0184249716082094e-05,-0.214491889,-0.334609509,0.0129,0.0165,0.0187,0.0211,0.0236,0.0259,0.0278,0.0299,0.0328,0.0432,,0.39605583704295905,0.40202897675190363,0.5148614817038881,0.04709884587591006,0.1249659777362595,0.08620450332087622,0.09899704744357996,0.10178400493076857,0.12266250382023511,0.9922305488734154,0.852272440858591,0.9135944894936698,0.060793149199583715,0.060180972866293925,0.07764478997390785
0.178044,0.02106368,7.949078401990777e-05,-0.142186234,-0.825624831,0.008,0.0124,0.0163,0.0188,0.0214,0.0241,0.0266,0.0298,0.0327,0.0392,,0.3588847592508346,0.4044755502592505,0.825367247157855,0.04526208238855499,0.13003892015471386,0.0832148466453374,0.10072023118054718,0.09748972121285412,0.13406247067870625,0.8253595175926111,0.8122241848921484,0.896376173518486,0.07954116254998017,0.06584687255394285,0.08042619300459487
0.187228,0.021392278,8.66782830968072e-05,-0.05364806,-0.728251037,0.0085,0.0123,0.0158,0.0193,0.0219,0.0243,0.0269,0.0299,0.0337,0.0459,,0.4086001203870758,0.4221649284564183,0.8540871077092255,0.038315376840245316,0.12636587024011953,0.060526567188731464,0.1025783602932004,0.09180284174352163,0.10629170832370713,0.9701206692289872,0.8588556712716845,0.9663262179219685,0.09021298054587018,0.057320989142104255,0.05924669749329707
0.170019,0.023989944,7.829380770052507e-05,-0.043962321,-0.598896816,0.0116,0.0156,0.0191,0.0218,0.0242,0.0267,0.0293,0.0319,0.0352,0.046,,0.41210579174146056,0.4412378021409371,0.7330879161100812,0.03607123272740172,0.12756715642044358,0.08694039881649687,0.07765354066365308,0.08734605934125873,0.11545878815304585,0.9729658409682339,0.8497752472298237,0.829044215516358,0.059580201188086594,0.09577516089184292,0.058258649244894004
0.185059,0.02344987,6.195093602485562e-05,-0.232847597,-0.554606838,0.0128,0.0162,0.0193,0.0215,0.0238,0.0263,0.0284,0.0306,0.0336,0.0407,,0.4032465933953607,0.41185026505058026,0.6293102602926822,0.04396638908990956,0.12336349661441581,0.06374957256253902,0.0967279982244994,0.10130322937171132,0.10219426801928196,0.8607266163048793,0.9562346578511056,0.9269180800182307,0.07409591570981858,0.061211159414284066,0.0642879834529033
0.178765,0.025348025,8.989685127592485e-05,0.015176345,-0.726413024,0.0124,0.0165,0.0196,0.0225,0.0253,0.0281,0.0308,0.0341,0.0386,0.047,,0.38875729142735627,0.4988562026456368,0.6577092691550785,0.03785332953095674,0.1404684816644333,0.05762930032482694,0.09196977891849775,0.08665985807059372,0.09918936267611003,0.8476316036199075,0.8684275885068672,0.9917593612319777,0.056162665768804354,0.09350756437991765,0.07491358784465206
0.174141,0.021969701,6.760559098929129e-05,0.02851097,-0.648150834,0.0115,0.0143,0.0169,0.0201,0.0219,0.0238,0.0267,0.0297,0.0331,0.0412,,0.38444519956621864,0.4706725866584841,0.5933868432678719,0.04894916224441102,0.12213250123762823,0.08267409947775575,0.0814374882463614,0.10228428449619414,0.1292993303537766,0.9729888969925004,0.8515556071502957,0.884310445628517,0.0835081961517855,0.07194157214750778,0.0757941794376143
0.186748,0.02409858,6.647889026353791e-05,-0.195524637,-0.610369923,0.0131,0.0166,0.0199,0.022,0.0242,0.0269,0.0293,0.0316,0.0348,0.041,,0.35621383276491364,0.4243261959122949,0.7615678891423805,0.038502774823722,0.11896593302695282,0.06746785517104888,0.10056501003835203,0.08603878540842876,0.12176148044274328,0.9716019579169863,0.8236532635982139,0.901234271703209,0.07552193784400581,0.053406397873429316,0.08013949765886029
0.181161,0.026813133,9.195965969379054e-05,0.029659387,-0.491538491,0.0142,0.0181,0.0213,0.0237,0.0265,0.0292,0.032,0.0352,0.0399,0.0497,,0.3949344633283523,0.48120641931247893,0.8784721147447451,0.04691486874582316,0.12626338631195036,0.07942924441224178,0.08348465051004965,0.0946626267418757,0.10456751926820841,0.9614448303668728,0.9516955211054439,0.9962910436726298,0.052769827692295636,0.07779906731310379,0.09901291722064211
0.16743,0.023851175,0.000115125,0.081574014,-0.640691763,0.0102,0.0142,0.0179,0.021,0.024,0.0273,0.0304,0.0338,0.0382,0.0518,,0.392641599725699,0.43491438630749324,0.9135952593347653,0.039932256373431875,0.143446239633919,0.07958621069285436,0.07528278903691911,0.10798152598009482,0.10845775880256332,0.948184748668747,0.831169209159465,0.8598772392749275,0.08746246621442368,0.08693513556738616,0.08046017654700571
0.151764,0.025324587,0.000136131,0.5505576815604405,0.2978378944299407,0.0103,0.0149,0.0189,0.0218,0.0246,0.0275,0.0307,0.0347,0.0395,0.0604,,0.3710559052579493,0.4117943991052371,0.7743878755175975,0.049386140903068816,0.1260974477172684,0.06276203942878215,0.10117448473796702,0.08773117472507072,0.12874564931085486,0.9069224679474037,0.9526041872447568,0.889292852890751,0.05322109854839262,0.06007726942737658,0.07425332354979491
0.14871,0.022039596,9.510474302241449e-05,-0.039810499,-0.832679829,0.0084,0.0123,0.0165,0.0191,0.0219,0.025,0.0283,0.0313,0.0351,0.0437,,0.389846270015995,0.45956892221574314,0.5043188323619325,0.04881559602076808,0.11572829743549776,0.0724724230620384,0.07076349908783391,0.0980820180127255,0.09666395709246446,0.9729894908838539,0.9729471380221754,0.9002633547616707,0.05750879741615276,0.061033399545065765,0.0847988567428625
0.150727,0.024579178,0.000108976,0.040230383,-0.855201347,0.0105,0.0143,0.0178,0.0213,0.0247,0.0279,0.0311,0.0344,0.0388,0.0475,,0.3969354250270514,0.4504201115281259,0.6700186109985184,0.042762325846996366,0.13682121483887702,0.08127482686922487,0.06736402061245225,0.09177067564889572,0.10182292275804386,0.955294344812193,0.9771066721576523,0.8319724687077599,0.07339658901061702,0.06358293544372451,0.09227466965985064
0.161692,0.024874447,0.000127716,0.1886622529259211,-0.413556756,0.0104,0.0142,0.0181,0.0214,0.0246,0.0276,0.0307,0.0344,0.0396,0.0544,,0.35786396583109187,0.4069633481701153,0.5736047694249997,0.042517768566309976,0.13115273974012845,0.05040463669972863,0.0812729094197274,0.08719115007664785,0.11895382260747472,0.8321400691341624,0.8286780400420702,0.82204159836834,0.08748382544083379,0.09436377610323372,0.06390865795027147
0.157457,0.024693198,0.000110622,0.001535778,-0.851085075,0.0102,0.0146,0.0183,0.0219,0.0245,0.0277,0.0308,0.0347,0.0394,0.0462,,0.4026049152722149,0.48617754189185874,0.7916338868631084,0.044397596313861885,0.12437245121957256,0.05779815361212295,0.10092049192263162,0.1150955260104542,0.13158444470780892,0.9725856101032663,0.9759376577563499,0.9529657798418459,0.09172926204631282,0.08776682493466596,0.08969306643561849
0.146164,0.022598862,0.000103942,0.014619277,-0.818912613,0.0087,0.0126,0.017,0.0197,0.0224,0.0254,0.0287,0.0325,0.0363,0.0449,,0.4098441789728067,0.45210768885719993,0.7496739307192002,0.03969088735333448,0.14429513387415338,0.08222209656957284,0.08850715671378054,0.09102215316671132,0.11196582763303414,0.8822338931526339,0.9495675614201777,0.948889782557474,0.0640085063509188,0.06005117865270846,0.06547491386634273
0.16383,0.024928596,0.000106565,-0.171377127,-0.785100786,0.0101,0.0151,0.0194,0.0226,0.0255,0.0284,0.0312,0.0347,0.0386,0.046,,0.3909133668227715,0.4223086868113115,0.9211033772496842,0.04291017576419634,0.14650830471362702,0.0826622533297541,0.09732728011872747,0.09475866819272172,0.10706752186197377,0.8872270344902202,0.8980517305432131,0.9368198084814675,0.058963433407633485,0.08351773854408125,0.09312384398003903
0.157783,0.026390949,0.000142341,0.4731083600331001,-0.000193709,0.0113,0.0157,0.0189,0.0222,0.0256,0.0289,0.0321,0.0361,0.0423,0.0643,,0.3920291972718514,0.4459862532343221,0.6802432294050834,0.042543869415386744,0.13297146116968053,0.06706907169359189,0.08415048333952656,0.11122110491474962,0.11203547237217075,0.903761313465483,0.836611261318159,0.9309560970597375,0.08072629401756108,0.06623731887193086,0.0698689112250649
0.15408,0.022904027,9.914402977231486e-05,-0.02478063,-0.772500553,0.0091,0.0134,0.0174,0.0201,0.0228,0.026,0.0291,0.0321,0.0363,0.0443,,0.3544204909540544,0.4146074001522852,0.5319908269756989,0.043508602071197486,0.11340185181599297,0.0864577684424629,0.08326700611354525,0.10715343386416645,0.10754401014879052,0.9286328537774179,0.8574617013182101,0.8076953861958832,0.0895248115358625,0.07035986184011861,0.07985923794788453
0.120748,0.019751222,4.97036513342193e-05,-0.063851821,-0.440933163,0.0108,0.013,0.0162,0.0181,0.0197,0.0216,0.024,0.0262,0.029,0.0394,,0.3672872292787393,0.42038525400042775,0.5631401709888706,0.03690571465336517,0.11350460410817292,0.05815229269702864,0.0913968345454276,0.08744434460351186,0.12683491157027724,0.8368216766998651,0.9671683827203666,0.9815833238657724,0.08505482174740729,0.07435653537034155,0.06459658540138921
0.114503,0.020492214,5.2049458552477784e-05,-0.096929098,-0.520289005,0.0109,0.0139,0.0165,0.0184,0.021,0.0225,0.0246,0.027,0.0301,0.0377,,0.3926084988665504,0.43666881046806255,0.5308760775292507,0.04084244658441307,0.1236390892303114,0.07527108514380956,0.08354023951457913,0.08646883001451304,0.1076718200635334,0.9164448248323002,0.9620784937080559,0.9460562653296366,0.0660036369268555,0.06978773797118673,0.07753081869281245
0.117082,0.020666181,6.266154005273104e-05,-0.008993417,-0.744921567,0.0104,0.0128,0.0162,0.0184,0.0205,0.023,0.0253,0.028,0.0314,0.0391,,0.4170328412856251,0.43776650711980103,0.8279186186903698,0.045719286179500114,0.13441319889824446,0.05151936796463572,0.07565524084636592,0.10995728527470293,0.09703635840088301,0.91885849073665,0.864714383566707,0.9157465114577532,0.08389734965667885,0.05508489167349101,0.07764826668092062
0.119129,0.021793853,6.648150502805918e-05,-0.099025991,-0.838294259,0.0107,0.0141,0.0168,0.0197,0.0219,0.024,0.0272,0.0297,0.0329,0.0377,,0.35152869120557484,0.41116584226785824,0.5763169880986813,0.036075065876700126,0.1287847956955582,0.06472538181801273,0.08432861322341655,0.1045177327592166,0.12217309275651174,0.8947597586339368,0.9667300404720558,0.8456875517305295,0.06747358395636889,0.053489257203825365,0.07022874636593418
0.116297,0.020768485,5.073765975857357e-05,-0.211337737,-0.428442827,0.0113,0.0147,0.0167,0.0191,0.021,0.0229,0.0251,0.0272,0.03,0.0372,,0.36668823801812633,0.414271170658016,0.5161594941002173,0.039188809015783706,0.1388778464455124,0.05656319680242064,0.10300649185232878,0.10150306861787275,0.12347119966187257,0.8309775996434395,0.9617605949752979,0.8284820299524827,0.06802621370843268,0.05924138597358139,0.07287246114613405
0.124659,0.021350248,6.0024588330548904e-05,-0.060149054,-0.68421845,0.0109,0.0143,0.0167,0.0193,0.0214,0.0235,0.0259,0.0285,0.0319,0.0375,,0.3952658828874362,0.4954941476199092,0.8894075232243993,0.04655056944903441,0.11542099365151924,0.06012708495818399,0.09420662080574298,0.08233786211815157,0.0999560995912002,0.8486149887314058,0.8158103897142266,0.9194603120650712,0.08467225781295093,0.06898298973801532,0.059584034398868065
0.136254,0.017612025,5.999277167120474e-05,-0.066340584,-0.820264751,0.0075,0.0099,0.0132,0.0156,0.0181,0.02,0.0226,0.0247,0.028,0.0354,,0.4135982997235567,0.4549170618876375,0.8180835309491742,0.04207728675162563,0.11323578190206068,0.07853289437754457,0.09065844835059564,0.09085373398467678,0.11659788390007136,0.9335063855507427,0.9778200580711138,0.8879253948665813,0.07303558378373719,0.07280536791993043,0.06094384341045344
0.118929,0.020286679,5.379830185916188e-05,-0.021612868,-0.571644834,0.0108,0.0134,0.0161,0.018,0.0201,0.0225,0.0244,0.0271,0.0301,0.0382,,0.3900813374529832,0.4666455362433401,0.7223784610019042,0.04156936012425824,0.1460254785747566,0.07414439070537168,0.09785990403141691,0.08379875721112146,0.12908153071132764,0.9825898480070625,0.9724285156259834,0.9857298087812678,0.058036702745356855,0.07060837030600976,0.09216952673867002
0.123121,0.018102783,6.505908558922913e-05,-0.022862688,-0.793411581,0.0066,0.0105,0.0129,0.016,0.0179,0.0206,0.0229,0.0258,0.0288,0.0378,,0.37258399837596845,0.4893010892580061,0.6228828387518544,0.04802300458066817,0.11382801993640355,0.06106911298312769,0.08637611591035514,0.09660567772790492,0.10284618279277685,0.9938484291937386,0.9505316342653145,0.8599265282316078,0.06856628045749583,0.07093281935365427,0.08306445054590923
0.111388,0.019814456,4.7103305873094125e-05,-0.190878842,-0.369509573,0.0106,0.0139,0.0162,0.0182,0.0199,0.0219,0.0239,0.0259,0.0285,0.0361,,0.40962355038094334,0.4577024233371014,0.8809236642183635,0.04848162451815041,0.11603130855930527,0.0658501146650423,0.08306361938970824,0.10499989650715594,0.12963997713064757,0.9033490285525313,0.9766984137663218,0.9376081069134684,0.07962030940850784,0.06126552741069701,0.058989844577479376
0.171874,0.02268907,9.37329015857541e-05,-0.081539302,-0.707632098,0.0092,0.013,0.0169,0.0208,0.0234,0.0258,0.0285,0.0314,0.0355,0.0464,,0.4183603241638356,0.45587848607905845,0.6810296339453302,0.04457787010181059,0.12873996471594318,0.07117552752846712,0.08538468484032033,0.1061964619155689,0.1290714275511532,0.9685818246142408,0.8989452533928984,0.9431017726357933,0.07707066508329909,0.08756262573308764,0.08077374653361785
0.15773,0.022996425,8.897905915837552e-05,0.2171445711201457,-0.454362483,0.0113,0.0146,0.0178,0.0203,0.0229,0.0255,0.0284,0.0315,0.0355,0.0518,,0.41782510605325035,0.48892238832842416,0.8031490704926362,0.04256477185209382,0.11854345844651269,0.07069718844288536,0.1016563553393571,0.09204171149821223,0.12750032428410915,0.9110751871188126,0.8833134918073277,0.8622559015687503,0.05807209215418754,0.09208228674915188,0.09731803431485146
0.165798,0.024036165,8.151856056440135e-05,-0.06921782,-0.646463267,0.0117,0.0154,0.0185,0.0216,0.0242,0.0269,0.0297,0.0324,0.0356,0.0491,,0.38347526055731923,0.40975621183883515,0.8835995375264146,0.04694769338370272,0.12044587270492563,0.06563515692638541,0.09684775259605599,0.10674068349126409,0.1013516236167009,0.8779390132126056,0.8849472078750492,0.8593309217623338,0.053806315872978204,0.06774721149956417,0.0845534663634062
0.16437,0.020897787,6.372221710992331e-05,-0.038971986,-0.702349433,0.0107,0.0135,0.0159,0.0187,0.0213,0.0233,0.0256,0.0284,0.0314,0.0415,,0.40649771858316736,0.40170015292379524,0.8671738304745318,0.03633871628063342,0.12714065449555537,0.06381109047047745,0.08643797144467678,0.09228459001431505,0.11497232672186918,0.8638173144162014,0.9015461136258155,0.9275606517685246,0.07874489370065112,0.05540432431859536,0.07821829567106711
0.164646,0.023055062,0.000109968,0.2177439596050402,-0.273419579,0.0087,0.013,0.0169,0.0198,0.0225,0.0254,0.0285,0.0323,0.0366,0.0554,,0.3694045400675092,0.4287538290441385,0.8876081512747152,0.04622343024076973,0.1490916374063875,0.061280213132172086,0.10124480307879222,0.09404073448310968,0.10283259009584514,0.8321062178598255,0.9155971092461289,0.9144992621098679,0.08018933905430328,0.06436829805528203,0.0693585055928878
0.163354,0.022640277,9.836729527371242e-05,0.2489826515287023,-0.398670809,0.01,0.0136,0.0169,0.0195,0.0221,0.0248,0.028,0.0309,0.0354,0.0499,,0.3634921075476015,0.42669685810764946,0.7378940913035033,0.03763741630038512,0.14545226007243717,0.07989680315853967,0.06847666204548626,0.11159298693379567,0.12954526633613228,0.9259226771112821,0.9875137583779745,0.8687826813257965,0.06593585922856504,0.08156969839862804,0.07068487461964397
0.155887,0.020979704,9.62072256362534e-05,0.1816846608357612,-0.502993093,0.0085,0.0123,0.0152,0.0183,0.021,0.0236,0.0265,0.0299,0.0337,0.0511,,0.4014877059397327,0.47571101658666115,0.5635164276932842,0.0391002893291425,0.12612276413716278,0.056613048958271225,0.07401637802368624,0.11765822613819321,0.10882139334149665,0.9551525383636378,0.9078051828088375,0.8339163499199093,0.0575846672142808,0.06822756351965834,0.08035252302897974
0.163841,0.02054007,7.474203209187665e-05,0.1421977565252257,-0.536103302,0.009,0.0121,0.0153,0.0177,0.0209,0.0232,0.0255,0.0281,0.032,0.0464,,0.35723045311692925,0.4152773857343155,0.6083228865159875,0.03951915896501501,0.13975454653360364,0.062006191516639664,0.09106873630230822,0.08400827509266226,0.11928073702746654,0.9490473820588603,0.9562547442880539,0.8541073836644802,0.07863531724373543,0.0954189084157089,0.08329800453157792
0.16554,0.023187162,0.000100557,-0.070491816,-0.702309814,0.0096,0.0136,0.0172,0.0206,0.0235,0.0263,0.0294,0.0325,0.0361,0.0491,,0.3677253644576257,0.45795004572639175,0.8837668358614447,0.04652269895437486,0.128859961355641,0.07302174282348915,0.09873823628646822,0.10502672294617862,0.11326422572573132,0.9254894655325818,0.8352485655741958,0.8297614937303703,0.08271167820173614,0.07245333524782471,0.09166577431298278
0.167114,0.022108759,6.937982033687482e-05,-0.108311101,-0.765006344,0.0101,0.0144,0.0172,0.0196,0.0224,0.0251,0.0274,0.0299,0.0328,0.0431,,0.41012496964336,0.4156598939276111,0.6459557166389275,0.038084452037511624,0.13170264952467914,0.07467196264312033,0.10155513358946039,0.09831180920335525,0.10474198470723477,0.844894349381865,0.8741463380022477,0.9067259233113798,0.06599039561416731,0.052415744822864097,0.06072243226254992
0.185681,0.022700223,9.752253502251364e-05,-0.042995729,-0.769296853,0.0091,0.013,0.0176,0.0203,0.0229,0.0257,0.0285,0.0321,0.0359,0.0453,,0.36563120742915484,0.4203048126167769,0.8026819876583725,0.04395615765873366,0.13069828890742358,0.05829766981403534,0.07455562829749803,0.09213716917254858,0.100389945519561,0.9288989389903904,0.9124934317602265,0.9309422351226317,0.08379690740070077,0.05433835506212506,0.0981266436850602
0.165853,0.020937112,8.055976039161722e-05,-0.103403341,-0.825328418,0.0081,0.0125,0.0158,0.0187,0.0211,0.0237,0.0266,0.0293,0.033,0.0402,,0.35084751657399027,0.4705656776293845,0.659594582442775,0.04223328469428867,0.12171407968581818,0.050453725906148494,0.07672984923521052,0.11649940622202887,0.10056141569103573,0.9940160834385597,0.8100863664089107,0.8866063698307005,0.06183485875553709,0.08943867552652389,0.0655537472977158
0.185851,0.022757185,9.4859782177744e-05,-0.045274499,-0.682799479,0.0095,0.0132,0.0167,0.02,0.0231,0.0263,0.0291,0.0315,0.0352,0.0476,,0.37076929533789027,0.49432215039973065,0.5430244159899967,0.04455500304750433,0.1327538877271596,0.05123818588219135,0.06910088768571189,0.08608385998179742,0.13277151736004375,0.9579690582743712,0.8339483320860004,0.8144273638828288,0.055912262299547634,0.08776323639730806,0.06753024983178782
0.178429,0.023467164,8.746927470683323e-05,0.1195664600292208,-0.600842972,0.0111,0.0147,0.0176,0.0204,0.0229,0.026,0.0288,0.0323,0.0365,0.0485,,0.39927051400367086,0.4695634422729164,0.6710612951138989,0.03680283908644916,0.11592961548068828,0.06952402370991699,0.0717777966762389,0.08572395741830482,0.11612959863985697,0.8535904010168329,0.8838849342638446,0.9418623081415698,0.08705161199783404,0.07247137303110687,0.06422025629983859
0.181314,0.025450576,0.000104054,0.2159456835801017,-0.488372398,0.0126,0.0165,0.0195,0.0224,0.025,0.0277,0.031,0.0345,0.0389,0.0512,,0.3523453939419761,0.4099332669428671,0.7225531777063998,0.04951285376670496,0.12602134954160088,0.07137231690863466,0.0732019219885879,0.09852948992443794,0.1046428211908817,0.9819884896663574,0.8648443918841053,0.8312997708639246,0.06897038647112151,0.0660293006072779,0.08573475240498084
0.185004,0.022420558,8.92494110679817e-05,-0.131315232,-0.874705252,0.0094,0.0135,0.0166,0.0204,0.0227,0.0254,0.0286,0.0316,0.035,0.0414,,0.3926279908442202,0.42115537148521703,0.5077281346197271,0.040662729228194264,0.12060946034669434,0.05565437100077379,0.07803296621329225,0.1082755468828518,0.12997611441526322,0.8312507242553271,0.8318880187852804,0.8131284964993087,0.05817982015941251,0.06440053633545637,0.08285712260549889
0.172036,0.021940416,9.27260978741889e-05,-0.03186883,-0.816490779,0.0087,0.0125,0.0167,0.0193,0.0219,0.0245,0.0277,0.0315,0.0349,0.0451,,0.39432834882529916,0.48774194396530074,0.9024161679359787,0.03646489505369709,0.11807354386170378,0.06671690753741062,0.09505361044152165,0.10695866661380728,0.13297333242708567,0.9458046243863671,0.9226109978985038,0.9023158432836705,0.06913874683330966,0.08411279291291109,0.06946214130325017
0.177456,0.025171847,0.000103731,0.01447883,-0.741153318,0.0116,0.0155,0.019,0.0221,0.0251,0.0281,0.031,0.0346,0.0386,0.0501,,0.3736245457653626,0.44673913452101116,0.8813290578761429,0.04383789593165675,0.1350151010618485,0.08163217001855787,0.08829146708238098,0.1187869579728138,0.10754646610604233,0.9863996843339031,0.8182264294857363,0.8474161244041841,0.05405085606740427,0.07600578756375499,0.09275847361221508
0.184202,0.024044811,8.887892034041404e-05,0.036449474,-0.763172328,0.0114,0.015,0.0181,0.0211,0.0241,0.0269,0.0297,0.0327,0.0369,0.0472,,0.35336815711843417,0.4977960670472198,0.9073470667865159,0.03922603325070738,0.1328747174397633,0.07167725063700865,0.0959253480872418,0.09278565279550713,0.10334572435674745,0.9191780485101738,0.9939066571347521,0.8067350255507555,0.057457923484437776,0.09315388617466101,0.09348693880316424
0.187645,0.025519012,7.742401674766002e-05,-0.168248674,-0.60733386,0.0131,0.0177,0.0205,0.0232,0.0261,0.0286,0.031,0.0334,0.0368,0.0442,,0.3894079544335096,0.44961644793961036,0.630833941156134,0.03547673995517344,0.12779509889772678,0.0835774464993388,0.08846873849702745,0.11308931128749403,0.13054293832496716,0.9753106525759716,0.897530109255607,0.895970892541498,0.055348147445199884,0.07252723629838391,0.07115049496392684
0.164254,0.021841759,8.994813376640851e-05,0.02410821,-0.727923747,0.0088,0.0124,0.0167,0.0193,0.0217,0.0243,0.0275,0.031,0.0343,0.0448,,0.400158877457282,0.40304002360607305,0.6433618073921545,0.035651971749967974,0.13941874996388742,0.053911920343401795,0.06642789159212925,0.10438821280177124,0.10872599838551507,0.8365754245280087,0.9332668372432726,0.9873479177138484,0.06848310335219399,0.06613785592718381,0.06541724778591025
0.165103,0.018500553,5.565352406489968e-05,-0.091246916,-0.842791604,0.0084,0.0116,0.0137,0.0168,0.0185,0.021,0.0232,0.0257,0.0282,0.0347,,0.3645082082118134,0.42281937783305157,0.8992404019397974,0.03965038190199198,0.1187108294201659,0.07397500205593295,0.07340849805366527,0.09868055316898977,0.1333351465210006,0.8429678264610373,0.8726227416624128,0.8310290064399869,0.05615523388033327,0.06154414231265382,0.08731355493202224
0.16914,0.018705064,6.435872647478174e-05,-0.114567808,-0.785002884,0.0071,0.011,0.0138,0.0167,0.0193,0.0216,0.0234,0.0263,0.0289,0.0377,,0.4009884039693632,0.4647745322699034,0.6201816797735112,0.0397653084316803,0.142995454791006,0.0655725633347387,0.09320641551680603,0.11153139374159078,0.09671618655212601,0.8316018193812041,0.873841279702472,0.9668077402007005,0.058889561747145464,0.0934277009222236,0.09120214449807039
0.165767,0.018526612,5.459595126450037e-05,-0.045904508,-0.819086791,0.008,0.0112,0.014,0.0164,0.0187,0.0207,0.023,0.0254,0.0285,0.0359,,0.40733078480335844,0.4188930735659738,0.7035236191982882,0.04160869930579571,0.14574590187323924,0.08256816533560841,0.08759875024941088,0.10379449248945756,0.10588699035383066,0.8313825376706442,0.8311316605846428,0.8291303509763913,0.0637664364889421,0.09054610183377473,0.06475946111205447
0.170451,0.019331062,5.884928814248915e-05,0.04981664,-0.5770694,0.0086,0.0127,0.0147,0.0169,0.0191,0.022,0.0239,0.0261,0.0293,0.0422,,0.41767405933428764,0.40808789247838095,0.8854570389696185,0.041751844478031486,0.1177005205061306,0.06706156870645007,0.0813112608125053,0.11047848538999723,0.11973941856271146,0.819325152104918,0.9380588559070983,0.9538898834753679,0.06943085983950847,0.0922720319874908,0.07788312430814816
0.145274,0.017486333,5.9979851004053985e-05,-0.058268506,-0.842621758,0.0074,0.0098,0.013,0.0152,0.0178,0.0198,0.0223,0.0246,0.0278,0.0351,,0.396796559292854,0.4748099693361176,0.7630411010111592,0.03690007302652702,0.11434566293363678,0.07904070289634234,0.10302494039037742,0.10000213367511136,0.12633742879216456,0.9205777092967142,0.8188880864298679,0.8093812768424685,0.06753998531890813,0.05250839532168503,0.059323084454232684
0.163563,0.019120021,6.428196126626216e-05,0.089379227,-0.670034548,0.0079,0.0116,0.0138,0.0172,0.019,0.0212,0.0237,0.0263,0.0301,0.0392,,0.3829486686899373,0.4082052588098663,0.6019305000249126,0.04867354500200033,0.14008584827410062,0.07752619735966974,0.08103580772893389,0.08815094764365758,0.12623638498915365,0.8846347357703297,0.8374309957594147,0.9903427448636677,0.06767297234322817,0.053148248362149944,0.060590998423006935
0.164841,0.018601486,6.985193008784586e-05,0.091002149,-0.617525982,0.007,0.0114,0.0137,0.0159,0.0185,0.0212,0.0233,0.0258,0.03,0.0415,,0.3518800482513195,0.4564049942311078,0.5536911906433394,0.04512438544289583,0.11456090364731875,0.07116002117512941,0.07141181616199684,0.09215757739281848,0.10599317161996179,0.8096597417920339,0.8753999793592162,0.969057024804213,0.051661148731843194,0.08898163951688781,0.09498408561825744
0.163749,0.019507885,7.405797724241645e-05,-0.04923936,-0.854460444,0.0073,0.0113,0.0147,0.0171,0.0194,0.0223,0.0246,0.0281,0.0308,0.0382,,0.3730256951891874,0.4829402295044423,0.6236798831805637,0.04136771188672953,0.13489243756834396,0.0542263296998667,0.09720961476997818,0.10248006700222595,0.12365797601635516,0.860967981911412,0.954947379203993,0.9204925647132203,0.08235349047156235,0.065813061441653,0.06068073998026878
0.161309,0.021799152,8.646682069784591e-05,0.1053734192145401,-0.71033654,0.0093,0.0129,0.016,0.0191,0.0218,0.0243,0.0271,0.0302,0.0345,0.046,,0.3756089251581741,0.4945263926629227,0.5418429819874893,0.04276987620418984,0.1424876068433082,0.05986671610511949,0.08478407365163994,0.10736019563428721,0.11036311298965625,0.9471151918314741,0.8609212627683043,0.819861655205777,0.07291750804400443,0.05564617174604306,0.08276686739848732
0.121221,0.019056605,6.900285827689187e-05,-0.067326879,-0.844853631,0.0069,0.0108,0.0142,0.0167,0.0194,0.0216,0.0241,0.0267,0.0303,0.0362,,0.35605960499619405,0.4398988134867708,0.8665314344720229,0.03876080345876132,0.119444892502026,0.05697497899693163,0.07229529380874007,0.10436775326753651,0.11469626058748786,0.8944044652758807,0.9939451017377271,0.9103230430704442,0.06813999243126476,0.07658718024272652,0.09799719013962872
0.12216,0.021216538,6.704361832450656e-05,-0.027300135,-0.788570567,0.0106,0.0132,0.0165,0.0189,0.0211,0.0239,0.0264,0.0287,0.0324,0.0396,,0.3965893618743518,0.4022837061034539,0.6946385170340114,0.0480282527719917,0.12331625092349888,0.07456864158686151,0.07910979329891642,0.09020757593181629,0.12734642218592787,0.9471631587937723,0.9755490524941409,0.9729950606046036,0.053601651155325794,0.05959165423273511,0.07111099588547297
0.115896,0.018213295,6.703612949551202e-05,0.031331383,-0.734157368,0.0066,0.0105,0.0128,0.016,0.018,0.0209,0.0231,0.0256,0.0291,0.0375,,0.3770797818018733,0.4021154991352296,0.6328559124260017,0.03816464346155092,0.11963370303290467,0.06610003915652034,0.08008099449082165,0.1087529324505164,0.10105238487456177,0.8405483471868169,0.9567012147769234,0.8982205727423094,0.07275025112471577,0.0891805566526215,0.08612240572603573
0.121135,0.019081395,6.413565908160034e-05,0.1472620399567464,-0.619683788,0.0082,0.0119,0.014,0.0166,0.019,0.0212,0.0236,0.027,0.0298,0.0408,,0.3807480247467176,0.4265557853153028,0.8028755755556232,0.03708320332258432,0.1189151390765338,0.0666768096083557,0.08658909257174499,0.10508309712633407,0.11382184705021674,0.8452167534538926,0.89967758912027,0.9417266556569281,0.08367707933009065,0.08967204748704613,0.06664505100847244
0.119726,0.018337785,5.0128694421214594e-05,0.011172645,-0.702701633,0.0089,0.0122,0.014,0.0166,0.0184,0.0204,0.0226,0.0246,0.0279,0.0354,,0.40887207458782215,0.48348506728890406,0.5799577000502236,0.03744703491705166,0.133260311321781,0.06069520774646535,0.09346309246927258,0.10813154523462923,0.12424946010235183,0.8261052127213979,0.8383899853568051,0.9529114697851515,0.07026646073634016,0.08061700281651822,0.07611797628999142
0.111358,0.020860893,8.74415854268913e-05,0.043900114,-0.846897706,0.0077,0.0124,0.0149,0.0178,0.0211,0.0234,0.0264,0.0299,0.0337,0.0414,,0.3591051889680267,0.4076937740520698,0.541702085350066,0.049442415635431926,0.12894386403600094,0.06630247216349448,0.08343753946725536,0.08422596145614639,0.1293045396955176,0.8330158316202027,0.8653321665623538,0.9966744796541958,0.0795401632385211,0.07112795020454503,0.09607484345965116
0.121715,0.019626155,6.153606690240225e-05,0.029375933,-0.785305836,0.0094,0.0118,0.0149,0.0171,0.0198,0.0217,0.0245,0.027,0.0304,0.0369,,0.4108066080433453,0.4689610960629161,0.8589465229085304,0.03841495218910573,0.11748743715814534,0.06296461475062913,0.07466138076273625,0.09903153434913645,0.13203086259446523,0.9479636914758679,0.8621970172674415,0.9029396062220103,0.07721515369735503,0.06938971770260766,0.06504014998416131
0.11687,0.019530321,5.69616610335499e-05,0.043256889,-0.709416724,0.0098,0.0121,0.0151,0.0171,0.0199,0.0217,0.0239,0.0266,0.0297,0.0375,,0.3955290251985196,0.48685941085434653,0.6333874885151095,0.048424118474444014,0.11866764850563793,0.08022947716082782,0.08963758095593319,0.1028232613005905,0.13389091012963703,0.9111994257379391,0.8775602319392204,0.895207226370664,0.056460341652963084,0.07243422355771473,0.07785741004836717
0.119053,0.018585703,6.97238088494712e-05,0.008542863,-0.828338026,0.0068,0.0108,0.0133,0.0163,0.0183,0.0209,0.0235,0.0268,0.0299,0.0382,,0.38934666471941964,0.4753219930775973,0.8051300346535842,0.03756206800411876,0.1481245362684319,0.08071723503936383,0.09273335413231375,0.1028983593959501,0.11409853039725883,0.9453780253985629,0.8548559530476554,0.8164478981379861,0.07762443818086555,0.09343476224740371,0.08738254873404808
0.121184,0.019363192,8.182274275298706e-05,0.1821344908663718,-0.59545889,0.0073,0.0105,0.0141,0.0167,0.0188,0.0214,0.0246,0.0277,0.0314,0.0434,,0.39157038794237264,0.41737317118611367,0.6256591958567235,0.03811528630530465,0.1444642490292695,0.06681005588840208,0.10014646507053782,0.0963286880616773,0.10869011376592685,0.8986002712934639,0.9521648056650459,0.8657756709839861,0.08310607297736482,0.07842725003834945,0.06610457649111193
0.179728,0.023879326,9.522196930189804e-05,-0.099888216,-0.840846036,0.01,0.0147,0.0183,0.0212,0.0242,0.0272,0.0302,0.033,0.0369,0.0444,,0.37855530108606283,0.45089913239757096,0.590030077457518,0.036936081648682194,0.1324733428083752,0.055539378380992294,0.06821555253495484,0.11618374832357228,0.10859214595982812,0.87201733653146,0.9594675669253744,0.8707666090616076,0.06114795088238974,0.08689354896171418,0.07532775680598693
0.181086,0.025066694,0.000103532,0.1015787471377437,-0.616728722,0.0115,0.0157,0.0193,0.0222,0.0252,0.028,0.0312,0.0344,0.0384,0.0527,,0.36535777097943406,0.4349993608838657,0.7268782720836979,0.04593356932550962,0.14838540575201092,0.07473659561829343,0.10033473706015739,0.0813638850661749,0.1139116896135858,0.954034258929794,0.9174109977994973,0.9786092841385813,0.08817286026563466,0.09585629408710149,0.07795367133414496
0.167629,0.021635914,8.291463637582965e-05,-0.03359246,-0.743037915,0.0087,0.0135,0.0163,0.0187,0.0221,0.0243,0.027,0.03,0.034,0.0423,,0.4182031398874516,0.4781601841753111,0.9078856973398264,0.03592307108417821,0.11700930241732269,0.06276106079611087,0.08321833099189896,0.08593851273463017,0.1133668393691011,0.923926911167666,0.8781464896051193,0.9167855506688709,0.07901579351686566,0.07145189843377686,0.0746059508052138
0.184245,0.025442052,9.044682762192966e-05,-0.07027218,-0.730267666,0.0124,0.0166,0.0197,0.0228,0.0254,0.0283,0.0311,0.0344,0.0382,0.0493,,0.39721967694625215,0.48401255540335675,0.8554665898089371,0.04386492984203665,0.11745922783431341,0.08112869641977045,0.09054282804828934,0.11816736396774999,0.11253187927273672,0.816848887787185,0.8750470503960166,0.8609613363337447,0.06176217688472893,0.05825791533711203,0.08881089372215487
0.157367,0.022861804,9.78753948608099e-05,-0.029414946,-0.705759525,0.0093,0.0132,0.0171,0.0202,0.0235,0.0259,0.0286,0.0318,0.0362,0.0468,,0.4035146366521893,0.4745777347210745,0.9119435233959446,0.03833536972152837,0.13249764552151092,0.07122929628005253,0.07513924329557914,0.10062745444141372,0.11131667515259101,0.8194877326553,0.8967396277904838,0.9816871839571578,0.07930710559454501,0.08102220543554212,0.09354181320633595
0.176543,0.023119095,0.00011132,0.1971608424274012,-0.496305708,0.01,0.0139,0.0175,0.0204,0.0232,0.0261,0.0291,0.0324,0.0372,0.0521,,0.36079602299034236,0.47510561802354156,0.6357291045959069,0.04718989847442792,0.11271510839230828,0.06932913315930854,0.08178898539433742,0.09496854012658233,0.10498859946764778,0.9814045823700293,0.9521261591114826,0.8615788649140345,0.08357085159939048,0.06763629706292043,0.057553516589039184
0.205034,0.025250898,0.000123014,0.069117004,-0.544410353,0.0107,0.0146,0.0185,0.0219,0.0252,0.0284,0.0314,0.0351,0.0396,0.0544,,0.3801739306963116,0.4983853964313352,0.8963045218290296,0.03986963197148547,0.13148290743366822,0.06770237820973762,0.0906186999805974,0.11440620265428224,0.11541864228796582,0.8375877404558204,0.8637913419640346,0.9050206894038045,0.05110258578484541,0.09276570441520711,0.08616233594276697
0.171849,0.024558113,0.000124523,0.1471029053579949,-0.611717457,0.0102,0.0143,0.0181,0.0215,0.0243,0.0275,0.0308,0.0345,0.0401,0.0528,,0.4056665547817335,0.4982752621813324,0.6721626344367221,0.047351988137674474,0.1374655548870893,0.08068119369093821,0.08986358978802608,0.09234208302180379,0.10934829657573913,0.8699784478767999,0.9882814887383995,0.9249206063848662,0.0562647322886285,0.09615288458198842,0.08316912790565047
0.18198,0.024169501,0.000101241,-0.010006154,-0.669994523,0.0106,0.0148,0.0181,0.0211,0.0242,0.0271,0.0302,0.0335,0.0374,0.0493,,0.368325939299101,0.41694867240706923,0.5344956053224811,0.045520519929311574,0.11430317754610117,0.05177098500202038,0.07055897462139171,0.08746025883750728,0.13002844707397512,0.8548586326007722,0.905707604302388,0.8520306113414785,0.08425752250007439,0.0658785829066364,0.07152628659742007
0.184358,0.024766661,9.431950125066676e-05,0.1024766358244928,-0.598331028,0.0125,0.0163,0.0194,0.0222,0.0248,0.0277,0.0305,0.034,0.038,0.052,,0.36304944820459883,0.49766911899134114,0.5797772522940737,0.041938110757032326,0.12476067432910949,0.0803613276762486,0.090728513702559,0.09595329295927037,0.12467271761233618,0.8210547567461188,0.9867455481941154,0.852487115783312,0.059777327303169356,0.07167823613726354,0.07372126941172512
0.164866,0.025172888,7.47263549067018e-05,-0.22785099,-0.643369497,0.0132,0.0171,0.0201,0.0232,0.0258,0.028,0.0304,0.0333,0.0364,0.0428,,0.3894141525011676,0.46774599135880096,0.8972232753849172,0.04310906751783124,0.14468769362424305,0.08511153591104217,0.08129584824055729,0.11756610670482241,0.11214384754642721,0.9665212135653833,0.8192741784228336,0.8438761948809038,0.08853366479796941,0.07752414833679579,0.05813504895580965
0.154535,0.02389499,7.328627168713743e-05,-0.108903256,-0.705074098,0.0127,0.0158,0.0186,0.0218,0.024,0.0264,0.0294,0.0321,0.035,0.0419,,0.3764056084277428,0.44958516301243284,0.62642617719675,0.04498083562475653,0.14838578549647333,0.08497196725771966,0.10125502129753838,0.11179112420203058,0.10227248013503094,0.9328112942141815,0.9633301882316654,0.9786734709692043,0.06661144979922277,0.08326448437490988,0.08554445582677889
0.158896,0.025260983,8.554163152502188e-05,-0.073807223,-0.751470323,0.0126,0.0165,0.0203,0.0227,0.0253,0.028,0.0309,0.0342,0.0374,0.0462,,0.3957489056587974,0.4535296855822415,0.871955099694795,0.049269830353059305,0.1352550937784452,0.07123112212675554,0.080222834989701,0.10714944316405522,0.11384351234385282,0.8418928702194098,0.9674541130141966,0.9870207353847176,0.08192500060155347,0.075403849434138,0.06801872834920777
0.15535,0.024425796,7.402465658885648e-05,-0.215507822,-0.754961737,0.0127,0.016,0.02,0.0222,0.0248,0.0275,0.0302,0.0326,0.0357,0.0412,,0.38256568426611215,0.4731844346922442,0.7561092682528671,0.04487877872973484,0.12334329780175174,0.06074799543032381,0.07266602816263115,0.09197367858178566,0.10422028079907786,0.9045011834720975,0.9143317670060676,0.8201750639354072,0.08318537262975702,0.09060406627571699,0.08797625770756873
0.163583,0.022925243,6.390400045306665e-05,-0.101608485,-0.498301671,0.0127,0.0155,0.0181,0.021,0.0232,0.0253,0.0275,0.0305,0.0332,0.0419,,0.39966097030176073,0.4043163808668545,0.6665987410058196,0.03608533312921273,0.12378415482015473,0.0768501097214273,0.1001240258746827,0.10143116780458471,0.10249540426391518,0.8608204722857741,0.934301028848366,0.9827545521483703,0.08775685320279913,0.06104680783986436,0.0923900317967278
0.165042,0.025118525,8.156842800382612e-05,-0.07058146,-0.647867327,0.0125,0.0174,0.0199,0.0224,0.025,0.0281,0.0309,0.0334,0.0369,0.0448,,0.38511702664267466,0.4530654098128596,0.6516240848254017,0.04959432919974402,0.14832538223717487,0.06680167527563458,0.07708158540741918,0.10907929974580487,0.1067656968190585,0.9840795503073382,0.8634162702216264,0.9057783137479539,0.05444590237021817,0.08536618824822832,0.08251053826140868
0.164647,0.02433146,6.939356011153534e-05,-0.146762432,-0.563093483,0.0131,0.017,0.0194,0.0221,0.0247,0.027,0.0292,0.0319,0.0356,0.0432,,0.4056213936062142,0.48807643185331145,0.8181675184563932,0.048675765645097215,0.12358992977448127,0.07185796866723539,0.06966542598383875,0.09765909285678548,0.10987536215523945,0.8589887657503816,0.8054330871925938,0.8745591262759584,0.0720383995411519,0.09410947595565987,0.09887065429441273
0.160637,0.024569767,6.888599687562664e-05,-0.260758384,-0.509759279,0.0133,0.017,0.0199,0.0226,0.0253,0.0275,0.0297,0.0321,0.0354,0.0431,,0.39872810468960773,0.4875643603556624,0.6600114496499194,0.04137694516439008,0.14009844352166448,0.055837763973957226,0.09279213676355841,0.11677648803936111,0.10776109745325489,0.9307468720239437,0.968248898173228,0.8204925478291558,0.08357925479403551,0.08922941635300956,0.0681392117028096
0.156555,0.028193065,0.000119594,0.07467805,-0.706437832,0.0138,0.0178,0.0214,0.0249,0.0278,0.031,0.0345,0.0382,0.0429,0.0535,,0.3758557944342699,0.4123445835774841,0.9344565844336212,0.038866358915377396,0.13752314365650942,0.05499426356685609,0.08288854693537726,0.09509642867882453,0.10298775957767257,0.9147810611851548,0.832808623328092,0.9559140187000899,0.07531531194481486,0.0863772289823373,0.07472137231368946
0.162695,0.022361855,7.259278523193949e-05,0.089078394,-0.536449248,0.0109,0.0141,0.0173,0.0199,0.0228,0.0248,0.0272,0.0298,0.0335,0.0468,,0.3852973161958879,0.4258644084413409,0.6650167868167887,0.044106480289796315,0.12634828668008544,0.053304838493548654,0.06584705838378917,0.10945307302213073,0.0989322664817872,0.9533723412960428,0.8262104957724024,0.9358657808614466,0.05126500995909585,0.07352350124295848,0.06796536722347586
0.162599,0.020218159,6.448488888601986e-05,-0.071579306,-0.816309501,0.0097,0.0124,0.0155,0.0179,0.0203,0.0229,0.0252,0.0279,0.0307,0.0382,,0.36411152182278184,0.4371001155588681,0.8963164348413425,0.03730018162562995,0.14253932615876197,0.05862965402385507,0.09004722947788038,0.09381858683428256,0.131220440367714,0.8042874992947311,0.8425795973073932,0.9947079506079348,0.08839604946492648,0.053043929594176566,0.0953031652718664
0.161713,0.019262139,5.1268339898320154e-05,-0.015616166,-0.614818992,0.0101,0.0125,0.0152,0.0174,0.0191,0.0214,0.0236,0.0257,0.0285,0.0389,,0.4187773826784512,0.48409998227112144,0.9075127071623649,0.04308661210592161,0.13635782739751923,0.07953406536379112,0.07560964565808893,0.09711429568895584,0.10604566430808929,0.9401520018473914,0.8376669104756551,0.935706616256009,0.06034877067561775,0.05657197505920592,0.06844203587970855
0.160973,0.019829298,6.651451189071583e-05,0.097829958,-0.591245357,0.0088,0.0117,0.0153,0.0179,0.0198,0.0219,0.0243,0.0273,0.0311,0.0448,,0.399251483592751,0.44354113181208876,0.5428836079826906,0.048923804811898536,0.12554343442321053,0.07993370586956618,0.10410372493610437,0.11461544829111009,0.11422602552062189,0.8965088712502235,0.9936840284186103,0.8622549199131142,0.05773778589386911,0.09681509335702959,0.06250943615217988
0.167853,0.020543219,8.221244027191762e-05,0.048521887,-0.670122003,0.0081,0.012,0.0155,0.0179,0.0203,0.023,0.0259,0.0288,0.0327,0.0434,,0.3606537045717499,0.42717057671367376,0.9201915786920453,0.04649624865478041,0.1354580270811045,0.08132944449551499,0.08160574249919407,0.11781732788809524,0.12154510081011345,0.9755755033786595,0.9427425729742231,0.8561558206307688,0.07068330888649393,0.06190833264666677,0.0793381643269848
0.162423,0.020949118,7.207041512799533e-05,-0.088918904,-0.864875932,0.0097,0.0126,0.016,0.0183,0.0211,0.0235,0.0264,0.0292,0.0323,0.0382,,0.39584912284181506,0.4377818107693354,0.8656928547828849,0.04325723078129716,0.11556367391573515,0.06914224544151704,0.10040617855635434,0.09752931479425196,0.13084000015856212,0.8825450123242449,0.8605167838466793,0.8393064418584737,0.0756795805900253,0.05597047788993175,0.07881067376489814
0.157592,0.019738948,6.046192903030306e-05,-0.026105051,-0.725703554,0.0098,0.0121,0.0153,0.0178,0.0197,0.0222,0.0245,0.0267,0.0303,0.0391,,0.37368844553774444,0.47514834038351045,0.7562617901336302,0.04807310260847138,0.13662654428883914,0.060317649674687154,0.10223373803624468,0.08327661674307905,0.1277098739945424,0.873759714307147,0.8484055410106645,0.9658556314293071,0.09436769789203542,0.05232066447815555,0.07296974434199986
0.168551,0.019217362,5.907067882346813e-05,0.036794633,-0.669519397,0.0083,0.0124,0.0145,0.0168,0.0196,0.0216,0.0235,0.0262,0.0298,0.0415,,0.4100478485176424,0.45198576618552017,0.8040067680910876,0.0442995264747298,0.1165196981443271,0.0788045419505995,0.07752717437679219,0.08160384735798729,0.1276527416360482,0.8126030707634565,0.9294607380982578,0.9375344945632017,0.07246203299714231,0.05541062387747808,0.08346914182928283
0.1751,0.020040732,6.697323456558198e-05,-0.041956364,-0.806966862,0.009,0.012,0.0154,0.0176,0.0206,0.0226,0.0251,0.0278,0.0308,0.0377,,0.39266504869116203,0.4302941890353911,0.7480681077204321,0.04821768114292004,0.1468512077526076,0.06880766735771313,0.10296080387129043,0.11047520095129704,0.12122980094346165,0.9245757804145448,0.8911902292060992,0.906162181746612,0.08837914375532961,0.09769206556716267,0.0718296001021596
0.149341,0.020896321,7.976764240995688e-05,-0.084927582,-0.730928637,0.008,0.0129,0.0157,0.0186,0.0214,0.0235,0.0263,0.0294,0.0325,0.0416,,0.3830822329142975,0.4671003415841139,0.6725931049679995,0.049018495427069875,0.1364769745484083,0.054031784450294065,0.09589795686137012,0.1028552454233619,0.13037543622609604,0.8257217679760417,0.9023504407448735,0.9091258252369792,0.08091671858860754,0.08901114161435397,0.07301173232769455
