Porosity,Mean,Variance,Skew,Kurtosis,P10,P20,P30,P40,P50,P60,P70,P80,P90,P100,Unnamed: 15,Input1,Input2,Input3,Input4,Input5,Input6,Input7,Input8,Input9,Input10,Input11,Input12,Input13,Input14,Input15
0.148376,0.021816835,6.107363485418036e-05,-0.11516085,-0.680760764,0.0115,0.0143,0.0174,0.0198,0.0219,0.0244,0.0267,0.029,0.032,0.0402,,0.37486894413453536,0.413730560056214,0.6435710840368795,0.040270709518241694,0.12033019573914575,0.056487259954436084,0.09418802870036201,0.11109986501311801,0.11983296492510244,0.8401691073802121,0.9778126894703114,0.8293706793413962,0.08427662269872979,0.09364428951048287,0.07719950554506101
0.145053,0.019930704,6.290889235362987e-05,-0.024589966,-0.780578485,0.0094,0.012,0.0152,0.0175,0.0202,0.0223,0.0249,0.0272,0.0307,0.0369,,0.36821218487339885,0.4948602609835113,0.678624087723085,0.04705713364477838,0.13756296911839072,0.05098171663942294,0.0732934437157519,0.09865649927468123,0.11879684064444525,0.8898841085879601,0.8803159796083561,0.9540005991379743,0.054417976787675244,0.08428692089548587,0.07490528528405598
0.143195,0.019118545,7.074885540275385e-05,-0.094956055,-0.841880575,0.0068,0.0111,0.0141,0.0172,0.0193,0.0224,0.0244,0.027,0.0303,0.0388,,0.37740672352265914,0.4988552574057715,0.8306541787860299,0.035646388329908005,0.13314800610820515,0.07034030947689544,0.0894247421576697,0.1030596145268046,0.09805444292440246,0.8563291071129598,0.9107107983906506,0.8166560923747452,0.08809470332062695,0.060409430477638824,0.05882649463340293
0.143636,0.019263042,7.549240750353405e-05,0.065676525,-0.653488987,0.0071,0.0111,0.0141,0.0166,0.0196,0.022,0.0242,0.0272,0.0308,0.0416,,0.3944217124051746,0.48703536115921414,0.5113147088149822,0.036565572530050994,0.11482645128843953,0.05202564870976897,0.09559242234509656,0.08235962308967672,0.09906770494941748,0.8851080130655933,0.894873737392986,0.8844036894140719,0.0719545160996069,0.08032415255516835,0.06988019574160358
0.144492,0.018988252,5.572121496308618e-05,-0.017274706,-0.783463723,0.009,0.0116,0.0146,0.0167,0.0193,0.0212,0.0233,0.026,0.0291,0.0372,,0.4056498720640133,0.4620088416768267,0.5830287097225039,0.04606978540269414,0.1172206788007992,0.06919075695603616,0.0763315130093172,0.09360122266120091,0.11953450002379723,0.8086275520021801,0.9896721670043866,0.9584134664724526,0.07752807835819511,0.07338500759666222,0.07870546143281237
0.143446,0.020045611,5.859515609476777e-05,-0.04416369,-0.820718989,0.0097,0.0128,0.0152,0.0175,0.0201,0.0223,0.0248,0.0275,0.0305,0.0363,,0.3748693135884084,0.4217769566516632,0.7321499847851883,0.04398119556598656,0.1231780669311445,0.0847717369783187,0.06989450115636207,0.11280420292841774,0.13289534070134668,0.8819992564108807,0.9622221773360552,0.8763833723753803,0.05641510738014686,0.07646942336415016,0.078883910966643
0.144348,0.02208263,8.570416285183281e-05,0.2383927803026848,-0.479625536,0.0101,0.0133,0.0162,0.0187,0.0215,0.0243,0.0273,0.0309,0.0348,0.0481,,0.38475738324822056,0.47234918878007365,0.899816805763878,0.041384256089073625,0.11498126195510497,0.05231600316762399,0.09900148237389401,0.09397126964235925,0.09837051244610813,0.8142438900874819,0.8284863248991073,0.921663680112642,0.08828496448792154,0.0779454075446811,0.09444850758133366
0.144228,0.019174827,6.19142679109898e-05,0.09291605,-0.639061309,0.0083,0.0125,0.0145,0.0167,0.0188,0.0216,0.0239,0.0263,0.0299,0.0424,,0.396340863528273,0.46953459073686993,0.8843821079219528,0.03962357084633968,0.13438381005192118,0.07466482467069,0.09339901600752844,0.0849000377432423,0.12486707898519131,0.8562729333261556,0.8512229525278522,0.9548320562251793,0.09029038469570407,0.06748657722553858,0.07374905779655844
0.143927,0.020572533,7.262837258017598e-05,0.1330055830845339,-0.661687683,0.009,0.0121,0.0156,0.0178,0.0201,0.0229,0.0258,0.0286,0.0319,0.0436,,0.4022022814702817,0.45099474279195445,0.8181238774821159,0.04071158533738588,0.1155330720923251,0.07429538538083576,0.08144138772090481,0.11189026005335716,0.1307823748300612,0.9350100429754148,0.9251069298371645,0.8242015799075098,0.08046590316669784,0.0794462757943221,0.07956132957721034
0.138977,0.019556756,7.569882613852135e-05,-0.022723979,-0.77653403,0.0072,0.0115,0.0144,0.0169,0.0197,0.0225,0.0248,0.0275,0.0313,0.0419,,0.41260602982081745,0.4498856831977282,0.5975767445768262,0.041193830206266345,0.13793591346319445,0.05561006935397548,0.09411608056652067,0.10597307532579384,0.13047619273549987,0.9004873944755812,0.9091760284773021,0.9200887127907046,0.05524140080328502,0.09709567320463887,0.0790362343959817
0.168963,0.022400233,9.663270595986432e-05,0.016467857,-0.651308077,0.0092,0.0131,0.0164,0.0194,0.0223,0.0254,0.0283,0.0316,0.0353,0.0483,,0.4144654206924815,0.40424493895315683,0.6931562278219806,0.04522220485603721,0.14091941485830384,0.08177226568444443,0.07764779794278022,0.09679055919896638,0.10123347207707442,0.8211016324593904,0.9738104762678651,0.9826322864244034,0.061516617417718016,0.0828125169529335,0.08615671406187023
0.159887,0.021900896,7.235145120106887e-05,-0.057779967,-0.816059933,0.0109,0.0138,0.0165,0.0198,0.0221,0.0244,0.0274,0.0302,0.0331,0.0415,,0.3921180077328717,0.42921105853911984,0.8470023276745503,0.03568809965952204,0.14380346873439995,0.07438995242622859,0.0912416722789173,0.09056002939330106,0.12357830636735492,0.9353548119588597,0.8870882091278629,0.896028961992767,0.06380531691689859,0.06212972887501258,0.09834417844592798
0.156643,0.019351934,7.010060873801408e-05,-0.034054654,-0.760573297,0.0074,0.0117,0.0141,0.0172,0.0197,0.0219,0.0246,0.027,0.0303,0.0402,,0.39113172282013803,0.49014908909722366,0.8684424623433551,0.038294620684591094,0.1388046281322733,0.08530279749896945,0.09989225853899786,0.1159554933135834,0.12169252207696961,0.9860169359946871,0.8829433545376786,0.8494255054843998,0.09064935234729206,0.06248951737248752,0.07042245792714216
0.170658,0.022313049,7.657815380086101e-05,0.086274599,-0.497607705,0.0105,0.0138,0.0168,0.0196,0.0223,0.0251,0.0276,0.0301,0.0334,0.0476,,0.36316905853827336,0.49589748589163624,0.7293643475224104,0.0385668660564206,0.13298582494805028,0.05825983516566076,0.07315890213339911,0.10820750975450988,0.10413914351201654,0.9574778104094744,0.8980653463177258,0.9281594857246763,0.07601418751161428,0.06058636197753304,0.061052509664726265
0.159706,0.021239714,7.869483642147283e-05,0.077556192,-0.751754988,0.0098,0.0131,0.0156,0.0185,0.0214,0.0235,0.0262,0.0297,0.0334,0.0415,,0.38099532352065674,0.4241584764833894,0.9355648300221628,0.03617058169288072,0.14315989030611811,0.0811314441083779,0.07713219550307635,0.09620416622124883,0.12084538404672558,0.860874374730773,0.8886745482156486,0.9823036997563543,0.052956683371226984,0.08959675032506793,0.07674351360146274
0.155854,0.023297331,0.000104679,-0.018935041,-0.736927542,0.0095,0.0135,0.017,0.0202,0.0233,0.0264,0.03,0.033,0.0367,0.0482,,0.3815393499651136,0.4631779302804334,0.8941588333309354,0.04494808431054411,0.11775149226337715,0.08212765108201464,0.09718692766076993,0.09930287769195388,0.1026229243751608,0.9739869936400307,0.8535981621677378,0.9199120119790967,0.07161234220586352,0.09162226442502562,0.08955866203773549
0.168915,0.02416885,9.574447535839792e-05,0.021073923,-0.803865995,0.0108,0.0147,0.0179,0.0216,0.0242,0.0271,0.0302,0.0334,0.0372,0.0465,,0.40933119155091086,0.4498511900981973,0.5161957297206042,0.04678216167249442,0.13492716258585374,0.07515878801846772,0.07005889703745824,0.08125560327715396,0.11485474730251982,0.9632324397041325,0.9283465955050367,0.8798992609832924,0.06544118463910145,0.06993583060827446,0.09614269693912025
0.169237,0.022688874,0.000104464,0.015589956,-0.799736651,0.0091,0.013,0.0165,0.0195,0.0225,0.0256,0.0288,0.0323,0.037,0.0491,,0.39187857713081425,0.4681337878058129,0.6106585546522882,0.04695565055730901,0.1384106645578746,0.06489272805531819,0.09744319556206714,0.08297033887934976,0.11424046895268278,0.8429512815045098,0.921717447121087,0.8822457621501854,0.08053137740069048,0.09446157321109154,0.08241286004500284
0.157203,0.020896848,8.698690965096188e-05,0.044186583,-0.696123766,0.008,0.0117,0.0157,0.0183,0.0209,0.0234,0.0262,0.0292,0.0337,0.0437,,0.3607821872350621,0.4234001701131085,0.9363550778744452,0.04937209162453885,0.14564326625027177,0.060969155731315075,0.09317912369296044,0.11504248163043661,0.12157696679388474,0.9572609239131332,0.9806436059033034,0.8927677358677945,0.07889914490583419,0.09715538025596222,0.0953487767787064
0.167221,0.022284587,8.643333355395567e-05,0.025984553,-0.76926102,0.0095,0.0134,0.0165,0.02,0.0225,0.025,0.0277,0.0311,0.0346,0.0461,,0.3670817572361215,0.417663140985258,0.8604835225711195,0.04167670585969213,0.14877667308920564,0.06039675484255895,0.07020686585233013,0.10679863815404943,0.0996140182149582,0.8953444900813105,0.8518900681867686,0.8752385190731659,0.08083677364551148,0.06330041474777579,0.07401045442845856
0.187305,0.022294724,8.674318824545382e-05,-0.099729555,-0.812041369,0.0089,0.0138,0.0166,0.0197,0.0227,0.0251,0.028,0.0314,0.0345,0.0419,,0.3762809641104134,0.4136244842975737,0.7097368059685343,0.03970912857883366,0.13539449685295563,0.07628991167146074,0.07242864429228753,0.11899699918074244,0.09792436874980368,0.8340411469658018,0.8755519409580086,0.916668629440077,0.06781388058208886,0.06597675211250796,0.09049079584875205
0.184276,0.024911922,7.285041145816044e-05,-0.120036827,-0.512808758,0.0132,0.0169,0.0205,0.0228,0.0251,0.0275,0.0298,0.0324,0.0361,0.046,,0.4156025359586407,0.46590017593589056,0.6070134475284426,0.03582504042479173,0.11805268271289358,0.07421545805913556,0.06959549907618519,0.10859454858112094,0.10687166842304849,0.8329468076232723,0.9746494856086946,0.8722080516194989,0.05453206562894822,0.08559066477561918,0.06792121000042756
0.180138,0.02436327,8.076634793799415e-05,0.01608279,-0.609851204,0.012,0.0164,0.0193,0.0218,0.0242,0.0268,0.0295,0.0326,0.0363,0.0455,,0.37737649981989485,0.4017425320591959,0.8876041064841087,0.04311354637424175,0.1476156312332763,0.08240346340167613,0.09711633665095425,0.11039231629814164,0.11104572532350454,0.9155648118478091,0.8590175987386192,0.8400836732138351,0.061984793041650256,0.08165665495180069,0.08678181697064298
0.177928,0.028752906,0.000133829,0.3515262400349626,-0.171767122,0.014,0.0189,0.022,0.0249,0.0279,0.0312,0.0347,0.0385,0.0437,0.0609,,0.4008248700547247,0.4583784496310364,0.9048861806198932,0.0446130461720836,0.11883555571935508,0.060905744790158076,0.092659761903182,0.11409873618740318,0.10701031961939178,0.815074530634331,0.8416341473070267,0.9784393083002179,0.06708761532719948,0.07860099139880383,0.09558514235722573
0.182049,0.023898969,0.000117338,0.1140834289716865,-0.560536818,0.0098,0.0139,0.0173,0.0206,0.0239,0.0268,0.0299,0.0336,0.0383,0.0534,,0.35962036030306643,0.4620895418375509,0.8140613715067964,0.04136026731483742,0.1167780119495088,0.05646940373308503,0.08948025800356746,0.09980289932827822,0.10368478682881843,0.8371376871327344,0.823788104152307,0.8883312938118068,0.0763358154742565,0.06847287865347913,0.07489233574899662
0.181412,0.023522787,8.192777196055779e-05,-0.05501298,-0.800455499,0.0106,0.0152,0.018,0.0207,0.0237,0.0263,0.029,0.032,0.0359,0.0432,,0.374466207033874,0.4492666563273742,0.5655769216175587,0.04054786689209275,0.11380367806661676,0.051873244948033206,0.08870892184545798,0.09865168339075658,0.1081363111701683,0.966020886411947,0.9342141106909208,0.8911929789668498,0.06992423529698508,0.07387084420222462,0.07089531849424058
0.177363,0.021641566,7.130861664061964e-05,0.1055340372783913,-0.595986413,0.0101,0.0139,0.0169,0.0191,0.0213,0.0237,0.0269,0.0294,0.0329,0.0442,,0.3709872056960035,0.4153541314634162,0.8306794144464466,0.0357726886955178,0.1179723266703704,0.08348746100591756,0.06565227275407924,0.10895200008177595,0.10540219324776838,0.883781120337489,0.8879741025014812,0.9618781843799901,0.08070801071665858,0.06868875901197113,0.07887548708537832
0.171039,0.023691073,7.534239008510929e-05,-0.01761116,-0.69926,0.0127,0.0156,0.0181,0.0213,0.0239,0.0261,0.0286,0.0321,0.0354,0.0424,,0.3960091760864691,0.46843382951373325,0.6958690816416268,0.03563390970090404,0.12636085678191755,0.06250986748750152,0.07489940184524621,0.09000570200807476,0.1320943428043046,0.9865115491513796,0.892462904850664,0.9764639686059139,0.0622841814281584,0.07080267238225137,0.06921947499626509
0.184365,0.024205823,7.946384845599801e-05,-0.003395248,-0.615314861,0.0124,0.016,0.0188,0.0215,0.0239,0.0266,0.0294,0.0324,0.0363,0.0495,,0.39053577887861,0.4058364531259686,0.6435434025911146,0.03652214347041451,0.14423713002210078,0.08436846445928356,0.08063109374755183,0.08576165968973982,0.10239363096880703,0.8565694472497692,0.9271014921989364,0.8841467757611322,0.05829661546614376,0.07364367475665935,0.06862729280183681
0.185842,0.024592569,7.673896130875888e-05,0.000895107,-0.506040016,0.0127,0.0164,0.0192,0.022,0.0245,0.0271,0.0299,0.0326,0.0361,0.048,,0.4052025041039395,0.4577603141206256,0.8110119520326272,0.04948189813313382,0.13661103127911622,0.07073231757899973,0.06715335196434884,0.10271151281236628,0.1333938010031497,0.8645538547157819,0.9756738296541555,0.8255555216656298,0.09354291684808351,0.06020716789439388,0.07715768878342966
0.138624,0.018200124,6.508955715199331e-05,0.04598381,-0.61538881,0.0069,0.0103,0.0137,0.0158,0.018,0.0207,0.023,0.0254,0.0288,0.0419,,0.3760409789238622,0.4495591033000468,0.5543992579447198,0.038620613427376584,0.121270681662158,0.08331868495885823,0.07326006189353558,0.08421849105583168,0.13252384735383427,0.8062905959300709,0.8547875464040315,0.9851511702975323,0.08560535277013845,0.09732390062119399,0.06033341386010034
0.139932,0.017348346,5.4391505725846015e-05,0.03131273,-0.716767014,0.0068,0.0104,0.0126,0.0152,0.0171,0.0197,0.0217,0.0243,0.0271,0.0369,,0.38074706989777857,0.4602464663347166,0.5800214886816647,0.039468075176565295,0.11395547646917854,0.06367149373936867,0.08469690652988827,0.10286719177393175,0.127556280697344,0.9028107332424812,0.8121709671597475,0.9899074890946177,0.07960815499108112,0.058915920507148584,0.07195333340714019
0.139376,0.01945073,6.614957369751332e-05,-0.080636239,-0.854266134,0.0084,0.0124,0.0146,0.0177,0.0195,0.0225,0.0243,0.0274,0.0303,0.0356,,0.369682386789762,0.45517728618553255,0.7610150145878166,0.03878954228766809,0.14883109607512374,0.08402373191897439,0.09353644476460878,0.11741546376833129,0.09892610506580315,0.8301176355600026,0.8490776810077558,0.9433581954441126,0.05134713901212777,0.08809956358803657,0.07564464050867797
0.136957,0.017450898,6.041241981427451e-05,0.003606427,-0.82881583,0.0074,0.0098,0.0129,0.015,0.0177,0.0196,0.0222,0.0246,0.0279,0.035,,0.3646645202084468,0.40515559434594617,0.5772767287571633,0.04819364556257173,0.12735478500445513,0.08111007165513978,0.07327678278830103,0.10874450177566942,0.10877336495316692,0.8182762306420478,0.9088119022054388,0.8751969290448761,0.06756712628128209,0.06295665996274158,0.08790477987761261
0.142021,0.017725017,5.268580340244238e-05,0.003794307,-0.728841767,0.0073,0.0105,0.0134,0.0155,0.0177,0.0201,0.022,0.0244,0.0275,0.0363,,0.406076219434899,0.47552045609122995,0.6225508963218935,0.04141559299450398,0.11795845696179669,0.07572061576328509,0.06585293715171212,0.11470291294492642,0.09639327053760849,0.8786711928543739,0.8537263938160644,0.8079823791724404,0.08526683619580212,0.0923930529633039,0.07362959747362469
0.117598,0.01633797,5.227938132722721e-05,0.061151276,-0.642708708,0.0056,0.0093,0.0122,0.0141,0.0165,0.0181,0.0207,0.0228,0.0257,0.0339,,0.38182492391667705,0.46116825496873043,0.5810690281468553,0.03744896818179256,0.12349739055601382,0.07624933983607907,0.08177860459112901,0.10381356060394416,0.11056390472228955,0.8341916987664824,0.8485275035921408,0.9921509905068688,0.082377600817825,0.08103835164833313,0.07869120414441352
0.141594,0.017847388,5.8647107248233355e-05,-0.062343505,-0.790192748,0.0077,0.0102,0.0133,0.0159,0.0181,0.0201,0.0226,0.0249,0.028,0.0351,,0.3733163428101859,0.47430921824838024,0.8308303655534477,0.04244128867405337,0.14298486337228564,0.07555099582656014,0.07233155028624327,0.10981462803428706,0.10549229619409518,0.8553745064055981,0.8636672299476531,0.9027280505722768,0.07765782719672235,0.09474945913200766,0.08199625318399598
0.1323,0.018708469,6.297245803802693e-05,0.091023363,-0.743915266,0.0075,0.0113,0.0133,0.0167,0.0186,0.0206,0.0233,0.0261,0.03,0.0391,,0.36223547824089836,0.4171145965781384,0.8424299315767421,0.04383131870548385,0.1226679094280796,0.07548260078729747,0.07673233467472512,0.1134288506685981,0.13378749866674947,0.9304272797891976,0.8863237627800082,0.836722921178114,0.05734499890343305,0.08595644311369098,0.0958954735771852
0.133917,0.018258089,6.037059177597499e-05,-0.012243071,-0.747771432,0.0071,0.0107,0.0134,0.0159,0.0183,0.0207,0.0229,0.0256,0.0282,0.0368,,0.40889098182935335,0.4236385178623548,0.583074893301876,0.037497396590431664,0.1417186748669282,0.07002824116386158,0.07745863845562262,0.0962364637457691,0.11433481046539815,0.8904121608911436,0.8553305319326118,0.8392661867729032,0.06123049668010782,0.08974714018559037,0.07355557415866609
0.139003,0.018336359,5.808201336709361e-05,0.00655822,-0.827271887,0.0076,0.0109,0.0135,0.016,0.0182,0.0207,0.0228,0.0257,0.0286,0.0372,,0.3853948876985491,0.4826187878968249,0.8921876317247065,0.03891206905192517,0.12191139323824168,0.058117755614895406,0.09072277380285597,0.08146258888716378,0.11513096061820786,0.9603170846408517,0.8451174541177564,0.9058468779781613,0.06488599488379734,0.06748232652189916,0.09823676944377345
0.130921,0.01816942,6.192274688455402e-05,-0.082504651,-0.895177762,0.0077,0.0104,0.0133,0.0159,0.0183,0.0209,0.0232,0.0258,0.0288,0.0348,,0.35886931978698633,0.4248291279768292,0.6331012336038571,0.0453515087426894,0.1320147598663046,0.0763593234821817,0.08051016463744647,0.09510172691393443,0.10402789647879335,0.9052053480889674,0.9411362375273633,0.9732115793529261,0.05932307490797242,0.08643838094904284,0.09685545508753544
0.139931,0.018665939,6.670447950363555e-05,-0.055248243,-0.803686713,0.0068,0.011,0.0137,0.0167,0.0188,0.0215,0.0238,0.0262,0.0296,0.0388,,0.3662752835151703,0.40162909282617776,0.6722021432929727,0.04624273624593017,0.1413545786436639,0.08179463086641564,0.09024508393479264,0.08074649984134491,0.11011380270176584,0.9134991786913097,0.8661418415939854,0.8672581875110738,0.05423744426697894,0.09072625968071998,0.05738163254151401
0.127881,0.0178459,5.715763871712479e-05,-0.090465336,-0.867463825,0.0076,0.011,0.0132,0.0159,0.0179,0.0205,0.0227,0.025,0.028,0.0336,,0.398970188767808,0.4671493296303099,0.5048879058861002,0.04010901719051232,0.1275571476403542,0.08241849329665456,0.09502720379261342,0.09389056109546777,0.09818597924167426,0.8875803503284698,0.8279068033718819,0.8279611204128322,0.07646763498942726,0.07805560519039244,0.09791823068748949
0.127885,0.01755685,5.3337911940268046e-05,0.022089601,-0.715261194,0.008,0.0103,0.0134,0.0155,0.018,0.0197,0.0222,0.0241,0.0272,0.0355,,0.3939531208804597,0.46643997428662715,0.8997522208129768,0.037691406213536914,0.13267518225050487,0.06565295637612359,0.08659976390294115,0.091897172434179,0.13042693543995706,0.886735562641893,0.8173799453902276,0.9904038279913486,0.07155581049717791,0.07078242888758067,0.06975880511942198
0.129017,0.018781449,6.825599397859426e-05,0.061764908,-0.787343027,0.007,0.011,0.0136,0.0165,0.0186,0.0211,0.0238,0.0264,0.0302,0.039,,0.40008338642918323,0.41088729205776897,0.5716744386116661,0.04297818946215625,0.1448757181997395,0.08440957520087103,0.08501177482916869,0.1035953865858343,0.11394308034839022,0.9042423463516006,0.9558662636682996,0.8663483112320594,0.05298792442098384,0.07563237747687859,0.084575099174584
0.140827,0.019084762,7.672575776438358e-05,0.1653992712467727,-0.441007712,0.0072,0.0105,0.0139,0.0169,0.019,0.0214,0.0238,0.0269,0.0303,0.0437,,0.3668893076214779,0.4276407829626412,0.6462009655265994,0.04211139810588901,0.12775291098349897,0.07176649286921895,0.10070957504933953,0.10732335195970295,0.12899024154852762,0.9590129896243699,0.8712632749590173,0.8845431422051953,0.07539599049316455,0.08952773987132398,0.0800022960691482
0.127094,0.016738012,5.708420177123501e-05,0.033766094,-0.789910485,0.0056,0.0094,0.0122,0.0144,0.0167,0.0188,0.0212,0.0238,0.027,0.0339,,0.40100355167528723,0.46324667453343255,0.8614159006218052,0.03759412031028478,0.12267478566353497,0.05353890383951575,0.0917009496567949,0.11866157201040835,0.11513194009740392,0.9482471741968169,0.9091140617705773,0.9036402239025579,0.052444347778905345,0.08866489059090978,0.08641179386963829
0.128723,0.016907386,5.225328941878986e-05,0.026964042,-0.854941315,0.0074,0.0104,0.0122,0.0148,0.0167,0.0189,0.0213,0.0235,0.0269,0.0329,,0.3709258681269684,0.45979602615836374,0.7762896419838476,0.04748977715237102,0.12158988355844068,0.07348395105598876,0.07028910621351012,0.0871599086173078,0.12001088639354877,0.908229042878368,0.8929541432383836,0.9072370769912715,0.07047851498370238,0.08412697325608007,0.09811633602511695
0.132728,0.017599931,5.534135103964096e-05,-0.021859309,-0.805519281,0.0069,0.0104,0.0127,0.0155,0.0176,0.0202,0.0221,0.0248,0.0274,0.0372,,0.3774901984952233,0.4903627515801258,0.7918461471839902,0.038003990816796514,0.12776020633463483,0.07940379133974956,0.09216514626442628,0.11610666657268677,0.12657226986681216,0.996832226365392,0.9173741209867393,0.9638338937737749,0.06463752192986456,0.06794211585231855,0.0669309413232929
0.132362,0.017601192,5.2073345348224174e-05,0.068666063,-0.7413354,0.0075,0.0107,0.0128,0.0154,0.0174,0.0199,0.0217,0.0244,0.0275,0.037,,0.41434999193148475,0.462550225415544,0.5514577171262903,0.0394204754551771,0.1406694526461517,0.07741762464280819,0.09038860454192105,0.08406240805954096,0.09641082613690008,0.8745574461274538,0.8066327101569305,0.9034147983807167,0.06872186896970187,0.08337326726127006,0.08550790665414766
0.170061,0.023301847,7.942015236210256e-05,-0.055741661,-0.817664502,0.0106,0.0151,0.0179,0.0204,0.0235,0.0262,0.0288,0.0317,0.0355,0.0432,,0.3597799017319385,0.40467126184047,0.7951823424695299,0.04627412237475483,0.1484382454759051,0.07508533267226304,0.08653236355164855,0.08251843383561677,0.1258622529445603,0.9439930122043045,0.9917280426106334,0.937992703426751,0.0746992365113943,0.09043303107307098,0.07129898494374781
0.174763,0.022749172,9.168074793697264e-05,0.034608355,-0.730714715,0.0096,0.0134,0.0176,0.0201,0.0226,0.0254,0.0282,0.0317,0.0355,0.0449,,0.39078478669830863,0.47185736813816265,0.6472577115165834,0.04142716790371125,0.14387991822026666,0.05902933356137934,0.07164038779500372,0.10436410644026467,0.1031532874045917,0.9755804654514517,0.8256624993970998,0.8105649138064275,0.06595379184310984,0.08448412301278704,0.05812292837634694
0.17024,0.020441971,6.049271563580642e-05,-0.028643739,-0.689553264,0.0103,0.013,0.0159,0.0184,0.0206,0.0228,0.0253,0.0277,0.0305,0.0401,,0.35228251193888904,0.4541687754664864,0.6957839133923706,0.03813086007006183,0.1171972215099549,0.05741244153186923,0.08288404016400645,0.09266460103982774,0.10141515951946892,0.8231660704823726,0.8408231738463677,0.9649986829988598,0.09206671422292702,0.07827294692710113,0.07540963009414917
0.172509,0.024497277,9.304841647645422e-05,0.1527414694393844,-0.511975802,0.0121,0.0157,0.0187,0.0214,0.0239,0.0268,0.0298,0.033,0.0375,0.0501,,0.3866003696393786,0.45884297682356573,0.7382161709286833,0.04142292284573891,0.14276221488175603,0.05908770946434432,0.1021755814194726,0.09933636174316943,0.13012780391490275,0.8673218886960031,0.8202610729220128,0.9326370873924934,0.08548734946479193,0.06189123800506212,0.09144504459266443
0.172962,0.021962854,8.992248645464391e-05,-0.040962768,-0.778248862,0.0087,0.0131,0.0165,0.0191,0.022,0.0249,0.0275,0.0307,0.0352,0.0429,,0.40425712318577195,0.43560748649794445,0.8744740736431492,0.03978967409498966,0.14192445010585406,0.07054454107808167,0.09320588458330432,0.08317354153235959,0.1216374965814677,0.8817259693019528,0.993731361841285,0.9169288704282192,0.05917723877058249,0.08293618377505044,0.08516362561024898
0.166358,0.021529819,9.068000009924392e-05,0.0600218,-0.577692762,0.009,0.0128,0.0161,0.0189,0.0216,0.0239,0.027,0.0299,0.0342,0.0499,,0.3721965812837942,0.43042773969314096,0.9290492366105456,0.04799351080028113,0.1397238313469049,0.05659631285894959,0.09311284318555105,0.11052416605831908,0.09967946017862135,0.9223387897799776,0.8681221142989811,0.8191139737707377,0.07551411373677284,0.097141582372604,0.08550085521318769
0.172712,0.023020929,7.710019444576373e-05,-0.045203091,-0.799770978,0.0112,0.0148,0.0175,0.0202,0.0234,0.0258,0.0283,0.0314,0.0348,0.0424,,0.3992210790717108,0.49395596794140467,0.903381651409961,0.04320738803681797,0.12476033923998935,0.07133391407537233,0.08389767119040117,0.11375956574963927,0.1025402215927416,0.9413634675300465,0.8954209457656779,0.8326261787725712,0.09396415164433294,0.05857891628300056,0.07422385171553866
0.16756,0.024572147,7.197659670288806e-05,-0.10960023,-0.609342229,0.0133,0.017,0.0195,0.0222,0.0249,0.0271,0.0295,0.0323,0.0363,0.0433,,0.3798923649364646,0.48970494121405345,0.7312485563667813,0.048832127473347836,0.1314461667003547,0.06923822671433143,0.09208727563411323,0.09774144854181864,0.1008374744695478,0.926287591882773,0.8271046551721549,0.9497166823490125,0.07865984117486247,0.08343608469593967,0.09878127082446672
0.170997,0.022844843,0.000102188,0.1184320165107776,-0.526415192,0.0096,0.0135,0.017,0.02,0.0227,0.0253,0.0284,0.0315,0.0366,0.0492,,0.37717365902909017,0.4898696920296356,0.8668846628885188,0.040888026524467845,0.12494499799098915,0.058707324024895764,0.0825016178894894,0.08194472472622595,0.10997566585750496,0.8279969976911222,0.8787623473650598,0.9005245710215504,0.06672098350708322,0.0731387619822971,0.0834170363314966
0.172346,0.022827215,9.586513307901607e-05,0.016295458,-0.659356166,0.0098,0.0136,0.017,0.0199,0.0228,0.0256,0.0287,0.0318,0.0356,0.0491,,0.4019390094868647,0.41258978956268205,0.5699199118303419,0.04346316905784202,0.1315508944730516,0.06930579235133183,0.09027102286883933,0.09683353466362624,0.11800928228634486,0.89799614421271,0.9254394304639446,0.9557047404616216,0.08459497463015757,0.09704624616368468,0.09563083057745464
0.121904,0.019552426,7.464774875584403e-05,-0.069182693,-0.847993575,0.0071,0.0111,0.0147,0.017,0.0203,0.0223,0.0248,0.0277,0.0311,0.0375,,0.407791806473941,0.4264305407509535,0.5368042124918856,0.039939639864761,0.11911100222105249,0.0820721945540474,0.10330631022285489,0.08918409941261836,0.11676957213872398,0.9277800796718921,0.8649633812420038,0.832432383816666,0.0660335584640578,0.07200634730627281,0.09440698121966062
0.119386,0.020320962,5.3374462127099765e-05,-0.101832959,-0.661954263,0.0106,0.0134,0.0163,0.0182,0.0204,0.0229,0.0247,0.0271,0.03,0.0386,,0.38212555750057325,0.4211370340563871,0.915682853598678,0.039655996324179786,0.13554596833604549,0.0756353498736961,0.07055675701740055,0.08167405145506433,0.11282883348137102,0.9593432943288405,0.8396061394433025,0.8930291772666982,0.08293940014115415,0.06294099613872788,0.08221119140115964
0.131048,0.020739895,5.841310092876621e-05,-0.031530319,-0.682793083,0.0106,0.0134,0.0164,0.0183,0.0209,0.0229,0.0252,0.0281,0.0307,0.0381,,0.3571275290900584,0.44417452148952685,0.7394261095642359,0.04928715408543966,0.14369239037827078,0.06890238622812167,0.08092885176260912,0.08850059937719071,0.12773719580660978,0.8054933443551445,0.8468537692626347,0.9083673905794654,0.051829525994711065,0.09466647901011976,0.059614078369347
0.122824,0.022006192,5.6665714790142915e-05,-0.180445875,-0.602002119,0.0116,0.0152,0.0176,0.0203,0.022,0.0243,0.0266,0.029,0.032,0.0372,,0.4137536710577029,0.48995850649237455,0.7037966415031225,0.03948163833649101,0.1443866916132739,0.06138358460160459,0.07266992000930234,0.08055228120332142,0.12799946336783743,0.9414706163752061,0.8503277485671177,0.8445243109268791,0.0733423836157389,0.0708281332102643,0.09254296839852905
0.118334,0.021230113,5.2734489849121735e-05,-0.202039975,-0.606521756,0.0111,0.0145,0.0172,0.0194,0.0214,0.0235,0.0255,0.0282,0.0308,0.0359,,0.40282622033240073,0.45762504374630697,0.5379756521812005,0.042427038898254964,0.13826108430120476,0.07821182747321082,0.10262762945366946,0.08592766352725296,0.11720387017306702,0.9734032961960516,0.8983945831436432,0.8850258889807442,0.08337943926350024,0.06739435167354077,0.06098005737214776
0.12226,0.016588566,5.5439987836760656e-05,0.037853267,-0.773125589,0.006,0.0095,0.0125,0.0141,0.0167,0.0185,0.0211,0.0236,0.0267,0.0348,,0.36892182982089394,0.4069765903832257,0.8504889584120611,0.04852616717148093,0.14102828906356726,0.07206322778514757,0.08440573887791751,0.10046813774929819,0.13175664477655985,0.9602454400627128,0.9613285557327761,0.9492856849125201,0.05422075259440617,0.09684714053370033,0.09136357233463561
0.118651,0.022067403,6.385766261556736e-05,-0.078947451,-0.654879239,0.0113,0.0148,0.0177,0.0197,0.0226,0.0243,0.0267,0.0297,0.0327,0.0388,,0.3732271320373199,0.47322094630565154,0.9293069944977399,0.04433261660068983,0.14422908791671493,0.0713552431213862,0.08850445319689748,0.1111015546911435,0.0970152281561607,0.8650635679955877,0.924837654764661,0.9632486352939726,0.07709267497684445,0.05299285835679212,0.06710852408567534
0.119643,0.018804923,6.964042318894458e-05,-0.03569231,-0.789167861,0.007,0.0109,0.0137,0.0168,0.0189,0.0216,0.0238,0.0266,0.0298,0.0385,,0.40097383436174194,0.4204702006070911,0.8695196010758977,0.035565828223956326,0.12939776134883219,0.07946156569869674,0.09986729181300154,0.11715645937125445,0.1327676557035779,0.9860663179739954,0.956589832374248,0.8278410874933713,0.09413728592995246,0.07296736196467636,0.06306530075515951
0.122063,0.019078873,4.685851249602531e-05,-0.045088096,-0.593700087,0.0098,0.0127,0.015,0.0173,0.0192,0.0209,0.0231,0.0252,0.0282,0.0359,,0.3607160818466287,0.450398684820783,0.66797834708045,0.04866283464257414,0.12068619002353591,0.060068559823791993,0.07337613518462707,0.08573545044835947,0.11453815964277463,0.9074773051004384,0.837741538266742,0.9276532502882615,0.05695802662109448,0.06700244544046971,0.06793867109939836
0.115554,0.020390453,5.562091021671149e-05,-0.060824918,-0.6803225,0.0105,0.0131,0.0161,0.0179,0.0205,0.0226,0.025,0.0275,0.0303,0.0378,,0.40310027447267976,0.4645924349453272,0.6066080322970493,0.03640784510109352,0.12003112535535931,0.07784225367372953,0.08757964887198681,0.09039246919096405,0.10611936659759928,0.9349802479590292,0.9006100915423421,0.9955640336330192,0.05818485555313794,0.08795177985425286,0.061689362369970455
0.113283,0.017246416,5.9558533113887584e-05,-0.010735774,-0.828110855,0.0069,0.0098,0.0128,0.0148,0.0174,0.0194,0.022,0.0247,0.0277,0.0348,,0.3797025261855432,0.4523123667721865,0.8559594206615322,0.038030427760053984,0.13452450305141736,0.05397994170289117,0.06948197340169368,0.117090323776225,0.11605929243552299,0.9466117977450563,0.8173878336979727,0.8408176576844385,0.07889796478478597,0.052255380334748525,0.0915196060180724
0.133185,0.018977867,7.169667362486491e-05,-0.035074425,-0.84797558,0.0069,0.0109,0.0137,0.0166,0.0193,0.0217,0.0239,0.0271,0.0302,0.0377,,0.39468617586241345,0.4419573797972957,0.8026984462820326,0.04709818493357882,0.1372047664730742,0.0725002432320914,0.0833622173704034,0.11704399881550966,0.10172179560371615,0.8949190361923384,0.8798060673654647,0.9750559733445474,0.07892461383678247,0.05788355370429418,0.09364520859888886
0.09927,0.01585779,5.340431468451408e-05,0.1118872404796992,-0.717354681,0.0055,0.009,0.0116,0.0134,0.0155,0.0179,0.0203,0.0227,0.0259,0.0348,,0.407211302883736,0.45267212122108,0.6127830449510571,0.03566194331720996,0.1441512021344472,0.06336992657949031,0.09565912360346826,0.1054909725730995,0.13079204268984804,0.9768201662521692,0.9586529821637667,0.8177817968363028,0.08458348335626498,0.06567773718050374,0.061943136894418584
0.102441,0.018471173,6.813184391542439e-05,-0.046188492,-0.881760507,0.0065,0.0103,0.0134,0.0161,0.0185,0.021,0.0237,0.0261,0.0294,0.0362,,0.3696281005195785,0.4238590398002343,0.6415581912707552,0.03537849846958709,0.11824504940723299,0.06952683658995622,0.08269785747076108,0.09109686897819225,0.12409191075190656,0.8381027939174486,0.8759115939646275,0.8459854160956616,0.05846496368562999,0.05508599027913542,0.09113703194523319
0.127063,0.016590445,5.4190176343761074e-05,-0.039969466,-0.817337351,0.0058,0.0095,0.0127,0.0146,0.0173,0.0189,0.0211,0.0235,0.0266,0.0356,,0.41300075000030173,0.4827518117654008,0.5313860844731724,0.03740600792251595,0.13472522205322127,0.060887281186208154,0.08451992841507859,0.0823182432426429,0.11069216846333721,0.9450266242755127,0.8151540423560363,0.9519293724485612,0.06363460591579657,0.08706159119105195,0.08327543770052546
0.110833,0.016301576,5.086133800679239e-05,-0.016181227,-0.8687945,0.0068,0.0101,0.0118,0.0142,0.0166,0.0185,0.0208,0.0229,0.0259,0.0321,,0.3870817076455888,0.4263133563754495,0.6765030923358331,0.04758834893352759,0.12789566843494465,0.060470094808865414,0.07726550243992027,0.11643485423785892,0.1238638128612216,0.8303549682814033,0.8444543882410296,0.9481224757012341,0.0876141844687691,0.06449106393690839,0.07751223841060415
0.101522,0.014368534,4.312718828340354e-05,0.033537799,-0.853689218,0.0055,0.0079,0.0103,0.0125,0.0144,0.0166,0.0183,0.0207,0.0233,0.0295,,0.4046510122036178,0.41119737030244263,0.5880425997261659,0.04742107812785923,0.1374961559247627,0.06273660194483802,0.0868347505138498,0.08903575727858937,0.12185689647219182,0.906405096722836,0.9423843808138461,0.8808949905493654,0.08200069611385487,0.09315543735392436,0.06862114948294237
0.119797,0.0163277,5.250360955311043e-05,-0.019803049,-0.814489477,0.0067,0.0101,0.0119,0.0143,0.0162,0.0185,0.0206,0.0232,0.026,0.033,,0.4182865196157802,0.4339179138083205,0.9010168290918267,0.03846263983582731,0.13651631603803263,0.08134648121051125,0.07803756126588993,0.0823911232709136,0.09991035006083453,0.96696346596097,0.8770239106653623,0.9429463992839019,0.06821126276431566,0.0743333944964257,0.0681667668541928
0.112816,0.016118487,4.1608421069388286e-05,0.000901432,-0.844094553,0.0072,0.01,0.0124,0.0138,0.016,0.0178,0.02,0.0223,0.025,0.0301,,0.41815708015805014,0.41304220966093586,0.8224317757455395,0.04142749270685939,0.11861838342447625,0.06406588117574036,0.09603795338018094,0.1081884761959925,0.10812263585047154,0.854973205936836,0.8590626798020459,0.8267222612669811,0.08375578099518528,0.09577697028043602,0.07009345939937645
0.121358,0.017216789,6.084047782438195e-05,0.005942295,-0.84906806,0.0064,0.0096,0.0125,0.0152,0.0173,0.02,0.0218,0.0248,0.0279,0.0342,,0.3524973530256843,0.43303455578937844,0.541080701455608,0.04545076445497577,0.13196952327373976,0.05065552643814265,0.06657899765964012,0.08329305216465646,0.09748153266653613,0.9645783768964986,0.8741866756829422,0.9826289519977276,0.05245897585098965,0.057532058176439194,0.07809510323782959
0.144839,0.024940505,8.61947576270233e-05,-0.11520368,-0.758022825,0.0117,0.0166,0.0195,0.0222,0.025,0.0283,0.0312,0.0336,0.0368,0.0448,,0.4075069975301389,0.48233485680811117,0.8840858073299682,0.03766055765953898,0.13911887847062357,0.05531761421523524,0.07324788478691083,0.11676129817518822,0.1191062152248467,0.8851278191396199,0.9733976079912071,0.9513560936280364,0.07373689529110924,0.07924666140763205,0.09004272989111077
0.159162,0.023574503,6.977677202055181e-05,-0.12494261,-0.70352304,0.0126,0.0156,0.0188,0.0216,0.0237,0.0262,0.029,0.0313,0.0347,0.0416,,0.3729489024147318,0.43049484353963013,0.9271166699790085,0.04734015919111172,0.1300176065247266,0.06019771384582489,0.07999944418528342,0.11016567578664484,0.09630529908686555,0.95264309329913,0.867950551157082,0.9029176947283959,0.06612379731675233,0.07924122310202966,0.09758992969759482
0.155753,0.02248295,9.487074529053228e-05,-0.03456215,-0.741216433,0.0092,0.013,0.0167,0.0196,0.0227,0.0258,0.0285,0.0315,0.0351,0.0471,,0.3802596182430544,0.46991374901212274,0.5373679314973896,0.041039841593477046,0.14785638904668016,0.06696812156377806,0.08574696174549816,0.10505029169498174,0.10080157342490113,0.8671933801023782,0.970405563613657,0.8200342817228287,0.076418293479374,0.07398798230963613,0.0973751018841512
0.150814,0.022863423,9.605221302882404e-05,-0.065121371,-0.729671677,0.009,0.0138,0.0173,0.0201,0.0232,0.0261,0.0287,0.0316,0.0359,0.0432,,0.36274445134753935,0.4059483142905829,0.8058481451160069,0.048377715895689795,0.12804537420967638,0.07999893034708552,0.08325008627776562,0.08148643738177135,0.1197996425106738,0.8533776767122419,0.9536788262478877,0.8519798337263432,0.0892063226442501,0.06244442008467946,0.05789381912283944
0.153848,0.023871492,8.668206897928319e-05,0.1031841521097218,-0.587701579,0.0113,0.0151,0.018,0.0215,0.0239,0.0263,0.029,0.0322,0.0363,0.0464,,0.3656911281749195,0.46069896583166614,0.9226527210006701,0.047578378713188985,0.1342796373917756,0.058583321455008275,0.09534651347812277,0.10262792560147077,0.09975071888529592,0.9087732690094485,0.8660678544414577,0.9093652201267762,0.07378125704754702,0.05752774289528218,0.05974584652244021
0.155794,0.025865336,9.550098782562332e-05,0.1648058683040563,-0.411428431,0.0136,0.0175,0.0203,0.0229,0.0254,0.0281,0.0311,0.0343,0.039,0.051,,0.3981125386332939,0.413033164906496,0.5108168613085746,0.0414046440889271,0.11889044482020719,0.0523627768808158,0.09091916168613191,0.11232693417642088,0.09707769460262351,0.9213478429271686,0.9212876528691453,0.8329721487747439,0.05093396595146542,0.06114763629874558,0.07059731249296847
0.152913,0.022990395,6.378484907751995e-05,0.022866964,-0.166318549,0.0124,0.0157,0.0182,0.0208,0.0231,0.0251,0.0276,0.0304,0.0332,0.0482,,0.4135092035480878,0.45208674516266567,0.8285719888108319,0.039863528865875644,0.11536312361182732,0.08109505361026752,0.09190828514260535,0.09741088035432867,0.10916401232393091,0.9594108630942828,0.9392984904282013,0.9561541883738597,0.07496597719019436,0.08281011944552585,0.08770210227937103
0.155275,0.022683616,9.871766511795996e-05,0.001805238,-0.733088194,0.0091,0.0131,0.0176,0.0201,0.0227,0.0254,0.0284,0.032,0.036,0.0453,,0.3539506719851207,0.4062413914612622,0.8613100637439614,0.0382951017713658,0.14498237236763864,0.05298376832496138,0.08676777106989009,0.08201398617895717,0.12879349876767934,0.808376339026994,0.973110666056959,0.8191985183848461,0.08047060370257314,0.09738586939078857,0.08296274578600574
0.14575,0.022118072,9.742490880732275e-05,0.068202082,-0.557255824,0.0093,0.0132,0.0166,0.0195,0.0223,0.025,0.0278,0.0309,0.0351,0.0509,,0.37111405810936104,0.4425041104701686,0.9321513094764827,0.046120246353554196,0.1390112655016934,0.05085256688253227,0.08957400465620226,0.09319544878382638,0.10731334529236189,0.9362478814828603,0.8323925537246081,0.9051808552992644,0.05467183915979796,0.09217092647332979,0.062409238049569674
0.161821,0.026113457,8.396759641837297e-05,-0.022747912,-0.118012925,0.0143,0.018,0.021,0.0238,0.0263,0.0287,0.0312,0.0341,0.0377,0.0535,,0.40895650135198935,0.43943548872172483,0.7579327847415634,0.042761349457728894,0.14042118905349174,0.06393913961476239,0.0745117076358414,0.09665959538317478,0.12521702476759952,0.821925459065061,0.9750582609560393,0.8677708702612982,0.05630832713743573,0.09872658807043651,0.0890219860455583
0.11873,0.017482889,6.297305546430927e-05,0.088854841,-0.660527197,0.0063,0.0102,0.0124,0.0154,0.0173,0.0202,0.022,0.0245,0.028,0.0375,,0.40354774595578086,0.4218309350525045,0.5388787556242018,0.038370086703132696,0.1470942709710967,0.07688667881083762,0.0722488193914415,0.09956784631958139,0.12724093346449078,0.9979580609838535,0.9758070474224095,0.8168549643747761,0.06687351897997328,0.09444254988843657,0.062194796881840084
0.122556,0.017464688,5.81356177304634e-05,-0.068533688,-0.835173371,0.0074,0.01,0.0128,0.0156,0.0176,0.0202,0.022,0.0248,0.0279,0.0342,,0.36292812090327425,0.4800261174911223,0.6762857011143265,0.040337578120740965,0.1473250814128897,0.06276213716041297,0.08922666735677125,0.10969318541962145,0.1181948971865397,0.9866830461668668,0.9800085651098902,0.9414302178663312,0.07346861131518516,0.08129365193953142,0.08461345741146543
0.1293,0.018508936,6.973166464760346e-05,0.006473479,-0.808078484,0.0068,0.0107,0.0132,0.0163,0.0185,0.0212,0.0236,0.026,0.0299,0.0385,,0.39536210617527134,0.4067815873014423,0.5988123979473128,0.037208084388284116,0.13205410593153183,0.0857676225240448,0.07686758992946119,0.09727101680248873,0.10079279798681907,0.935550321560548,0.8667934368683351,0.8236150243622491,0.055437498619236275,0.07096202467038301,0.09352619709109157
0.133215,0.016823986,5.8063696432258647e-05,0.050895478,-0.694756054,0.0059,0.0098,0.012,0.0148,0.0167,0.0192,0.0214,0.0236,0.0267,0.037,,0.3832463886438844,0.41809004139846934,0.8232782954242664,0.049569824694944094,0.13181873422691576,0.06980131355870647,0.09911992622055911,0.09620317647035326,0.11910477862649921,0.9196607217003949,0.9890854142741118,0.8448683993811791,0.08508343310910538,0.05906866564161472,0.08797136268631535
0.124105,0.01643128,5.356854720872743e-05,0.030307623,-0.689864724,0.0058,0.0096,0.012,0.0144,0.0162,0.0186,0.0208,0.0229,0.026,0.0363,,0.37510057620570353,0.40344965934208354,0.7180188477861974,0.037759123052596086,0.11276228000126372,0.06588241649925237,0.09334341409009671,0.11502628372652363,0.12889600415305844,0.8112808251519759,0.8092601463856478,0.9531009239590689,0.06113414601182939,0.09752939439236169,0.09491357370960019
0.113565,0.019450297,7.705157782114578e-05,0.1451722929157957,-0.68469287,0.0076,0.0107,0.0143,0.0168,0.0189,0.0216,0.0246,0.0275,0.0314,0.0431,,0.39920870424252675,0.4347138215731314,0.5732927923658034,0.04322618384507455,0.13397218691966883,0.07027434319716401,0.08453467728636818,0.10317196574575972,0.11454221989361243,0.876615257578312,0.8841267742781292,0.9214977863077075,0.06455047082366905,0.06280376816245291,0.09901894365085334
0.12066,0.017443463,6.392127024088743e-05,0.068918794,-0.758163968,0.0062,0.0101,0.0122,0.0153,0.0173,0.0202,0.022,0.0247,0.0283,0.0377,,0.40582901148990064,0.45916896733745804,0.5570395351712458,0.044129894471979195,0.14510023690746468,0.06188236669030944,0.08869698089768739,0.09899108366894126,0.11463428344555236,0.9597735667405708,0.9826698059208842,0.895787815572735,0.07570601670113013,0.08843188856010156,0.0804935075138343
0.115454,0.017428889,6.391305136074847e-05,0.1186775170066553,-0.654206351,0.0063,0.0104,0.0126,0.0149,0.0175,0.0197,0.0219,0.0246,0.0282,0.0402,,0.3914439369562699,0.4154557020787681,0.5742350632509726,0.03859171433981619,0.1308407801655248,0.08625696666146025,0.0699421619075426,0.11436113711522317,0.10524141922393201,0.961127989137573,0.9260983082818738,0.8454603873964354,0.07750127441063695,0.0733812474480864,0.07872318522615145
0.115254,0.018900216,7.027562436485558e-05,-0.079202286,-0.906780321,0.0067,0.0105,0.0139,0.0165,0.0192,0.0216,0.0243,0.0269,0.0302,0.0362,,0.4168470001087949,0.4766047796487396,0.8021284386248445,0.04588446766713236,0.13947688933779256,0.07355465138823003,0.09538136738498852,0.11735759234050805,0.12072564670298201,0.9512492607900905,0.8692637868021803,0.9572556665540409,0.08079538828899371,0.09159200113209251,0.05803124775086451
0.125702,0.018615019,6.972083104203345e-05,0.012897542,-0.776034575,0.0067,0.0107,0.0132,0.0162,0.0186,0.0213,0.0235,0.0263,0.03,0.0375,,0.35400313426728774,0.48453096335139406,0.7243466429186303,0.03758139828350793,0.11870069733279814,0.08019540698147007,0.08516562726904231,0.09827594390098773,0.11422377008673423,0.9905010400669032,0.8053636016598671,0.918677654855788,0.09210550319300155,0.08011981167070173,0.07723771712022168
0.11673,0.016919694,5.371474076608606e-05,-0.070834281,-0.851843433,0.0072,0.0105,0.0125,0.0152,0.0171,0.0196,0.0215,0.0238,0.0268,0.0335,,0.3987172132087283,0.41983785806401275,0.7360725812256042,0.04243395046151176,0.1225993672969988,0.07376077367891815,0.09310480447771498,0.08234451997599725,0.1120430852051097,0.9623527946040517,0.9577618833846488,0.9377482882779532,0.077250395396669,0.08931949127597248,0.09435068441233069
0.10999,0.017754326,6.244994089364553e-05,-0.043000722,-0.853000194,0.0075,0.01,0.0133,0.0156,0.0181,0.02,0.0228,0.0253,0.0284,0.0354,,0.3838994599070866,0.450511014582463,0.7649473335355292,0.04507985950408308,0.14059650096096726,0.07278040729321635,0.08031632289174255,0.10179635888081494,0.10103380751553057,0.9904113378915046,0.820175206226837,0.8564548807534192,0.07792368654299321,0.07758569226457925,0.08426244648520138
0.116572,0.018222757,6.796437824626684e-05,0.036466013,-0.739693495,0.0065,0.0108,0.013,0.0158,0.0184,0.0205,0.0231,0.0259,0.0293,0.0394,,0.3965699965403881,0.4184205542808309,0.5352311607217427,0.04333419625932233,0.11545861591190036,0.08686810055186196,0.08229387526616376,0.11285988755024803,0.1227819074711212,0.9809839561348772,0.8273027086573347,0.9942464408357371,0.06230166525573151,0.06287889701390956,0.05864038796166585
0.111394,0.018815475,6.608684298313142e-05,-0.150338329,-0.848086464,0.0069,0.0109,0.014,0.0167,0.0198,0.0217,0.024,0.0266,0.0293,0.0375,,0.3634222468654308,0.45883195942508576,0.7384265134311822,0.03663099628280701,0.13824586894050916,0.06777176512630985,0.09356278568485464,0.0914734807004426,0.12053389376239405,0.9784457098169428,0.8997126516972894,0.8035605625118054,0.06969250758025128,0.06745717362891579,0.0772161025589479
0.115709,0.017554332,6.638918096955425e-05,0.146981179,-0.545445357,0.0065,0.0095,0.0126,0.0153,0.0175,0.0196,0.0221,0.0249,0.0284,0.0432,,0.36886443759236,0.4551295529721804,0.8120170093299054,0.040099158111492055,0.13641432950102372,0.07778682102488907,0.09820825504340079,0.104161964808672,0.10188099988545354,0.9321523798546801,0.9329442201508438,0.8603392212899679,0.08735841151387727,0.06664713162297205,0.07973596921767168
0.116623,0.017698672,5.534307370854942e-05,-0.094394019,-0.844298459,0.0077,0.0103,0.0131,0.0159,0.0178,0.0205,0.0223,0.0248,0.0274,0.0344,,0.38742648188533046,0.4853116396631418,0.6790805293591007,0.03824403095043485,0.13827342438307325,0.08070532037946447,0.07330227278758743,0.10272522768083296,0.13244508969990001,0.84143375887998,0.9420760111607979,0.806944814336112,0.051926213693505995,0.09242917852521006,0.06959629191821962
0.115124,0.016765553,5.735051477756306e-05,0.073392268,-0.795090493,0.0064,0.0094,0.0125,0.0142,0.0171,0.0188,0.0213,0.0236,0.0271,0.0352,,0.3843262325811395,0.41784590329636334,0.9229906040885016,0.04583558424270354,0.14309736207419288,0.07250643726333995,0.0929918818932672,0.10493429460389501,0.1292458708649092,0.8356299719266982,0.8633408032999168,0.888694373798908,0.06542258417250503,0.05446762331572335,0.07507968360940204
0.126849,0.018596702,6.833059297481506e-05,-0.036691167,-0.851101899,0.0066,0.0104,0.0136,0.0164,0.0188,0.0209,0.0237,0.0265,0.0296,0.0361,,0.35964737255488755,0.44900143600973796,0.5464506919626311,0.0400202327925298,0.12143261062431131,0.07171485057988211,0.09472691424677741,0.11436359614893922,0.10332266252079947,0.8644870610748969,0.9415731856754695,0.9214143373766082,0.055944962270259635,0.0937066334504761,0.08385292044307735
0.118636,0.018325157,7.052099623754426e-05,0.1082600442467323,-0.656978273,0.0065,0.0107,0.0132,0.0161,0.0182,0.0206,0.0233,0.0259,0.0295,0.039,,0.4135537864482971,0.4575471343365482,0.8118057630430875,0.037163352892495144,0.11397104351616884,0.05701896094988406,0.0967020698537623,0.08457257803003704,0.13162640483395288,0.939286429867167,0.8688172015974379,0.9149319754696656,0.08246065876490652,0.09322725816108003,0.0677285170994871
0.126935,0.018417445,5.8659556800099525e-05,0.083303873,-0.720034022,0.008,0.0111,0.0135,0.0162,0.0183,0.0206,0.023,0.0253,0.0287,0.0384,,0.36623793922774434,0.454180370167749,0.8579558332663136,0.03904320305107077,0.14071421852493046,0.05335875548174435,0.08125756905633216,0.09284943049814035,0.1209197494419812,0.8126820039932181,0.989589097806323,0.8761988763116,0.05753400819597988,0.08829289344232269,0.06465767530148148
0.108676,0.016885071,5.704038543045638e-05,-0.069254809,-0.919701737,0.0067,0.0103,0.012,0.0148,0.0177,0.0192,0.0218,0.0244,0.027,0.0325,,0.4144226839099653,0.44669752437906773,0.5734071818892138,0.04203440579981302,0.1487643589545302,0.07881753394261601,0.07999390657173928,0.09546990225904406,0.1008699265264012,0.8342066242623994,0.9798852475353366,0.8923901876436061,0.05200888591439404,0.07656768906678581,0.06692237005443806
0.102319,0.016309264,5.407463552140371e-05,0.032578989,-0.818495806,0.0055,0.0097,0.0119,0.0143,0.0162,0.0185,0.0206,0.0232,0.0264,0.0334,,0.3682347573212356,0.41306901483295305,0.9283636283436416,0.03641643891741205,0.13761959220561992,0.06457497476002194,0.0690330201258132,0.10268883218072088,0.1321614316462663,0.9103247619869733,0.9037009232270983,0.9059700578648487,0.08740989236158958,0.05628036002403963,0.09186550746798919
0.098055,0.017130182,5.999931419520826e-05,0.1305684348919242,-0.683833494,0.0064,0.01,0.012,0.015,0.0169,0.0196,0.0216,0.0242,0.0275,0.0375,,0.4157398524109339,0.40262341295464615,0.8534120269700787,0.04140195895565928,0.1468789828900289,0.06369372336259822,0.08765772062727417,0.11521092893088823,0.09708572364105704,0.9902444728159285,0.8790322085508909,0.9570976586198084,0.07279426041928953,0.07486878196321138,0.06162022421599155
0.113846,0.016411018,5.557383486446126e-05,0.050661378,-0.75651816,0.0057,0.0094,0.0125,0.0142,0.0168,0.0186,0.0208,0.0234,0.0266,0.0356,,0.35360544240199004,0.42402436400200305,0.7601223062870655,0.041696254394358714,0.13727032291781752,0.060293862185140865,0.07762156507863266,0.10437075726708342,0.0962741484607818,0.9108086323746529,0.8756434261207916,0.931559899005691,0.077837344630209,0.073726280154998,0.0681848710019406
0.106509,0.016871285,6.220218955708356e-05,0.2190468427885396,-0.404811331,0.006,0.0102,0.0121,0.0142,0.0173,0.019,0.021,0.0237,0.0272,0.0396,,0.3605359450270589,0.46115572346522377,0.671574862750834,0.04273436577090255,0.11623001605752212,0.07996612321467698,0.08917437445760976,0.10051793242779504,0.12928153577468265,0.9316048374774676,0.81478532257848,0.9532289206482221,0.09020398018164917,0.08333049333754557,0.09476881745801975
0.099819,0.016558731,5.634466985760883e-05,0.124297336,-0.62417294,0.0061,0.01,0.0119,0.0146,0.0166,0.0184,0.0206,0.0232,0.0269,0.0382,,0.40849867505137094,0.4212462496587078,0.5757988664641414,0.04515119443531294,0.12708702267439628,0.08581364725540092,0.06800092433483271,0.0891197273819507,0.13307513468548898,0.8252017750818905,0.8702586588222423,0.8746716912961079,0.0617274078513592,0.09604887089731295,0.08196234915845331
0.13484,0.016739104,5.449935984169472e-05,-0.071170611,-0.84863622,0.0058,0.0095,0.0124,0.0148,0.017,0.0193,0.0214,0.0238,0.0265,0.0341,,0.3689489200385298,0.4311126337718109,0.6791886799688288,0.045201527415590234,0.14900290088253548,0.06537981328024738,0.06951458316218248,0.11886642463445703,0.10416510571375845,0.9673481968106779,0.936816777730014,0.900759468700098,0.07870188217310706,0.08475524416188465,0.06405171275034513
0.1074,0.017008173,6.116507324543022e-05,0.1243374779215552,-0.601180777,0.006,0.0102,0.0121,0.0146,0.0173,0.019,0.0213,0.0239,0.0273,0.0391,,0.3908406799419944,0.48502880182996533,0.9183097231074769,0.04349794658951209,0.13334464257926706,0.06816610173415125,0.0760418554875067,0.10449853162580475,0.10852830193212676,0.8218394553299331,0.9557108720077625,0.9641810562462562,0.07246654463063913,0.08422985795029089,0.0782999202736446
0.124641,0.017395241,6.230691013847244e-05,-0.000421869,-0.864208596,0.0066,0.0098,0.0128,0.0148,0.0176,0.0196,0.0223,0.0249,0.0279,0.0349,,0.3655421421935121,0.44879162444846493,0.51471835725681,0.042673977789782234,0.14679338915176024,0.05362254831288888,0.09496852754489431,0.0849934845421067,0.12674757982911392,0.8497650380081382,0.9432710193841295,0.9226241080115611,0.05345703840499176,0.07952259623927187,0.06195244179548884
0.102581,0.015874822,5.2679715333591726e-05,-0.009516025,-0.896987545,0.0063,0.0087,0.0114,0.0134,0.0157,0.0182,0.0204,0.0229,0.0255,0.0327,,0.40769497875662414,0.4202956101764147,0.9228538852499266,0.046320676501765565,0.11989391926318475,0.06036945326204192,0.06983613013592203,0.08722448342904315,0.10338525142462233,0.9178850095862967,0.9079926727832762,0.8745183955983791,0.06630812882026606,0.07678867163045539,0.07980835937249454
0.201976,0.023316909,0.000102459,-0.025218755,-0.758822391,0.0095,0.0134,0.0173,0.0203,0.0236,0.0266,0.0294,0.0327,0.0368,0.0473,,0.4183015791615715,0.4965216539501839,0.6529423195226288,0.038425542636066415,0.13067913822759636,0.07539378001454863,0.07872462159293786,0.08838837146191666,0.12081987042182424,0.8954051214182016,0.8367746863690912,0.8543026243813404,0.08406844513046577,0.0857696965633996,0.07721937222262536
0.196326,0.019069653,6.519668389045295e-05,-0.025832622,-0.719340114,0.0078,0.0114,0.0144,0.017,0.019,0.0217,0.0239,0.0265,0.0297,0.0385,,0.35143933526301513,0.47033211792549584,0.686201794760882,0.04097162341818399,0.12040318792773651,0.06054352972420122,0.07766266653973444,0.08377937668448879,0.11071640118669114,0.9022300668912774,0.905983945878862,0.8482637474009292,0.07360490132147135,0.07062161848012832,0.09711818794262861
0.195072,0.024005772,9.841523554743288e-05,-0.134171478,-0.75700633,0.0102,0.0144,0.0179,0.0214,0.0245,0.0277,0.0306,0.0332,0.0369,0.0481,,0.382757877594971,0.40276501292929084,0.7069112023040276,0.042546892613991,0.12310850279161022,0.05767048128026444,0.09391476557087296,0.10506529193916331,0.10289582506831524,0.9243550653193329,0.8445890871520586,0.8713379310774764,0.06809193800016076,0.05739268528961069,0.09379376646338486
0.187088,0.025966862,9.062721094224666e-05,0.005380332,-0.599429788,0.0131,0.0171,0.0203,0.0231,0.0258,0.0284,0.0316,0.0351,0.0386,0.0491,,0.3926408844948303,0.46817547842915513,0.8371278538612328,0.045766455284762086,0.14890050860032245,0.07967663423624398,0.0941959545264643,0.11476802178554901,0.10699384080103855,0.9027356681128985,0.9101300589515092,0.9261507707615072,0.09201152062868602,0.07022325278839474,0.09368604294994627
0.176827,0.026016446,9.79343128337895e-05,0.021623372,-0.74510838,0.0126,0.0166,0.0198,0.023,0.0258,0.029,0.0319,0.0353,0.0396,0.048,,0.38994230825831255,0.44457653898087524,0.6464433173430425,0.035492381359238906,0.12765916588198922,0.06747226521078842,0.07460111999132125,0.10885641706692924,0.10345907093031054,0.982793503012663,0.8255833770975811,0.9712645906354571,0.08236962588750088,0.06982099174253335,0.06449283175702804
0.188104,0.026086214,8.073871469005144e-05,-0.150855665,-0.616599394,0.0134,0.0176,0.0211,0.024,0.0265,0.0289,0.0314,0.0345,0.0379,0.047,,0.4069781794125002,0.4854802877666201,0.7213442579137915,0.036611171477026055,0.11616460990880692,0.06193011037960224,0.0966825579804748,0.11273382584283878,0.1091784649283772,0.9234635590934737,0.9947123926950309,0.85025827111431,0.08759294642863033,0.08993360424972734,0.0784186946872208
0.196549,0.025869767,7.212570913003256e-05,-0.179260611,-0.354738918,0.014,0.0181,0.0218,0.0242,0.0263,0.0284,0.0306,0.0333,0.0367,0.0467,,0.3695240193391234,0.4435024339268747,0.5562412669676188,0.041274050646985166,0.1202981133184721,0.07912153076802997,0.09211378486231525,0.10602059943596556,0.10339101996666988,0.9882666664750833,0.9783909718223736,0.8603412801875003,0.07719003429897811,0.0819540934791603,0.06323192105831751
0.187802,0.024974724,7.837757780495147e-05,-0.143752783,-0.707189268,0.0129,0.0168,0.0196,0.0226,0.0254,0.0277,0.0303,0.0334,0.0367,0.0429,,0.3999244347254982,0.4783471322373411,0.6958117337795073,0.03546804215072236,0.1167713629798354,0.06824002338053826,0.08837867933482335,0.09945523668235881,0.1161401836396302,0.9055419781344094,0.8764588891782435,0.904811715252914,0.07920921491468803,0.05414653818275825,0.06336472491739509
0.196162,0.020488666,7.514666727849808e-05,-0.11662459,-0.821642296,0.008,0.0123,0.0153,0.0183,0.0208,0.0235,0.0262,0.0285,0.032,0.0401,,0.39153984200095876,0.43588201557356293,0.8729665937679545,0.04362487647137919,0.12332057559351912,0.06363255186970732,0.07186750775619222,0.10555339317622797,0.11299282757116894,0.8983056548087922,0.9667121578676071,0.8513646710061724,0.0713177522753844,0.056976459932236656,0.09571866011493693
0.195211,0.024011367,6.905396712754427e-05,-0.184425588,-0.65541862,0.0122,0.0167,0.0191,0.0217,0.0242,0.0272,0.0294,0.0319,0.0348,0.0439,,0.4183991865792847,0.4787399669860256,0.9141837307696247,0.04775613763124551,0.12386643599673766,0.07640502304469318,0.0871858665497444,0.10817637515819316,0.11576796320036405,0.9836325707167556,0.9151806088522498,0.9128142843550682,0.0772536660293253,0.0645478420510698,0.06469671905731403
0.180297,0.02323871,9.616329031887232e-05,-0.092388258,-0.83658286,0.0093,0.0143,0.0175,0.0203,0.0234,0.0264,0.0292,0.0326,0.0366,0.0434,,0.37141293328246344,0.49662108879800826,0.7165780521958514,0.043846612433514794,0.11384289929279467,0.07644030700840657,0.10381905086786575,0.08152399754664418,0.12191245925587553,0.9536380487263588,0.8587133763639366,0.9656378092482234,0.056070035039700934,0.05902239875177962,0.08428929139533275
0.18154,0.025805622,6.70899122086156e-05,-0.392891058,-0.275213263,0.0149,0.0188,0.0214,0.0241,0.0266,0.029,0.0311,0.0331,0.0361,0.0445,,0.35166999234787266,0.484116620054317,0.89634085888222,0.039472666199904395,0.1301908761850974,0.07943902566845322,0.06909702706256192,0.11109376785497485,0.10119085352991648,0.9083818299394699,0.9926623752698801,0.8371067714688326,0.0841233999371304,0.07314873877050461,0.07221563951419535
0.176198,0.026721905,7.822326418529292e-05,-0.256571489,-0.503450015,0.0148,0.0188,0.0218,0.0246,0.0273,0.0301,0.0323,0.0346,0.0378,0.0446,,0.39282810307804544,0.44873871531990206,0.8278360319129895,0.04472719561556706,0.11572205512734213,0.07954522769852566,0.08377868841222075,0.11087040774903635,0.1258490993004485,0.8702748889926225,0.8051906786138283,0.9826998052100586,0.05534287137836233,0.06825217338628178,0.07928294002937901
0.177735,0.028624796,9.992028659958832e-05,-0.071794982,-0.457304425,0.0154,0.0194,0.0231,0.0262,0.0288,0.0315,0.0342,0.0373,0.0418,0.0535,,0.39564567982593996,0.4731142350984016,0.5301813521408314,0.04107001742709521,0.14275350598747483,0.07941857724262891,0.07592074720618784,0.11095385546956794,0.13382527611837688,0.8503142855923379,0.8079414982365881,0.9452468844464463,0.09211453682940655,0.06868057370237735,0.0882634148213464
0.185695,0.025438723,0.000113103,-0.106596718,-0.739545797,0.0105,0.0151,0.019,0.0229,0.0261,0.0294,0.0319,0.035,0.0392,0.048,,0.40400480029514785,0.46763219425490493,0.8742025403362724,0.04195635275367264,0.1213757203027762,0.06828565513085204,0.08213456832460479,0.10177223495548328,0.1184660335310639,0.8982363063739902,0.837638373434765,0.8683038216672692,0.06790279024524168,0.08486092812954381,0.088007199483758
0.177978,0.027942183,9.806258432378704e-05,-0.009731514,-0.532939328,0.0151,0.0188,0.0221,0.0251,0.0279,0.0306,0.0337,0.037,0.0406,0.0536,,0.3903406392370644,0.47240667129711694,0.8185448898154913,0.046210806956075774,0.14039240275020806,0.05983516635585635,0.06849230873482831,0.10740143931348566,0.1067305386471806,0.8977916812840631,0.8750628842768631,0.977517635160324,0.07972667032693849,0.08110514117931464,0.06913914226682369
0.176199,0.030184782,0.000100754,-0.171496058,-0.235106528,0.0169,0.0215,0.025,0.0282,0.0307,0.0331,0.0358,0.0388,0.0431,0.0579,,0.3672588415628298,0.42563028629223354,0.5057695113330902,0.048020354292367805,0.14625700774583714,0.06430319263854946,0.06586941177793731,0.08297505744163097,0.1080900496992692,0.8367784858064947,0.8234654265212475,0.8318743416301059,0.08908039050787148,0.07006356433758062,0.08395637253003346
0.178267,0.02712933,0.000134054,-0.087180115,-0.771229428,0.0117,0.0168,0.0207,0.0242,0.0277,0.0309,0.0342,0.038,0.0423,0.0515,,0.40418273560932777,0.45780085869623616,0.6031807819932581,0.04090506876590203,0.1153270159596124,0.0718225929408104,0.08485051411688745,0.1070385755261289,0.13381758998284335,0.9425873923548517,0.9065656303986787,0.916578774564767,0.07806952075527418,0.06116472967369208,0.08732621689455874
0.179872,0.024720956,0.000112228,-0.03893973,-0.710385756,0.0106,0.0148,0.0186,0.0217,0.0247,0.0279,0.031,0.0344,0.0382,0.0502,,0.3792362068837432,0.465632713479529,0.9030744058659476,0.04756463810765668,0.12248170783092611,0.061040976402289025,0.07825949335268971,0.11642029868876433,0.1316055602915908,0.9007383431746908,0.8780360492569997,0.9783888249480072,0.06114765130866929,0.08192022668092419,0.07260627168930037
0.185957,0.025699612,7.664074848743056e-05,-0.101637889,-0.239957119,0.0142,0.0178,0.0208,0.0232,0.026,0.0283,0.0309,0.0337,0.0371,0.0485,,0.37678724596296165,0.4278267232068914,0.5417871583551854,0.045459944802165836,0.14853976050347817,0.07978144376649142,0.07203080959328735,0.10443389926525103,0.11841083239554794,0.9938052920205301,0.8579229119934924,0.9375906517778462,0.07154901462116783,0.06679046003974994,0.08887093101797919
0.097562,0.016831781,5.52797801675424e-05,-0.052369526,-0.791435279,0.006,0.0104,0.0124,0.0152,0.017,0.0195,0.0214,0.0237,0.0265,0.0335,,0.3577929038627748,0.45631241790246363,0.7299240245673873,0.046992059218751395,0.11477147485608871,0.07945982138036849,0.09405422802219564,0.0971830656505486,0.12511879456555458,0.9129583400595963,0.9177702555955654,0.907874774577718,0.07167448703357165,0.07480886308186997,0.0904451046549591
0.106949,0.016418332,5.67295194895119e-05,0.077462453,-0.772763293,0.0056,0.0093,0.0123,0.0138,0.0163,0.0184,0.021,0.0235,0.0266,0.0348,,0.36770259003090044,0.43061448934423713,0.8505526023596011,0.03996826925994157,0.14722657437510253,0.06914824143160377,0.06964327113517595,0.10755469008245798,0.11119826616339906,0.9842055262568002,0.9392465950138134,0.9908680868782732,0.07949948899291602,0.07104135362406444,0.06579296314804864
0.120069,0.018195986,6.82536808788888e-05,0.044132953,-0.796541898,0.0065,0.0103,0.0128,0.0158,0.018,0.0207,0.0229,0.026,0.0294,0.0372,,0.4181422375623694,0.49112407831565263,0.8233052762613022,0.04871654810512776,0.14240151221840447,0.08507316686589171,0.10419567353907185,0.09867840162979029,0.11402385413156657,0.9681009733044598,0.9033184860071893,0.971733901523379,0.06472735540581114,0.0679147173289671,0.07885377496910057
0.118742,0.01972642,9.264384402246647e-05,0.34645214,-0.306682274,0.0077,0.0111,0.0139,0.0166,0.0191,0.0217,0.0244,0.0279,0.0328,0.0496,,0.3902242397010897,0.4393788105700651,0.7175029836063588,0.04900072167199228,0.1485169565271255,0.05203955348148025,0.09553478915473519,0.10333921104178452,0.12814753591468048,0.9092492330517121,0.8636301111154583,0.8115912392436941,0.08677020739899297,0.06422154523059624,0.08603136389821743
0.11568,0.018364964,7.05739275666314e-05,0.016419519,-0.827697272,0.0064,0.0107,0.0128,0.0162,0.0184,0.0207,0.0236,0.026,0.0301,0.0391,,0.350979139963977,0.482528819923372,0.7916404288929677,0.04573469570954172,0.11719267577590181,0.06329302497472786,0.08302446627742709,0.11128672721017968,0.11222539742988041,0.9213120656215998,0.8138320031890509,0.8129913644589671,0.06810466780634314,0.09654393702258637,0.08798872892488807
0.103049,0.018143116,5.735996458557183e-05,-0.019914363,-0.820369052,0.008,0.0106,0.0133,0.0161,0.018,0.0207,0.0226,0.0252,0.0282,0.0344,,0.3981322280552742,0.4465884827660412,0.8962344603181795,0.0356215904513225,0.13039497393233282,0.05846255509093345,0.07514786801353987,0.08216729140767105,0.11026408377453838,0.9206578129101025,0.9923650660317581,0.813725876685396,0.0644149427521225,0.08331755447025703,0.06492628346675976
0.099034,0.018860979,6.520546058575288e-05,0.008158228,-0.862763191,0.0082,0.0107,0.0138,0.0169,0.0187,0.0213,0.0235,0.0265,0.0301,0.0354,,0.37762503814247844,0.4980190024196626,0.6774587018913555,0.03608800444229428,0.13630778521061004,0.08384330526481502,0.06777614893935278,0.08888031851028441,0.12016645772095315,0.9726245597170237,0.8715605664537699,0.8393789669428253,0.07245795846734698,0.06610728979562697,0.06083353405690078
0.098253,0.016570251,5.6140952592798446e-05,0.036703548,-0.749454971,0.0058,0.0095,0.0119,0.0145,0.0168,0.0188,0.0208,0.0234,0.0266,0.0361,,0.39210242771497456,0.4193677809232664,0.7112436066591004,0.041670147282580866,0.1426730029928808,0.0799605954027085,0.07307467527127032,0.113136599421115,0.10917089405011152,0.9051781679263592,0.9256670349129756,0.9552230051945646,0.06891241038039488,0.06680349424351177,0.08303595928126158
0.099518,0.018552921,5.671505398145185e-05,0.1456240053958092,-0.666545737,0.0089,0.0114,0.0139,0.0163,0.018,0.0205,0.0227,0.0254,0.0288,0.0379,,0.41424361882055694,0.40365429800066016,0.8993591480521915,0.044029177522317414,0.12311796508282966,0.06590813940277267,0.07587038166060699,0.08499036600530124,0.10988258090139853,0.8084159381204632,0.9437361652461108,0.8924355007242177,0.07373132922353363,0.08995906115770116,0.08731765198681862
0.101926,0.017556646,5.7915155620666734e-05,0.1359548595391258,-0.723855205,0.007,0.0104,0.0125,0.0151,0.0171,0.0199,0.0218,0.0248,0.0278,0.0372,,0.4070348247141437,0.44037886489153544,0.7211260524752867,0.03553111481533216,0.12191791680534952,0.08006377547549857,0.08263354278237471,0.11297014126292805,0.10984184988420588,0.8390576197335162,0.972086964133455,0.9731411544191348,0.0799540521201498,0.09013363595161426,0.09897845288372524
0.159376,0.025056239,0.000104183,0.078271427,-0.623805726,0.0114,0.0156,0.0189,0.022,0.025,0.0282,0.0313,0.0345,0.0383,0.053,,0.4007233916538134,0.4921680000928071,0.8215127953287763,0.04510356793199719,0.14090564450743057,0.05712740337610084,0.06711034196717981,0.10382963216686807,0.09850594263554485,0.8071903964061646,0.9693877391583435,0.9767760546613026,0.06808101142080296,0.09443492196490644,0.09069365592730463
0.150485,0.023133797,8.116549851819818e-05,-0.024972742,-0.711980707,0.0106,0.0144,0.0181,0.021,0.0233,0.0257,0.0283,0.0314,0.0354,0.0457,,0.3735846619030785,0.4807226633777944,0.5749993873215573,0.040873811996353364,0.12338054976310132,0.07842361746985776,0.07172746064137601,0.08089128797536431,0.11262311123532315,0.8255249527029923,0.876154698448056,0.8373615700850966,0.052171845439260546,0.06986651062136572,0.07262940869359377
0.158111,0.022703927,0.000102636,0.071708224,-0.606242452,0.0094,0.0133,0.0168,0.0197,0.0225,0.0255,0.0287,0.0317,0.0361,0.0496,,0.3596082023764765,0.4084848929064715,0.6900575324775944,0.04671384067294156,0.1462365092251975,0.0869317633768553,0.07098133163885367,0.08999801799498426,0.10383629309011073,0.9957362437658462,0.8135863996855848,0.9380827485956883,0.07194692743352163,0.07651248716216834,0.07290654341663279
0.160981,0.020649524,7.858157075525026e-05,-0.040453921,-0.746522601,0.0081,0.0129,0.0154,0.0178,0.0207,0.0235,0.0258,0.0289,0.0325,0.0422,,0.39322411214815634,0.44313127733067886,0.5204651274784206,0.04180361573239583,0.1209029032990332,0.05513508815975477,0.06670649222191544,0.10337533931397197,0.11307680704463866,0.8582603236480152,0.8500437879264671,0.8303961005937659,0.09304157605723958,0.05627394336227662,0.07690468735149888
0.162464,0.025137346,8.656870722403987e-05,0.038836711,-0.622596957,0.0124,0.0166,0.0194,0.0226,0.0253,0.0277,0.0304,0.0336,0.0379,0.0474,,0.378986365050107,0.4456552340867036,0.6754779852840397,0.03845462261215955,0.1292263701511617,0.06014237462963152,0.06865367297911315,0.10491323673565987,0.12605928833748745,0.90860155848366,0.8743478335846964,0.9603074472807759,0.07104075333633181,0.07237081165954934,0.063976652159135
0.15473,0.022999237,7.259882957100774e-05,-0.051742919,-0.708672627,0.011,0.0154,0.018,0.0204,0.0229,0.0255,0.0283,0.0309,0.0343,0.0437,,0.36051037257359586,0.46730443594820553,0.5674498160559172,0.04445017286375472,0.1175411131481146,0.07268778729095009,0.07016690341901505,0.08276686378297456,0.12745918070203782,0.9598032060034066,0.9879999240271439,0.8465816631673795,0.07713764080074818,0.08620862165561341,0.0767119063234762
0.165959,0.021571446,8.61072385712382e-05,-0.086330672,-0.772149096,0.0084,0.0123,0.0165,0.0189,0.0218,0.0248,0.0274,0.0301,0.0339,0.0436,,0.41220451186100504,0.4785880052728842,0.8576087041583408,0.04949232882619747,0.11372065947866968,0.07077963831315857,0.1007377498571561,0.11743330471050259,0.12688112454246564,0.8054891055630757,0.8763546544315983,0.9118151168848049,0.05322042626711826,0.08482795206583221,0.06530831765808423
0.16316,0.023166914,8.699143871562327e-05,-0.024417459,-0.731818265,0.0101,0.0142,0.0181,0.0206,0.0231,0.0259,0.0289,0.0319,0.0353,0.0451,,0.407419097994894,0.440576409381144,0.8366189687567862,0.04826310666284204,0.14595319676764645,0.08151802024847368,0.10053615615245014,0.11222318638589673,0.11910241435245773,0.9517719354352785,0.9592489702388783,0.8560323725837111,0.08663022793276956,0.08059029005643248,0.07643478475192271
0.173985,0.022337008,7.85320045551584e-05,-0.020708011,-0.858885587,0.0098,0.014,0.0167,0.0202,0.0224,0.0249,0.0278,0.0311,0.0342,0.0417,,0.3620851896374171,0.4462836769607789,0.5070850879608166,0.041935087159400745,0.1345673649107052,0.07562831498393432,0.08759743280086985,0.11461104810552031,0.11742396624489722,0.8082132949415075,0.9377394117791262,0.9070200877849594,0.0881963848154516,0.0654343601086904,0.09719469576632969
0.145993,0.020341609,7.991902445550357e-05,-0.023113115,-0.826270606,0.0075,0.0119,0.0151,0.0178,0.0202,0.023,0.0256,0.029,0.0325,0.0389,,0.3623282924794771,0.4818055835009122,0.5721795669753463,0.040011438928301196,0.11823955026313543,0.07845528967919162,0.07864920201224032,0.09275770240003832,0.13065484586408288,0.8455778645222002,0.8923015750220208,0.9253242167822572,0.08794871464576244,0.09382249613244653,0.06268780445634851
0.17842,0.021634125,7.753621109022886e-05,0.145973988,-0.556016394,0.0098,0.0133,0.0162,0.0193,0.0219,0.0241,0.0267,0.0292,0.0332,0.0462,,0.3762654536890676,0.4254264717836362,0.8791054125284934,0.0477084067218557,0.14859963045617927,0.0751175729058549,0.09386256710098556,0.1152375117288694,0.10527747483991645,0.9017445582372154,0.948817865004369,0.9523537720274209,0.07827137372999265,0.05687690542602141,0.07932248436812711
0.173747,0.022414793,9.335611977979306e-05,-0.04799625,-0.697870526,0.0092,0.0129,0.0168,0.0199,0.0231,0.0255,0.0283,0.0312,0.0348,0.0468,,0.4029133555057698,0.4459909884103148,0.7343300180359893,0.03658697226199942,0.13721155130897533,0.062309894294619514,0.08307999848958741,0.08760635263122636,0.11549089768823691,0.9526760589469846,0.9180700659178022,0.8180659330899293,0.07423658784375822,0.07101560706128059,0.06584857995253261
0.174393,0.020776419,7.184128083583815e-05,0.046485012,-0.707709084,0.0089,0.0132,0.0156,0.0181,0.021,0.0233,0.0256,0.0285,0.0322,0.042,,0.40201347040338087,0.40660501884452915,0.6792399679860661,0.03588294119318448,0.12876622819375844,0.08147885869573739,0.09235068320238483,0.08258359867495949,0.0966363991413691,0.8880592435490954,0.8595352063226225,0.9842884247401732,0.08937029189511403,0.06030213170934951,0.08529833878434144
0.164923,0.021966495,8.244530191571823e-05,0.030034221,-0.804620498,0.0095,0.0129,0.0169,0.0194,0.0217,0.0244,0.0276,0.031,0.0341,0.0448,,0.4165567548435959,0.4179668239836799,0.7932655081523141,0.03912799608106783,0.12481802612919941,0.05468600012521183,0.06879660145181576,0.08261642174896,0.11015222562678004,0.8247274848455923,0.9674041445318532,0.8373812299869877,0.09126911920795905,0.06471976630238646,0.07356422412296491
0.170773,0.021468436,7.247772148036023e-05,-0.068967412,-0.849107388,0.0103,0.0133,0.0163,0.0192,0.0215,0.0241,0.0271,0.0296,0.0326,0.0406,,0.3847873715437801,0.4375598083985157,0.8836789422415757,0.04219563435650364,0.12981089424190537,0.05843266691726316,0.07076893577881123,0.08093328733709115,0.11323205910543808,0.8474252103142521,0.9404731314878754,0.9813316543253782,0.056349957368100924,0.05591082185908435,0.0652629171818988
0.17197,0.019623404,6.041581061698206e-05,-0.037840203,-0.801581148,0.0095,0.012,0.0151,0.0175,0.0196,0.0223,0.0243,0.027,0.0302,0.0384,,0.35285065817609257,0.4862115665174622,0.7296739251865847,0.04583907072747641,0.1282281480560148,0.07826466212387977,0.10222212385488148,0.09186699487872058,0.10870631723414939,0.9666594644785246,0.8408796602847103,0.8785295302953365,0.08914001754479976,0.06413630868556745,0.07972297440393329
0.17684,0.020415916,7.707725388043432e-05,-0.072172317,-0.727862083,0.0081,0.0116,0.0156,0.0184,0.0207,0.0232,0.026,0.0287,0.0318,0.0445,,0.3636468176516006,0.4026297040380792,0.52053883686547,0.04424166983062726,0.12801427506320492,0.07353651910318808,0.07495250711371726,0.08956101486839761,0.1047705834390978,0.8156779343282546,0.8158846420366422,0.8887194444477522,0.07557220130540204,0.07392559177654591,0.08673636886403714
0.167554,0.022121663,8.781219478101783e-05,0.103111212,-0.542788092,0.0101,0.0137,0.017,0.0196,0.0223,0.0248,0.0275,0.0306,0.0342,0.0513,,0.4158887814077481,0.43517406923181856,0.515551922040132,0.04665150114718903,0.12410751297764097,0.057508351220344964,0.10369351793900966,0.08242141269553223,0.12249491189978164,0.8202246753362767,0.8508430975711526,0.8799374969546158,0.05185308217752369,0.08634415397329123,0.06870639137968704
0.175658,0.020429451,7.954383082588371e-05,0.021374536,-0.690837316,0.0081,0.0117,0.0155,0.0179,0.0204,0.0227,0.0257,0.0288,0.0325,0.0439,,0.3699803092073691,0.45951851056649795,0.8305047467802252,0.041479282248586255,0.14579805955064323,0.07850805841620502,0.0924328908161239,0.10231503348698233,0.11593376320564654,0.9689246600545739,0.9704098308712579,0.8660175268346211,0.07727611154642006,0.07108600011332503,0.07071005235929147
0.172497,0.019002272,6.744355743736685e-05,-0.121589164,-0.872573972,0.007,0.0108,0.0141,0.0165,0.0196,0.0218,0.0243,0.0268,0.0299,0.0365,,0.3711661767066571,0.42008417863035713,0.7503182084974126,0.04245691947870856,0.12127223488764118,0.07460783916581751,0.07453426286037718,0.11037027052624389,0.10393055478213263,0.886621391078311,0.9930732687167197,0.8064703324818904,0.07451913150261064,0.08850942960604685,0.09554370296226267
0.154399,0.017705073,5.363316109500832e-05,0.025996751,-0.796197863,0.0081,0.0106,0.0132,0.0153,0.0178,0.0197,0.0222,0.0245,0.0275,0.0349,,0.37054646942800135,0.43156918360136126,0.9296860673419239,0.04820759930648643,0.13591708128053706,0.07025536896184258,0.08714643459062615,0.09874821636131058,0.12057807306623868,0.8507550406474066,0.9649942085120511,0.9502522119476162,0.07157891555837201,0.08123856454209848,0.08971906227847999
0.152634,0.01840396,6.732974870065065e-05,-0.019953059,-0.784349816,0.0068,0.0107,0.0133,0.0163,0.0184,0.0209,0.0235,0.0259,0.0292,0.0385,,0.41266953940739265,0.4151317640949357,0.5248279424864352,0.04657061381492723,0.11899275321690013,0.07768166064636049,0.10346646662575967,0.10392610405547241,0.11657636609996617,0.9885693819020199,0.9522510477815607,0.9251262367577552,0.07108282855283891,0.06677820503494199,0.05690620470062137
0.147625,0.018818983,7.162642126659825e-05,0.043096295,-0.676499648,0.0071,0.0106,0.0138,0.0165,0.0187,0.0212,0.0238,0.0265,0.0298,0.0428,,0.4036565068383791,0.49532745618419427,0.5667747571179391,0.03634490322412732,0.13786523290295719,0.07318958455920478,0.07211286800716879,0.09614916894069654,0.11019398001214716,0.8112904071916298,0.9769970479155731,0.9512159373345479,0.08771176892401521,0.052616951811949655,0.09253085093130467
0.152752,0.016949062,5.060718089199751e-05,-0.057291484,-0.815880804,0.0073,0.0106,0.0124,0.0151,0.0177,0.0191,0.0212,0.0235,0.0266,0.0325,,0.3907994445671577,0.4616810100783569,0.8702631416925345,0.037725040755750505,0.13199263421348284,0.0826633449040492,0.08621407148948906,0.11560926905286109,0.11870464417938918,0.87189118915626,0.9208423687125371,0.8908147814603127,0.07762556087662606,0.07606000981638582,0.06524184385950083
0.148279,0.020587571,8.325161001230283e-05,0.1533381968492841,-0.616252004,0.0082,0.0116,0.0154,0.0179,0.0203,0.0228,0.0256,0.0288,0.0327,0.0437,,0.3981732630714733,0.4672411540866886,0.7933246319916621,0.04857907627506319,0.1298138723676402,0.05217712130833648,0.08531667731610133,0.08768834651881591,0.12298638722981704,0.9556036632635279,0.8592757436754891,0.8776365792029224,0.07401742081203148,0.056164884481781606,0.06730299825056027
0.156451,0.018908945,7.368268426086515e-05,0.093430183,-0.687691756,0.0068,0.011,0.0138,0.0167,0.0186,0.0212,0.0238,0.0264,0.0306,0.0389,,0.36577994858107765,0.4842511291332834,0.7245100170691662,0.04708049270122058,0.11320517592991929,0.0766930064410502,0.08949331250253338,0.11757222322880073,0.12787068045097183,0.8844460508928008,0.8746469111156975,0.8911084633616545,0.06350078117976328,0.09181742913650226,0.07352802051794402
0.152792,0.017128934,5.484454681158832e-05,-0.110079655,-0.850532268,0.0071,0.0105,0.0125,0.0152,0.0172,0.0195,0.022,0.0238,0.027,0.0329,,0.3839808342156881,0.40685604843746204,0.5785819382112892,0.03859583171415016,0.132916013811831,0.08610245259106651,0.07300862000460218,0.10595742882438183,0.12209340005990499,0.9271864715097374,0.9030553503340015,0.8639128972289115,0.0832418177434331,0.05571708968036096,0.08998993777695155
0.15268,0.017302841,4.988940674539761e-05,-0.01058697,-0.787118463,0.0078,0.011,0.0129,0.0155,0.0173,0.0196,0.0215,0.0238,0.027,0.0334,,0.3634298487840512,0.44955604809654076,0.5988474683005994,0.04721660636982652,0.12664059950829742,0.05158582023297362,0.08083143086390232,0.11846341905061578,0.10548781508364238,0.8591363120971147,0.9604965966266868,0.9038679278733323,0.056009398849116404,0.09708125312914287,0.08766445196184906
0.14881,0.016982666,5.1609385262037835e-05,-0.063795855,-0.826976844,0.0072,0.0105,0.0124,0.0151,0.0176,0.0191,0.0213,0.0238,0.0264,0.032,,0.40912257744465286,0.4757490609772196,0.5293289088817059,0.040815627410257335,0.1393750541204799,0.0626433604357197,0.08080841811224938,0.08257704901864762,0.12281606989230835,0.8548852814552095,0.9071906349616772,0.9139385866739069,0.08283331180867903,0.09472985634967333,0.0759375536631114
0.151141,0.018523078,5.67780554061874e-05,-0.056545432,-0.830255466,0.0084,0.0112,0.0138,0.0167,0.0186,0.0208,0.0231,0.0258,0.0285,0.0352,,0.3623744855045867,0.47665351073882384,0.5526473523125974,0.04139876061786374,0.11527728363074945,0.07587985241796037,0.09699889824277393,0.09899953052782319,0.1337907725718928,0.9894004910511041,0.8586494625757775,0.9498093040630192,0.08739336848133027,0.09799053692265318,0.06150054654722674
0.203135,0.021979706,8.668234158779881e-05,0.024978297,-0.618939505,0.0094,0.013,0.0162,0.0192,0.0221,0.025,0.0277,0.0303,0.0339,0.0476,,0.3712201434666131,0.41317126255822534,0.6574304436509517,0.045205523890961496,0.1361044527269558,0.05427950830321534,0.06555272161338438,0.10795482288650636,0.09994742984270874,0.8057352819867958,0.8536905358057336,0.9018416863732073,0.05413339903923086,0.05710436410361623,0.07090435052350369
0.197966,0.024096285,9.417210208361763e-05,0.051186978,-0.689516319,0.0107,0.0149,0.0182,0.0216,0.0241,0.0268,0.0295,0.0327,0.0374,0.0461,,0.35477142066253614,0.45535354931718575,0.8732359102904249,0.039777792460382634,0.11503077516749527,0.06840900697578745,0.07955257471435781,0.10882301550479678,0.10300509100370116,0.8423885568268873,0.8527044006728537,0.8810830587849062,0.058916435179600185,0.08594311742377216,0.06948730790840345
0.179376,0.02190627,8.899764197191802e-05,-0.074682117,-0.779438998,0.0086,0.013,0.0165,0.0191,0.0221,0.0251,0.0277,0.0305,0.0345,0.0431,,0.36100409033634373,0.4508713324932957,0.8230673149903828,0.04385376772208053,0.11577815062004264,0.055908702570508825,0.09290965729729059,0.09714923256597499,0.13308164615988527,0.9810711565993918,0.9603002322134017,0.8811557834757849,0.09054965532354843,0.07797792874090273,0.0834256562316451
0.195916,0.023516786,9.02399469191978e-05,0.099312765,-0.646760081,0.0106,0.0146,0.0177,0.0211,0.0234,0.0259,0.0285,0.032,0.0367,0.046,,0.37336343897914337,0.4389033769184524,0.8027205428609906,0.04040150745886747,0.11609872623347879,0.07119528975129039,0.06808339357161766,0.08805415191660612,0.1008072847298075,0.8326150157337614,0.9298715154824462,0.9365502121218228,0.06493108130067439,0.06783443258968276,0.09573047342053988
0.20268,0.022582262,7.752573022543229e-05,0.052248932,-0.580123701,0.0104,0.0143,0.0179,0.0202,0.0224,0.0249,0.0277,0.0307,0.0339,0.0451,,0.3647082189690443,0.43997157730621417,0.8233169861241989,0.04723195244678032,0.12682388945367845,0.08333060926908933,0.07861601513657174,0.09958714729068495,0.11772635598043335,0.896667595882513,0.8226863855760398,0.9923689376199126,0.09068461806564194,0.08412949889772374,0.09443934974982124
0.201558,0.022996902,8.684459176594711e-05,-0.044041321,-0.72209504,0.0101,0.0138,0.0172,0.0204,0.0233,0.0262,0.0289,0.0317,0.0351,0.0476,,0.3925728523719259,0.46576864229189757,0.7904809727653948,0.040864318174419864,0.13581924879706783,0.05436624756771595,0.0968631787517056,0.1101685896242757,0.09905771870177821,0.8187017347747926,0.8249634900493195,0.934838804134716,0.07435131983640753,0.0527079325675995,0.09017109237743315
0.190738,0.020098736,6.907358430311598e-05,-0.08269224,-0.77017869,0.008,0.0125,0.015,0.0178,0.0207,0.0228,0.0252,0.0279,0.0309,0.0412,,0.3534763932710794,0.453519321406273,0.7693582787415743,0.038534694390728125,0.11918730633600358,0.06099168157685204,0.07671474533447845,0.09623745995966745,0.11091315810156081,0.8303455481297963,0.9214358207558419,0.8429315602285801,0.07766659216982191,0.09468542948737947,0.08637351486758756
0.203631,0.0235264,0.000102947,-0.007681853,-0.713737321,0.0099,0.0139,0.0175,0.0207,0.0237,0.0264,0.0293,0.0328,0.037,0.0492,,0.41637242264484936,0.45731836246199625,0.7065799731908743,0.03535345103831081,0.13963076541419892,0.0849938191643704,0.08002067810133487,0.08626524316030734,0.09793890239605534,0.8459396808554543,0.8471436966596856,0.9078458782851829,0.06033020577579168,0.09342018125057318,0.09096048006348892
0.202986,0.022648035,7.485836796855222e-05,-0.04846431,-0.765832248,0.0106,0.0146,0.0173,0.02,0.0232,0.0254,0.0279,0.0309,0.0342,0.0425,,0.4166515499811971,0.4715970964324532,0.5056867056790535,0.04270570920952495,0.12706916938071616,0.05387816453107041,0.10111561246201406,0.09718185128384575,0.13142423504420508,0.8103741718991342,0.8152313749755847,0.9776685416926348,0.060383870701660236,0.057423497236095064,0.08177774175950123
0.202095,0.020857646,7.700799750524223e-05,-0.116771345,-0.794565114,0.0082,0.0125,0.0158,0.0187,0.0211,0.0237,0.0264,0.029,0.0326,0.0401,,0.4102121351708572,0.4619932654362244,0.6252147997613904,0.04061673437310115,0.1190557008102835,0.06197568787176567,0.10265275336093335,0.0930675719536955,0.09668170995600556,0.9151944561329799,0.9301503916799555,0.9948358062447685,0.09371795584680923,0.08336642497094282,0.081734481697339
0.168341,0.020588575,7.944239033072445e-05,-0.128684606,-0.852491615,0.0077,0.0122,0.0153,0.0185,0.021,0.0235,0.0264,0.0289,0.0322,0.0403,,0.3950015374110908,0.4789357064213354,0.6717442664656004,0.035979788266787036,0.1343875976011389,0.08289546895463705,0.07420743502748552,0.11275144153802705,0.13273428823680164,0.8102248337831823,0.9613332881117823,0.9945085258602473,0.0890781702849683,0.05376909705372979,0.09776004834498465
0.16945,0.02252967,8.749192309013606e-05,0.075783302,-0.689634257,0.0097,0.0136,0.0167,0.0202,0.0226,0.0251,0.0279,0.0309,0.0351,0.046,,0.3994867076759192,0.4839673882134655,0.6880747442730628,0.03780653363465669,0.11527362466277441,0.08689439401146413,0.08068137658921554,0.08157207417934555,0.10621624942857648,0.9795916978719128,0.9209331082758719,0.8652340631351364,0.06686420397471872,0.08118222825511377,0.09008043922717052
0.166913,0.026969266,0.000108771,0.034411219,-0.726316515,0.0131,0.0173,0.0206,0.0237,0.0268,0.0296,0.0327,0.0366,0.0412,0.0502,,0.3592978910410409,0.41694124786719966,0.8943076546655226,0.04351025889672726,0.12810617844123784,0.052954229244330506,0.0945445593802044,0.11025314436148316,0.12337816612917818,0.935991373251651,0.9163040731106407,0.9903405319890359,0.0737679097126328,0.07627358929649004,0.07794168915991943
0.163058,0.023127858,9.231919177325962e-05,-0.049770414,-0.741003191,0.0097,0.0139,0.0181,0.0207,0.0232,0.026,0.0289,0.032,0.036,0.0453,,0.412179166446428,0.4470714929101313,0.658414293045828,0.04544003497424024,0.12994497388686888,0.07970909550778209,0.08078237741826075,0.10955904510807472,0.11996399699868336,0.9805843372629816,0.8267258816650919,0.8794098317270792,0.08046946066219834,0.07220476534986092,0.06757163230987039
0.165216,0.022912848,0.000116726,0.2532528676356331,-0.408144505,0.0089,0.0126,0.0164,0.0193,0.0223,0.0254,0.0287,0.0327,0.0374,0.054,,0.4171252837919856,0.48156728629616014,0.5589147045691609,0.03815020345805913,0.13775010456543227,0.0652323294265672,0.08895301368722355,0.11072964656591815,0.09950921404770106,0.9514851969853251,0.8399475675573204,0.9906667149393255,0.054584748441709165,0.07033677002013414,0.06479750179121573
0.16947,0.024566391,0.000119511,-0.006091054,-0.82881731,0.0099,0.0141,0.0177,0.021,0.0245,0.0279,0.0313,0.0352,0.0393,0.0488,,0.38724537946524035,0.4014741027682236,0.7125629924074219,0.03604173043748862,0.11358652230088317,0.07864287725627354,0.06761072281104885,0.08125309327013346,0.1108196631961134,0.8125356149847395,0.8694166330702003,0.913410813855727,0.06258662662200334,0.05279130947992293,0.08620156589160029
0.171622,0.02221727,8.82169068303304e-05,-0.09536964,-0.803259149,0.0091,0.0128,0.0173,0.0199,0.0224,0.0251,0.0281,0.0312,0.0344,0.045,,0.3955293368247701,0.4179111254170289,0.5556913841446296,0.04634431611324155,0.14855429361041694,0.06523595358430084,0.08211360660528166,0.0953301666490765,0.1109857713927068,0.9595093347953213,0.9705086038816866,0.8967032142998643,0.07162719808488606,0.05553004910798039,0.07253432575269357
0.169365,0.022266736,8.983297645867472e-05,-0.103111214,-0.788547452,0.0087,0.0136,0.0167,0.0195,0.0231,0.0254,0.028,0.0312,0.0346,0.0424,,0.41720217005656796,0.4272218275957942,0.6926383548180703,0.04091517743270323,0.11706543684300916,0.07125611864651654,0.09725738324258779,0.09774898790266913,0.12069975841165931,0.8583285751535933,0.9767546917693639,0.9128090235720931,0.057054474644347174,0.06628222513256284,0.08826809738759529
0.173234,0.023771218,9.323650489520556e-05,0.2127241628123768,-0.387726804,0.0113,0.015,0.018,0.0208,0.0232,0.0261,0.0287,0.032,0.0365,0.0496,,0.3756360231987694,0.4711876607178573,0.9348846650228939,0.04066524000186128,0.12386956492290722,0.08018049205097036,0.0915989516821615,0.08765821537343355,0.11282809074183779,0.8064145954951865,0.9516026573233042,0.9756649337310674,0.06811235629332302,0.09501607796904987,0.06565644236172541
0.14619,0.022690301,7.266413302334449e-05,-0.038556183,-0.724532467,0.0111,0.0147,0.0174,0.0204,0.0229,0.0251,0.0277,0.031,0.0338,0.0419,,0.3517107776977621,0.4011680164750475,0.9211069413551322,0.04256688682839271,0.12398053071620048,0.07494291673326112,0.08769035458182776,0.11070288904787638,0.11986073903168012,0.9441848749840406,0.9476300320843382,0.98459086778466,0.09030724978932093,0.07721676641705494,0.06908239152934144
0.151296,0.020949941,5.762253086530218e-05,-0.049660664,-0.542049461,0.0103,0.0139,0.0168,0.0188,0.021,0.0232,0.0255,0.0281,0.0307,0.0437,,0.4087783398603372,0.45319660269941414,0.5046688122257091,0.04942883100950165,0.13639502520518942,0.07400050209172848,0.10403629571060402,0.09531764473977751,0.10980465123207775,0.8094960962750528,0.9563931166740115,0.9484050773271914,0.08001628480372276,0.05805462244861752,0.07559143958898053
0.151426,0.022012391,6.535301965593383e-05,0.007351069,-0.558570063,0.0116,0.0146,0.0171,0.0194,0.0225,0.0243,0.0264,0.0293,0.0331,0.0423,,0.39132662643731037,0.47357473042224274,0.50591310041706,0.04715817694430053,0.1330442198800424,0.06129400801104172,0.10413270490907325,0.0874369838422914,0.0964348150759538,0.8631646816788229,0.9107063178223108,0.9324612681965055,0.07454983271418975,0.06430583472254499,0.06090530882611812
0.149255,0.021809081,6.629095452595127e-05,0.07710823,-0.46761615,0.0108,0.0144,0.0174,0.0194,0.0217,0.0241,0.0266,0.0292,0.0324,0.0443,,0.3717048657528908,0.46729026111617505,0.6829841479108085,0.04246732648753543,0.14899301688805394,0.058648698703044476,0.07440627935961054,0.08490895594750515,0.12047135946565732,0.9087130639820148,0.8719782298265981,0.8046932801087062,0.08664163066733285,0.0665951841252621,0.08745180485709358
0.146273,0.021050091,5.035886393795462e-05,-0.194552236,-0.459119118,0.0114,0.0148,0.017,0.0197,0.0213,0.0231,0.0254,0.0274,0.0302,0.0372,,0.3982527064415444,0.45574948297620216,0.6145407226381215,0.04642838816806299,0.1391497014085138,0.07845064408246444,0.08367802398832257,0.11146201647747904,0.1071002082124186,0.8654023518682878,0.8885404464407322,0.9141164836085973,0.0888828541605361,0.06308925954703881,0.05889173427057997
0.148033,0.020959303,8.763749505114952e-05,0.011481564,-0.81565035,0.0078,0.0127,0.0153,0.0179,0.021,0.0236,0.0264,0.0302,0.0337,0.0419,,0.40858205679794385,0.4947084417496666,0.8571834815127646,0.041392333816756305,0.12449301446645372,0.05511334043983958,0.08420681055895317,0.10742804802168544,0.09992664329034824,0.8844265422549235,0.9454122549365525,0.8360906328053859,0.06414053333706102,0.08889572294025581,0.09764730654962361
0.142238,0.020135097,5.500076907511617e-05,0.011660392,-0.633756761,0.0105,0.0131,0.0159,0.0179,0.02,0.0225,0.0242,0.0269,0.0303,0.0384,,0.35348875575355954,0.4570645407057224,0.9331819640726741,0.04566292330668847,0.11608365953280708,0.07474212147703635,0.09567390514111979,0.08563033715010938,0.0974850649811222,0.9618008872831209,0.9325279161173547,0.8538574871920004,0.09124542739594962,0.08165879345684926,0.09626047303541223
0.151378,0.024013619,7.29195361294899e-05,-0.054963936,-0.558141983,0.0125,0.0163,0.0189,0.0217,0.0243,0.0265,0.0288,0.0316,0.0355,0.0429,,0.4136069593236881,0.43776246539323393,0.7962043058780951,0.04636933711879564,0.14248803686659497,0.06734213858128546,0.09224281959053368,0.11885927022569454,0.12053677664418146,0.8859816190994304,0.8682710415738598,0.8930681718378626,0.07924458203731408,0.05221783990689856,0.07737512427584922
0.153478,0.022140691,5.809446044747057e-05,-0.174384002,-0.630500647,0.0115,0.0153,0.0176,0.0206,0.0223,0.0244,0.027,0.0293,0.0323,0.0375,,0.3551781196700276,0.4986195391413016,0.856211045835441,0.041381149870762295,0.14238597051303445,0.07040189511212461,0.0756787198350499,0.09841466421698576,0.10754694488229154,0.9136302462764252,0.8188827916628147,0.9373727915169274,0.06488564983687174,0.09686184476419188,0.08428209977526685
0.148646,0.021309227,6.26901346295033e-05,-0.016869588,-0.677368757,0.0111,0.0138,0.0165,0.0192,0.0213,0.0235,0.0263,0.0288,0.0319,0.0408,,0.3571026712709821,0.45564969214124124,0.6548185535105847,0.036440818965019425,0.13866265572183728,0.05356726099113909,0.08842498762495564,0.10168340841977243,0.12435290544519369,0.8435713878346018,0.8502608916406255,0.8733553716321415,0.07609941175083582,0.05422874592035215,0.09167884226860708
0.153235,0.022942037,7.467235365566497e-05,-0.056775369,-0.764313127,0.0113,0.0148,0.0175,0.0203,0.0234,0.0255,0.0282,0.0311,0.0346,0.0423,,0.35893114951387295,0.49871026676219166,0.6724860544885193,0.037133213071140946,0.11588432975973022,0.06464247031674011,0.07077833177057728,0.11724698909476357,0.11086527796846883,0.8327285850422024,0.9415717398137882,0.8946404222951555,0.06298458608285203,0.05352861363497999,0.05756781284224435
0.135364,0.020668671,9.132188219186448e-05,0.1608553566392996,-0.616328215,0.0081,0.0117,0.0147,0.0175,0.0205,0.0232,0.026,0.0291,0.0338,0.047,,0.3909183202490323,0.40748242266276247,0.5582683640614537,0.04728844040670782,0.12114172447115867,0.06479247954873296,0.09413657189622712,0.11313422772899327,0.10064356492834041,0.9508335849971083,0.8802743446809794,0.8455035447362174,0.06638324626699181,0.08779018296361686,0.07505549192643804
0.163639,0.02211733,9.916274877123268e-05,0.098883036,-0.603011371,0.0093,0.0132,0.0164,0.0193,0.0221,0.0248,0.0278,0.031,0.0354,0.0508,,0.3742872028426649,0.436149722610234,0.605165009572823,0.03748050837722813,0.11571946480151278,0.068966063135063,0.08765216288662353,0.09427922525280129,0.11650363923578448,0.9834836213776647,0.9760435008786219,0.911053749228506,0.09357132990838435,0.05576514986235682,0.07983377829526751
0.152696,0.020423237,8.784142677557323e-05,0.1812162882080961,-0.545953379,0.008,0.0115,0.0147,0.0174,0.0206,0.0228,0.0254,0.0285,0.0333,0.046,,0.36044595480003405,0.41166637704012304,0.9059266994786077,0.03964462079556056,0.14778265478536576,0.07906534840800492,0.08753544139010255,0.11168680757631018,0.10952507268098725,0.8685302154497643,0.9642118317680711,0.8762589889573456,0.0653087718219155,0.0638192016778923,0.07145713640253903
0.16159,0.024186411,8.168870709868418e-05,0.0330195,-0.550348926,0.012,0.0156,0.0186,0.0214,0.0241,0.027,0.0297,0.0326,0.036,0.0486,,0.40601275168203477,0.4681385379826841,0.7969814375276294,0.04693031763869203,0.13384386526885195,0.0564553393643715,0.09157656380333198,0.11185742034227694,0.10285736134746845,0.931053107499093,0.9037642794602389,0.9573404406995855,0.09374014365687514,0.07736063924718235,0.08353115529525573
0.163857,0.022646801,7.24224515215083e-05,0.033062506,-0.557069951,0.0111,0.0143,0.0172,0.02,0.0227,0.0255,0.0279,0.0303,0.0336,0.0476,,0.40968346594337124,0.447907712609042,0.7222519480194076,0.04519659775241981,0.12998731932517177,0.06853709816593653,0.0915280469209565,0.1145029113953885,0.108149061389792,0.8858973424090548,0.9144234804122792,0.8732627265838395,0.07484518072601865,0.054925640603295446,0.09447270020466227
0.162718,0.024617555,9.597730115363002e-05,0.1945503790954856,-0.319038278,0.0118,0.0158,0.0189,0.0217,0.0245,0.0273,0.0301,0.0333,0.0372,0.053,,0.3728190213228714,0.4934402233655947,0.6727522276231259,0.04710400059516429,0.12182667345482694,0.08618711508786517,0.09097056779214745,0.08410243531002377,0.09825744225484696,0.9533008140221184,0.969333445067992,0.9556690833953715,0.09018282033129427,0.09674711467385898,0.08748732603826954
0.161858,0.020532514,8.008238567538685e-05,0.001591366,-0.717708703,0.0078,0.0125,0.0151,0.0179,0.0209,0.0229,0.0258,0.029,0.0323,0.0412,,0.3755535029413735,0.48490655556664436,0.6387915633634434,0.049244909687324985,0.14258533893432956,0.06524884902471143,0.0765231668351723,0.10811736433157904,0.10013326679305018,0.8044986652990535,0.9454973357197599,0.953537590634664,0.08405395384629781,0.06918466387196574,0.09879148416206654
0.151022,0.02236942,9.43844756143948e-05,-0.027913694,-0.695495915,0.0089,0.0128,0.0174,0.0199,0.0223,0.0251,0.0285,0.0315,0.0349,0.0448,,0.3624545035814231,0.47295716765593787,0.7809629862802183,0.03782312663283385,0.14475517643331515,0.07913412675885158,0.07971406776935075,0.09604743261373255,0.11091766128895168,0.8406900084291394,0.8960888547679056,0.8184886386344116,0.07154831039693847,0.0861250099155947,0.07677127864189007
0.177027,0.023393304,7.255420211620357e-05,-0.090656155,-0.727922455,0.0124,0.0153,0.0181,0.0213,0.0236,0.0259,0.0287,0.0316,0.0344,0.042,,0.40983662675079807,0.44553079711622245,0.7924448721711357,0.04853926766894419,0.12901193841409994,0.0726207890031423,0.08466583721774266,0.11134843240726171,0.11981399226579363,0.9380445996354033,0.9731698984769855,0.8923220862061076,0.05171340592851701,0.0982074795922411,0.08751838532105245
0.16135,0.02240214,7.698352065450045e-05,-0.001221149,-0.799530411,0.011,0.0139,0.0169,0.02,0.0223,0.0251,0.028,0.0304,0.0345,0.0407,,0.41098176110067125,0.40867829026382835,0.8502447194974677,0.04835019158261571,0.13659350712476054,0.05903424055746673,0.09430850119780611,0.11479638187579815,0.13252716289467262,0.8335639044394428,0.9961805438781254,0.8318118621137935,0.0701449518669672,0.06418631363840781,0.07046604442427389
0.15807,0.022623014,9.357588208013258e-05,0.1973711893466697,-0.660478898,0.0101,0.0133,0.0164,0.019,0.022,0.025,0.0286,0.032,0.0359,0.0482,,0.35830880154133216,0.4491215117078873,0.9343378628495224,0.04951299589810911,0.1480153142316933,0.08099155756033724,0.08103406147672057,0.11286026438526277,0.10125940582159589,0.8543521304193689,0.9511902394768016,0.8532314158561933,0.08261602565880796,0.08810742618997358,0.0750565218315018
0.142722,0.021237594,8.722299439441e-05,0.084228619,-0.624298215,0.0085,0.0121,0.0155,0.0186,0.0216,0.024,0.0267,0.0297,0.0333,0.046,,0.4175567166962804,0.4369233867610474,0.8282738396924882,0.047329501771103163,0.12945605758007897,0.07691649780659338,0.07390647594637759,0.10468562803497584,0.10353042033468923,0.9559003367275705,0.9137377741125974,0.8958834173178227,0.059599352057565384,0.09012990730912568,0.09222180540267753
0.145779,0.022178835,0.000102392,0.1381906325633952,-0.570843362,0.0091,0.0129,0.0163,0.0191,0.0219,0.0245,0.0277,0.0311,0.0357,0.0499,,0.39215505184297195,0.42218587842600874,0.5381505026767014,0.04420216790024188,0.13915594241946777,0.08154996179732242,0.07729457468175659,0.1177844560874186,0.12118398816676029,0.8860976946336188,0.862061672750935,0.8969589107034787,0.05854077789995133,0.06551292273783317,0.07783961470632429
0.136751,0.02048653,8.136827160988402e-05,-0.007941069,-0.708985125,0.0078,0.0119,0.0153,0.0178,0.0205,0.0234,0.026,0.0287,0.0324,0.0427,,0.3548882301589831,0.4740766108760684,0.829002031381082,0.043270042924243905,0.12760003868032446,0.0770203130363676,0.10383412495450581,0.10899832040731633,0.12119988967701756,0.84456165326721,0.9959856218977455,0.8143111101103767,0.051964054151773506,0.08645594988443396,0.08769924839592734
0.141202,0.020970526,9.62255871306973e-05,0.2785072376565757,-0.306568855,0.0086,0.0122,0.0152,0.018,0.0206,0.023,0.0259,0.0293,0.034,0.0499,,0.3766545369448474,0.48800142442076494,0.5068676835143745,0.03723104938777418,0.1290556963694562,0.06227763590052346,0.10104794703410297,0.1133739093845118,0.13144441603465223,0.9740690581966025,0.8874116150478631,0.8630757798052385,0.08655491950145751,0.07218698311757656,0.05805520063245886
0.123091,0.021698959,9.791055330224192e-05,0.070145048,-0.724593431,0.0082,0.0121,0.016,0.0188,0.0216,0.0245,0.0276,0.0308,0.035,0.0443,,0.375796411387791,0.41642330321798376,0.532915120933454,0.041524714739643004,0.12562953586032197,0.06302276744920238,0.06681464993608004,0.10019605795388269,0.10072897154778675,0.8732328533808331,0.9886367377781625,0.943646218101897,0.08263747347447492,0.07397983954647142,0.09760632407473843
0.141804,0.020762976,8.349066296957816e-05,-0.022640474,-0.757763983,0.0079,0.0119,0.0154,0.018,0.0208,0.0237,0.0264,0.0291,0.033,0.0426,,0.4012791461080106,0.4463927519232721,0.7641074509331737,0.04863266539884118,0.1260417352255734,0.05156856234849417,0.08935010848351074,0.10030630132037659,0.09638998863577712,0.8643369034528078,0.9785822643549115,0.9611391667405652,0.07620614718109366,0.05874633096136891,0.07047442499990908
0.138304,0.023603049,0.000103434,0.1020326772552075,-0.593372419,0.0104,0.0143,0.0178,0.0207,0.0235,0.0265,0.0294,0.0327,0.0371,0.0509,,0.368108806346426,0.44554707687449485,0.5239860580539847,0.03800241970449707,0.12108420898560372,0.08385455295026426,0.08816760891985187,0.08485158504512065,0.10332290408291461,0.8184672049831362,0.9962436752635703,0.9240839750209382,0.06903513511532398,0.05753527765387461,0.0688139804124741
0.141601,0.020254891,7.136521461590468e-05,0.009838185,-0.676626408,0.0084,0.0122,0.0153,0.0178,0.0202,0.023,0.0255,0.0279,0.0313,0.0429,,0.36302930385915394,0.4405057684879031,0.8611849009677892,0.04381821454691688,0.12986998143038408,0.054514398716895736,0.10088806608945275,0.08623619639764155,0.10841732900333928,0.9037643421261414,0.8260463199525734,0.9935561361544303,0.05198459683707238,0.08400450550966183,0.09044289367159641
0.193187,0.022105741,9.855301321112426e-05,0.1559960294284192,-0.427435944,0.0093,0.0131,0.0165,0.0192,0.0219,0.0246,0.0276,0.0306,0.0345,0.0502,,0.4106585209895725,0.44408855136919545,0.8505714840819127,0.038353818160138005,0.11380078681105889,0.056706319396046284,0.07941730852296021,0.1099396161088393,0.12827890928696814,0.9406171051313098,0.9545729400808359,0.8818222934743924,0.06786758046834189,0.068224085881584,0.059777027565718434
0.196444,0.025052699,7.00942388106478e-05,-0.205057378,-0.558396116,0.0134,0.0177,0.0203,0.023,0.0257,0.028,0.0303,0.0327,0.0361,0.0443,,0.38932305168381526,0.47138271754601946,0.5070143490522656,0.04465473382613084,0.14186794334241543,0.08192574583092932,0.08508471151717707,0.11777373012481859,0.1104999159826659,0.8452077968717551,0.8833504060831188,0.9830002606007392,0.08066245742743867,0.05376070748997052,0.06434999601874095
0.18734,0.025936994,8.630287096848217e-05,-0.053714915,-0.591205977,0.0135,0.0174,0.0205,0.0231,0.0258,0.0285,0.0313,0.0346,0.0384,0.0498,,0.4025856188725245,0.403420783507145,0.781017868895238,0.04505621302393223,0.11778359989103905,0.061536898449521635,0.08350446647498805,0.11897820201347288,0.12022986406514174,0.853422439148819,0.9170803939427995,0.8563654546903829,0.07013688912657919,0.07740050926144774,0.08878172126225849
0.189401,0.026777478,8.601789747298283e-05,-0.110691147,-0.603655459,0.0138,0.018,0.0215,0.0243,0.0273,0.0299,0.0322,0.0352,0.0392,0.0478,,0.3912084397441983,0.4549618162638436,0.6429657793282391,0.03565082243991217,0.12280635190933654,0.08179488529237375,0.08299515115284416,0.11586223366697618,0.1041768482353999,0.8779792086360428,0.8981925532095822,0.8477159892051457,0.06340601459480681,0.09729717196888411,0.068214442808517
0.185597,0.024903868,7.719553009773312e-05,-0.123310209,-0.66574065,0.0125,0.0172,0.0198,0.0226,0.0254,0.0279,0.0303,0.0328,0.0365,0.0443,,0.4063756877279102,0.48960775793658606,0.6521043016480869,0.03811367614128041,0.12285810708896208,0.06674024927767323,0.10208124194686957,0.09617100183495292,0.10576886249019699,0.8690051980706415,0.8180223719202034,0.8801719539902093,0.07106260555684886,0.09600201772381356,0.08210757852200012
0.189578,0.024144853,6.155931228459189e-05,-0.282488937,-0.210143288,0.0134,0.017,0.0205,0.0226,0.0246,0.0267,0.0287,0.0308,0.034,0.0459,,0.4062994441413948,0.4768654204555049,0.5953104231322333,0.0439047077151689,0.1155463950419782,0.07221187460872767,0.07750125723221736,0.0915583771958856,0.10567048150225804,0.9263494758213259,0.9505981207402798,0.96134843547515,0.06310649715731131,0.0831892742089359,0.07100726070136391
0.189251,0.022390251,9.139256902618192e-05,-0.085303805,-0.738064779,0.009,0.0129,0.0175,0.0201,0.0226,0.0253,0.0282,0.0313,0.0344,0.045,,0.3512760634878463,0.4842299299399593,0.5314809777509331,0.0458690071729201,0.11279609549570829,0.08398488586600991,0.07598111231075703,0.1028163531939974,0.12947670737066763,0.8937540594928477,0.8616527025241844,0.8539389804177834,0.06480237840357163,0.06667042612393703,0.0960164402246768
0.18942,0.024435259,6.648529465048768e-05,-0.233830722,-0.555146411,0.0127,0.0176,0.02,0.0224,0.0247,0.0271,0.0298,0.0322,0.0348,0.0449,,0.3745237601902639,0.44555429002297064,0.8587522196759102,0.04021052792294272,0.14754106261519423,0.08009557460648495,0.07325831181425005,0.11562482935819605,0.10987688313411266,0.8089842283919041,0.903080608179242,0.9040647630481533,0.09140503265220819,0.08009434641343341,0.09841835539893823
0.19632,0.025042275,7.795944994618424e-05,-0.016281575,-0.447208425,0.0129,0.0167,0.0198,0.0225,0.0254,0.028,0.0303,0.0328,0.036,0.0476,,0.40008761098166096,0.48613150740468264,0.6586504031632595,0.044666624052618224,0.11416441172361498,0.08395438428830027,0.08752834276537652,0.08157656698867122,0.11987158963539044,0.8569530767157597,0.9677795741128328,0.9867009826216796,0.08272042253951789,0.06332314414198087,0.0977809710555591
0.185478,0.024517501,7.867966855115153e-05,-0.060752182,-0.694666875,0.0122,0.0167,0.0192,0.0219,0.0247,0.0275,0.03,0.0328,0.0362,0.0443,,0.3980492901594585,0.47598763425478274,0.8894237447895385,0.04680577229012938,0.11562902536714215,0.08216717093505521,0.08620803155814329,0.10887301054179511,0.09777256875840266,0.8644354115945326,0.806561339187927,0.8888848133077056,0.05969111791104985,0.07165682164712685,0.0876950157644681
0.161237,0.020277807,7.745055493206478e-05,-0.014119803,-0.621398743,0.0082,0.0118,0.0151,0.0178,0.021,0.0232,0.0257,0.0281,0.0313,0.0462,,0.36232384582675226,0.4622462477604489,0.6533833367639774,0.04757770208517335,0.1314747902491299,0.07487935861461276,0.06704498467472024,0.1053425216552336,0.1275426120575406,0.9043768468482705,0.8367439861976232,0.8699792030588586,0.07790152536676022,0.05679623593096749,0.08546875467638738
0.157562,0.020939966,7.206097217505892e-05,0.2919967584107441,-0.167274317,0.01,0.0129,0.0155,0.0181,0.0206,0.0231,0.0255,0.0285,0.0317,0.0478,,0.403915668105758,0.4312825333017817,0.5681349738560035,0.03974626900894057,0.1420214688791498,0.0742097017801289,0.08280832287012185,0.08644289652122371,0.11384140404475035,0.9009101046420129,0.8087005632546476,0.8912230225104484,0.061058547419148346,0.053717350127286755,0.09062484830925915
0.156716,0.022268934,9.495865154201237e-05,-0.040699928,-0.772060225,0.0089,0.0126,0.0165,0.0201,0.0227,0.0252,0.0281,0.0314,0.0352,0.0464,,0.3669255647398474,0.4882834746999873,0.7056553695315831,0.0480558360120235,0.11500705614972564,0.07926381855596547,0.07118796530253153,0.10434908884143372,0.11808124804857002,0.9579546458846651,0.9346655031083202,0.8808681057830653,0.06695870904495252,0.0686963815801669,0.07190519320074548
0.154626,0.02131548,6.258120135787775e-05,-0.064111498,-0.722200446,0.0111,0.0138,0.0163,0.0194,0.0217,0.0236,0.0262,0.0289,0.0317,0.0414,,0.4173309994567076,0.43836199423653177,0.8097233547290769,0.048380970524971686,0.1346826286427405,0.06566449673465621,0.07539219190344874,0.09036087214200357,0.10559463311154955,0.8104169551621768,0.9248329973794116,0.9899854586378898,0.09115972527390459,0.08155841371169904,0.08276183382467489
0.15214,0.023702143,0.000125965,0.1597782323340004,-0.699996424,0.0097,0.0137,0.0174,0.0205,0.0238,0.027,0.0304,0.0341,0.0393,0.0521,,0.4105813988515406,0.4364400448360933,0.9318004887839674,0.04954993095874283,0.11429138158234961,0.05430018166077862,0.07349193009169673,0.11738532350840887,0.10542430946040236,0.8564824756085765,0.9494951966376705,0.8925349165050751,0.09422430762691461,0.07352860234311237,0.09522804108007538
0.150692,0.019774725,5.3843864917632055e-05,-0.055788631,-0.73983089,0.0098,0.0129,0.0152,0.0174,0.0199,0.0219,0.0243,0.0267,0.0297,0.0363,,0.3875751093459992,0.4332336076089522,0.5300073629820381,0.042305749451272724,0.14769687402627749,0.07603414908188873,0.06790173785372053,0.11083807621284172,0.09828601912764465,0.9228204256858634,0.8666489792149912,0.9732278390651362,0.06262301340111334,0.06231930951727985,0.07695552918195761
0.156658,0.022028624,7.34860976629257e-05,0.074538367,-0.611562218,0.0101,0.0142,0.017,0.0193,0.0218,0.0246,0.0271,0.0296,0.0334,0.0432,,0.3824201916635235,0.46355466578627197,0.8227554486277967,0.03953599213697782,0.11604915510682086,0.07910946047795846,0.10011538820264326,0.11176246684333965,0.10304450894111628,0.9429943632742158,0.8157549711499233,0.9034831671446021,0.09034647803571351,0.057254464314740586,0.09926082416748853
0.152132,0.022162464,6.196615887529882e-05,-0.082990824,-0.533586994,0.0111,0.0152,0.0177,0.0199,0.0223,0.0248,0.0271,0.0292,0.0323,0.0433,,0.35537549947532515,0.48128133310585913,0.7256201542901902,0.035857620290326575,0.1349947396436561,0.056306656669793,0.07045564270632487,0.10745120865999734,0.11360755793867373,0.8854140787817901,0.8248425839844854,0.8305709022106266,0.08154981731053304,0.0692979277223557,0.08351831962575987
0.15706,0.02004346,7.808417910641342e-05,-0.005588652,-0.717326683,0.0074,0.0122,0.0147,0.0174,0.0206,0.0226,0.0253,0.028,0.0315,0.0412,,0.3665769525691633,0.4489875798059883,0.6331770263705142,0.03729498469462225,0.13920466074104498,0.0639873865637687,0.1007579687371683,0.08565996112934961,0.10018728183360993,0.9345909439007487,0.8957214907525227,0.8466875615558835,0.06990402233635505,0.06411909261571984,0.09876282344332507
0.154462,0.021275598,8.359322318257513e-05,-0.074514985,-0.728404335,0.0084,0.0128,0.0162,0.0187,0.0214,0.0244,0.0269,0.0296,0.0333,0.0434,,0.37590289346777084,0.4829578141206768,0.724043566813409,0.048641031587350024,0.14618899524473505,0.05174777624064232,0.10183664431986776,0.08762627273606223,0.1076945690551414,0.9112558880651204,0.8328538899026331,0.9456595506949258,0.08735640276797033,0.05916025963842602,0.06522605038321826
0.111776,0.018646964,6.878912223939751e-05,-0.033503043,-0.822639132,0.0067,0.0106,0.0134,0.0161,0.0189,0.0212,0.0236,0.0264,0.0301,0.0368,,0.36253757071165216,0.4943531656135937,0.5587594072150774,0.04547950069338486,0.13896247577471385,0.07793404639741715,0.10110148939761437,0.09229594052895629,0.11645510341880594,0.9026773322440518,0.9037777710494372,0.8585828404357471,0.07428842909083397,0.08887950481664444,0.08471667128243855
0.10131,0.018222764,7.425510109813682e-05,0.1242439746736314,-0.803904477,0.0063,0.0102,0.0124,0.0156,0.0178,0.0208,0.0231,0.0263,0.0302,0.0376,,0.3706950992142392,0.44866508442187847,0.8952179190318958,0.04739899412958429,0.12095152018368022,0.057674725960504325,0.07120101644683442,0.11197336243955132,0.10915109745935764,0.8954356931413195,0.8854513440403772,0.8706839493183968,0.06520358370998616,0.05831086540041945,0.06955767714296163
0.10427,0.016590971,5.832876274601337e-05,0.07362045,-0.732498229,0.0057,0.0094,0.0117,0.0143,0.0166,0.0188,0.0209,0.0237,0.0269,0.0362,,0.4097110463206068,0.48656803402147497,0.6921108119166836,0.03649083842203624,0.12769925447453484,0.0627371674771381,0.10060570409196724,0.09206927814240402,0.1289697910357333,0.8514240035802145,0.888571540017487,0.8979662605678282,0.08530876541817436,0.07910458604107021,0.0701365777500665
0.110211,0.019601489,8.066855258979493e-05,0.1403103816687056,-0.465924403,0.0077,0.0111,0.0139,0.0169,0.0194,0.0221,0.0249,0.0278,0.0313,0.047,,0.40860842795018265,0.46294576148016703,0.5844906393402275,0.04056990353806076,0.1271581521093252,0.07626742833299477,0.08756688706438849,0.10938619885477197,0.09957465150241364,0.8965252987863093,0.8755481787767782,0.8375171893361185,0.08775605099340132,0.09483148931815048,0.08361581113904794
0.129043,0.01862264,4.851130592572811e-05,-0.025304164,-0.692107941,0.0093,0.0124,0.0141,0.0169,0.0185,0.0209,0.0229,0.0252,0.0278,0.0348,,0.3543483572515018,0.458075506226153,0.7455926042686475,0.04483564948628838,0.142457826902147,0.06236108663777684,0.08675506912071985,0.10819998661337883,0.12623320608861616,0.9370947239488059,0.9745766066091573,0.8904494048074539,0.0830134517469981,0.05500664878708431,0.07858077130442566
0.111051,0.018754802,4.83342456106028e-05,0.014350257,-0.641791091,0.0095,0.0126,0.0144,0.017,0.0185,0.0205,0.0227,0.0251,0.0281,0.035,,0.3588617032602981,0.43963985272612977,0.5078627925798931,0.04799345558379044,0.12050537166236161,0.07761025183706542,0.07404720381360001,0.0893597627901659,0.09651894283178727,0.9225756604517547,0.9677665426217832,0.8975014447296541,0.0683081043215041,0.05723468208196115,0.06343905428784606
0.10192,0.018404057,6.45157501467341e-05,0.064285006,-0.839398177,0.0071,0.0106,0.0135,0.0156,0.0181,0.0206,0.0231,0.026,0.0297,0.0366,,0.36006420257078614,0.4302971528695834,0.7514226410624504,0.04491690723046421,0.14758084846078373,0.0842445597949182,0.10335576058035673,0.09815777403914716,0.11879922536690167,0.8826803298826652,0.9207763962399717,0.8114679924050862,0.05338381867957276,0.06071486144429966,0.08791746411280438
0.10008,0.0171577,4.678531925526655e-05,0.1821130433018278,-0.561594841,0.0085,0.0106,0.0132,0.0149,0.0174,0.0188,0.0207,0.0234,0.0265,0.0355,,0.3883682043342299,0.48345091591137324,0.9114498930225637,0.049347574554655355,0.11399613749625441,0.08690346711478028,0.07620590046572821,0.11322670523277532,0.132534168809449,0.9545762650766437,0.9144983471085187,0.8428337794355107,0.05109759700570011,0.08515954994051253,0.07775371172361008
0.120189,0.017726985,4.28808279631087e-05,-0.044938348,-0.66720846,0.0089,0.0115,0.0136,0.0156,0.0179,0.0196,0.0218,0.0238,0.0263,0.0326,,0.369474642321581,0.49205612625878614,0.6290519348936132,0.043133297667872994,0.14806954335668784,0.05901732966413354,0.08445682066165935,0.08973888038570131,0.119285917745778,0.8519070485117344,0.8063193210582389,0.8956194310893358,0.08186479049563777,0.06791238244410028,0.06899820784134288
0.13741,0.016474008,5.367351216036585e-05,-0.046398689,-0.85569372,0.0067,0.0098,0.0119,0.0145,0.0164,0.0187,0.021,0.0234,0.0262,0.0326,,0.3859033280645111,0.44346533650170705,0.6637497145751472,0.042173281692403926,0.1282632394659511,0.05251454018127307,0.10124606043062168,0.08643670812363989,0.11979421979435831,0.8253179227326796,0.9128944938279038,0.9316279350363916,0.06636053657905666,0.0728267302564258,0.07585987067454927
0.132176,0.022709615,0.000113105,0.2164225522842583,-0.283576639,0.008,0.0123,0.0161,0.0194,0.0226,0.0259,0.0289,0.0322,0.0367,0.0577,,0.3716880520803502,0.4981225540815694,0.5752216481671255,0.04860582588977592,0.13497918287649896,0.06854866551805967,0.0896335612486127,0.1165435822683919,0.09703587071838755,0.8466847390424491,0.87780806961515,0.9924984262832783,0.09315405053609448,0.06383991764162332,0.09390087920261904
0.135474,0.023202077,0.000115979,0.1489814466938986,-0.678572205,0.0091,0.013,0.0165,0.0196,0.0229,0.0257,0.0293,0.0333,0.0381,0.048,,0.40316979839544226,0.4126201348848833,0.8709627883507945,0.04625481728665836,0.1204608535611724,0.06616675160471974,0.09027755102072448,0.08597769149014158,0.1322903373141179,0.917810403070283,0.8779023830803242,0.8766581598927916,0.08780988939825247,0.09635597188682878,0.07393780394388681
0.135866,0.021153159,8.840476254779717e-05,0.044290773,-0.702630236,0.0085,0.0121,0.0157,0.0182,0.0213,0.024,0.0267,0.0298,0.0338,0.0467,,0.373545786263156,0.4922682785039485,0.6326541466033956,0.039485000627508225,0.12359897887177439,0.07253271150101914,0.09227228022718971,0.08996822202217539,0.09823310733756718,0.9951074129993541,0.955281196500406,0.8534159603196606,0.09179936097505247,0.06877602290527488,0.08090156859865578
0.132388,0.022369684,9.90117257850351e-05,-0.049963214,-0.849720032,0.0084,0.0124,0.0167,0.0194,0.0224,0.0256,0.0286,0.0317,0.0358,0.0437,,0.37189181291922385,0.4475479424263703,0.7229342133005329,0.04564423975698969,0.1424636095513966,0.060483560003303065,0.0814914010388389,0.08191034446569688,0.12442231671209505,0.9790252859410321,0.8968935430049614,0.8943073041705817,0.07976821777156666,0.06697827792101661,0.09760241589383681
0.136516,0.024228836,0.000127653,0.1385257269328525,-0.739448036,0.0097,0.0136,0.0172,0.0206,0.0235,0.0269,0.0304,0.0345,0.0401,0.0495,,0.36147704104132455,0.4418537272646496,0.9177139401369058,0.0447268307807858,0.1283557864944781,0.05847929202086978,0.06935060559999234,0.1102430703410486,0.12310879500032648,0.9195928903699219,0.9563200202132948,0.9611577976503811,0.08596089226345066,0.07778161686265188,0.06269335755744666
0.136646,0.025764095,9.313954448897244e-05,0.1095613930482203,-0.466706279,0.0137,0.0177,0.0205,0.0232,0.0257,0.0285,0.0314,0.0345,0.0387,0.052,,0.3671993314373914,0.4060644334417596,0.8572969560445298,0.049538857225228945,0.11318793165442635,0.07689714115814297,0.08565308022090001,0.11493546408526545,0.0991737962536904,0.8766066281527063,0.8449727750721566,0.9861582294737918,0.06574230928848705,0.056607501203464174,0.07711832183168178
0.135379,0.025195612,7.788005567293293e-05,-0.078057394,-0.589852737,0.0131,0.0178,0.0203,0.0225,0.0249,0.0276,0.0305,0.0335,0.037,0.045,,0.3959013002943729,0.47272063128340713,0.5356668610565258,0.04822155615006332,0.12176884045377567,0.08628459356083987,0.0878062926339321,0.08630178903479865,0.12017704939285204,0.9199702705733253,0.9616075073685785,0.9634325938724562,0.06812443922243842,0.05368457877050057,0.06722361563357072
0.135249,0.022592567,9.8200947476935e-05,-0.068795184,-0.82564546,0.0086,0.0127,0.0169,0.0197,0.0227,0.0258,0.0289,0.0318,0.036,0.0437,,0.38506226860422005,0.4952436713535003,0.8686175212021329,0.0376172628925111,0.14344327941567908,0.06768537223607746,0.07026124467532564,0.08549866661957234,0.11341140135802925,0.9363254109759485,0.9559886261100519,0.9906291681181261,0.05653921272882647,0.05599445327282958,0.08746440068291718
0.128348,0.024615781,8.674691211099985e-05,0.009086704,-0.66984077,0.0119,0.0161,0.0187,0.0218,0.025,0.0276,0.0302,0.0331,0.0369,0.0474,,0.4187385066539975,0.4635020257377712,0.731014935283606,0.04138030643340928,0.13567759339842636,0.08508602354019514,0.07639867279430607,0.10512844011964928,0.10491612202535,0.8979392506390196,0.8445377247996702,0.8244594109817743,0.059480559633967874,0.06108047175845129,0.08550313849454044
0.137849,0.020946261,9.27820305374281e-05,0.091130225,-0.734943967,0.0079,0.0114,0.0154,0.0184,0.0208,0.0233,0.0265,0.0302,0.0341,0.0447,,0.39268524650128067,0.43424288689598023,0.6031805469472017,0.044342222464149754,0.14613660725832311,0.06674692612917578,0.07198713928282831,0.0814838286117097,0.09699510518076246,0.9664004381288938,0.8520587506547631,0.956090780334942,0.09402997096863615,0.05614510837779828,0.07730457780994912
0.1244,0.01739897,6.0338368341138946e-05,-0.011307638,-0.767426869,0.0062,0.0101,0.0124,0.0153,0.0175,0.0202,0.0219,0.0246,0.0276,0.0372,,0.3952808367182934,0.43227902640830174,0.6714066332057615,0.03676750955126988,0.11487405162436123,0.06891684248694332,0.07357490830798309,0.10368621366708948,0.1272351930986285,0.8318845116227833,0.848347736303955,0.909997663464639,0.06704287248343485,0.05724617360319936,0.06606678194999867
0.125059,0.01865529,6.972897256114075e-05,-0.03200637,-0.846322601,0.0068,0.0107,0.0133,0.0164,0.0183,0.0214,0.0236,0.0268,0.0297,0.0379,,0.3521169914610318,0.4443342915694145,0.7934685169836017,0.04804945635786346,0.13326262924556748,0.054198886004572816,0.07506562797557038,0.08097328831199985,0.11561403400231737,0.9394785101930491,0.8273899270400142,0.9795212933887498,0.05666491075687706,0.06500174673488408,0.06282399892736476
0.123066,0.016376221,5.365808059510805e-05,0.031440956,-0.742777925,0.0059,0.0096,0.0116,0.0142,0.0162,0.0184,0.0209,0.0232,0.0262,0.0367,,0.41010251243841256,0.43760945613262225,0.8333215841411109,0.04013096797967717,0.13609083790700424,0.0728496245761879,0.10336264301707543,0.11009632946650845,0.09663802211965437,0.9620980238829723,0.830965814934424,0.8942514893488912,0.05719127358773412,0.09845043963522532,0.0952012879509553
0.112116,0.018463933,6.383374529894526e-05,-0.035096384,-0.808618261,0.0069,0.0106,0.0137,0.016,0.0187,0.0209,0.0233,0.0259,0.0292,0.0366,,0.4040148537048866,0.489697629743581,0.6307775572619307,0.047511095473363754,0.12086327343711113,0.07306471943846748,0.07778749364223252,0.11000267019518777,0.11101515025398072,0.8093402673094937,0.9420023298988222,0.992177045600055,0.05617259614881649,0.05507024506431474,0.09525665343463052
0.117642,0.017147031,5.439815217219123e-05,0.060709512,-0.716189512,0.0067,0.0106,0.0125,0.0146,0.0175,0.0192,0.0214,0.0242,0.0272,0.0394,,0.40448358798504835,0.4129384401985688,0.6874631083307557,0.03976728427522363,0.13496227633588637,0.08384519962110766,0.06728819930359925,0.1073837246641123,0.09995629902450016,0.9483708588110323,0.8759947269184923,0.9906379738778512,0.073442193133663,0.07392262563079487,0.060183528216017225
0.125028,0.01831233,6.146405133612233e-05,-0.094563776,-0.841550646,0.0078,0.0106,0.0135,0.0164,0.0185,0.0208,0.0233,0.0256,0.0284,0.0349,,0.3841980972221943,0.4679489052989423,0.8487529195988354,0.048040744698458364,0.11825490941794277,0.06837898639067604,0.10390034016351068,0.10424382231834074,0.10956218137696672,0.9041296907850126,0.8942043002323217,0.958839235360556,0.07320484987287837,0.06941151128056068,0.06839810443479946
0.114451,0.0177058,6.18216241618093e-05,0.002213731,-0.839168725,0.0075,0.01,0.0128,0.0155,0.0177,0.0204,0.0224,0.025,0.0283,0.0344,,0.36897849155462986,0.40289212339836405,0.5476827382915659,0.04814363055895771,0.14259801569195457,0.08289423891163596,0.08034086988815449,0.1042364858877476,0.10471025659273919,0.866833238229454,0.8551560039805812,0.8803261138037473,0.08640130022590542,0.06718326852237196,0.09610317523756638
0.122298,0.01799126,7.004739615081453e-05,0.103049577,-0.703912888,0.0065,0.0097,0.0132,0.0154,0.0176,0.0204,0.023,0.0255,0.0296,0.0419,,0.3826235905057481,0.49553517406041175,0.6834156557804064,0.03786277053384443,0.12307352880082459,0.07802046506236636,0.07462762454220956,0.0944931752405742,0.11907380196692548,0.9079877661566698,0.9559029233855404,0.8909570940365288,0.0714811657141626,0.05195898228182689,0.07324032380295871
0.123676,0.01838949,6.215837410756399e-05,0.012561962,-0.852300953,0.0071,0.0106,0.0134,0.016,0.0184,0.0206,0.0232,0.0257,0.0292,0.0359,,0.40039000050755474,0.4792956458514626,0.6580667430257194,0.0414284676707715,0.11949903867606271,0.05726552093791815,0.0876987145157251,0.09743341372328344,0.12931661984438056,0.8847962293593531,0.8323961397947772,0.8358248955252943,0.054492437275855066,0.09834472433151759,0.09603071429608333
0.120369,0.01596955,4.460271111957582e-05,0.012488258,-0.761682995,0.007,0.0101,0.0117,0.014,0.0162,0.018,0.0203,0.022,0.025,0.0318,,0.4031461185060789,0.4491695353997445,0.6817909753837456,0.04445923153497583,0.13672151301208713,0.055809382292570646,0.09721458964612345,0.09131710446319982,0.10916290232208843,0.8551900625629093,0.9146083176261194,0.8162672978610435,0.05958510305368026,0.061907810284330636,0.06384345911939585
0.13521,0.017584855,6.178650955758008e-05,0.01068485,-0.806072152,0.0075,0.0099,0.0131,0.0153,0.0179,0.0198,0.0226,0.0249,0.0281,0.0354,,0.37794630904298376,0.4037358002315757,0.8486459457477031,0.043018410842949474,0.131864830581298,0.05951088180610281,0.0935837593032342,0.08634778124755088,0.1270122273603735,0.8357609192719675,0.8103855835091164,0.9475751949085308,0.07861432972358597,0.08444416967270761,0.07075208476358205
0.122291,0.01837257,6.169366342599202e-05,-0.044966805,-0.871872124,0.008,0.0105,0.0136,0.0164,0.0186,0.021,0.0234,0.0257,0.0289,0.0355,,0.36152440152274806,0.446985389160925,0.6693445155820569,0.04738446547733706,0.12911162231125092,0.05114103748026089,0.07551558211355909,0.11237143539669764,0.11889396954054308,0.9084806900512731,0.9245069395393183,0.9634597495958933,0.05678891512197527,0.063177835058995,0.0810798109684802
0.120467,0.01739394,6.672004595191049e-05,0.1669945067551766,-0.652077803,0.0061,0.0102,0.0122,0.0149,0.0175,0.0193,0.0218,0.0248,0.0285,0.0391,,0.3684677069846232,0.4823154846391561,0.8330575013956664,0.04803785505702886,0.12401133286811171,0.05445360764308329,0.07404815968424895,0.09710220107694846,0.12448699565627015,0.8742952642252196,0.8530021402517491,0.9006864100994355,0.05917873995159942,0.09117642991289085,0.08984737678430023
0.124682,0.019599425,7.055444107822658e-05,-0.030009791,-0.820504709,0.0078,0.0115,0.0147,0.0173,0.0195,0.0226,0.0247,0.0273,0.0309,0.0385,,0.352727636032235,0.40826100284166833,0.780399137847764,0.03897357562716935,0.1434623382907245,0.08693120657052493,0.10418095244142876,0.10661573490329351,0.11998766208165658,0.9206052794474474,0.9424597309359418,0.8869493175618371,0.0854944064286625,0.09073394222103592,0.0683640637431168
0.125976,0.019284314,6.870893406279768e-05,-0.010828555,-0.836195801,0.0075,0.0115,0.0137,0.0174,0.0194,0.0219,0.0246,0.0272,0.0301,0.0395,,0.40829570503705365,0.4452650398024661,0.9306732486645075,0.04826068951144217,0.11545816965388478,0.0652644811101831,0.08485101061758009,0.10350509042980975,0.11071293113914699,0.8770741924756681,0.932773401847025,0.9175786492609851,0.07345964728815753,0.06600860850064277,0.0810260763255434
0.130269,0.020635701,8.34716506983388e-05,0.1557323347178054,-0.575389676,0.0084,0.0116,0.0155,0.0183,0.0204,0.0228,0.0256,0.0291,0.0329,0.0448,,0.3679856243569613,0.4611105531798085,0.7625204033238338,0.037679454798838434,0.14490257631000292,0.07882256586067841,0.0722287059732021,0.11210506206362682,0.12090687665226442,0.9711577602138802,0.85566918924503,0.8518308605835945,0.05335192317899891,0.09302328904948301,0.0645064256701358
0.129533,0.018245019,6.19571523849199e-05,-0.124242643,-0.861026363,0.0066,0.0105,0.0135,0.0162,0.0186,0.0207,0.0233,0.0256,0.0286,0.0359,,0.3635321711211919,0.475445009028302,0.7476470765904526,0.03904782097452238,0.12896847239622006,0.06850416840226879,0.07143918083595589,0.09433902998095126,0.12438933825051733,0.8814172128881379,0.8148450083938845,0.9309593246701409,0.069426490135093,0.06358386423675173,0.07246194685354475
0.119879,0.018974238,7.098307320856907e-05,0.061993565,-0.780631385,0.007,0.0111,0.0138,0.0168,0.0188,0.0215,0.0239,0.0266,0.0307,0.0388,,0.39840748393424585,0.4068997478553725,0.5072534078415865,0.041704240277918546,0.1470415339699248,0.06626058538036206,0.10106319356392297,0.11260088744618771,0.10297704505532462,0.9758445758150159,0.9871662147151066,0.9938201740177115,0.06389898710116106,0.058384483739183285,0.08469374697344796
0.128081,0.017778934,6.20286139278022e-05,0.001435806,-0.792241184,0.0065,0.0103,0.0126,0.0154,0.0177,0.0203,0.0224,0.0253,0.0282,0.0368,,0.3549979915632793,0.45584994391038336,0.9288916439768478,0.040362044150620204,0.13977447295537737,0.06824307374464396,0.08984099321946387,0.08317989242868845,0.10489834541322539,0.9854415067159182,0.8416376050500358,0.955688501539435,0.056107895448714466,0.084757491532285,0.05858809082165391
0.125555,0.018781695,6.0248045558430594e-05,0.068848512,-0.687617603,0.008,0.0118,0.0139,0.0167,0.0189,0.0209,0.0231,0.026,0.0292,0.0404,,0.40458942691226063,0.47137880441988605,0.5149806732035738,0.03719741205808576,0.14830687366919681,0.07227139020955979,0.09137042902693426,0.08919571680852852,0.11378347891867815,0.9528407656872634,0.9952296099918919,0.8200898615351597,0.09258333649732511,0.05460766349301135,0.09807469940378283
0.178766,0.022218238,9.769563102719171e-05,0.1049950314985349,-0.511039139,0.0093,0.0131,0.0165,0.0193,0.022,0.0246,0.0277,0.0308,0.0352,0.0494,,0.40201064129288505,0.43786523566901386,0.5827255607265533,0.03646055620572858,0.1347118232177499,0.06393033616164172,0.07652242153643926,0.10982866512303284,0.1191422274803588,0.8154370712351173,0.9907297079735942,0.993213441529267,0.05661040423176918,0.08034815562479289,0.08542616913309722
0.179668,0.021147964,7.744278632624338e-05,-0.090031113,-0.719671604,0.0086,0.0128,0.0161,0.0187,0.0214,0.0241,0.0265,0.0291,0.0324,0.0428,,0.3782974091993181,0.4092548602602534,0.9084843247626819,0.049558450721167845,0.12293697061891755,0.055283679801804764,0.08956989941275591,0.09315646088784355,0.0968852490617295,0.8783399367130618,0.8264066715241708,0.9114033125529611,0.07313839837638872,0.05885382188429994,0.05883126920411787
0.178572,0.023107342,9.321334564929508e-05,0.2313494298675181,-0.45974618,0.0104,0.0138,0.0172,0.0199,0.0229,0.0258,0.0284,0.0314,0.0358,0.0475,,0.3634050909394752,0.4724033485999656,0.8912842808979538,0.04564238803890552,0.11989166041431137,0.06052178261633987,0.06838127551315369,0.10917837667302638,0.10321498269730016,0.9103808367470694,0.8539791302346847,0.8984092935994707,0.05877351626534452,0.06549106325552578,0.05951818403558009
0.17652,0.021740805,8.317414685589393e-05,-0.010392211,-0.699401495,0.0089,0.0127,0.0166,0.0191,0.0218,0.0245,0.0274,0.03,0.0337,0.0437,,0.3717232210999224,0.4538909260063158,0.6664335219078598,0.03584437621307374,0.11317005989109974,0.06967606635095061,0.06873191892592889,0.08866406472780222,0.11261123061833801,0.9316771879009693,0.8456504081212742,0.9530241119891566,0.09383563444354186,0.060252849012450475,0.07454121456098764
0.177209,0.023635747,8.159372082273982e-05,0.004989105,-0.701183503,0.0111,0.0154,0.0187,0.0211,0.0234,0.0261,0.0289,0.032,0.0357,0.045,,0.3625748733156364,0.4147902526410341,0.9134902022537218,0.04347582196546646,0.11662151322840464,0.0690096927476805,0.06845984645498294,0.11620746997451106,0.11453647039968262,0.856034815995119,0.8676957013260733,0.9772856671170945,0.09352970825635187,0.09847588522160813,0.08977028739364742
0.17321,0.023085029,9.169804929202793e-05,0.056072475,-0.709772465,0.01,0.0134,0.0172,0.0204,0.0234,0.0259,0.0287,0.0318,0.0358,0.0467,,0.4050479685046496,0.4189734258634255,0.6024171671203866,0.04651554579629322,0.13139850310285503,0.06264200598659078,0.06719528118092914,0.09705944989212638,0.1281323566725562,0.9238354225056744,0.9384771706251175,0.8794816476727442,0.07556627526733059,0.09007722086360877,0.09115594482902264
0.172105,0.022728917,8.452536448367356e-05,0.1929083036175911,-0.431974248,0.0112,0.0145,0.0175,0.0201,0.0227,0.0252,0.0279,0.0309,0.0348,0.0514,,0.35658609285455106,0.4321001483575255,0.7973366059056562,0.03883664828995213,0.1421041048592064,0.05514908837504782,0.09130242610942331,0.09339150309284057,0.1219702175624516,0.8505835167295951,0.8260818924951966,0.9464573136377988,0.05750334474499368,0.09594354914277531,0.08411164147479121
0.175762,0.024381598,9.88644006633582e-05,0.073960286,-0.601077645,0.0116,0.0156,0.019,0.0219,0.0246,0.0273,0.0304,0.0337,0.0376,0.052,,0.36998268901586534,0.44956751384057103,0.9340314723717864,0.03667951636276552,0.14251638355439103,0.06595387144443661,0.07400979599954513,0.08672163836674932,0.1038759134037551,0.9643612068959516,0.8724817807811898,0.9251595362892365,0.052436803068898676,0.08654659934078213,0.0834347937653053
0.170376,0.021199737,8.382585529767679e-05,-0.005714516,-0.645146602,0.0084,0.0128,0.0161,0.0187,0.0213,0.0241,0.0267,0.0294,0.033,0.0434,,0.4081086140334839,0.43699385890895676,0.6418012504340869,0.040601065927955815,0.12393100348757242,0.06975235480720714,0.06931027489239366,0.08150038764574737,0.1047053633545968,0.9139380306927565,0.9268272411183802,0.9890354773920468,0.09161642170678666,0.0613971657848854,0.06479570335285163
0.175243,0.021868025,9.669257674055365e-05,0.085070029,-0.689335388,0.0085,0.0121,0.0163,0.0191,0.0217,0.0246,0.0276,0.031,0.0349,0.0445,,0.3988310997307003,0.44508535667052396,0.798891345644447,0.04608366989874756,0.12127984115196964,0.062182796444635265,0.09580601129692047,0.11640472050616428,0.11600545829989872,0.9644197353645007,0.8577220122857427,0.9881455591949759,0.05811942763561033,0.08845341135551141,0.0834627326676165
0.144759,0.019605719,7.127960938345915e-05,-0.082520588,-0.778920663,0.0076,0.0116,0.015,0.0175,0.0197,0.0225,0.0246,0.0275,0.0309,0.0385,,0.40929466175082,0.4615322868551993,0.8008420595161139,0.049395826805209785,0.11492640372137444,0.07528928510266729,0.09093583149152548,0.09786603420697808,0.1317865443489516,0.8935897429646025,0.8103027148176126,0.8126167256955104,0.05613201379108379,0.06837286835297221,0.0855639356953264
0.145689,0.020667401,5.3785508030433125e-05,-0.065733974,-0.563502905,0.0108,0.014,0.0165,0.0184,0.021,0.0228,0.0249,0.0274,0.0302,0.0376,,0.41409692347235094,0.42662914336507246,0.5094855084141076,0.04429451037067394,0.1449449422189894,0.07999424466981553,0.09571570766547799,0.10707199599699312,0.12241284619364276,0.8166514112631656,0.8524155443856973,0.8977747839345543,0.08733156674208399,0.09514362703848447,0.08007977306211174
0.146189,0.025741062,7.701074575872728e-05,-0.096528513,-0.370213001,0.0138,0.0177,0.0208,0.0236,0.0261,0.0284,0.0308,0.0333,0.0369,0.0471,,0.41886825182246856,0.4922613277029938,0.7856423467405378,0.04285905132556019,0.12138318230438043,0.08366623052749365,0.0910935190964329,0.09985704667268533,0.11957743634413354,0.8446438578710757,0.9377288509566925,0.9222282101706054,0.07554688650216487,0.08768523382433684,0.07061852780564404
0.143719,0.024085121,6.779421446807884e-05,-0.132795578,-0.354556958,0.013,0.0174,0.0197,0.0218,0.0239,0.0263,0.0292,0.0318,0.0347,0.0448,,0.3986063478498955,0.43386096489733217,0.6943128648499777,0.042884352625759584,0.11772750475978185,0.05742380153897236,0.06694491207781782,0.103721035381417,0.09744896797332175,0.8479138566657376,0.8465173988176308,0.9087944051743447,0.06511405035828156,0.06981131449014659,0.06445981219831783
0.160948,0.025457079,7.418457264422443e-05,-0.217736307,-0.520538412,0.0138,0.0179,0.0206,0.0232,0.0259,0.0286,0.031,0.0333,0.0365,0.0442,,0.39963472588349286,0.446079301452965,0.5156504645448334,0.036661391196041296,0.11424373525947663,0.06843556053217126,0.06898993913887497,0.10113659311378803,0.09756066909969824,0.989610680692418,0.9685072584509337,0.9135705223610269,0.05813893941594278,0.09487690625696493,0.08142610414203032
0.151788,0.024691739,6.646636613677798e-05,-0.326365417,-0.512000925,0.0135,0.0171,0.0205,0.0227,0.0253,0.0278,0.03,0.0323,0.035,0.041,,0.41041707201941563,0.4690655888236068,0.6310090050087362,0.04421985606755983,0.1198625716250267,0.0651154473724767,0.08017013120306576,0.08539444221520075,0.1114136484371383,0.9042323181699987,0.9001685546967461,0.9012584658065469,0.05309515789870408,0.06266253908978735,0.0673181791038604
0.142356,0.024857777,7.353478806804943e-05,-0.245166136,-0.173120537,0.0132,0.0175,0.0206,0.023,0.0254,0.0275,0.0299,0.0324,0.0356,0.047,,0.3862509307502288,0.44331613371886197,0.9245508983572782,0.04893550631767717,0.12905260044314237,0.07218045462178732,0.09153990238840329,0.10809192093360949,0.13335174305097902,0.820116448212774,0.8089409732897898,0.8968896062746101,0.0697427825120952,0.07888063602786018,0.06782661778488518
0.143094,0.023734176,6.444230017249042e-05,-0.235717018,-0.599381192,0.0128,0.0165,0.0194,0.0216,0.0241,0.0266,0.0287,0.0313,0.0342,0.0401,,0.4059101521519139,0.40507628594668543,0.9065181799830289,0.04905466201792423,0.1436055862846086,0.08511881170604936,0.09313996583291058,0.09624986629261396,0.10196672497585497,0.948727544759893,0.9191576664666417,0.8365329845611819,0.05392241515411999,0.07308465486478088,0.08655710353596692
0.145182,0.020955234,5.129752665739615e-05,-0.195606755,-0.533622818,0.0111,0.0146,0.0168,0.0194,0.0212,0.0233,0.0255,0.0274,0.0304,0.0369,,0.38862860553615436,0.42659641035292295,0.6950972869537178,0.03972761291324777,0.11404256477633547,0.05150071960915192,0.08135906345811071,0.09571774116344403,0.13082582841691276,0.909259023370681,0.9221690489367868,0.9596160751066595,0.07536493998237355,0.08239917036188338,0.09555264433447894
0.148439,0.02362106,6.335079978482086e-05,-0.254700564,-0.623571657,0.0126,0.0163,0.0193,0.0216,0.024,0.0265,0.0287,0.0311,0.0338,0.0402,,0.3761311045963569,0.43614991551455734,0.6438541251976106,0.03876639615500333,0.1252644912395454,0.0777708708902914,0.09453636426516165,0.09952927326969656,0.10781234712234415,0.8659342254694441,0.9759374796650235,0.9295213294533564,0.0641449675237645,0.0887661021620645,0.08198796138575741
0.163935,0.022072423,6.766647840727304e-05,-0.087325237,-0.784031819,0.0111,0.0139,0.0173,0.0199,0.0222,0.0248,0.0272,0.0299,0.0332,0.0401,,0.4162566306760497,0.48256262286027307,0.9271080171134275,0.03965256938100846,0.12800171323342963,0.06490254424448356,0.08863246809059842,0.11580980695647254,0.09984129405262707,0.8123583757643131,0.9771015073932814,0.8032195087735247,0.07021576954959724,0.052269030502285846,0.0693051000075495
0.165992,0.021399113,8.921938340449019e-05,0.031021087,-0.563829424,0.0086,0.0123,0.0156,0.0187,0.0216,0.0242,0.0275,0.0302,0.0334,0.0478,,0.37469235781095545,0.48597453675892677,0.6127422797641503,0.04242445613588668,0.12001973487860261,0.06495320299965515,0.08912166444916521,0.09923457818973959,0.10101047904833758,0.943387844960728,0.8295480172262729,0.8069884974945092,0.06505985943647816,0.05920534505065309,0.07463132394492276
0.172393,0.01974757,7.214274120866987e-05,-0.115614043,-0.828844924,0.0074,0.0115,0.0149,0.0173,0.0204,0.0225,0.0252,0.0277,0.0309,0.0372,,0.40133087467677386,0.42029448320774,0.641159561162789,0.03806228515166571,0.14407414442237432,0.08480469622502912,0.08573565599913881,0.10076118548464967,0.10983585340963944,0.8524520266678588,0.9955411250269416,0.9207190375775829,0.05643558396338554,0.09085104023572863,0.05965404937671086
0.173361,0.021345975,6.904972979095313e-05,-0.093493994,-0.767703332,0.0104,0.0134,0.0164,0.0193,0.0216,0.0241,0.0268,0.0292,0.032,0.0407,,0.3686871170077042,0.44683545237244027,0.5390949798535415,0.035609743187963235,0.12786088806276813,0.08272090493405738,0.08798148287567543,0.09440942569635205,0.09742102861008352,0.9707716305650271,0.8195766556537366,0.8624730892024671,0.05869036899439263,0.05750339357074404,0.07541888559818277
0.171724,0.020039387,7.667422267493312e-05,0.002552829,-0.748453955,0.0075,0.0118,0.0146,0.018,0.02,0.0226,0.0253,0.028,0.0316,0.0395,,0.4179643746013587,0.41770815644590625,0.9155907679985555,0.041331813772638004,0.1336509364236113,0.05649372030409826,0.07232143751184587,0.10699847245949973,0.10320508887122126,0.9887263518762721,0.812047510385768,0.9714169194523175,0.07813672686319097,0.07853822116666126,0.07755333365292989
0.178012,0.021179272,8.757710118369905e-05,0.045597476,-0.654306248,0.0084,0.0121,0.016,0.0189,0.0212,0.0235,0.0265,0.0298,0.0336,0.0451,,0.4113068511137675,0.45872026371794156,0.7457563401800305,0.045931387124146725,0.1335157882265933,0.0689303158824764,0.07902579375132567,0.10633246244698828,0.10390111044751933,0.9976379523785556,0.9629041564324059,0.8493999662834187,0.05686577238434301,0.06476520312379787,0.08033146642404722
0.172143,0.019858385,6.92996541026374e-05,-0.032281834,-0.80111671,0.0084,0.0118,0.0151,0.0176,0.0198,0.0227,0.0248,0.0277,0.0309,0.0385,,0.40835767993897515,0.44199487985718416,0.8690714439414868,0.047125049503344715,0.12476109622644302,0.06115673055230548,0.08309025106775446,0.09089301839261417,0.10064995196911657,0.9758380524212134,0.8374821483791278,0.9025196733108783,0.06312634478386943,0.08099326150510532,0.08455002381408208
0.162637,0.021366487,7.53207463745833e-05,-0.033528027,-0.741342782,0.01,0.0133,0.0161,0.0192,0.0217,0.0238,0.0265,0.0296,0.0329,0.0415,,0.37355844372257907,0.4022132272884975,0.6810461637536299,0.03767156000075825,0.12312873349515079,0.08562821216646758,0.10118888851671232,0.09390022942905117,0.10222993724653649,0.8124140309830111,0.8075234379314158,0.8759836445918853,0.06283005550616838,0.057371011534956586,0.08020768233100677
0.175576,0.021490216,7.389497821857906e-05,-0.056772811,-0.825091173,0.0093,0.0132,0.0163,0.0187,0.0216,0.0243,0.0269,0.0295,0.033,0.0426,,0.3673445936971964,0.47025879504684787,0.681480240931443,0.048298151965843604,0.13284916682685652,0.0805522963904262,0.08505351861521283,0.0964550917863663,0.12623603155696778,0.9890219685071285,0.9839506288474774,0.9215835582257591,0.06761526368793681,0.07144898837418746,0.09353982329719525
0.168659,0.020925376,7.158547059966401e-05,-0.046445412,-0.799146812,0.0101,0.0127,0.016,0.0188,0.0211,0.0237,0.0262,0.0288,0.0323,0.0398,,0.3798698231297551,0.4649283351305005,0.5860025409293316,0.045588482656749404,0.1206164347575963,0.07254758289677239,0.07313485472791044,0.1136436999207441,0.1001809575673674,0.9854457992993761,0.8446879309853894,0.9621869580921075,0.057521139203229425,0.0938466905098419,0.09542881902021975
0.199237,0.026644007,8.60952947192942e-05,-0.112902252,-0.672944153,0.0137,0.0179,0.0213,0.0242,0.0268,0.0294,0.0323,0.0354,0.0392,0.047,,0.38909847289286326,0.40860121607606215,0.7074802073458557,0.04425960932816607,0.12122852668180893,0.05816122966224324,0.07214440766583828,0.11122585752854552,0.113335405790815,0.9178832321299963,0.814189208393156,0.8439034814342999,0.0852267507111417,0.06525982196481586,0.09034960225956898
0.201375,0.02585452,8.78892169036801e-05,-0.043482175,-0.68899121,0.013,0.0168,0.02,0.0231,0.0262,0.0291,0.0316,0.0342,0.0385,0.0478,,0.40677292597484144,0.43629147363261106,0.670788152250734,0.04013216967143516,0.12144430305274637,0.08370560468789517,0.10138059131879033,0.09536869114036135,0.1139158235993088,0.9683422512456955,0.944400404098957,0.991569216480771,0.08636298828268815,0.07629295985364397,0.07620481075935633
0.205886,0.026199372,0.000119988,-0.099493111,-0.697977527,0.0111,0.0161,0.0198,0.0232,0.0265,0.0297,0.033,0.036,0.0403,0.0539,,0.3717285840613642,0.47436925967146754,0.8086489426849192,0.042285959893379785,0.12622935975583247,0.06857678279390235,0.08657351089500517,0.08978663854131032,0.12344944766622334,0.8658119230307822,0.9907570395796044,0.8063553697065142,0.0558387716772748,0.08617981478085357,0.06993229974746576
0.20523,0.026530942,9.584248268701332e-05,0.028051271,-0.597329809,0.0135,0.0175,0.0207,0.0233,0.0263,0.0291,0.0321,0.0357,0.0396,0.0495,,0.41080825393719256,0.4421517517360458,0.5881465948194308,0.03920355061522735,0.13595202643610452,0.0533341854871204,0.0746005885140464,0.11304684392908304,0.10172471445491328,0.9517959558519626,0.9273132515121367,0.9219425910247869,0.06241631110760602,0.09873505361846129,0.09375993448373149
0.204761,0.025555084,0.000104168,0.098732305,-0.540888904,0.012,0.016,0.0192,0.0226,0.0257,0.0284,0.0315,0.0347,0.0384,0.0535,,0.3931156352252512,0.47505709945380964,0.5818479281653738,0.04907050636900158,0.1441839375639581,0.06737476749561279,0.08802657835754314,0.0850620061095256,0.1139238112199148,0.9042005974567121,0.9475318550911568,0.9193558791855831,0.09228393007444419,0.08034448951686982,0.07664255658592879
0.20008,0.025591936,7.915315810352939e-05,-0.182490928,-0.723637723,0.013,0.0174,0.0203,0.023,0.026,0.0286,0.0311,0.0342,0.0376,0.0437,,0.4101547860175792,0.4273002526922764,0.5875739985591728,0.04114479376497386,0.14889600776515943,0.08196920754756556,0.06695093506263886,0.08399594409895984,0.11939485506291517,0.8273324115106284,0.9139024102020261,0.8775097406617418,0.07246603755863708,0.08201995225878778,0.09339061369453584
0.207672,0.025716431,0.000117906,0.030765196,-0.564203966,0.0116,0.0164,0.0202,0.0232,0.0262,0.0292,0.032,0.0353,0.0402,0.0521,,0.3893016779548486,0.478332362109786,0.8764368234832137,0.04423464588102919,0.11804933896910204,0.07503601104193489,0.09553897103185148,0.10342366084307002,0.10829669020870293,0.9389386521346679,0.8109138360235627,0.809675921850448,0.09375776717373484,0.07206217073453856,0.06785332824332801
0.209683,0.027573394,0.000102153,-0.1633685,-0.776231172,0.0132,0.0176,0.0215,0.0249,0.0287,0.0315,0.034,0.037,0.0406,0.0482,,0.3580444786056381,0.48996031710651883,0.7926346010812044,0.03664804026120531,0.1228738293099602,0.05971476125671667,0.06857707698087953,0.10668729037008427,0.12501541784551762,0.8885760520845338,0.909236308581357,0.8719644085424066,0.09297042624007619,0.07611454851543392,0.08526051914768511
0.199537,0.026701361,9.727444796583762e-05,0.07994729,-0.493271032,0.014,0.0183,0.0215,0.0241,0.0268,0.0294,0.0321,0.0355,0.0402,0.0518,,0.38778050430050975,0.40740160161507716,0.8052914120822444,0.045596856351728214,0.11677710903256006,0.07293814707368587,0.08711661308251666,0.08633816246751824,0.1263310642300348,0.984334733334232,0.8122119842067334,0.9063823158143542,0.06753525577588472,0.09091520979335282,0.07214192908628748
0.201162,0.023864253,0.000104718,0.053838011,-0.514364603,0.0106,0.0149,0.0186,0.0216,0.0243,0.0272,0.0302,0.0332,0.037,0.0521,,0.4162591893583837,0.43806657063660454,0.5673775932675955,0.042690978667767575,0.1480282675397134,0.06446001384008385,0.09689286093288346,0.09403188713044175,0.11273362728901866,0.989719430134902,0.8459348219374516,0.9489698301744199,0.06799262401857649,0.06875001162512169,0.07404068330707657
0.173234,0.029608124,0.000102525,-0.161296978,-0.388770204,0.0169,0.0209,0.0242,0.0273,0.03,0.0327,0.0355,0.0385,0.0428,0.0515,,0.3606532434691458,0.4042710496410298,0.7894202397271355,0.04200127962526774,0.12153150710765305,0.05116675314152008,0.07817758800813274,0.11894224824990578,0.11497340247586241,0.8649239792275459,0.855455820863573,0.8277217399381429,0.05220997743490716,0.07290529530252358,0.08488607546598059
0.184225,0.029862894,9.84539875714676e-05,-0.139865088,-0.374606176,0.0174,0.0213,0.0246,0.0276,0.0302,0.0327,0.0353,0.0386,0.0433,0.0515,,0.35895227462873264,0.40685100808326424,0.8010847461507576,0.043916443173789274,0.1347700976831465,0.05540746442447176,0.07270255419647263,0.11124605497454453,0.0996396041071858,0.8536922308215384,0.9761123992949491,0.9752400064307721,0.054373148026620716,0.08608417439302049,0.09274916446086008
0.17076,0.024634795,0.000107697,-0.107959201,-0.737555661,0.0102,0.0146,0.0183,0.022,0.025,0.0282,0.0311,0.0342,0.0383,0.0481,,0.3932157525721631,0.49206807599953845,0.6668520310150178,0.043461380790238105,0.12358204958906602,0.05849014882355053,0.08044390668623863,0.10856116725797685,0.11521342659062155,0.8913294091661123,0.8148085988284884,0.9099294584273593,0.08302527914345091,0.09360846639412174,0.07984156727405615
0.179125,0.030855945,0.000106756,-0.205773799,-0.482775091,0.0169,0.0215,0.0251,0.0285,0.0312,0.0339,0.037,0.0403,0.0446,0.0532,,0.3561765142991078,0.4274119189751102,0.8304293154854957,0.0394634199765651,0.12251058507688435,0.06095445058958639,0.09451342655921903,0.09858694006671007,0.11801866104925138,0.9777342548252048,0.9644200627208228,0.9217608762910432,0.08116429752717978,0.09692762644024873,0.07475136578831133
0.176807,0.029081644,8.824997675062407e-05,-0.27690266,-0.253296325,0.0168,0.0208,0.0238,0.0268,0.0295,0.0319,0.0345,0.0375,0.0415,0.0495,,0.41518293448179067,0.48446218228076965,0.7655962335592422,0.035516019626781775,0.13829750009382646,0.06298600840181516,0.1014250973476547,0.11115192723184583,0.11131415211542188,0.9327487429003667,0.9810360311760273,0.8427162178942006,0.08996306001292736,0.07779285375199747,0.0627815356747554
0.175295,0.030721728,9.84070988965476e-05,-0.522535621,-0.062836404,0.0174,0.0223,0.0261,0.0291,0.0317,0.0341,0.0366,0.0393,0.0428,0.0503,,0.40089906177093365,0.41872271830049795,0.6237303128129796,0.03852383111249539,0.12552358404862468,0.062268405194587026,0.10249729208175695,0.10673140589035991,0.11307424704976544,0.8416686917412004,0.8938784005064393,0.8705952804436795,0.07658419049181296,0.0844680187271663,0.09850367040194591
0.152467,0.029017548,9.43804405632056e-05,-0.286094036,-0.536989314,0.0158,0.0199,0.0234,0.0266,0.0296,0.0325,0.0352,0.0383,0.0417,0.0491,,0.4041496262456308,0.4110368464425763,0.8881486488075613,0.04524454183385968,0.12232671527984403,0.0646664202029683,0.08188992160455473,0.09459485013240247,0.09764994781127277,0.8592440244010794,0.8575278908453475,0.9072950652563246,0.06993005559133304,0.06921563196659333,0.08240804837734653
0.182572,0.027633897,8.26605438960825e-05,-0.303740632,-0.541991761,0.0156,0.0196,0.0224,0.0252,0.028,0.031,0.0337,0.0362,0.0391,0.0451,,0.41700287951026105,0.4037162651557538,0.752330829232302,0.04664091664059129,0.126872139978936,0.08366662293023823,0.0824765939098643,0.08126882514730803,0.11535760821942148,0.9631978314353182,0.8118090311327569,0.9920275179125166,0.0634139483677148,0.05738784421837048,0.061402119264096285
0.164269,0.027317855,0.000143161,-0.064285604,-0.798646757,0.0115,0.0168,0.0209,0.0245,0.0281,0.0316,0.035,0.0388,0.0434,0.0525,,0.4137304762255741,0.4111610372340799,0.7548305693798988,0.0491594661670154,0.1318130751130539,0.05070809094765236,0.07319018874145809,0.08911709620978511,0.10429397358035418,0.8314096249526731,0.9900351470018193,0.8031400056955421,0.06463971548790488,0.075929428269001,0.05859933603747144
0.171326,0.022950346,9.754070639200932e-05,-0.116088774,-0.842018166,0.0089,0.0138,0.0172,0.0201,0.0234,0.0264,0.0289,0.0322,0.0365,0.0434,,0.37718144293842076,0.45699214094773943,0.9095648991444689,0.03715085550624051,0.1250268957370624,0.07307319001228654,0.09718811117056175,0.09787645883578332,0.12356458640677272,0.9669942353407175,0.8929324171862122,0.848303480288247,0.08843515668050865,0.09830056055341004,0.09573404787251824
0.145043,0.019390062,6.257406819089026e-05,0.019599671,-0.757151613,0.0084,0.0118,0.0145,0.0174,0.0192,0.0216,0.0243,0.0266,0.0303,0.0391,,0.41131121144847665,0.45205975800004733,0.5510626415936409,0.048018046734962336,0.1193502125185522,0.06466469858224322,0.09601855313531787,0.1110710011598482,0.12472822371300012,0.8988949187542119,0.9520733145883696,0.9688439176308162,0.08776902483389423,0.07266984922172254,0.058043207676998616
0.143092,0.018906154,7.03910129238149e-05,-0.007968701,-0.772872876,0.0071,0.0114,0.0138,0.0165,0.0191,0.0215,0.0241,0.0271,0.03,0.0408,,0.41487029925290236,0.4258220980036333,0.5276833934337778,0.04631189878851614,0.1375346565339371,0.05606806709816743,0.06751951491030704,0.10083288983803018,0.12796955207101404,0.9186403206301365,0.871339210163591,0.8075810754218434,0.09037920401961903,0.0642375250440315,0.06986799790651647
0.145157,0.017648815,6.205434754019156e-05,0.004273648,-0.848519448,0.0064,0.01,0.0129,0.0152,0.0175,0.0201,0.0225,0.0253,0.0282,0.0365,,0.3836147597108444,0.4044823996960844,0.8314330269162834,0.038694135317724615,0.1299095485397332,0.060010450481428064,0.09695066788704419,0.11464893855770036,0.12121918904295347,0.9145467864067987,0.8110941966279364,0.8560720645829101,0.07126709001151492,0.05771666095650903,0.08247471899835958
0.141362,0.017498976,5.7093923199534544e-05,-0.051734683,-0.822739617,0.0075,0.0101,0.013,0.0156,0.0175,0.0202,0.0219,0.0247,0.0278,0.0344,,0.35917030911134595,0.40710936153854643,0.9325591188481949,0.04949814950736625,0.1272800249560588,0.07771381963181845,0.10052799656876042,0.09312847243002274,0.0983991741271998,0.8312265775405635,0.932692704664162,0.9899027926852627,0.07022434950271969,0.09635596313519229,0.06519746123478647
0.141124,0.017589646,5.0009613784566455e-05,-0.011126674,-0.795905693,0.0079,0.011,0.013,0.0156,0.0174,0.0196,0.022,0.0238,0.0273,0.0329,,0.4190038705520789,0.47733882105647757,0.7429821461417364,0.03696843821679319,0.12237034403586311,0.0734145768027524,0.0702770104760707,0.1055849127618639,0.1227029359845822,0.9624090805981483,0.9258942589463676,0.9620643858374782,0.06461498545347742,0.06447510673761979,0.06986760304316658
0.144575,0.019063006,6.78571347142455e-05,-0.081821575,-0.792690095,0.0073,0.0112,0.0143,0.0171,0.0192,0.022,0.0241,0.0266,0.03,0.0385,,0.3878530488645096,0.41453472744549025,0.9238714889756985,0.035593474473667695,0.124568583317759,0.0846496718502822,0.0853150578201048,0.1160015868942634,0.11853534036253971,0.8908126810511731,0.9448362264342363,0.9753621882349741,0.0647582602494802,0.07916379111249196,0.0886441030256535
0.165528,0.018980346,7.246145962338804e-05,0.1040536670318045,-0.576796938,0.0072,0.011,0.0141,0.0164,0.0187,0.0215,0.0238,0.0262,0.0305,0.0419,,0.418273663719859,0.4204641610695426,0.6321168989252486,0.047544639213921915,0.11658915927511773,0.05800671176530467,0.07201660300399995,0.09866737839165496,0.10594743658082216,0.9490626364233586,0.9607690799962401,0.8095004131729575,0.0737168649396769,0.0679704957615194,0.07709555341787569
0.143918,0.018903385,6.386577168654774e-05,-0.021003319,-0.808949263,0.0076,0.0112,0.0141,0.0166,0.0191,0.0215,0.0234,0.0265,0.0295,0.0377,,0.4131920690320652,0.4161846605993754,0.7874831430681932,0.043185346505936105,0.12878652109073202,0.05077312144109735,0.09650303314857912,0.10072737430184453,0.10653738751976609,0.939392319140608,0.9207685717088747,0.9748604916498135,0.0700314397132235,0.058226186123629585,0.08158012308772895
0.144394,0.019627756,7.925163064863622e-05,0.1568529878922165,-0.639364181,0.0076,0.0108,0.0143,0.017,0.0193,0.0219,0.0245,0.0278,0.0317,0.0437,,0.36869473739879893,0.4107074020211096,0.6648789370092281,0.04499472447038285,0.14008818600840056,0.06127907841628679,0.07418944308837845,0.09719304764649628,0.10219337053985991,0.8817197889428181,0.8376886335103221,0.9903944186433256,0.07124805373871092,0.09235598924984369,0.09650960871266567
0.138965,0.020619043,9.440030442821796e-05,0.1946772742561399,-0.62811114,0.0078,0.0111,0.0148,0.018,0.0203,0.0227,0.0256,0.0297,0.034,0.0448,,0.3864689970281672,0.4566303583372848,0.8574238020300627,0.04869594764652605,0.11799821829257572,0.05492469200198372,0.0947329757413482,0.10165796329364953,0.12101851093571897,0.9872123257943877,0.886403015683471,0.8274177365931515,0.06536519606343141,0.09846060983377287,0.06688717773927444
0.199135,0.024522433,0.000111468,-0.013569214,-0.697166212,0.0108,0.0151,0.0189,0.0221,0.025,0.0281,0.0311,0.0344,0.0385,0.0521,,0.3593788956916918,0.4455029500418036,0.8893825712398827,0.044331128816968386,0.11498972499786711,0.06724393401652866,0.08591857207872797,0.08512347575616275,0.1093088508260674,0.8117530141111926,0.8235304024608803,0.8695235399450358,0.07531266414044414,0.05327203946438463,0.08640739292147476
0.201731,0.024575596,0.000101947,-0.10606564,-0.638997229,0.0107,0.015,0.0186,0.022,0.0251,0.0281,0.0305,0.0335,0.0374,0.0495,,0.3975114386386877,0.42336953827019813,0.5311535071455304,0.039422130981489334,0.14715076380466552,0.07732770366496496,0.10351466521983657,0.08983426485000848,0.09735600678891725,0.9300020378598576,0.9031693495486655,0.841998906515873,0.06376586810967054,0.09717760569997785,0.07410891243077854
0.195529,0.023805239,0.000100823,-0.112763881,-0.767828143,0.0099,0.014,0.0178,0.0211,0.0241,0.0275,0.0302,0.0331,0.0371,0.0478,,0.41004089253915926,0.47240057317095013,0.8891846950554693,0.04506998638149333,0.11304848648044344,0.07903441292355752,0.0856898045866054,0.09594370335104524,0.104894160314482,0.954064666460972,0.9384711865630117,0.8359650885641418,0.07930020740604822,0.0937480404580803,0.07558082358367665
0.199838,0.027998607,9.9361484248071e-05,-0.071499394,-0.600787916,0.0147,0.019,0.0223,0.0254,0.0284,0.0312,0.0339,0.0369,0.0409,0.0512,,0.35322504493082074,0.4239212439812882,0.7508081873282609,0.03876602941128212,0.1341744162405616,0.05213167949530597,0.07314938222199481,0.11069656768719535,0.1310928536633762,0.9604776423128593,0.9186562417049144,0.8287042978944238,0.08979901240361375,0.07087024576779107,0.09270081493205291
0.199718,0.024777383,9.455269576535852e-05,-0.117880361,-0.82755988,0.0109,0.0153,0.0194,0.0223,0.025,0.0279,0.0309,0.0342,0.0378,0.0456,,0.4084397062378181,0.41386698435573166,0.5525256331120252,0.042888369705963915,0.11907959679105222,0.06431443919021998,0.09974438000473379,0.08178537734595503,0.11192325101804106,0.9825637862123914,0.9878612565224482,0.86912040443101,0.0839424597266782,0.09250741619900187,0.06425464126243254
0.201836,0.023792523,9.95383257403573e-05,-0.087491348,-0.711721069,0.0102,0.0143,0.0179,0.0211,0.0241,0.0269,0.0298,0.0329,0.0373,0.0491,,0.41019231210449597,0.42607150944193717,0.8202649140765741,0.03928154401259762,0.12816121282442472,0.05754649083320057,0.0865702292141759,0.10098001464603121,0.11153848107469999,0.8177125931050564,0.8830248407075137,0.837646947067502,0.06679643578574955,0.08924950680634594,0.05728374865580735
0.202002,0.02451341,7.618700992081685e-05,-0.018191559,-0.495654044,0.0128,0.0165,0.0193,0.022,0.0245,0.027,0.0295,0.0323,0.0362,0.0491,,0.3832876693033862,0.4435713797705435,0.5506121322900356,0.03842133579875003,0.13754764571336042,0.055051229347441374,0.09162799831255972,0.09709482987994164,0.10299066699393337,0.9267850555174878,0.840135219838047,0.9303935986805139,0.08595648564415967,0.06908242846981935,0.05709471759461066
0.194411,0.024078412,0.000111439,0.020394025,-0.684262631,0.0099,0.014,0.0176,0.0209,0.0241,0.0272,0.0306,0.0338,0.0382,0.0483,,0.3878308018050102,0.40373849354634306,0.9100011535088153,0.03696891232769415,0.11602966071935145,0.06694374717899261,0.08063073045428364,0.10883704065866859,0.1006803533143714,0.8391993370457483,0.9857018011359939,0.8464578387162354,0.08499652266178054,0.09056346295758229,0.06956920558051345
0.194802,0.023960475,0.000103352,-0.086870567,-0.732239609,0.01,0.0141,0.0177,0.0213,0.0243,0.0274,0.0305,0.0333,0.0373,0.0481,,0.37697306527309216,0.46351209436562163,0.8698353369617887,0.04308188027161496,0.14365335049233594,0.0675674218339441,0.07880638356741496,0.11449933774883773,0.12512907914347265,0.8072842436721622,0.834387063298555,0.8730173658094734,0.0618638946837217,0.06463161554125685,0.08418728052695862
0.193874,0.023697212,9.827956360654744e-05,-0.012243416,-0.549187721,0.0104,0.0145,0.0181,0.0211,0.0236,0.0266,0.0294,0.0325,0.0363,0.0497,,0.4061309713555553,0.4162275228523926,0.7810307726054517,0.043124447593922435,0.12513570607040533,0.05572791835723764,0.07046998140111298,0.09332136107270635,0.10195094561064116,0.9560281283655447,0.8049829652638276,0.8447667580012935,0.06879394392334913,0.07616851214370916,0.0682524420665628
0.140194,0.018643512,5.973386042570543e-05,-0.001237418,-0.78810233,0.0078,0.0112,0.0141,0.0166,0.0184,0.021,0.0232,0.0259,0.029,0.0382,,0.3518458261933968,0.42962884359669123,0.8433689703518834,0.03877805175407155,0.12936506266650746,0.0684422009904976,0.07064608322659684,0.08997157555664134,0.11051109771274746,0.9085844700925749,0.9426505762756934,0.9147470236428326,0.0823177292963587,0.06740726934880738,0.09779280533563597
0.140312,0.018550359,6.11486443433045e-05,0.041810326,-0.752102519,0.0074,0.0113,0.0133,0.0166,0.0186,0.0206,0.0233,0.0259,0.0292,0.0392,,0.38732700513580764,0.474404440486987,0.6316882357270731,0.04427784547285853,0.14154575827232097,0.06548075428085115,0.10201138827945933,0.11840092146756431,0.12296384549518677,0.95115592050271,0.9428878146571573,0.9743382086150776,0.08022046235886583,0.05746427323848946,0.0673280193658337
0.139435,0.020111316,7.680085723013963e-05,0.076506777,-0.682049634,0.0078,0.0123,0.0147,0.0173,0.0205,0.0226,0.025,0.0282,0.0317,0.0414,,0.39018852859373787,0.498636072033359,0.5584868229579695,0.03881028157513178,0.1261739560519457,0.06889954363030104,0.0881009279395439,0.11195015388861725,0.1008572882574231,0.8856007091380321,0.8982186249571734,0.9094053059120155,0.06461142448361464,0.059225782740087114,0.07313228821348913
0.145808,0.017353408,6.030564823271911e-05,0.068746004,-0.65090101,0.0064,0.0103,0.0125,0.0154,0.0172,0.0193,0.0219,0.0242,0.0279,0.0378,,0.36698983595834633,0.481813493252336,0.8145748125089951,0.03923603916841628,0.13610847994742728,0.0806193803159185,0.09920482647755029,0.10416893343052877,0.10617233968264109,0.9913044002760324,0.8436418064017381,0.9166312531941597,0.08074526056996773,0.09735872119683299,0.08712107234121631
0.136837,0.019563681,7.557295922152326e-05,0.1567111557711226,-0.616971119,0.0077,0.0112,0.0145,0.0169,0.0191,0.0218,0.0246,0.0273,0.0311,0.0427,,0.3667206088904395,0.4749993310573643,0.6461708356673539,0.04034318172153842,0.1439788548905006,0.05929736411462188,0.09665963819539111,0.08838128360352242,0.11588477421877924,0.9263758293175676,0.8620797716833765,0.8408737204707583,0.05796892167497224,0.06010094723004705,0.08966668794141434
0.142351,0.017148743,5.341153571648847e-05,-0.021352571,-0.816016298,0.0076,0.01,0.0128,0.0154,0.0174,0.0193,0.0216,0.024,0.0268,0.0347,,0.3658087826758392,0.4302405951742379,0.8145381537835139,0.04013502766978332,0.13982848091516598,0.07066378657897124,0.09486115376478357,0.10229696431196712,0.12455637849950311,0.8319915554289727,0.8179694238050573,0.8311922445606904,0.07404458189785323,0.07652877191907159,0.0903000338570808
0.134901,0.016905086,5.327086895406067e-05,0.011726246,-0.736461561,0.0075,0.0097,0.0128,0.0147,0.0174,0.019,0.0214,0.0234,0.0266,0.0352,,0.3728427873010465,0.4892753173790575,0.541910003196339,0.0455196041012055,0.1406850001580456,0.06931843932449527,0.083368551409803,0.08700192456927999,0.10603449340614139,0.8687360283817069,0.8270301854290717,0.9118384675477745,0.05375411089946919,0.09728114320554893,0.07902003414876697
0.144881,0.017764182,6.018002580172633e-05,-0.03024933,-0.840923269,0.0077,0.0101,0.0132,0.0155,0.0181,0.0201,0.0227,0.025,0.0282,0.0354,,0.40415937909061905,0.40289281639676044,0.7407341421515814,0.04799387104106891,0.1416366570257473,0.07020222587389723,0.09230692116634029,0.09259465045563839,0.12651186703293446,0.8170803496793341,0.8136894924064566,0.9037891059575356,0.0819230466625658,0.06503081579282449,0.08911673506325259
0.141825,0.017522849,5.962090867389324e-05,-0.023370122,-0.834451895,0.0075,0.01,0.0129,0.015,0.0177,0.02,0.0223,0.0251,0.0278,0.0348,,0.4068572515124973,0.48129369781513975,0.69510076013577,0.04562639839025378,0.12462820277230216,0.07397463775520577,0.09536289057259408,0.08754432244437478,0.10314885380892866,0.97235286447254,0.8704517849488417,0.831738662888968,0.07041650339252362,0.08663859942108179,0.075554855413298
0.143891,0.01796083,6.403371262836793e-05,0.018688905,-0.729042135,0.0065,0.0107,0.0132,0.016,0.0181,0.0202,0.0228,0.0253,0.0287,0.039,,0.3922208732606153,0.4625886858663283,0.6810468758974598,0.045842675366316143,0.1359896589206922,0.07245028323775869,0.09966159282554593,0.09465550242733427,0.1187940412288768,0.9777365775475445,0.804981818440173,0.9050566137479384,0.07928331900971762,0.07026789119015589,0.0930035057615378
0.118188,0.020760886,5.894996062923701e-05,-0.053653029,-0.674588429,0.0106,0.0134,0.0165,0.0185,0.0209,0.0231,0.0251,0.0281,0.0309,0.0383,,0.4121924824394152,0.43977624527791404,0.7444530189409057,0.04026814368496668,0.14701566869763952,0.06160772949400659,0.07970889555006366,0.10912363964511325,0.13133041919584637,0.900113309296694,0.8226482695195187,0.9894931173992095,0.06826503929010914,0.07257838238291091,0.0976299417254708
0.119698,0.02007517,5.619334192498461e-05,0.019136363,-0.61196935,0.0103,0.0128,0.0159,0.0177,0.02,0.0222,0.0241,0.027,0.0301,0.0379,,0.36219064584877764,0.4196770004488727,0.7662250569101643,0.043723355500490495,0.12446138831311251,0.05255834547965728,0.09697452573305106,0.10783962157634265,0.13338423304564692,0.9054441034495765,0.8751027899598591,0.996049819048758,0.060645241918069435,0.07840388971446938,0.07485231818657512
0.119026,0.01900471,7.213748995826265e-05,-0.009461722,-0.826124286,0.0068,0.0111,0.0139,0.0168,0.0188,0.0218,0.024,0.0271,0.0307,0.0388,,0.40738297251388705,0.4469016216617213,0.509974949206161,0.03671299917744946,0.13085774518254709,0.05343901832633625,0.07799727348466957,0.08986657422257682,0.09902279293219468,0.9778855979999083,0.811185201365689,0.8448429518547798,0.058257061699218994,0.07601718792612176,0.07156235425786137
0.112899,0.02169743,6.54486247931511e-05,-0.011197938,-0.601230585,0.0103,0.0144,0.0171,0.0192,0.0217,0.0243,0.0266,0.0289,0.0322,0.0432,,0.40162605535164175,0.4821112563143496,0.6936477436256911,0.04438409259766608,0.14721816591348677,0.08266358204044266,0.08635769940036502,0.08884463533929772,0.11805028053405582,0.9034627158431109,0.9293974375408582,0.895518592974415,0.06830168421990195,0.08392252978010618,0.08396836519773092
0.122283,0.017594844,6.182231663141421e-05,-0.03859055,-0.866727806,0.0074,0.0098,0.013,0.0152,0.0179,0.0199,0.0226,0.025,0.0281,0.0352,,0.39080330908766386,0.41990147393783145,0.7579013878802148,0.049281706582567315,0.139862753268593,0.08102617963354587,0.066204368201128,0.09684332373550857,0.12443194703390625,0.9765866240794433,0.9953839573531825,0.942692112732214,0.06958407827255715,0.08079416358834285,0.06984665916637443
0.123889,0.016994576,5.9248222102102286e-05,-0.007405026,-0.879549063,0.0058,0.0094,0.0123,0.0147,0.017,0.0196,0.0216,0.0244,0.0274,0.034,,0.38100183967305457,0.4899570911868243,0.8576974986851236,0.04878033028034932,0.11768535396509879,0.08527381654619273,0.08195212396130996,0.11550628582901402,0.11924953684171725,0.8990033512443292,0.8770476543280571,0.9642979815752537,0.05900786142214252,0.07953153790571488,0.08318196924310141
0.117378,0.021981889,6.911388206544454e-05,-0.017498896,-0.760753212,0.0111,0.0138,0.017,0.0196,0.0219,0.0247,0.0272,0.0297,0.0331,0.0401,,0.4011544043854699,0.41078340264204494,0.7003072567353602,0.037902243364143454,0.12083739677922054,0.06072786831533867,0.10092874039025754,0.08330986958156834,0.12214868728323398,0.9453036050912247,0.9105417219960243,0.9910774802040726,0.07825380900527867,0.07766375207438982,0.05772989123657945
0.113257,0.022626754,8.755750440831954e-05,0.1508209843441319,-0.689069987,0.01,0.0139,0.0172,0.0195,0.0221,0.0249,0.0282,0.0312,0.0353,0.044,,0.3819667876648207,0.47700410492710044,0.5100425030591195,0.04206770056500311,0.13007200780074907,0.07446947599421894,0.08358280926141812,0.10036441770574955,0.13222574971398232,0.812792534773185,0.813132984913477,0.9089025543044975,0.0815057616523804,0.08284263193590304,0.07133775912002314
0.12811,0.020611849,6.208665345921262e-05,0.038726468,-0.656200696,0.0106,0.0132,0.0159,0.0182,0.0206,0.0228,0.0254,0.0281,0.031,0.0407,,0.3777047687698849,0.4385897537659133,0.8522835837801668,0.045054797314012435,0.1488425052650723,0.06038926094447161,0.10335537916089299,0.11649305391705764,0.12920459971367315,0.9913937111720216,0.8302964277917222,0.8764002989297548,0.06962182651018665,0.07383216301218136,0.09166139762166278
0.11867,0.018448842,6.638245371208922e-05,-0.032337878,-0.761428642,0.0066,0.0109,0.0135,0.0165,0.0186,0.021,0.0236,0.0258,0.0295,0.0388,,0.3796254046455593,0.425146628454717,0.7222736441573632,0.04573168904409215,0.14497375223486364,0.06442809422898223,0.08476745226446024,0.11548554461844814,0.11867667937479512,0.8066216345836661,0.8520749360320135,0.9562139724859007,0.08138931008426262,0.06512330989431651,0.09533649871722359
0.143756,0.020492941,8.417722423694862e-05,0.1468675402703762,-0.65010235,0.0081,0.0116,0.0151,0.0179,0.0202,0.0228,0.0259,0.029,0.0329,0.0442,,0.40937939788127614,0.4964497213643984,0.8547663824417482,0.04650685631363123,0.1383506387510738,0.06116575814779054,0.07633927645621143,0.09902085136609753,0.10906191393882698,0.8841741012743926,0.9025152884509107,0.9871457444853903,0.08901039201205964,0.06013178175752588,0.08405969638645824
0.151574,0.019483985,7.570543503333788e-05,0.093956483,-0.612886637,0.0074,0.0117,0.0144,0.0168,0.0194,0.0221,0.0242,0.0271,0.0313,0.0419,,0.37416909881529736,0.4392556535997994,0.6249361965415386,0.04392653143227282,0.14277311317158206,0.05434528570661311,0.07429713483048131,0.10523203821071622,0.1034923732503089,0.8222056120154038,0.9525620763217959,0.8716428975483567,0.0864472091753359,0.08640255704741565,0.07415308956354143
0.13987,0.021580088,8.578120615981112e-05,0.031877665,-0.674860467,0.0089,0.0125,0.0165,0.0192,0.0215,0.0241,0.027,0.0304,0.0336,0.0449,,0.3622052273939109,0.4561881897993529,0.616833201186107,0.036492329610210594,0.14392043902935903,0.056165233397518506,0.10250199465407077,0.08521641521875893,0.09930965312970037,0.8091882190750331,0.8304005178580769,0.8480998002734884,0.05191472277256372,0.08642392685404005,0.08323986865567705
0.154613,0.020241623,8.410715688852218e-05,0.1275928788796005,-0.559236801,0.008,0.0115,0.0147,0.0174,0.0205,0.0228,0.0253,0.0283,0.0323,0.046,,0.40411332193261806,0.4719936024913559,0.5347421281392198,0.04854721586248773,0.13485901883100596,0.058786558868730084,0.08125129873188132,0.08971117766030309,0.12487343296508928,0.9054468163251127,0.9400110640065918,0.8192237707538095,0.0835654213486487,0.09231072795179494,0.08575512098239846
0.150519,0.020531519,6.749479259239787e-05,-0.03754758,-0.736191037,0.0096,0.013,0.0155,0.0181,0.021,0.023,0.0254,0.0284,0.0314,0.0415,,0.39686014539119524,0.4832782138519805,0.8006427338779213,0.04064515897963515,0.14317513526307815,0.05459549089251309,0.0939164938809927,0.08141207002248943,0.10801993937442832,0.90259743191267,0.9710762009101834,0.8869653340169499,0.08528255925410955,0.09798739184831104,0.09837234627751623
0.146451,0.020944535,7.548961654853466e-05,0.046951986,-0.683626357,0.0088,0.0132,0.0157,0.0181,0.0209,0.0235,0.0258,0.0289,0.0327,0.0422,,0.4095813931341125,0.42745628635396477,0.7895678086654905,0.038338506319948465,0.14836865803538338,0.05589343004494841,0.08797525771557074,0.09789942028197605,0.11579686372399348,0.8067593315039127,0.9387661377297997,0.9362513047882363,0.06341775384183805,0.06842623791050571,0.0688305143330061
0.147913,0.020119302,7.279042738668357e-05,0.084655955,-0.580605613,0.0082,0.0126,0.015,0.0175,0.0203,0.0228,0.025,0.0276,0.0315,0.042,,0.35340058159639914,0.4588949336100893,0.7634672790454742,0.038360542088589904,0.14777288492398824,0.07325943884396917,0.08238642857347321,0.08177143323508573,0.10632659567872377,0.9273974094053433,0.8518611902221203,0.9592259488844336,0.07241683948854782,0.0760035535255882,0.07456222552431344
0.150885,0.019102144,6.384789210418016e-05,-0.041858965,-0.825855191,0.0078,0.0113,0.0145,0.0168,0.0194,0.0217,0.0237,0.0268,0.0297,0.0377,,0.37975950231859806,0.45623089871407496,0.7895691002354976,0.040311110024957554,0.1312566453162277,0.06330145756289784,0.0792729874803863,0.1137225555131472,0.12625208571081226,0.9848988121579718,0.8967682475572653,0.974864796009766,0.06049083363828756,0.056690280378446284,0.065410191369003
0.151862,0.01861383,6.524080862116228e-05,-0.08929205,-0.840243761,0.0068,0.0106,0.0138,0.0162,0.019,0.0213,0.0238,0.0261,0.0293,0.0365,,0.38084085268686585,0.4594582479391083,0.8965384056793642,0.04565087517053619,0.14586364087291018,0.05408018954815705,0.08877525545141766,0.08638340607656754,0.12008710270083016,0.8865873959833411,0.8774334768495976,0.9447538742236943,0.0673833045571935,0.079511864000173,0.06792201439727728
0.14196,0.020189283,7.021562332274034e-05,0.042434724,-0.807730105,0.0089,0.0125,0.015,0.0175,0.0202,0.0225,0.0254,0.0283,0.0315,0.0408,,0.399983806993373,0.4620731656458217,0.6522659423658845,0.04717948049766921,0.12991839234093186,0.06398575488312307,0.06735002707292123,0.08084000823596138,0.10504492401525141,0.9356743052715905,0.8094419018131066,0.8310949566132929,0.0804543385828706,0.07404304310931138,0.09821803772598346
0.210824,0.02688483,9.788212737377186e-05,0.1686204643776955,-0.233321054,0.0138,0.0177,0.021,0.024,0.0269,0.0298,0.0324,0.0354,0.0398,0.0571,,0.353312191421024,0.46308403751145444,0.5904193873126492,0.03649587478863848,0.13937270271144322,0.07794307007412825,0.09513183827197526,0.10598723812069694,0.12866766090469783,0.9463146424316036,0.9624188515492711,0.9035737418547996,0.09329620340574643,0.09189481631432023,0.06708470059893515
0.209949,0.028916386,0.000120287,0.090356981,-0.489696713,0.014,0.0185,0.0223,0.0258,0.0289,0.0319,0.0351,0.0386,0.0433,0.056,,0.39991813215675553,0.4630710528834806,0.9143182248016446,0.040072659252739756,0.13464230876464883,0.07795793004906895,0.07766014836004993,0.10140192691153434,0.12801373129670934,0.8267943478964168,0.9152516134466487,0.918909358043406,0.08411592080650032,0.05480097277396885,0.06810923797438724
0.217151,0.026944386,9.65464446504616e-05,-0.104352983,-0.73147417,0.0137,0.0179,0.0211,0.0241,0.0273,0.0302,0.033,0.0358,0.0397,0.0506,,0.39285365050580845,0.47446278877890724,0.8309210939783329,0.037844716289681175,0.1403232549654741,0.07163706359954404,0.08821202134421233,0.08197568782337822,0.10105559874531794,0.8114340274669425,0.9613383450107345,0.8141961986034494,0.056765500633158564,0.0810006345262008,0.08045234724440976
0.224245,0.025250496,7.872671911935826e-05,0.015670072,-0.337867448,0.0133,0.0171,0.0201,0.0228,0.0253,0.0277,0.0303,0.033,0.0367,0.0491,,0.3878630692935429,0.45667347774179484,0.5123136473237538,0.04185022184342305,0.13505697066172523,0.07363641640108921,0.10040302893596807,0.0923630808292788,0.12264593003715338,0.8931414941722685,0.8268848715798794,0.8744619123970203,0.0895393621534529,0.06969982270223013,0.08132549667582176
0.211915,0.024926186,0.000113762,0.031106346,-0.648908661,0.0111,0.0155,0.0192,0.0225,0.0254,0.0284,0.0313,0.0349,0.0394,0.0521,,0.39104527937247496,0.4539937618513084,0.753322753640926,0.048734248995586864,0.12861685394366296,0.06304241463374535,0.07628216265483975,0.10057572037268081,0.12161872198691988,0.9975593959859408,0.8600372009537139,0.9963871559375846,0.06315251965917024,0.06294266213907457,0.08497388633206192
0.220023,0.027041741,8.8129750479889e-05,-0.020018661,-0.400763095,0.0146,0.0188,0.0219,0.0246,0.0272,0.0296,0.0321,0.035,0.0392,0.0507,,0.37974702193439125,0.46708805961893574,0.5641911797248758,0.04409266121356486,0.1285787087385341,0.06341977110500745,0.09350471803419944,0.09634361430052647,0.12055661181399407,0.9403446340279961,0.9251226748744502,0.9175671337019591,0.0896581156766326,0.05291918052163673,0.0986716653041942
0.221,0.028166342,0.000105615,0.048821934,-0.55348296,0.0148,0.0186,0.0221,0.0253,0.0282,0.0307,0.0339,0.0374,0.042,0.0533,,0.39214311953753433,0.443904027237454,0.651214833198349,0.035998071019756134,0.14743919884802795,0.05934104112686575,0.06822229154613427,0.08656178457230491,0.10538948535084545,0.954873963505038,0.8171431633068195,0.9010606724249702,0.0899268970168791,0.05918838380497927,0.08511856643390628
0.203053,0.027635683,0.000134999,-0.097643517,-0.838589097,0.012,0.0171,0.0209,0.0244,0.0281,0.0316,0.0347,0.0385,0.043,0.0511,,0.3674283932828146,0.4672718295778308,0.5947392003724933,0.042760301216696966,0.13657202189390544,0.07364509491027345,0.06571633028905356,0.11163504364920777,0.12439535618917047,0.917601626151536,0.8395244575215521,0.8614485524874759,0.05987691506430154,0.07099298522556402,0.05962484629635542
0.21102,0.028201299,0.000117039,-0.048225615,-0.794616625,0.0137,0.0182,0.0218,0.0251,0.0282,0.0314,0.0348,0.0384,0.0424,0.0508,,0.381090582149157,0.4071678012770502,0.5887257280068223,0.038864737016282215,0.1443492967795567,0.08645543499356792,0.08098940299786656,0.09597233776828226,0.11828151775826103,0.9835887994799112,0.9049471476793736,0.9162803499045602,0.051706721129837166,0.0862140207179317,0.06999822234249962
0.215265,0.025716773,0.000117055,-0.011746912,-0.661459837,0.0115,0.0162,0.0199,0.0232,0.0262,0.0292,0.032,0.0358,0.0399,0.052,,0.3857378298273616,0.47070633663112704,0.6714723444872218,0.04555371448420214,0.14251055905384372,0.05971110362399998,0.07570685859853381,0.10675351409729379,0.10147821563036237,0.8429225842734057,0.8597168431563874,0.8056253876942718,0.08708452023175114,0.05292363355975335,0.06874883802100293
0.15958,0.023985998,9.865412961942436e-05,-0.102344127,-0.840752682,0.0099,0.0144,0.0185,0.0212,0.024,0.0274,0.0305,0.0335,0.0368,0.0451,,0.3698147805584007,0.4570320578387448,0.6129777952388067,0.035647875574947516,0.1234071498339722,0.061081125960265915,0.0948125668199089,0.11244082239941496,0.10165028547552049,0.8532445708202001,0.8767162518173544,0.8130147574646229,0.06071437559264939,0.07557943253198497,0.06997193437958082
0.17474,0.023212802,8.345216342084424e-05,-0.075238782,-0.844008707,0.0104,0.0146,0.0175,0.0204,0.0235,0.0262,0.0288,0.0317,0.0356,0.0428,,0.41161186571086716,0.47706298879170883,0.8794157540692215,0.03773557394430907,0.14766947584236215,0.05661225177397161,0.09517870274557567,0.11392836366551082,0.12568466617743967,0.8392605932402044,0.9141143025115451,0.9025375758735644,0.06791461001394751,0.06520940250834636,0.08925087314611302
0.16826,0.022821032,9.585935489451696e-05,-0.070647823,-0.712509949,0.0096,0.0135,0.0169,0.02,0.0231,0.0261,0.0289,0.0318,0.0354,0.0489,,0.38370741070285413,0.47568050553207497,0.6460451615357544,0.04293171048049916,0.14450096659683132,0.07884038281605064,0.09222784372650442,0.09467816761465403,0.1259750265175208,0.8233629135797415,0.9405615253146308,0.9142610806623818,0.08290765652118325,0.09593438511159341,0.09634637226656548
0.169665,0.021639399,8.186648999914889e-05,0.1868330396162341,-0.588781371,0.0095,0.0129,0.0165,0.0189,0.0213,0.0238,0.0267,0.0298,0.0338,0.0444,,0.3581356822180228,0.42922073294469326,0.8044010290305049,0.045460871667284346,0.12172345378398046,0.07396715617223823,0.09054004580341211,0.11185625817063533,0.11720087439642184,0.852094989444069,0.925181679080381,0.9007814059518974,0.07334233264656406,0.08624402663186422,0.06527875913374952
0.166344,0.022007503,8.059102720099184e-05,0.021612764,-0.755745921,0.0094,0.0137,0.0165,0.019,0.0226,0.0247,0.0273,0.0302,0.034,0.0423,,0.41278984436021743,0.4732400987893631,0.6631227041808696,0.03684689202596114,0.14858584680260997,0.08238786070348798,0.0929984134500782,0.08466673101363491,0.1229866359221953,0.918274004914472,0.8599777260696914,0.929609662756223,0.07311727984608823,0.052805258952746396,0.08379611564527518
0.156442,0.025489826,0.000121734,0.090127459,-0.64270341,0.0109,0.0154,0.019,0.0224,0.0254,0.0286,0.0318,0.0356,0.0403,0.053,,0.418036924509475,0.4057858116476701,0.845618337301625,0.04715415976951251,0.11384032161540604,0.06623311423862911,0.10133339897678587,0.09110453709603594,0.09874036705512804,0.9362651542975912,0.8383939249464225,0.9377896845353774,0.07752624651098525,0.06850006022938261,0.08475807750724217
0.175277,0.02102384,8.207651363081474e-05,0.019195742,-0.568130845,0.0087,0.0122,0.0158,0.0185,0.0216,0.024,0.0263,0.029,0.0328,0.0464,,0.4135853838057826,0.47034993193509994,0.7072578605428369,0.043168216513279185,0.14412427913189865,0.06313251349354182,0.10224423571574585,0.0886001172770123,0.10768331685907283,0.9349389579157117,0.88990702299244,0.8902618383548139,0.08194998012354066,0.08586208440986974,0.06780611135596025
0.170703,0.022895531,9.85971461233524e-05,0.09296373,-0.447784508,0.01,0.0139,0.0175,0.0203,0.023,0.0257,0.0284,0.0314,0.0356,0.0507,,0.3672223215991192,0.46052174187503575,0.7025928897409673,0.04505745412028803,0.11300452840785292,0.05880415811918633,0.10377885942135748,0.08271398427098073,0.13087697445336385,0.8882655148061469,0.9139146081433419,0.8197286456285241,0.05792981971300643,0.09051904806880576,0.09680843228579088
0.171928,0.021172609,6.605632489379377e-05,0.003202354,-0.600835822,0.0098,0.0134,0.0168,0.019,0.0212,0.0235,0.0263,0.0288,0.0318,0.0442,,0.3729877211997352,0.4270553027612165,0.6436571126340616,0.04735907546858915,0.14263047775810583,0.06563505230872133,0.07346539673413892,0.09651201662644729,0.12955022520754422,0.9525670908746497,0.9944927670650427,0.9149011921069959,0.08742773754845719,0.05590920142609116,0.07017036643212872
0.172702,0.024323114,0.000108064,0.081561636,-0.697495562,0.0109,0.0148,0.0184,0.0215,0.0243,0.0276,0.0307,0.0338,0.0379,0.0515,,0.35634260653754324,0.4297725656216645,0.9052667517131234,0.043750977223177515,0.14395949121872148,0.07955031098126661,0.092558267477699,0.09281364950432773,0.11613107703097683,0.9513438028127396,0.871877900535376,0.8253575318067515,0.05274980047657977,0.09172950924738046,0.08080024630141999
0.173968,0.0204733,7.050408638270545e-05,0.1192482241371487,-0.615089378,0.0089,0.013,0.0153,0.0177,0.0206,0.0229,0.025,0.0279,0.0319,0.0421,,0.3685481854530538,0.4467270689872425,0.5054404269609531,0.043172506547906275,0.1259804481465344,0.06264464468820406,0.06697569740269291,0.09214802488894913,0.12123772891358942,0.9627851478074129,0.9702167797265379,0.8365236439741078,0.056833791375113796,0.08178757963757272,0.09499060795085984
0.171998,0.020831423,8.251787824641438e-05,-0.051764735,-0.74140046,0.008,0.0117,0.0158,0.0184,0.0211,0.0237,0.0264,0.0292,0.0328,0.0437,,0.36627072145764206,0.4919818615304132,0.781677955891176,0.040579899296786695,0.1282368485161035,0.07068568619034031,0.09850357633100154,0.08282048023013629,0.11112665250088988,0.9374464753674152,0.9200028678074916,0.8598052893981148,0.06396347882242669,0.07628246732258202,0.07569275009440458
0.175724,0.022607716,9.671581935153065e-05,0.01894341,-0.6993221,0.0093,0.013,0.0167,0.0197,0.0231,0.0257,0.0284,0.0314,0.0355,0.0467,,0.37656659215846855,0.49573535592034174,0.5460493008563341,0.044959667078221154,0.14829138141029521,0.060506522266480366,0.0790012636421499,0.08798197747879279,0.10346290952149687,0.8474569897370975,0.8390811895350486,0.8828418601447794,0.0682812770177903,0.061810058034011024,0.07835396419428421
0.176434,0.020340232,6.439640791567788e-05,-0.026520291,-0.820528516,0.0099,0.0125,0.0156,0.0178,0.0201,0.0228,0.0252,0.0282,0.031,0.0382,,0.36165939915210366,0.4146218286803707,0.5594236338819784,0.04295137430517151,0.14718114917298222,0.05105481026649431,0.07476092308864218,0.11714989469763813,0.13169207142125391,0.8552437914196382,0.8352817196752743,0.9163143372646807,0.09133557817888743,0.06554111737400924,0.07797577714163441
0.176152,0.022341073,8.859223503392853e-05,0.039024504,-0.722997256,0.0094,0.0133,0.0166,0.0201,0.0226,0.0251,0.0279,0.031,0.0348,0.0462,,0.41030566968228527,0.42777632356547973,0.7313354571414059,0.0372302461179717,0.14816037928624493,0.05196098808689289,0.0954589004280339,0.08599060470275276,0.1191699416983867,0.8231031343088036,0.8485745567298485,0.95820384254752,0.08998508361523593,0.0834136182570964,0.08675910333361482
0.183823,0.020899671,8.698424392613644e-05,0.10916026,-0.624570893,0.0085,0.012,0.0152,0.018,0.0206,0.0234,0.0262,0.0294,0.0334,0.047,,0.35414788167505157,0.4256198014242038,0.6247031989842765,0.04043130483504237,0.1339483947703924,0.08355582645869222,0.07558299487150805,0.11603792799287475,0.1335025026843182,0.9784366647518271,0.8618337921487086,0.8812576078869155,0.055988939157323364,0.09518958927758472,0.0598521321134949
0.181784,0.021540894,8.347436291900524e-05,-0.089692359,-0.746684737,0.0087,0.0126,0.0167,0.0192,0.0218,0.0245,0.0274,0.0301,0.0337,0.0443,,0.39995529261135726,0.48051200684104495,0.6264563684852624,0.041365454166012575,0.12607941671984624,0.07012153801058123,0.10334574638033367,0.0905740916519724,0.10889390258895433,0.9091625983517073,0.9241751992125727,0.9739171439488193,0.059328960967543774,0.09336581401492396,0.07080514762189433
0.180342,0.022244282,9.670352473985207e-05,-0.010084634,-0.841953556,0.0088,0.0125,0.0169,0.0195,0.022,0.0248,0.0285,0.0318,0.0355,0.0448,,0.388675042928437,0.4460810400662574,0.528633325483093,0.04673165684201305,0.1414797757962441,0.05334192579266457,0.08272843601496364,0.08991822563786518,0.13144328307497133,0.9522252326351958,0.8974432913734618,0.8488946190190645,0.05543718429970859,0.08189062844297951,0.06847346498386747
0.182614,0.021118102,8.309905413446057e-05,0.035295124,-0.72534134,0.0085,0.0125,0.0159,0.0183,0.0209,0.0238,0.0265,0.0294,0.0335,0.0432,,0.41547274501653175,0.4012693771832291,0.5727097528245289,0.046313750378809776,0.13198390349048839,0.08692306024153261,0.06618812559726736,0.09924839163649193,0.11443122437131582,0.8108012867670739,0.8479998143307422,0.9700494074128798,0.06599239472691593,0.0975016236983693,0.09259334414150498
0.175702,0.021792361,9.28622457900505e-05,0.045411954,-0.703059206,0.0088,0.0127,0.0161,0.0193,0.022,0.0244,0.0274,0.0306,0.0348,0.0462,,0.3653307289814751,0.4373225329424645,0.9113770383164052,0.04372486948241239,0.12753014714518213,0.06752568670045896,0.0880882072140205,0.11115348369918762,0.13368217868419272,0.8932159414961358,0.9285130369543267,0.9522061412410017,0.0725980057340134,0.05717196731384819,0.06388735837984358
0.137678,0.019744641,8.585222122493836e-05,0.1787390694705229,-0.62838072,0.0076,0.011,0.0139,0.0166,0.0197,0.0221,0.0249,0.0282,0.0324,0.0459,,0.366362000024267,0.48030427027548583,0.5879552926014981,0.04034272118327143,0.12208446605480346,0.08636766801516363,0.0824839044900754,0.09500110169678672,0.12211532771154854,0.9781510483619055,0.8384016602933798,0.9596412016364868,0.08024563817681996,0.08419770923655281,0.06060566199762425
0.140161,0.018128687,5.722401995248951e-05,0.107431545,-0.679110252,0.0075,0.0112,0.0131,0.0161,0.0181,0.02,0.0226,0.025,0.0283,0.0391,,0.3992211343042931,0.4607778638372407,0.5794590452777437,0.04053204106473866,0.12906450062367864,0.07285523238814214,0.08639490171110652,0.11413986633251447,0.1321360577614539,0.9674283474398411,0.9818522633866781,0.9040429748835993,0.06470123452639749,0.09156127313393121,0.05972300887292308
0.133709,0.021837768,9.988364009378744e-05,0.1954080038417307,-0.580256182,0.0087,0.0123,0.0158,0.0186,0.0216,0.0246,0.0274,0.0306,0.0354,0.0472,,0.40338265403181445,0.44343581039354724,0.5443824165033745,0.040894858067099825,0.11290813781293282,0.07731958971770261,0.06816215068203746,0.09556478668420088,0.12052291367011449,0.8966621861391914,0.8079198180317037,0.9483199081912541,0.052555846231069445,0.07827943956269996,0.08124152588337792
0.13294,0.01698985,5.864635255103326e-05,0.015696304,-0.799012505,0.0062,0.0095,0.0127,0.0146,0.0174,0.0191,0.0217,0.0239,0.0273,0.0351,,0.39232827199101156,0.4438957998848743,0.6653088836652746,0.03566685516762148,0.12213402299620257,0.08223959442819478,0.0671653512864524,0.11025797123283973,0.10420512973882395,0.8630089147920377,0.8381333038281994,0.9102573399598306,0.060494170395785134,0.08755269675165699,0.06468771312726836
0.134688,0.018356516,6.0579791050171416e-05,-0.013885609,-0.844986473,0.0071,0.0106,0.0135,0.0161,0.0185,0.0205,0.0231,0.0256,0.0288,0.0359,,0.3947677642042852,0.428261140092504,0.8407671078569486,0.047741769350511463,0.1292634464703161,0.06681446612789295,0.07710195277700391,0.0998804144188419,0.12994420802083817,0.9055548368095281,0.9916888190953234,0.931959476961406,0.05739339018945688,0.07699451790173181,0.05821286173422508
0.137296,0.018586411,7.496325312382963e-05,0.1928860329314209,-0.57815087,0.0068,0.0112,0.0135,0.0157,0.0181,0.021,0.0232,0.0263,0.0305,0.0415,,0.37536616794363725,0.4427002019543721,0.7893899219922725,0.04663507322650628,0.14670919903088278,0.0827559309385666,0.06649254090229137,0.08737891071055605,0.10432882464258285,0.84121955057447,0.9095141082747801,0.8264647793536302,0.09123273513086355,0.06793346840594683,0.06545297399701636
0.137903,0.018225814,5.346961867870869e-05,0.015397249,-0.768501249,0.0083,0.0113,0.0134,0.0162,0.018,0.0205,0.0225,0.0251,0.028,0.034,,0.40699540169875165,0.4498569299831347,0.7816513363481049,0.046149424222150605,0.11425015681417036,0.050888523069210524,0.06799996651781709,0.10733370679723471,0.12113290062131568,0.9824633821442351,0.8101500363809082,0.9529538571599834,0.06656276421526437,0.08311569601936322,0.09548873184229655
0.133845,0.018516786,6.012437692184667e-05,-0.033339401,-0.840397987,0.0082,0.0106,0.0137,0.0165,0.0185,0.0207,0.0231,0.0259,0.0289,0.035,,0.3564569660686601,0.44303725335137284,0.6268123293234265,0.03727661181577245,0.13267827225095755,0.06846163684678852,0.07885499225161367,0.11389084117449927,0.1218761370506872,0.8472247765071926,0.9178047115454211,0.9414000422270757,0.0804369321566901,0.09432697580627084,0.07214115033391924
0.138361,0.018519026,7.228233460105762e-05,0.1028519772986782,-0.645780795,0.0069,0.01,0.0135,0.0161,0.0183,0.0208,0.0234,0.0264,0.0299,0.0431,,0.37828490823007155,0.4403501819607904,0.9131061681245406,0.04094799658585078,0.14894795046856463,0.05733891775945809,0.08688544931846892,0.11316138128566536,0.11859934354888758,0.8956321896337619,0.8320813270840227,0.9241196146008201,0.05264097071447814,0.063655551687872,0.08180815678890846
0.136159,0.0177047,6.151715050823286e-05,-0.041650639,-0.840739527,0.0075,0.0099,0.0131,0.0154,0.018,0.02,0.0226,0.0251,0.0281,0.0352,,0.3870790608718633,0.4555157047574498,0.6321917464002321,0.04593985797897885,0.11829725985878271,0.07446616635269963,0.07187776499305516,0.09431783794937004,0.12228151760450579,0.8102894566756189,0.9898370855383514,0.9441154109432124,0.07315090704904594,0.06683826565668148,0.09804346775366578
0.201176,0.020806879,7.751490396873213e-05,-0.109317287,-0.792473341,0.008,0.0128,0.0155,0.0186,0.0214,0.0236,0.0262,0.0293,0.0323,0.0417,,0.38222893553692355,0.42520906466783803,0.8505535832281337,0.037970210264272934,0.11595699100963386,0.07417736921303221,0.07540633674117764,0.09668211492598432,0.13346970726618473,0.9431471929934208,0.8134221974811041,0.9263638337604486,0.054278607807465254,0.07892567898059083,0.0892667851182815
0.191983,0.023761664,8.966485003678522e-05,-0.086518566,-0.775962774,0.0103,0.0145,0.018,0.0215,0.0242,0.0269,0.0295,0.0325,0.0361,0.046,,0.37954013909514617,0.49649216983081174,0.8544058085779143,0.042592361191944705,0.1207758059156659,0.07393162122946843,0.08205216727508081,0.10200279852324191,0.12931090504051473,0.9547101230415964,0.8170290083805194,0.8451771484648377,0.08193623255782476,0.05534890994050569,0.058577446034197206
0.19942,0.021163573,8.274898746560421e-05,0.056971593,-0.555259378,0.0092,0.0126,0.0157,0.0184,0.0212,0.0238,0.0264,0.0293,0.0327,0.0491,,0.41479942348094573,0.4258011310308777,0.7713716104823294,0.04563531093225913,0.12884468618828498,0.08433676060201116,0.08303741800701663,0.1059298293798362,0.12294738912011764,0.831436520134779,0.8568133106370364,0.9513683505653137,0.08981963273879505,0.09394871380145961,0.06969787901406918
0.194404,0.022371313,9.583483109987512e-05,-0.013668048,-0.720664206,0.009,0.0128,0.0166,0.0196,0.023,0.0256,0.0282,0.0312,0.0352,0.0468,,0.4166472320334237,0.408931191801407,0.6860986509626578,0.03944845695429817,0.11500390083774033,0.06792145047499787,0.09224312350475165,0.09276994948380345,0.12708816624293204,0.8093243614363392,0.9951575435047644,0.9655979400430151,0.09311944430937145,0.08029010964270478,0.07307944187188942
0.207162,0.022228514,7.425862208729961e-05,0.015462592,-0.609119216,0.0103,0.0141,0.017,0.0203,0.0225,0.0248,0.0273,0.03,0.0334,0.0461,,0.4118142939739313,0.4907278008507789,0.7977517059306252,0.040914294214539966,0.12749120830937974,0.06803294598079292,0.09282296268631263,0.111573149018686,0.10671070180588367,0.9547858759820692,0.9901215017405973,0.8151475804698588,0.07779498606454109,0.09657449698624743,0.07349448332410903
0.197481,0.022618584,8.745418237475456e-05,0.086044869,-0.69778634,0.01,0.0134,0.0168,0.0197,0.0226,0.0255,0.0281,0.0311,0.035,0.047,,0.35786935748331083,0.4510636343555477,0.9028696197767934,0.04898637988856696,0.1209725679408442,0.0864936857772322,0.08841033897225895,0.08818026424901179,0.11665077793146995,0.8232777764722394,0.9314030484831921,0.9588865073529037,0.0760854721951669,0.05931703463761196,0.06561503031298509
0.198693,0.021446357,7.262879256332314e-05,0.046381814,-0.656287342,0.0096,0.0134,0.0164,0.0187,0.0214,0.024,0.0265,0.029,0.0329,0.0426,,0.38289252144128477,0.49009586198823624,0.8634413873666789,0.03629151007157956,0.13304173681031192,0.07812818817629782,0.06885359066559882,0.09865453195239544,0.12460636222061804,0.9414570290000127,0.9782036519254605,0.8952110133209417,0.06063832492480124,0.09872857417710376,0.06626905835884703
0.203304,0.022812596,8.588058151665598e-05,0.1494159952555404,-0.561241557,0.0106,0.0139,0.0169,0.0197,0.0226,0.0253,0.0284,0.0313,0.0352,0.0482,,0.3653178757305411,0.41769059694319893,0.8455260640257074,0.03604789651523905,0.14721266032751182,0.06982707943724362,0.09823373881682397,0.08964922972639576,0.11634888511840888,0.838559365382557,0.8915083639927655,0.8494834135247401,0.06611758034324497,0.06946978823649247,0.07301447757860514
0.188972,0.024187445,9.6335588545338e-05,-0.097285606,-0.82580537,0.0103,0.0145,0.0185,0.0216,0.0244,0.0275,0.0306,0.0334,0.0368,0.0456,,0.3862119873842255,0.4425875261057403,0.544342814949459,0.043143544135908096,0.13916928811462367,0.07629033220697987,0.07387185072231295,0.10856939557499394,0.12568512160020764,0.8447922847434279,0.9186991721884215,0.956624126006035,0.08324635220435954,0.07855268709421917,0.08035877796668499
0.201417,0.021613531,8.47969338590224e-05,0.025933205,-0.596610481,0.0091,0.0127,0.0164,0.0191,0.0224,0.0245,0.0269,0.0296,0.0336,0.0468,,0.4071274396972126,0.47373642110563435,0.7814731799686322,0.04646728061676204,0.13464874207495947,0.054270540678602895,0.09123958261771357,0.09960586567550332,0.12144608720870062,0.9266067818758833,0.9193396215288905,0.9564649460882529,0.07610826122240182,0.056355149614866255,0.06389267235165438
0.182231,0.0224346,8.129623599434511e-05,0.076088052,-0.673333636,0.01,0.0138,0.0175,0.0198,0.0221,0.0247,0.028,0.031,0.0341,0.0448,,0.36514892318949005,0.47167269723187527,0.7636575167061846,0.04384988171683798,0.13276398831736183,0.07767186984406646,0.0995372981497606,0.11724324319505554,0.10200706560347819,0.8376798257909247,0.86105164782457,0.8535969691226785,0.06708356179978005,0.08606860868222853,0.09344579801986985
0.182493,0.022863446,9.190374718401944e-05,0.1299431059162717,-0.562234802,0.0103,0.0139,0.0172,0.0199,0.0226,0.0254,0.0281,0.0313,0.0356,0.0496,,0.371662362848628,0.477607370817623,0.5478751782165352,0.048495200531491575,0.13781282134180126,0.08349151110610478,0.07297484523600223,0.10793890060959552,0.11512216032494112,0.9333804475499644,0.9512151296223639,0.9894147092403354,0.08177870757977218,0.05410642428633043,0.057581946802179484
0.167778,0.022625622,9.250889659848667e-05,-0.095722306,-0.870383794,0.0089,0.0137,0.0167,0.0197,0.0233,0.0258,0.0285,0.032,0.0354,0.0424,,0.39759105947476636,0.42874751699643815,0.8906023796164043,0.043593513112905415,0.1337343767519182,0.06202007998677204,0.07787166114991763,0.10046176639539932,0.13398998573026327,0.8112668240701657,0.8459360922860851,0.8851813841769988,0.05187227006704542,0.09194493661897468,0.09323710174518955
0.176846,0.024411813,0.000118479,0.3635728723863173,-0.273912649,0.0108,0.0148,0.0181,0.021,0.0239,0.0268,0.0299,0.0333,0.0389,0.053,,0.4125506088438658,0.4584224135448103,0.7148756959768312,0.043360973816166756,0.13108254821619664,0.08563397805195129,0.075843359443974,0.0891224764435713,0.10582111659971262,0.9324766430717886,0.8176610494676656,0.8221728350169121,0.09038806995669287,0.07732066394364821,0.06864866191243525
0.168706,0.020469941,7.99419195626344e-05,-0.000747251,-0.788352723,0.0079,0.0123,0.015,0.0177,0.0206,0.0231,0.0262,0.029,0.032,0.0407,,0.35704883729640385,0.4130137456961961,0.8932899717030811,0.04299533813529818,0.13522048362874417,0.07681051795198791,0.10122746218389404,0.11269245501148825,0.12473626275759227,0.8443267550046626,0.9702200910894855,0.9239504182577416,0.05914156979313294,0.08705959222635268,0.06660388821162663
0.187886,0.022240129,8.224252607831031e-05,-0.032564769,-0.758685823,0.0095,0.0133,0.0172,0.0197,0.0224,0.0254,0.0281,0.0306,0.0338,0.0443,,0.3909022677180974,0.4340339198145608,0.8905475881127496,0.03645417277684677,0.12259374434932009,0.060689740858143874,0.08642481672154337,0.11316519734590916,0.1137505550634316,0.8964902452578278,0.9015720232923516,0.9715231085180701,0.07952756051225604,0.08718463260291626,0.05900757578667145
0.188674,0.022177175,9.307567751864374e-05,0.0285063,-0.737381212,0.009,0.0129,0.0163,0.0198,0.0224,0.025,0.0277,0.0309,0.0353,0.046,,0.38734174355898565,0.4274220872105006,0.7606092291012171,0.038340197673386874,0.12646070825541095,0.07983170536715126,0.10052301213413742,0.11630012849768931,0.09731405811310263,0.823718890685172,0.9338332375301566,0.9569325170344561,0.08633552929052209,0.09172240567158649,0.05844909746505155
0.185565,0.024865022,0.000113584,0.1801315958469366,-0.544481353,0.0111,0.0152,0.0183,0.0215,0.0247,0.0275,0.0303,0.0344,0.0391,0.0537,,0.41578378554876666,0.40500044853838973,0.7434922264780264,0.04370320459063231,0.12058567478078767,0.07959400467736744,0.07611534684976058,0.08517056675969764,0.1066814570845758,0.8649467125521364,0.9049887958482442,0.8145841627616447,0.0595225285818228,0.09250914739331871,0.08357741445399386
0.182527,0.023127139,8.7095192020359e-05,-0.074201844,-0.805627201,0.0109,0.0142,0.0174,0.021,0.0232,0.0259,0.0289,0.0319,0.0357,0.0414,,0.3720594562021363,0.40934556638460223,0.6460173899982868,0.037902743840314106,0.12125247124946478,0.07907142410895851,0.09065971125739848,0.08313457371000986,0.10051698960986978,0.9775994951038648,0.9323867094267664,0.8357736482272387,0.06542008699063692,0.09604431878945731,0.07268049529757616
0.178894,0.024872403,0.000114699,0.068914658,-0.760367258,0.0107,0.0146,0.0181,0.0214,0.0245,0.0281,0.0312,0.0348,0.0392,0.0495,,0.37910747250283394,0.45165194556461574,0.7776097852911996,0.03892625661304075,0.12621081277576263,0.059176649673948964,0.06934186095228773,0.08712277208506933,0.12348550871834255,0.8831252332795401,0.8340692836299529,0.8234992456105504,0.08954903608320416,0.05237033038849467,0.07517890945342227
0.2165,0.025693753,8.934838196502971e-05,-0.120265645,-0.711391498,0.0122,0.0167,0.0207,0.0234,0.0262,0.0288,0.0314,0.0344,0.0381,0.0464,,0.3959965589091542,0.40307631306769215,0.5429690172887431,0.035851874863060844,0.11724848079404145,0.07290293724656165,0.09198810989249653,0.10402185362506794,0.12863008373053147,0.8845850062828927,0.9819828942323064,0.9028790712240716,0.08137242628519784,0.06612629739539398,0.08793882842437564
0.227436,0.023337541,8.18911980969965e-05,-0.006611078,-0.670139783,0.0107,0.0147,0.0178,0.0212,0.0235,0.0261,0.0285,0.0314,0.0353,0.0461,,0.3881391482969545,0.417554596772669,0.5173969050875441,0.03713981343511554,0.14600254067117155,0.0700324008941281,0.08718832828772274,0.10195293543266983,0.10601364752837178,0.984578004167037,0.9746388340271159,0.8497867878606123,0.06177046433392724,0.06737102955612578,0.08414689503522518
0.210002,0.024571831,0.000111723,0.054008497,-0.537412866,0.0106,0.0149,0.0182,0.0215,0.0246,0.0278,0.0307,0.0339,0.0379,0.054,,0.3798217540162224,0.4904307496972608,0.5731646324781668,0.046604237237904515,0.12138004716391292,0.07268212094589878,0.06543371697212473,0.09908971886831619,0.10059070137652683,0.8667304673544356,0.9456214274275904,0.8989719270284264,0.07295047843712005,0.08394153139186672,0.09166972131074397
0.212619,0.024942714,8.330759393855488e-05,-0.063813471,-0.656538546,0.0123,0.0162,0.0194,0.0222,0.0253,0.0279,0.0308,0.0335,0.0368,0.0483,,0.4015262603226229,0.4704425389839318,0.8295807668372657,0.03678895629615056,0.13286992495584776,0.06385299470870326,0.09772264842070638,0.11676688630374796,0.10251543323333188,0.8891346434434553,0.8471560197307072,0.9793425551232632,0.09295850207046269,0.08270161364725952,0.08500706465813454
0.221543,0.024379504,9.029732355344282e-05,0.058560826,-0.590052755,0.0115,0.0152,0.0183,0.0216,0.0245,0.0272,0.0301,0.033,0.0366,0.048,,0.3798891017984688,0.44615138086718137,0.534871805901053,0.041600012464153284,0.12166964084402643,0.0627950342171746,0.08410029521188662,0.10062911777093662,0.1257629834581176,0.980740366421998,0.9087170481927143,0.947506163110026,0.07412845294457931,0.07223869328358522,0.07953230593098705
0.212042,0.024374192,9.563885817504173e-05,-0.136997983,-0.811922699,0.0104,0.0149,0.0188,0.0222,0.0249,0.0276,0.0304,0.0334,0.0373,0.046,,0.370465733955386,0.4530435384589573,0.7871037089721643,0.04493936446162202,0.11748367354499088,0.07176732052437557,0.09969376421029895,0.09366583853662412,0.1287140307331915,0.9658867017726777,0.9344410769831947,0.9231403248111574,0.060131974988919805,0.06706201385924497,0.08822795711809935
0.216627,0.025141813,0.000121016,0.170109343,-0.402680301,0.0098,0.0147,0.0186,0.022,0.025,0.0281,0.0316,0.0349,0.0393,0.0568,,0.39919831008939494,0.46203054575290786,0.7805629851616301,0.036611971601452235,0.13197963657237352,0.07629118412624372,0.09197325824748089,0.10418194798276481,0.10952342569406762,0.9966538379622345,0.9468481516150219,0.8114617599628504,0.061116283048872934,0.06302351417019487,0.08846783459452434
0.2014,0.022976437,9.449473887643266e-05,-0.081856303,-0.74513788,0.0095,0.0134,0.0173,0.0203,0.0234,0.0263,0.0289,0.032,0.0356,0.0473,,0.3652236874392781,0.4350055944279517,0.5851321541052488,0.046804571285352946,0.11391963621097662,0.08332382923934013,0.072114390858393,0.08540938268016324,0.10286813721325994,0.9952140586411674,0.8489760588327641,0.9561558307181289,0.07781545397374456,0.06362364858938829,0.09256343132668643
0.214617,0.023114086,8.859017042840331e-05,-0.083545122,-0.723114668,0.0099,0.0143,0.0183,0.0208,0.0232,0.0261,0.029,0.0322,0.0353,0.0453,,0.3537757413659724,0.4621269094767595,0.9076490112794049,0.042271039105109064,0.113051039481091,0.055050107715453066,0.08456029511785815,0.09588399141675623,0.0974939903654879,0.9090782654725068,0.9740966676333395,0.940864956298479,0.08674151251629628,0.055378946849286625,0.07751360515492493
0.217152,0.025269755,0.000103781,0.004254119,-0.697835917,0.0115,0.0157,0.0191,0.0223,0.0252,0.0281,0.031,0.0346,0.0389,0.0495,,0.35420620278332987,0.4456705982605321,0.7234668925387744,0.03984235010504089,0.11492703285678484,0.07283964839473589,0.09640234597169522,0.09145926996442996,0.1035985250069641,0.9755710784398053,0.9782211494855181,0.8980847366070586,0.06658245744226944,0.06990543426137924,0.09181780467613303
0.136727,0.018811375,6.917171771773312e-05,-0.004487345,-0.797369449,0.0071,0.0111,0.0137,0.0165,0.0186,0.0213,0.0236,0.0266,0.0302,0.0382,,0.35513188691386705,0.4602830264197711,0.6764809181452023,0.03912194540598428,0.13275005292936612,0.05697417973457288,0.09900602191490519,0.11031290736685487,0.10551501062447281,0.9861433166123802,0.9787222150576093,0.9883637998640503,0.09221554115124189,0.09592687378013079,0.06700593754962722
0.131049,0.019095808,7.204511495939393e-05,0.044372729,-0.818472015,0.0072,0.0113,0.0136,0.0165,0.0191,0.0215,0.0242,0.0273,0.0305,0.0401,,0.4169745234088623,0.49571140989730833,0.9269505454603214,0.04747311922964771,0.12067487092922725,0.06349922114761565,0.09670574148190707,0.09622924735613964,0.12025389180841166,0.8651561478435823,0.982395704038461,0.8673335708213765,0.05486948659239202,0.09778605213609452,0.09559251668644002
0.135623,0.0168028,5.709819827340695e-05,0.051515125,-0.660361217,0.0061,0.01,0.012,0.015,0.0168,0.0188,0.0214,0.0235,0.0267,0.0378,,0.4036833597573255,0.40648220249032374,0.6576061454316974,0.038470131464318234,0.13376307947853575,0.07111959066562146,0.08232969740857557,0.10225897228193348,0.10646474091772826,0.9794002707271411,0.818511506826965,0.8982249599353916,0.08121377392682921,0.056227472180436514,0.08207702530726384
0.137246,0.017323292,5.0614790844046934e-05,-0.037521647,-0.836707378,0.0077,0.011,0.013,0.0155,0.0173,0.0197,0.0218,0.024,0.027,0.0336,,0.3916601410651516,0.46144714321924757,0.5883342788786015,0.048110179001124825,0.14403853223873883,0.07520817539132005,0.0737973708970729,0.0965393460979264,0.11739139979866071,0.9981216145951566,0.8776410202698495,0.9945536178237038,0.07825646084354429,0.05736522563053237,0.06746026799811021
0.138974,0.017776383,6.372822306549108e-05,0.040988352,-0.741751275,0.0065,0.0103,0.0125,0.0156,0.0176,0.0205,0.0225,0.025,0.0284,0.0375,,0.37265449655801197,0.4884117656413639,0.5460399241510646,0.04413181813715969,0.12970852617714415,0.05147985289602064,0.08991015895875268,0.08124127230551251,0.1021372736758841,0.9784377709842659,0.8691697443940587,0.9431133591961384,0.08659501715503849,0.08991779900227269,0.07919539584363351
0.136852,0.020823477,8.355850815341742e-05,0.073851528,-0.790562483,0.0083,0.0118,0.0153,0.0182,0.0207,0.0232,0.0264,0.0296,0.0333,0.0442,,0.38023214512103554,0.4349776797558723,0.8014894100911898,0.046283082004445884,0.12054708767261745,0.08362252076669671,0.07450125013417076,0.08328516962578557,0.11700405329244672,0.8694276458657899,0.8906256501965121,0.8293793870213304,0.08640852702507408,0.06897165374397761,0.08125769592211203
0.13578,0.017102652,5.730072357691657e-05,0.091097361,-0.618377304,0.0065,0.0103,0.0124,0.015,0.0171,0.019,0.0216,0.0237,0.0272,0.0382,,0.3728238196406046,0.49464700946473444,0.9009963932772725,0.03546886362755007,0.1455037936957259,0.06837412224431874,0.06899275954589551,0.11209765492989358,0.12321692881024071,0.8543238489055526,0.9313981471300784,0.9359770594943435,0.08352263112874105,0.0562537485698308,0.07395617140948957
0.129869,0.018659164,7.239111623716253e-05,0.17528387,-0.645775111,0.0071,0.0111,0.0134,0.016,0.0183,0.0209,0.0235,0.0267,0.0301,0.0408,,0.4109900564088524,0.41499526729158304,0.8167389053659957,0.039218820336225646,0.14147476577099966,0.07237701842085263,0.07445564598475161,0.09333104244006118,0.12147429602036497,0.9488917199405972,0.911613724660952,0.8959874274304627,0.053030405130095014,0.06082415058935266,0.0937961280824482
0.132225,0.016756556,5.5623809385952825e-05,-0.028899518,-0.833013761,0.0058,0.0103,0.0123,0.0149,0.0167,0.0193,0.0212,0.0238,0.0268,0.0334,,0.4164179804895717,0.42201601273671846,0.535967023889155,0.03738166151501654,0.14260047541759494,0.059652753456822076,0.09596307712567596,0.10489482245574729,0.09874209761921802,0.8342735315704907,0.8654813711950099,0.8921732941713583,0.07010164771279234,0.07222810692972999,0.06000702027694868
0.137763,0.017601096,5.2488225739164926e-05,-0.027246362,-0.807043422,0.0079,0.0104,0.013,0.0157,0.0177,0.0202,0.0221,0.0246,0.0272,0.0341,,0.39159804978350143,0.49165800126539133,0.572001127944204,0.04439195494110403,0.13602194661589528,0.07784575464872734,0.09989278717941508,0.11785271611486141,0.12244625296261495,0.9476172533053216,0.975736457406823,0.9731440594687146,0.0752889270330398,0.07163236662781813,0.09230349111915732
0.127559,0.022792024,5.672049801927742e-05,-0.356629084,-0.400373496,0.0123,0.016,0.019,0.0212,0.0231,0.0255,0.0274,0.0297,0.0325,0.0372,,0.41178133554314555,0.46533453132942265,0.7594926259057455,0.04407177625231781,0.11366431706954369,0.06621859223823781,0.08124709958523445,0.08453722632986768,0.10936645982489897,0.9552928214588255,0.9544101877318585,0.9432283089274996,0.09202632862938645,0.09322500834132919,0.06145442752620513
0.133482,0.02123843,6.058121671454244e-05,-0.080693191,-0.758193026,0.0106,0.0138,0.0163,0.0191,0.0212,0.0237,0.0261,0.0288,0.0318,0.0368,,0.3625916791598897,0.4296839281646945,0.6344740841152682,0.04736598478040666,0.11662484886202072,0.08421930552963748,0.08541397403872704,0.0823523388105799,0.1148721914948719,0.9706836118838482,0.9420491807158912,0.832438889665105,0.054071471620367365,0.09422411861621581,0.06123356983841127
0.117749,0.022331189,6.413435022685401e-05,-0.055069521,-0.548241252,0.012,0.0149,0.0175,0.0207,0.0226,0.0246,0.027,0.0298,0.0328,0.0416,,0.4174177460924289,0.4014260434720114,0.7200401490182664,0.04945501047512142,0.13143456449974586,0.06946701575949872,0.08837772408374327,0.10116016583984462,0.10816327446246843,0.9902375926032946,0.8231446578374958,0.814081223714492,0.0844494061853116,0.053301741057968935,0.08545539374250365
0.129585,0.022570839,5.688642671313072e-05,-0.322444047,-0.560755954,0.0118,0.0158,0.0181,0.0211,0.023,0.0252,0.0275,0.0297,0.0324,0.0375,,0.36151305586056115,0.48817801160532565,0.6920989545797184,0.04777181386562926,0.13335878658582914,0.06480996578488402,0.0948971808021482,0.11779405806281665,0.10003938655041913,0.928841496010494,0.8556275656099258,0.9253547876479885,0.0673845984735848,0.09343097317108201,0.08672288134973043
0.123242,0.022880818,5.9918219634538934e-05,-0.263923689,-0.410119866,0.0125,0.0162,0.0188,0.0208,0.0232,0.0254,0.0275,0.0298,0.033,0.0394,,0.38565195128220053,0.49528623756194523,0.8156310514235668,0.03919131688803629,0.14082928022729582,0.051118889120261,0.071892929277378,0.08592106599270094,0.11068840946815696,0.8882491551135683,0.9668934468285062,0.8248097096513205,0.07157617401089343,0.05798410727697658,0.08311908870972194
0.126341,0.020800733,5.2143852556446574e-05,-0.147292416,-0.499530966,0.0113,0.0139,0.0168,0.0191,0.021,0.0231,0.0254,0.0275,0.03,0.0401,,0.40557830412300205,0.42044110695760917,0.5459049963328302,0.04769526661976617,0.1453503193517935,0.08195673719081642,0.07385657876450692,0.10830206073785682,0.13248743085995404,0.9652155834980155,0.951268296478737,0.8468752147906432,0.07454217589085967,0.07020016529749065,0.07303423349154492
0.124409,0.021710253,6.197586887029395e-05,-0.016323859,-0.603757338,0.0116,0.0144,0.0174,0.0196,0.0214,0.0236,0.0263,0.0289,0.0327,0.0402,,0.3918338265929372,0.42810117849379475,0.6762457549624047,0.04005699262193838,0.14289989814193235,0.06720193911113388,0.09946199449941072,0.11183001110799588,0.11669491845018763,0.8273534221069819,0.9565487611609979,0.8253102444261198,0.07637385371050351,0.06421693000712532,0.08804247844166037
0.125489,0.021285068,4.988330473118077e-05,-0.349740272,-0.250619913,0.0117,0.0154,0.0176,0.0201,0.0215,0.0234,0.0255,0.0277,0.0304,0.0372,,0.3735836796187622,0.4856650913647181,0.7938169116926639,0.03990688941459303,0.14918712454036837,0.07421597081734754,0.0940913272973982,0.11096736391003646,0.1161672680361557,0.8321295483167118,0.9806860464425848,0.9142968463683373,0.06478963925431175,0.05890633539729547,0.06885931055672193
0.125296,0.022926492,6.742693747431861e-05,-0.085993902,-0.652905413,0.0123,0.0155,0.018,0.0209,0.0228,0.0252,0.0279,0.0306,0.034,0.0411,,0.3753545510745687,0.4603703154402096,0.5083089631404489,0.04025496895937159,0.1306282730879934,0.060561395405363774,0.070303345542061,0.09698983846510939,0.1103570003314947,0.9604741082903835,0.9052468063167709,0.8250482346862084,0.08584193070944808,0.06783431462380299,0.06872740601396293
0.186953,0.022811628,0.000101603,0.07060573,-0.599633129,0.0095,0.0134,0.0169,0.0198,0.0226,0.0254,0.0284,0.0322,0.0362,0.0491,,0.3621795295305067,0.4927290995772205,0.8291983061216852,0.0460173607047919,0.135955829686464,0.08543114992546075,0.07788358709517999,0.09886182369081063,0.11313989131846962,0.8847517169531836,0.8506513916761415,0.8712308444952693,0.05873734362234932,0.05204337781856719,0.07646624694473826
0.198927,0.026621127,9.033782644608632e-05,-0.103315366,-0.726247855,0.0136,0.0181,0.0213,0.0238,0.0266,0.0294,0.0324,0.0358,0.0393,0.0458,,0.3860943664575147,0.44019799420364786,0.9122040725031333,0.043238894186497095,0.1132042330111223,0.05076951346574663,0.08228527640945191,0.0917242566700099,0.11500868647262431,0.9534692035980596,0.9323230937766203,0.9098452440383319,0.05681182922130004,0.05483682056843843,0.09882021060008593
0.195633,0.024857278,7.357322475411603e-05,-0.189516789,-0.622984944,0.013,0.0169,0.0197,0.0228,0.0254,0.0278,0.0299,0.0328,0.036,0.0426,,0.3968242742025012,0.45059686688888856,0.6918221502315499,0.03920599032279808,0.11976526954643306,0.0663440202827985,0.0856760314453511,0.10161888194798852,0.0980854395312362,0.8095080137435694,0.9438223816068263,0.9558468738197506,0.07791148031039918,0.08773357689942676,0.059876534713169366
0.185052,0.025166987,7.713783712078678e-05,-0.099318996,-0.604662316,0.013,0.0171,0.0204,0.0229,0.0253,0.0279,0.0302,0.0331,0.0369,0.0456,,0.3570506287182152,0.4637876171438557,0.8271764508540743,0.0432350767880301,0.1339744814121018,0.05037730617944536,0.10105218908438421,0.11220536980863244,0.11954455603457151,0.9462500243868384,0.8668575168003545,0.8618107530073087,0.06556500487842641,0.08672419692103213,0.09449656893050808
0.18712,0.027879121,0.000110833,0.028835701,-0.692732714,0.0143,0.0185,0.0218,0.0249,0.0279,0.031,0.0342,0.0376,0.0419,0.0516,,0.41673479710216077,0.42832389347104083,0.8355616646444313,0.0400295347179974,0.1134395284022255,0.08487241942302345,0.06751440013173873,0.10129930801431229,0.09851380741186319,0.9858779456164086,0.9160141868693947,0.8969101063757575,0.05211227060668331,0.08146129948504156,0.06374039732158943
0.195934,0.024669326,0.000113215,-0.00399842,-0.667905559,0.0104,0.0149,0.0186,0.0217,0.0244,0.0274,0.0306,0.0345,0.0386,0.0498,,0.37576117774531975,0.4553954504789047,0.6201627267870704,0.038969201037576236,0.13408150436653557,0.06967673008098874,0.0667551035882923,0.11893307783506309,0.10400589590703227,0.8444814470490384,0.8251797952441184,0.9592477057855201,0.08539309323669846,0.06993711704272076,0.07629020672940155
0.189828,0.025718235,8.122843278551085e-05,-0.13558958,-0.645233676,0.013,0.0172,0.0203,0.0236,0.0264,0.0288,0.0314,0.034,0.0373,0.0475,,0.35363757268725293,0.43852652629867944,0.554454615774855,0.0419606836000225,0.12727508154118478,0.06953688722894667,0.0989663138956149,0.0967112249154678,0.09777958791719735,0.8707070491922744,0.9634092096595664,0.9595107915840102,0.0734799169516651,0.07911666111023216,0.0754902000756894
0.202986,0.024504043,8.059630914998263e-05,0.001566473,-0.653227316,0.0121,0.0167,0.0195,0.0218,0.0242,0.0269,0.0301,0.0328,0.0367,0.0449,,0.3733592752587928,0.4562287436723096,0.7076601399474095,0.04118595370837244,0.14065023330507018,0.06789661648388312,0.07204800302714079,0.09683684239733989,0.12207411086930416,0.8050611034564534,0.9072963404635714,0.9414465069215797,0.055013679957069836,0.07325211489152197,0.06008408023541137
0.190412,0.025717987,0.000119722,-0.085945021,-0.793285026,0.0109,0.0154,0.0192,0.0226,0.0258,0.029,0.0324,0.036,0.04,0.0501,,0.39725515729803335,0.4072511155734636,0.5611516390630475,0.046205099106464094,0.12738939959704687,0.07891553648266653,0.06817199638764491,0.11292827980987269,0.10528750124519332,0.873934886319443,0.8569167185832605,0.8546085282526888,0.06007666943054028,0.07244429943831392,0.09892290453023403
0.192955,0.027328592,8.423721901339169e-05,-0.165277191,-0.474343607,0.0148,0.019,0.0221,0.0249,0.0276,0.0301,0.0327,0.0355,0.0389,0.0501,,0.3824291049497138,0.4426877620821291,0.7507631716583681,0.04597194472651357,0.12988810744090562,0.059617895270412974,0.09781465135128473,0.10925389285372346,0.12623155633367616,0.9393588373468686,0.9522696079520341,0.9410155230825232,0.08199011114690619,0.05927097859683958,0.07957961837392159
0.128124,0.022683476,9.34207479309608e-05,0.1066630398579129,-0.70330191,0.0098,0.0131,0.0166,0.0194,0.0225,0.0256,0.0286,0.0316,0.0352,0.047,,0.36936113914612795,0.4788350991523539,0.6241962251059483,0.047524010317206926,0.13591783439125826,0.08374871122516273,0.09676508660759772,0.1181195390761156,0.09634541407903992,0.9868519808532362,0.8359281350913789,0.9510234968583331,0.06676053576589192,0.09549773602214885,0.08399099646477291
0.120337,0.019768884,7.28912893665101e-05,0.1178988119834369,-0.666499517,0.0079,0.0123,0.0145,0.0169,0.0201,0.0221,0.0243,0.0278,0.0313,0.0415,,0.3523062431508998,0.4564358123409252,0.5421959255835929,0.04863121665481039,0.1158809134983084,0.055447965402195126,0.07755018749780306,0.0827615991336517,0.10051824423270528,0.8598368304959135,0.8041474866339403,0.8709190968135728,0.061459496677415966,0.07866276602712925,0.09485265521713661
0.13279,0.018762227,7.461144025723893e-05,0.08373499,-0.691594216,0.0068,0.0102,0.0138,0.0161,0.0183,0.0213,0.0238,0.0265,0.0303,0.0423,,0.41811905623223034,0.40295553056998995,0.791071327735479,0.04035783120234423,0.11389521992747742,0.0860910656630879,0.08332389233498969,0.10425440614253485,0.11645391297017821,0.8594961488944848,0.9756572950086558,0.9019318500563919,0.070578305090059,0.09861283257491318,0.05921744775524285
0.125688,0.021050417,0.000102602,0.49711975,-0.052260954,0.008,0.0114,0.0146,0.0174,0.02,0.0229,0.0259,0.0293,0.0352,0.0548,,0.380461324526019,0.48296674087778046,0.8887857062669852,0.04151992546425039,0.14656036142294007,0.06494113382185246,0.0826534536758259,0.09295307705562832,0.10111619342076986,0.9933614693876722,0.932575950140354,0.810248173035977,0.08068794914284687,0.07114088237941733,0.07978319170905565
0.131839,0.017724205,6.464938593100307e-05,0.072389138,-0.724200098,0.0064,0.0102,0.0124,0.0154,0.0175,0.0205,0.0225,0.025,0.0284,0.0375,,0.4029336783574673,0.4563171924435893,0.774513295771314,0.043652699371230404,0.11378521718298597,0.06321756545715135,0.08609879784761769,0.10642080944019976,0.1281740109066408,0.9807452631035541,0.888992026903268,0.836558268292423,0.08626097000466751,0.09620379327151767,0.06572008337561748
0.13361,0.019113295,7.274145422069467e-05,-0.03084206,-0.811212852,0.0068,0.0113,0.0136,0.0174,0.0193,0.0218,0.0245,0.0271,0.0305,0.0398,,0.36511640095728887,0.42777234902013245,0.7124456063868054,0.0454330818555124,0.11381126929886916,0.05613633095811095,0.07416111071228869,0.10969374111590294,0.1019545587050105,0.8463392275113458,0.898490415785908,0.8270205023362203,0.05848872136008861,0.05966915478654671,0.06441198504154842
0.129955,0.017446502,6.040139903703732e-05,0.046150942,-0.659144171,0.0064,0.0102,0.0125,0.0154,0.0173,0.0202,0.0219,0.0244,0.0277,0.0375,,0.4032119641065561,0.4822743418576358,0.5321477367802467,0.041286066613682885,0.12606705053506265,0.08443168437085526,0.08665551173211748,0.10416352949487032,0.13190793839415327,0.9225583664213988,0.8613661820214086,0.9671886266647598,0.07540887125916933,0.05540199623909784,0.07849113318308888
0.133211,0.018140493,4.8749728383878905e-05,-0.056846611,-0.795819181,0.0084,0.0116,0.0141,0.0161,0.0181,0.0203,0.0225,0.0247,0.0276,0.0334,,0.409039806058305,0.4894744816249538,0.7815467076987261,0.03679092131491446,0.12158148592056083,0.05592401801105125,0.09017404388499885,0.11723872444769536,0.10695280388733176,0.8156131825976668,0.8521226750450116,0.8134006294376626,0.09287297591460138,0.06873312332160027,0.07153041892161066
0.123139,0.017893653,5.2179782007235513e-05,-0.063552806,-0.831591237,0.0081,0.0107,0.0132,0.016,0.0179,0.0204,0.0223,0.0248,0.0276,0.034,,0.35499083321084723,0.4212678352082548,0.7309041643923637,0.049556757895860254,0.12329741032979716,0.057480263347288466,0.10050857548543436,0.11233685432889619,0.12516143488748332,0.9549476648021494,0.9710256891016568,0.9348620143880728,0.0747763629641597,0.06361056974221535,0.07418981117630301
0.137822,0.017803657,5.910292572355368e-05,-0.003285083,-0.790257706,0.0067,0.0103,0.0132,0.0157,0.0176,0.0201,0.0226,0.0249,0.0282,0.0362,,0.3855179436152919,0.4926032717755281,0.5821638613147807,0.038074311047726433,0.1298114932035901,0.051582075752453736,0.09575237562152014,0.1070287058581633,0.1323018402514145,0.8512544088202493,0.8103700902970178,0.80787935089824,0.05431711803140705,0.07674986783198007,0.06971078975625286
0.200114,0.028053288,9.60796848700452e-05,-0.056848876,-0.53472512,0.0151,0.0193,0.0226,0.0255,0.0282,0.031,0.0337,0.0367,0.0407,0.0512,,0.3648173006157557,0.425138638859811,0.9273721744679259,0.04493653306156445,0.11317893232422926,0.0755821522307146,0.08040129697103048,0.09007569701935303,0.10416784022350883,0.9297123737382345,0.8081229190754493,0.9772774548470092,0.09092572913917701,0.08329775715580484,0.07486551336861413
0.199963,0.029154548,9.79670553876444e-05,-0.016957188,-0.183019042,0.0163,0.0204,0.0233,0.0265,0.0292,0.0319,0.0347,0.0379,0.0419,0.0557,,0.3809020553602798,0.40672114080660365,0.8288435391991072,0.04518011489441551,0.14261715280445322,0.061816455217854054,0.10341489540650946,0.10439419016784326,0.1170438032371687,0.9716669475384592,0.9520482176365332,0.8752496725911265,0.08216421101610016,0.07965718196680328,0.09795490095099492
0.188272,0.027574076,0.000137519,0.01192042,-0.645000841,0.0112,0.0166,0.0208,0.0245,0.0281,0.031,0.0344,0.0381,0.043,0.058,,0.398151505911567,0.43570193346580277,0.6767266374896861,0.04511652332720839,0.1247639881317706,0.08495517233933267,0.08171252804257534,0.08345649805100704,0.12044245548512782,0.8131696708770065,0.940063266429081,0.9497963790379775,0.07126601479269948,0.08704855740964777,0.0783175362740409
0.191133,0.027741975,0.000109302,0.027324549,-0.734014336,0.0143,0.0186,0.0219,0.0248,0.0278,0.0308,0.0341,0.0379,0.0421,0.052,,0.37623966117236407,0.4267675813016871,0.712450367002253,0.04898134045656667,0.11484858420551686,0.0680363440013072,0.08134383694088433,0.08830771315155794,0.10389236324588672,0.8885962730981218,0.9532203300604066,0.8927488693440094,0.08959375666710948,0.08926746781216116,0.09809285747241912
0.193242,0.024263856,7.980130768440678e-05,-0.064394885,-0.714670304,0.0118,0.0165,0.0194,0.0218,0.0241,0.0269,0.0297,0.033,0.0362,0.0453,,0.41084767150405777,0.4590860063095261,0.5946142544075034,0.03686571279499953,0.11870260517614442,0.08522156362116202,0.08043192157094202,0.11591951117839319,0.12582703895700662,0.8239536252191786,0.8261458681234906,0.9737457879661955,0.05580680106521714,0.09091740086956326,0.06489921511997655
0.203448,0.028646342,9.637175395740376e-05,-0.13276432,-0.550880067,0.0156,0.0197,0.0232,0.0261,0.0289,0.0317,0.0346,0.0378,0.0416,0.0531,,0.36541290446041785,0.4373466148765688,0.845689480223686,0.04872283302647779,0.1483697273008249,0.07109487022507137,0.07299124199404246,0.0880637127240632,0.11953487082494342,0.9041562936898954,0.8702946844130895,0.8654925771582198,0.08441372258419759,0.07505818017112348,0.07940593929452913
0.201261,0.027990804,0.000141262,-0.091004609,-0.828594321,0.0121,0.0174,0.0214,0.025,0.0285,0.0318,0.0351,0.0394,0.0441,0.0517,,0.41013058567490857,0.40677415183170634,0.6607071063973236,0.03812599477873172,0.12598305551904146,0.08455869129404153,0.07971902748213114,0.1034738312927492,0.10707919691312555,0.9774413330776746,0.8306219491868667,0.9913574393821499,0.07271761150261101,0.08063994472100697,0.09227807518473442
0.191999,0.023159906,7.305638882875504e-05,-0.066019008,-0.627416024,0.0111,0.0154,0.0187,0.0211,0.0233,0.0259,0.0282,0.0309,0.0346,0.0453,,0.41767207174249765,0.4535439001448535,0.8288434913632676,0.04380756621578017,0.13883293947666375,0.052100792798991206,0.06798366676888111,0.09891082559686726,0.1159127570853702,0.8043677013719669,0.804579941077193,0.9820062356322811,0.06757572918017053,0.06283190550381472,0.09444969426148993
0.194807,0.025826937,8.437808642363107e-05,-0.139843329,-0.694807226,0.0128,0.0172,0.0206,0.0237,0.0262,0.0288,0.0315,0.0345,0.0376,0.0468,,0.39128641355748245,0.47280219768953796,0.701534120988453,0.04264822209767794,0.1345704916994225,0.053078477978479935,0.10180170349253292,0.10347663944685609,0.12827996658564522,0.9346257216673326,0.9097018141309337,0.8582386132921452,0.05377731425968529,0.05194453536460594,0.08812496865077668
0.194452,0.027588249,9.954106232682504e-05,0.082431252,-0.231921312,0.0142,0.019,0.022,0.0247,0.0274,0.0303,0.0332,0.0367,0.0407,0.0605,,0.36619806357466383,0.4462482289540554,0.9360039561744389,0.047999362501375216,0.12155433076357822,0.05775213846449325,0.09766332399587406,0.09881352913563296,0.12024373745740012,0.8175686058226006,0.8346821734024351,0.939790945838938,0.09007311469533634,0.07114227787023074,0.0642602280258107
0.220516,0.024621207,9.54631218077026e-05,0.049190987,-0.610162503,0.0116,0.0155,0.0187,0.0217,0.0243,0.0274,0.0302,0.0334,0.0374,0.0495,,0.35118121523967977,0.4076158062861475,0.5564372110856353,0.04456760282631526,0.149124817481846,0.07657882004521102,0.10053862523977651,0.08390122323579079,0.10208314252849839,0.9248758150852697,0.8969883145762241,0.9063630950221306,0.08587948840741465,0.05762873394919703,0.06576055470190828
0.218117,0.024825911,8.797552252971908e-05,0.062335286,-0.446148014,0.0125,0.0162,0.0194,0.0222,0.0249,0.0276,0.0301,0.0329,0.0367,0.0503,,0.3961279713036922,0.43444207769269944,0.8234529578853399,0.03880008370780286,0.1476598829599986,0.05299254455206557,0.07928067269789726,0.09781098622730497,0.09610804187452236,0.9840523927357169,0.9686792472662776,0.8057204052197978,0.08426101680322112,0.08658520584224333,0.0708711198646031
0.207233,0.022641176,0.000100749,0.1405337237088677,-0.43656278,0.01,0.0139,0.0175,0.0203,0.023,0.0257,0.0286,0.0318,0.0358,0.0522,,0.3975638372174592,0.4625216306321117,0.6960185397220695,0.03968295841531338,0.1251948142181293,0.08510514315374931,0.07719597322433307,0.10388978496287618,0.11339150733351618,0.8307831918854109,0.969640085084349,0.8573314315210988,0.09314091549840543,0.08219580105972166,0.0894192786422795
0.199529,0.022895219,9.45073930200301e-05,-0.057429925,-0.760505696,0.0095,0.0133,0.0171,0.02,0.0231,0.0262,0.0291,0.0321,0.0353,0.0471,,0.38410613845852715,0.44341863835327067,0.5482619689795759,0.04948499882751437,0.12559261719176212,0.05900160303824306,0.09824392840476656,0.09115840879620722,0.11496065100244113,0.9645395142760196,0.9129913259721315,0.9726505070099182,0.06448827879578488,0.07060030344096735,0.08750137939577843
0.208717,0.024483822,0.000106284,-0.03873366,-0.749153263,0.0106,0.0149,0.0184,0.0215,0.0243,0.0275,0.0307,0.034,0.038,0.05,,0.3755209536006674,0.41586003187032633,0.8470365609837974,0.03592345419619254,0.14753417694879747,0.05610294582923997,0.07595460181251545,0.10420731200108724,0.1116785683039796,0.8148483275766912,0.974991368865463,0.8783507444503427,0.06408179526859277,0.06451054679998561,0.06045040508754204
0.211961,0.024923737,0.000116081,0.099920374,-0.616391957,0.0109,0.0151,0.0189,0.0221,0.0248,0.0276,0.0307,0.0345,0.0395,0.051,,0.40359198508637606,0.47885213128512205,0.5410525959516901,0.044647806494129604,0.12766612118127188,0.059528407192385134,0.07640825881506322,0.11108610086736227,0.10653164311414105,0.8122558047708974,0.9931480258497865,0.8341181169692464,0.05548237176282879,0.05361373992245657,0.09560325506211285
0.21195,0.024404829,9.393026955526167e-05,0.0793729,-0.653860746,0.0118,0.0154,0.0186,0.0213,0.0239,0.0268,0.0298,0.0334,0.0374,0.0501,,0.41060619798133446,0.40448911200446863,0.7179080447531065,0.044326224571108325,0.12075149623578736,0.0715792756152014,0.0941306409777056,0.11112674217595551,0.11483957792016873,0.9312847452287908,0.8157717029020701,0.8213898992313724,0.08215664339160338,0.0765725508920173,0.0948207804700919
0.205766,0.024680808,0.000103319,-0.192754188,-0.829626235,0.0101,0.0149,0.0189,0.0223,0.0253,0.0283,0.0312,0.0343,0.0378,0.0461,,0.39636931047687113,0.46151106490764354,0.6432710450888139,0.04379963368546957,0.14743021401182835,0.07442476486399055,0.09391875199566749,0.10272381595220904,0.1131822854672572,0.8378620248520903,0.995481716011161,0.9216595764403409,0.05385816587989222,0.05406520624147357,0.09482094314052811
0.213016,0.023778465,9.679226867336694e-05,-0.062771279,-0.669155435,0.0101,0.0142,0.0178,0.0211,0.0242,0.0272,0.0298,0.0327,0.0363,0.0476,,0.37799393449492164,0.43563731698264,0.7800222080665148,0.042479620250603645,0.1193975580042203,0.0626344913892015,0.08486499244680101,0.08243043762619036,0.09982248633547981,0.8704111789473833,0.9215602351888597,0.8316404875845601,0.08742222158135196,0.09716755718393277,0.07602602801418716
0.215052,0.024134714,9.7636850964229e-05,-0.009699221,-0.723890633,0.0107,0.0147,0.018,0.0212,0.0241,0.0272,0.0302,0.0336,0.0372,0.0485,,0.3535900727062632,0.4394973954223815,0.6962925998624016,0.04727411486712983,0.13981434333830378,0.05635772353897351,0.10407207779115069,0.10621120690055295,0.10453771222864836,0.804494195452966,0.8974203675406985,0.8370784649731393,0.08948353654203955,0.0677949388113468,0.06263956888415356
0.133785,0.024488176,0.00011151,-0.098024535,-0.829996718,0.0099,0.0142,0.018,0.0215,0.0251,0.0283,0.0313,0.0342,0.0381,0.0472,,0.3935855853550926,0.4259087851608671,0.6315508292114194,0.048949563105338066,0.11462494202995371,0.08183412280362196,0.08322616160035894,0.08645801679599395,0.11087904512494312,0.8093429649869694,0.8326973387551689,0.9783639732359919,0.07374495197066215,0.06968164581626274,0.07807775814724874
0.123802,0.021429582,8.825981509137663e-05,-0.040063594,-0.783047038,0.0081,0.013,0.0158,0.0186,0.022,0.0242,0.0269,0.0304,0.034,0.0419,,0.4117289206962835,0.40348164287999133,0.7434687072677094,0.0408488764492115,0.11636493335147428,0.07627148955705652,0.06830397628631826,0.11795231983343066,0.12126209087320405,0.8383876344842939,0.9332345726870225,0.9950750165420719,0.08952605879620593,0.0805025449121059,0.09455017382000458
0.138483,0.024743774,7.943070548148572e-05,-0.060095894,-0.280111375,0.0129,0.0171,0.0199,0.0229,0.0249,0.0272,0.0296,0.0323,0.0363,0.0468,,0.37611412547194745,0.4753659359909007,0.6129971493090703,0.04504662729933742,0.14510627818336788,0.07921363722596349,0.07241375309129193,0.09397926346755137,0.12246857002511158,0.9487961209039251,0.8437362396927988,0.8678553200756243,0.09229647958559903,0.08916822704233843,0.07436521826501032
0.144625,0.023719889,7.136534040760546e-05,0.008733739,-0.121730149,0.013,0.0166,0.0192,0.0213,0.0235,0.0258,0.0282,0.0308,0.0347,0.0501,,0.37426370522527497,0.43230405731136257,0.8816699516758573,0.04479608897218814,0.13642542580377412,0.08153802150948748,0.08884920312936517,0.10253180489817545,0.12150625625777314,0.9744755593451625,0.8083693997839377,0.9121524386563662,0.06535781027397895,0.09654632556653248,0.07370347131966143
0.127695,0.025150663,8.675774216473162e-05,0.029686978,-0.629616579,0.0127,0.0166,0.0203,0.0225,0.0247,0.0273,0.0303,0.0338,0.038,0.0461,,0.38964970673586713,0.442001842562841,0.5258519744149011,0.04554648672658831,0.11895104073747845,0.0840423363346572,0.07365312772995902,0.11883525989242709,0.1294617930473682,0.813655399033777,0.8161037286405104,0.9154128816678326,0.05650320003983147,0.09770981620692756,0.0656936273053248
0.141049,0.024742743,7.053985332854626e-05,-0.20556714,-0.516544373,0.0137,0.0171,0.0197,0.0226,0.0253,0.0276,0.0298,0.0325,0.0354,0.0433,,0.4161888739415955,0.49319287644064064,0.5781089953310058,0.042568584014251835,0.11890063304233245,0.07276847507233798,0.07336035387910785,0.08459804504143358,0.12367749169111604,0.8223916020904101,0.9767153897755032,0.8449397992798006,0.08536155200310468,0.06552296237449719,0.06728128458915515
0.136985,0.02163906,8.869957155151162e-05,-0.038943503,-0.77086739,0.0085,0.0124,0.0164,0.0189,0.0217,0.0243,0.0276,0.0305,0.0341,0.0439,,0.41048390617646885,0.4552471871353974,0.5100698133185141,0.041668186527775056,0.12251499760066592,0.05998911228868798,0.0837948832417106,0.09923642350483086,0.12809590454600442,0.9354454592561307,0.8182291940755017,0.9383960340060956,0.08884721635962675,0.07117858981339298,0.08395526398630158
0.140468,0.020870206,6.279792220369073e-05,0.008875208,-0.744683779,0.0105,0.0134,0.0164,0.0183,0.0205,0.0232,0.0255,0.0284,0.0318,0.0386,,0.3946923447748412,0.4039861673264571,0.6664272753626787,0.049122861652271574,0.132866379813135,0.06258077934467697,0.07509683560601431,0.11069198886084529,0.12537615403384625,0.9672074713853548,0.9105195414408033,0.9018692344267775,0.08084965075749641,0.08887215140376775,0.08708527129702566
0.139429,0.026156979,8.81406144344368e-05,-0.026106841,-0.17059616,0.0147,0.0188,0.0216,0.024,0.0266,0.029,0.0316,0.0345,0.0386,0.0523,,0.4018015217978394,0.43006940264486243,0.7067335609089536,0.042750183785119265,0.11421338475031244,0.07284233271487288,0.10274091465675185,0.09416094672729496,0.09982848962420877,0.8293646348116215,0.8609622351425829,0.9626756095517963,0.0842604925685034,0.059834116777046024,0.08876003133679848
0.131253,0.021956869,9.484298479826123e-05,-0.024529926,-0.790072744,0.0086,0.0124,0.0167,0.0195,0.0221,0.0248,0.0278,0.0314,0.035,0.0453,,0.35896593281443284,0.48777065507123957,0.9239636545379029,0.045117627201094565,0.14891424037722018,0.07863769296244458,0.09168602294259964,0.09194407591456219,0.11031465150378092,0.9675030150132284,0.810070768944373,0.9654405807675571,0.08830650301950514,0.09489256880435247,0.0766849124053902
0.145211,0.022166693,9.985343265805596e-05,0.02211696,-0.745761227,0.0085,0.0123,0.0162,0.0197,0.0225,0.0251,0.028,0.0312,0.0359,0.0464,,0.35903109870961125,0.4972222343880664,0.6428610476310204,0.0456874676750807,0.12186109151609957,0.06740167072165329,0.08432186933727323,0.11102736144186424,0.12189213338168274,0.8368142687794095,0.9143924875554792,0.9389849575943712,0.08869040992441539,0.06025143241101183,0.08320292310311327
0.128816,0.02184061,9.618234870678108e-05,0.028906557,-0.826961495,0.0084,0.0122,0.0162,0.0187,0.0215,0.0245,0.0279,0.0311,0.0353,0.0437,,0.3821084584338723,0.4891852188386178,0.7901536558294924,0.04363265060597688,0.12945523334206177,0.07099389240591669,0.08614914295440478,0.11918278009374583,0.12587731565924729,0.8074989771463615,0.9481403231999808,0.9837826081119809,0.05309075875755349,0.09039777015018104,0.07602713516439878
0.137722,0.02301133,6.41443545707701e-05,-0.082426821,-0.431041198,0.0123,0.0159,0.0183,0.0208,0.0232,0.0254,0.0275,0.0299,0.0337,0.0428,,0.3725573148590071,0.4639290828677785,0.8994200448874189,0.039807786357413076,0.1366904948046595,0.05422350038334372,0.069146960689645,0.1187456372325585,0.10920396956598949,0.8774524122143607,0.8312837355388282,0.9863033279308397,0.07167781211465606,0.06770370380994557,0.09498370448099078
0.128297,0.019851762,7.552763634499797e-05,-0.101516593,-0.862971765,0.0075,0.0114,0.0148,0.0175,0.02,0.0231,0.0253,0.0281,0.0312,0.0385,,0.3804221975180389,0.4485037894936192,0.7487776982356391,0.03734774763279122,0.1345740949193813,0.0850013651976356,0.08829777405412406,0.09565344799282974,0.11764557993444993,0.9617880631113391,0.9234447261945988,0.9584656716514396,0.09268820076887961,0.07100574624585172,0.094125417451595
0.138757,0.02116105,9.405159325576686e-05,0.072579245,-0.818770876,0.0078,0.0126,0.0152,0.0179,0.0212,0.0237,0.0266,0.0304,0.0349,0.042,,0.3810632822627745,0.46056912053924737,0.5986895626277696,0.04735031386420728,0.11669618023334442,0.05698353736956673,0.07634847231271358,0.08375137122769323,0.11809514043248108,0.8097695227347058,0.8171361180657062,0.8903871392843775,0.0803144609819657,0.06731605847274999,0.06751680536194998
0.147981,0.022521481,6.306842479603773e-05,-0.121808631,-0.674297446,0.0117,0.0154,0.018,0.0202,0.023,0.0249,0.0275,0.0301,0.0332,0.0388,,0.3659153528908524,0.4121496003500677,0.7079891283213501,0.04391604807317315,0.12493035925923636,0.06033002785428019,0.06856287722525368,0.09780075141802202,0.1026781001037982,0.8363419037256388,0.8607693076045376,0.8552465570820941,0.07102236496110649,0.06003032634947211,0.09563568235038694
0.129913,0.020006552,7.720737633052323e-05,-0.060776237,-0.792879679,0.0074,0.0119,0.0146,0.0177,0.0204,0.0228,0.0256,0.0281,0.0317,0.0401,,0.35380514277291675,0.4065282662476769,0.8193354062017018,0.04804131704074156,0.1324382516699839,0.055851883126779016,0.09244162942812283,0.09516985354547874,0.1044651945884716,0.8195239985112489,0.9635686366506303,0.926046925733535,0.0643080299387721,0.07067941596188103,0.08395981078312693
0.129785,0.023592362,0.000115521,0.032943311,-0.806632587,0.0091,0.0129,0.017,0.0205,0.0238,0.0268,0.0301,0.0334,0.0378,0.0468,,0.379595158294654,0.48161690757113,0.519402561854781,0.04768982187611884,0.11836871208187799,0.052154917639439004,0.09691419148158384,0.08947485823592259,0.09700948858719906,0.8312866787994967,0.8488081188277371,0.8504033096009355,0.06175837051866526,0.07565366381573851,0.0794348640436806
0.130197,0.021767846,9.340896538024308e-05,-0.036505839,-0.819415133,0.0082,0.0126,0.0162,0.0188,0.0217,0.0249,0.0277,0.0309,0.0348,0.0431,,0.36474288554367595,0.42159632372121486,0.7685395944099995,0.04481664373768321,0.13803472950430856,0.05282620878782256,0.07859321026511598,0.10586158000836804,0.11117103640247382,0.8797281125610554,0.9510543601284841,0.9314824524387155,0.06231189612609406,0.08906405639958173,0.06693231353812518
0.138129,0.02291933,5.919440585420975e-05,-0.260262389,-0.426290909,0.0125,0.0161,0.0188,0.0211,0.0233,0.0257,0.0277,0.0298,0.0326,0.0401,,0.35097533941704695,0.4782363126558944,0.5552281503519064,0.0355212641253678,0.13656082483125379,0.08591943454811114,0.0967065763343645,0.0929972923570404,0.09632949187081206,0.8963158157622558,0.8974351096680195,0.9118437099871328,0.06425510830581176,0.06776823870471615,0.07170883670940753
0.130074,0.021327758,8.044770176702827e-05,0.144934066,-0.654719042,0.0091,0.013,0.016,0.0184,0.0208,0.0237,0.0264,0.0294,0.0336,0.0432,,0.3545633748821152,0.4892664801984076,0.7898152331467696,0.04401150004745488,0.13822299741346467,0.06405971488520018,0.0954623550633139,0.09692749677053644,0.11962969357406944,0.9309032976424564,0.8475833524220371,0.9530619834226577,0.07450549095629751,0.09026569661585235,0.08021977124684017
0.139741,0.020639222,6.324368338747555e-05,-0.053190418,-0.746616012,0.0102,0.0127,0.0163,0.0185,0.0206,0.0232,0.0254,0.0278,0.0314,0.0391,,0.37074975563660517,0.407730188849344,0.9039181653515637,0.0473600513812696,0.13000424495583945,0.051694530296288836,0.06605687307722292,0.11594136643378546,0.1132090921357725,0.9172561985208798,0.9959558070258432,0.8456751140400505,0.08708337462124298,0.07186127364678518,0.09407131096491061
0.131714,0.021560033,8.85078264185608e-05,0.1487747833141342,-0.486033833,0.0095,0.013,0.0162,0.0189,0.0214,0.0239,0.0269,0.03,0.034,0.0506,,0.36355215410734193,0.46677716685618126,0.8330300065142694,0.03558749932784657,0.1283595056608834,0.06658565521735171,0.07520172870221965,0.10791600464116916,0.12100034394357381,0.8793410766942262,0.8946268083286786,0.9737779535713454,0.054166403230410526,0.06297187664971304,0.07827092433376352
0.131,0.01956471,7.508041762993762e-05,-0.014005358,-0.801025559,0.0074,0.0113,0.0144,0.0171,0.0194,0.0224,0.0246,0.0278,0.0311,0.0382,,0.35561911464480406,0.42000109688012277,0.5989348708837519,0.047315186719580904,0.14882636998042975,0.08345811454100258,0.07614823322422293,0.09443945636837893,0.12311343579873288,0.8392981771538374,0.8358150852393255,0.8475008179568205,0.05112609373047707,0.05998882611281582,0.06972680504420982
0.125965,0.019225343,5.554941560401428e-05,0.037708878,-0.678187956,0.0095,0.012,0.0148,0.0168,0.0194,0.0214,0.0235,0.0261,0.0291,0.0372,,0.357696084192945,0.4264291886657651,0.7842868914264838,0.04290771335726005,0.12103493123882111,0.05428916644216148,0.10262239667217193,0.10107755942773519,0.1207110736387649,0.8233686249405775,0.8329501946416501,0.8893547187171876,0.08747901905764659,0.09282311481965234,0.06876671613767661
0.126633,0.020812875,9.677833180209612e-05,0.2861548218774091,-0.257583716,0.0083,0.012,0.015,0.018,0.0205,0.023,0.0258,0.0288,0.0335,0.0501,,0.35638775287664276,0.45196960877275144,0.833888626667453,0.04569508213837086,0.1460393962684211,0.06322526057569734,0.07115953477761629,0.11660799162112473,0.10944562814296888,0.8651938242180138,0.8296043223618395,0.8128705822437371,0.06844933730841403,0.07624896490063665,0.07789689443081893
0.137009,0.020852023,7.742734830935162e-05,0.040986608,-0.832756659,0.0087,0.0119,0.0156,0.0181,0.0205,0.0234,0.0265,0.0294,0.0326,0.0436,,0.3824103176306363,0.42190641541920043,0.6902893181880723,0.03863135294889504,0.12587028017081864,0.07683807591435579,0.09010265172741731,0.08735668754639911,0.10656902288870303,0.8168268778784336,0.9550950166836439,0.9652106802094476,0.07013503157480587,0.07795783891971673,0.06506462458211
0.124114,0.018211574,6.594550945253568e-05,0.075359234,-0.770556976,0.0069,0.0105,0.0128,0.0158,0.0179,0.0207,0.023,0.0258,0.0291,0.0376,,0.38990279501064706,0.43689585233629885,0.8886242873693009,0.04634757690693493,0.13710644647608333,0.06775108265871596,0.08352394950765821,0.0997870055550228,0.11368791816286702,0.8083728830708338,0.9862741561843273,0.8887611781707546,0.06726671398228386,0.09692293810774923,0.06792943482226553
0.136211,0.020397992,7.248027694251761e-05,-0.008019921,-0.811946348,0.0083,0.0127,0.0151,0.0178,0.0209,0.0231,0.0255,0.0285,0.0318,0.0417,,0.38601302492298983,0.47641234169534763,0.8777640451450034,0.04859669724426455,0.13042088350223643,0.055530080588234304,0.09587190388147884,0.11563775637821791,0.09663472934380585,0.9839494633473647,0.9752570830746887,0.9727185159961703,0.06078292371654745,0.06702109931416068,0.07951564948407247
0.129965,0.02045179,5.6745016350332146e-05,-0.044724704,-0.687737375,0.0103,0.0131,0.016,0.0182,0.0207,0.0225,0.025,0.0274,0.0304,0.0372,,0.36214706357534976,0.4611572189012923,0.5322918863692241,0.04571137522429187,0.127438110827063,0.05661337050164808,0.07209429196768492,0.10606677599609352,0.12560566176613583,0.9458067170096088,0.8588863843426304,0.9837698148415049,0.05824664150397636,0.07742011006868622,0.0627196889382063
0.132813,0.019625209,7.713730868303913e-05,-0.001816233,-0.845923606,0.0072,0.0114,0.0138,0.0175,0.0195,0.0222,0.0251,0.028,0.0315,0.0394,,0.39553078092896216,0.4843271791385788,0.7570595899289269,0.03840116475017048,0.1138043486580066,0.05507359019026628,0.08811733983694782,0.08437832934238332,0.11342843423964902,0.8984370205219153,0.9040141262509314,0.9418356137964452,0.09330268273771036,0.0883688164417563,0.08684165509754031
0.115853,0.019907806,7.896972000995981e-05,0.041341042,-0.730566173,0.0075,0.0122,0.0146,0.0172,0.0199,0.0226,0.0249,0.028,0.0322,0.0421,,0.40701377200265343,0.4466886927506198,0.5816865680943297,0.04386461074812111,0.12438347425207963,0.05863723150554811,0.06816746443877408,0.11707033820898764,0.10790179285603933,0.891604503706913,0.836585472308069,0.8158767174037952,0.07382742938292261,0.06688238050396313,0.07807342889264766
0.130767,0.018442395,6.494792843170341e-05,-0.047207232,-0.809440716,0.0067,0.0109,0.0136,0.0164,0.0185,0.0208,0.0235,0.026,0.0295,0.0388,,0.3657450459693243,0.46410787501428863,0.8585505322419571,0.040548812443968255,0.1195783537634695,0.0797062047397633,0.07083748676585672,0.08891530695214493,0.13360258482153226,0.9265933856144596,0.8815831331878501,0.8319321123188638,0.08317234598571813,0.08477719638787029,0.09090672105689379
0.11903,0.018442383,6.567067531390636e-05,0.007214545,-0.830575632,0.0069,0.0109,0.013,0.0163,0.0185,0.0207,0.0236,0.0261,0.0295,0.0391,,0.3699380405600017,0.4323927288884303,0.5283322119242314,0.04631394181761607,0.146094018950104,0.06624923973774403,0.0871414639856969,0.09072062836122671,0.12335307990855193,0.9621643985459651,0.8746391176229535,0.8217401479762662,0.07738399482732812,0.07784223558641484,0.07888357862344567
0.110377,0.019585858,6.66629638934138e-05,0.056187879,-0.667379579,0.0079,0.0118,0.0149,0.0176,0.0196,0.022,0.0243,0.0267,0.0306,0.039,,0.40640222391879255,0.4099884864966409,0.6593894612491652,0.040117694123388906,0.13185735082216563,0.06401133062852088,0.06789692121188025,0.08512158599264832,0.10062559719959337,0.997541854480425,0.8990326934875099,0.9947827881407808,0.08927708988013289,0.08131183482308361,0.09526432029801386
0.114296,0.019251717,7.740521226453143e-05,0.1620724201520866,-0.425411379,0.0076,0.0109,0.0135,0.0167,0.0192,0.0221,0.0243,0.0271,0.0305,0.0467,,0.3583454352830149,0.49061344230623377,0.7735752144198784,0.04369036249017522,0.12039343377468542,0.07201775643165988,0.09367799502927875,0.09856034361889927,0.10353757786111087,0.849180777207301,0.8239968729572194,0.9467020778620431,0.08104721202712235,0.06619362664033611,0.09580679306041014
0.115821,0.020950846,8.82509930105529e-05,0.020747404,-0.722476771,0.008,0.0117,0.0158,0.0184,0.021,0.0237,0.027,0.0297,0.0333,0.0442,,0.38779082905681933,0.4361675428995532,0.826448829055445,0.04788275157481128,0.114745704513284,0.0686739283930508,0.09151603798775453,0.11752534126659306,0.11303442743701193,0.9266655099255015,0.9882564501000296,0.8444986234747769,0.06210246438027871,0.06642374226186928,0.06989701459497029
0.097559,0.018870851,7.036388958494351e-05,0.057045134,-0.788777209,0.0071,0.0108,0.0134,0.0163,0.0187,0.0216,0.0235,0.0265,0.0303,0.0377,,0.4062282002831153,0.4578576709190165,0.8392843439599033,0.04674069149980333,0.11489483794919125,0.07317324405117434,0.07944018292249197,0.0914146185167983,0.12147760305039385,0.9480342511508179,0.9950739799100679,0.9025208254355608,0.09358988822644737,0.07784339015370598,0.06142569295999393
0.128094,0.020117322,6.981596958174564e-05,-0.026884881,-0.878853308,0.0088,0.0117,0.0152,0.0175,0.0206,0.0226,0.0252,0.0281,0.0316,0.0375,,0.40921872995211817,0.4644549927104967,0.8170937107718155,0.04489938944742062,0.13078187051317483,0.05416420057902162,0.0798718755995291,0.08266242561507693,0.11594697111596475,0.8642403890657137,0.8897425684102949,0.8288351747626952,0.06433807080931389,0.061974567019203466,0.07746885181517407
0.142806,0.019107283,7.14259820057414e-05,-0.004685564,-0.760565421,0.0071,0.0115,0.0138,0.0167,0.0193,0.0216,0.0241,0.0271,0.0303,0.0405,,0.37916938247653004,0.4178894327275907,0.6056467091517244,0.045396037657789164,0.1143388945951312,0.0668100995762854,0.086914403201902,0.10950319048788869,0.09961668161605818,0.9950741175811261,0.9458495298127563,0.9383429022429922,0.06690548350021348,0.07257574979736318,0.05779204697848877
0.219059,0.02848173,0.000104956,-0.060118292,-0.621008308,0.0145,0.0187,0.0224,0.0257,0.0286,0.0314,0.0345,0.0377,0.0419,0.0539,,0.3555353926081913,0.4436551172197432,0.8523127519549396,0.03893474923817333,0.12248956913966648,0.06040443768008962,0.0684349527629844,0.10665480055993824,0.12097679973473216,0.8425049126209994,0.8576070774853723,0.863037476166032,0.062432984371988604,0.08961696398018615,0.07138719965527425
0.202989,0.02666499,0.000132342,0.009818608,-0.683296348,0.0111,0.016,0.0197,0.0234,0.0269,0.03,0.0333,0.0369,0.0415,0.0541,,0.38421738337594497,0.492808023727174,0.5170472482728371,0.04871987965455818,0.11982911277750483,0.061730226501360744,0.0989410534088043,0.08241209235687544,0.11865202807946541,0.9953539643114113,0.9717015332161504,0.8711882153833115,0.08055265626773958,0.07031776011580869,0.07974665328151209
0.193982,0.024586847,0.000104131,-0.108723816,-0.819036433,0.0103,0.0147,0.0185,0.0224,0.025,0.0279,0.0311,0.0343,0.0378,0.0467,,0.3980565573409572,0.41589171540433495,0.5464008106982765,0.046654249513498225,0.11715164488459937,0.0759402873881658,0.10192588372295236,0.11555559028274384,0.1305886147728991,0.9253791362360785,0.8945892176546965,0.8995363770009144,0.07443072215354524,0.07123840132472625,0.06110993417750435
0.215052,0.027810958,9.772963122297894e-05,-0.174901274,-0.716295214,0.0137,0.0181,0.0221,0.0258,0.0288,0.0313,0.0338,0.0367,0.0407,0.0476,,0.3560570097757834,0.4443809503856488,0.7749356705797702,0.039967923687326094,0.1167832287199921,0.062350129357861266,0.06635619092431831,0.08465277490065237,0.09923651531066124,0.8774742123681003,0.8060783464234204,0.8176269199558125,0.06786543351925564,0.09526399714690809,0.06359528511813828
0.212619,0.025638057,0.00012539,0.072428835,-0.541404721,0.01,0.0153,0.0189,0.0222,0.0253,0.0286,0.0319,0.0356,0.0404,0.0552,,0.413457115105522,0.461435274119002,0.7281827344164231,0.03682753115235241,0.11337555713313908,0.061827907954843754,0.08340438486724072,0.10039003498938819,0.13276042900939497,0.8308920914877087,0.9348591982279294,0.8778556646833876,0.07007481809833536,0.06520715894527024,0.06633883050744271
0.202585,0.025591939,0.000123279,0.099353265,-0.455893281,0.0099,0.015,0.0189,0.0224,0.0257,0.0291,0.0321,0.0353,0.04,0.0567,,0.39521510081398076,0.428936151497252,0.6874049779781282,0.04524564895838905,0.1326030929431254,0.08266791610264201,0.07649956180288489,0.09415869945591739,0.10626004717553668,0.8993062003237454,0.8456080710100313,0.8529319023858549,0.06767507894472284,0.09855749789480087,0.08501898242649249
0.218186,0.025198959,8.192781583558055e-05,-0.14773155,-0.742030183,0.0122,0.0174,0.02,0.0226,0.0254,0.0285,0.0311,0.0338,0.037,0.0449,,0.3529079702703465,0.4608193726071126,0.8986806426016566,0.04804117404239377,0.13019045366024445,0.06473768489072713,0.0761837461846357,0.08723875635159886,0.12147560150820778,0.83310646230951,0.9718388057287446,0.8029977269311469,0.059074148941782825,0.08010248486364767,0.07748784536946068
0.217285,0.028327844,0.000111029,-0.027342918,-0.617524848,0.0137,0.0183,0.022,0.0255,0.0287,0.0314,0.0345,0.0377,0.0417,0.054,,0.3820805665465483,0.4313867818284902,0.69287840136056,0.043134401736354966,0.11971709163112242,0.06811115359048568,0.0673051563063565,0.09764788657465975,0.1284108826442689,0.8446247105323453,0.931277415456781,0.9908708982943394,0.06703029402301404,0.08343747919624221,0.061268681513583265
0.219529,0.026825298,9.619416173714009e-05,0.04710966,-0.572217028,0.014,0.018,0.021,0.0238,0.0267,0.0294,0.0324,0.0354,0.0399,0.0506,,0.36563485466011664,0.4298509762641975,0.5109069067288914,0.03576513486927124,0.12027811873311654,0.07276941125585264,0.0847668104813587,0.10928806997994561,0.11023764417752725,0.9815321185240404,0.872368353487763,0.9616975763357064,0.07857463766685141,0.07322823583238762,0.09800092089211958
0.205453,0.027720622,0.000152158,0.1040545551798544,-0.634170356,0.0107,0.016,0.0203,0.024,0.0278,0.0314,0.0346,0.0387,0.0444,0.0568,,0.4114130519815558,0.4056991997569785,0.8189491937465966,0.03644786537955193,0.1321541904771769,0.08402794729594917,0.08666704211980066,0.1017090414376628,0.10309914623516823,0.8814965720469258,0.9408753097696207,0.9360901382751086,0.06005517402976089,0.09376151124298178,0.08440206290506404
0.165588,0.020646682,8.0039293436509e-05,-0.062869512,-0.741770318,0.0078,0.0127,0.0152,0.0181,0.0213,0.0236,0.026,0.029,0.0323,0.0417,,0.40719949776719483,0.42792962793042527,0.7703055187045267,0.04687306862980398,0.1426885562481061,0.0842581042199131,0.0672789817955204,0.10105552323291951,0.13371748113477772,0.8487542303984393,0.9679516338180816,0.8126225960973326,0.08284821660125441,0.05819820775313291,0.08557305546878144
0.15147,0.020650845,7.234265032457076e-05,0.012837421,-0.814629351,0.0087,0.0129,0.0153,0.0178,0.0207,0.0233,0.0258,0.029,0.0319,0.0419,,0.4054393025304906,0.4760626303541536,0.5108358243459489,0.04410627545836771,0.12272647468843927,0.06813578882488062,0.07542882238402812,0.09493471600814511,0.11130004138047148,0.9602335116839091,0.9760215160567072,0.9837053657767829,0.08044333866252774,0.08685672175338852,0.061096340944136025
0.166519,0.021883739,8.840804830639016e-05,0.158241087,-0.60464574,0.0095,0.0127,0.0158,0.0187,0.0215,0.0245,0.0276,0.0305,0.0342,0.0476,,0.37436415251536836,0.41261247149534247,0.8684247878080256,0.04482415513649796,0.12194477333607436,0.07027463165752774,0.07335953992460197,0.11133667901010917,0.10305105000024907,0.8556720207896892,0.8060323014950731,0.9702397599108431,0.05816355531919502,0.09464606929808021,0.06196115514511605
0.161547,0.020594229,8.413262030078373e-05,0.015779955,-0.722823626,0.0078,0.0118,0.0153,0.0179,0.0205,0.0233,0.026,0.0289,0.0326,0.0429,,0.38011747566822995,0.41958774853081715,0.6874455850651517,0.043822389762548854,0.12464062021121428,0.06633273952651396,0.0892419521084602,0.08095672368579843,0.1105075683044316,0.8459668056127276,0.8594522275468935,0.9199817321401172,0.08067844831983895,0.08887603633794582,0.06359826198107708
0.164831,0.020224013,7.607605016966876e-05,-0.053778606,-0.81801644,0.0076,0.0119,0.0152,0.0178,0.0202,0.0229,0.0255,0.0285,0.0319,0.0389,,0.35156854160435697,0.4484523701595706,0.6458498311636104,0.04607061245309375,0.13959146436438066,0.05222184283443252,0.08671840388175649,0.08567066133855726,0.09918164618630701,0.9200955898577692,0.853382341638354,0.9324796046356708,0.07077526890901333,0.09485874122431924,0.08657345176640864
0.1563,0.021830615,9.034173214337791e-05,0.1212814910359921,-0.570289249,0.0092,0.0126,0.0161,0.019,0.0218,0.0246,0.0272,0.0302,0.0345,0.047,,0.3938125516655594,0.4301114082376308,0.5921344219529038,0.03642393846579718,0.1236400268002595,0.052665383664799656,0.09685381811986274,0.08412735148466563,0.1049978400956477,0.806276345759633,0.8812253530121047,0.9148476905666841,0.05609187591745033,0.09159028886652018,0.08881379340501144
0.15848,0.021070546,7.896794554694618e-05,-0.099078586,-0.715329404,0.0083,0.0131,0.0158,0.0186,0.0219,0.024,0.0263,0.0293,0.0327,0.0419,,0.4126872237286234,0.4776343791389497,0.7301047271894637,0.041962723824212615,0.12301181905975854,0.05341433199474078,0.0730354346080397,0.0883283014202135,0.09881341818927354,0.9940782505159491,0.9704358271919187,0.948867441937024,0.051864550123815904,0.08822642913335685,0.07590089418565314
0.155791,0.018130782,5.84543025300811e-05,-0.053839626,-0.878227744,0.0079,0.0106,0.0133,0.0162,0.0181,0.0206,0.0229,0.0256,0.0283,0.0346,,0.4050865312586649,0.434689497616626,0.7138629094842525,0.04412808165113448,0.1479796419174439,0.08633264103643175,0.0771306455443732,0.10483921242883647,0.1320225640756785,0.8081425136682405,0.8494905086383713,0.9373352254772543,0.0876959456503428,0.06752817194775834,0.06613289631234459
0.16289,0.021539424,9.14586245603432e-05,0.010004284,-0.764787445,0.0086,0.0123,0.0157,0.019,0.0217,0.0242,0.0272,0.0305,0.0343,0.0457,,0.39144207742296094,0.41976957867137227,0.7396061305218944,0.04546762920691198,0.11795467100857467,0.08005430451394362,0.06928962815547456,0.10450091467644247,0.10031758117124777,0.8140042389336752,0.9523887562041574,0.8080300593297042,0.05912912377951985,0.08058325039250085,0.06520210551811155
0.157703,0.021250007,6.888001063963433e-05,-0.06522418,-0.794137466,0.0105,0.0131,0.0167,0.0192,0.0214,0.0241,0.0265,0.0289,0.0326,0.04,,0.3516984329233975,0.4546690234681475,0.8572369425266612,0.04827166621990074,0.13764553244710773,0.06034519796493124,0.09676516042042581,0.08832690812263395,0.12685675355405832,0.9463730779646065,0.922848358021216,0.9579924710908136,0.0848645856938346,0.07487861396963376,0.0708398168365568
0.11857,0.019057666,7.216649593473565e-05,0.07725224,-0.723460448,0.0074,0.0109,0.014,0.0166,0.0188,0.0214,0.0242,0.027,0.0306,0.043,,0.4019668517602416,0.4858723135353822,0.8222125713346824,0.043652113630455784,0.139096184423158,0.07865284349455248,0.10017954745102114,0.0896985287298285,0.11188782684028652,0.8648658427322641,0.9015691271623261,0.9889679865640183,0.053652852685644195,0.06939708104441587,0.08510392520857578
0.117597,0.016618296,5.623213744372079e-05,0.06660619,-0.690177601,0.0058,0.0095,0.0126,0.0144,0.0172,0.0187,0.0208,0.0234,0.0267,0.0354,,0.4004826765874372,0.4533841990361414,0.7105593410288239,0.04188321990507493,0.14432776666505628,0.05144041970114344,0.07177425365896158,0.11690851613168643,0.11356552646906515,0.9225781582380483,0.8113145763787544,0.8140306115997582,0.09306848923172124,0.0870996825374319,0.09005589708655756
0.123978,0.020498173,9.654105321027684e-05,0.406390078,-0.02200039,0.0082,0.0117,0.0146,0.0174,0.0201,0.0227,0.0252,0.0282,0.0327,0.0491,,0.37920330900589794,0.43520115844159685,0.7245883650728363,0.04070249135680176,0.12338089943658077,0.062516313886705,0.0918525366441199,0.08604824093239931,0.12578496952046722,0.849006541880101,0.9487083529040374,0.9187535453675038,0.06956081654126327,0.09770264612943447,0.08811844331962203
0.128306,0.01736343,5.7452147345909994e-05,0.051269686,-0.743053768,0.0066,0.0105,0.0126,0.0152,0.0175,0.0195,0.0225,0.0243,0.0277,0.0388,,0.3940919513465965,0.45920071247148636,0.6922043982540534,0.04130541770181242,0.1308704993486981,0.05237988249471703,0.10255982131789577,0.08369779811297164,0.12065139434922409,0.9628009531673253,0.9362239577062407,0.859590535585954,0.08647664449969412,0.08194633558026376,0.09007120778481553
0.127663,0.017396239,6.048149185110587e-05,0.051501626,-0.671765985,0.0064,0.0103,0.0126,0.0156,0.0175,0.0194,0.022,0.0241,0.0281,0.0382,,0.39069632274651106,0.4513067085760735,0.820654251451431,0.04602633651392353,0.13010113859233358,0.05116686961477695,0.10109692908881718,0.09341735010356866,0.1156105544752446,0.8635357766515198,0.8304251871411645,0.9479574187638171,0.07760858187792917,0.06093165871047858,0.08458955985433837
0.131292,0.016525879,5.4258257214272486e-05,0.004044123,-0.787672456,0.0056,0.0103,0.0122,0.0148,0.0166,0.0187,0.021,0.0234,0.0264,0.0336,,0.37111458829406613,0.4279188326500428,0.5642916224205998,0.042550237177367826,0.12753179930940212,0.06049152632504436,0.07414070767204536,0.08199417274614965,0.11123101529564586,0.9831715061488937,0.8900118454714181,0.9621391773201671,0.07739634138085619,0.09869229969624173,0.09865590586539236
0.11869,0.018524305,5.8025700811729125e-05,-0.002020483,-0.865843988,0.0084,0.0114,0.0136,0.0164,0.0184,0.0208,0.0232,0.0259,0.0292,0.0348,,0.3682333325039952,0.4568571306085499,0.8564912842788013,0.04410400265454457,0.13290782509716065,0.05824173372115488,0.07822118258717907,0.1167927239828112,0.12786951460792148,0.8119554455607463,0.9077492928032816,0.855286986724407,0.08226941709874247,0.07337723993003294,0.066172132351311
0.116401,0.017727858,6.150836372965209e-05,-0.051382867,-0.808191274,0.0064,0.0103,0.0127,0.0156,0.0178,0.0205,0.0225,0.0252,0.0279,0.0372,,0.39862820753758105,0.40387946597546337,0.5358673410420687,0.04929927619936025,0.11500283437333278,0.07051945642806375,0.09527110335300804,0.09254894376975338,0.09646552136152312,0.8260773295468417,0.9793354388662874,0.8394971286413162,0.060579718609088715,0.06214062012418765,0.062203262746374104
0.129854,0.016910542,5.717966342713921e-05,0.037210176,-0.729345758,0.0062,0.0101,0.0122,0.0152,0.017,0.0188,0.0215,0.0237,0.0273,0.0382,,0.35833670119944766,0.4534593038086713,0.8516246185733044,0.04926427846739024,0.1319567378445546,0.07045758380622501,0.07780171806587112,0.0872396794562645,0.101445236046725,0.8227818242362019,0.8883023647327493,0.9376220913269718,0.07662201047729425,0.07768609765537025,0.06378246130857772
0.122243,0.016564432,5.492148407067431e-05,-0.036270035,-0.861614934,0.0067,0.01,0.0119,0.0146,0.0164,0.0188,0.0213,0.0234,0.0265,0.0329,,0.36179977819218884,0.4268199334534245,0.8764267903933892,0.04903979935188248,0.12779642106460296,0.07463125922750755,0.08765930962674819,0.1184893743596205,0.10510882376952946,0.9709235844783106,0.914324112733083,0.9293738784679182,0.0643192385288677,0.08629649320817323,0.09453141550241938
0.151615,0.01913955,6.500178820376422e-05,-0.055049221,-0.812663286,0.0075,0.0115,0.014,0.0173,0.0192,0.0216,0.0242,0.0267,0.0301,0.0392,,0.4099049013163313,0.4435242933963705,0.5391376796026974,0.04959877730759256,0.11978361602942177,0.07622069009645795,0.06991744820042974,0.11178369846110918,0.10743039514550214,0.9788254242096873,0.9156630245527416,0.9140395091593105,0.056670860405156204,0.0769768026809596,0.08693604636949835
0.150305,0.021340591,6.272994690494553e-05,0.035403727,-0.556641334,0.0114,0.014,0.0167,0.0194,0.0214,0.0232,0.0258,0.0286,0.0319,0.0411,,0.40064144816640174,0.44755757489262565,0.7665081071305502,0.047740679327620765,0.11957094626931891,0.06073964958317593,0.08403041065616582,0.09542351967996708,0.11552573221325171,0.910901678417621,0.8267750487999195,0.8811288660184693,0.0742260505844204,0.09537997265613493,0.09561011798463048
0.141996,0.021534148,6.548213884869644e-05,-0.100480894,-0.798425408,0.0106,0.0138,0.0171,0.0191,0.022,0.0241,0.0266,0.0295,0.0323,0.0388,,0.38150338094984254,0.47455701788690713,0.7744589418293611,0.03930350065000526,0.14243130624246897,0.05820388910486187,0.09295493942710147,0.08268895829791512,0.10045305299812848,0.8816585258742122,0.9453351961085461,0.9536289404936129,0.0666172727941867,0.09468214581596196,0.07566462322805116
0.149785,0.021512257,6.50695583126824e-05,0.041341974,-0.590194555,0.0104,0.0141,0.0165,0.0189,0.0217,0.0238,0.0262,0.0291,0.032,0.0419,,0.397654206781809,0.46415940371210707,0.5935541949149867,0.04430355896668196,0.12815866206299206,0.055978203671107424,0.10304733804581752,0.10818490269976065,0.10803782573802115,0.963723263955727,0.8417382788174725,0.8714972928624753,0.0512582421893193,0.0587945300922123,0.09579539384904202
0.141733,0.02181656,6.627319488787994e-05,-0.042146221,-0.723533227,0.011,0.0138,0.0175,0.0194,0.0217,0.0243,0.0267,0.0294,0.0328,0.0394,,0.4181769908822489,0.44037529018322824,0.5775711013868603,0.037124161349497246,0.11784294421345168,0.060700358326364626,0.09188133658626228,0.09000585104297912,0.11279282267670343,0.8579028396215438,0.9895654252597459,0.8530404214986949,0.05212753274997983,0.06396882915031399,0.05912106467737282
0.141551,0.021353585,6.910222213101992e-05,-0.067923508,-0.849177321,0.0103,0.0133,0.0166,0.0188,0.0218,0.0239,0.0264,0.0295,0.0326,0.0388,,0.4000656102900871,0.4689862271702726,0.5767901564456802,0.0473494374633485,0.12438628608111908,0.08298429269326282,0.07173196638798422,0.11333536144478029,0.11817330766684299,0.9117675417537187,0.8725931039448275,0.9870777872242623,0.07392723468002708,0.07229522177177079,0.058366479866460666
0.137962,0.020826118,7.579478719343743e-05,0.054218917,-0.803633591,0.01,0.0124,0.0154,0.0185,0.0208,0.0233,0.026,0.0287,0.0331,0.0398,,0.3958072990982123,0.4452020079580206,0.5207640446826242,0.04383029808055092,0.12349006206426184,0.0783027176640108,0.07682782759969667,0.08853632990069493,0.09871250004925336,0.9929620646147689,0.9257333342411398,0.8666931705087672,0.09032169167323037,0.060755372917103784,0.06272292571845242
0.154522,0.021789749,6.290513400714194e-05,-0.025808348,-0.574333169,0.0108,0.0146,0.0171,0.0195,0.0219,0.0241,0.0263,0.0288,0.0327,0.0426,,0.40500026514666554,0.472090010085026,0.8528263373424865,0.044211422309432834,0.12248838344275911,0.06793056582787996,0.09473038893042263,0.09035470912847088,0.09618562304687403,0.9287817920038316,0.8390911572083821,0.9878486843611329,0.052913680864478625,0.07015394777604815,0.08734792291427912
0.144364,0.022069834,5.871370817733555e-05,-0.043341377,-0.251682135,0.0117,0.0155,0.0181,0.02,0.022,0.0242,0.0266,0.029,0.0318,0.0442,,0.3676207016488818,0.4396475959161654,0.9302346940154312,0.04422644121385915,0.12146318796878203,0.08335160850952736,0.08021641196550239,0.08571097558913597,0.11326530248427091,0.9541786555431502,0.9424264828518639,0.8355147342004494,0.06833723448547001,0.06860189213436477,0.06821776631093007
0.149328,0.021997929,7.280982722751472e-05,0.1190746139819408,-0.506034068,0.0108,0.0139,0.0166,0.019,0.0216,0.0242,0.0272,0.0302,0.0336,0.0485,,0.3597005693009542,0.4730534994241626,0.874786197077371,0.04771006772873386,0.1293671392080757,0.07118062912031593,0.08598829859683363,0.11267667388916279,0.09949708412704363,0.9980403998789341,0.9082362544788013,0.844227952158533,0.07222235593464575,0.07242592610934288,0.07854178825771292
0.141421,0.01825821,5.920916927748613e-05,0.009935114,-0.698569121,0.0073,0.0108,0.0134,0.0162,0.0182,0.0209,0.0227,0.0252,0.0283,0.0375,,0.409873786519423,0.47749726898811873,0.9309725071907756,0.043850656082479136,0.14772203788308233,0.07346582905340406,0.09812336452377499,0.09697454509192002,0.09665400972504859,0.9633446052761694,0.8903497424659393,0.9090934743266562,0.07362975950080278,0.07777558586539644,0.09432524948089697
0.137104,0.017273885,5.5765809436610504e-05,0.041716945,-0.675629191,0.0066,0.0105,0.0127,0.0153,0.0175,0.0193,0.0218,0.0242,0.0271,0.039,,0.35236898662813976,0.4560656370125639,0.8480913941240581,0.038407036977452194,0.131955160318939,0.06062801711554134,0.08318769175816079,0.08459136933911358,0.10484196184763996,0.8715401843635769,0.963927974206555,0.9580948629998793,0.08709162101655153,0.071686268653324,0.07800785733985356
0.138378,0.01708857,5.058873257804999e-05,0.030821054,-0.765577287,0.0077,0.0101,0.0127,0.0153,0.0172,0.0195,0.0213,0.0236,0.0264,0.0342,,0.39316153105384266,0.4288356808346175,0.5706192715587988,0.040806895939792136,0.14814526264164823,0.05246129990956842,0.08736346228994485,0.0963879105386476,0.11148417754018057,0.9405781093063531,0.9430914149915309,0.8415106667261265,0.08533854042170466,0.09095654500246314,0.061456402792447955
0.138641,0.018136657,5.8164720681717205e-05,-0.005558204,-0.774780094,0.008,0.0105,0.0135,0.0161,0.0182,0.0203,0.0227,0.0252,0.0283,0.0351,,0.4181146068811561,0.41727146418325267,0.7349226596784355,0.0381286090368785,0.13847018610398706,0.0785075887909677,0.10031927718404327,0.10913790271978745,0.11635047193217693,0.9702013040243714,0.8843042154810627,0.8309965092215603,0.09018594834164355,0.07765174421109881,0.07711054411554849
0.138832,0.020073685,8.378932322781407e-05,0.1866720454665578,-0.639361508,0.0078,0.0113,0.0144,0.0171,0.0198,0.0227,0.0253,0.0282,0.0323,0.043,,0.3863265478521325,0.49110833044072094,0.7353593693634549,0.0357355102680619,0.145707934552764,0.061404351106666887,0.09259227889119939,0.10975350730497332,0.1266588042498145,0.9739868426331556,0.8457875343967501,0.8571962581765559,0.09262763680271154,0.06931205533896118,0.07492515080203015
0.140223,0.018052858,5.174733199138907e-05,0.001561064,-0.79501605,0.0083,0.0111,0.0133,0.0161,0.0179,0.0204,0.0224,0.0248,0.0278,0.034,,0.3688853603943956,0.49696141698673557,0.5945087706601331,0.0368291971818263,0.11341472487629962,0.05063044503381433,0.07276032257177513,0.1094390415853862,0.10019488860558157,0.9788338415396427,0.8169895674484471,0.898063783282485,0.059963604599059105,0.09809282754700877,0.0811008645795619
0.139394,0.018367942,6.186687315755377e-05,-0.0341895,-0.889591067,0.008,0.0104,0.0135,0.0162,0.0185,0.0207,0.0231,0.026,0.0288,0.0352,,0.4091299954763125,0.42100783766055727,0.7308889227315268,0.045804820047237904,0.12116097509139542,0.07695644752574295,0.0944808847272863,0.11542609286536298,0.09666840016315109,0.9172662820366305,0.8398310864368053,0.8908930845202081,0.07161780240239617,0.08902596061037758,0.05709801445170788
0.140205,0.020613844,9.59246686355764e-05,0.3000387973053863,-0.524130964,0.0081,0.0114,0.0141,0.0171,0.0201,0.0229,0.0261,0.0292,0.0338,0.047,,0.3918611695435638,0.40188023798898276,0.525402717307259,0.03767192123433072,0.11613522603743971,0.08417740330507088,0.07982889178179906,0.1180598710580018,0.09836059671341763,0.8941635743793133,0.9672354472759065,0.900090091664135,0.09063885615145839,0.06089236317804767,0.06852770109462354
0.135899,0.016115415,4.4048894012556784e-05,-0.016007005,-0.85207637,0.007,0.0099,0.0125,0.0137,0.0162,0.018,0.0201,0.0225,0.0253,0.0306,,0.35259765075823546,0.48558859038542346,0.7081362351638425,0.04213436299419171,0.1378643746075088,0.05944689968460054,0.0958282087076217,0.08640226750692155,0.10429833406904677,0.8158031632450617,0.8595522308052368,0.8193807119946032,0.08628859344490496,0.09536615127961563,0.08752436731452702
0.132419,0.021964736,0.000100124,0.179518728,-0.49984058,0.009,0.0126,0.0157,0.0184,0.0216,0.0246,0.0278,0.0309,0.0352,0.048,,0.3598780423096638,0.46844198065617354,0.8211346880914387,0.03768972589523719,0.14740766233989475,0.06315952568328334,0.0744521380978636,0.08478004180349583,0.12340982110189144,0.8739348633215758,0.8196988888997334,0.898455582262561,0.0655335414033832,0.059888324414691656,0.08781457129286026
0.140573,0.02185582,8.880615505580079e-05,-0.157601501,-0.859816605,0.0081,0.0131,0.0161,0.0201,0.0225,0.0249,0.0279,0.031,0.0341,0.0417,,0.39873745126102095,0.47708106126874505,0.5738870400368908,0.044472486722552794,0.1306573945352042,0.06583329472434539,0.09956718061392779,0.09368110689604316,0.11566589397396845,0.8693204265613664,0.9715640735380636,0.9187343698109581,0.06790282412959522,0.07015150134782064,0.07526805707225301
0.125363,0.018919192,7.07553726632961e-05,-0.0026324,-0.810962036,0.0071,0.0109,0.0138,0.0166,0.0186,0.0215,0.0237,0.027,0.0302,0.0379,,0.3637671089492868,0.446241274457406,0.772457227256755,0.046590111624088895,0.12883850943787728,0.08601540295115809,0.08241839988482896,0.11387366463990635,0.11733496533365785,0.9878052221792276,0.9399613700218903,0.8665707146206811,0.07074242725729293,0.05848743970977999,0.08787380005345925
0.120726,0.020606599,8.775718412703731e-05,0.034635006,-0.798445208,0.0077,0.0114,0.0151,0.0177,0.0203,0.0234,0.0265,0.0292,0.0332,0.0432,,0.410627602945955,0.4291380859174117,0.7166569001994311,0.04341375187772829,0.14462688928714296,0.05678552169951187,0.0743982994589007,0.08949634411879132,0.10863545956189158,0.9761090365050793,0.82762558297695,0.9300759913977228,0.062057300755265804,0.0605245874176264,0.06806357923187328
0.102838,0.018540038,6.710089822402747e-05,-0.046156682,-0.80250355,0.0067,0.0107,0.0135,0.0163,0.0188,0.0211,0.0232,0.0262,0.0295,0.0372,,0.3561298950060932,0.4411044142140983,0.7870260273816249,0.03788625829749913,0.12069445896129341,0.06907655095153398,0.08894794115777244,0.1054877424715342,0.11218640442422755,0.8967402757714887,0.844185206211593,0.9409939426088957,0.09064765425970933,0.09050981357483619,0.08028530954618986
0.135309,0.019775175,7.704234162247972e-05,0.029486997,-0.637553986,0.0076,0.0112,0.0151,0.0176,0.0199,0.0223,0.0251,0.028,0.0311,0.0442,,0.4184649562413561,0.4874466067206801,0.5514724507800441,0.04685130041251911,0.12829247390661777,0.08035961734587374,0.09318546829707818,0.09352457801521352,0.1310508867200234,0.9800913269766518,0.8666350188128737,0.9211744106045037,0.07571881125866187,0.0851515825463267,0.0776893273792316
0.122517,0.02156058,6.256807073284569e-05,-0.073488326,-0.73096528,0.0109,0.0142,0.0171,0.0191,0.0219,0.0239,0.0264,0.0291,0.032,0.0385,,0.376033535173447,0.43190731330109866,0.679196076635985,0.04511763247642586,0.14754625146914718,0.05414766678696555,0.08446250027226787,0.11216656404541293,0.1284625170740707,0.9036177982082962,0.9781965113186302,0.8232260892550434,0.07796368467481304,0.08524558853085148,0.07521257868711173
0.128168,0.022917653,7.909687583177699e-05,0.1176638288552494,-0.580365168,0.0109,0.0148,0.0181,0.0202,0.0224,0.0249,0.0279,0.0312,0.0349,0.0451,,0.36247964409963607,0.48529560239293673,0.7947942576245343,0.03919116880538453,0.14270893135047197,0.08077687862926686,0.06788096628677405,0.08598033728891041,0.11033064740070501,0.8411684055842342,0.9950462751699846,0.966742623392235,0.08901033487420128,0.08448760741011874,0.07441354293075617
0.117406,0.020867531,6.082955300274106e-05,-0.052147283,-0.719594485,0.0106,0.0131,0.0167,0.0187,0.0207,0.0232,0.0255,0.0281,0.0314,0.0392,,0.35427462410455723,0.4138416979654958,0.6093351151987825,0.036037644475998346,0.11297730712106421,0.06174495691967872,0.08217714639099288,0.08593810712534423,0.09641760485592746,0.823504286037757,0.9705450400182016,0.8501611794688244,0.07437055194062288,0.08965171814638924,0.09066059181919707
0.122663,0.02211224,7.983906810311267e-05,0.2018486356205447,-0.45161806,0.0104,0.0134,0.0167,0.0191,0.0222,0.0246,0.0271,0.0299,0.0339,0.0467,,0.39765916048854744,0.4826545757831161,0.8720411516732346,0.04719811549158561,0.12676632911658495,0.0739422714384793,0.09282755926534855,0.09976025220778954,0.10119817013695144,0.9140841114209889,0.9837165409073686,0.9731089200068831,0.08601656531870105,0.08213112826388483,0.07139251969975793
0.123761,0.020551683,6.482804005230567e-05,0.002259753,-0.783364462,0.0099,0.0125,0.0158,0.0179,0.0208,0.0228,0.0253,0.0281,0.0316,0.0375,,0.36014711300224367,0.4644645233812501,0.923055199639863,0.04236982651640541,0.1322704138201393,0.06905016370751152,0.0823999807829785,0.08450244273777383,0.11649198223765421,0.8954401733577523,0.9171709260571798,0.9290720175281956,0.07614022285580296,0.06816791438482969,0.0866931392146667
0.146298,0.02296837,7.9374240884838e-05,0.015351065,-0.742823773,0.0107,0.0147,0.0182,0.0204,0.0227,0.0253,0.0284,0.0318,0.0347,0.0453,,0.41894697027906486,0.47312757658370586,0.7854470827669715,0.04504583190526045,0.1389098313807897,0.061283778705567234,0.0908216884453554,0.1104453353304944,0.12065723941036986,0.9385450128883784,0.9329260666682908,0.9267005815153542,0.07873400868172198,0.07121348718784047,0.09920218616091869
0.150002,0.023435669,8.093096469438465e-05,0.1405354047601609,-0.432341358,0.0117,0.015,0.018,0.0207,0.0231,0.0258,0.0283,0.0313,0.0357,0.0488,,0.38611221375818405,0.4423179981271497,0.6960115554980648,0.046667406653137886,0.1420184488121823,0.061872737207569785,0.09331203874512016,0.1029164845256931,0.10058987438750304,0.817590943468495,0.9409377758266959,0.8840155953216566,0.08192830880937002,0.05679851325486736,0.09602438952168653
0.139881,0.021299467,8.822594747981177e-05,-0.034037793,-0.823645956,0.0079,0.0127,0.0155,0.0187,0.0217,0.0239,0.027,0.0303,0.0342,0.0415,,0.3613298096363352,0.4623670506101997,0.7883911888035371,0.04535502618042346,0.1302278279785332,0.08512379026479287,0.09279454612750049,0.11436143199130161,0.1100319411868642,0.9090097560250382,0.8366013713950916,0.957946468682311,0.07488633287626596,0.0566235679245275,0.08991189000027154
0.151948,0.022184802,9.646518054173893e-05,0.013507694,-0.705628101,0.0087,0.0128,0.0164,0.0201,0.0225,0.025,0.0279,0.0311,0.0353,0.0462,,0.4076810425566433,0.4067097870673482,0.5239178043027916,0.045960121919158915,0.14868294114668953,0.061402278562853754,0.06898265167803504,0.1086508905404339,0.1034652836422247,0.8916869474565279,0.9833416369686643,0.9081777975000697,0.07351196081179501,0.08639744746006026,0.08199135043367692
0.147732,0.021980052,6.898209054348633e-05,0.058097306,-0.647564496,0.0115,0.0142,0.017,0.0198,0.0218,0.0238,0.0269,0.0296,0.0332,0.0411,,0.3754729127697459,0.4371966539994364,0.8557456633577502,0.049410930741326985,0.14587865565429914,0.08304604530903285,0.07495444574100643,0.11068794885303924,0.13207712738740932,0.902473920953685,0.9747451771811899,0.8631679759185499,0.06697795676440743,0.06734057625966419,0.08307101342428337
0.144718,0.0283785,0.000138276,0.1939118594956914,-0.528382575,0.0123,0.0172,0.0213,0.0251,0.0286,0.0315,0.0345,0.0384,0.0445,0.0576,,0.39672468760833435,0.40903888533646504,0.5335143969460151,0.04284192509898549,0.11621827535442163,0.06368975242033846,0.09760813841669212,0.09406085491052665,0.1192428792469208,0.8996898221540086,0.866893284142694,0.8692508112427909,0.07102693807707182,0.08300486497041652,0.08352011101740628
0.127397,0.023175409,0.000106036,-0.039666453,-0.807470203,0.009,0.0128,0.0168,0.0208,0.0236,0.0265,0.0294,0.0329,0.0368,0.0464,,0.41600517477418864,0.49230815307413495,0.6180979749247065,0.04385632863956479,0.14538604965670684,0.07318570607798652,0.10109957651681918,0.10020638161361275,0.11480545885189845,0.8798910580592264,0.9827797339050314,0.9313345381299302,0.08536556037539333,0.054426012324814095,0.09626623023527028
0.136395,0.021893674,7.89182418431827e-05,0.05022846,-0.783050229,0.0096,0.0137,0.0164,0.0188,0.0221,0.0243,0.0271,0.0301,0.034,0.0423,,0.38889727916252714,0.47400208129590454,0.9224253703628683,0.041440485325534404,0.126199683954763,0.05373141218340227,0.10088119543619421,0.1094841000240955,0.11995620298270573,0.9715563114111014,0.9567977930669256,0.8815996508818915,0.07369459233755764,0.08374315169910748,0.09668362999066502
0.138867,0.018713386,5.8644014349052263e-05,0.084091922,-0.621544882,0.0079,0.012,0.0141,0.0162,0.0188,0.0211,0.023,0.0257,0.029,0.0412,,0.4154162229739361,0.4256850891344184,0.7456107620365988,0.0469691952909294,0.11747205815634239,0.06161189477337215,0.06802166135148928,0.11673056053488289,0.09943064624980005,0.812441184944715,0.9862785055181532,0.8721107710424871,0.06284437039908272,0.056964108798006785,0.08325440867962328
0.146911,0.022263507,9.489563631330868e-05,-0.045443904,-0.72591429,0.009,0.0127,0.0165,0.0194,0.0227,0.0257,0.0283,0.0313,0.0351,0.0475,,0.39094728639932325,0.48500677096664363,0.7946623591517679,0.04655422655038488,0.11329922554592278,0.06190011548043681,0.0844073971492437,0.08756864912948192,0.1273837130484783,0.8841296579260601,0.9716441496555654,0.9162084846026628,0.07821459928633656,0.06896348925312869,0.09518052807306927
0.121269,0.021310506,9.365034803546942e-05,-0.007813247,-0.862312058,0.0078,0.0118,0.0154,0.0181,0.0213,0.0245,0.0274,0.0304,0.0342,0.0426,,0.40196190154099926,0.4120426064869815,0.6021224537392474,0.046921667176600464,0.11307866899284341,0.08640968273725479,0.09708032021004372,0.11178915999759956,0.11206319749574312,0.9167143158633547,0.9769945281470914,0.9089504099286398,0.09150897152667137,0.05532067680709291,0.07882596218564816
0.122017,0.021128924,7.529232681174024e-05,0.023124783,-0.862040886,0.0101,0.0126,0.0156,0.0186,0.0209,0.0237,0.0264,0.0294,0.033,0.0395,,0.36275337070661057,0.491123051475572,0.5511035182285751,0.04078803915549441,0.1341035297047422,0.06313095394079098,0.07648127024231194,0.10464937369829132,0.1321447921754289,0.9265993628725374,0.8542925671363759,0.9914011080677332,0.08041289565054832,0.055668918357135666,0.07875307587160342
0.12633,0.020209703,7.540726857655075e-05,0.080055343,-0.745287414,0.0083,0.0122,0.0147,0.0174,0.0203,0.0227,0.0257,0.0284,0.0315,0.0408,,0.40997723757616483,0.42924688713660136,0.697676109029051,0.04048995836388124,0.1386644569936517,0.07828235689303682,0.08736545636321895,0.10001906950477926,0.12019006896859841,0.9811861997381583,0.9075379246526456,0.820834640536904,0.05635309777598284,0.0746440763563833,0.06699825213954505
0.117367,0.020771058,8.914503998954638e-05,-0.014687222,-0.824985779,0.0074,0.012,0.0149,0.0179,0.0209,0.0237,0.0269,0.0295,0.033,0.0406,,0.3967437265294642,0.48292193673270545,0.8072235284849262,0.046748800505209166,0.1220055065987974,0.06725037387595123,0.10323885120370482,0.10493267798955154,0.09812556119832186,0.8054312470037106,0.9812914148573408,0.8989177393152628,0.06087926020037547,0.052954080867262054,0.08578691828587519
0.126109,0.019450979,7.288776355458571e-05,0.048136489,-0.847461155,0.0074,0.0115,0.0138,0.0172,0.0192,0.0218,0.0248,0.0276,0.0311,0.0394,,0.40165276054106486,0.4541269408934921,0.764211623405805,0.0443812884862811,0.12509913397344144,0.052370544440373264,0.0998697796886388,0.10677911937032589,0.09626621729168162,0.89588526476223,0.9718342376980433,0.8379307750024518,0.09007641313406549,0.055204134154441156,0.08570187049699492
0.126894,0.019680603,7.569371309081122e-05,0.094571623,-0.774118571,0.0075,0.0115,0.0139,0.0174,0.0194,0.022,0.0249,0.0278,0.0315,0.0394,,0.3952592873035001,0.4925948941717183,0.8701079917413868,0.04262726602215513,0.12427032914226817,0.05721628381668126,0.07870358830009667,0.11270115406678108,0.1073070458861871,0.8689269691309893,0.9572125998308881,0.9267894951299217,0.05701362390017919,0.0967070787974675,0.08445644696869653
0.125567,0.018486885,7.276385633180358e-05,0.1297675850654379,-0.654592751,0.0067,0.011,0.0133,0.0159,0.0183,0.0208,0.0232,0.0264,0.03,0.0407,,0.39066295090366454,0.45573084638039024,0.56687500450201,0.03903923718768311,0.11623189921788706,0.052361404175221886,0.09322337246142147,0.0888760582338426,0.13049575917934392,0.9369442659559983,0.8778894650252465,0.8348931769999478,0.08109761639582955,0.07159873348209438,0.06090069688064565
0.124673,0.019808817,7.184973012893336e-05,-0.014604373,-0.805644614,0.0076,0.0116,0.0148,0.0176,0.0198,0.0228,0.0248,0.0279,0.0311,0.0388,,0.38360049876615826,0.48778506467890814,0.9234197586791674,0.03752018871194814,0.1215477489461497,0.05483013530701742,0.0657973767655432,0.11530101076703742,0.12904550281016708,0.9951024845693268,0.8401631673166358,0.8754145399105256,0.07361954579797637,0.08181643339175394,0.07806312625801659
0.120932,0.0198654,8.629260208538878e-05,0.1642990455157643,-0.61907668,0.0074,0.0107,0.0143,0.0171,0.0195,0.0222,0.025,0.0283,0.0323,0.0437,,0.4015536796588996,0.4771026015093636,0.8728054845602237,0.03924777083512833,0.12758140919641106,0.0741130938564109,0.07322573414950817,0.08586172104878326,0.12078914918851313,0.8375969146360218,0.9940181417020448,0.8370512662565408,0.08122888954705096,0.06925971173580305,0.06998762475215342
0.132934,0.018868364,7.742760417385177e-05,0.2538427558364421,-0.352275015,0.0072,0.0104,0.0134,0.0164,0.0185,0.0209,0.0235,0.0266,0.0302,0.0437,,0.36367941437138507,0.4577632465415638,0.6766980718715121,0.038073530025048964,0.13882005165470726,0.058404560307929475,0.09213381632615937,0.10079836812113582,0.10109241877428313,0.822850904671175,0.879425997624778,0.8596434923684024,0.0585017383583142,0.085674228068928,0.0858577686995155
0.194131,0.022938263,7.57828051202247e-05,0.025633806,-0.650342317,0.0108,0.0151,0.0182,0.0205,0.0227,0.0254,0.0283,0.0312,0.0342,0.0447,,0.3570688616505304,0.4241608467521925,0.5589205695891323,0.04057148754657567,0.1268001188697456,0.05819707899378361,0.07367149433748159,0.10368436817312889,0.11227789132155568,0.9794837430591057,0.9279969185959183,0.9790230974720905,0.08901944254583329,0.08845773184488989,0.0980077565589161
0.198018,0.025995675,0.000103427,-0.016310179,-0.772270796,0.0123,0.0164,0.0197,0.023,0.0259,0.0289,0.032,0.0359,0.0398,0.0493,,0.36093280497864383,0.49312388206879487,0.8723661326416707,0.03648949960960675,0.11418943680885908,0.06428764194225232,0.06936884023692934,0.09905756047130494,0.1188437623703239,0.8771213141714658,0.8999610855457771,0.8712146533567656,0.07171698385242818,0.0788772578727211,0.07638416091910373
0.208662,0.025092107,0.000126886,0.1985300810024368,-0.515112142,0.0099,0.0146,0.018,0.0214,0.0242,0.0278,0.0313,0.0352,0.04,0.0556,,0.41908425034686625,0.4142340384588246,0.8763686557158992,0.03792724898430425,0.13539191412691268,0.08668842141762818,0.07206257597932507,0.09220708994186767,0.10711063016014719,0.8902419646221109,0.8544899263240677,0.925065339551298,0.08746268252087107,0.07774403851190383,0.08028381593541789
0.197554,0.024382323,0.000100265,0.3283187402872814,-0.224873038,0.0111,0.0153,0.0184,0.0208,0.0236,0.0264,0.0294,0.033,0.0377,0.0548,,0.39330064400205006,0.47855750618571957,0.6368932277795399,0.03560902277080652,0.12093892249779131,0.06256857006147404,0.09814841564248791,0.083981704225367,0.11686770858179908,0.8295737703837807,0.8364503823801892,0.8602783361213557,0.08637161230137341,0.09476034500870828,0.059528028546486735
0.191608,0.022651802,9.35219929531164e-05,-0.025107536,-0.657798146,0.0094,0.0133,0.017,0.0199,0.023,0.0257,0.0284,0.0314,0.035,0.047,,0.3840345601284521,0.4757745231688096,0.9327720647786105,0.04283346546169603,0.14348281197983415,0.0645201319652176,0.08019741511157377,0.09968112863409857,0.12915534972778955,0.9492539182017666,0.9181139464533005,0.9463243552628613,0.08709405004011316,0.07005842460089244,0.0759588985096744
0.192689,0.024603224,8.923327707536194e-05,0.003843254,-0.691753029,0.0116,0.0159,0.0189,0.0225,0.0248,0.0274,0.0301,0.0332,0.0372,0.0468,,0.36718560965202574,0.40994993111790584,0.7293806910654916,0.04561355446622588,0.11931532022666615,0.060972145735513704,0.09651138568623797,0.0819557308872333,0.13225220767429505,0.9430121611653918,0.8980206541145938,0.967752841537995,0.052888622690030695,0.08425579427066311,0.09270686667653304
0.19597,0.024396823,0.000118541,0.1256637883220936,-0.570413189,0.0103,0.0145,0.0182,0.0214,0.0245,0.0275,0.0305,0.0341,0.039,0.0527,,0.4026565587587771,0.4119619666883552,0.5925606170765342,0.041297259054781016,0.14304245557215214,0.061135432063573275,0.08528887986191445,0.09168837696557755,0.13183165465791988,0.9676882335144489,0.8678671185094504,0.9019312761375677,0.0769101278610812,0.08867157633693581,0.06881921382320827
0.200364,0.023422687,7.509984414721902e-05,-0.00965231,-0.572665729,0.0114,0.0157,0.0186,0.0212,0.0234,0.0259,0.0285,0.0312,0.0346,0.0455,,0.41802310649296653,0.4977538301260547,0.846602187876543,0.040288741108304375,0.14145938214002265,0.08421546865505807,0.08642762475752601,0.10225683054774906,0.11981003554574388,0.8477228355758614,0.953768067366654,0.9948734667599187,0.052499474620418755,0.08586234209003057,0.0698218434692205
0.201636,0.026088323,9.549646020859243e-05,-0.042426821,-0.606683166,0.0128,0.0172,0.0205,0.0234,0.0264,0.029,0.0316,0.0346,0.0384,0.0503,,0.36317103441288506,0.4791096773989843,0.7383969371643112,0.04380020321923622,0.13695997956433806,0.08142433540830452,0.09212397982801358,0.1035076309214992,0.13168883075272206,0.9922688836761226,0.892091082329047,0.9275549934427703,0.05232879450383226,0.08955865429600277,0.0772240423854087
0.198799,0.024181879,7.94255702561807e-05,-0.017294339,-0.587366983,0.0119,0.016,0.0187,0.0217,0.0247,0.0272,0.0295,0.0324,0.0356,0.0474,,0.38696848466667244,0.49574993241547716,0.5509195487034326,0.04418544568409299,0.11499134021418134,0.05076596963070343,0.09457180953585284,0.11087102471791685,0.10797694805876956,0.8623470055853751,0.9429464921530308,0.8273938767176461,0.07436776271676675,0.09084646137482019,0.09037260657014326
0.135302,0.020322195,7.517581362404875e-05,-0.005592672,-0.86304341,0.008,0.012,0.0153,0.018,0.0201,0.0229,0.0257,0.0285,0.0323,0.0394,,0.3540458654647566,0.4960286226365928,0.5689204007514242,0.04627773920671615,0.12996867595529035,0.07933687577811596,0.06549277791238707,0.11351379778272726,0.11332016252682946,0.8171928117773015,0.9865458987416057,0.8597933725168346,0.05315851716223984,0.09729522822694181,0.08155283067215757
0.123746,0.01760654,5.667877233607688e-05,0.023796287,-0.863805034,0.0078,0.0102,0.0129,0.0156,0.0176,0.0198,0.0222,0.0249,0.0279,0.0347,,0.40934016679892093,0.43316194542062686,0.7153490640897827,0.04570837240653404,0.1464791707897678,0.06314515103713049,0.10366602367964999,0.10233377086276883,0.12191999458348121,0.8175648553841289,0.8462310803526524,0.8280857220921652,0.05255408172684306,0.08650058210774358,0.07712168305594688
0.121965,0.01922124,7.641776377326132e-05,0.027048366,-0.810722119,0.0068,0.0112,0.0135,0.0171,0.0191,0.0217,0.0245,0.0274,0.0311,0.0394,,0.41667830208972706,0.47244369108808304,0.808244167129306,0.04910769828126167,0.11997703124631094,0.0558380884464814,0.0751350549039018,0.08955033880884002,0.10735958489755494,0.8635973879928632,0.889054281579599,0.9014991174714541,0.060168945337915225,0.07008893364501717,0.0984748709883133
0.136246,0.019605386,7.301921426844348e-05,-0.03287929,-0.836870812,0.0076,0.0114,0.0145,0.0172,0.0195,0.0224,0.0247,0.0278,0.031,0.0382,,0.40768558438786695,0.44893479977356027,0.8633650113278742,0.04818118088491845,0.13721687459564844,0.07136147192272221,0.0784327331160942,0.0822238549201607,0.11296193528333896,0.8393722051456156,0.9929731079394198,0.8898861897437047,0.08551017408821841,0.09690687587922336,0.06884351333243453
0.121079,0.018058798,6.316727985952531e-05,0.021684084,-0.869648533,0.0078,0.0102,0.0134,0.0157,0.0181,0.0201,0.0229,0.0258,0.0289,0.0354,,0.4112302366855479,0.4590000199019735,0.8946034183822084,0.04764246637429698,0.1288067762696203,0.0681797388132045,0.07205844649747244,0.08954607088053959,0.11431453554166467,0.8681025983970911,0.9532690568020061,0.8338216443991432,0.07569415649522877,0.09499745777309562,0.09864596425762365
0.121235,0.019409615,7.875206809689917e-05,0.1244128460985858,-0.602265424,0.0073,0.0109,0.0142,0.0167,0.0191,0.0218,0.0244,0.0273,0.0311,0.0428,,0.3601280365590902,0.4830090024554644,0.6954754659458879,0.04667029249156028,0.11684747624437258,0.07881438150385274,0.06810209333546889,0.10840149682903932,0.11134944583771782,0.8513074681029583,0.9486985460870281,0.9694079102092984,0.08957625757443413,0.0632772935937181,0.09762120486054279
0.118475,0.017992332,5.649872372953837e-05,-0.141187253,-0.853624909,0.008,0.0105,0.0137,0.0161,0.0186,0.0204,0.0232,0.025,0.028,0.0358,,0.41687585998347676,0.4535603374484025,0.9247645492478459,0.037767227686404635,0.13587791912012032,0.08249202989354405,0.07468353664993133,0.1159944717922903,0.11424569663938235,0.8193598267208048,0.8507107961211595,0.9556099630732057,0.07945821192014282,0.061891724527789786,0.07351984314725843
0.124714,0.017664488,6.380801988479221e-05,0.034291964,-0.755347037,0.0063,0.0104,0.0127,0.0155,0.0178,0.02,0.0225,0.025,0.0281,0.0389,,0.41364701550135485,0.49633854535673194,0.5580205756490754,0.048301234191349886,0.1142535948917458,0.05582822292037483,0.09463994947168863,0.09105800247234865,0.11382126135231951,0.9027247368614884,0.9336869016739772,0.8209466094190982,0.0711231850762239,0.058990560949957145,0.07192379260139369
0.131573,0.018478869,5.881855535610762e-05,-0.002138063,-0.801060503,0.0077,0.0111,0.0136,0.0163,0.0181,0.0209,0.0231,0.0258,0.0287,0.0378,,0.403034260644684,0.4597754193058556,0.7961169066478364,0.04843193782360413,0.12119205382397627,0.05951436353799357,0.06912387007706144,0.08060815418797797,0.12084637528709571,0.8186292571583156,0.8091169416298611,0.9930568059758318,0.07606825023294826,0.06046868885428612,0.07550225961842474
0.125352,0.019448226,7.301621329907214e-05,0.016746865,-0.892326273,0.0076,0.0112,0.014,0.0168,0.0192,0.0223,0.0245,0.0279,0.031,0.0382,,0.38787617426205045,0.40654991918245154,0.791364888065152,0.04406503583549208,0.12884807256482309,0.07468127769793262,0.07047521984623911,0.08566857325289753,0.13352337610063517,0.8773133993469506,0.8564016796188094,0.8823245099737776,0.07347537120818572,0.06552635931429251,0.07567284529201877
0.177586,0.024340151,7.983136568808324e-05,0.030917366,-0.492937972,0.0124,0.016,0.019,0.0218,0.0243,0.0268,0.0294,0.0323,0.0362,0.0491,,0.35616901054698685,0.4661832065451304,0.5853757182571512,0.04442858689371641,0.13625968812046274,0.06092576238052958,0.06743830364410344,0.11302546439937802,0.09700343322441068,0.9670719568302865,0.9237579270598287,0.8378353815049977,0.06431755803265987,0.07205309625040615,0.08985322773465983
0.163855,0.022026067,7.011954442636884e-05,-0.013490833,-0.716960877,0.0111,0.0139,0.017,0.02,0.0221,0.0246,0.0273,0.0296,0.0334,0.0408,,0.36757905202059055,0.4457183425742062,0.7805186219217183,0.04368285351308378,0.13659866171469875,0.0619719170941684,0.08770912360548598,0.10587058217759153,0.13162411400605764,0.910666010800292,0.9964786006390389,0.9435433023723342,0.07560787837909243,0.09820084516744977,0.06110863207063816
0.18127,0.02832926,0.000112908,0.037161334,-0.485064623,0.0138,0.0189,0.0223,0.0255,0.0284,0.0313,0.034,0.0381,0.0429,0.0599,,0.3875230479426156,0.43223159956312596,0.7920981437468402,0.04766708127991341,0.1311050161483226,0.05551709189890622,0.09647354201693721,0.09158582018696462,0.12759441558640888,0.8364384837588716,0.9039573787721402,0.9487585922740037,0.05505002676367881,0.06722342337678726,0.09484984244488477
0.178696,0.025176996,8.643640830430696e-05,0.002570606,-0.616186994,0.0127,0.0166,0.0195,0.0225,0.0251,0.0277,0.0304,0.0339,0.0374,0.0493,,0.4029966544525905,0.4226239173683027,0.9150798534252857,0.038330603909947365,0.12808329073733166,0.07789103209234559,0.08196364051685723,0.1047210527308245,0.10468030107254624,0.9599389240087599,0.8426263422277973,0.9876253142739851,0.07072284575335144,0.06599093926365367,0.0851630665218943
0.171103,0.021547124,7.026542609154809e-05,-0.027751226,-0.755728761,0.0096,0.0138,0.0165,0.0191,0.0218,0.0239,0.0265,0.0298,0.0327,0.0419,,0.38909833497347335,0.40464431430134895,0.7233272428082641,0.04658527418778607,0.1305480070449739,0.05552485941548864,0.08497592153057608,0.09497442741973851,0.12518842220690973,0.9372532568953396,0.9678436944074433,0.8769368193156891,0.0823460661595089,0.08515322518931756,0.060755293843308356
0.185758,0.024566688,7.321182195159267e-05,-0.184333366,-0.702415906,0.0133,0.0166,0.0193,0.0229,0.025,0.0273,0.03,0.0331,0.0357,0.0425,,0.4091884197655711,0.4365785833414093,0.5385721888665203,0.04461238546098649,0.13901771337203034,0.07156345095292545,0.07257249727290327,0.10704450999197616,0.12894772474030322,0.8098398483708366,0.9260931194512874,0.8644213963834201,0.09373642823179953,0.057032293564729504,0.0636133390203236
0.180915,0.026683867,9.625726619033174e-05,-0.027665455,-0.656525408,0.0136,0.0177,0.0209,0.0238,0.0268,0.0295,0.0322,0.0354,0.0401,0.0504,,0.36037527078682224,0.4423984851318029,0.9034125499244949,0.04615587237132337,0.11908925136127216,0.07452776688668207,0.087144648629253,0.11235739496830591,0.1256513708498185,0.8487949754170047,0.8363818002986623,0.8221854745195656,0.0834222618670662,0.07859831245666296,0.05749893082788396
0.178473,0.025270147,8.328425039327156e-05,-0.082888854,-0.698408262,0.0125,0.017,0.0202,0.0227,0.0252,0.0279,0.0308,0.034,0.0372,0.0455,,0.39385834026441063,0.4731958399618272,0.6865981852841343,0.040369772164672524,0.13386440666023983,0.07935521476650903,0.1034081514496048,0.10141255515484479,0.12400979561547328,0.8618921394792142,0.9913392622943321,0.9394692714115297,0.0787346976945983,0.08803172166210062,0.07172929123824874
0.181499,0.028070274,0.000120069,0.1883146979360908,-0.452083704,0.0137,0.0184,0.0216,0.0246,0.0274,0.0305,0.034,0.0384,0.0426,0.0601,,0.39511510767329194,0.4588713597700783,0.6200823569923265,0.035533275345837494,0.14889278699271055,0.059314655929127574,0.08305068347615827,0.09825923992313115,0.12951700446497236,0.8861866509836243,0.9334788072821565,0.8554458569599024,0.08672354516951403,0.06472553829358392,0.09449649988969551
0.186541,0.025373452,7.852858021425272e-05,-0.060502161,-0.53187587,0.013,0.0172,0.0202,0.0231,0.0257,0.0281,0.0306,0.0333,0.037,0.0473,,0.3842273878318837,0.40744301722047666,0.878468268077903,0.04216278843551977,0.1224911348470798,0.05245031401670305,0.09656062273815953,0.09074521600476988,0.13006230433895244,0.9322457229048325,0.9137970477729743,0.9598171082077048,0.07526750667191552,0.06560043922958367,0.0792207928334627
0.135492,0.020693634,8.732990655780112e-05,0.082947184,-0.642021032,0.0078,0.0115,0.0155,0.0181,0.0205,0.0232,0.0261,0.0291,0.0333,0.0437,,0.37946356250562946,0.45020237021643,0.8365921726172163,0.04611587426017788,0.12929431468212227,0.07724510809597217,0.08411844757650992,0.11451561384462955,0.0973694434222596,0.8573092609647508,0.917386799742479,0.9933681977348504,0.07160759055955941,0.05909949490782343,0.09140988008553334
0.143687,0.025767576,0.000140515,0.073778628,-0.782052196,0.0094,0.0144,0.0183,0.0219,0.0252,0.0286,0.0326,0.0375,0.0418,0.0551,,0.39941372018532756,0.4594195973814106,0.5095776964960984,0.03840434942495478,0.13039990433439402,0.07286093509248943,0.07301437098171006,0.11201163633827214,0.11180124904422845,0.9056563050158098,0.983561816297725,0.9220420535034808,0.06295214278002191,0.08530543417648948,0.0970607007608068
0.155677,0.028717848,9.334352920511977e-05,-0.232417816,-0.444821028,0.0156,0.0198,0.0233,0.0264,0.0296,0.0323,0.0346,0.0374,0.041,0.0483,,0.3732041247988971,0.43073853867813044,0.9199262805085404,0.03567729467980708,0.1450167069394927,0.06535299581060809,0.08474078034116696,0.0980124877802549,0.12771506426564205,0.885065607243402,0.9465112394452323,0.8886639537505912,0.06865394806962893,0.07359894164162775,0.09132324668242245
0.154728,0.027676961,9.07111476084342e-05,-0.178525658,-0.54185487,0.015,0.0189,0.0223,0.0253,0.0281,0.0306,0.0333,0.0364,0.0399,0.0472,,0.392170394280703,0.48709563303762804,0.5900532139691155,0.040284453590493645,0.1275954160572895,0.07557808197634946,0.09911820811921138,0.09110841303263009,0.12554281908351944,0.9129897935235898,0.8723742598975549,0.8772883996084274,0.06652201630715039,0.06472253674216272,0.06522234361910409
0.149063,0.024955767,7.091673079058523e-05,-0.202711055,-0.573642658,0.0133,0.0176,0.0202,0.0226,0.0253,0.0279,0.0304,0.0329,0.0357,0.0443,,0.35942350531219486,0.48523807702428756,0.6648522835829347,0.04425837490711683,0.11514050934781515,0.07994583558284403,0.08477083227484884,0.09101151720931394,0.09773165655251048,0.9750392804344115,0.9837404421811907,0.9583320973666285,0.06959635938220664,0.058913604674700235,0.07512069543146496
0.140251,0.023250965,0.000105181,-0.033974977,-0.80070773,0.0091,0.0134,0.0169,0.0207,0.0235,0.0264,0.0293,0.0325,0.0373,0.046,,0.39524802268407716,0.47378287103604716,0.8432829764366714,0.045182049185604575,0.1478979037221766,0.06041291150789811,0.09847215632613175,0.08567231521899987,0.13070289956835154,0.8859419484953298,0.8909812607440735,0.9088646230304265,0.06639559471819548,0.08867355159911237,0.07012127042735956
0.146808,0.027510739,8.477695745110394e-05,-0.20351647,-0.295896947,0.0153,0.0193,0.0224,0.0252,0.0278,0.03,0.0327,0.0359,0.0398,0.0494,,0.40577211359963306,0.42944139111961405,0.7165671917923024,0.047064807664043244,0.13999917789190605,0.08157169159135363,0.10063652422638439,0.08529537505892042,0.13238135933684683,0.9345372224034739,0.9014655992906476,0.9522170716134315,0.06923208979282391,0.06855221413269448,0.06741762692683105
0.153366,0.027728887,8.809450992633969e-05,-0.254576522,-0.567011339,0.0149,0.019,0.0226,0.0256,0.0282,0.0309,0.0333,0.0366,0.0402,0.0472,,0.36083948324392795,0.4599787105876111,0.8510670861375357,0.036904478391447906,0.14031195471645222,0.05053415604985919,0.10058633737163475,0.118424173718723,0.10355154097887809,0.9976953983230863,0.870687534180843,0.9495071318300077,0.06295563469490112,0.07489927194270182,0.0674520700026189
0.156387,0.026271936,8.07575950659091e-05,-0.095141065,-0.467406212,0.0139,0.0179,0.0213,0.0239,0.0266,0.0291,0.0315,0.0342,0.0383,0.0478,,0.3787374785855495,0.448600138863119,0.6183847904637434,0.046198126433357335,0.13461862124516064,0.06674551716672583,0.08474110992381573,0.08997813356545258,0.1029917586206923,0.8549053584553594,0.9602097033315161,0.9673976330463576,0.0732041549006282,0.06837071026575874,0.08594495686824145
0.148646,0.028710872,9.067168382769084e-05,-0.382356593,-0.214653425,0.0163,0.0207,0.0237,0.0266,0.0293,0.0317,0.0344,0.0374,0.0404,0.0504,,0.3836280439662545,0.43475301761065255,0.5607328088408623,0.03724453796772944,0.11338128092699373,0.0854567860138587,0.09945608546497947,0.085225493127687,0.10276658445947985,0.985392887143199,0.8913887221377745,0.9805404124574887,0.07808631918392533,0.0904211592811978,0.062256270471754915
0.211103,0.022632167,9.093467973099444e-05,-0.044108354,-0.715718745,0.0094,0.0135,0.0169,0.0206,0.023,0.0256,0.0284,0.0312,0.0351,0.0462,,0.41117915478611505,0.425914144451344,0.8108479913023582,0.047761784033452284,0.137920697028694,0.06927638414149526,0.08094293082047903,0.1108673606515097,0.12461491935210516,0.9981194223880188,0.8043477339541435,0.8890601964212953,0.0842766549220059,0.05564979541661047,0.08593328757928863
0.233831,0.023416033,7.797711271777565e-05,-0.056139103,-0.750273366,0.0109,0.0154,0.0182,0.0208,0.0236,0.0262,0.0287,0.0315,0.0356,0.0434,,0.3694233837830813,0.4548948708659748,0.8662394609413955,0.038512546123153885,0.1263852697613963,0.07360031147875523,0.07257831729445792,0.10388839716593652,0.1061136435630258,0.9231038211369564,0.8612419514382565,0.9347586637015259,0.07917272631243358,0.06114258085024663,0.07883043358981456
0.216075,0.021780156,8.421259664235656e-05,-0.018998539,-0.692795191,0.009,0.0129,0.0168,0.0193,0.0219,0.0246,0.0275,0.0304,0.0336,0.0443,,0.380965752792971,0.45014200614691885,0.6892896404951063,0.047393570758002754,0.14129086852528128,0.0671131501133291,0.07060098397739595,0.1153945021774024,0.1203979192102237,0.9462487236925652,0.8098434881507911,0.8493577702519476,0.09153719243047698,0.0721671270787371,0.060779821901970926
0.218149,0.026248253,0.000109046,-0.063538167,-0.719041398,0.0123,0.0168,0.0204,0.0235,0.0266,0.0296,0.0326,0.0358,0.0399,0.0512,,0.4046796175216757,0.47064177180649047,0.6131601409224268,0.03817761268415175,0.13138786744912026,0.08367043972078701,0.09887982678810141,0.10002336940453568,0.09966916669829014,0.9903841208368562,0.8870382650255363,0.8133602140307609,0.08917531626496616,0.05478931142580041,0.0925934139737738
0.215974,0.025145288,0.00011487,-0.006810316,-0.655169615,0.0111,0.0156,0.0194,0.0227,0.0257,0.0288,0.0318,0.0349,0.0394,0.0521,,0.38279190164138477,0.44922150901150293,0.8197711165790792,0.04801737262635281,0.12248077852643802,0.07108149747148425,0.07766080947923676,0.10447684594354742,0.13398832629304216,0.8213113230461611,0.8826450608164993,0.9657991575387919,0.08830028518424882,0.07664703625662993,0.071894690824016
0.206742,0.026707167,0.000127291,-0.028385377,-0.677039261,0.0113,0.0165,0.0203,0.0238,0.0269,0.0299,0.0333,0.0369,0.0418,0.0531,,0.3612487508742093,0.4248696145548975,0.5945310732347073,0.043853245260230315,0.13294571643983788,0.08189671857603684,0.08781291800405779,0.09999334776587267,0.11780919686451842,0.9138879314394399,0.9236702230510867,0.9897728317750389,0.08633365986047868,0.06407005955494369,0.0593876177734184
0.214134,0.020929848,7.986504106822324e-05,-0.016653651,-0.700889251,0.0087,0.0122,0.0159,0.0187,0.0212,0.0234,0.0261,0.0291,0.0329,0.0454,,0.3845689406939121,0.49011643178988573,0.8601107911384623,0.03576066377720084,0.11666586940707807,0.08218195820543885,0.08969633373861405,0.11132412109098284,0.12483604146623271,0.8244324599195549,0.9052986676696523,0.9832159242069831,0.0577547680784062,0.09548834117215248,0.08182831843832385
0.212576,0.023643411,0.000105918,0.050097068,-0.557937849,0.0103,0.0144,0.0181,0.0211,0.024,0.0268,0.0297,0.0328,0.0369,0.0515,,0.35373582683444393,0.4486249831871925,0.5982969654378427,0.042249025159879536,0.12667889813822023,0.05072165229490471,0.06774895081783341,0.10695772424614773,0.10493169922866026,0.9204366205205033,0.9384463678909211,0.8321057935664715,0.06842703111704884,0.06467791448501066,0.07321620040513921
0.198124,0.02165882,9.181383300842336e-05,0.052843994,-0.669062271,0.0088,0.0125,0.0159,0.0191,0.0219,0.0243,0.0271,0.0302,0.0348,0.0459,,0.3903924302665779,0.42368632164765396,0.9265951078753042,0.04017012503943847,0.1318623922646512,0.07420633157080023,0.07656371621272759,0.11777877930352157,0.13183136330708126,0.8498805731963223,0.8681332686037784,0.9739898057288627,0.08589571379915312,0.09831209377252559,0.071261251069741
0.213713,0.023012993,0.000102272,0.2120897582790079,-0.230880796,0.009,0.0132,0.0169,0.02,0.0228,0.0256,0.0289,0.0321,0.0365,0.0573,,0.3738186155222448,0.45058246212289504,0.8257850094821467,0.044999818818122324,0.14292194248683898,0.06326277321619665,0.09570537126417637,0.080703438999451,0.12719573946627893,0.9172274409653097,0.9779598707473689,0.8657767692010712,0.07116102120859213,0.09844677511616248,0.05857968705143301
0.10785,0.020367932,6.02407532019588e-05,0.1047320037614487,-0.476821533,0.0107,0.013,0.0159,0.0184,0.0203,0.0224,0.0248,0.0271,0.0308,0.0398,,0.4092708819428286,0.4365154994706303,0.5099720687343714,0.04562032778673227,0.13475423613256304,0.06533376758937749,0.08062442644762687,0.08468430358753147,0.13228227698379327,0.8226575293399461,0.9563839207035424,0.9303081103465812,0.051656976404732366,0.06014124066441907,0.07537051666677749
0.105745,0.020304736,5.401453879811771e-05,-0.094121345,-0.669776556,0.0103,0.0135,0.0158,0.0182,0.0205,0.0226,0.0249,0.0271,0.0301,0.0366,,0.3714663455353396,0.46640217180535515,0.8260771724542244,0.04808626667240246,0.12269848062057849,0.05977992808827014,0.0970130445024547,0.10232659117400686,0.0964029686431535,0.9003183058950448,0.892265154653348,0.8908560260618065,0.088106454892425,0.07921414931318549,0.07665005819043874
0.11379,0.020712489,5.7596897980395475e-05,0.003995386,-0.53178492,0.0111,0.0136,0.0163,0.0186,0.0208,0.0228,0.0251,0.0279,0.0307,0.0408,,0.3611583841324303,0.4766320141630266,0.8285471795760078,0.0377007728628707,0.12492201133858256,0.06700649698395336,0.09640730015570902,0.1010662112307956,0.11339689523593839,0.954799382725186,0.9112765538059868,0.9593993587305376,0.056059396979446605,0.09306117930157813,0.060998960047087915
0.117686,0.019244484,7.980775943112247e-05,0.1006999121996871,-0.752637863,0.0068,0.0111,0.0135,0.0166,0.0194,0.0216,0.0242,0.0274,0.0315,0.0402,,0.351538383652436,0.4521064306634145,0.7381514307416316,0.03828161579669857,0.12587480790666344,0.07653866721228389,0.09464720854992557,0.08243371039308628,0.112163335606216,0.9903299639495635,0.8941548998907698,0.971878064508087,0.08826381454465726,0.053554566435667965,0.059896201434558226
0.118341,0.020058257,7.672064579397628e-05,-0.080513496,-0.800164994,0.0072,0.0116,0.015,0.0179,0.0202,0.0232,0.0254,0.0284,0.0312,0.0388,,0.40889610735003307,0.4352109644505758,0.8625215739821623,0.04078749826017873,0.1218869382664488,0.055921758512550525,0.09471873289803934,0.11048397309243767,0.12969180962909482,0.836904274015086,0.8686541441105307,0.9417072873077517,0.09361617727248189,0.09385327206592348,0.06577597115395957
0.14502,0.022297888,6.561675397988177e-05,-0.058962791,-0.64333955,0.0117,0.0147,0.0178,0.0202,0.0223,0.0246,0.0272,0.0297,0.0332,0.0404,,0.3672468007447043,0.40832255764635883,0.506523851234943,0.04771488277537302,0.11610721437038393,0.05670642340050778,0.08729532920879682,0.09600826108720956,0.12173781046053064,0.842443354595781,0.936697973951182,0.9170588383877564,0.09428861856732958,0.06228684111181753,0.07052046423382372
0.120478,0.019804465,8.172981194544304e-05,0.092895644,-0.72870031,0.0073,0.0116,0.0144,0.0168,0.0193,0.0226,0.025,0.028,0.0322,0.0422,,0.37006540622987455,0.4948095905901716,0.7460848604341295,0.042961531756201106,0.12353585665892491,0.07831099133094195,0.10148078791617231,0.09483750080021183,0.12131199458935044,0.9032529802772151,0.899363447834808,0.8865874703342759,0.0747484068051754,0.08284815440856826,0.0683114338750623
0.133348,0.02133151,6.012685908964973e-05,-0.057207032,-0.680823475,0.0109,0.0141,0.0169,0.0189,0.0216,0.0236,0.0259,0.0287,0.0316,0.0384,,0.3781984072169153,0.40969589842005444,0.8621105943682095,0.048749522572374866,0.1285596052697334,0.062323775589939505,0.07824478522639755,0.08837985431187016,0.11131224368626107,0.9850248184619255,0.9918409672861328,0.8845429365005866,0.07638138563428755,0.09019225433567056,0.0756876354556667
0.107822,0.019828368,5.534934547304792e-05,-0.09040477,-0.791237854,0.0098,0.0124,0.0153,0.0175,0.0202,0.0222,0.0246,0.0268,0.0298,0.0369,,0.4082648624957915,0.4463402937223198,0.7436097844921314,0.04640640591074778,0.11480346001710068,0.057757623362061014,0.08188402503867367,0.08127511228252601,0.11969671119510847,0.8206608285144407,0.8461119541697938,0.8456411736012297,0.05276506541136513,0.06506160367059508,0.05707351284170488
0.11882,0.02163622,6.304856444251101e-05,-0.011401103,-0.622822328,0.0116,0.0142,0.0167,0.0199,0.0219,0.0237,0.026,0.029,0.0325,0.0415,,0.3859828787838371,0.47331407822973276,0.7224231441819623,0.04286888488583713,0.12954604883944046,0.08185363227496928,0.10088445015225886,0.09496403394444065,0.11569433636372982,0.938803319693334,0.990413234512535,0.9321725789208419,0.09296211433266065,0.07936191694491906,0.09861130861940894
0.158332,0.019406592,5.79463248951574e-05,-0.035604912,-0.80912661,0.0093,0.0119,0.0149,0.0171,0.0199,0.0216,0.024,0.0266,0.0295,0.0372,,0.39450690994431453,0.46409265420516405,0.7259732847926682,0.04341507500442393,0.12280379468258466,0.08097865194589553,0.06884111126427905,0.09050752571709313,0.11917391384713379,0.8693823875130491,0.8814481413877641,0.9838822311096416,0.07103733434412633,0.05860870341944588,0.06732130575481422
0.154268,0.020804331,8.36409582292588e-05,-0.069433647,-0.836692244,0.0077,0.0125,0.0151,0.0179,0.0213,0.0236,0.0265,0.0297,0.0329,0.0414,,0.4185808727318353,0.4679645373283673,0.6907279059290566,0.03543962882405671,0.11451881309180119,0.05365559459410841,0.06929604545041369,0.09118157503230229,0.12325998856519592,0.9207647270323066,0.8775360049481055,0.8501559735467034,0.0894017410043219,0.0859592807813895,0.09906531209298497
0.153847,0.019226682,7.212531372783878e-05,-0.031668982,-0.797429437,0.007,0.0114,0.0137,0.0174,0.0194,0.0217,0.0245,0.0272,0.0307,0.0395,,0.40603194868343645,0.4479388313711648,0.6481527154066093,0.039134054703520556,0.13231450620917135,0.06034053618979985,0.0681915034047212,0.10318875265391163,0.12857979069894904,0.8202947150546175,0.849651695984574,0.9945043661776352,0.08491099101824902,0.08599708757014751,0.09483847106423525
0.154954,0.017746532,4.671784155599772e-05,-0.063192848,-0.797803499,0.0085,0.0109,0.0135,0.0157,0.018,0.0199,0.0223,0.0241,0.0266,0.0351,,0.4019584056358961,0.49733846048074387,0.7585138190427952,0.04211306147512836,0.14213817039484528,0.0849176102117995,0.07687295043158006,0.10152695001893043,0.09780315714867312,0.9138796568938595,0.8622993182642961,0.8170217981058076,0.09193400064070811,0.06919550636825386,0.07443097298819058
0.147432,0.019584146,7.373589660930603e-05,0.019434241,-0.876807026,0.0074,0.0114,0.0142,0.0172,0.0194,0.0222,0.0247,0.0276,0.0315,0.0389,,0.3794488409678304,0.4828730693979892,0.6183876721391756,0.04529124775883154,0.1364666585538484,0.06263342109236424,0.07087630268610778,0.10940575867945865,0.12523874960641368,0.9020005098786698,0.9547041373427412,0.9855710582085185,0.055385738220911654,0.08420435056146701,0.07483975002973675
0.155136,0.019877413,6.725298338346805e-05,0.079489687,-0.749188866,0.0092,0.012,0.0149,0.0176,0.0195,0.0222,0.0246,0.0272,0.0314,0.0391,,0.3802045329741218,0.48290986237954575,0.7833046445955915,0.04042329939601264,0.14384775944030487,0.07946501811303623,0.09377986402451237,0.0985895576013795,0.12555666866171225,0.9106427145595847,0.9720297875556538,0.93123748207801,0.06807578000807982,0.09772861302061846,0.09166475710426307
0.158433,0.019146783,5.908525134785288e-05,-0.004007653,-0.748300599,0.0089,0.0117,0.015,0.0171,0.0189,0.0215,0.0236,0.0265,0.0294,0.0382,,0.3677818110137323,0.46354250616117293,0.7842466564263628,0.04060072506751516,0.13419154443263343,0.07512716392406202,0.06960923376479533,0.11653104054035723,0.13162555594612896,0.9380684966722594,0.8059322630888422,0.8622535045221509,0.07100915739934606,0.07409587600175345,0.08561305765517964
0.153638,0.018535874,5.851770709066052e-05,0.07874766,-0.665186806,0.0079,0.0115,0.014,0.0161,0.0181,0.0208,0.0232,0.0255,0.0289,0.0419,,0.36717103985664873,0.4506227832506131,0.8539979227562245,0.038588919509371725,0.12252772771011369,0.08412404053478564,0.07110361527936437,0.11082302237887279,0.12921359472064947,0.8445331613332595,0.935746092621897,0.8364859915876356,0.07563626024877095,0.09788173018806896,0.06701695701601186
0.157238,0.020540633,6.497713160852804e-05,-0.085541616,-0.735395373,0.0097,0.0128,0.0159,0.0186,0.0208,0.023,0.0255,0.0281,0.0308,0.0402,,0.41340174540152064,0.43646010929358875,0.7220267121907773,0.04882251102840613,0.11542772935207603,0.07892485572876576,0.09528895630291703,0.09731366339015245,0.11887247897392426,0.8480370174127222,0.9357083694505713,0.8617203036841872,0.09439852999493123,0.05479976185716019,0.05952272024397754
0.156748,0.019210829,6.68792568735117e-05,-0.156971024,-0.859499885,0.0071,0.011,0.0145,0.0173,0.0196,0.022,0.0245,0.027,0.03,0.0361,,0.40605287742325086,0.4925428923120877,0.8208348722993415,0.036948766087929526,0.11724303668006661,0.0671260239957303,0.0915621636399417,0.114173768785284,0.11315220312408018,0.9004568534868893,0.9131042546423601,0.9573648499593019,0.07181389402725392,0.09028502779214044,0.07662165318372377
0.187293,0.023444236,7.928321617503858e-05,-0.014698422,-0.715832501,0.011,0.0153,0.0186,0.021,0.0233,0.026,0.0284,0.0318,0.0354,0.0451,,0.4156947893003652,0.4213362287274554,0.8591606261152576,0.03778542213967166,0.1438178210809841,0.07508228519087329,0.07444115941718082,0.1184965477624271,0.11260263664133031,0.9951046637030225,0.9901606865316187,0.9759901457465217,0.07627176494805839,0.08953177538018739,0.09833498395536569
0.173125,0.024518815,9.757576873966036e-05,-0.053030077,-0.755389172,0.0107,0.0151,0.0186,0.0224,0.0249,0.0277,0.0305,0.0335,0.0374,0.0468,,0.4190094472051374,0.40941902180913187,0.5588578836824911,0.046354896917370624,0.12072034867519219,0.06752764959267694,0.09813233226103371,0.09393688355469354,0.13105567751627403,0.8746363749157229,0.85540279860445,0.9835181825976014,0.07908233223743212,0.07870950945274609,0.09752296374556718
0.188216,0.022521811,8.085925790074291e-05,-0.03274376,-0.86053164,0.0098,0.014,0.0168,0.0204,0.0226,0.0251,0.0284,0.0312,0.0346,0.0416,,0.3579140022525298,0.45733197675828413,0.5446723866661101,0.047278461285351854,0.13845720064319247,0.06749404136813122,0.07984132583775229,0.09670594481245022,0.11095460589212375,0.9320092774752322,0.9091754068408153,0.9066568352619923,0.05303805082587327,0.05396243223285316,0.08360300410858724
0.181848,0.023109291,8.523442167383576e-05,0.1294936554496835,-0.564335587,0.0108,0.0142,0.0172,0.0201,0.023,0.0256,0.0286,0.0317,0.0354,0.048,,0.4078930643613284,0.467477612762731,0.6224648702982162,0.04771356215185173,0.13062409231212416,0.08202132577064296,0.07468838412670002,0.10972559289039797,0.11328085341105239,0.9007351360352156,0.8598143791125373,0.8153087625872054,0.06459649864167083,0.06176351789037337,0.09874550122743353
0.168799,0.021841808,9.216589385460684e-05,-0.028576323,-0.779037931,0.0085,0.0124,0.0166,0.0192,0.0219,0.0246,0.028,0.0309,0.0347,0.0442,,0.41194133562804214,0.4771484226671043,0.5422240772319837,0.044622875675773964,0.12656035688663161,0.05757557583526214,0.09520498906648196,0.11696666519233193,0.13390630765011513,0.944398561842923,0.963794174855778,0.8269772668351982,0.07435280844962745,0.07772308477625835,0.09540253852080298
0.187063,0.021665805,8.66826901894697e-05,-6.2e-05,-0.720809511,0.0088,0.0125,0.0164,0.0188,0.0216,0.0245,0.0275,0.0302,0.0338,0.0437,,0.39202544061948913,0.43397070020896844,0.5829360095983709,0.04370020190792934,0.12016721724826877,0.07620811948703188,0.10123744068014096,0.09952071533940204,0.10719187680534986,0.8650255432572213,0.8437215559126706,0.8696573052544132,0.06617957003883337,0.07349629964759556,0.06964129419240202
0.181036,0.023337483,9.91200439675476e-05,-0.081867203,-0.787911528,0.0094,0.0137,0.018,0.0206,0.0232,0.0264,0.0298,0.0327,0.0365,0.0449,,0.3984013032869366,0.4426488046549958,0.576405306843131,0.03948958999137021,0.12964327430212372,0.069713846870118,0.08167112992499949,0.09256437329753091,0.12426362637474228,0.8883178088448022,0.8784579882984279,0.8045460212413463,0.07063186293712026,0.05210419044357988,0.06490896182414058
0.179931,0.022327019,8.181229811927725e-05,0.1611807678715879,-0.548029733,0.0103,0.0135,0.0167,0.0195,0.0221,0.0249,0.0274,0.0303,0.0344,0.047,,0.38430493475825905,0.4389910008540074,0.5212913779090278,0.04113376514556038,0.11615175301446605,0.06146709414165103,0.07943788534404354,0.08679005998504166,0.12832044137859275,0.8142447256364814,0.9472159830333698,0.9268490235894833,0.08565318793348693,0.06015100631558059,0.08267065385264517
0.179834,0.023294882,8.151355785526039e-05,-0.070553024,-0.800143079,0.0103,0.0149,0.0178,0.0208,0.0236,0.0262,0.0288,0.0317,0.0356,0.0431,,0.3681799614244272,0.4866071440630704,0.5710161511593279,0.039580219352093486,0.1482706777207631,0.05799363610210175,0.07622120239398747,0.09843365319983796,0.1234302365337492,0.9404561421027864,0.84573259753536,0.9960130557503022,0.06358546649274024,0.05781467426877184,0.07687084363177063
0.179926,0.020544224,7.05261766086637e-05,-0.023312931,-0.755115183,0.0093,0.0128,0.0157,0.0181,0.0209,0.0228,0.0255,0.0285,0.0316,0.0411,,0.4153563769894294,0.41273556899761593,0.772025948866454,0.038109398227671,0.13217983897024296,0.07696407422871346,0.08774557438241565,0.10676970223980038,0.12597616514353555,0.874925598092553,0.8614908845967895,0.9049379691109063,0.07659549220328545,0.09089523896692658,0.06764620390335949
0.140673,0.017717526,5.100826195921832e-05,-0.036874044,-0.848235918,0.008,0.0112,0.0132,0.0158,0.0177,0.0201,0.0221,0.0244,0.0275,0.0335,,0.4115565479046052,0.40275782912073954,0.7785874078658716,0.04656717411777832,0.11281253037107926,0.0759742045520173,0.09649403519103789,0.1070107585340241,0.12053383928974047,0.9519492460948077,0.8819000314760949,0.9164176095654427,0.05951102049635386,0.08855261757132167,0.07175105980236725
0.138324,0.018481685,5.107252478178201e-05,-0.026702429,-0.808389289,0.0088,0.012,0.0138,0.0165,0.0183,0.0208,0.0227,0.0253,0.0283,0.0342,,0.40582632818445313,0.43315505303955737,0.5062396938379251,0.037210140791021876,0.13640898506727997,0.06329096418739967,0.06755929961341124,0.091156403199857,0.13095637096958174,0.9244904923103036,0.9425899527926426,0.8927711216279052,0.08940763703013553,0.060479589056560194,0.05752085051648388
0.133992,0.017436982,5.835436725884323e-05,0.002040834,-0.799545905,0.0075,0.0099,0.013,0.0151,0.0177,0.0196,0.0221,0.0244,0.0277,0.0351,,0.3747541694555922,0.456489863097248,0.8740751162483172,0.04879392826344757,0.1294207208686056,0.08466373122490285,0.08253397972031404,0.10585789070766188,0.10268994683079143,0.8591669250799358,0.9178174199829479,0.8034116614949257,0.08163921136469904,0.05299032259489533,0.09443280776062539
0.137038,0.017518653,5.336489528015544e-05,0.023192442,-0.770576612,0.008,0.0102,0.0131,0.0152,0.0177,0.0196,0.0221,0.0241,0.0271,0.0351,,0.3644600780907822,0.426829150513662,0.8682669290254651,0.04146322451328692,0.1482421768773909,0.08154365612421359,0.06807524234397173,0.10952106396350711,0.11903165924460173,0.9965790507310199,0.9873819768451331,0.8597868700473705,0.07133652549428804,0.08003282943466437,0.0826698711389092
0.143459,0.017968227,6.004465317401847e-05,0.082646983,-0.691241288,0.0071,0.0107,0.0129,0.0158,0.0178,0.0205,0.0225,0.0251,0.0284,0.0377,,0.4184854975225941,0.4127901229828044,0.7919745420158696,0.04310598588887245,0.1376504456525336,0.08398433339514423,0.06943517307865388,0.11882287333982612,0.1271665516196143,0.9511828962551688,0.8854137531402718,0.8065112267219706,0.0652764685166541,0.09111653005736646,0.09384205151797498
0.138693,0.018268744,5.834400939913179e-05,-0.071949366,-0.853902992,0.0081,0.0106,0.0137,0.0165,0.0185,0.0205,0.0232,0.0254,0.0286,0.0355,,0.36140011480347206,0.48154086521055317,0.8469582115507316,0.043892828696557945,0.12654946657004024,0.0600985736728622,0.08883822315363354,0.11591781780195758,0.11963783251424859,0.8779574095373327,0.8535723818352732,0.8909806540178272,0.05677087672705332,0.09690595953763223,0.08745545858616194
0.13645,0.018096758,5.571105248353784e-05,-0.082058441,-0.841128845,0.0081,0.0105,0.0135,0.0161,0.0183,0.0204,0.0227,0.0251,0.0279,0.035,,0.38205937523874894,0.41591546317784256,0.6795115899771067,0.042575901552441744,0.12137127831688502,0.0682331633727024,0.06563246878228539,0.09835308048489869,0.1275172718828828,0.8489408038230659,0.8693821274254759,0.9607331579710532,0.08598993578031532,0.08570497832615687,0.06696697807658941
0.140278,0.022322576,9.95097351163186e-05,0.018057872,-0.820095158,0.0089,0.0125,0.016,0.0191,0.0223,0.0252,0.0287,0.0316,0.036,0.0478,,0.40175677083465916,0.4698814136437983,0.7209887341303363,0.04799734054895413,0.11515823018249233,0.07756421089318902,0.10013441125842887,0.08465815505276438,0.10741786068975726,0.9745511033109155,0.8887875379233067,0.8723633580996633,0.05944436635317529,0.05222607884528234,0.09308044043326111
0.140397,0.019500273,6.725505058899073e-05,-0.037842839,-0.836124109,0.0079,0.0114,0.0147,0.0171,0.02,0.0219,0.0246,0.0271,0.0304,0.0372,,0.39010458918821245,0.436035230223572,0.8276792631412732,0.041650714558454094,0.1195248410387913,0.062288291245466906,0.09040536997317289,0.11526852532120735,0.12214751070153955,0.819025910703434,0.9166264758375792,0.9360147351118248,0.05266262745267507,0.09164992519591532,0.05808334669289122
0.134511,0.017269377,4.9999128069090625e-05,0.055209987,-0.728058054,0.0081,0.0102,0.0131,0.015,0.0175,0.0191,0.0214,0.0235,0.0269,0.0351,,0.40160323372477125,0.42769072070468783,0.608269422944318,0.041747215852685794,0.1357525588985176,0.08347416414464638,0.08360133346110896,0.0832896661457125,0.11676566518556211,0.9162601986161384,0.9570188715829654,0.9253999391672201,0.0917694174043642,0.0753401597856961,0.060905619848501985
0.137139,0.020915922,9.220217049002654e-05,0.093446778,-0.726627565,0.0078,0.0115,0.0155,0.018,0.0205,0.0233,0.0267,0.0297,0.0341,0.0437,,0.3656034592687429,0.4312850076739545,0.6172993601856873,0.040154544012851325,0.12045905217709524,0.05850933359648352,0.0739318215680953,0.09428289108924759,0.1203833361510353,0.9140086239139005,0.904872704810999,0.8716064456645477,0.05222659965530253,0.07955140933049494,0.0701031298045465
0.126541,0.020048754,5.979690199923611e-05,-0.08539199,-0.801583788,0.0097,0.0123,0.0155,0.0177,0.0206,0.0226,0.0249,0.0272,0.0302,0.0376,,0.39759038186589846,0.45795817725367666,0.7170461903529722,0.036150448918895885,0.13892603381946578,0.07192312764723889,0.09190969118622197,0.08630596904438245,0.106093761491409,0.8780150022924659,0.9820709982272451,0.838706129884239,0.05527442228781072,0.07357076303503417,0.09512181798012427
0.126531,0.021356328,8.77346296293159e-05,0.2649271804238977,-0.493874002,0.0093,0.0124,0.0156,0.0181,0.021,0.0236,0.0264,0.0295,0.0342,0.047,,0.37458626128600714,0.4424691848761917,0.7758824582582688,0.04563358067817291,0.1421773112784574,0.05281658323599573,0.09383077978459001,0.09720109167971043,0.11213902697796217,0.8330312257642631,0.8883925175334113,0.8466351968394993,0.07527382348838263,0.052469628011456104,0.08970189921396231
0.12496,0.019356673,5.48694375281308e-05,0.1195582496106261,-0.463448758,0.0104,0.0129,0.0148,0.0169,0.0195,0.0216,0.0234,0.0258,0.0295,0.0415,,0.3843365185625853,0.49300388631859016,0.8444182589058483,0.045641520322505055,0.13126887396233144,0.0786149944768845,0.08889939661203627,0.11809236017239665,0.11024221180120794,0.8187039283935292,0.9273107637981927,0.8048489761404044,0.08834155813338887,0.060745973834729634,0.09067209451707992
0.116729,0.018766301,6.200588946921111e-05,-0.025906742,-0.834102006,0.0076,0.0111,0.0139,0.0164,0.019,0.0212,0.0236,0.0263,0.0291,0.0372,,0.36096303076684877,0.48948225844174315,0.6899115073313408,0.040036898977588144,0.12874909401061504,0.05175968489927866,0.0808861956614203,0.0984106985734396,0.1293554881304381,0.8629096931003277,0.8595055509081237,0.8115158872398794,0.09086277525553345,0.07322415923877859,0.06150928084532292
0.12059,0.01949392,7.80488661492385e-05,0.040120315,-0.767155308,0.0072,0.0112,0.0143,0.0167,0.0193,0.0224,0.0246,0.0277,0.0317,0.042,,0.40238098339071615,0.4292351013032743,0.5177013540544698,0.03915242461178921,0.14011100383695294,0.05044307771588551,0.10305577084214394,0.09360850071432279,0.11291668175238673,0.9212415390699458,0.8947249031127262,0.8493788428692732,0.0944169610434434,0.09403198261143769,0.05901692556574967
0.131269,0.02091343,7.2857316801161e-05,0.041473607,-0.801437269,0.0098,0.0128,0.0159,0.0185,0.0208,0.023,0.026,0.029,0.0323,0.0403,,0.39606547901104155,0.41799939076757525,0.528081911805917,0.037522234204338784,0.13209721155593873,0.05320854275503691,0.06661067240971201,0.08668223169589104,0.11890166259413962,0.9271799597692666,0.8575559615887606,0.8099621092814133,0.0838209559267943,0.059012474875181346,0.06962273158387064
0.129648,0.021168966,9.046406082554078e-05,0.042759018,-0.704758736,0.0083,0.0119,0.016,0.0189,0.0212,0.0236,0.0267,0.0301,0.0341,0.0453,,0.3993746573299892,0.4885539398797035,0.7074157913536903,0.046246389063114644,0.12333137246639622,0.06092995803883231,0.08697683452633416,0.09711914035448972,0.10433524570205466,0.8514466044536539,0.8114042381240485,0.935985631905444,0.05878457863308108,0.08463580368902697,0.07988360441745726
0.121801,0.018549829,7.177334103840363e-05,0.071652468,-0.744593623,0.0068,0.011,0.0133,0.016,0.0185,0.021,0.0235,0.0267,0.03,0.0408,,0.38193265041873,0.49463279904337937,0.7607045741202684,0.0416850009725226,0.11873535318750066,0.05512909834563284,0.09891643450129327,0.1188029014610842,0.10101653615171545,0.9782439998610079,0.9943264317258228,0.992565332226603,0.05317960891900696,0.09191708178855644,0.06186612151944959
0.147595,0.020584211,6.831927672237386e-05,0.00352097,-0.834020388,0.0099,0.0127,0.0156,0.0183,0.0206,0.0228,0.0256,0.0284,0.0318,0.0403,,0.36559168278781407,0.49602865022007964,0.6691375588983779,0.04909627688117195,0.11725318698302276,0.06106673305931821,0.07631699274441314,0.11611854277379448,0.11469697312883158,0.9133449232561891,0.8883016049264583,0.8560501359417843,0.09267227997619179,0.07838952182966769,0.06862310775493595
0.098115,0.015561427,5.3472868617507334e-05,0.1727849359818618,-0.589509605,0.0053,0.0088,0.0108,0.0135,0.0156,0.018,0.0196,0.0222,0.0252,0.0356,,0.3975613167733981,0.46327892340750715,0.5749226760440252,0.039723110344537536,0.11550819832734752,0.056304153682948443,0.09950556630859579,0.08626066721018703,0.1010055180933661,0.8702606098243875,0.906647180271418,0.9510645332981692,0.09261501729398625,0.08798625222559879,0.08818599099840979
0.101011,0.01620047,4.9978478607922305e-05,0.026907342,-0.814473486,0.007,0.01,0.0119,0.0142,0.0161,0.0181,0.0203,0.023,0.0259,0.0333,,0.4014753969894778,0.41962332199458674,0.7359465471728258,0.0474922958591294,0.14403773014583576,0.07054435305378637,0.07121955855343844,0.09527099453393567,0.11526149800519415,0.8957278870757929,0.906096793932724,0.9319636817044203,0.08120306135625296,0.09357537768565731,0.05891651123248301
0.098269,0.016558925,5.827804479831928e-05,0.057802496,-0.784330897,0.0056,0.0093,0.0117,0.0142,0.0165,0.0188,0.0209,0.0237,0.0267,0.0359,,0.37862778508571027,0.42635400625384845,0.5541511763151347,0.04232481120600201,0.14246604235405613,0.061334645973597536,0.08274550207245138,0.1051292276803609,0.12669055796217663,0.9817330367464249,0.8494839171851921,0.804153917262656,0.06799906216744088,0.07301944106000306,0.07185067737094136
0.104346,0.015342847,4.7576628066548496e-05,-0.032508436,-0.889439028,0.0059,0.0086,0.0108,0.0132,0.0156,0.0174,0.0196,0.022,0.0248,0.0305,,0.3551548673853723,0.47207709994375624,0.8470816773306008,0.03655779800778127,0.14306623685103156,0.05239602051488584,0.0828816957155939,0.11609514337595274,0.13178825948156628,0.8531169263831365,0.9313819164928133,0.8046483300699279,0.07747837823952601,0.07231592742994365,0.07425706360729582
0.113475,0.015904349,5.053012663904596e-05,-0.036322918,-0.828380209,0.0064,0.0097,0.0115,0.0139,0.0163,0.0183,0.0203,0.0224,0.0254,0.0321,,0.4095220269092053,0.4605292951890214,0.9162308691541569,0.037439814858685645,0.11994902982680376,0.05305339297670971,0.0863979392922648,0.0841100537848105,0.12348499247243196,0.8842812442226375,0.9504507538203263,0.9456558724003938,0.08656603142246352,0.09838551810823812,0.08585796418885859
0.106083,0.015297229,4.7629625895469954e-05,0.018325326,-0.7605932,0.0062,0.0084,0.0112,0.0131,0.0155,0.0179,0.0194,0.0217,0.0245,0.0324,,0.3790212645768197,0.4235471409879684,0.6652638043831389,0.04635817426439452,0.1333560453726352,0.08458454129065975,0.1016303531770234,0.10439791076982545,0.1009160319727829,0.8986903911944243,0.8893944110789521,0.8221299333464263,0.07824996806774734,0.07330914043587482,0.0579301759767561
0.108951,0.016444359,5.337504986661929e-05,-0.068427758,-0.856547581,0.0055,0.01,0.0121,0.0149,0.0166,0.019,0.021,0.0232,0.026,0.0335,,0.3825028656023901,0.4893020189420812,0.9284769146215017,0.04683001608162,0.14659815444190374,0.0676943704741556,0.08823885996847997,0.08862823924681265,0.1085723265555829,0.886536993668442,0.8897250090939042,0.9572832275161918,0.06520037441598878,0.08381371138919494,0.07709546018628902
0.101292,0.016570244,4.9998125410038506e-05,-0.02500753,-0.824361684,0.0074,0.0096,0.0124,0.0145,0.0168,0.0187,0.021,0.0232,0.0259,0.0342,,0.3897297910694806,0.46636842253248184,0.7543713539783147,0.040349161734304986,0.13224633141258763,0.08215350411042438,0.07761854030233098,0.11477318615478033,0.1207407726577592,0.9845507537114931,0.8703809952093223,0.8293488071347693,0.06769664679110786,0.08683198253073951,0.05911672506025528
0.087466,0.015553417,5.3869550738564225e-05,0.092938165,-0.855120794,0.006,0.0083,0.011,0.0129,0.0155,0.018,0.0199,0.0225,0.0258,0.0324,,0.364975799992129,0.46087207798861596,0.5210397334758244,0.043306647363507735,0.13873096040607072,0.0615578676583819,0.08414108237831446,0.11581676604825633,0.12613679611498557,0.9873522197137251,0.9607813648816607,0.809717319038629,0.07913763699874846,0.08204364925154128,0.06171989653996771
0.089596,0.016153165,5.183952319885262e-05,0.016964819,-0.865991098,0.0067,0.0101,0.0115,0.0137,0.0165,0.0185,0.0205,0.023,0.026,0.0325,,0.40161501664985927,0.4300190146738308,0.887341853870707,0.036899814914666935,0.14251321311575707,0.06588366892700293,0.09619212287711187,0.10854765772619532,0.1192961207251034,0.8413271090176925,0.8755894778403706,0.8573738031578292,0.08113213016878211,0.05839310074258934,0.07551979803110573
0.120675,0.021882756,6.841403637479937e-05,-0.003785944,-0.746236581,0.0104,0.0142,0.0166,0.0198,0.022,0.0241,0.0268,0.0301,0.0331,0.0417,,0.3591205596035673,0.43739126654273486,0.7277098671680853,0.04489518028089076,0.12017277637939189,0.05127474077126625,0.07919448062392342,0.08369331743754496,0.113361061883822,0.8536946326530876,0.931666523946548,0.8282690522533122,0.0537816124739563,0.08604277680537535,0.07487419351312236
0.123743,0.021952243,7.176869217809049e-05,0.026488126,-0.739059533,0.0103,0.0141,0.0166,0.0192,0.0221,0.0243,0.027,0.0301,0.0333,0.042,,0.38240093415588633,0.47229880384621686,0.7484651187164861,0.041172413111874986,0.12459607935279018,0.08297141947822076,0.08361900205716748,0.0892674758062361,0.10225490190622585,0.8097714816153155,0.8792188393903637,0.9380697969949292,0.0646933343257549,0.09791247191281353,0.0626169169754597
0.128867,0.02072911,9.403553660251178e-05,0.1446205147848345,-0.560922939,0.0079,0.0114,0.0145,0.0175,0.0206,0.0234,0.0265,0.0295,0.0336,0.0476,,0.41546853311421506,0.40879142225819753,0.613145511372591,0.04073714131381602,0.14583020165832633,0.061921869983524946,0.09477455678462152,0.11577237117635071,0.13336507613859624,0.8439759889762076,0.8389243961077296,0.8588624996677724,0.0905155552676167,0.0740616701077619,0.07748761226985185
0.131844,0.021534729,9.606768606093252e-05,0.045004994,-0.803529504,0.0081,0.0118,0.0158,0.0185,0.0213,0.0242,0.0277,0.0307,0.0348,0.0437,,0.36087731418248625,0.4756667513353133,0.57766064377628,0.041107762633732906,0.11726040040577936,0.060043341402158605,0.08418033396594714,0.10060598393250263,0.12456510876174864,0.8756538545463367,0.9471338112514862,0.9758971605541191,0.05578752668652531,0.0831537572981639,0.08954471117269733
0.129601,0.022708471,7.265210368203927e-05,0.2302640774440404,-0.027185132,0.0117,0.0149,0.0176,0.0201,0.0226,0.0248,0.0271,0.0299,0.0338,0.048,,0.39656004766230585,0.48557074185737487,0.6886064103866202,0.03622968337258948,0.13915596722828039,0.07459235937158018,0.06732942903025241,0.10027406932020522,0.11169003380872881,0.8650147543601032,0.9274811161607492,0.8371616883661493,0.08423835215756043,0.05902180664168997,0.060401958036823
0.125174,0.020998944,5.646858425264864e-05,-0.139125035,-0.736199577,0.0108,0.0138,0.0169,0.0188,0.0214,0.0235,0.0255,0.0281,0.0309,0.0385,,0.3932898619724873,0.43855221298926333,0.7440502504550311,0.04356016681418725,0.13299427924234947,0.057004036175027646,0.07687363410144554,0.08384850220140118,0.12334318734973634,0.9883274135230554,0.9020580706250519,0.8402845575007293,0.0939322292290997,0.07714734524208221,0.08024448919739474
0.129155,0.023242351,7.840250302281496e-05,0.088810186,-0.535080338,0.0113,0.015,0.0179,0.0209,0.0232,0.0256,0.028,0.0311,0.035,0.046,,0.3700763528429569,0.4068538793510846,0.8283730186507151,0.0392642376184827,0.12293191273262255,0.069095468158795,0.08576586268390349,0.09537841719679205,0.1187916452273225,0.886968015868676,0.9599363279409279,0.8174439860615577,0.062238021591304094,0.07295658032101286,0.06866680091000563
0.143439,0.024302874,9.199355825937526e-05,-0.002655667,-0.849937906,0.0111,0.0155,0.0187,0.0211,0.0238,0.0273,0.0306,0.0334,0.0372,0.0451,,0.36485719873384737,0.46843372879704576,0.5539762980797015,0.04419685953151822,0.14448789247383387,0.061584332282836794,0.08467684551649246,0.08076183344492585,0.12047584543403594,0.8456047422338994,0.9666758492655565,0.8619904884707308,0.05178970942472423,0.08668343896499532,0.09104872270472446
0.133823,0.02263758,6.594049016150014e-05,-0.018881107,-0.61609596,0.0117,0.0153,0.0177,0.0201,0.0227,0.0249,0.0272,0.0301,0.0339,0.0426,,0.35414073321827383,0.4038125472096567,0.844616926411658,0.038691065676976076,0.13597294902054935,0.057887659146729394,0.10013870049821907,0.08335565133916692,0.09980723683078259,0.963150343621544,0.9181588086047794,0.9621454432557074,0.07649706687797932,0.0928113083210304,0.07177768671745384
0.159287,0.022545617,8.110494838874284e-05,0.02534687,-0.662146365,0.0101,0.0139,0.017,0.0204,0.0228,0.0252,0.0278,0.0307,0.0344,0.046,,0.38330044469050734,0.41658116675497214,0.5349419562763394,0.04715391938093306,0.11645595775434825,0.07906646672667673,0.06636863083651302,0.0828759161772629,0.10527181461365752,0.8992253351855518,0.8903055137215115,0.8256981850160475,0.09064916653366856,0.09019493996271322,0.09562654566917526
0.161896,0.019468681,7.150055675927143e-05,-0.103843261,-0.886177949,0.0073,0.0111,0.0146,0.0169,0.0201,0.0221,0.0252,0.0276,0.0307,0.0372,,0.3514038489631589,0.4020597124850217,0.7631389310400019,0.03985163582712062,0.12918710510459913,0.06542218821408376,0.0988202489530611,0.11876746747254308,0.12698152570370994,0.9890699694883,0.8875967392932035,0.9846822671465439,0.09037987014537907,0.08321366081384769,0.06024666223672407
0.158732,0.020337332,8.026284794839817e-05,-0.031781938,-0.810617781,0.0076,0.0121,0.0149,0.018,0.0205,0.023,0.0258,0.0287,0.0324,0.0404,,0.38985281379615117,0.40999490717355225,0.822904574449366,0.043969401214162575,0.12579276522700872,0.07022877421653873,0.07307498825928269,0.08957564313880285,0.13182054142715502,0.9170822338171727,0.8440976819716574,0.8669558229175628,0.088429379521231,0.08042555505007946,0.07957489501499403
0.156536,0.021152581,9.964045256980473e-05,0.2635815882492142,-0.392564767,0.0086,0.0124,0.0154,0.0182,0.0208,0.0234,0.0264,0.0297,0.0346,0.0507,,0.40700525528945375,0.46835936144018797,0.9168612735611731,0.042889392460726976,0.13284181746732443,0.06522957262611027,0.0665027811137347,0.09465734575904289,0.12983161604043109,0.9392673995356235,0.939766646744137,0.8415590742335263,0.052624259119911164,0.07538619156909891,0.08357770080443339
0.160066,0.023070856,8.377224571378502e-05,0.097658336,-0.618519152,0.0108,0.0143,0.0174,0.0201,0.023,0.0258,0.0283,0.0312,0.0352,0.047,,0.41443091998571846,0.48388954983705534,0.7830686404051097,0.04564312088886482,0.11357809535775633,0.06487282253564143,0.08713109722840537,0.09074565387624745,0.11515730653607782,0.9980161309752748,0.8839612144229699,0.8921839651151064,0.08731601560309678,0.08214727799811648,0.07311431972505421
0.160601,0.020442232,7.879727925196725e-05,-0.081867103,-0.823389613,0.0076,0.012,0.015,0.0183,0.0206,0.0234,0.0261,0.0286,0.0319,0.0395,,0.350852356587573,0.47285540276326615,0.9072058820701286,0.04775076680043164,0.11947572468622739,0.05446143360827232,0.10268770370490123,0.11319899510091214,0.12687890936860366,0.9329969158441566,0.8951209312696361,0.9324035108968218,0.06909268339366753,0.07657443474816553,0.09140544898156255
0.159094,0.021812091,6.955475154546977e-05,0.008500632,-0.665612006,0.0101,0.0142,0.0169,0.0192,0.0218,0.0245,0.0268,0.0295,0.0327,0.0433,,0.35301411110997344,0.49160240176116293,0.6300440518393106,0.0434996283478731,0.13116922382693125,0.05868331967373124,0.10283766769437254,0.11221324895686224,0.1063372697050454,0.9008883757651445,0.9508645143264917,0.9288822772308447,0.08220324904591846,0.09638642804007487,0.06539298093858131
0.157764,0.020111549,6.304722092015696e-05,0.05067725,-0.745730273,0.01,0.0125,0.0154,0.0178,0.0199,0.0228,0.0247,0.0276,0.031,0.0388,,0.3744037718402407,0.4977537497710069,0.7780552520362919,0.04835420348826644,0.1227955236464348,0.07086017779377907,0.09711363275150076,0.10938982493507235,0.10172849348170215,0.8728023520903703,0.8190284464386787,0.9954333373803207,0.08014952709018257,0.06301677658397184,0.07437707317998715
0.15555,0.021169713,6.988937283773891e-05,-0.002689676,-0.796699035,0.0103,0.0132,0.0165,0.0186,0.0211,0.0236,0.0261,0.0295,0.0325,0.039,,0.41095701538802293,0.4805244522967023,0.7956085405897666,0.03596030747511896,0.14316997278939725,0.06573560381514064,0.100392969541518,0.08465552071439664,0.13324052914954573,0.8823253181944948,0.8917784033501003,0.91867710378258,0.05604357275938731,0.07226109732459446,0.07464597911771179
0.156892,0.019869536,5.519140743985852e-05,-0.10251271,-0.784696971,0.0096,0.0127,0.0154,0.0179,0.02,0.0222,0.0244,0.0269,0.0297,0.0359,,0.3696887689582341,0.4783908579701874,0.5330068707883475,0.03901543045107913,0.11914166543900086,0.06578992167319846,0.07992603452000822,0.11214527487871052,0.10624674176808936,0.9616127330496094,0.849157085841669,0.9958303103932116,0.06313693962036138,0.06741964213287199,0.07761882054927069
0.178323,0.025313282,8.431019663049038e-05,0.023306191,-0.550248532,0.013,0.0167,0.0198,0.0226,0.0251,0.0279,0.0308,0.0338,0.0378,0.0481,,0.3620257775761228,0.47398544120372116,0.6379582813907838,0.04877789460998653,0.1407183572603976,0.08190268939793922,0.08922655539632336,0.08968477933352954,0.1286192678253542,0.8661777634327449,0.8141017479884011,0.8369358798043094,0.05204359486818666,0.09224138433258292,0.08790338277211127
0.178019,0.025093363,8.412312523800712e-05,0.069723479,-0.459930539,0.0131,0.0169,0.0197,0.0222,0.0246,0.0273,0.03,0.0332,0.0375,0.0497,,0.36023369983113984,0.46987674369325944,0.8227559010357612,0.03990646748558086,0.12354051228131624,0.06757549435783759,0.08101565309835973,0.10482777779428352,0.09679909794809248,0.8077305046213341,0.8652471038904592,0.8235799234072829,0.06919755611456244,0.0832036050271806,0.09416096377573872
0.177313,0.023670074,7.03457434631847e-05,-0.034523767,-0.485376333,0.0122,0.0159,0.0192,0.0217,0.0238,0.026,0.0284,0.0311,0.0348,0.046,,0.41105476079470876,0.4327190272783918,0.5160335519653008,0.040428794326826355,0.11567214037486813,0.05845164161296867,0.08585261383243185,0.09083460278717874,0.12121339944837317,0.8654864573898807,0.9006129786244916,0.9440570806422605,0.06073985927250808,0.07166539768686091,0.08009906482941562
0.169651,0.024930054,7.875544607348681e-05,-0.026404605,-0.542328937,0.0126,0.0168,0.0199,0.023,0.0252,0.0275,0.0298,0.0328,0.0367,0.0468,,0.4046178924924069,0.4754985541184655,0.5286454486346195,0.03568450841390218,0.11721350035237298,0.08559873866644774,0.09444856825774714,0.09186576716326021,0.1322648734421733,0.8983780471345599,0.8439848222406962,0.8888582148217545,0.060038146066012606,0.06010844368865613,0.07908801609917364
0.172431,0.023661133,0.000108672,0.053223408,-0.577451015,0.0102,0.0144,0.0181,0.0211,0.0239,0.0269,0.0297,0.033,0.0373,0.0515,,0.36554079555325386,0.48412640455936456,0.7146490447121976,0.04316836540991515,0.12538957451001218,0.07830729897747313,0.08741490404872554,0.09262910903236068,0.10679899568848956,0.8549887007197805,0.9453271668705371,0.863060380757479,0.06286957249698652,0.07234842905528951,0.0769844001030664
0.188272,0.023365684,9.473325800847602e-05,-0.113021929,-0.756004566,0.0095,0.014,0.0183,0.0209,0.0234,0.0265,0.0295,0.0324,0.0359,0.045,,0.366619524188458,0.4889286068784902,0.6584327475492198,0.04619308334370642,0.1239361028508087,0.06622786925673721,0.0738153598814317,0.11565773220676455,0.09969646009520103,0.9366451977991074,0.9883620137644257,0.829585607628387,0.059173016931403324,0.09075151263595449,0.09553344590781464
0.176565,0.021874356,6.548504197334842e-05,-0.066413589,-0.746035374,0.0109,0.0143,0.0172,0.0194,0.0224,0.0243,0.0267,0.0295,0.0327,0.0385,,0.41908114577440375,0.46176265147306816,0.8856098673415014,0.0380639428752418,0.14827681964278733,0.06532534332184528,0.09238283673944889,0.10091252090616289,0.11324623705504963,0.8984820276818627,0.828342496045716,0.9104238070766514,0.053988474453570606,0.08534130558415526,0.08473163420498911
0.182279,0.026466186,0.000130044,-0.036502784,-0.695301672,0.0114,0.0162,0.0202,0.0237,0.027,0.0301,0.0332,0.0371,0.0411,0.0516,,0.4150555970974925,0.47073974341918445,0.9234054538559028,0.046691418562244534,0.12419110683088128,0.07220169069000684,0.09613358924363448,0.1068964422350214,0.10294428711469117,0.8195315885084135,0.9256054053977887,0.9126607547675698,0.05454819321750241,0.06933425467274187,0.08305394125053694
0.1803,0.02417916,7.599228436957556e-05,0.012742815,-0.57640087,0.0122,0.0169,0.0193,0.0215,0.0236,0.0264,0.0296,0.0324,0.0357,0.0448,,0.3915177518380946,0.47203989963335485,0.7007372254838838,0.03905594693806413,0.1491774854363768,0.07320343877755518,0.07690160799065557,0.08368164747395741,0.12808420056520714,0.8481044701673429,0.8706505593562758,0.8800569649193458,0.06258110000152363,0.05580457159204733,0.0916216944485288
0.180402,0.022451788,0.000103137,0.1020274173840214,-0.624675484,0.009,0.0128,0.0162,0.0192,0.0221,0.0253,0.0285,0.032,0.0358,0.0483,,0.38096377979897994,0.49754843868260806,0.6766109129691523,0.045268011455909266,0.12274872240316863,0.07388702430648374,0.07633579701289762,0.10487456633568525,0.12618340699774297,0.8057047356212068,0.9216889087989572,0.843567735376972,0.06023250157724531,0.06410506816455941,0.06474636376858622
0.122003,0.019781522,6.275624815329623e-05,0.001839813,-0.777920707,0.0095,0.0119,0.0152,0.0173,0.0203,0.0221,0.0246,0.0273,0.0303,0.0375,,0.4166614532161214,0.44986586021253494,0.9212881194094796,0.04781322794311414,0.11958845057055549,0.06597867947148753,0.08821661133528892,0.10645518123561618,0.12370629895354983,0.8997204325055,0.8480366683434486,0.9332772781962131,0.08901624608662795,0.09128284778445758,0.08544628561499902
0.121597,0.019586514,8.15581391194668e-05,0.075400831,-0.760348949,0.0073,0.0106,0.0141,0.017,0.0192,0.022,0.025,0.0282,0.0317,0.0437,,0.4077679180884797,0.45905445087969754,0.6232580046871657,0.048797631457026924,0.1309804082124906,0.07352586832246447,0.07321592215178076,0.1170417838641562,0.12796419053863625,0.8069147577764538,0.973391803086548,0.9759171082943708,0.060375216935987436,0.061753769569415744,0.062438998305683044
0.114386,0.019704393,7.262194398768669e-05,0.1400817130030351,-0.784196964,0.008,0.0117,0.0141,0.0173,0.0191,0.0217,0.0248,0.0277,0.0316,0.0392,,0.3732426689774406,0.41456580619040134,0.5145023316112545,0.047839381804643206,0.1374274566322924,0.07664607740813148,0.08331841041735509,0.09151899609118704,0.11642350674719848,0.8717163797795732,0.932710567066599,0.9400238087627876,0.08310628349014469,0.07617500292209078,0.07545914985204939
0.126192,0.018711679,5.351195748279824e-05,-0.02900795,-0.790689575,0.0087,0.0114,0.0143,0.0167,0.0189,0.0209,0.0232,0.0256,0.0285,0.0361,,0.38238745544123826,0.4203572719905126,0.876964877012432,0.036946874330602626,0.1142820257683036,0.07277761425387004,0.07169167279625824,0.08656770779780917,0.10539456094915682,0.8941072855078566,0.9841456936786332,0.9529542241349946,0.0897885874081683,0.06669499345559912,0.07413980720100083
0.132992,0.019653419,6.144633424038662e-05,0.014451806,-0.763535538,0.0095,0.0119,0.0151,0.0172,0.0201,0.022,0.0241,0.0271,0.0299,0.0377,,0.362924475524621,0.43600600294516073,0.7043991343712754,0.04644152922966101,0.13741494689229478,0.08153096927354027,0.10036884695919931,0.11364372021089743,0.13065606356151743,0.9665602728650879,0.956670734382331,0.941723972484976,0.09128080840953799,0.06682712678300243,0.06020414914923684
0.118578,0.022221596,0.000103379,0.039070147,-0.726908858,0.0085,0.0123,0.016,0.0191,0.0226,0.0256,0.0282,0.0313,0.0358,0.0472,,0.3826680341651249,0.4481771022413873,0.9300528497578633,0.03765175407560486,0.11305284372908231,0.07932666785078096,0.09748996004739716,0.0974415215690864,0.131839482902578,0.8686935587659729,0.9363034392623502,0.9547392928092705,0.0795820292101916,0.06065924144634512,0.09655320876546657
0.124701,0.019861716,6.11053921366204e-05,0.1398304947606954,-0.541560072,0.0101,0.0126,0.0151,0.0176,0.0198,0.0217,0.0242,0.0271,0.0302,0.0402,,0.37555267650059954,0.4793924947056763,0.8820826948352731,0.043807715219170866,0.11505993551053216,0.07225679300669233,0.09385430594315478,0.08798707153954863,0.12681021634442335,0.9491542178119768,0.8562849519297488,0.8353463884442396,0.09379188112761819,0.05432726027714014,0.07097269776332762
0.124732,0.018590175,6.953820989244911e-05,0.04161152,-0.673962384,0.007,0.0105,0.0139,0.0162,0.0183,0.0211,0.0238,0.0262,0.0295,0.0424,,0.35569754984507335,0.45698688897807743,0.7888584984083791,0.037623278194853435,0.14495756253074518,0.07669590243748531,0.0769772295738244,0.10146299610277996,0.12392806354425939,0.8278657084012689,0.844297720803078,0.8627374529177843,0.0654845039008775,0.09707537629322291,0.07698872904627636
0.121244,0.019064434,6.24659500229007e-05,0.1187645033326724,-0.6813189,0.0086,0.0116,0.0147,0.0168,0.0186,0.021,0.0234,0.0264,0.0299,0.0382,,0.386481694160863,0.49855013769259937,0.6946492804535123,0.04408372380640414,0.13987106369817526,0.05605379662555492,0.06937963633010705,0.11829447205111403,0.11237773414162508,0.9578062647100554,0.9646582273511195,0.8468646100155811,0.05084075744656335,0.05530331950196782,0.08903235795711241
0.117933,0.020270692,7.713829217311023e-05,0.068530091,-0.835161068,0.0079,0.0119,0.015,0.0178,0.0199,0.0227,0.0255,0.0285,0.0324,0.0392,,0.3778387083307031,0.41225724751311765,0.6667453785346643,0.04206840310420318,0.1311255747002407,0.07299739293372771,0.07442098793585662,0.10966829735544642,0.1301078148448981,0.8437435644323513,0.872672965127298,0.976017437947509,0.05115047043145656,0.051845451884808616,0.07339146885678688
0.171536,0.02454717,8.789684069285574e-05,-0.095567877,-0.742725293,0.0113,0.0157,0.0193,0.0225,0.025,0.0276,0.0301,0.0331,0.037,0.0464,,0.3717020378842217,0.4969807487006788,0.5802517437727045,0.0359703755308778,0.11912144476162843,0.056727830835894354,0.07654945521167002,0.0887203536781028,0.11043996501002448,0.9466619592645665,0.8847857915617778,0.8498276869981624,0.057704545359624895,0.08503775442049523,0.07323497338952542
0.177,0.023008399,8.399985606659028e-05,0.089166776,-0.623935471,0.011,0.0144,0.0174,0.0201,0.0226,0.0253,0.0282,0.0311,0.0356,0.0494,,0.36773309851543534,0.43662820626734494,0.7500768948278326,0.03861410163856307,0.13891656682188505,0.07065144034293322,0.10269758455410528,0.08745724785069593,0.12662543361744905,0.9336637858262199,0.8207657408523114,0.9549948497307361,0.07686389293403618,0.09088596866202403,0.07238672035087597
0.177342,0.023949292,0.000103048,0.1638407823020931,-0.630376811,0.0109,0.0146,0.0178,0.0207,0.0234,0.0265,0.0294,0.0328,0.0378,0.0503,,0.3538758467217854,0.4265555940678796,0.6531317174666711,0.04914346526576646,0.1382252435321405,0.08278235134433985,0.08128864910808144,0.09862239785044796,0.09739593940407736,0.9568816795788968,0.9452485388461,0.9558829562661211,0.05700303161581716,0.060287323722884416,0.09797585578663914
0.178187,0.024955769,9.630678113964488e-05,0.085232121,-0.624324498,0.0123,0.0161,0.0193,0.0221,0.0249,0.0278,0.0305,0.0334,0.0381,0.0511,,0.3720780015365418,0.4915198938715233,0.5434692235813834,0.03895476682726606,0.14470158381021822,0.05050759674998329,0.07062521125555568,0.10836000221762786,0.13047525389329287,0.8436905739133581,0.8819105794316715,0.9822108038874762,0.07302802281193026,0.09717569271305679,0.0633410911696537
0.177555,0.023443054,0.000103592,-0.003893812,-0.763049741,0.0095,0.0133,0.0173,0.0207,0.0239,0.0266,0.0294,0.0327,0.037,0.0468,,0.41792347793252255,0.46764394669427795,0.9088117974140684,0.045347915111173816,0.11611237071364014,0.07710061353099619,0.07545118608475201,0.10524786144908352,0.10699005235324455,0.9635403290263987,0.81344754830677,0.8572778318200833,0.09159305563449817,0.08582242822897636,0.05896978454580358
0.179284,0.022233628,8.613429349056638e-05,0.2377890774651283,-0.374640265,0.0105,0.0138,0.0169,0.0193,0.0218,0.0243,0.0272,0.0303,0.0345,0.0504,,0.35345443262599524,0.44240184668662585,0.614027556690881,0.040525623098198765,0.1211208566002385,0.0638969069772003,0.09206021400472002,0.10695976497042288,0.13180217369049205,0.9366459612272015,0.9802710694093174,0.9046847608857183,0.06299588386335606,0.0806649984635544,0.06506318598962392
0.168936,0.025363195,9.134258980731782e-05,-0.040325107,-0.66256818,0.0123,0.0164,0.0196,0.0227,0.0254,0.0281,0.0311,0.0344,0.0379,0.0491,,0.3620585686657906,0.48730868308147307,0.8773396539645792,0.044667866528631354,0.12186764300935804,0.05645732355530451,0.07683573229344134,0.10260190484138998,0.13331641555595075,0.9452329038456836,0.9064724871810207,0.9734263588829091,0.0549651228507329,0.056128427481786695,0.05855485640839779
0.179755,0.024441557,9.83703841660542e-05,0.054814138,-0.663150904,0.0114,0.0153,0.0187,0.0216,0.0243,0.0272,0.0301,0.0334,0.0377,0.0505,,0.4157285405717834,0.43750072475911805,0.5649814945020533,0.0397274854890935,0.11892037221276311,0.07052477752130729,0.09700147225158742,0.08988028140610273,0.11313263139072582,0.9441043619204115,0.9367406526642749,0.906215373320459,0.08187847142726593,0.09706053158178465,0.08197726192101033
0.174062,0.022512234,7.768639201197423e-05,0.076314055,-0.632884192,0.0106,0.0139,0.0171,0.0204,0.0227,0.0251,0.0277,0.0305,0.0342,0.0466,,0.35563861661123114,0.45646629484080364,0.7247338698831477,0.03599142605738524,0.1461816736785268,0.06839360957646438,0.06642216170128258,0.08436484494101151,0.09612584351914442,0.8741112527923964,0.9438062752704133,0.927655461252253,0.06462639330864119,0.08154114514813293,0.06247939136253565
0.169949,0.027332474,0.000151556,0.1652358450559673,-0.670000593,0.0105,0.0156,0.0201,0.0238,0.0271,0.0301,0.0337,0.0388,0.0446,0.0588,,0.4164967056056856,0.4443170882030161,0.8973875441638148,0.038996262559610986,0.14154965699324096,0.07203301804146717,0.06973659842826092,0.09773125679767534,0.10287149614827841,0.9610073667317911,0.9100724668905783,0.9811956114686065,0.07638216843481105,0.054210404940521505,0.07996626021759683
0.125852,0.019896393,5.8313522703413534e-05,0.052290257,-0.652994518,0.0102,0.0127,0.0152,0.0178,0.0199,0.0219,0.0242,0.0271,0.0302,0.0402,,0.3900220199807293,0.43964177749679556,0.5432586101965663,0.03988308103986251,0.14417805948832874,0.06453086945624628,0.09113449953550386,0.10383064654446467,0.11974507922686592,0.8061704203822462,0.809339070071372,0.8740917174473352,0.0730159237920305,0.07989206359067402,0.06282644358664433
0.118372,0.02193225,5.8445770805527133e-05,-0.105460861,-0.564035489,0.0117,0.0151,0.0177,0.0197,0.0221,0.0242,0.0263,0.029,0.0321,0.0389,,0.416981652566355,0.4970994316263957,0.5881010778151343,0.03533995088337617,0.14737907578724663,0.05880177784394098,0.09079858435446264,0.10184571375776111,0.12163981095766753,0.8069797036149065,0.871309255391288,0.9483389356031969,0.05201193040957303,0.05411575326035291,0.08961853594701343
0.128965,0.021345246,6.752081622084759e-05,0.036705168,-0.681011136,0.0102,0.0137,0.0165,0.0187,0.0212,0.0238,0.0262,0.0289,0.0323,0.043,,0.40291454726065923,0.43484054951611173,0.8022240940548722,0.03808143412816648,0.1211644185237534,0.05132980034288218,0.09333452575476661,0.08909838372076798,0.13313429768056584,0.8392704445169492,0.9882478787383371,0.9910590224038267,0.07482346782903015,0.0546325547372883,0.07106260355436715
0.133034,0.021938435,0.000109092,0.2457406178681128,-0.574377139,0.0085,0.0123,0.0154,0.0184,0.0213,0.0241,0.0273,0.0313,0.0369,0.0483,,0.39055745340120435,0.4031747209505735,0.9229433543250778,0.046273400795884836,0.13885828040455614,0.060310338371747034,0.08286233516226123,0.11058175526844072,0.1324932521721543,0.9673248045609617,0.9129125427344573,0.9761093633757429,0.08464112766102204,0.06441439985091435,0.06131834733155766
0.140379,0.021046464,6.931083233480915e-05,0.006531616,-0.759354127,0.0103,0.0131,0.016,0.0187,0.0211,0.0234,0.0261,0.0289,0.0321,0.0407,,0.3655781917233321,0.41853485565281745,0.699518841552952,0.0426287373417519,0.12637309392883772,0.07898959739609894,0.10287767615288772,0.0867212200785134,0.11650766664363627,0.8478911435189704,0.8850540676224509,0.9602943355055423,0.06928879036877097,0.07748672408626167,0.06591727456033018
0.12489,0.020641192,6.807246953070083e-05,0.1189826916860303,-0.659681964,0.0102,0.0129,0.0158,0.0183,0.0204,0.0225,0.0251,0.0282,0.032,0.0404,,0.37487205923854267,0.4403827394979918,0.9121200808374672,0.041379486083517956,0.11658853697962628,0.07323409228860094,0.09194057269465594,0.11020069533644451,0.10159254075061852,0.8242203893803768,0.9876554616958543,0.968887520237007,0.09241914030421886,0.05465113914534111,0.06698347867929894
0.147914,0.021807314,7.735086706214079e-05,0.2652970794079525,-0.418218572,0.0102,0.0135,0.017,0.0191,0.0213,0.0237,0.0263,0.0298,0.0336,0.0446,,0.3672761483575584,0.46427627358626894,0.7171918460300605,0.03758682467029087,0.11759002632477321,0.083891832179559,0.08767064630504383,0.08419543958324618,0.1017652990305387,0.9298350383358692,0.8047993587291462,0.8542309883773588,0.05568686775622019,0.05861367893531759,0.06478740223198726
0.135148,0.017518587,6.153260003992217e-05,0.007027768,-0.792685229,0.0063,0.0101,0.0124,0.0152,0.0174,0.02,0.0222,0.025,0.0281,0.0367,,0.4072141767686684,0.457944940526688,0.5734970858174677,0.038472012888458314,0.1332562141178111,0.054597396605673545,0.09681955472338254,0.09927229786630754,0.11241922942850514,0.9865886791352986,0.8981014358864619,0.8362225277317406,0.05328375279088521,0.0704723699168539,0.08179697793811912
0.132948,0.019188593,5.196901595490737e-05,-0.006243292,-0.738407907,0.0095,0.0126,0.015,0.0172,0.0189,0.0213,0.0234,0.026,0.0292,0.0347,,0.35322075344970644,0.4629432371340287,0.6474973665379984,0.045122223035393205,0.14810736756630885,0.07021887225728406,0.10406556573238512,0.09274757858957837,0.11591285632323137,0.8681837555108619,0.9956481638232456,0.9411520398406391,0.06211006132143061,0.09080758137395321,0.05894156782233971
0.127348,0.018351746,7.034911925455468e-05,0.07231809,-0.719151372,0.0066,0.0108,0.0131,0.016,0.0185,0.0207,0.0232,0.0261,0.0296,0.0401,,0.39405342692298057,0.48056788217170904,0.6264213341584378,0.041573915723971414,0.12484096351889816,0.06612340847707954,0.09829421846893602,0.10724013135087802,0.09809578573928544,0.8466453980491541,0.9167866150608511,0.8044508593441776,0.084042232858203,0.09123085479408151,0.06673341259214748
0.11356,0.016103193,5.272785432006039e-05,0.003049335,-0.802048906,0.0055,0.0092,0.0122,0.0137,0.0165,0.0182,0.0206,0.0229,0.0258,0.0347,,0.40025413875539534,0.4929245855932885,0.8034370425637702,0.046683535340698135,0.13269305703534823,0.06474888687035679,0.07002509565575696,0.09991105097475404,0.10065660266651595,0.8993129639641886,0.833353712671984,0.8839468545266904,0.08757918927136803,0.0968817391192979,0.06818784760698153
0.102179,0.017281656,5.641980252632353e-05,0.058403415,-0.789842004,0.0077,0.0099,0.0129,0.0149,0.0176,0.0194,0.0222,0.024,0.0274,0.0354,,0.3514395421057125,0.4216990789933273,0.7603837643762184,0.038177815577397106,0.13432454147290063,0.055702189758028174,0.09860994796254471,0.0960802654589968,0.10286982615393994,0.812688730471028,0.9112547377602426,0.902994342202548,0.08741486955185605,0.08301196818708845,0.08853911227329943
0.103837,0.01664693,5.225219990959107e-05,0.059566879,-0.774705322,0.0076,0.0097,0.0127,0.0144,0.0171,0.0187,0.0208,0.0234,0.0267,0.0356,,0.4115978058845156,0.4027908101590879,0.5994503000746986,0.03791247270370078,0.14886060674142987,0.06618166697988505,0.08214780227318415,0.10594831908458234,0.1164089014853142,0.9482234710391807,0.9623905555954642,0.9446743888216167,0.06260940644890615,0.077204563181951,0.07969628037365482
0.104851,0.016227121,5.0934255074175585e-05,0.024147468,-0.853507843,0.0063,0.01,0.0119,0.0141,0.0162,0.0182,0.0207,0.0231,0.0257,0.0335,,0.4103742993064657,0.4379370957779062,0.9062853903564825,0.041387060302605964,0.11561833234722783,0.05150041545820272,0.08993133088538739,0.11293194162460163,0.1274543128996453,0.8864527679695188,0.9463177390594824,0.9468019251856985,0.07956156118179693,0.05922844913977912,0.07169570392687565
0.107608,0.015047382,4.649580843763104e-05,0.01943842,-0.80991733,0.0051,0.0084,0.0112,0.013,0.0153,0.017,0.0192,0.0214,0.0242,0.0335,,0.36735644353083013,0.44065162011345016,0.7815513905558954,0.03913521456681698,0.13046137908415123,0.06329602899637354,0.0671625497305861,0.10631724403960684,0.11989011236847805,0.8916523044970243,0.8814763888350186,0.9322967126743399,0.07127755320779504,0.06438819229840037,0.05887637294025123
0.101914,0.016634328,5.470489970091109e-05,-0.06914134,-0.851033474,0.0056,0.0094,0.0124,0.0145,0.017,0.0189,0.0213,0.0235,0.0262,0.0344,,0.39418335693878265,0.47808297860562354,0.5984320158037185,0.040187248901692604,0.11944121759628688,0.07839448434837656,0.09668722625163383,0.09989475586631089,0.12802708785529732,0.9622921178769286,0.9627212723861005,0.8121316851402923,0.06372852538395858,0.07692007171645732,0.06612217566419441
0.101835,0.016847008,6.0817515196307976e-05,0.086982711,-0.791411171,0.0059,0.0097,0.0118,0.0145,0.0165,0.0191,0.0214,0.0242,0.0275,0.0372,,0.36769603768384596,0.4636036148510976,0.7865201654867868,0.040725085127340084,0.14668722992505348,0.06256146541167366,0.07792721361570377,0.10741236808352352,0.12596260568235945,0.9532020042164592,0.9650553166249954,0.95225286041263,0.08567925087793694,0.053725297654767204,0.06449818290540883
0.120489,0.016796102,6.004471131471799e-05,0.1457554598960651,-0.621587702,0.006,0.0097,0.0119,0.0146,0.0166,0.019,0.0211,0.0235,0.0269,0.0372,,0.3924580209967036,0.47798002340214446,0.5342463280755299,0.03837315408722073,0.11967327174774886,0.06041947234199234,0.08495832041193567,0.11455791055375117,0.13150288932056767,0.8690771786989502,0.8084723835273475,0.8548793247195746,0.09056091957872899,0.07412024946368884,0.06258038939782715
0.104091,0.016702951,5.15728831010451e-05,0.013359992,-0.798523967,0.0073,0.0105,0.0124,0.015,0.0166,0.0188,0.0209,0.0235,0.0265,0.0334,,0.40217991585096347,0.4847458862807377,0.9336362698448396,0.04847694893989767,0.1296872676613539,0.07702077393515873,0.09646296771894239,0.09343187935231832,0.11083109064483848,0.9439130750123244,0.9637963353791179,0.8184986665420496,0.08265691476705134,0.09044004179711047,0.06959419739147728
0.116861,0.017161607,5.0788038527202495e-05,0.025059385,-0.844948362,0.0077,0.0108,0.0127,0.0153,0.017,0.0194,0.0215,0.0238,0.0272,0.0336,,0.39056303622699023,0.48818489922576364,0.5984006143976028,0.037339816244128146,0.13699898741887154,0.06651063477231695,0.07322154935339865,0.1084213947091163,0.13318355443136046,0.9957938811573239,0.8434805402187916,0.8933960205836377,0.06723965328690783,0.09063280084048857,0.07508153224825312
0.091091,0.013743698,3.7797057318688266e-05,-0.01598029,-0.877195962,0.0055,0.008,0.0103,0.0124,0.0134,0.0159,0.0177,0.0198,0.0219,0.027,,0.38546840876562016,0.4809609333896974,0.8555653847773271,0.03690336354357843,0.13762252841024572,0.06610323402638062,0.08780675134097532,0.08785146683880643,0.11296231742518256,0.9625017508350917,0.8904177969684104,0.8247420062065366,0.08641143082502752,0.06703431835414665,0.09387869688362205
0.096239,0.014667918,4.470128789575328e-05,-0.010448821,-0.923978694,0.0055,0.0081,0.0104,0.0126,0.0147,0.0172,0.0187,0.0212,0.0237,0.0294,,0.3849967596986126,0.4716251951323123,0.6726026922982388,0.04296553868464497,0.14662349314597675,0.083562781140721,0.08787311154323667,0.10777240747076434,0.13184586985173766,0.840956658394442,0.9839477828934731,0.895957839880192,0.07345508416941895,0.07917692311136174,0.09550005224361317
0.090131,0.016007764,5.3513927568586285e-05,0.033463882,-0.800218662,0.0053,0.0089,0.0118,0.0134,0.0161,0.0179,0.0206,0.0229,0.0258,0.034,,0.38547194494570686,0.44372036045920704,0.8541303614599292,0.03619869674182573,0.12198421875558021,0.05063545472025358,0.07637931644678551,0.11507959221181588,0.12820103926243281,0.9433724112088323,0.9370510302062096,0.8994043739726266,0.057372855924724825,0.07159982622854545,0.09061838128499237
0.096181,0.014626228,4.611043058356297e-05,0.084423265,-0.800192536,0.0057,0.008,0.0105,0.0124,0.0146,0.0166,0.0184,0.0209,0.0238,0.0311,,0.35691260925876206,0.41634064875600324,0.6566406939431307,0.03892012493327507,0.14656321352234897,0.05728796678105119,0.10031288382724758,0.11113421170880115,0.12527696160359242,0.9567385680620948,0.8234332076924822,0.933589161257464,0.06208540070982429,0.056418447858923616,0.06131738308932467
0.107569,0.016046633,5.423730378772216e-05,0.1012328357431963,-0.729509429,0.0065,0.0093,0.0117,0.0138,0.0159,0.0178,0.0203,0.0229,0.026,0.0334,,0.3515416551901319,0.4966118131284099,0.6295081288750277,0.042780633604374806,0.11459504684622597,0.07851706532142144,0.09889257216499617,0.10907694547485175,0.09868819429499784,0.8298633974154653,0.8106615748224896,0.9078822484506873,0.06559079214417862,0.08937076739204139,0.09137013877190177
0.113337,0.016287058,5.268718372611986e-05,-0.056530101,-0.889404552,0.0064,0.0099,0.0118,0.0142,0.0167,0.0183,0.0209,0.0233,0.026,0.0317,,0.40247994441388335,0.4524160644667576,0.6979411004660012,0.03789416079189042,0.13178634590561125,0.051805362666917286,0.08253677484634236,0.08631385815883358,0.10789500050310936,0.8450930567910182,0.857663654019316,0.8262285559242787,0.09325200171881391,0.08727848769369709,0.08558423852486205
0.110701,0.015685759,5.002180051231965e-05,0.015325114,-0.785280687,0.0053,0.0088,0.0116,0.0136,0.0159,0.0178,0.0201,0.0223,0.0251,0.0335,,0.35716881439117415,0.41420509669331346,0.5753848906281874,0.04874133527389851,0.12790601774273433,0.06271279899988685,0.07376928235799118,0.1134696033727846,0.11124890156890883,0.9034336898315786,0.9752217873694613,0.8776743930794517,0.05801073653298361,0.08668083826737841,0.09733692506546937
0.124529,0.016462068,5.664894687349114e-05,0.077705566,-0.688944813,0.0057,0.0094,0.0118,0.0142,0.0165,0.0186,0.0206,0.0232,0.0267,0.0359,,0.4188233908889963,0.48780208113769435,0.7451475103125079,0.04910403340725485,0.12223277788624928,0.08058683649292532,0.07688389645236844,0.09028711777718763,0.09958407833470119,0.8114227073232456,0.8676181268537343,0.9264256552224452,0.06881346598827455,0.05362106628951147,0.0876435828529723
0.097871,0.015696325,5.395526334499961e-05,0.1766824423463655,-0.541168414,0.0056,0.0089,0.0113,0.0134,0.0157,0.0177,0.0197,0.0222,0.0255,0.0389,,0.3673316866895747,0.4095207410813198,0.7244697639824875,0.035734322430459604,0.12556831037553032,0.05960450964527863,0.08634706667473604,0.09389509263861308,0.11212927971696582,0.9103199665582984,0.8685467752267685,0.898906758132597,0.07731683536414903,0.0542031368919846,0.07172522758962344
0.20841,0.029087525,9.473103251859796e-05,-0.107239246,-0.242458074,0.0175,0.0212,0.0242,0.0271,0.0299,0.0324,0.0349,0.0379,0.0418,0.0525,,0.3674275320694133,0.4676651212152624,0.6604490915697562,0.04114746760552273,0.12621735217455168,0.0786816112566409,0.09133126689955376,0.08110141413172577,0.10424932642151763,0.9008956540755529,0.812114989740208,0.8134065759212437,0.06119302199863204,0.07023736260417597,0.09201008283606016
0.192162,0.028005295,9.432096114934024e-05,-0.136736078,-0.542238019,0.0149,0.0191,0.0225,0.0256,0.0283,0.0309,0.0335,0.0362,0.0409,0.0503,,0.39046853041628155,0.4287838749937197,0.9216673205057582,0.03993792489732616,0.13555860445432497,0.057049773796181466,0.07553869681533713,0.11746724452181721,0.1068217499199201,0.9084249932136064,0.9325356035488404,0.9039585906781682,0.08819679321708136,0.07908952305139447,0.06967063376439057
0.193894,0.027487287,9.664526207799984e-05,0.090732277,-0.276342036,0.0144,0.0183,0.0218,0.0246,0.0275,0.0303,0.0331,0.0361,0.0399,0.0562,,0.40775883440910166,0.43915155523048266,0.7947572388844766,0.0416136963537872,0.12055981169463442,0.0741489616547609,0.07399101210600348,0.11504244893411575,0.11945498751522983,0.8954028791256418,0.8513455489277202,0.8566269530193538,0.08156914410659726,0.05899577869889411,0.0951352134404659
0.190773,0.027057892,9.263519156221826e-05,0.01088996,-0.461808446,0.0145,0.0186,0.0216,0.0245,0.0273,0.0299,0.0327,0.0356,0.0392,0.0514,,0.38197943147512925,0.420272445825113,0.5876577586030869,0.039477065040367174,0.1466736573220911,0.0739842521374757,0.08059829784318612,0.09357382652659604,0.12494379756222299,0.8977471610938816,0.8218269723851672,0.9591575101550379,0.07792234080388208,0.0818316991560265,0.05990131416347263
0.199363,0.026710773,9.23520977790147e-05,-0.063040751,-0.614872783,0.0136,0.0177,0.0211,0.024,0.0268,0.0295,0.0322,0.0355,0.0394,0.0492,,0.3612018608031922,0.44323173601045246,0.8629241638458021,0.0406172389825513,0.12332836008796695,0.06907631825034409,0.07107226307642815,0.10704253530132683,0.10481882482248495,0.9366552122393007,0.9292532306185772,0.8754109744789054,0.07591219028467042,0.07246637135408236,0.06455831237822333
0.18869,0.027471996,9.494055739923904e-05,-0.034443285,-0.603725595,0.0145,0.0185,0.0217,0.0244,0.0274,0.0301,0.033,0.0364,0.0408,0.0497,,0.35645141106824463,0.45480093128275784,0.8296305164613579,0.040584922794596676,0.14365832164284303,0.06957524928970153,0.08853397901894575,0.08068135573915533,0.11439699632113175,0.8250537388114735,0.9217503742848798,0.8744184854335545,0.05141757111249813,0.0985028191620311,0.0696465066906088
0.196942,0.02574759,8.109361564507854e-05,-0.004593806,-0.401939558,0.014,0.0178,0.0207,0.0232,0.0258,0.0281,0.0308,0.0336,0.0374,0.0506,,0.3994386390730263,0.4563753154628402,0.8207638903541575,0.04501565811307086,0.1147592072173045,0.0867955666965036,0.0756635187394568,0.11180234310350852,0.13255484071855322,0.8578344799201983,0.8939256518273063,0.9126045884743185,0.05674317384778671,0.055937369324087056,0.08179523772121024
0.202406,0.029044807,0.000102729,-0.000471034,-0.341116013,0.0154,0.0198,0.0234,0.0267,0.0296,0.032,0.0348,0.0377,0.0423,0.0573,,0.39315371977772706,0.4686516974442408,0.9071071066854253,0.04631947042227654,0.12359249167289363,0.0758829667121348,0.08319610489071808,0.10035308560506388,0.1097033918090031,0.970435061663503,0.9786780141587823,0.9210564999347883,0.08233386604530521,0.06904569190605961,0.06979766215099181
0.170565,0.026954047,0.00015049,0.2284140703150127,-0.290424625,0.0103,0.0164,0.02,0.0235,0.0267,0.0302,0.0336,0.0373,0.0431,0.0623,,0.3524071435284987,0.42482970052442226,0.5634418346813187,0.04729398113311156,0.1264673238548457,0.06113744038160556,0.06609393908530925,0.08433874116425719,0.1290156462087073,0.9366708207622803,0.8120300534494044,0.8240024566961384,0.05389468956699225,0.07006015237633995,0.08674557430536256
0.206089,0.028016277,8.495411355108054e-05,-0.193052421,-0.496276943,0.0153,0.0193,0.0227,0.0258,0.0286,0.0313,0.0338,0.0363,0.04,0.0483,,0.41574218582169914,0.47874623782260195,0.9244243493829499,0.03735356638522735,0.11948803424817636,0.06646567701638362,0.07830157883219364,0.08913398693068715,0.11782684855902821,0.9779115764837976,0.8116831137444496,0.81989696265076,0.06525103033017696,0.06359676000560595,0.09644518339176839
0.100423,0.02200689,6.967225702416758e-05,0.092166709,-0.556590807,0.011,0.0144,0.0173,0.0193,0.0215,0.0242,0.0272,0.03,0.033,0.0443,,0.3820248122363377,0.4727077223667064,0.6347240020497822,0.037304017313753705,0.13709737650967463,0.07064931642030778,0.07723827755337768,0.09711611336768906,0.09776413389236611,0.9335482890894468,0.9598328911426852,0.9756724566925524,0.06419720278436518,0.08760100261655236,0.06817022178208335
0.102457,0.021950007,5.268546091511433e-05,-0.243573776,-0.327738505,0.0122,0.0155,0.0184,0.0203,0.0224,0.0245,0.0263,0.0283,0.0312,0.0398,,0.36295986919247175,0.48108032634296716,0.9292113701203562,0.043745717490997024,0.1272294855521403,0.08664179967555243,0.07074304363936579,0.10196887195910334,0.11185189383429862,0.8939735515900485,0.9395196315583454,0.9514047075857377,0.08809771539131435,0.08904840095012687,0.09173469823927297
0.103084,0.020974131,5.705438495142072e-05,-0.117419366,-0.674712577,0.0107,0.0139,0.0165,0.0191,0.0212,0.0232,0.0256,0.0279,0.0309,0.0372,,0.39996547553069245,0.46201171225140364,0.8364399371898961,0.038224836378122906,0.136740823329593,0.08162448098979118,0.07662992966700823,0.1011640949622789,0.10695880633847049,0.9214746113524542,0.8139168826687909,0.9866669095010496,0.07395975428364554,0.06121371439115277,0.07416155712323523
0.114842,0.017615069,6.0897500198220696e-05,-0.063655396,-0.881014502,0.0073,0.0099,0.0128,0.0156,0.0176,0.0204,0.0224,0.0252,0.0279,0.0344,,0.35840024844008517,0.4836310107518792,0.8934968525120266,0.0414579236075497,0.1396627130853386,0.07754555925634618,0.07561812963981875,0.08588407293201523,0.12204148350355655,0.8427422890825675,0.9739030286644139,0.9114925554009444,0.08810283708730016,0.05286762865279442,0.08674563649822135
0.115144,0.019545974,7.597163875666252e-05,-0.035722081,-0.835784394,0.007,0.0113,0.0143,0.0173,0.0195,0.0222,0.0248,0.0278,0.0313,0.0389,,0.38080931973564247,0.4059163198361908,0.555565811204109,0.04134660251313025,0.14254758649428204,0.08244351046761128,0.10075740018347275,0.11662718203953103,0.10005191599827488,0.8223174906841655,0.991007521635009,0.8305394286165363,0.06856615711382999,0.09558783762410848,0.08215985873360152
0.099846,0.01584422,5.397310895512215e-05,0.045510612,-0.859436888,0.0062,0.0085,0.0113,0.0132,0.016,0.0183,0.0201,0.0229,0.0261,0.0325,,0.37582977978408644,0.48252483484094266,0.7893716043037431,0.04378020356401256,0.11290884772249117,0.05562216502236374,0.10050993895048416,0.1047947966258963,0.10141541203219731,0.8991146703169433,0.8235278464123128,0.8151535122685254,0.08597172678375227,0.09118030063653497,0.05824654754429122
0.116994,0.019277578,6.994962715076116e-05,-0.110302878,-0.825154925,0.007,0.0111,0.0145,0.017,0.0198,0.022,0.0246,0.0271,0.0306,0.0367,,0.4028984140693857,0.44219104422082,0.795059398817888,0.03826554771707144,0.14168333269112476,0.07520728471163968,0.08629294308284495,0.09299434774247771,0.10831494324043509,0.9531570411724395,0.8094851640455226,0.9597818808591554,0.08835067551551988,0.08388603202016515,0.08510700360678804
0.118242,0.018115085,6.355434637305171e-05,-0.057407255,-0.787487289,0.0065,0.0104,0.0135,0.0158,0.0183,0.0206,0.023,0.0256,0.0286,0.0366,,0.35219507854298243,0.4561789125374514,0.9240584688434837,0.03616236032471493,0.1466378501041384,0.051623972410217045,0.08111870800464321,0.09037971366818827,0.12271384734862809,0.9703895179825672,0.8904656122838941,0.9811376857409063,0.05766621066871175,0.05884502305691984,0.06654059935534458
0.116324,0.021600867,5.398771684635203e-05,-0.276588192,-0.50738161,0.0114,0.015,0.0174,0.02,0.0218,0.024,0.0262,0.0287,0.0312,0.0368,,0.37570705540526644,0.4854542865940042,0.8666651400542951,0.041902907156455234,0.13696430859426253,0.05400105741462833,0.09295975187861337,0.0954656981500922,0.11812130529931103,0.970491858781942,0.8949488835090329,0.8756818777580166,0.07891900874885331,0.06774180242437268,0.0676075795538556
0.116662,0.018920812,7.211269446681278e-05,-0.013581692,-0.780055784,0.0067,0.0111,0.0134,0.017,0.019,0.0213,0.0244,0.0269,0.0301,0.0394,,0.3876147037166556,0.44405877562752044,0.6916150439440671,0.04088742868822567,0.1490245011338498,0.07865753022904504,0.0696061309581794,0.08537353248689833,0.12675789462431256,0.953741691922722,0.8678961783476983,0.9111185454527925,0.05621141555720119,0.08679269118346011,0.08109764209671248
0.203206,0.027397472,8.730328570986342e-05,-0.155485952,-0.572850805,0.0146,0.0187,0.0221,0.0248,0.0275,0.0302,0.033,0.0361,0.0398,0.0492,,0.38759567638239373,0.43488760052727654,0.5470873537579524,0.040303343606699446,0.11331039018296776,0.08310272633922867,0.07382555042132617,0.09204960730874012,0.10545151106741013,0.9285064605998884,0.856932701433579,0.9945360749519457,0.07037611564036945,0.07122537906698269,0.08789348177479912
0.221103,0.032610705,0.000120532,-0.132419982,-0.496180767,0.018,0.023,0.0265,0.0296,0.0329,0.0357,0.0389,0.0428,0.0468,0.0586,,0.38927671976065104,0.4128972698877047,0.7234949528909193,0.03605308382590806,0.11469969472762047,0.0840004521655393,0.07523841642939663,0.09517841568215182,0.13043818182394593,0.9474037933482023,0.8714799974597567,0.8769792189668345,0.07844500968734255,0.05418019955140287,0.06745519159755947
0.202479,0.029109013,9.800920253864553e-05,-0.12358575,-0.512857358,0.0158,0.02,0.0236,0.0265,0.0292,0.032,0.0349,0.0382,0.0422,0.0537,,0.37380787872317667,0.4445274226112586,0.6239947056178538,0.03878022435829186,0.1447002519022418,0.0528529280263566,0.10149545954837594,0.1047959428617333,0.10988197538059809,0.8557145692170623,0.9173156961385859,0.8456450189612307,0.07151033807429358,0.07065523183725092,0.06303693179245214
0.208017,0.03031511,0.00010364,-0.120776745,-0.43734397,0.0167,0.0211,0.0246,0.0276,0.0303,0.0329,0.0358,0.0396,0.0434,0.054,,0.3697001143710881,0.4947809243525336,0.5536511014543911,0.03822816242995495,0.12533444036774363,0.05795987338174178,0.09519888803175523,0.08834214027223879,0.13143083437103528,0.8203007193249411,0.9656726509089806,0.8401585409980271,0.07571138164198582,0.08088408277864557,0.05849731637335525
0.213498,0.030628078,9.84122395120502e-05,-0.414076811,-0.212783453,0.0178,0.0222,0.0255,0.0285,0.0313,0.034,0.0366,0.0394,0.0429,0.0508,,0.35451712931636215,0.4180618999778279,0.6547550969159177,0.03617796987501145,0.12326956604335079,0.07556662093875018,0.08827129218625168,0.0965245216897357,0.11981344086778929,0.9063466459791729,0.8310771239111939,0.8695911429823385,0.07707022974703076,0.06896472397223972,0.07324876028557668
0.208371,0.029244503,8.732524828457276e-05,-0.275550304,-0.350657697,0.0167,0.0207,0.0239,0.0271,0.0297,0.0324,0.0349,0.0373,0.0413,0.0498,,0.389878754333764,0.4230591885556445,0.7063374568770497,0.047707021912650666,0.12088253526634397,0.07624555264728983,0.06845537176657057,0.11357002279548842,0.10639664566811317,0.8756113202836259,0.8193652797027249,0.9490872286923434,0.09172820220270632,0.06216612602773062,0.08703342049539861
0.208681,0.028944964,9.690786357594837e-05,-0.125935716,-0.461970996,0.0158,0.0205,0.0237,0.0267,0.0295,0.032,0.0349,0.038,0.0419,0.0526,,0.4142522122875835,0.43900349074236544,0.7504100940180036,0.037113574204180995,0.14702712383046126,0.08274523248496861,0.08889417421148589,0.11898584467637635,0.12667001429361516,0.9735142436637876,0.974288528775277,0.8566834758407892,0.05785058785533484,0.06655845434932595,0.06603752405626037
0.213812,0.02985889,0.000100614,-0.15418033,-0.486557737,0.0163,0.0207,0.024,0.0271,0.0299,0.0328,0.0356,0.039,0.0428,0.0546,,0.355437383172891,0.4862786443684411,0.5675387539906057,0.035411798082309216,0.13286930354890322,0.06129476534725216,0.09365323196407956,0.09818527083998518,0.12772968060764087,0.9768271028858276,0.951219197226686,0.9265033866163122,0.0745110680801569,0.09762122339702839,0.09497765007895799
0.205497,0.024197667,6.730240140916589e-05,-0.202418474,-0.589771296,0.0125,0.017,0.0194,0.022,0.0247,0.0276,0.0294,0.0316,0.0346,0.044,,0.38557686543708286,0.42271865425905714,0.693342761538141,0.043267749101878535,0.13403619905238098,0.06379052658229867,0.10036853422660666,0.09433329616779539,0.1324496561123754,0.8579558208437907,0.9379082190855003,0.8702879245975393,0.07194723359982956,0.08339270883858052,0.0949890745574272
0.208082,0.026900073,8.572376484020445e-05,-0.153130327,-0.649561092,0.0141,0.0179,0.0215,0.0244,0.0274,0.0304,0.0329,0.0356,0.039,0.0482,,0.370564278142462,0.466569259255009,0.5582516009188582,0.038374784125904865,0.12785518022225503,0.07351653207533178,0.0888439631165949,0.10047539895265113,0.11918017528824627,0.9910082462180356,0.8145642156143464,0.9375937571236433,0.06667534220520666,0.06648554675283982,0.09831794343806703
0.175962,0.024151545,9.883364961154924e-05,0.096095497,-0.649809413,0.0108,0.0146,0.0178,0.0211,0.0241,0.0271,0.0302,0.0333,0.0374,0.0482,,0.4087386309232179,0.43826835721955737,0.766372554256472,0.0361385756454716,0.1461617091215486,0.06248526726955291,0.0860235337964207,0.10088299051541093,0.11760218556705872,0.8248484904978568,0.9541293691573721,0.865483390014652,0.09180544469552313,0.059336499542425425,0.07721542640218622
0.176828,0.022185728,7.95589097607646e-05,-0.0314606,-0.755582412,0.0096,0.0136,0.0171,0.0196,0.0222,0.0249,0.0279,0.0304,0.0341,0.0437,,0.3558320939268831,0.42169387673490966,0.5773640789695136,0.037129473561155875,0.13619183535750232,0.08402231956608637,0.09785326993059461,0.09812244656776387,0.10557928850980902,0.905802905349688,0.8567783894393508,0.8516708523885206,0.07020699811364599,0.09275408810660475,0.058973840221540716
0.17673,0.022448844,7.545886596484146e-05,-0.105138841,-0.815240434,0.01,0.0142,0.017,0.0198,0.023,0.0253,0.0279,0.0307,0.0337,0.0422,,0.4018497567813434,0.4295207705264628,0.8231754054040809,0.041785596013965386,0.14133292070761203,0.07559074301252329,0.08032291826617803,0.11536108669788855,0.12348469087053095,0.9626397518891205,0.9059642418746597,0.8154333340738099,0.06174838273256282,0.09710897475880842,0.06544237798931352
0.174175,0.021762335,6.933928969743905e-05,-0.039862807,-0.655274661,0.0098,0.0141,0.017,0.0193,0.0219,0.0245,0.0268,0.0292,0.0325,0.0431,,0.36796038237850254,0.4626318963994518,0.8596959737624863,0.03928563256351016,0.13938385216717522,0.08397059539570687,0.08465005209011811,0.11807113236945023,0.12565717973864862,0.8974378800604118,0.8399448689212601,0.9962840124906182,0.07223101076251513,0.09589008778904978,0.09297817752338143
0.170301,0.020204148,6.867340715400071e-05,0.048245089,-0.710488052,0.0093,0.0127,0.0152,0.0175,0.0205,0.0225,0.0248,0.0281,0.0312,0.0411,,0.38603350774665773,0.4692750419039479,0.584733778130412,0.0381282373200565,0.11963685175793183,0.06622634626497993,0.10086873004713649,0.08215648426881703,0.11191506347743432,0.8901098873165992,0.8466638621891305,0.8269378227259074,0.08568725291016291,0.05226824253510477,0.08202375124282
0.188957,0.021017181,8.404144500820771e-05,0.014150972,-0.633770966,0.0087,0.0122,0.0157,0.0182,0.021,0.024,0.0268,0.0294,0.033,0.0474,,0.4141353197091169,0.49602635045640375,0.9053804891859007,0.042899099508505706,0.11345370476696232,0.07877637881020921,0.09990946159849419,0.09966801044334009,0.12460403435524567,0.8392539076589258,0.933954786841085,0.9668971165446592,0.05174400991656294,0.06939412946252353,0.08931004316676475
0.17689,0.023179609,9.103464221982124e-05,0.1328127510780745,-0.490728795,0.0109,0.0144,0.0178,0.0206,0.0231,0.0257,0.0284,0.0314,0.0357,0.0509,,0.3530095154433261,0.46920494297169635,0.5073491298263184,0.04433937802418986,0.11632330135227653,0.076493903252568,0.08024880662422511,0.09495941133290414,0.12291527854140441,0.9426634483544509,0.8395553342131673,0.9629260781315869,0.06773258161282361,0.08994209564544828,0.06837527251119577
0.178455,0.020806821,8.424753746022863e-05,0.034848736,-0.656565561,0.008,0.0121,0.0155,0.018,0.0208,0.0236,0.0262,0.0288,0.0327,0.0428,,0.3599473568179673,0.4906055867833469,0.7614879208690707,0.0420376027189033,0.13933818522141325,0.06742229872803426,0.08553398113097956,0.08563153720884763,0.10714454305807226,0.9569373161647315,0.9052195330331931,0.9949963962663608,0.08178969764099475,0.08086615599988298,0.09628129111266702
0.178043,0.02527707,0.000131298,0.291414013,-0.356522787,0.0099,0.0145,0.0186,0.022,0.0249,0.0281,0.031,0.0352,0.0406,0.059,,0.3819483281212137,0.48481558044076006,0.8413948888565457,0.035373851286579716,0.1278165410887492,0.07421658875999093,0.08622702388327211,0.10985049823796199,0.1328763730780627,0.9238045100537156,0.9889392642029159,0.8399165262499015,0.06499834402432478,0.08595304959092558,0.07686505003210398
0.168189,0.020214648,5.666558524863993e-05,-0.140898696,-0.84307587,0.0096,0.0131,0.0157,0.0182,0.0204,0.0227,0.025,0.0275,0.0305,0.0351,,0.3583285013828787,0.4108239387587288,0.7645319692505613,0.0478209779566667,0.12339882681131967,0.06820472437437547,0.08657752551036567,0.08764267601850238,0.1137609400160829,0.8621787363026105,0.9464303234939072,0.9857314673344996,0.057275609718556435,0.061688374996958964,0.08717905788243104
0.195705,0.021321673,8.367326888163374e-05,-0.010787369,-0.677234171,0.0086,0.0124,0.0163,0.0189,0.0215,0.024,0.0268,0.0298,0.0333,0.0443,,0.40753256199829835,0.459628363841021,0.6358626826255301,0.04635666689837874,0.14784448343665063,0.06897851207213741,0.07610994299910118,0.09463887123300849,0.11470956380797934,0.8958248813415984,0.9445807050656666,0.918543061411336,0.0740066072697381,0.07694290161618732,0.07032510085720968
0.201783,0.022519187,7.700691899881216e-05,-0.114069046,-0.787700205,0.0098,0.0142,0.0172,0.0207,0.0229,0.0252,0.0278,0.031,0.0338,0.0417,,0.3768247122645834,0.47207096054977865,0.6953802248381791,0.036272334361641574,0.12763537264373634,0.06576613106078835,0.08533361168368543,0.1026825452248815,0.10444015342521683,0.8550178176619126,0.878379910393558,0.9073082159469648,0.06291911960999019,0.06499700055291448,0.0666697003623181
0.192574,0.024459499,0.000103756,-0.021018076,-0.698933609,0.011,0.015,0.0188,0.022,0.025,0.0279,0.0308,0.0337,0.0377,0.0515,,0.41321935889326095,0.4110411229925607,0.9329505930485021,0.047249976454402126,0.12257429864885039,0.06576655860790687,0.07849102091543599,0.10978787088108889,0.10767895947277895,0.8708148835855541,0.8348333851395979,0.9909534857861012,0.09321703080764122,0.08680377230483619,0.06118111065447912
0.18117,0.020149116,7.778573848671751e-05,0.042454114,-0.632856374,0.0079,0.0118,0.0151,0.0176,0.02,0.0227,0.0253,0.0279,0.0316,0.0428,,0.3900116991350274,0.45682025447390456,0.6055534437708124,0.038148770799603555,0.13929072285032665,0.05686595883860948,0.08665065330707618,0.10609053123945653,0.1027034790673684,0.8435212629241676,0.9636619393564568,0.9722127841063011,0.08404095861554914,0.0847721820046795,0.07489789270062748
0.195252,0.02302468,9.33629081205748e-05,-0.134448158,-0.774038184,0.0093,0.0137,0.0178,0.0206,0.0234,0.0264,0.0292,0.0319,0.0356,0.0444,,0.4158860742197587,0.44753742779322797,0.5856159733315363,0.04063475343057912,0.11609071520679856,0.06285571580904971,0.09189503119205887,0.11911388053953488,0.12862126799415577,0.8986016143934595,0.8415455532567271,0.9833503580700761,0.08801827880230409,0.053356777510607876,0.06740477912154476
0.18583,0.0199361,7.895918832636628e-05,0.1554029058546629,-0.409439292,0.0084,0.0119,0.0146,0.0173,0.0197,0.0221,0.0246,0.0279,0.0312,0.0494,,0.38109379324258313,0.4763910461082454,0.8874614593005403,0.042353261449110384,0.1284830527389536,0.08685653132582677,0.07451677657164803,0.08128729925154532,0.10604564612422958,0.8168688675963832,0.9617974615771528,0.9676242997633554,0.06538643979036064,0.06949026837637154,0.061117536849102753
0.196748,0.021201033,5.7910074562652086e-05,-0.042977272,-0.630029134,0.0112,0.0138,0.0169,0.0192,0.0212,0.0234,0.0258,0.0282,0.0313,0.0401,,0.4147584206128782,0.4409145729172758,0.8109124264428438,0.03917205269160718,0.1311290209707111,0.08609927443714425,0.07552072925080268,0.09355071670546647,0.10463175162757671,0.9732545083536639,0.808506844739738,0.9205084291058454,0.08011093468816723,0.0855843630184965,0.05799721642655763
0.181353,0.02154539,9.274201967289934e-05,0.032689312,-0.759138138,0.0083,0.012,0.016,0.0187,0.0214,0.0242,0.0275,0.0304,0.0347,0.0437,,0.3987209726978823,0.40836736704700893,0.9149179770285973,0.044145503652860914,0.12878084320025554,0.05241030366361279,0.0713274207915951,0.10699711846350572,0.11995227868545441,0.8730396483781787,0.8521885888668611,0.9488865778038136,0.06369543255358677,0.08476068467020288,0.05803980626815147
0.197389,0.020570139,7.152350547343142e-05,-0.034829493,-0.752633932,0.0086,0.0129,0.0154,0.0182,0.021,0.023,0.0257,0.0286,0.0317,0.0412,,0.3569017275532593,0.40752681745071284,0.5616141994761237,0.043146471206447976,0.13369529378828324,0.06831586242045128,0.0927014637897499,0.10102446858290369,0.10074016121871751,0.812500929733466,0.8373795457836991,0.9182627271656739,0.08733995928804972,0.08867614232260998,0.08698388526835768
0.192022,0.023028594,8.876283207509843e-05,0.049435218,-0.599769548,0.0106,0.0143,0.0175,0.0203,0.0229,0.0256,0.0285,0.0312,0.0355,0.0499,,0.41129087616697363,0.41135199340235556,0.7300786830651722,0.035338577394390544,0.14770333776138636,0.06181476009249664,0.09687448391242039,0.08578000211422895,0.12699534218921427,0.986709681574318,0.878361112817194,0.920351273723323,0.08766869444147042,0.06261767213581682,0.07285520025672013
0.184985,0.022475244,8.835028927379073e-05,-0.166431611,-0.798626181,0.009,0.013,0.0175,0.0201,0.0228,0.0258,0.0288,0.0315,0.0344,0.0445,,0.3852944106079161,0.40526490544518545,0.5798401381724778,0.04076000136754438,0.1436642815343609,0.08590134068680358,0.10370734736958975,0.09549230294934535,0.13344674994220224,0.9969799104582042,0.9617274596512412,0.9953666791154187,0.07715520788830259,0.08400770650872898,0.06483778757252844
0.181396,0.021262407,8.516863215582443e-05,-0.009777639,-0.69969009,0.0086,0.0123,0.0164,0.0191,0.0214,0.0237,0.0267,0.0298,0.0338,0.0453,,0.3556803193682674,0.41196950377575753,0.7118912830541604,0.04831133354592926,0.14278037637301053,0.07885259191985325,0.08641993201254967,0.1153708316734915,0.11593090536268674,0.9311726034768518,0.8148893933132693,0.8847835898661138,0.053367999707853324,0.08771000110262368,0.061531379944411234
0.194211,0.022769219,9.689163477064298e-05,0.011784002,-0.698241893,0.0097,0.0136,0.017,0.0199,0.0227,0.0253,0.0283,0.0319,0.0364,0.0491,,0.3508986628765316,0.4776490314969605,0.6463727307579936,0.03894383535679247,0.13398946892546093,0.07881911900053913,0.06736641750687902,0.11450540798689847,0.11297314261583527,0.8571962111476954,0.9619842862246829,0.9643220308706278,0.09169380515776016,0.06653578609354684,0.09766002993451833
0.185795,0.023698436,9.810061690487188e-05,-0.115436079,-0.846594099,0.0095,0.0146,0.0179,0.0208,0.0241,0.027,0.0298,0.0333,0.0368,0.0433,,0.38360420746357926,0.4260877828036558,0.8050637076526177,0.0435156498408163,0.12892119285659337,0.05970759526569166,0.08488370103844409,0.08339848758573302,0.12361573579779526,0.9650851617718991,0.8412906905929833,0.9473509085036526,0.09365221929869869,0.07513823420441579,0.06290841758190528
0.193884,0.025152214,9.172471422833636e-05,-0.028111014,-0.709158763,0.0119,0.0162,0.0194,0.0226,0.0254,0.0281,0.031,0.0338,0.0377,0.0472,,0.41513168337561757,0.43723388561259324,0.5307879865541772,0.04236343953481752,0.13323869846326325,0.053150654065329775,0.06608692668730089,0.09119248575148675,0.11351830204138504,0.8204432869306403,0.8439484191175698,0.9737678502782721,0.06303820398964767,0.06895399733430695,0.08090325973336432
0.191328,0.024593922,0.000105076,0.079719463,-0.710120514,0.0109,0.0148,0.0182,0.0213,0.0242,0.0275,0.0308,0.0342,0.0385,0.0485,,0.4166857696295127,0.41448930205619916,0.8482849100766371,0.03691346909145836,0.14353978637385248,0.054035849538532334,0.09520707115647983,0.10394757294791289,0.10237257771780726,0.8243518671153833,0.8942679877272918,0.8829376707987027,0.059913693977156304,0.0836895447770268,0.0830711295064072
0.190226,0.027969853,0.0001257,0.017308684,-0.758766354,0.0126,0.0176,0.0216,0.0248,0.028,0.0314,0.0346,0.0385,0.0434,0.0528,,0.3555948133678014,0.47836515091825055,0.9145657131461044,0.042564776447632714,0.11366877338588872,0.06857657328494549,0.09760671234596602,0.08608906557406677,0.10080096873183901,0.818889269793863,0.9643235646776458,0.8746035108045966,0.07784087692062155,0.09463803037184228,0.08785735197001057
0.1796,0.023638835,0.000103659,-0.064539739,-0.745175772,0.0097,0.0138,0.0174,0.0207,0.024,0.027,0.0302,0.0333,0.0369,0.0483,,0.4122478634393916,0.4311237876111374,0.5088368679689745,0.04812577916173948,0.1247057581782863,0.06233569002571327,0.07949021819274296,0.0943032954589959,0.09890070375412927,0.8758720981704604,0.8698986994253001,0.9208526156197616,0.07200285387486588,0.09696110244065875,0.05834813877123068
0.189242,0.021452017,7.809952419789497e-05,0.064040767,-0.681813715,0.0092,0.0136,0.0161,0.0184,0.0216,0.0241,0.0266,0.0293,0.0334,0.0424,,0.35533136441880464,0.4077522977254614,0.9173782738276757,0.04206073655450931,0.13980094383068925,0.055837990540582715,0.0670494016084734,0.10330426530757514,0.11454170323153742,0.9010762486757592,0.8350029843199916,0.8308884083588669,0.07351063851763663,0.08322571520207064,0.06993890184171879
0.194315,0.022472684,9.286798678048616e-05,-0.011737948,-0.652419176,0.0097,0.0134,0.0168,0.0197,0.0224,0.0252,0.0284,0.0313,0.0349,0.0495,,0.36877911903802013,0.41334214525518537,0.607425995119663,0.04789865223269466,0.14292212775553215,0.060151008030903994,0.07035017592935344,0.10539112495819382,0.12776366154303048,0.9172863996228546,0.9553155374000911,0.8750162336638115,0.07160226214325333,0.05567217444316459,0.07652240246067388
0.112919,0.021356969,5.99163568167962e-05,-0.103407482,-0.719636792,0.0109,0.0141,0.0171,0.0191,0.0218,0.0238,0.0259,0.0289,0.0316,0.0388,,0.38367090343682064,0.4709058498483705,0.931922796296034,0.048035823153513284,0.12835026920429995,0.07427775496863516,0.0840228127984387,0.09780130466347117,0.11223673207989428,0.8440683675171713,0.9871616442830157,0.9840778864097985,0.07931959890321805,0.05377287415634756,0.06784200788944539
0.107933,0.019807613,5.510594150844309e-05,-0.082970515,-0.797129569,0.0096,0.0131,0.0153,0.018,0.0198,0.0226,0.0243,0.0269,0.0298,0.0355,,0.41015116930164786,0.42438710737607455,0.6257232967699117,0.043930019841594184,0.1418266647986019,0.07544648094814964,0.08076227498505383,0.08731483695684199,0.12764520677621596,0.8604882574403767,0.8445753536019679,0.8517836368470968,0.07538474584433255,0.09775200696488055,0.08612941496992593
0.109514,0.021805487,6.205133313360941e-05,-0.12289473,-0.704333421,0.0114,0.014,0.0176,0.0195,0.0218,0.0245,0.0266,0.0293,0.0324,0.0394,,0.3738477599633473,0.4870545944837128,0.800761636474161,0.04887508000143579,0.14334796479442374,0.08565089121061968,0.06657174721801479,0.10626998389645625,0.10618931232406967,0.8318085840840445,0.821120039154321,0.8266590409538396,0.05532856912248497,0.05202688656957997,0.07092739247204907
0.12317,0.021223096,6.040739247971146e-05,-0.049042908,-0.649618588,0.0111,0.0137,0.0168,0.0192,0.0213,0.0233,0.0259,0.0283,0.0316,0.0402,,0.3988627908733947,0.41291374934267117,0.6548922292082439,0.045953261655541776,0.11349901410037018,0.08191928401396079,0.07674873847674359,0.08414536983277526,0.11005827275110062,0.8167154378485727,0.9326579769830408,0.9254087261202787,0.08145370909726708,0.08989353677012803,0.06549120121767349
0.142633,0.020893173,8.695554387515464e-05,0.031928098,-0.708708869,0.0083,0.0119,0.0152,0.0181,0.0212,0.0236,0.0263,0.0291,0.0337,0.0459,,0.3891089710684084,0.4969960756049886,0.5236315669569546,0.04829198498749137,0.14073542144005335,0.07099409080209022,0.0957196078577039,0.1076486548588216,0.12506685623330313,0.8220098762220228,0.9677019695841586,0.9214289614708505,0.07056190636360397,0.08338847931302057,0.060523723011382265
0.111008,0.023492387,6.313923301636363e-05,-0.217903071,-0.421830732,0.0131,0.0162,0.0189,0.0218,0.0239,0.026,0.0282,0.031,0.0334,0.0419,,0.3527872724989757,0.465853654327857,0.6909916836029502,0.038874537410095146,0.13163793641009125,0.0671632886162303,0.08193226328676056,0.10798719784866341,0.10966580870534552,0.9952860634534697,0.9487671577230103,0.8895679137857879,0.08640340849303331,0.054289064580798414,0.08795711686775946
0.106562,0.020630544,7.123658039062942e-05,0.058567294,-0.826034971,0.01,0.0124,0.0156,0.0181,0.0203,0.023,0.0256,0.0286,0.0324,0.0391,,0.3718611073126879,0.4150620536931685,0.7763455056641207,0.04781560610526519,0.11640841277457101,0.07610990038545692,0.09500728745416188,0.09879934828754855,0.12876325701613817,0.9413775938938788,0.951401122455906,0.9869062277430622,0.08566757082350952,0.08299139569153148,0.08609494459114718
0.112886,0.019144868,5.14703836350415e-05,-0.050742329,-0.760328182,0.0094,0.0126,0.015,0.0171,0.019,0.0213,0.0234,0.026,0.0289,0.0345,,0.3649720899528845,0.49403208298542994,0.7591619665466776,0.036459170299171374,0.13456881026007844,0.06924363918244868,0.08206079098822558,0.09111790296207535,0.12454406445533547,0.8872033674908543,0.8899484912740877,0.8643163327453874,0.09006616769309725,0.08760082184242744,0.07274964368679016
0.121888,0.018106985,6.813781956432004e-05,0.061225874,-0.725452789,0.0064,0.0107,0.0127,0.016,0.0182,0.0203,0.023,0.0257,0.0292,0.0391,,0.3558122939008615,0.45450738641463245,0.6949136601941145,0.04484358195876912,0.1469321842768662,0.07191485945841926,0.06981250457788665,0.10828583987964646,0.09796705889358787,0.9776583073019167,0.8319570016230815,0.939589523619342,0.09128819284627908,0.06116879078910305,0.09873696170645282
0.114509,0.021946359,7.503006833979788e-05,0.1742264832392516,-0.519261835,0.0104,0.0139,0.0175,0.0195,0.0216,0.0237,0.0265,0.0297,0.0338,0.0453,,0.36038552457137185,0.4606638727376762,0.9110661326501307,0.04089597372837644,0.1277551050067221,0.08325022320618605,0.08146564236729248,0.10726483959588717,0.12892168064086806,0.9290124586361027,0.8226398211140765,0.9868425041884313,0.06986360692410613,0.055468112146702706,0.08401333219521692
0.182511,0.022160082,9.604479240179104e-05,0.097348999,-0.571669901,0.0092,0.0128,0.0165,0.0192,0.0222,0.025,0.0278,0.0308,0.0354,0.0475,,0.39410162962461415,0.4312043031316695,0.6263408108273476,0.043520156210135635,0.11825033304125471,0.05836547949719259,0.10192796997624944,0.08497235684499106,0.132604675814586,0.9063591992502558,0.8783010930964156,0.8783546364520987,0.07612608717737128,0.09418919024987078,0.09263918143975611
0.182758,0.024006475,9.693647271530593e-05,0.037157091,-0.707408223,0.0105,0.0144,0.018,0.0216,0.0243,0.0268,0.0296,0.033,0.0372,0.0468,,0.3832698379672165,0.4333643344911733,0.8572280272054554,0.044800537331215494,0.13845505245702075,0.06531272589196307,0.09078248099867837,0.09230424135946708,0.0964689341164079,0.9767482381043837,0.8753462532832708,0.9247199056367155,0.06173460446096071,0.058966057849605596,0.06733937779952359
0.18635,0.022072434,9.443184677539454e-05,0.037059579,-0.70848938,0.009,0.0127,0.0163,0.0191,0.022,0.025,0.0279,0.0311,0.0349,0.0472,,0.3951177474695863,0.4360712756914083,0.6248667848130414,0.03578762982456439,0.1153504378631304,0.08320125757751211,0.0980612219038333,0.08308040385892293,0.09628959599520047,0.9370241526527765,0.8935267662873879,0.9706890424893037,0.08717178423698352,0.05759378658506754,0.0903539253108888
0.196434,0.023500489,0.000120964,0.301239997,-0.34201379,0.0096,0.0136,0.0169,0.0199,0.023,0.026,0.029,0.0326,0.0382,0.0537,,0.3768529616118958,0.4740277751044008,0.5411547447120413,0.04397372024428018,0.13284450554289112,0.05589575989643232,0.07950040865717684,0.10435399020284339,0.1092070588355539,0.8126463640981332,0.8988318434059068,0.8032124462042634,0.07927683509928182,0.053195097355365935,0.098998289479621
0.190605,0.024015162,8.852398695227843e-05,0.053099673,-0.539837126,0.0117,0.0154,0.0187,0.0215,0.0241,0.0268,0.0291,0.0322,0.036,0.0506,,0.3876268161061406,0.43935104416801146,0.7759851425685378,0.04056001850105401,0.12666695565265357,0.08113507742267605,0.0944583477209828,0.11078367741094963,0.11015575540762432,0.890788184176773,0.9401794803429845,0.9255237521710358,0.056031205504796164,0.06684555050176574,0.09013739137673066
0.190917,0.022586574,9.756107049629237e-05,0.072801733,-0.543378142,0.0095,0.0133,0.0167,0.0196,0.0225,0.0256,0.0284,0.0315,0.0356,0.0487,,0.37606861979215794,0.43369758668954655,0.811812171210081,0.04666274327268231,0.13329701012929232,0.06159301538589557,0.06660309424815312,0.10223886073889081,0.11778100685520017,0.9605924224288399,0.9224635074853252,0.9717555731988623,0.07590391271184205,0.06908404177457615,0.0733426732099423
0.179934,0.024206007,9.3707667653764e-05,-0.038062695,-0.815473471,0.0106,0.0154,0.0187,0.0213,0.024,0.0272,0.0305,0.0334,0.0372,0.0448,,0.40098636055518,0.43216399036671116,0.617467326172932,0.042706317033098296,0.1419794743653567,0.05406889644393375,0.06746779987084488,0.08397851949610435,0.09982729723280291,0.8938465105725693,0.9269335936075616,0.9907557873576738,0.06176656732997451,0.0897527403676218,0.06696558951527763
0.193749,0.023379899,0.000100561,0.010652953,-0.580388028,0.01,0.014,0.0176,0.0206,0.0236,0.0261,0.0291,0.0323,0.0362,0.0493,,0.41028910915309863,0.41181819651017615,0.7328666993890862,0.049037038309359314,0.14396883434517246,0.08303880746469569,0.07570155570738361,0.10386129539061213,0.10024916880785949,0.8474672415076161,0.9915939678536282,0.8397538998908244,0.07117102427667434,0.08550572670861877,0.08217046047601899
0.190619,0.021867937,8.87102105796675e-05,0.012658531,-0.673938922,0.0088,0.0127,0.0167,0.0191,0.0218,0.0246,0.0277,0.0305,0.0342,0.0438,,0.36823463546490165,0.4164384254979733,0.6732311900708758,0.04256721800956165,0.12817779892103776,0.0810168596563911,0.09726678615569834,0.10909365124103707,0.1297157728429589,0.9921903968347804,0.8792227052524544,0.8195728298025173,0.07727442408966836,0.06815006025323206,0.09411474478905234
0.179277,0.02535435,0.000130455,0.088602907,-0.665794066,0.0105,0.015,0.0183,0.0219,0.0254,0.0287,0.0318,0.0354,0.0404,0.0532,,0.3641610762876091,0.4550981372292702,0.7853661438350575,0.04053584799200895,0.14490573191681766,0.05758128323513158,0.08833733030280816,0.08882794184488119,0.11804638431318827,0.8185529638490618,0.981312595596326,0.9244845577989054,0.059200692046853076,0.06314518822640416,0.06647401329016192
0.160432,0.021969143,7.967077965346585e-05,0.033161761,-0.732545844,0.0096,0.0132,0.017,0.0194,0.0219,0.0246,0.0273,0.0304,0.0339,0.0443,,0.4155743607567555,0.4611211269198976,0.7530172517938883,0.04009696235557339,0.13009025064737864,0.05538046802191135,0.07614685779537558,0.09440228659093244,0.12426100571237331,0.8103967146889972,0.9075888490050911,0.9789861038488412,0.05359457824238832,0.0810631284722101,0.06285659939010196
0.16068,0.022623047,0.000103933,0.2737767051145047,-0.394507631,0.0101,0.0137,0.0172,0.02,0.0229,0.0253,0.0285,0.0318,0.0364,0.0523,,0.3551942911405936,0.45243720301735413,0.8021083532653771,0.048345831994885444,0.11452195947775949,0.07556420493387883,0.07951913619170514,0.09558955981160026,0.13381390730156958,0.9616519922521085,0.9329844740434099,0.8568226751476626,0.08484700964449837,0.0984451409540817,0.08332153985422587
0.164599,0.021298859,8.927117281463491e-05,0.033646118,-0.739697364,0.0085,0.0122,0.0159,0.0187,0.0214,0.0239,0.0268,0.0301,0.034,0.0455,,0.40450509373568627,0.4915266600144056,0.7507384188048268,0.04824834100152082,0.1290620680820228,0.06217083829838832,0.06755220867024775,0.10816917956679661,0.10889108607897646,0.9785167796968837,0.8252566285326759,0.973639951108032,0.08830497701551168,0.06660865376916221,0.07421120917153072
0.143682,0.023235128,0.000100677,-0.068086978,-0.895394409,0.009,0.0133,0.0173,0.0202,0.0233,0.0266,0.0296,0.0328,0.0371,0.0437,,0.3584949716564568,0.43170937908176316,0.9127396545033978,0.04032759611473231,0.13409456016484428,0.0602204803015652,0.08343045308885841,0.11544516270876992,0.12478807117039416,0.8197140199925286,0.9238305191985112,0.9838461391764407,0.07052995240319876,0.08605998487587106,0.09906933130389946
0.158257,0.022597426,8.904986393325379e-05,-0.075849601,-0.84221481,0.0091,0.0138,0.0168,0.0197,0.0231,0.0255,0.0284,0.0316,0.0352,0.0422,,0.3521431010007057,0.40851803266863473,0.5715789429341902,0.04238751447484344,0.12455222993285865,0.07135460234829132,0.07423773773337104,0.10487909342499721,0.12351710465777559,0.8993204184745208,0.9190108074522554,0.9727307252601244,0.09283977037384161,0.0951498278468275,0.09552618009877979
0.158254,0.022124684,8.81131056366951e-05,-0.100658805,-0.717417702,0.0087,0.0133,0.0167,0.0196,0.0227,0.0253,0.0277,0.0304,0.0343,0.0426,,0.3675386859490185,0.4066036524377091,0.6824881158266939,0.04056273911274055,0.12887582613032508,0.055115499454722654,0.07279628234431497,0.10135096688532987,0.12822248205809275,0.8436127497461713,0.8956586549200675,0.9534591882769727,0.05862238342764378,0.05698607237492015,0.09468528152582369
0.164615,0.021367226,8.967852098573161e-05,0.020442218,-0.698319038,0.0083,0.012,0.0162,0.0189,0.0214,0.024,0.0269,0.0302,0.0338,0.0446,,0.3984957284018464,0.44410930983546204,0.7318224942882128,0.04225096768588489,0.1381387517051307,0.06836197660153011,0.10376194301389818,0.11631131034532569,0.133340211745784,0.9829097853736125,0.9602580534730016,0.8826172112067494,0.0728512084122814,0.0640113356586647,0.08714915568713838
0.151582,0.022474785,0.000106852,0.1365134489090337,-0.632460819,0.0089,0.0126,0.016,0.0192,0.0222,0.025,0.0286,0.0319,0.0361,0.0478,,0.39252251187636095,0.44106214488029066,0.6595166294052376,0.04676631181829096,0.12297967854647666,0.07068125632031115,0.08200020895513724,0.08485635795251777,0.12870523792077881,0.8087830531476762,0.888184457271518,0.8765430357024255,0.06829310681551276,0.09265613477251652,0.09636528325354778
0.161701,0.022697982,8.48444835178725e-05,-0.067553755,-0.795906592,0.0097,0.0142,0.0173,0.02,0.023,0.0258,0.0282,0.031,0.0354,0.043,,0.40356833271780623,0.40813180039327773,0.8212530724311775,0.04160234487043617,0.12103833242950592,0.0593751669137256,0.07883012988529618,0.09734626252148332,0.11336223924341955,0.9221710155937797,0.8218682182476973,0.8258280440464716,0.07358469270563496,0.05455285128047017,0.07250931124068113
0.167852,0.022374408,9.248614504142716e-05,0.1986354762838643,-0.643593093,0.0099,0.0132,0.0162,0.0189,0.0218,0.0248,0.0278,0.0314,0.0356,0.0483,,0.38725219918687104,0.4855753865667863,0.8520968001463028,0.044255355894684996,0.13769782236319172,0.06350423112350666,0.07225017054295142,0.09958711514825008,0.13075347286204275,0.9454239169646956,0.9480245660487071,0.8594616080777547,0.05757410005485172,0.09042642812137215,0.06425293548727062
0.176233,0.026633249,8.273343969414402e-05,-0.15099501,-0.541304387,0.014,0.0179,0.0214,0.0244,0.0272,0.03,0.0323,0.0347,0.0383,0.0481,,0.3870527097140237,0.4811515611042505,0.5647153932784666,0.047902088592330375,0.13155642921259694,0.07340104278060657,0.08788843322546402,0.11361395928335075,0.12529912212245503,0.9885895341166784,0.874585569181169,0.9537238704468567,0.07134715773288519,0.08767299512010611,0.06836573087064997
0.175138,0.025851456,8.656175706496947e-05,-0.016117136,-0.525685557,0.0135,0.0175,0.0204,0.0231,0.0258,0.0286,0.0312,0.0341,0.0377,0.0503,,0.3636191035135651,0.42834270984485623,0.5116691423793964,0.03958557836936679,0.11890676569638094,0.07992402137024632,0.08915672985470369,0.0839375549050007,0.1158077889349458,0.8759681489990148,0.8407134734359349,0.8166225168711561,0.08430140174938351,0.08678579165395217,0.08271284454981705
0.171973,0.027930622,0.000113902,0.177078012,-0.442335497,0.0138,0.0181,0.0216,0.0247,0.0278,0.0304,0.0339,0.0372,0.0422,0.0581,,0.3609899800697569,0.4925596977252583,0.6227046318150914,0.04542607844533212,0.130383255766011,0.05229905940409843,0.09367880002178772,0.09132224945953957,0.1275774426125717,0.8458101319606798,0.9965445418688945,0.8955151006369713,0.0867253788500599,0.07407958979524744,0.08349275664046475
0.188524,0.026418341,0.000123695,-0.031311675,-0.739357174,0.0116,0.0165,0.0202,0.0234,0.0265,0.0296,0.0329,0.0367,0.0416,0.0511,,0.40925823833033415,0.4461497073634088,0.5682353757505723,0.042470055333825314,0.1396462711509432,0.06923453510906277,0.08143146268394479,0.09345250517899603,0.12068649883192784,0.9459114192395629,0.9436957571982898,0.8884958868167636,0.08449498059723316,0.05268745862807699,0.05695715438579721
0.181789,0.027209371,8.897393964388399e-05,-0.113377655,-0.518994369,0.0145,0.0185,0.0218,0.0245,0.0273,0.03,0.0326,0.0357,0.0395,0.05,,0.35845830968347286,0.40509074449571736,0.7390888930143938,0.03703033206678459,0.13314557846315853,0.056444349064904364,0.09439137816903213,0.1020060935897272,0.12272719366250957,0.8850124483661188,0.9314809856559484,0.9461118512864475,0.052910493309583015,0.09393144282481779,0.0715750544394838
0.184882,0.027448474,0.00010983,0.2484632943786538,-0.050366532,0.0137,0.0184,0.0215,0.0244,0.0272,0.03,0.0329,0.0365,0.0412,0.0605,,0.40081540403317967,0.4768251177744841,0.906515146572707,0.044043783857434744,0.14237446937228904,0.08274776211837813,0.09808385937529351,0.11573230703501816,0.13106805329406898,0.8850094876734914,0.8928009218345326,0.8474212845315988,0.08997813562654423,0.09080105094866635,0.0774540932438543
0.177761,0.023865957,0.000111461,0.088261919,-0.586890353,0.0102,0.0143,0.018,0.021,0.0239,0.0269,0.0296,0.033,0.0379,0.0511,,0.3567783345434962,0.4358843468739154,0.7177719764008136,0.037254346104156705,0.13578453555104988,0.06579800179814561,0.06667933915516044,0.11655233601208709,0.11093023480080116,0.8968323245846177,0.8377051357571793,0.894141620785419,0.0909770997196701,0.06450976851825366,0.07907317719214858
0.180232,0.027436998,9.242571636643875e-05,0.044053128,-0.335426651,0.0153,0.0193,0.0225,0.025,0.0277,0.0303,0.033,0.0359,0.0398,0.052,,0.39370129512443747,0.475568017078533,0.5396398546238134,0.03831250647007732,0.1280715513535084,0.06948722539431325,0.07747500848264056,0.08763913145435255,0.11477285622563528,0.8604098035110854,0.9665716172782554,0.8599503640746721,0.06761543463707462,0.09532003591212532,0.06483879287976238
0.183501,0.028700278,0.000103212,-0.083057208,-0.565361046,0.0151,0.0191,0.0228,0.0261,0.029,0.0318,0.0347,0.0377,0.0418,0.0536,,0.38173171067991607,0.4422229004294163,0.9300816065936061,0.04821257801644015,0.14451672129753668,0.05155226679492425,0.08280364353324376,0.09820766733515014,0.10338754383744911,0.9818909263956593,0.9168909437995911,0.8413093514586866,0.08226539005970968,0.05704496181297203,0.08099403308221335
0.18898,0.019356931,6.041267488469363e-05,-0.11867919,-0.925929199,0.0086,0.012,0.0151,0.0168,0.0198,0.0219,0.0244,0.0273,0.0297,0.0334,,0.402336470562168,0.4075270468994933,0.8641223108703979,0.04218987266537814,0.125239665528588,0.05439246767382491,0.07007389974489013,0.09508771901885688,0.11008441674551256,0.8909162440180436,0.8235242293888707,0.9702416954368476,0.056034966608681784,0.0573525806875032,0.06420273528323618
0.158504,0.021148108,7.740059479632269e-05,0.1095297881470463,-0.593222641,0.0092,0.0125,0.0162,0.0189,0.0211,0.0234,0.0261,0.029,0.0329,0.0451,,0.3622373187962436,0.4269985608910094,0.6205637266606475,0.048941339345114875,0.14275723452252292,0.05294671770355719,0.08542889476656039,0.11752175281891117,0.09598996897937864,0.9462972880406856,0.9775696947601045,0.8609745584349091,0.05708360156517166,0.06378331062708172,0.0645853663358528
0.159522,0.020513996,8.03827206957795e-05,-0.08056543,-0.842480481,0.0075,0.0119,0.0154,0.0181,0.0207,0.0234,0.0259,0.0292,0.0326,0.039,,0.39871771140324874,0.40883066933963774,0.8977622160266864,0.043267153224436895,0.12560211329691492,0.07776180321649409,0.08964315943317641,0.0920775042654294,0.11511825333537982,0.9608642723162356,0.8621249057038799,0.9842905653638594,0.05370505775173516,0.08031756631009007,0.09873462584333702
0.155777,0.022034919,8.717686098974243e-05,0.1954669320071977,-0.456121145,0.0102,0.0134,0.0165,0.0192,0.0218,0.0244,0.0272,0.0301,0.0343,0.0503,,0.40231279113189755,0.4570264928568668,0.8003105229005545,0.03592670916980832,0.1128776170866673,0.08159412163526031,0.07402909941257803,0.11865814356961148,0.10736486184929661,0.8096382399891594,0.9724610063315154,0.9366137132125036,0.09156664429806878,0.0682056957533282,0.091310504396303
0.153099,0.020568703,7.86354332393389e-05,0.1598535107920619,-0.524109402,0.0089,0.012,0.0151,0.0177,0.0202,0.023,0.0258,0.0287,0.0324,0.0474,,0.40051222309756146,0.42401799256269634,0.7989509455664243,0.03705237526836952,0.1187435544636572,0.0754583260587909,0.0888050923730241,0.08541737806147921,0.12336070928444139,0.818271199131672,0.926422333172377,0.8075064881569299,0.07802196369756165,0.0834604237982231,0.07797438340503567
0.154148,0.018744815,7.041590011723992e-05,0.029526162,-0.768959173,0.0068,0.011,0.0132,0.0167,0.0187,0.0209,0.0238,0.0264,0.0304,0.0391,,0.3530726068041072,0.4815815665251554,0.8670150031677826,0.040811525936713854,0.128781240884687,0.08297918026328197,0.09487753845606724,0.11801556816362509,0.11693277747048146,0.8258875541824031,0.893328827261348,0.9268407225035245,0.05749762435510452,0.0611712604579902,0.06644988122784774
0.154226,0.02282455,0.000111115,0.2855372587301086,-0.304599462,0.0092,0.0131,0.0167,0.02,0.0225,0.0255,0.0286,0.032,0.0368,0.0526,,0.3908550701150496,0.4655836949540526,0.5648929157101585,0.04615859453489219,0.11657536025546518,0.08117364976702039,0.07666592112565233,0.08220809045329373,0.10425401240209103,0.8463466612670363,0.8643175525419464,0.8226176751823178,0.061470787805746996,0.0957730495397064,0.060445280505126854
0.163098,0.019317865,7.300622795550296e-05,-0.01524746,-0.77235435,0.0072,0.0113,0.0142,0.0166,0.02,0.0222,0.0244,0.0271,0.0309,0.0417,,0.3850606721964945,0.41235345417827146,0.7817786818954129,0.04615927507415464,0.1334610041014063,0.07732914463427773,0.0672464195692449,0.10278738178834405,0.1332678120145597,0.8406467134490279,0.9168935844435039,0.9328444326873535,0.09354750026390996,0.07559424547971669,0.06847589754035736
0.157795,0.022324081,0.000104096,0.1529967045885872,-0.562977627,0.0087,0.0124,0.0163,0.0198,0.0227,0.0251,0.0279,0.0308,0.0359,0.0466,,0.40998340513150144,0.4929508171967962,0.7084425030328741,0.04251424182419753,0.12988201072493596,0.08437300183679512,0.08579997203521801,0.08394674131568076,0.10259062432370446,0.8639880993518869,0.9701750137269864,0.9174071628021205,0.091247603291394,0.05516358273697787,0.06834016581654737
0.15414,0.020890651,8.254217314835095e-05,0.046413935,-0.706808684,0.0085,0.0119,0.0157,0.0187,0.021,0.0232,0.0259,0.0293,0.0333,0.0451,,0.3550177171335921,0.42602819485007143,0.7427392041042378,0.046266723054977546,0.14454478219404301,0.05704847247875247,0.09213792277973816,0.10062486783921194,0.10130492671767305,0.960603062350065,0.8876439266051904,0.8966727154572809,0.08937969748616578,0.05659995896834097,0.08613112949131232
0.142524,0.021690389,8.924216107985567e-05,-0.037156197,-0.898802044,0.0086,0.0127,0.0159,0.0191,0.0217,0.0247,0.028,0.0307,0.0344,0.0408,,0.3685171373094298,0.4456621189705993,0.871703161321917,0.03563232863828448,0.13475355611264878,0.07407271786298425,0.09705789083649978,0.10990828288882512,0.10286147211129705,0.8492548265422032,0.8553218267774721,0.8533452660032231,0.08893581253462708,0.08250363352040656,0.09505820045890889
0.156411,0.023968019,0.000114569,0.5060219438337671,0.086579488,0.0102,0.0141,0.0175,0.0205,0.0233,0.0262,0.029,0.0326,0.0386,0.0582,,0.40924420706348663,0.408915740439928,0.7452238559996331,0.04560129692670506,0.13565891692637183,0.08256807892799398,0.08003439853419467,0.09336672704535826,0.1253067737152447,0.926809787260583,0.8110225675068502,0.8379825879526716,0.06755784703985973,0.06497160968834476,0.062024864972533005
0.162316,0.024981167,9.959594285753524e-05,0.059607717,-0.711786278,0.0117,0.0155,0.0187,0.0217,0.0248,0.0278,0.0308,0.0344,0.0385,0.0488,,0.35480216025246186,0.41685766882360725,0.8895042392584287,0.04566546111767491,0.11803473999803833,0.07914588096599705,0.09781957915813635,0.1157460129110799,0.11170167847447394,0.9772619041102449,0.8727438174164248,0.945267638918526,0.07523976499880662,0.08747740571000218,0.09379114448893555
0.15693,0.024561751,9.666144077000836e-05,-0.056536821,-0.872354228,0.0107,0.0154,0.0189,0.0215,0.0244,0.0277,0.0309,0.0338,0.0377,0.0451,,0.40415758925238804,0.4126770575642723,0.791191460013259,0.04933493207510716,0.12676777099750172,0.07756746797970075,0.10114484444798759,0.082586293405458,0.12606243138259537,0.8654176808764614,0.8274298894817129,0.8424566774619466,0.06193083932993808,0.08783477728627129,0.07792720916595719
0.163266,0.022293525,9.380344689351216e-05,-0.019998572,-0.720089021,0.009,0.0128,0.0172,0.0198,0.0223,0.0252,0.0281,0.0314,0.035,0.0451,,0.354166105184449,0.4644161824540737,0.9119495266004936,0.041806207455343344,0.11619055694069373,0.07446173430992684,0.07597906229977341,0.11081481766958208,0.11300482082104762,0.8686126363884454,0.9227800683224114,0.9594028585943907,0.07968310574183914,0.054902921056178146,0.0784812928841255
0.15825,0.02354706,9.090789401346156e-05,0.099763884,-0.734628412,0.0108,0.0143,0.0175,0.0206,0.0236,0.0262,0.029,0.0324,0.0365,0.0468,,0.3743758542295605,0.4879039116699339,0.7239345340345046,0.040018358273597475,0.1357631141918357,0.06626089545478084,0.10102731758331153,0.09211050620930056,0.13100709683352052,0.8940685608901919,0.9840309531375446,0.9505078150463818,0.08508878644315988,0.06603743628252938,0.06260598942498571
0.157888,0.022628866,0.000104137,0.08841767,-0.622851852,0.0096,0.0136,0.0172,0.02,0.0228,0.0256,0.0286,0.0321,0.0366,0.0517,,0.41010760208474956,0.48695037137620684,0.5776079586893949,0.04920748414982243,0.133730914812763,0.0801385633907686,0.09757872877223588,0.09086304961868859,0.1313609477514867,0.8605507830307239,0.9359809196547336,0.851437706433837,0.06627309006303514,0.06589399224040998,0.08328870970735702
0.155844,0.025797652,0.000108525,0.061225974,-0.726708758,0.0122,0.0162,0.0196,0.0226,0.0256,0.0288,0.032,0.0353,0.0398,0.0509,,0.38418536559571564,0.4032724201332047,0.8970381753041938,0.04921301615893303,0.14640045745169392,0.059001045590636916,0.07888625258372038,0.10361943990641677,0.11460563252877388,0.9655185241250812,0.9324974769555993,0.9303642827736263,0.06003098934718786,0.061464721538363354,0.09101969919655459
0.161138,0.024067649,0.00011206,-0.080745713,-0.879676018,0.0093,0.0137,0.0178,0.0212,0.0241,0.0274,0.0309,0.0344,0.0381,0.0454,,0.35676976902540575,0.465737384829955,0.6060497440494637,0.044850434984472026,0.13866381855030738,0.06341038367006377,0.08770774065451849,0.1059363784323724,0.122042690147307,0.8231870362375653,0.9868977429217793,0.8920517255102083,0.07626591036143066,0.09260976085866128,0.06656241213897583
0.155001,0.023307579,0.0001058,0.1346193952752316,-0.632106364,0.0102,0.0139,0.0175,0.0203,0.0232,0.0262,0.0292,0.0326,0.0372,0.0512,,0.3662573725986757,0.4217611555596944,0.8225938445516721,0.03750710547335541,0.12673005601248974,0.05745027597118156,0.07668098773063786,0.089570314708169,0.11434298368636288,0.9416364870346869,0.972529517655579,0.8219377138356622,0.06834252746344896,0.08906854791563798,0.062022966638416735
0.162436,0.024104051,0.000114557,0.056287349,-0.6611597,0.0101,0.0142,0.0178,0.021,0.0239,0.0271,0.0301,0.0337,0.0382,0.0503,,0.41450145708973135,0.45470832284899315,0.6055104644165928,0.036884176867920476,0.12441195938344812,0.08585940979467925,0.06651911939807434,0.08394131324082968,0.13383838937209547,0.8792324299123948,0.9572781722262919,0.9482787542585658,0.05170152056636138,0.06700147059520101,0.05727477669871139
0.106142,0.01604602,4.350684185392e-05,0.009723259,-0.817467191,0.0071,0.0101,0.0119,0.0139,0.0162,0.0178,0.0202,0.0224,0.025,0.0311,,0.37051995840259205,0.49308766981565405,0.7351037701374852,0.03731259642239509,0.11621252238928884,0.0685060136314854,0.08920393417218432,0.08293620896135424,0.1305148535063048,0.8079815152980643,0.8957293371171596,0.8789083585533339,0.07677119574590371,0.06840146126988114,0.09523402503715847
0.120282,0.01695413,6.196513067512561e-05,0.091514317,-0.761078523,0.0058,0.0095,0.012,0.0146,0.017,0.0192,0.0214,0.0243,0.0277,0.0361,,0.41329005185515166,0.45574732256050765,0.6211388496683062,0.04698159687345127,0.11757463154902913,0.07673569183677922,0.0848427442992265,0.10335755978681206,0.1284068650003626,0.8979846903545625,0.8832421673089277,0.9330186877325951,0.06823944071593313,0.07215714808534658,0.07934439689923459
0.134783,0.016004559,5.0279461896232373e-05,-0.014484986,-0.815603935,0.0066,0.01,0.0116,0.0139,0.0162,0.0182,0.0204,0.0225,0.0255,0.0321,,0.3571067278368522,0.4632216478852083,0.5287596084910055,0.04286367088311223,0.1446432871696248,0.08299220673335365,0.08350519505717756,0.09487296831075759,0.1011624711825579,0.9014418711910771,0.9754533165935744,0.8037272125254817,0.07923128937586499,0.09402934911975436,0.06564714132325876
0.116567,0.016614951,5.7138980912764474e-05,0.01851656,-0.858663986,0.0056,0.0092,0.0121,0.0141,0.0167,0.0187,0.0212,0.0239,0.0268,0.034,,0.3702234758332618,0.43744438417709586,0.5099570861713344,0.04706746970345821,0.118183318140821,0.055740656727697485,0.09553381462770785,0.08332798810395045,0.11373332072462776,0.8783203995433625,0.8958239464717134,0.8347522444310532,0.08840839690853779,0.07492654102872126,0.0599611571680905
0.126068,0.017433907,6.284661062071324e-05,0.065061685,-0.786307533,0.0074,0.0098,0.013,0.015,0.0179,0.0196,0.0226,0.0247,0.0285,0.0358,,0.3628913556166075,0.44083848736134396,0.8335981766369441,0.03540577577319908,0.14445003414285354,0.06423782225888296,0.09427578423419303,0.08390309689410383,0.1161207550921633,0.8068062262029025,0.8661703542234293,0.9680300152316722,0.07134996989255403,0.06187082104460788,0.0581976205131753
0.114482,0.017959727,6.606337973596717e-05,0.033033144,-0.760678185,0.0063,0.0105,0.0129,0.0158,0.0181,0.0202,0.0231,0.0253,0.029,0.0388,,0.38183938696863723,0.4033368895480356,0.765067689914277,0.03732657623518768,0.13555334283460485,0.08523505918648407,0.07755866905351347,0.11639951410153784,0.11471178262537604,0.8974738296196285,0.9388012664233466,0.8528763460748853,0.06638734283254363,0.0844480657804998,0.06393192850327559
0.105859,0.015962927,5.087049123154521e-05,-0.012982533,-0.831142938,0.0064,0.0098,0.0115,0.0138,0.0161,0.018,0.0205,0.0227,0.0254,0.0314,,0.4173995921352226,0.4460161009080619,0.741454941837618,0.03699838713659361,0.1329238754653929,0.08484435165738842,0.07898079113886289,0.10539400991972454,0.12843552277486972,0.8313617234929837,0.8627067371885733,0.9471330975599265,0.09023879740114493,0.06113453038420443,0.05923910543692452
0.113741,0.016704768,5.510792488756231e-05,-0.05734227,-0.889394034,0.0057,0.0103,0.0122,0.015,0.0168,0.0191,0.0214,0.0237,0.0268,0.0336,,0.36026226212081514,0.43386400111578777,0.6985270384905368,0.041015659661409236,0.11605746627172282,0.05106934513434819,0.0825328270797222,0.08826913614560522,0.11664765050921522,0.8625328888230367,0.9312295023834624,0.9239921146318406,0.08860785889475914,0.07010306032958075,0.09459735473220321
0.106443,0.015159535,3.774717499918794e-05,0.035739454,-0.767048949,0.0068,0.0096,0.0115,0.0131,0.0154,0.0168,0.0187,0.0207,0.0235,0.0302,,0.3945110846637415,0.40303820119456546,0.8745374701838867,0.04719256308520404,0.12190842550107649,0.06658437572855402,0.0798673550114181,0.10033985075603975,0.12409517456780407,0.9411959082269116,0.916513625834228,0.8432814770761264,0.05484310092559426,0.07236616745556308,0.0772545078794736
0.125015,0.015791292,4.7160101364545415e-05,-0.060212036,-0.863898961,0.0064,0.0096,0.0121,0.0137,0.0162,0.0179,0.0201,0.0225,0.0249,0.0309,,0.36232400559746364,0.47944465944250697,0.7150990902778441,0.04246141317513487,0.11861978423464906,0.05105160252173658,0.1012905243430895,0.08147873596174199,0.10129693295944456,0.9241054782555981,0.8104810984446443,0.8917064640819847,0.08023217028518807,0.07810888170356789,0.09588118963295497
0.112549,0.019379758,7.147987542869291e-05,-0.074787463,-0.822529573,0.0072,0.0112,0.0147,0.0171,0.0201,0.022,0.0245,0.0274,0.0304,0.0377,,0.4096555679082588,0.4547933936662524,0.5699649936237182,0.03950756926370033,0.13517707979599816,0.07925060610926767,0.09685854880789202,0.09398949783683705,0.09632948872917706,0.9095208397072604,0.8954409339543111,0.8258626681397205,0.06546854953658823,0.08861389250320871,0.07257943010547976
0.104846,0.018365073,5.280280610543063e-05,0.064530278,-0.792235222,0.0089,0.012,0.0136,0.0163,0.0181,0.0203,0.0226,0.0255,0.0285,0.0347,,0.3770794365482041,0.43033197189905925,0.5956861453049953,0.03547974001273357,0.13925524950484192,0.05362164558072082,0.08147449182006251,0.11504180179025818,0.10661074975681585,0.8128884230898742,0.8960850272061419,0.9372710979414561,0.09425018203641068,0.07101833161645646,0.07445736176173667
0.118924,0.02025231,5.875387125855467e-05,0.042576601,-0.632788978,0.0103,0.0129,0.0158,0.0179,0.02,0.0225,0.0245,0.0274,0.0305,0.0382,,0.40997550325927684,0.4479165111956767,0.9061494693545119,0.04543266132643721,0.14536637669448993,0.0838277862795621,0.07360379222360114,0.09070235471317102,0.13201629454949868,0.9356939159569955,0.8108667663943708,0.8392179408800098,0.0749640288561182,0.09110074143245055,0.08338241782482539
0.101904,0.020923859,7.301082826324886e-05,0.1294041464720019,-0.68358397,0.0093,0.0132,0.0155,0.0179,0.0209,0.0233,0.0257,0.0287,0.0326,0.0421,,0.37478911429359574,0.4347199885144051,0.6796545741532708,0.0460888943540896,0.14493372696182358,0.057878845987191986,0.09947685875677352,0.1171518148121056,0.12334846035174034,0.8208195694034114,0.9810840071228797,0.8206490568004253,0.09122326782270353,0.055462374591239816,0.09817670991840788
0.125549,0.018490839,7.194711591729549e-05,0.048247768,-0.824975778,0.0065,0.0107,0.0129,0.0162,0.0184,0.0207,0.0236,0.0263,0.0305,0.0391,,0.38150862389725626,0.4587035408868282,0.5437612761626119,0.04719780801559365,0.1263405661172023,0.06936885633840578,0.07767606824771651,0.08831486103504184,0.10069467992038436,0.9032329665363583,0.8461534310537412,0.8047639433797659,0.09205236690434264,0.05513738979511097,0.07894031618964344
0.106212,0.017476643,6.275841639404549e-05,0.008100196,-0.839947706,0.006,0.0099,0.0126,0.0151,0.0175,0.0197,0.0224,0.0249,0.0282,0.0359,,0.3989226074038248,0.4433023483075993,0.9254791494188839,0.04521712927381613,0.1425532921505438,0.06741106050560346,0.08673188190706901,0.10931135205193011,0.12263030970061352,0.9853906103490154,0.8919292679512414,0.9018539177582695,0.05875821994972147,0.07411693882670521,0.08826177279346699
0.129073,0.018026379,4.499656348781658e-05,-0.024050175,-0.682624528,0.0089,0.012,0.0136,0.0162,0.0178,0.0202,0.022,0.0243,0.0271,0.0339,,0.3566717704714686,0.48569401631620035,0.5086965525914192,0.048498714377236816,0.13034654268660556,0.05965110239560969,0.09482776546597513,0.09794167010833553,0.10747869611503069,0.9622355467029933,0.8177510569864285,0.9551914442264205,0.09049353666793532,0.09609100124860395,0.08383246765337311
0.106525,0.019724152,5.552410703161738e-05,-0.017660508,-0.705925647,0.01,0.0124,0.0155,0.0174,0.0196,0.022,0.024,0.0269,0.0295,0.0378,,0.3904520441157551,0.44063200326240654,0.8288424068158405,0.04942334283729965,0.11635835247489654,0.05428153522935398,0.0889129972830554,0.10138392142456619,0.12034546953439626,0.9314438904397306,0.9658244939017948,0.9315150874438688,0.07789151061630373,0.08490675825322072,0.08302538164937455
0.10922,0.016894098,6.040008188694851e-05,0.1076957733568862,-0.633810225,0.0059,0.0101,0.0121,0.0147,0.0172,0.0188,0.0214,0.0238,0.0271,0.0389,,0.417751118218086,0.4185804840178737,0.7388859880471107,0.04641281354679463,0.13876269974309313,0.07983057579748191,0.0996668137556085,0.11776779529884296,0.10866641650870519,0.9876076975902516,0.9329330139692334,0.851952329027249,0.05195919192259176,0.09787753073586021,0.0971772380418577
0.167161,0.024301465,8.54679409930912e-05,-0.007855976,-0.643260033,0.0116,0.0155,0.0186,0.0218,0.0247,0.0273,0.0298,0.0326,0.0363,0.047,,0.3886782343675601,0.46896901874644903,0.8370998701720268,0.04954717374779321,0.13037000367017063,0.06903280350997955,0.07601010628014748,0.08278681788988779,0.10189557420009922,0.8863446419013632,0.9633159915429093,0.8122605189674499,0.07975535605428594,0.05542950483766338,0.08124302636760955
0.170095,0.022099337,6.943486783589345e-05,-0.048647152,-0.765506041,0.0112,0.014,0.0169,0.02,0.0221,0.0247,0.0274,0.0299,0.0329,0.0406,,0.39467872025391976,0.4692732136473193,0.8275640592780544,0.04517805718576186,0.11746096265398298,0.08116117311086667,0.0802106240550864,0.10535958725273667,0.09970116634377567,0.8613566059687122,0.8121390268543487,0.8769461477301438,0.05255275900915274,0.06124468843429278,0.09917041984011765
0.174704,0.024888836,0.000102079,0.2054301907732615,-0.540638512,0.012,0.0157,0.0189,0.0216,0.0242,0.027,0.03,0.0338,0.0382,0.0501,,0.39183365372208667,0.42306039698601083,0.87907550867214,0.0477426272689615,0.1450005237682143,0.06383216368720342,0.07472527562842037,0.08832282484326867,0.1002268499584571,0.9713461046063072,0.9847207679091916,0.9723036647754908,0.0923790584880006,0.08625132287809589,0.06909167696951049
0.179,0.022746047,9.83919010181425e-05,0.027429845,-0.607777214,0.0095,0.0134,0.0168,0.0197,0.0226,0.0257,0.0288,0.0321,0.0358,0.0485,,0.406672977374233,0.4623724006639511,0.8069953051293691,0.040308562019410084,0.14239201278270058,0.08470585083915241,0.07045046979764263,0.09293259947143603,0.1056717694483847,0.9291982706761936,0.936362680943367,0.8178303575233291,0.06024209150806069,0.07176392969358716,0.06940233444022471
0.175716,0.023224473,6.60490997381372e-05,-0.168873625,-0.689290149,0.0124,0.0157,0.0186,0.0212,0.0232,0.026,0.0284,0.0309,0.0339,0.041,,0.382118523619953,0.4893540308724855,0.8648687246054763,0.04191537575624629,0.14583973541407264,0.05085455952961074,0.0915152336022232,0.08054336863225171,0.10914631078348756,0.8771509109778105,0.8668617267700848,0.86984797402139,0.06955269832643307,0.05613952721844493,0.07755236266285764
0.168942,0.023331328,7.546530436342579e-05,-0.037308592,-0.678964834,0.0111,0.0157,0.0186,0.0208,0.023,0.0258,0.029,0.0316,0.0344,0.0448,,0.37201294847221017,0.4143066418720012,0.8596192509800834,0.043069239890217714,0.12801556248422805,0.0504712986032134,0.0733272193348928,0.09422803015776246,0.10259612523789155,0.9674346872000713,0.9528436614651196,0.9105531989707284,0.06520910486466006,0.09853780535886045,0.09392432061224654
0.177124,0.021778025,6.465563152374268e-05,-0.034565031,-0.682623808,0.0113,0.0142,0.017,0.0199,0.0217,0.0237,0.0269,0.0293,0.0324,0.0409,,0.4180047901127104,0.4519378898920598,0.9184415646662971,0.035951104319508306,0.14172044097149541,0.08641595729934083,0.09950297397738687,0.11687354255987317,0.10168936708467254,0.8534905867182782,0.8868855238374466,0.8055012936821827,0.05116481301166369,0.06264267363587789,0.0814871275930245
0.165364,0.022244853,7.737860743763406e-05,-0.040144597,-0.79864597,0.0099,0.0139,0.0169,0.0195,0.0224,0.0251,0.0277,0.0304,0.034,0.0426,,0.40367409484910105,0.4872764320389752,0.8101577876769946,0.035621853477444725,0.1396287362776952,0.0528390748860441,0.09503732915803399,0.10525373362173372,0.11784541331901598,0.8591653412746076,0.9506839908804465,0.8997473292853845,0.057703731335667016,0.07479455772594702,0.07907114485231188
0.16675,0.021765629,9.042426436277412e-05,-0.002646644,-0.750198564,0.0085,0.0128,0.0162,0.0189,0.0218,0.0248,0.0273,0.0306,0.0347,0.0429,,0.3666078029506038,0.48704960144019804,0.9020005080883631,0.049513804694440035,0.12466202009952976,0.0646245456298026,0.1037429658584039,0.11534783405582238,0.09735719109461378,0.9458785817704018,0.9623175038126095,0.9121821085344425,0.08384303182655072,0.068139873487132,0.085871574307228
0.176602,0.022381247,9.701257394706523e-05,0.048290646,-0.665245808,0.009,0.0131,0.0165,0.0201,0.0226,0.0252,0.0279,0.0312,0.0356,0.0462,,0.4183688049085332,0.4091127700164318,0.8366329834585708,0.04303311559788471,0.1347387679955837,0.06553155010881577,0.07895579437448269,0.08596131686800423,0.10019579774816047,0.9206312354973714,0.9211726915478848,0.8287048938982959,0.08532527663373615,0.07262962153488416,0.05783940656807084
0.154596,0.024904709,0.000110186,-0.104425981,-0.754189564,0.0109,0.0154,0.0191,0.0223,0.0254,0.0284,0.0314,0.0347,0.0387,0.0512,,0.39631691936197827,0.46527833449453393,0.7408956615224898,0.03742611325595556,0.1459703088269421,0.055015061069409045,0.08754297010519123,0.10697290969601081,0.13018866057845746,0.9887958014228757,0.9165259659375703,0.8565998193312883,0.06848440419640761,0.09424027154941961,0.08111597633755137
0.169611,0.021161541,8.186584284674275e-05,0.1374517289237782,-0.612399264,0.009,0.0122,0.016,0.0188,0.021,0.0233,0.0262,0.0296,0.0333,0.0449,,0.38527454451164916,0.4258832420400759,0.6136072774086658,0.037982580684082556,0.1274351210566837,0.07705116017711101,0.06661738466590686,0.0961171741699072,0.13087183183863635,0.970727733883981,0.8261955566508141,0.861503895265502,0.052081883803984264,0.06745296490841096,0.09106316387476221
0.176748,0.022426213,0.000102998,0.1830845759541616,-0.38797492,0.009,0.0131,0.0167,0.0195,0.0223,0.0251,0.0281,0.0314,0.0358,0.0531,,0.36107075155420376,0.4402482075554656,0.5655592144689858,0.035820253888238264,0.13873299026828367,0.06108148517416966,0.09660772996478009,0.10074670939009825,0.11732275033665972,0.8862256247399519,0.9155145093320409,0.9341956583671588,0.08767824360602389,0.062653723630533,0.07761932580054562
0.17017,0.022606251,8.890426813958608e-05,0.1648800389977464,-0.475383388,0.0105,0.0139,0.0171,0.0197,0.0224,0.025,0.0278,0.0307,0.0349,0.0502,,0.403083455744585,0.4693356251341983,0.5546743518447229,0.04774798063340576,0.13852276604697286,0.0628031824835142,0.06681153667530337,0.09845336060361043,0.12909625486187062,0.8986161469220152,0.9100799442062182,0.9490800073097798,0.05952406570954778,0.07008369185438895,0.06080345565690025
0.169499,0.023682942,9.756150836470374e-05,0.1750066802047347,-0.497031651,0.011,0.0146,0.0181,0.0209,0.0234,0.0262,0.0291,0.0323,0.0367,0.0509,,0.3877549713287901,0.4554764785528328,0.7299444783738205,0.046957427373190114,0.12358217313603774,0.0743418097410155,0.08065843111523636,0.11747311062338164,0.11122981509977713,0.8912801900431907,0.8926774913618942,0.9583549523885695,0.06774148105600757,0.08905367931421244,0.08887672096927922
0.165223,0.021654631,7.348941238467492e-05,0.096592659,-0.573136047,0.0099,0.0133,0.0171,0.0194,0.0215,0.0237,0.0265,0.0296,0.0333,0.0449,,0.41485308645381425,0.4110998037583104,0.685366990353696,0.03781848083793158,0.1388149073621032,0.07868212955288323,0.06809507440116286,0.08287083278511573,0.1155805448965536,0.9216910103040166,0.918905517729601,0.9721161038830242,0.09135445644022588,0.060488205067258285,0.08282767689278835
0.165026,0.022858186,9.629135253504292e-05,0.035747936,-0.736073891,0.0097,0.0133,0.0166,0.0197,0.0229,0.0259,0.029,0.0322,0.0359,0.048,,0.4095228066549812,0.4145448661602064,0.7546260634471456,0.04561576733639003,0.11293099073587672,0.0798762493398695,0.07598694384388303,0.09463151752373439,0.10073685912911017,0.844485512441843,0.9168138046810071,0.9635308181461394,0.05143418421279446,0.0655794171271669,0.06528307175787916
0.172583,0.02219335,9.260381812627772e-05,-0.036652503,-0.71127003,0.0089,0.013,0.0165,0.0202,0.0226,0.0252,0.0279,0.0308,0.0348,0.0462,,0.39044533957055627,0.46426847340414473,0.7190043120065582,0.0493014601967361,0.12089426660639939,0.07174017244451533,0.08274024771954475,0.09338393134080095,0.11002364731720754,0.9378227306920851,0.8483620864019915,0.8813271675589914,0.08446576782854937,0.06675913994778364,0.08906045251514316
0.162984,0.02046432,7.748390733066658e-05,-0.110454279,-0.79855087,0.0078,0.0123,0.0153,0.0181,0.0209,0.0234,0.0264,0.0287,0.0318,0.0408,,0.3789377376913382,0.4957364397970822,0.5240262640582348,0.044496273129774916,0.12354779699204407,0.07928283477503753,0.08881365494389792,0.08786753998146543,0.12336179298004608,0.8373687311560903,0.9929652473092214,0.8167378814827184,0.06935754070391861,0.07385642359008804,0.06858689073290944
0.17628,0.019161451,6.128505330007813e-05,0.2333086641598224,-0.103123066,0.0083,0.0125,0.0146,0.0167,0.0194,0.0215,0.0233,0.0255,0.0288,0.0415,,0.35615176118615616,0.47664300348928756,0.7795280294242705,0.04719862314994314,0.11651995920136597,0.07265075047467577,0.10410839147289117,0.10273374576383495,0.1141228096330954,0.8966019296392861,0.9467232468500519,0.8542684321827063,0.059395979532941144,0.08599893668063015,0.07160114233750897
0.167187,0.024690124,9.617752769179774e-05,-0.135708872,-0.804503575,0.0106,0.0152,0.0194,0.0225,0.0253,0.0279,0.0307,0.034,0.0376,0.0462,,0.35471752550920566,0.4676421905962962,0.9105063096137601,0.04288112378086353,0.13445894369745673,0.05742412678804822,0.0795989356974107,0.1079903178186647,0.11962715808072105,0.8188763648547802,0.9315000044008025,0.9176371628521552,0.09298164784253166,0.06286609069913304,0.08434353361899696
0.171768,0.024079947,9.63213972278092e-05,0.052475397,-0.789919166,0.011,0.0147,0.0178,0.0209,0.0236,0.0268,0.03,0.0338,0.0377,0.0485,,0.3980508305542832,0.4084482504965075,0.7811870604746056,0.042282743390433156,0.12254002122360799,0.08619163536502582,0.07758429033303836,0.0999362725143379,0.12067503604908172,0.8885554386644879,0.9624890953882939,0.9623428896019319,0.07827838275973299,0.07380562749987493,0.07339282319651935
0.170805,0.022097422,7.647657535242264e-05,0.1184555313490419,-0.587598492,0.0103,0.0137,0.0169,0.0198,0.022,0.0243,0.0269,0.03,0.0339,0.0457,,0.3579763469875531,0.4092714890493828,0.8748649681800027,0.04769562541125923,0.1301704738352928,0.08515767494567213,0.09706234433751246,0.08068063238491398,0.12556398636207886,0.94881295456298,0.8877281538662217,0.9028415968840964,0.08771783526921768,0.06532555993251694,0.07108301212977475
0.161751,0.020616853,7.299350223996886e-05,0.019795289,-0.677844399,0.009,0.0123,0.0153,0.018,0.021,0.0233,0.0257,0.0284,0.0318,0.0459,,0.41268267981474155,0.4094169779785708,0.5384063524107229,0.044732332452067355,0.11938885658493,0.07626385445978723,0.07774061384349307,0.08775253488881135,0.10525844404405926,0.8290737482493787,0.8576102021302527,0.9129641698296348,0.09056874644521688,0.08755077395117013,0.06286152923303924
0.178264,0.0228895,9.685830374229012e-05,0.058031174,-0.666267413,0.0099,0.0136,0.017,0.0199,0.0229,0.0255,0.0286,0.0318,0.0362,0.0493,,0.37055569570394925,0.4602046013704904,0.7508591444896984,0.03730131689192738,0.1318507296640497,0.05125050957668737,0.06948565769776613,0.10977721834936517,0.11108595593457894,0.988963421679012,0.9509113732446609,0.8712569223451854,0.07595814037929688,0.09728930121755908,0.09104741556954402
0.17356,0.022106255,7.596517697979301e-05,-0.042027274,-0.859597584,0.0107,0.0136,0.0166,0.0198,0.0222,0.0249,0.0278,0.0304,0.0337,0.0407,,0.3817206644926957,0.40969754794627355,0.8590565027501244,0.04753418041649081,0.12927983521966088,0.0823129195143681,0.09238540166064296,0.1002182651562135,0.12899912274133452,0.8166643495642503,0.9711824271307794,0.9395519134481165,0.0814792651017767,0.09327727101775055,0.057175467678941154
0.165757,0.022864122,8.046529650325463e-05,-0.039052077,-0.740380457,0.0102,0.0144,0.018,0.0204,0.0229,0.0255,0.0285,0.0314,0.0346,0.0446,,0.4125866747535163,0.452346495171857,0.8689568684784281,0.038379687573215034,0.11892714418452925,0.05242370908778667,0.08010785358569474,0.0852926989599529,0.11615889180066287,0.9128886211370693,0.9958563924684555,0.8211251536537499,0.07351519199966153,0.08450052359143537,0.08216516118527176
0.1768,0.021945935,9.56463693301708e-05,0.034937087,-0.754868891,0.0087,0.0126,0.0161,0.0195,0.0221,0.0246,0.0276,0.031,0.0354,0.0462,,0.385509554305328,0.44360185181539874,0.5548122334080241,0.04400098948882457,0.11632087855739714,0.056866232585944074,0.10219292523422556,0.08591697804765074,0.12583711760151375,0.8089113370745588,0.9092412073925733,0.9024146348731663,0.06317164735464731,0.08193277733970908,0.07806546148121571
0.178331,0.021969657,9.65492973013661e-05,0.075498725,-0.661476934,0.0087,0.0124,0.0162,0.019,0.0225,0.0248,0.0276,0.0308,0.0349,0.0467,,0.3834741257874212,0.4701356020162374,0.5877260276274181,0.04954414778002236,0.13268387010653207,0.06728402847938834,0.09220103983837265,0.09179241207546306,0.12896597196247953,0.8992409875823383,0.8280235560725461,0.9910405026466075,0.08339699773389789,0.06576647645917227,0.08245571045615492
0.177467,0.023770849,8.02653748882587e-05,-0.094240744,-0.802750918,0.011,0.0156,0.0184,0.021,0.0238,0.027,0.0295,0.0322,0.0358,0.0437,,0.40764897665548083,0.4656480167990104,0.5363694839894941,0.03649137278637244,0.13730674199218737,0.05959879533525047,0.09696782876829824,0.09843783130191439,0.10115487401172575,0.8086551163689254,0.906057017940574,0.8101799226109351,0.06590785498149045,0.078302093489877,0.057724827749818394
0.143977,0.025254015,8.981650313107049e-05,-0.01337161,-0.756150669,0.0124,0.0163,0.0201,0.0227,0.0253,0.0279,0.0305,0.0342,0.0386,0.0462,,0.4129936354384253,0.4459197763866813,0.6284839084982602,0.03843864946518337,0.13440383731168398,0.07313899215545502,0.1005296857152689,0.09978733981618212,0.10864249756824856,0.8570215179762319,0.8659619154055228,0.9568135814422833,0.08984015265761136,0.07737805424101249,0.09128341704003066
0.145445,0.023556519,7.749949088639032e-05,-0.090763513,-0.753260997,0.0119,0.0152,0.0181,0.0214,0.0238,0.0261,0.029,0.0319,0.0352,0.0421,,0.4057424582348447,0.48090703298550797,0.5467325914667522,0.03658139259098817,0.12242627540604316,0.07961511866782055,0.08514793842744643,0.08954383395665229,0.11606881829565716,0.9837214154622165,0.8459857254318317,0.9922430358146616,0.08004997767546301,0.07338312919374426,0.091294604055477
0.150402,0.023767252,7.160659326318331e-05,-0.049239981,-0.447198058,0.012,0.0165,0.0192,0.0215,0.0237,0.0263,0.029,0.0314,0.0343,0.0449,,0.38914732606543956,0.46193987863643615,0.7809675470837295,0.04235672740844971,0.12456978568467211,0.052281634320635,0.09048579723465083,0.10083978084255404,0.12897178978669047,0.9565711240424597,0.9211345615341979,0.907141063947651,0.08090523056119653,0.06193071130093811,0.09736283569440872
0.161591,0.023887244,8.015066991949519e-05,0.077312501,-0.521740478,0.0119,0.0153,0.0183,0.0211,0.0237,0.0266,0.0294,0.0321,0.0355,0.0478,,0.381877335956567,0.49764763227700365,0.7352555902130162,0.041168815552818164,0.1439639149896016,0.08040277819200142,0.10068688492700138,0.11344599373395228,0.12210977729021434,0.8813748544768474,0.8932197026891817,0.9945241471314501,0.07596653031858124,0.0825805348216675,0.0802414739984633
0.158794,0.025412139,8.433065836913383e-05,0.055192456,-0.458258363,0.0132,0.0168,0.0198,0.0225,0.0254,0.0281,0.0309,0.0338,0.0376,0.0486,,0.38732994641671536,0.4439210105958824,0.6877607034659634,0.03654368686820226,0.13483672269728963,0.0540254115056001,0.07620925198416953,0.09937696909997276,0.10258036895362521,0.8855455287417389,0.9703585947842317,0.8986546781107558,0.06820557346442553,0.07184238646307424,0.08925609736237942
0.165882,0.025512209,7.591339076861292e-05,-0.10498488,-0.526380528,0.0137,0.0175,0.021,0.0233,0.0257,0.028,0.0304,0.0334,0.0372,0.0462,,0.38531806778581323,0.4242044393760687,0.8610736191359653,0.041486363096116884,0.1282243348182234,0.07515160764625699,0.1028248626038298,0.10995761099091417,0.12057969785069665,0.9218945131437845,0.9508615813717746,0.9738092913235165,0.06547146557589556,0.053243441514427996,0.09368746214800344
0.155104,0.026378941,0.000148802,0.165099428,-0.616340748,0.0099,0.0149,0.0188,0.0223,0.0259,0.0293,0.0331,0.0371,0.0429,0.0554,,0.41719569644821775,0.4148653318827868,0.5211105062974651,0.0467158265526652,0.13375738666343306,0.0769927377067408,0.07923611404643457,0.08458981623631658,0.10038966441097465,0.838359936841431,0.8199046980771943,0.8661232817966897,0.08999384420669035,0.07515978928842548,0.06626409141985991
0.157128,0.025434744,9.969427746985169e-05,0.2531456085733979,-0.293533248,0.0124,0.0162,0.0192,0.022,0.0248,0.0276,0.0304,0.0341,0.0389,0.0544,,0.376031841829707,0.4152847402381667,0.7984186694404725,0.04083569219709539,0.11415192174135726,0.054353339795489966,0.0893011941118493,0.09040974417290569,0.09770961593024625,0.958524269252609,0.823023243068625,0.8781495271566565,0.0839076168125154,0.06837776071945338,0.0950939439108269
0.146656,0.024650739,7.418429001882048e-05,-0.159305939,-0.71759813,0.0133,0.0166,0.0193,0.0226,0.0247,0.0273,0.03,0.0332,0.0362,0.0423,,0.3758328336663933,0.40258773516992163,0.8778667943510177,0.04848840644617521,0.12377961213816643,0.05633228169789211,0.09889554561597813,0.10593102067031629,0.11443393621155404,0.8778485335816987,0.9100160933201347,0.9948394224926335,0.07947141552650742,0.08445132243323307,0.0653064129186218
0.15355,0.025367228,8.6014774772253e-05,0.003972637,-0.645770009,0.0129,0.0167,0.0204,0.0228,0.0252,0.028,0.0307,0.0337,0.0382,0.0462,,0.40219483785598503,0.45296468980766263,0.5197657950126958,0.04826148520373236,0.14143032548278692,0.06401571103640412,0.0683612583958417,0.10057155518513876,0.13404590591838694,0.8520458057508854,0.9027252600731648,0.9148909161333418,0.0532718616651986,0.05852628925098595,0.0723941842023063
0.16237,0.025366274,7.732774656344212e-05,-0.17374763,-0.636533485,0.0127,0.0178,0.0204,0.0229,0.0254,0.0286,0.0312,0.0335,0.0366,0.0448,,0.36793078757055786,0.42517497317560266,0.7987611883443445,0.044265037866143005,0.12391950712393954,0.06229855589399969,0.08979239491574104,0.1080516559180479,0.11808848019812214,0.9575847057469462,0.9017470789857192,0.9434016084554272,0.08134343043616653,0.07464327492630332,0.07079934453099905
0.166787,0.023766752,7.146285637230278e-05,-0.049787179,-0.505150156,0.0121,0.0163,0.0193,0.0215,0.0237,0.0262,0.0286,0.0314,0.035,0.0454,,0.38332807869131136,0.4787168764356181,0.6437780005084055,0.04378628578506603,0.1254837318327314,0.07083879947731976,0.10145925728162174,0.09506718087212006,0.09811207512089108,0.8702526042258261,0.9959905085224854,0.8794808836138076,0.05791668810319853,0.060432202653583345,0.08603560575823636
0.167127,0.024844927,8.357726582002996e-05,-0.120093047,-0.78152484,0.0118,0.0167,0.0196,0.0222,0.0249,0.0278,0.031,0.0335,0.0367,0.0449,,0.38737396447829203,0.4578167835425646,0.5433048806068473,0.036390766281200346,0.12611538150698348,0.0841773887411487,0.08463408591033807,0.08415428624360259,0.10278875501801515,0.8166419425296908,0.8737236062995299,0.9743268194644626,0.056495403184746544,0.08627378627353424,0.05952886407853128
0.168024,0.025502372,9.576996760742823e-05,0.006502356,-0.697994903,0.0127,0.0167,0.0199,0.0228,0.0255,0.0284,0.0315,0.0346,0.0385,0.0512,,0.40994139997632467,0.46136660473614644,0.5639793726477563,0.038873421731398544,0.12262988089810004,0.08126609626156522,0.06847513184787252,0.10033677976457796,0.1120862839677038,0.9548413005670856,0.9202870203251498,0.8886692786209607,0.07211666769537455,0.09529722785575148,0.08663123525929747
0.151347,0.025584165,9.242615447645856e-05,0.042510592,-0.631451727,0.0126,0.0165,0.0196,0.0227,0.0255,0.0286,0.0312,0.0343,0.0384,0.0478,,0.35710233733177493,0.42075383333243144,0.9220724143433173,0.04770423524755548,0.13057013121046357,0.06272694196956875,0.08001940607433553,0.10404411844452023,0.09609195583525651,0.9936758612214905,0.9416772804959112,0.8850035777202826,0.07228012880269327,0.08174736874193772,0.06669025243669763
0.130867,0.022820483,0.000102901,-0.010092851,-0.797102172,0.0091,0.0129,0.0166,0.0196,0.0229,0.0262,0.029,0.0323,0.036,0.047,,0.3981708586638006,0.4115176001638179,0.8515555112612481,0.04704967586845718,0.12776852551794987,0.08649197045197761,0.10097914788051988,0.1097517191224079,0.13206624834062866,0.8410221157812113,0.8686767730412055,0.8769296184650505,0.05085093592717175,0.06730108853342398,0.08333661071864039
0.147001,0.025351011,0.000105871,0.2737234179544288,-0.208145573,0.0117,0.0158,0.0191,0.0223,0.0253,0.0279,0.0309,0.0341,0.0392,0.0584,,0.3660994667643526,0.48545676273218413,0.7124468325574029,0.0377000025813819,0.1127234923774386,0.054037085095986856,0.08306772133634505,0.11197934812956221,0.10673663481468186,0.836631375262429,0.862634468283815,0.9737431805086991,0.07826885502346924,0.08878474227687203,0.09519726865582548
0.14606,0.023694476,0.000111983,0.027341726,-0.595854331,0.0099,0.0141,0.0179,0.0211,0.0241,0.0272,0.0302,0.0333,0.0371,0.0515,,0.39356211577193384,0.4966655186787364,0.8060223298409537,0.03580512672128005,0.12711297938380256,0.06353447536227955,0.07420152560452928,0.08911120097167402,0.13128705728968237,0.9800371704002877,0.8159400490937788,0.9636505833297543,0.061896547041947324,0.07378629106634632,0.0801066259125631
0.148757,0.025704363,9.971785711419382e-05,0.1839687556471923,-0.474851011,0.013,0.0169,0.0199,0.0227,0.0253,0.0281,0.0309,0.0343,0.0389,0.0508,,0.4134191135007199,0.49758905927097097,0.608296648210302,0.041779207492624475,0.12591079776772618,0.06617181760934078,0.07581688038574519,0.09641637602644376,0.10129161314085502,0.8177740484042508,0.9383552242630161,0.9968379251496392,0.08680337747565225,0.0835438267139018,0.09123555267185783
0.15929,0.023039177,6.432082594864271e-05,-0.167522532,-0.704379912,0.0125,0.0157,0.0182,0.0211,0.023,0.0256,0.0283,0.0306,0.0335,0.0411,,0.3670975005026768,0.4416642461306646,0.6195680165512828,0.036883606688015796,0.11288275402297353,0.06390772431101564,0.07103529483093392,0.11007916639789408,0.11617996644399296,0.8079884225160734,0.89424035325636,0.821265441297808,0.0877775209377744,0.07704451040929076,0.08893573786958707
0.162048,0.019979251,7.894101579844642e-05,0.025568656,-0.7272884,0.0075,0.012,0.0146,0.0174,0.0202,0.0225,0.0252,0.0282,0.032,0.0408,,0.3904732920689239,0.49238546445217063,0.8476793460021156,0.048170410869213906,0.12720698273645595,0.07065434335773144,0.0704298111159554,0.1076449808054446,0.132604819017058,0.8172250222476521,0.8977075693064638,0.992079568083716,0.05122909440265562,0.05653593841074313,0.08485663627498022
0.162303,0.022985206,0.000104294,0.1000238691169087,-0.507866672,0.0097,0.0136,0.0171,0.02,0.0228,0.0258,0.0287,0.0317,0.0363,0.0501,,0.3619858961308124,0.46885113712380777,0.5537788501035804,0.04087436669990466,0.11507003465368872,0.0625945911128885,0.07800082440188463,0.11546934660430827,0.12831031111811805,0.8708210349024991,0.8045416407619949,0.8347643593068891,0.08985593190424707,0.08957504022606948,0.0705642525927495
0.158725,0.020798615,8.225348295086126e-05,-0.049123233,-0.840147411,0.008,0.0125,0.0154,0.0182,0.021,0.0232,0.0266,0.0294,0.0331,0.0409,,0.4080470868995745,0.478846776107008,0.7555476831145489,0.04916045807393947,0.12179798137136622,0.08489852712650035,0.0668261838342117,0.10026909014116589,0.11523478169365585,0.98879816760523,0.9673630791985379,0.8432837108462565,0.05691389628223533,0.08228648878873843,0.05850869947081478
0.164337,0.024329231,7.387231305428416e-05,-0.021279159,-0.349896306,0.0127,0.0166,0.0193,0.0221,0.0248,0.027,0.0292,0.0318,0.0353,0.0475,,0.41400668685832104,0.4787367685990092,0.8000811032433212,0.038102039287381276,0.13852015140327578,0.058977969853250545,0.09663045493578457,0.08656768697415902,0.10530235593147039,0.9322716767198023,0.816529904835768,0.8197792424334632,0.06041449171948048,0.06085739591841882,0.05908050642017308
0.162461,0.022572322,9.556304583444322e-05,-0.103642716,-0.790534313,0.0088,0.0127,0.0174,0.0201,0.023,0.0259,0.0289,0.0315,0.0352,0.0445,,0.4013999318567098,0.48189308714893125,0.7957416211986287,0.03959878570905495,0.14898134907539234,0.07753616935265333,0.07573136892842595,0.10668914966315679,0.11988775940713188,0.9404286832396824,0.8880532261422316,0.8397017795760195,0.0792569405746493,0.07598797131876474,0.08862748879596091
0.15635,0.025510094,9.488365916287296e-05,0.017562536,-0.712468717,0.0124,0.0162,0.0193,0.0223,0.0257,0.0286,0.0317,0.0345,0.0389,0.0485,,0.39394765457797776,0.43817049300664246,0.599059972762493,0.04579322000116212,0.13228730454469204,0.08387893014497937,0.07402382480867739,0.11696366414986603,0.10642971019192415,0.8521377559935578,0.8552582492091487,0.9242533596815631,0.08532806670539571,0.09099018863504348,0.06443235856910945
0.163614,0.027170351,9.59959870334346e-05,0.032971073,-0.513563362,0.0145,0.0184,0.0213,0.024,0.0267,0.0295,0.0324,0.0358,0.0406,0.0501,,0.36393773675740965,0.48185813086725204,0.9266733772427675,0.046294368802827356,0.1233934260915571,0.07875054089763463,0.10087379441486445,0.11141580473077574,0.134117004072783,0.9899277491048639,0.9559047632629636,0.9153032537036205,0.05189321455498207,0.08020883500718902,0.0968583251846365
0.167773,0.02385755,7.661379174223405e-05,0.021698731,-0.577887462,0.0119,0.0161,0.0188,0.0213,0.0238,0.0266,0.0291,0.0316,0.0353,0.0443,,0.35183522766101816,0.4085286503567483,0.8428606995969392,0.04431003341812955,0.1243966871274709,0.0727035311566163,0.07592986276568156,0.1056235861467155,0.12221155203872648,0.979476180841216,0.9077672128055021,0.8355763887194921,0.06076022542963838,0.06323838101800937,0.08723583606399271
0.159133,0.02391242,7.931586241800812e-05,0.068023682,-0.545137793,0.0119,0.0159,0.0188,0.0218,0.024,0.0262,0.0286,0.0318,0.0359,0.0466,,0.36307408750448394,0.49395513312032896,0.6812154050087623,0.04476871987610631,0.1273864979178934,0.05111771361222322,0.0744728466978852,0.09993362760939246,0.1151015354311596,0.9728055677159763,0.8683894619040021,0.9447406365763692,0.0589364343623612,0.0795991136992235,0.07883760739706619
0.16461,0.021025374,7.735391011151163e-05,-0.129188363,-0.829705366,0.0085,0.0127,0.0159,0.0188,0.0213,0.024,0.0268,0.0293,0.0326,0.0407,,0.4080933989624547,0.43016310852049816,0.8536492958991465,0.035729371751865066,0.11930058229990537,0.07588407030296208,0.07394756136454508,0.08754715307153872,0.10023677223932934,0.8428994017153559,0.9651701439426423,0.9841508698927193,0.07658217762109583,0.09334282826827438,0.060885269040151645
0.160638,0.020708192,7.18025439836461e-05,-0.063171226,-0.809049858,0.0095,0.0124,0.0161,0.0185,0.0207,0.0235,0.026,0.0287,0.0318,0.0394,,0.4104143188922143,0.49709594645974153,0.7753193067482042,0.04732140499475809,0.14392353163380453,0.057075858846696415,0.07449863551399306,0.10224710353292575,0.1176853569452852,0.9097316514716169,0.9107080174631161,0.9357219282626267,0.09381575773246366,0.09737770050761177,0.07209589181714134
0.167178,0.022876577,8.80924468062901e-05,0.034117234,-0.687501128,0.0102,0.0136,0.0169,0.0201,0.023,0.0258,0.0287,0.0314,0.0354,0.0478,,0.3681992826521355,0.45346814023427207,0.9352305209828469,0.03919910409897518,0.1156766406124969,0.07309319475809692,0.07452781784897386,0.11812622665021562,0.1314037478869794,0.8703185355058329,0.9357430164774589,0.877407270284719,0.06440245517833626,0.06642800205982022,0.07330487934533267
0.169214,0.022288087,8.872959460653096e-05,0.1000734009867442,-0.625247426,0.0098,0.0131,0.0163,0.0193,0.0222,0.025,0.0282,0.0309,0.0346,0.0478,,0.3806050404492516,0.4630413483183321,0.5490868632373445,0.04484485253147577,0.1201151430807009,0.060879420690708584,0.07758526122633247,0.08077643749808677,0.09850441758128027,0.920646063196006,0.9441505275159984,0.9026801860710233,0.06886827589297959,0.08213097827156277,0.06293652058680418
0.167885,0.022352269,7.739286467297755e-05,0.2131000656107699,-0.392297541,0.0111,0.0142,0.017,0.0195,0.022,0.0244,0.0268,0.0297,0.0345,0.0491,,0.3589051063376407,0.43184648743121784,0.7475360773776103,0.041279826569447516,0.13384485994232218,0.075161469358355,0.07619764130680302,0.09157901299578512,0.12417487728958711,0.834095350471186,0.9019224948882347,0.9087101563371216,0.0829439914581061,0.09771697057965278,0.09908365840695334
0.161753,0.020709472,7.983736848580857e-05,-0.071913106,-0.810602311,0.008,0.0124,0.0155,0.0185,0.0208,0.0233,0.0264,0.0292,0.0325,0.0404,,0.40457704357414087,0.4196642022693277,0.5334085993765384,0.04709614166714491,0.12305398178795851,0.06685671655132651,0.08439672375093515,0.09694158629960345,0.12413732506687673,0.894864335480977,0.984021242965537,0.8965660790495031,0.07283688050826975,0.05491931620686105,0.08514670757942955
0.158693,0.020987362,8.5268443966353e-05,-0.013962636,-0.750180064,0.0082,0.012,0.0158,0.0186,0.0211,0.0237,0.0265,0.0297,0.0333,0.0444,,0.3934047210876099,0.4541305897045924,0.5985440466431214,0.04822045175319789,0.13400779930905232,0.08551928067296251,0.10071442539755097,0.10303802535609631,0.11829157465977427,0.8426661830063064,0.8963560571718369,0.8163495915640033,0.055066876626504745,0.08764461618939093,0.05961187078762682
0.167456,0.020989427,6.763673698940787e-05,-0.032893452,-0.763449896,0.0094,0.0135,0.016,0.0183,0.0212,0.0237,0.0259,0.0287,0.0322,0.0423,,0.37917873509577443,0.4664247012264261,0.7947877448766169,0.04569792815796444,0.14466280108186994,0.08159588845286586,0.0807099701026138,0.11886221459230213,0.11072374466790325,0.9147628408036023,0.964662080578695,0.85715933153317,0.05458855797579151,0.06523418796356621,0.05823586840074576
0.165371,0.022013956,8.819337830648195e-05,-0.076131398,-0.811774287,0.0086,0.0134,0.0163,0.0193,0.0225,0.0249,0.0276,0.0311,0.0344,0.0419,,0.4040705345080275,0.4665687007852584,0.7425594732627557,0.04410470822791627,0.11370701011829844,0.08167450970431822,0.09628075917558448,0.09238110782386076,0.13355616739506435,0.9575021158912477,0.8815519864559782,0.9231485454370983,0.09276366669907031,0.06491439183040756,0.09326753837084226
0.168517,0.021784147,9.7340212024939e-05,0.05789452,-0.767422649,0.0082,0.0119,0.0161,0.0187,0.0215,0.0245,0.028,0.0308,0.0353,0.0437,,0.3980784710731459,0.488793697930633,0.709123256357046,0.03988808343825519,0.13385695464281347,0.06347827030810616,0.0857960150138933,0.08542789568307599,0.13309188212585202,0.9601512421386813,0.8508285484155002,0.8064478635375365,0.08835423962780463,0.07921099101132804,0.07769034697079424
0.15332,0.019084574,6.944440423291915e-05,0.002000866,-0.704391627,0.0073,0.0116,0.0139,0.0167,0.0195,0.0216,0.0241,0.0271,0.0299,0.0407,,0.37046252809243235,0.43696014186593174,0.8719715053766052,0.042527740168939863,0.12674183954568877,0.07779301420584135,0.09920282166525114,0.1060104916051216,0.10795534727495207,0.9286598841627097,0.8972457468377475,0.8787319984348816,0.08673962754663223,0.0775064750275511,0.09219949517246714
0.135356,0.020056026,7.885907523249238e-05,-0.036943692,-0.808004461,0.0075,0.012,0.0147,0.0175,0.0206,0.0227,0.0253,0.0285,0.0322,0.041,,0.3681778567546228,0.41845965876162217,0.8232656453873171,0.0393742687132464,0.11486195083231186,0.07118173536158477,0.0672668788556867,0.09592191233031333,0.11803868198985498,0.8846512782770541,0.9004527520156879,0.8083584354608804,0.06209966631691201,0.07209993510564179,0.07478658674141571
0.139821,0.020841804,7.209431710002064e-05,-0.051208739,-0.80548518,0.0093,0.0127,0.0158,0.0186,0.0211,0.0233,0.0263,0.0287,0.0321,0.0402,,0.39349752727178083,0.48369151300378344,0.7444810459554694,0.04471397963622771,0.11362894334779389,0.06098896130779159,0.09663653237009655,0.09572979845982563,0.10465273116661399,0.8409153233636932,0.9870695568222316,0.8799964362446197,0.06494158938011446,0.08322089009524852,0.060633232694329395
0.147329,0.019871114,6.38864875955529e-05,-0.009325263,-0.788731426,0.0093,0.0121,0.0151,0.0177,0.0199,0.0228,0.0246,0.0274,0.0306,0.0388,,0.3580490970089118,0.46478036290041097,0.6259220901531036,0.04803627499196513,0.13704010557654459,0.07907671644527448,0.07155175199175645,0.09822831277158148,0.11964400587478505,0.898964491471672,0.9587680044728484,0.908977931984893,0.07482517746561333,0.09064253701716914,0.05731093302315166
0.15063,0.019165028,6.963414586927634e-05,-0.071614273,-0.821084868,0.0072,0.0111,0.0144,0.0169,0.0198,0.0219,0.0241,0.0273,0.0302,0.0377,,0.4136030544925071,0.462998018355279,0.9292900144443533,0.043212599455233855,0.12851804732107813,0.0721986539295052,0.08386988983021065,0.09914965260966797,0.09985897648288569,0.9211544703604875,0.8729263617906559,0.9773948836521402,0.07110557991246777,0.08745456347149777,0.09878071737154663
0.153178,0.0202065,8.074443130219005e-05,0.030334665,-0.655998821,0.008,0.0115,0.0147,0.0179,0.0206,0.0229,0.0253,0.0283,0.0321,0.0457,,0.39324134748948547,0.41560394326214434,0.5548256303598029,0.038871065536700965,0.13863515490153003,0.05229359492633286,0.07702504724849346,0.08286662324265577,0.1151442963841454,0.883189783457922,0.9871046355699515,0.8950008420749747,0.08805748344890378,0.06395631808571961,0.07360057717462842
0.148488,0.020421751,6.919238149834763e-05,0.022023051,-0.774552443,0.0099,0.0124,0.0152,0.0183,0.0203,0.0229,0.0255,0.028,0.0316,0.0395,,0.3687921154427276,0.4666685913877744,0.7871292491211885,0.04500817681249728,0.12197305672759523,0.06816827431092191,0.06887386111264016,0.10046722830954792,0.12355331626811666,0.8481591200458163,0.8087829159444115,0.9970286956809487,0.09232449866138005,0.09203788342670596,0.09581192138668347
0.156335,0.019785248,7.495881785081718e-05,-0.055600659,-0.802593086,0.0075,0.012,0.0146,0.0173,0.0204,0.0224,0.0249,0.0281,0.0312,0.0411,,0.41873626126198155,0.4716274025825227,0.8968061648306029,0.04468340152428159,0.12777048391334803,0.053425136763256206,0.08817533446095265,0.09217320898858823,0.1262648169465861,0.8603371549941884,0.8931358103734391,0.9935235991816936,0.061116561704582656,0.08295845714764835,0.06762741859485716
0.14462,0.020193215,8.019405555663096e-05,0.1763292167510311,-0.491940156,0.0084,0.0116,0.0146,0.0174,0.0199,0.0231,0.0254,0.028,0.0319,0.0468,,0.3587628934513747,0.45661445560078573,0.5320446386971849,0.04132990190401532,0.12658135836402515,0.06315036748900668,0.09808864745055346,0.10403399934936151,0.11026906845004833,0.9886763442618973,0.898573065833032,0.9352559607948892,0.09398859457438198,0.05788509107571113,0.09035716822197364
0.143087,0.022811198,0.00010668,-0.01878969,-0.872181369,0.0086,0.0125,0.0171,0.0198,0.0226,0.0257,0.03,0.0328,0.0364,0.0448,,0.40888230265159375,0.46245203076535174,0.6262887526790797,0.048905987142127516,0.1385149286176853,0.08412203059408511,0.08854520423406283,0.09243976489746226,0.1080182068829945,0.8563689142602635,0.8278365430287518,0.8042461851358348,0.06931973956368079,0.056457660504992575,0.06781722920641585
0.094151,0.015996084,5.288949905804925e-05,0.00745772,-0.860128881,0.0064,0.0092,0.0116,0.0137,0.0159,0.0181,0.0204,0.0231,0.0259,0.0332,,0.3841827212165282,0.4043655054695702,0.6472771326833775,0.04472528849792032,0.14124260257206833,0.079642986746959,0.0956254619061743,0.08157290706977412,0.10931046919420483,0.9298008908623195,0.8480099253423615,0.9958727887512911,0.05441276048314304,0.09137974840195383,0.059232700718442534
0.085674,0.015442863,5.196750561918229e-05,0.084216377,-0.772611551,0.0051,0.0085,0.0107,0.0129,0.0155,0.0174,0.02,0.0222,0.0251,0.0339,,0.41702218918199924,0.40489672437548113,0.5389544987537719,0.042794376208211624,0.11649191802771229,0.0568469091403235,0.08163271530737333,0.0964964942214634,0.11460002878794832,0.9943910184646767,0.8688587234880902,0.9532576047400505,0.0708776740153135,0.05778596113462553,0.09747017053085782
0.104409,0.0171892,6.407091358717148e-05,0.1613990208289754,-0.583288202,0.006,0.0102,0.0122,0.0147,0.0174,0.0192,0.0216,0.0244,0.0276,0.0391,,0.40076123451919504,0.4704868238020213,0.5597881920853112,0.04750714696519041,0.12411598339536112,0.0846966843625947,0.09395223714691628,0.10485409833090088,0.1048662527799722,0.830930347920938,0.9916525664559266,0.8351882278767655,0.086201473327181,0.06179237116565538,0.07604598626210209
0.090644,0.015342403,5.150731006983257e-05,0.1255708171835086,-0.741796694,0.0052,0.0086,0.0108,0.013,0.0153,0.0172,0.0197,0.0218,0.0253,0.0344,,0.41177445771744375,0.4770841400242051,0.8555125732772059,0.03816627271578632,0.1187323152151169,0.07853732656588819,0.08522937970644,0.1145998290827646,0.10468872495500371,0.949288607616923,0.8732274976284675,0.9799254810723906,0.07490470432169484,0.07781031062329476,0.05746940653350879
0.070589,0.016292971,6.256495443825805e-05,0.2681599984737329,-0.549978787,0.0056,0.0092,0.0112,0.0133,0.0159,0.0179,0.0208,0.0234,0.027,0.0375,,0.3614964627019754,0.461556865751418,0.5817571624602916,0.03831391562773365,0.14086143630681083,0.08571447500644648,0.09395473798983588,0.09382751135634909,0.12685383913600812,0.9760792258530646,0.9594460236846959,0.8087748089119152,0.057360816116072674,0.07842786639935775,0.09290797904351962
0.085224,0.015334883,4.6773458454960966e-05,0.1492371513539917,-0.757320236,0.0065,0.0086,0.011,0.0131,0.015,0.0173,0.0195,0.0217,0.0247,0.0316,,0.36219094645993083,0.4088479945605912,0.5148698329683691,0.03669633679015531,0.12315688746482076,0.06131806794036657,0.07707821399608597,0.09821277585644675,0.12337209081236526,0.9397246793684562,0.968333595639355,0.8584034463239245,0.08247375791383345,0.09097627865077744,0.05843686461813555
0.102938,0.01641738,5.859714513698425e-05,0.071987083,-0.809805654,0.0054,0.009,0.0119,0.0136,0.0165,0.0183,0.021,0.0236,0.0268,0.034,,0.4158410296933303,0.4384970120163917,0.6081747771942815,0.04616369934793353,0.1450954768314428,0.08647342248427158,0.08310805018519743,0.11854486261672391,0.12560414015761062,0.9736022306421335,0.9354269458081194,0.8227205584573216,0.09364029930653298,0.052430696705122896,0.06294869971317749
0.0947,0.016141342,5.8032386346622e-05,0.1556935234377253,-0.67085735,0.0056,0.009,0.0112,0.0135,0.0158,0.018,0.0206,0.023,0.0265,0.0368,,0.3636709290432356,0.4870371894374223,0.7909700043493347,0.03794901124240571,0.12089954199037968,0.05889854047005199,0.10021154277545966,0.09804559366007057,0.12701057614690667,0.8878185493262383,0.9389467782552451,0.9370667172941367,0.060752478343835264,0.05218330281280837,0.07696318765935939
0.121019,0.016231722,5.185524351904806e-05,-0.036127821,-0.836828174,0.0055,0.0099,0.012,0.0145,0.0163,0.0185,0.0207,0.023,0.0258,0.0335,,0.3858402336716539,0.44270233317641977,0.8354958305975693,0.045856634708661435,0.12502120569990485,0.05203123683577561,0.10019676058915247,0.088027070979243,0.11445075424705992,0.9403055663120236,0.8088203139829451,0.9962913128973296,0.05543809222710817,0.09750513381021075,0.09719309953935708
0.112323,0.017414328,6.274179055979988e-05,0.036145793,-0.743231016,0.006,0.0099,0.0128,0.0151,0.0174,0.0198,0.022,0.0248,0.028,0.0366,,0.39098450838593607,0.4097008930049329,0.5240372309599011,0.04457677929281645,0.1239282244583357,0.07670944417810867,0.07069433473805466,0.11863602423894182,0.09932246521454514,0.9314975270720632,0.9534214156367804,0.8840012585614256,0.05772317531393393,0.06861352758382669,0.09513933062462727
0.193813,0.02053213,7.666343287561771e-05,0.004919087,-0.613621505,0.0083,0.0119,0.0158,0.0182,0.0206,0.0231,0.0257,0.0285,0.0318,0.0437,,0.3879326952332019,0.45158042684107474,0.9035587749481633,0.037802963496691676,0.14322882725644498,0.06426905731367527,0.0680477813572648,0.10596888538792783,0.11576510301324254,0.9783551308274487,0.9883413362022876,0.9345661432509564,0.07505392208034631,0.06123147234869724,0.09306257185899686
0.182497,0.01922858,6.182052537611272e-05,-0.016078897,-0.827027805,0.0083,0.0114,0.0146,0.0167,0.0195,0.0215,0.024,0.0267,0.0303,0.0368,,0.4077421734038152,0.4638861115160588,0.7275042830763792,0.04154689160642557,0.1254826287325207,0.07602004337261888,0.0706174274050662,0.09253632031882904,0.09782537345302511,0.8550138507753575,0.9053659458369999,0.8027847367596705,0.07021284522332387,0.06251829096803484,0.06553721070349015
0.188349,0.023297383,7.890159212124362e-05,-0.081616198,-0.75408463,0.0105,0.0151,0.0179,0.0208,0.0237,0.0263,0.0287,0.0314,0.035,0.0431,,0.416897247584243,0.4648053152853625,0.6809160457850015,0.04707986636794507,0.124900325298848,0.0522731094407173,0.09493436023839746,0.11919447720194781,0.12125263634324825,0.9858146006264863,0.9770148649523609,0.9138091562245858,0.06683496231885308,0.09482465737195181,0.09705794022257423
0.19718,0.021941542,8.368421152194823e-05,-0.099303771,-0.732196379,0.0091,0.0129,0.0174,0.0198,0.0222,0.0246,0.0274,0.0307,0.0339,0.0451,,0.39357429855712533,0.4464683430456492,0.7969038943496948,0.04199732164722501,0.14123508019181416,0.07675177085748382,0.09921523755740747,0.1140186154407273,0.12979687022089886,0.9541528104484504,0.9943359477753946,0.9669523504504769,0.0899642778912717,0.05396734116321613,0.0656985076808877
0.199342,0.022038309,8.747887060535191e-05,-0.074591756,-0.77981167,0.0089,0.0127,0.0168,0.0194,0.0222,0.0248,0.0279,0.0308,0.0347,0.0437,,0.3619931736335495,0.4178666290251391,0.8756959674814361,0.04840932312609832,0.1410254795350334,0.05358170677832215,0.10182145710876536,0.0902966781553646,0.10556762241933429,0.9968582660750799,0.8521923338788994,0.8706514774236502,0.07565102267964549,0.07861287424760861,0.07785992023925474
0.19395,0.022157181,8.55275310958817e-05,-0.044568923,-0.694879121,0.0093,0.0131,0.0169,0.02,0.0224,0.0249,0.0278,0.0306,0.034,0.0455,,0.37282691903901605,0.4180392381235914,0.5586706804456321,0.044192031013233976,0.12307070567493394,0.07357426897107767,0.08864605506256167,0.09884341061669992,0.13387161032357658,0.8073288314058925,0.9544550436277616,0.8385158618828015,0.05726129483288228,0.05407559181636107,0.06252875694765636
0.20613,0.020622138,7.31456830611395e-05,-0.061449773,-0.69258731,0.0085,0.0125,0.0157,0.0182,0.0208,0.0235,0.0259,0.0284,0.0316,0.0426,,0.396297165824728,0.47243107320767613,0.8181885546824825,0.0445237595301327,0.13776384988413148,0.08696398722804384,0.06769676923083691,0.11565193630510562,0.10823526036891376,0.9720024318383057,0.819175776062494,0.9157758320765841,0.07372146411428648,0.056883311939445874,0.09674540006261652
0.19872,0.024120696,8.020225840541182e-05,0.014801956,-0.612606978,0.0119,0.0158,0.0188,0.0216,0.0243,0.0267,0.0293,0.0322,0.036,0.047,,0.36061023522416036,0.4187988720425596,0.8288982256197013,0.03692338858791768,0.12112582764527322,0.07409142846601367,0.0669646376503502,0.11595322440850875,0.13350635717393589,0.8276406281390357,0.9311101760161352,0.8800937379467741,0.060278564517409663,0.09381204627547153,0.08738789094655765
0.195698,0.023323203,8.041734184511424e-05,0.1390379948122586,-0.442338057,0.0115,0.0148,0.0177,0.0204,0.023,0.0258,0.0287,0.0314,0.035,0.0483,,0.37405026198512437,0.4713251446788608,0.7411585920494711,0.03909225233918064,0.12711250615664607,0.06868041527314585,0.08196289461719536,0.09228432569226827,0.11812119499966717,0.9647043656450809,0.9031324453075873,0.9401636355027708,0.08442096865751522,0.06235697696173332,0.0679013139580121
0.160906,0.026539976,0.000148758,0.1293001607100463,-0.734174452,0.0108,0.0153,0.0189,0.0227,0.0263,0.0295,0.0333,0.0373,0.0437,0.0535,,0.3847058533198582,0.48435697046267706,0.8428370827777185,0.04616543346556417,0.12914596683188137,0.06513198471472863,0.08934284860557241,0.09960547218493748,0.11982648802096234,0.8171844035791346,0.9829091504152839,0.9637505637488483,0.08914322050978338,0.056844032062777494,0.07350802165215467
0.132372,0.020238111,5.802451962362362e-05,-0.020471498,-0.756895446,0.0103,0.0129,0.0158,0.0179,0.0201,0.0227,0.0248,0.0275,0.0304,0.0384,,0.39626957598416684,0.48577556117428605,0.5230539024408039,0.04720322764092707,0.1329993651272549,0.058115138663080136,0.10066427401736272,0.11218363340183585,0.1142172004335114,0.9514488256378429,0.9704860822503277,0.8517040705995276,0.05721005096467045,0.08942456942875414,0.059780938650421396
0.131366,0.019119688,5.508996551994998e-05,-0.040475656,-0.820190636,0.009,0.0125,0.0144,0.0173,0.019,0.0215,0.0235,0.0262,0.029,0.0351,,0.3788300642994244,0.42139556914655624,0.7749727819159419,0.040174806768756476,0.1464142498930848,0.06581870463534703,0.09209114890317513,0.10023901073088912,0.11393548183997299,0.818255116127521,0.8308815447262566,0.9421305959123991,0.0809125615864484,0.0904251302835574,0.09161874181441279
0.133935,0.018135371,6.625911158989053e-05,-0.022148259,-0.88075159,0.0064,0.0102,0.0131,0.0158,0.0183,0.0205,0.0232,0.0258,0.0292,0.0361,,0.3739381797496504,0.45115793284810995,0.6902352533558385,0.04860677695572968,0.14868055767019006,0.05180871120046811,0.07585201665035171,0.113840340612747,0.1262183758292334,0.9798012994238986,0.8437478194331741,0.8260512054443553,0.08165964728752204,0.05812478942405899,0.09117779619748406
0.140515,0.019133476,7.232464045744314e-05,-0.02583282,-0.842161154,0.0069,0.0111,0.014,0.0169,0.019,0.0221,0.0243,0.0272,0.0307,0.0386,,0.4069290731306968,0.4257668570350686,0.890993107212515,0.0459250593702138,0.13367627051828784,0.06820654337016631,0.0927446574644933,0.09209568719536089,0.11971110174050709,0.8620158602547362,0.8864246277502925,0.991532516042697,0.08888026124992178,0.07418396458348502,0.06296311359255682
0.146906,0.02010723,6.728321562855486e-05,-0.041884865,-0.864257994,0.0091,0.012,0.0154,0.0176,0.0206,0.0226,0.0253,0.028,0.0313,0.0377,,0.3745704439750346,0.40341840387718875,0.6740125947962502,0.04277499825705903,0.11484945045476809,0.05691021998093141,0.07993121684214517,0.08556776027645183,0.12546753403385966,0.86878660765115,0.8387579080632886,0.8771459416624449,0.06774676664058883,0.07519069025046904,0.06915907776843298
0.135322,0.018578106,5.747484304699705e-05,-0.077433062,-0.884939904,0.0083,0.0113,0.0136,0.0166,0.0184,0.0211,0.0231,0.0259,0.0287,0.0344,,0.3588759093569226,0.4565333947372281,0.7725578961395043,0.04827414089757373,0.13476634645971183,0.05769941371730647,0.09234284111774552,0.10092723561521329,0.12805119798367876,0.9923871455376401,0.8575201947779714,0.989610681650828,0.09438875409586671,0.07341392223050978,0.09512997254206662
0.138138,0.018700949,7.773443914353802e-05,0.240417573,-0.377571501,0.0072,0.0103,0.0134,0.016,0.0185,0.0213,0.0236,0.0266,0.03,0.0462,,0.41051253877967325,0.4279684194033461,0.6576714019591591,0.04472501330121952,0.12897716555764696,0.05557494415585394,0.09215001372207275,0.08534274862246295,0.12065805888905642,0.952387981288152,0.991993136565131,0.9632675706834142,0.0769376784176975,0.07076770274042364,0.08667229621258736
0.136904,0.022306084,6.376130983233537e-05,-0.150638761,-0.708970138,0.0115,0.0152,0.018,0.02,0.0224,0.025,0.0272,0.0302,0.0328,0.0394,,0.41163903548617026,0.43987764923159484,0.9238647870399519,0.04064426759585278,0.12135499215353757,0.07148863872356916,0.09504701429507782,0.11165195952114038,0.09913045289077271,0.8046309774004541,0.850842290698602,0.9445232505962814,0.0564747801645758,0.07760596417804677,0.06508996691941307
0.135431,0.017655746,5.373139539367471e-05,0.041907566,-0.769755867,0.0072,0.0104,0.0131,0.0155,0.0178,0.0199,0.0221,0.0244,0.0275,0.0361,,0.3808077472697162,0.4337780229735657,0.7484170540270164,0.04875648325543921,0.14804128693849428,0.05650341930119589,0.07556837674068774,0.08787266312619506,0.12987020870084015,0.9325300856445233,0.9346706179841321,0.8132225746270065,0.06282732345031791,0.07629072836033104,0.08680757907631856
0.136837,0.021435383,9.661884624721984e-05,0.07184306,-0.738521659,0.0081,0.0118,0.0158,0.0189,0.0213,0.0238,0.0271,0.0307,0.0347,0.0451,,0.3973117684103724,0.48389121952946107,0.902330352366962,0.046002509604322485,0.1148251989158717,0.05695188094143502,0.06781821038444259,0.08881555337336831,0.11900274066260594,0.851560503810501,0.9028541322426434,0.8546983564560472,0.08956630432724286,0.08718227844498061,0.08525367994710825
0.16788,0.021976452,7.987100789831209e-05,0.09681055,-0.633007165,0.0097,0.0132,0.0171,0.0194,0.0218,0.0243,0.0271,0.0302,0.0337,0.0446,,0.3746594736103367,0.469801460965377,0.7586295608562453,0.04041449273850046,0.12662171490297258,0.06741336789486008,0.08925647276425049,0.08211682427733667,0.1316191866077926,0.9659280963492786,0.8303464074793786,0.8166447866784337,0.07793622456361504,0.09355679007509744,0.06527465742460994
0.180687,0.021529577,8.934014816807759e-05,0.055035974,-0.63476378,0.009,0.0125,0.0161,0.0186,0.0214,0.0244,0.0272,0.0302,0.0342,0.0475,,0.4143012518402769,0.4606534879012673,0.7389936685730629,0.03751315776607382,0.1189184267526089,0.06623118349864783,0.07354346184557363,0.11127003674690458,0.10640207561149442,0.8494554689296644,0.8306711676169287,0.9755191599473587,0.06231701384092163,0.08139303662633754,0.08865920466038184
0.169787,0.018558019,6.453377274645023e-05,-0.021502199,-0.658481861,0.0072,0.0115,0.0138,0.0164,0.0189,0.0212,0.0231,0.0259,0.0292,0.041,,0.39199065795586857,0.45559044314892017,0.7423331628139447,0.04862157866207117,0.13668237251724083,0.07636621107027962,0.06569053509771863,0.09766081499998895,0.12037744033032607,0.8059581279782481,0.9159547675499137,0.8803554279634028,0.08043272718834721,0.08774911192165977,0.06685380022430144
0.171097,0.019009349,6.38582752043904e-05,-0.082002821,-0.859493438,0.0075,0.0111,0.0142,0.0166,0.0196,0.0216,0.0241,0.0264,0.0299,0.0369,,0.39129840890847617,0.43156903164380983,0.6397512692286076,0.04088015973953359,0.12686982373827554,0.05415535155139419,0.09510009356576811,0.11892003084436151,0.111373037084819,0.9509835244560682,0.9302732589333493,0.9019120267974984,0.06417406486297553,0.05921066954827252,0.07095744341868054
0.170701,0.018584205,6.715144742701678e-05,0.043241776,-0.634843695,0.0071,0.0114,0.0138,0.0164,0.0187,0.0211,0.0231,0.026,0.0294,0.0411,,0.41526198379155516,0.48167228369655496,0.6531511253599708,0.04747824549030426,0.1307559691407379,0.07183089905392792,0.09930192441731142,0.11447733976281796,0.1254899253322408,0.994648832366503,0.8977471820297728,0.9859486445490858,0.08555978607485322,0.07771702919873276,0.06164702320685358
0.166372,0.021011006,7.643557370054497e-05,0.048077907,-0.74669522,0.0093,0.0129,0.0154,0.0184,0.0213,0.0234,0.0261,0.0291,0.0327,0.0412,,0.3942495662091959,0.41023537043943786,0.7416844784963526,0.046538781963825916,0.12322518873556476,0.0799523434396663,0.09178913207387163,0.11638899190824778,0.09678632154846406,0.8529640092084627,0.9921192051732967,0.9262735170735291,0.056862701504042094,0.09012874372138491,0.07892319686406202
0.165894,0.020622173,7.562727302933014e-05,0.1247362240466578,-0.585370075,0.009,0.0121,0.0157,0.0185,0.0206,0.0229,0.0256,0.0285,0.0322,0.0453,,0.40876004599677773,0.4088051417311036,0.8608162292510231,0.04771281596619765,0.1431269642588253,0.07203309312266054,0.08440396524503253,0.09084842055833152,0.10804159028177607,0.918037696936075,0.8935357388436589,0.9421291403557948,0.0693477568436147,0.0975788102487603,0.06255823769239699
0.168003,0.019360987,5.728778915082664e-05,-0.059795076,-0.792279488,0.0092,0.0119,0.0149,0.0171,0.0199,0.0216,0.024,0.0265,0.0293,0.0372,,0.41564259123886266,0.4924777134425289,0.669359456617654,0.04525621356049067,0.13302866780052633,0.07341351823525315,0.09581714659738437,0.0895092253417473,0.13038721662468628,0.8510408678148912,0.8990803412773938,0.9886709959980043,0.06248680388240541,0.0664077914176191,0.07759474753450946
0.175794,0.022577195,9.930282558705807e-05,0.002124841,-0.687890693,0.0095,0.0133,0.0169,0.0198,0.0226,0.0254,0.0282,0.0315,0.0359,0.0501,,0.3732792770184642,0.48329645114051845,0.7551491610066214,0.03754461251318736,0.12282050182103804,0.0652425306569517,0.08440679156815828,0.0979911696698424,0.12257807738015598,0.900768704300144,0.9610024296837635,0.8921665870622658,0.06743519483002301,0.07711364896785106,0.07859059083471791
0.169601,0.020105576,6.538314463433226e-05,0.085214786,-0.599204382,0.009,0.0124,0.0153,0.0176,0.02,0.0225,0.0249,0.0272,0.0306,0.0426,,0.413632450846296,0.4102687622967506,0.8144882829356985,0.03689188583862318,0.1275429089532069,0.07743998129575087,0.07299479699555456,0.09173323984830144,0.1100660435491825,0.8844809982916811,0.9493625563313327,0.968357249586045,0.054373593018613414,0.05363182666683055,0.07746697299303841
0.160605,0.019978049,6.49098374571525e-05,-0.087456452,-0.877145464,0.0091,0.012,0.0154,0.0174,0.0201,0.0226,0.0252,0.0279,0.0307,0.0378,,0.35761601621629885,0.4809709327540241,0.7773989776354474,0.047946621668743,0.13412115741640857,0.057303791613968265,0.10143169647858215,0.1098057734960106,0.10437607067498117,0.9782755704866806,0.9301288130734809,0.8788827459638787,0.0510751766613826,0.0691455792400091,0.08535939922334582
0.164879,0.019278082,6.04080716558669e-05,-0.045822401,-0.871833332,0.0085,0.0115,0.0145,0.0172,0.0194,0.0217,0.0241,0.0267,0.0298,0.0361,,0.38177919342733146,0.4462390006652066,0.5256193253719438,0.042415191671764656,0.1306010098492233,0.07995575814628185,0.0834739501005621,0.08960910435427469,0.10963738648252537,0.8934068254410102,0.9008033344474609,0.8585196524017257,0.08096414973994234,0.05925276362295734,0.0881575709637071
0.156532,0.018090664,6.353967123204452e-05,-0.016333362,-0.861696233,0.0066,0.0103,0.0132,0.0155,0.018,0.0206,0.0232,0.0257,0.0289,0.0364,,0.392101669437842,0.44659296831686335,0.6299074576301589,0.03959859546041552,0.14022700770911348,0.07938426826908843,0.07994396563914948,0.08772513616319637,0.09634675011082695,0.8574566336911659,0.830493319467334,0.8106155284945127,0.07846189598064122,0.0633158239863067,0.06959033647810557
0.170931,0.019458963,6.272103899061142e-05,-0.032384392,-0.737216173,0.0081,0.0119,0.015,0.0175,0.0194,0.0219,0.0242,0.0267,0.0302,0.039,,0.3779428883509756,0.46886435517937525,0.5398593781990676,0.03612032400663804,0.14392258617234702,0.060758794655722016,0.08488803278201885,0.10763186730722964,0.11097237925544151,0.898333260446209,0.901832319326223,0.965337923987515,0.08217163027019732,0.07308318842072901,0.08053723812925948
0.162785,0.019468829,6.677232267311328e-05,0.1869374928713107,-0.441040275,0.0086,0.0115,0.0146,0.0176,0.0194,0.0214,0.0237,0.0266,0.0305,0.0451,,0.3772720023838666,0.4226586238634237,0.8443043514140592,0.04137547411574976,0.13506077049462065,0.054484531557692124,0.068329349621767,0.11415459621145146,0.11350259892682371,0.9946835167332984,0.8362056033467272,0.9263427763645832,0.06941121520794258,0.07516865708871268,0.07560631813799892
0.16558,0.018412184,6.666456945617691e-05,-0.009994073,-0.797700122,0.0067,0.0105,0.0132,0.016,0.0184,0.0209,0.0233,0.0261,0.0297,0.0367,,0.39263866334111197,0.4112551304392746,0.6198755113622655,0.03831621874771458,0.1456005345139664,0.07458589571670696,0.06542551430092808,0.10818583783794154,0.1253498491917844,0.8606729624314666,0.8915841946567123,0.8166716866065991,0.07106563891357634,0.08931480724824428,0.08763763209616936
0.150471,0.018356246,5.054953689100083e-05,0.00818532,-0.72293136,0.0088,0.0122,0.0139,0.0165,0.0183,0.0203,0.0226,0.0248,0.0279,0.0351,,0.39676368424952213,0.4647733383916406,0.5363234242460616,0.04747128457554366,0.12286334389014371,0.0643280498727325,0.09381672557759983,0.1152470134714764,0.09851168103588406,0.9036426523351441,0.9054628431376317,0.8122846590779069,0.06592289362217799,0.08201342350525806,0.06184273500412825
0.154879,0.021645478,8.75425644003998e-05,0.089252926,-0.661124381,0.009,0.0124,0.0165,0.0192,0.0216,0.0238,0.0269,0.0303,0.0341,0.045,,0.3965798795709392,0.4719630357198235,0.7851883088860533,0.04108064493926334,0.13295803976339643,0.08282808981944717,0.07369558754332094,0.08882940969239644,0.10995798818310178,0.9542576477974412,0.9255833557618219,0.8637691962203732,0.0868502571449393,0.06602764403797722,0.07482243199826547
0.160284,0.022461798,0.0001095,0.4509288217150616,-0.153723833,0.0088,0.0125,0.0161,0.0187,0.0214,0.0241,0.0274,0.031,0.0371,0.0553,,0.3877410511328984,0.4460941571223734,0.7695864535657938,0.04297690672702603,0.12323918478176826,0.053508566997755254,0.0755755662346105,0.0911925524693573,0.12512190864188455,0.8198107655484965,0.9757029886982239,0.9611114993362915,0.08161639084426568,0.06762428295105423,0.0643319334367478
0.137065,0.020763831,7.529732856343062e-05,0.1043369805275481,-0.713585517,0.0095,0.0129,0.0153,0.0179,0.0209,0.0231,0.0256,0.029,0.0323,0.0415,,0.35738557782783675,0.41786685590439915,0.5763318280222841,0.04610794303503214,0.12674378902572594,0.055508993649577315,0.09805740833143954,0.09546105230267984,0.1321098467480057,0.9751963000719653,0.9026798939565076,0.820347133669373,0.07396458637392389,0.07616474559126056,0.09625519593517266
0.144764,0.019032065,6.370778326961845e-05,0.1049567828522156,-0.673354326,0.0083,0.0115,0.0141,0.0167,0.0187,0.0212,0.0235,0.0263,0.0298,0.0382,,0.38426558548434714,0.41793945069906446,0.847974436823152,0.04244133202798978,0.14022445423964025,0.06216382302917043,0.10214474936196996,0.09603981574929636,0.10595772071480643,0.90934948145793,0.9814311980656042,0.8472253981812379,0.054348473634687956,0.06514722528488448,0.059114026004158805
0.129697,0.019249856,6.546703409185551e-05,0.028892526,-0.83987947,0.0081,0.0113,0.0144,0.0167,0.0195,0.0216,0.0241,0.0271,0.0302,0.0375,,0.40148671245278805,0.4962902943151676,0.8924013891916773,0.045720380465469355,0.11745536865260718,0.07160529959666696,0.06601467160800316,0.08089951195972504,0.10541765404338449,0.92945790809923,0.8923402179777241,0.8722958114521392,0.05271929086015094,0.08371602051169316,0.0932905791875854
0.137564,0.020411766,7.058405931616464e-05,-0.054929136,-0.825449342,0.0091,0.0123,0.0152,0.0184,0.0207,0.0232,0.0258,0.0282,0.0319,0.0398,,0.41733112736098943,0.47598448441396196,0.519101860354504,0.039717087078532484,0.11414544847000005,0.061232820592540635,0.09343808219664479,0.08335596702636372,0.12086128745980028,0.8154835311992062,0.8250506934134341,0.9774727386165013,0.051685946414227975,0.07244411600687325,0.07644356475489258
0.1476,0.020432824,6.978807582411443e-05,-0.054337536,-0.824158523,0.0092,0.0122,0.0157,0.0178,0.0206,0.0229,0.0254,0.0284,0.0317,0.0379,,0.3968085603828772,0.47820564228697116,0.6003094107979576,0.04466314549211928,0.13460102855558545,0.08666563587903602,0.10254023524671346,0.11122406881141376,0.1308170326822634,0.8755196701285815,0.8745677229728896,0.9945028195653295,0.07998069363336228,0.09588117099876334,0.08393776380383058
0.142073,0.019751916,6.152175025212416e-05,0.016542483,-0.782699976,0.0095,0.012,0.0151,0.0172,0.0201,0.0219,0.0244,0.027,0.0303,0.0372,,0.398513595477689,0.437757012266577,0.7696811196070797,0.04793580100566138,0.13661616151132602,0.07425307765539872,0.0788240740225023,0.10587874478371172,0.1256993494352255,0.9274410573935377,0.9385863557662224,0.8595609122980529,0.07296740347262037,0.058823253463854426,0.07072042232532127
0.143521,0.018593376,6.738763986610743e-05,0.008519678,-0.738731223,0.0068,0.011,0.0137,0.0165,0.0185,0.0209,0.0235,0.0262,0.0296,0.0389,,0.3932328043966565,0.4382165353697601,0.8223228407515566,0.04936555961179067,0.12602979965601493,0.07015420888453175,0.07329444367999552,0.10444416102608112,0.10429061139162678,0.9218864028383362,0.9959335941926376,0.9161127919321445,0.059764146379594554,0.09830780652609238,0.0953419069645255
0.135104,0.018483375,4.682423339604094e-05,-0.051612598,-0.726999674,0.0096,0.0121,0.0148,0.0165,0.0185,0.0206,0.0227,0.0248,0.0278,0.0335,,0.38405580718157806,0.42593955866985,0.7063920500383278,0.049365455764970444,0.12711891116440863,0.08502043338637867,0.09042251636455008,0.08727052017220442,0.11228840298700346,0.906487952115885,0.9379845816255188,0.9380835815641276,0.06010167404872666,0.09334637224417333,0.07475547016697606
0.14506,0.019715844,6.934336305644217e-05,0.017246273,-0.746672338,0.0079,0.012,0.0144,0.0175,0.0199,0.0221,0.0249,0.0275,0.0306,0.0401,,0.3646171701163689,0.43501901783438685,0.792224214790959,0.042008303219308804,0.11304669914417174,0.07737373821865053,0.09066261269874185,0.11346082078565395,0.10613976143491406,0.8706070604044265,0.9705209542369228,0.9918961907283593,0.07370903308547408,0.06297418301732902,0.0798758382642288
0.137932,0.018735914,6.969024872018009e-05,0.00017921,-0.778773148,0.0067,0.0109,0.0137,0.0166,0.0187,0.0214,0.0237,0.0263,0.0302,0.0388,,0.38858595529691303,0.44723567881433046,0.8071985041254716,0.04173257140469991,0.13506002778456516,0.08299422097125295,0.07565252420588414,0.08961390962790369,0.0979762726452723,0.8570802976185931,0.9054841943860552,0.937442847200299,0.053868509560931054,0.07970944907309482,0.07405551115080143
0.152843,0.024539101,0.000114177,0.125770163,-0.636423125,0.0108,0.0146,0.0183,0.0215,0.0244,0.0275,0.0306,0.0339,0.0385,0.051,,0.4143230916750779,0.4453874872921128,0.9116608361927696,0.0400405305666143,0.14597306506090202,0.08455139424553887,0.09986596792827453,0.10768800579063624,0.13100674868610965,0.9662753412135566,0.8422029576863226,0.8697602079544317,0.060821876824808656,0.08012203642083818,0.08441939946057277
0.151969,0.024709316,0.000101583,0.256824974,-0.352247115,0.0111,0.0156,0.0184,0.0214,0.0241,0.0269,0.0299,0.0333,0.0383,0.0551,,0.38567454535707146,0.43670967117898074,0.857317514017511,0.03892099536483851,0.11875014341439542,0.07330912551112653,0.10197733393543199,0.10261127722838666,0.13321188089490027,0.9198065704698954,0.9089461727544307,0.8293583470048517,0.08183883846647702,0.05483448569137322,0.06505814741937944
0.140988,0.022992733,8.020404119598967e-05,0.1023170045950753,-0.551100666,0.011,0.0143,0.0173,0.0203,0.0229,0.0256,0.0284,0.0314,0.0346,0.0477,,0.412749338422046,0.4220835347582684,0.5865078817021849,0.04437422847331865,0.1150442769971525,0.07850340114623301,0.0835097605319742,0.10497468237550206,0.10864528921612185,0.9514280691287391,0.8735294023072475,0.8278385407333511,0.058725339850653265,0.07216336111980713,0.07367849768589207
0.146485,0.023890782,8.74035486698939e-05,-0.017709342,-0.813502579,0.0108,0.0152,0.0181,0.021,0.0241,0.0268,0.0294,0.0327,0.0366,0.0433,,0.35506860230873466,0.4816150994264903,0.5965221258953626,0.04143239693112249,0.1137307286116342,0.0703895669871516,0.07461033139164423,0.10930803551003292,0.1120933877045222,0.9202910611031653,0.9408003405887021,0.9541042424034478,0.07515037702234559,0.066802162500843,0.0985439172759671
0.143922,0.024795366,0.000105595,0.032143979,-0.837400476,0.0107,0.0149,0.0185,0.022,0.0248,0.0278,0.0306,0.0345,0.0392,0.0462,,0.41603513780716994,0.4878736598408512,0.5545994754717145,0.04925090524812618,0.11799067937672975,0.06286882751346944,0.08451535041739316,0.10847694871019495,0.12992047698926662,0.9518688205410955,0.9128800611365763,0.8373124955893857,0.0861133978708557,0.08805399119988332,0.07162151755082513
0.151738,0.02122781,8.403322014689153e-05,-0.002418905,-0.695306901,0.0086,0.0121,0.0162,0.019,0.0213,0.0238,0.0267,0.03,0.0333,0.0449,,0.37239656907201407,0.4133759341209275,0.5859615386504202,0.048905178541128656,0.13413925202218224,0.05463449828004496,0.08636365564849577,0.1001358605994239,0.12234529988049407,0.8273416335128817,0.944014970490444,0.9240578829314888,0.08239935890740634,0.05424602404861629,0.0568514681188144
0.152552,0.02419297,0.000130734,0.1362328455212156,-0.786962457,0.0097,0.0135,0.0173,0.0206,0.0238,0.0272,0.0307,0.0345,0.0401,0.0509,,0.4068427598066764,0.4392201588098663,0.8068566780764969,0.04621394749021899,0.1418804966262933,0.07466897692078803,0.08373922340098333,0.08687741613440877,0.10830724734946018,0.8460479050312493,0.9170047019836363,0.8165616591813698,0.0917477754151026,0.07013447623639865,0.09908072605221377
0.146307,0.023292442,0.00010748,-0.039773508,-0.889680363,0.0089,0.0131,0.0174,0.0203,0.0232,0.0266,0.0299,0.0331,0.0376,0.0443,,0.353740394033084,0.4537391174075494,0.8520792514704089,0.03678382122655676,0.12453008833764162,0.07099900423510054,0.06616816417697681,0.08957403817310786,0.12570657191984402,0.8166099320801864,0.8853508532342481,0.8950022850596238,0.07986398729633147,0.059777715543453624,0.08333544131755602
0.1472,0.023049069,0.000111364,0.1657682252375928,-0.544090271,0.0098,0.0137,0.0174,0.0203,0.0231,0.0258,0.029,0.0325,0.0375,0.0518,,0.4010293002844459,0.4355403608810556,0.5110702517746084,0.04438888349506138,0.14396079793235667,0.067435263009016,0.07838288492431345,0.0848629201177557,0.11559658865239221,0.8864509961020636,0.9452391977473158,0.8744057203961783,0.09030975745933666,0.08444253857384343,0.0877907707680757
0.150425,0.02312292,0.000104811,-0.040276298,-0.83732788,0.009,0.013,0.0176,0.0203,0.023,0.0262,0.0296,0.0328,0.0367,0.045,,0.412363752639787,0.44390829519102787,0.6296187534246184,0.0443728253607445,0.12063067337623298,0.05688916419232354,0.10071049448124916,0.10789670225662003,0.11589920300440588,0.8907185815543701,0.8945240458623052,0.8591220516520358,0.05381852001499852,0.05861109276187704,0.09515110882501587
0.175071,0.023870864,0.000104903,-0.074698512,-0.740996626,0.01,0.0141,0.0177,0.0212,0.0242,0.0271,0.03,0.0333,0.0377,0.0491,,0.3686558177235193,0.45242974657316876,0.7091486393413341,0.04163005103359295,0.13777239000580482,0.06872386959981114,0.10107475532496785,0.08262573397005112,0.11466193015918548,0.9791999260854659,0.9491975537182487,0.8662136632344896,0.08758244800237959,0.0716356663456793,0.058085994757409096
0.162408,0.026370695,9.461224392463336e-05,0.007929091,-0.690515142,0.0132,0.017,0.0204,0.0234,0.0266,0.0294,0.0321,0.0353,0.0395,0.0478,,0.3574881897364186,0.44943513600927626,0.6869920384300002,0.03988016835111592,0.14704963132732682,0.07241381083001434,0.06934649599787075,0.10021637935404101,0.09637890161834908,0.8068290358962821,0.8408793722379942,0.821638382964861,0.09393655235701896,0.07171797942237525,0.07860635915163412
0.171087,0.027248147,8.368016935922125e-05,-0.170127076,-0.508702906,0.0144,0.0187,0.0222,0.0252,0.0279,0.0303,0.0327,0.0355,0.0387,0.0476,,0.41690498582388885,0.48812580085326984,0.5453197402472235,0.044686280453995614,0.13209157368275457,0.07784390698551304,0.0704228087780605,0.10165967151706748,0.09905977138793237,0.9097245551167271,0.9263444945527861,0.9613027972423481,0.07398399751207611,0.094052750974191,0.09482828763442898
0.17304,0.028729454,8.788243900400579e-05,-0.261224221,-0.438257968,0.0163,0.0203,0.0235,0.0265,0.0294,0.0322,0.0346,0.0372,0.0401,0.051,,0.404438349259217,0.4647392053246087,0.8221776123004804,0.039299081404513075,0.12104713787268367,0.051670914768141174,0.06979639139541562,0.08350914133036996,0.1322265411774355,0.8300085236451953,0.9657364278352688,0.904287915615301,0.06675639570139882,0.08224263914062258,0.095745210542104
0.169801,0.026695945,8.952672112692893e-05,-0.099346262,-0.69173263,0.0137,0.0176,0.0211,0.024,0.027,0.0299,0.0325,0.0356,0.0396,0.0481,,0.3673219710769614,0.4414154388568403,0.6092006420384979,0.036052418809532534,0.128705899986922,0.06889401402094199,0.08026735254727009,0.09344841681100434,0.09712321734043312,0.8724268659111475,0.9907730066651238,0.8258349291164624,0.06709349204411877,0.05398545903106942,0.0627618465734832
0.166101,0.028019221,9.12459567741626e-05,-0.187232139,-0.58616302,0.0151,0.0192,0.0223,0.0252,0.0284,0.031,0.0339,0.0371,0.0408,0.0495,,0.3850329472943753,0.49742474892655686,0.6380498651741178,0.037294313024530915,0.1450313601523069,0.06926866552176907,0.09724919698014184,0.0949197031303568,0.1004062841335206,0.9979476055793887,0.842065817517785,0.8904077189089805,0.08117190761818081,0.06318961889063202,0.09073367997395211
0.18018,0.024246099,0.000110121,-0.06232201,-0.857277947,0.0096,0.0141,0.0177,0.0216,0.0243,0.0274,0.0305,0.0344,0.0385,0.046,,0.40379168303846197,0.4569703030297017,0.8002612253856637,0.03733120230667787,0.1255701065105127,0.05533389416787032,0.07502528461053012,0.1175524459960419,0.12208583839281034,0.8303531129141323,0.9453542336595441,0.9363556688235004,0.07890345091800856,0.062407986755904775,0.062095544047345436
0.170413,0.027195617,8.987108258785086e-05,-0.033437778,-0.422611336,0.0148,0.0185,0.0216,0.0247,0.0273,0.0298,0.0327,0.0357,0.0396,0.0536,,0.41213483760931985,0.46170738392876903,0.8473299486539976,0.04751616291017414,0.1345570920230588,0.05517267736167459,0.08527071783181812,0.1099669317838418,0.10712696274338183,0.8548133256677375,0.9462334100965244,0.9181171689999472,0.05481600472147894,0.07691936478939163,0.08141149877263497
0.177998,0.028218326,8.500353211666037e-05,-0.248446007,-0.444031645,0.0157,0.0197,0.0228,0.026,0.0287,0.0311,0.0338,0.0369,0.0403,0.0494,,0.3926259448904503,0.4823792053758436,0.609496629114512,0.04228421292104988,0.14222363591495352,0.07137712086334447,0.08321608082587983,0.10490220578196897,0.13174113828739875,0.8862074891848836,0.8547647502722394,0.9881478114274412,0.05242264353703817,0.0571344216399838,0.09673442696686212
0.177482,0.028828398,0.000100403,-0.032377892,-0.463239299,0.0158,0.0197,0.0231,0.0261,0.0287,0.0315,0.0345,0.0379,0.0423,0.0536,,0.4132424471751737,0.4015936318068653,0.5335301324966291,0.04042733535509029,0.14169276984831675,0.05939170742028887,0.09513262892406273,0.08448295616610967,0.12966516576154027,0.8065984028595169,0.9589783376293501,0.8298839157991342,0.08194617502784217,0.09617363449137636,0.06189105581778181
0.159479,0.025957508,8.209398834244215e-05,-0.086014477,-0.547082895,0.0138,0.0176,0.0213,0.0236,0.0261,0.0284,0.0311,0.0343,0.0382,0.0462,,0.41094932433844994,0.42121311181976107,0.5657601211627669,0.03885172303795908,0.12857746166852368,0.058313440565720236,0.07492224475501184,0.1121579280183372,0.1069725235941609,0.828470683755146,0.8300504693463039,0.929247765093136,0.07258432632153956,0.07123440216594083,0.05982726004330633
0.147326,0.027934132,9.342804353626835e-05,-0.225689549,-0.311272609,0.0154,0.0196,0.0226,0.0253,0.0281,0.0307,0.0336,0.0366,0.0402,0.0499,,0.37524066074179663,0.4425925133633145,0.6363105665931582,0.04105975377444634,0.1248329314909721,0.06737212931846494,0.0849019788244035,0.09522184218425059,0.12994514683086433,0.8711983685896652,0.8150634641524803,0.8451674162683105,0.06326564743133235,0.08860546506429318,0.07583474639883779
0.156221,0.027032548,9.013906669860756e-05,-0.121049715,-0.587926917,0.0142,0.0182,0.0214,0.0241,0.0271,0.03,0.0329,0.0357,0.0392,0.0497,,0.3544792984460782,0.4594777521029602,0.5637703262637374,0.03882099516823314,0.13751992826256343,0.07169458516812818,0.08977507771851706,0.11117397477904215,0.11379384359715401,0.9111921706706213,0.8888251077756009,0.9938146227598957,0.052834769345927624,0.09296621628803174,0.08901337973400808
0.148112,0.02650596,9.99458154521281e-05,-0.019265357,-0.69691051,0.0132,0.0173,0.0206,0.0235,0.0267,0.0294,0.0323,0.0358,0.0396,0.0506,,0.38093444345901495,0.4490661418147276,0.9156091073296092,0.03839710124828584,0.13018615751861953,0.08202724082141336,0.10180392420358296,0.10559792821975081,0.1028011472726481,0.880356805183572,0.8206524856291021,0.9610914475157718,0.09109776667323716,0.06020074346348931,0.06830584215403365
0.159026,0.025503846,7.76686818733759e-05,-0.106712824,-0.329939408,0.0138,0.0176,0.0206,0.0231,0.0255,0.028,0.0306,0.0334,0.0367,0.0492,,0.3791863927066397,0.40992885390186623,0.5628368494525707,0.036724204523421865,0.14857143815332574,0.07870993497031516,0.08505464913159609,0.11176210619574414,0.10063875377266676,0.9765102634254214,0.8301353725576857,0.940342809380313,0.055415133819989755,0.061164582338572734,0.0941555188477487
0.157162,0.025877853,7.965604382626041e-05,-0.131206484,-0.508934104,0.0133,0.0175,0.0208,0.0239,0.0264,0.0287,0.031,0.0338,0.0375,0.047,,0.41797308469952715,0.4685979267319599,0.8588650317498364,0.04929165082588699,0.12268551138852399,0.0746524919567203,0.09162064158143347,0.09501914055336864,0.12994990534685757,0.956583520366174,0.8592465437909739,0.8727682870375033,0.07266946475452006,0.09280274616113345,0.06869276657831956
0.145441,0.025885646,0.000143517,0.1166331632308408,-0.722047818,0.0106,0.015,0.0191,0.0226,0.026,0.0293,0.0325,0.0365,0.0428,0.0518,,0.41018670779742955,0.4239556546998783,0.6835311589918842,0.04272061922187274,0.11374589546394016,0.07703503934560847,0.08952952701074463,0.09907824019840145,0.11012535670409497,0.876483663638957,0.9342373184427465,0.8729177188332395,0.07979757780752825,0.06881876280095933,0.06455634886300345
0.155541,0.026311403,0.000101487,0.029451301,-0.772015963,0.0126,0.0168,0.0203,0.0232,0.0262,0.0292,0.0322,0.0359,0.0401,0.047,,0.3806824217028274,0.45005295498354014,0.6977520948023855,0.0404602800015589,0.12891214300193113,0.053611511939207275,0.09713242169327864,0.1058772396626167,0.11282819638176095,0.9309165604506984,0.9281036195000087,0.853505259576246,0.0676186882238143,0.0766607446673988,0.06253531939384133
0.155461,0.027063057,8.755999192675373e-05,0.003336397,-0.226797694,0.0155,0.0192,0.0221,0.0246,0.0272,0.0296,0.0319,0.0352,0.0393,0.0515,,0.3977430512591594,0.42140431576717907,0.6266757960990627,0.043756638431540304,0.11897759719500899,0.07337868352299068,0.06776558870679024,0.1173027561322072,0.1145425152644485,0.8347529117853133,0.8347564137939204,0.8532748777829114,0.0909880041962138,0.06325427348417527,0.06977194046100313
0.164558,0.023636331,7.681423729058994e-05,-0.027871165,-0.745077096,0.0116,0.0157,0.0183,0.0209,0.0237,0.0263,0.0288,0.0318,0.0358,0.0434,,0.4023115793599471,0.44419419848698827,0.8439176185212758,0.04650070924384181,0.11876219905938216,0.05562634069717388,0.07006334523025515,0.1175049236475534,0.10922674403474592,0.9647146459398999,0.9830156234576785,0.9377126937404402,0.08309436619453381,0.09859087684589551,0.07811281232199752
0.144882,0.021235205,5.803370935930574e-05,-0.078991904,-0.61851359,0.0111,0.0138,0.0172,0.019,0.0211,0.0236,0.0258,0.0281,0.0313,0.0391,,0.40365615987336656,0.4804382781687596,0.7986241390009161,0.03582750339607512,0.1339486082510051,0.06167160561229394,0.06573568790363712,0.10994156278241302,0.11225031261144393,0.890432239163159,0.9885066909009551,0.9544603130524011,0.09300069708148638,0.07744852654625622,0.08705627089891396
0.112489,0.024433313,9.199926210192486e-05,0.1896565332090485,-0.419652802,0.012,0.0156,0.0186,0.0212,0.0239,0.0269,0.0297,0.0331,0.0372,0.0486,,0.41346606861504565,0.45490202992989887,0.8422412656203021,0.045021436226072416,0.13748472797940564,0.06999266759553317,0.09980643668294656,0.0865439520127969,0.10487214951481533,0.9260354808061303,0.8982803833426617,0.880074337393984,0.06430356676237672,0.06268049787225263,0.09745876740777282
0.117776,0.023601339,7.481426793392679e-05,-0.006476905,-0.593570184,0.0116,0.016,0.0185,0.0208,0.0233,0.0262,0.0289,0.0315,0.0351,0.0437,,0.40648998091628413,0.4477324620927739,0.8165090703751192,0.042369416620121,0.11389076574185303,0.0851151566634085,0.08152293548005794,0.08297043075981735,0.11445379040010395,0.9583952347483959,0.8067402174844487,0.9551259233575551,0.07241868865944673,0.06966090536495893,0.06868580723125974
0.124795,0.021830462,9.18330600447063e-05,0.010938917,-0.647000601,0.0085,0.0125,0.0168,0.0193,0.022,0.0246,0.0276,0.0305,0.0343,0.0443,,0.381515546235893,0.4844705989308694,0.6165952072437254,0.04743700216120718,0.12893553022840554,0.05812204407809586,0.0863132781100222,0.09955314672452367,0.1128308477840881,0.8418913175863157,0.9830222749959571,0.8302239475145035,0.0722720462554688,0.08355550085463201,0.08452632505117863
0.113213,0.024578618,8.36784706512646e-05,-0.002748489,-0.751565224,0.0121,0.0166,0.0191,0.0215,0.0243,0.0271,0.0303,0.0334,0.0372,0.0445,,0.3728866004802282,0.4921081235166147,0.7881372236009936,0.03792237118375377,0.11810982458325177,0.057001378135696994,0.0857627345327162,0.10192276205106911,0.10055292562785415,0.9873467434824014,0.8753290603265353,0.8644531373667774,0.07058697709370526,0.09835754938382069,0.07423673389539895
0.120755,0.02203249,6.338053960409592e-05,0.035434577,-0.389515331,0.0114,0.0152,0.0178,0.0197,0.0219,0.0242,0.0264,0.0291,0.0327,0.0444,,0.39867572181082983,0.4233080553728234,0.8850558435568526,0.04617287225329836,0.13613088878246318,0.054791822177555224,0.08485071586391628,0.10537311066518869,0.09846185872066755,0.9652883920574875,0.9240897324884244,0.9328877909161846,0.08456480346157795,0.09407183461315849,0.05982595545701977
0.130907,0.025797832,8.030509261072539e-05,-0.156503218,-0.333125441,0.0137,0.0177,0.0213,0.0239,0.0262,0.0285,0.0308,0.0335,0.0374,0.0469,,0.39299075471401984,0.46107964822195374,0.8060079745461501,0.03582252035021266,0.13640045521598365,0.06681537290975388,0.07916904054277663,0.09374877430916649,0.09615181205021144,0.8252963368698585,0.9133275012553635,0.9111438676794008,0.09389429892843941,0.09850811775632565,0.07678796691167877
0.115745,0.024249549,7.85053257042372e-05,0.046295262,-0.255407262,0.0129,0.0165,0.0189,0.0215,0.0239,0.0267,0.0292,0.0316,0.0358,0.0494,,0.3832137299719188,0.4478333643873939,0.5900069785496787,0.03629789778880208,0.13276126181632572,0.07699544971749317,0.09303115292211776,0.08771928653896909,0.11455404313808565,0.9975492144393251,0.9029791553239388,0.9685547539173159,0.051070061419366895,0.08756875050302092,0.09487508576814978
0.116247,0.025165898,7.293336981330868e-05,-0.255544357,-0.443579893,0.0142,0.0174,0.0205,0.0232,0.0254,0.0278,0.0306,0.033,0.036,0.042,,0.39965332784072016,0.4064859703086541,0.5651297621321149,0.03534403659296812,0.11987134602042364,0.07806381903810547,0.09032218629584329,0.11798789534970089,0.12924169292457383,0.994712261063273,0.9654625854847579,0.8305803516055289,0.07843909671008063,0.06830303281534676,0.06906884730161555
0.115861,0.025967494,8.474497735453053e-05,-0.079383597,-0.413832699,0.0138,0.0175,0.0206,0.0232,0.0261,0.0287,0.0318,0.0346,0.0378,0.0485,,0.38677572157269496,0.43150000974410513,0.8330445091013253,0.040129011997482034,0.13031225840540184,0.08456651908984046,0.06642566551016577,0.08660771453552421,0.0963002271602195,0.8350679471478311,0.8459462311387896,0.8748970734231023,0.06437386961910581,0.06886878985296789,0.09159849742431568
0.135233,0.020922826,8.378243305429486e-05,-0.028516743,-0.684731047,0.0082,0.0119,0.0159,0.0189,0.0212,0.0235,0.0263,0.0295,0.033,0.0449,,0.3650893049298646,0.44913317367550865,0.545440477866695,0.0394314820771901,0.13622827437337864,0.05605634348560034,0.0789641021942469,0.0982885344338764,0.11175815390374082,0.9352219800502658,0.85253416459454,0.8924922939063599,0.07017732941510127,0.09541491589276425,0.08332137592700987
0.131283,0.021505496,9.539995408249295e-05,0.026441589,-0.816542988,0.008,0.0118,0.0159,0.0185,0.0212,0.0244,0.0277,0.0306,0.0345,0.0437,,0.39362935036043156,0.4338421837346202,0.508266358600939,0.045193326739801094,0.12947958142704677,0.0860119160389378,0.09319711258833223,0.09660681328240704,0.11547373584359207,0.8140104188020063,0.9798924570214717,0.8887728019983012,0.051727268536354766,0.05834678908934365,0.08531745813518263
0.124029,0.024331192,0.000106706,0.120494659,-0.786886738,0.0108,0.0144,0.0176,0.0207,0.0239,0.027,0.0304,0.0344,0.0384,0.0488,,0.37336530259963085,0.40245882961024426,0.5094869406550313,0.04425208273501563,0.12542022043325096,0.0704377370818995,0.09094708403912247,0.11384089304201075,0.12130735804414444,0.9279239368073628,0.9327112779643498,0.9095635523374493,0.05305122175436372,0.07304323334935688,0.07054596934719555
0.145534,0.023827283,7.634653296975647e-05,-0.017599007,-0.590444676,0.0117,0.0162,0.0191,0.0213,0.0236,0.0262,0.0289,0.0319,0.0354,0.0451,,0.40493800242789685,0.4373725201629719,0.9234683769924873,0.04033047785340913,0.1222861492993437,0.08584374335491662,0.10154381737641952,0.09206388277218734,0.11087933419923714,0.8333891069648498,0.9655644301318043,0.8784504665479652,0.05290476835074914,0.09611065525126324,0.09008508848029087
0.141711,0.020424482,7.985957692247199e-05,-0.059655737,-0.811457024,0.0077,0.0121,0.015,0.0182,0.0208,0.023,0.026,0.0288,0.0323,0.0402,,0.3511065164574176,0.4958986223743891,0.7188292164033895,0.0470514962555523,0.11549978034336472,0.08559316824253227,0.10161611262451867,0.11138557253056092,0.13002220970311604,0.8770555860320872,0.9664121758823271,0.9661543968974502,0.05750176652990849,0.06700206405426784,0.07666996977953164
0.13883,0.024078839,8.752919926738701e-05,0.1877295447871269,-0.441789494,0.0122,0.0156,0.0184,0.0211,0.0234,0.0262,0.0289,0.0323,0.0366,0.0498,,0.41592776331007936,0.4985291050995587,0.9226362813379312,0.04755913703702004,0.1471304321222076,0.07833176693660629,0.07131586954834591,0.09286674231523938,0.1323265082007028,0.8572216327267562,0.8444013229022002,0.9837487720796911,0.05369501217974788,0.09774195924124915,0.09376411990998798
0.138447,0.023509501,0.000124624,0.2111388080101265,-0.613561214,0.0089,0.0132,0.0166,0.0196,0.0229,0.026,0.0295,0.034,0.0388,0.0534,,0.359901444709347,0.4708525989734632,0.8527625295235269,0.040596292458253566,0.13165061824178795,0.08099025725399843,0.10088323013733634,0.10073786000076265,0.12472381770209669,0.859233894039613,0.8559658844202832,0.8673005796997717,0.07836874013832819,0.06905677737641241,0.09052539209936217
0.13402,0.024567311,7.926246654036975e-05,0.044572703,-0.267834166,0.0132,0.0169,0.0194,0.0219,0.0242,0.0268,0.0293,0.0322,0.0362,0.05,,0.38294641322870626,0.4489713678405992,0.5124372355019887,0.047321707833577614,0.12482976645281235,0.059362474684032725,0.0703177923979567,0.0990744972840117,0.12523013693522572,0.8955146284345783,0.9560415844147419,0.9399279703587761,0.07096463355324814,0.06898357666271276,0.08810687794477998
0.134774,0.021446214,9.447089059558223e-05,0.1202192099289194,-0.516332119,0.0085,0.0122,0.0158,0.0184,0.0215,0.0245,0.0271,0.0298,0.034,0.0475,,0.37819284719957164,0.4737002216515273,0.5314912069674018,0.041942170575425736,0.11826050078430567,0.07780939139602576,0.0934244438439018,0.10491491865063553,0.11201790874943317,0.8418456707920471,0.886004406975008,0.8299322850226788,0.06818333664564184,0.07321346680411454,0.08101175876459839
0.131484,0.024922339,0.000140091,0.1824016278689341,-0.591026942,0.0086,0.0137,0.0175,0.0211,0.0246,0.0282,0.0317,0.0357,0.041,0.0571,,0.3620828147328789,0.40860919667073736,0.6821499718718113,0.041512272868477924,0.13960345432705332,0.06838908665141749,0.07527261404429461,0.08283323278947158,0.1277271533514838,0.8453980964389423,0.9034971805691036,0.8298063753339946,0.08107102894486333,0.05566300535546977,0.0701444919417064
0.112683,0.018152393,5.6110951172113915e-05,0.090852075,-0.689452735,0.0076,0.0111,0.0134,0.0161,0.018,0.0202,0.0228,0.0249,0.0282,0.0386,,0.397484580869402,0.40608766485582565,0.6485054209262717,0.04161947363786294,0.129415975972936,0.0718390355819295,0.09078937763097228,0.10841544597759593,0.12259216225612317,0.9959450459798553,0.9188812381292392,0.9149999224954389,0.06813768342096498,0.08124777462181389,0.05737016093057784
0.114209,0.017699844,5.888849051764434e-05,0.025510246,-0.76033094,0.0067,0.0103,0.0126,0.0154,0.0176,0.0202,0.0222,0.0249,0.0279,0.0368,,0.37030492369302886,0.4974544421016491,0.5314595811774454,0.04537604280580018,0.14456565281670053,0.08127999060647861,0.07286578509054532,0.11555199561812579,0.12681378065419419,0.9338636279837326,0.8744871674066969,0.9057840414237875,0.09125630824837218,0.06587448473679011,0.09158426404625468
0.112844,0.020609391,6.235747969610331e-05,-0.066542863,-0.85657939,0.0098,0.013,0.0159,0.0184,0.0205,0.0231,0.0256,0.0283,0.0311,0.0361,,0.4047484099424248,0.4255416128889172,0.784678517443554,0.04003937615813178,0.12223606763716356,0.052132631135978366,0.0738834068859613,0.09622051238181478,0.1264227198234647,0.9913522680798998,0.8679101716443539,0.9202008500338179,0.07024503325236224,0.06855391389008042,0.057210373049226174
0.114672,0.019707402,6.269681854217033e-05,0.043493362,-0.709188031,0.0092,0.0124,0.0149,0.0176,0.0198,0.0219,0.0244,0.0273,0.0302,0.0404,,0.3652345959549421,0.4146957232432766,0.6073690860497538,0.04921089273157566,0.11546967606948767,0.06717500226773233,0.06997971930244595,0.10583997511480424,0.11863211695975873,0.8345088386150316,0.8420010606244976,0.947557801598111,0.08769879697135628,0.08347113783577298,0.09653011875500964
0.122304,0.017700606,6.72670959862529e-05,0.1685318899574947,-0.538530781,0.0065,0.0107,0.013,0.015,0.0173,0.0203,0.0223,0.0248,0.0286,0.0415,,0.39288546195862417,0.4217067564062234,0.6111902581681031,0.04246843353326683,0.12195807529382878,0.06561892080093887,0.07905020077736943,0.08988435560479932,0.09897379594526498,0.9198294825727841,0.8880054633216826,0.8595195275534799,0.06358523108207241,0.05470769815625243,0.08190041342033082
0.139389,0.017474283,6.094190137311634e-05,-0.059141266,-0.889927626,0.0067,0.0097,0.0126,0.0154,0.0175,0.0203,0.0223,0.025,0.028,0.034,,0.3572126190221871,0.4893840478672253,0.9070156182634547,0.0462214331587618,0.11389738898946386,0.05155149286975766,0.0807433339947169,0.09627111837349707,0.10573987456315888,0.8923204481710026,0.833360992154662,0.8472567264242054,0.0726512971047366,0.0905114635162471,0.08478607829303542
0.130512,0.019305988,5.305706600140162e-05,-0.069999232,-0.810223088,0.0093,0.0125,0.0151,0.0172,0.0195,0.0215,0.0236,0.0262,0.0293,0.0344,,0.3716815733224674,0.4297031514240232,0.690765185348473,0.04746237903642206,0.1318472172501141,0.06288550586769176,0.08512881411728525,0.10191557057338177,0.13413159494336196,0.8891852104527196,0.8983606897504136,0.9860384827706741,0.08299872575087498,0.0648504221119832,0.06917833383340023
0.114266,0.018289114,7.522562045862945e-05,0.2279705056828105,-0.571924148,0.0067,0.0098,0.0133,0.0154,0.0177,0.0203,0.0231,0.026,0.0303,0.0419,,0.40740453240616314,0.4539345024297707,0.5741865139820289,0.04107750507683886,0.12291270266746132,0.0665423716629469,0.09784370455227673,0.1034070768997533,0.12303925554639121,0.8356327169435764,0.9459968838736976,0.9525119830754687,0.09039044733260285,0.062355650954367285,0.06517017894489102
0.126103,0.017601316,6.379704172245085e-05,0.027904324,-0.800767642,0.0062,0.01,0.0128,0.0151,0.0174,0.0202,0.0225,0.0251,0.0283,0.0365,,0.40765841398225944,0.4394138315004134,0.5989357427811574,0.043642046415582704,0.1419897682639216,0.07429859754994851,0.06757171867507,0.09985434936114085,0.11693603828825312,0.8626645033876745,0.8104390147832212,0.99569189550608,0.05507792713393477,0.09476744964924348,0.08673415821296267
0.124845,0.018107647,5.55991993271736e-05,-0.061866782,-0.870597406,0.008,0.0106,0.0132,0.0161,0.0181,0.0208,0.0228,0.0253,0.0281,0.0341,,0.36466703455375665,0.45396310075290525,0.9351763244963193,0.0426253710202243,0.11389341090653614,0.06933015200183516,0.07929249224079415,0.08421917562275999,0.10023519387136239,0.8395467423459925,0.9362872679157193,0.8646925408634502,0.07432792957721683,0.09493864548682898,0.06744760658223599
0.117777,0.016093691,4.718990516593998e-05,0.053840694,-0.787092358,0.0072,0.0102,0.0119,0.014,0.016,0.0179,0.0202,0.0225,0.0253,0.0334,,0.3794872395940403,0.4931930025907825,0.8328974364293923,0.036640443085551415,0.13160409572674572,0.08223300745268447,0.09583733850099478,0.08162630867403643,0.11846318197752191,0.8347778209528296,0.8790252389603015,0.9058413737601683,0.0926531460845558,0.0787255648650484,0.05941250631315073
0.117039,0.016191091,5.463074653146174e-05,0.042548168,-0.811532723,0.0054,0.009,0.0119,0.0135,0.0163,0.0181,0.0207,0.0231,0.0261,0.034,,0.4165097594959672,0.4408830335753447,0.7454885619825773,0.037114133796764336,0.1161279664622513,0.06975793312769518,0.09067799831428594,0.11178460524736791,0.11445004198134937,0.8565266290369611,0.8362889679473176,0.8209230117667979,0.05833586147194063,0.05443305264928048,0.08480020101139171
0.120774,0.018455971,6.461568946160237e-05,0.1294126508424141,-0.734327822,0.0072,0.011,0.0134,0.0161,0.0182,0.0203,0.0233,0.0257,0.0297,0.0388,,0.3881128252050436,0.4759156876705469,0.5119838906449585,0.04760469727256706,0.13999037260054847,0.061505972069645296,0.0836484591612922,0.09019032022827685,0.13040910130434952,0.9838941412803719,0.9600124230535695,0.8657856295437669,0.08373610136429974,0.06651835825208688,0.09590802435819631
0.115872,0.018061709,6.938030949049163e-05,0.1161417738691641,-0.664434282,0.0066,0.0108,0.0131,0.0156,0.0178,0.0205,0.0227,0.0257,0.0294,0.041,,0.358004172582565,0.4371167014326498,0.7659383447035011,0.03955187287274876,0.14249335895340262,0.06981375149415259,0.10018233056002875,0.1132305387867829,0.12365427337391006,0.873269418507542,0.9052525511781894,0.8785655358933676,0.05273765181147951,0.05805431532374505,0.06891176038353447
0.11918,0.016654491,5.5353458284236586e-05,-0.009590107,-0.810051315,0.0057,0.0094,0.0124,0.0144,0.0169,0.0185,0.0212,0.0235,0.0264,0.0344,,0.41424324531536616,0.4680826799884674,0.5193924831477867,0.047690142263723485,0.1429235597540688,0.058680801623300256,0.09134095789699313,0.08907454584749763,0.10931462046732682,0.8091317468096959,0.9890798594438949,0.9775716386716927,0.06480920528028934,0.08324603177182938,0.07096382299390647
0.131267,0.017848213,6.046494590945064e-05,-0.04634567,-0.913217926,0.0075,0.01,0.0129,0.0158,0.0178,0.0206,0.0228,0.0254,0.0283,0.0341,,0.4112563684929932,0.48381476656501265,0.7382852996820624,0.03934739093441122,0.1485867447279824,0.08640555994339842,0.10087559111778666,0.1001861449078855,0.11724054584912476,0.9810664196964978,0.8064995177466878,0.9191552392627194,0.0708357339899937,0.07280937580422848,0.07277287978922732
0.122477,0.017772203,5.663154041733101e-05,-0.030466084,-0.859275593,0.0077,0.0102,0.013,0.0158,0.0178,0.0204,0.0222,0.025,0.0282,0.0342,,0.36403217111369685,0.447991268744905,0.6283498892648944,0.03670728843693913,0.12105174276181178,0.058834762710408564,0.10043908675280865,0.09260689455298611,0.12254890670100854,0.9327431739343801,0.98937347793962,0.8649797557435293,0.08271338395848198,0.07929862242786509,0.08818505822904342
0.130362,0.017794485,6.59697035396877e-05,0.059149043,-0.731333426,0.0063,0.0104,0.0128,0.0156,0.0179,0.0201,0.0227,0.0252,0.0285,0.0389,,0.38624309060622053,0.4846040544316582,0.6963421593168817,0.04461193020024187,0.13844645684879958,0.051021141526935605,0.07046373928111918,0.08170845828177505,0.11313634542520849,0.9620895162302989,0.8338898414416497,0.9356009160936174,0.0731386195185389,0.05630510744699305,0.05966485475438579
0.114854,0.01561905,4.30874592245691e-05,0.04192534,-0.795212341,0.0067,0.0096,0.012,0.0133,0.0157,0.0173,0.0195,0.0218,0.0246,0.0302,,0.38298796443052424,0.4391393973707477,0.5190443298443569,0.04703173345238821,0.14307625280256406,0.060363695646412634,0.0804911567193208,0.09022245228456188,0.112631062668196,0.9742318665456191,0.8646825072027472,0.8883999111447449,0.05282339629678878,0.07520450633253863,0.060470517712642884
0.115225,0.016525823,5.344395286525604e-05,-0.024433789,-0.863495547,0.0068,0.0101,0.0119,0.0146,0.0164,0.0187,0.0211,0.0233,0.0263,0.0327,,0.40807772058333064,0.45319266348041853,0.5294006540070064,0.03708188478666997,0.13882393581433716,0.054905222731559844,0.10384351326417242,0.09805766775301787,0.1185072690846586,0.8563567941813246,0.9476937487850385,0.8235159635070363,0.05254844350352037,0.09054547773536101,0.09490729844358531
0.195794,0.027659036,0.000135727,0.027183534,-0.715393691,0.0113,0.0167,0.0205,0.0241,0.0275,0.0308,0.0343,0.0384,0.0435,0.0548,,0.3815893023172106,0.4515687528156781,0.6352390383142946,0.04279680004884999,0.1132748001037064,0.05199978230179524,0.10329824190977004,0.08599411425714398,0.1059171909654874,0.8691204420634989,0.9872100547657248,0.9936472295170063,0.06502180494196028,0.06429761822124146,0.09185660378446357
0.188234,0.026587022,0.000135849,0.1640567463487001,-0.382025696,0.0108,0.0164,0.0197,0.0229,0.0263,0.03,0.0336,0.0369,0.0417,0.0622,,0.3624380027719299,0.4202595730696232,0.8543622874930703,0.036110487428598424,0.14186569047741426,0.06470673671520755,0.08712831247763357,0.1083431816832411,0.10016795823649445,0.9163051372934179,0.8480007997829598,0.812790316683678,0.05410580709576854,0.08302620693775632,0.0748963917667157
0.197846,0.029053227,0.000184874,0.258654129,-0.45155188,0.0116,0.0166,0.0208,0.025,0.0286,0.032,0.036,0.0402,0.0482,0.0658,,0.3813465280309377,0.40793353445421104,0.8832843962626734,0.046917177397939075,0.12362528219614305,0.05623623303583838,0.065670524379802,0.10800618998333572,0.11532975586381145,0.8513649226297515,0.8044867153573411,0.8718931951065512,0.05996918448338748,0.07366193330802732,0.06405902916416747
0.183818,0.030370081,0.000104807,-0.109378568,-0.466372404,0.0166,0.0212,0.0245,0.0275,0.0301,0.0329,0.0363,0.0397,0.0438,0.0546,,0.40732238701109325,0.47692055822454615,0.8164908163602606,0.036422871360331344,0.13065797945076663,0.06483925652172565,0.09229200316714808,0.0916234715450004,0.12691298330730214,0.8826588461083208,0.9673956542737265,0.9777313819684232,0.07217690870005043,0.08551616754977566,0.09451026914257996
0.185415,0.030144886,0.000120464,0.061710718,-0.480353241,0.0159,0.02,0.0234,0.0269,0.0299,0.033,0.0362,0.0399,0.0451,0.0556,,0.3544358476935547,0.49198451206258637,0.9130725166653634,0.04270900671802934,0.11993579325966736,0.05046660996840177,0.08364331790921355,0.08597813292808573,0.11154590189013157,0.9149919481335427,0.9357933832598264,0.8501792391997096,0.0711259494321297,0.06282256635933223,0.06654754216596705
0.182751,0.024849162,0.000113789,-0.062051076,-0.795646194,0.0101,0.0145,0.0183,0.0219,0.0254,0.0283,0.0311,0.0346,0.039,0.047,,0.3704175222521865,0.48205444510220147,0.7453739017956394,0.03757481922626259,0.1269322799536042,0.07511245886650934,0.07194255921096321,0.08801546739458446,0.11001418287667232,0.98141999292306,0.846889876118143,0.8747749925566117,0.07759054783810018,0.06571567003272623,0.08884336694585103
0.185822,0.025537686,0.000129611,0.1213387139060216,-0.474699539,0.0097,0.0145,0.0186,0.0223,0.0257,0.0291,0.0321,0.0357,0.0402,0.0576,,0.4087943798155486,0.4689593234707598,0.5235172940957906,0.035572761536762865,0.13564007113534515,0.07911152313922677,0.09853279816474952,0.08164044174009502,0.11408712069210844,0.9836856738821953,0.9859204508684664,0.9306577727164748,0.0756662392146071,0.06279432617553629,0.08415861292672484
0.186323,0.03233526,0.000122805,-0.040189944,-0.309222874,0.0181,0.0221,0.0259,0.0295,0.033,0.0359,0.0386,0.0419,0.046,0.0617,,0.3923024555794308,0.4554445800894686,0.9231448699622167,0.03988528376146339,0.1455895026498667,0.08145392244796117,0.10415040384527387,0.11561266437403586,0.13368198007938403,0.8610813591224058,0.9645352267127935,0.8253749866074491,0.07952426719130594,0.08343552089817602,0.07782161285897843
0.184465,0.027218611,9.691404594206312e-05,0.09182967,-0.26924835,0.0139,0.0182,0.0215,0.0242,0.0269,0.0296,0.0325,0.0356,0.0399,0.0544,,0.4158021927860931,0.43475742009821505,0.7263171003168668,0.04041010898927653,0.14201484905223752,0.05143310067171631,0.06575221168760273,0.08637392999294302,0.10012601576589536,0.9545072731496486,0.8425372846762965,0.9808798745403745,0.06368291845452935,0.053628903202995716,0.08126690863592631
0.183281,0.03069522,0.000105812,-0.134481249,-0.263858705,0.017,0.0215,0.025,0.0283,0.0311,0.0341,0.0369,0.0401,0.0436,0.0562,,0.3650908331590493,0.4654506966583449,0.7425528590194588,0.03960421621459136,0.13114079384219338,0.08637173140797301,0.08798742039871005,0.10719511856922338,0.10063332704181756,0.8197010157646322,0.9513966005989346,0.9247466600411111,0.06464709463039157,0.07884055904096071,0.08999835941826781
0.126256,0.021449619,8.24938276162058e-05,-0.065443364,-0.955913786,0.0094,0.0125,0.016,0.0186,0.022,0.0244,0.0274,0.0302,0.034,0.0388,,0.3637786949734727,0.40934933998667006,0.8751233106262591,0.038196995647175686,0.13963723322447733,0.08511928729171507,0.07229429950209967,0.10900596372603712,0.10152232133318864,0.9867754143926308,0.8140644204393098,0.824284062617213,0.07433058059309751,0.09264154212429535,0.08215152219193454
0.131357,0.02111609,8.15212725152188e-05,0.033301838,-0.844440434,0.0089,0.0126,0.0156,0.0185,0.021,0.0235,0.0267,0.0296,0.0336,0.0404,,0.35225552612175265,0.4429529697683614,0.6591379483482203,0.04341010750436558,0.11457033213707195,0.0626820094840518,0.06784615627555304,0.0937651909517268,0.12800097695295157,0.9446325402212226,0.9811970171176319,0.9689590648866973,0.07503466527027478,0.07012016102526022,0.06011594532722172
0.119284,0.020228229,7.455225745475581e-05,0.045946983,-0.803824234,0.0081,0.0125,0.0148,0.0173,0.0205,0.0226,0.0252,0.0285,0.032,0.0414,,0.3544536966359142,0.4961283258700695,0.7176451948249951,0.03903032883997291,0.11792024353806183,0.08667004986155805,0.08277027505875813,0.08373349490430308,0.10946845008174318,0.8823612357473725,0.8909414418473823,0.9286919300671882,0.07108321344852062,0.06881789329971605,0.06687454934899122
0.121018,0.018998215,7.521189785368247e-05,0.1280851531146982,-0.56082928,0.0073,0.0106,0.0137,0.0169,0.019,0.0213,0.0238,0.027,0.0306,0.0443,,0.3925576040007372,0.47990958829354874,0.9102467577117402,0.04552042863464625,0.13132200028269964,0.0761853953651616,0.06992542313452843,0.11137042514197663,0.10718273189184066,0.8261112561797591,0.9907820773618784,0.9574982937026018,0.062457788300271676,0.09092404348857296,0.06730085477319675
0.125569,0.019779605,7.054478021862874e-05,0.010423173,-0.850351097,0.0083,0.0115,0.0149,0.0171,0.0202,0.0223,0.0249,0.0278,0.0312,0.0376,,0.3555816698942599,0.44399456065179604,0.8233647735901208,0.0457884098784241,0.13646622678783352,0.05900402744361641,0.09107561013121467,0.08685888441116763,0.10625350223496269,0.815484386442493,0.8283381529585514,0.9304569793372152,0.065411119339594,0.057576078631230765,0.07097557610037368
0.117905,0.019719721,7.016269774655195e-05,0.1660094517447447,-0.486276052,0.0084,0.0116,0.0149,0.0173,0.0195,0.022,0.0248,0.027,0.0305,0.0434,,0.3574731273647988,0.43720918060115915,0.685571117441601,0.045357036042725875,0.14167746553905655,0.07023695295165985,0.09190339337209297,0.09991840621064263,0.12804387337134907,0.8740992271171217,0.9728893595214725,0.8701535970188876,0.06944189984207812,0.052956826926629175,0.07684985032125226
0.112949,0.020811048,8.354969643919983e-05,-0.030874297,-0.865231974,0.0078,0.0126,0.0151,0.0178,0.0211,0.0235,0.0263,0.0298,0.0332,0.0415,,0.39887494069366,0.45358518422797317,0.5609966878112738,0.046727433592031596,0.14015804242999827,0.06225477296490248,0.0666528170288697,0.0948225026625363,0.10175508916960299,0.9276427089952524,0.8389080827793565,0.8697404457301828,0.09331384231429916,0.07892639997716963,0.08599010841130104
0.137508,0.021993119,0.000102439,0.045492987,-0.812686701,0.0083,0.0121,0.0156,0.019,0.0222,0.0249,0.0279,0.0315,0.0358,0.046,,0.3527849383544314,0.4192198403422827,0.8585718556536653,0.03868745875382933,0.13034633539457713,0.06343988687975685,0.10180522573666731,0.10803102285017914,0.10481750865285716,0.8954848907337588,0.833971326969297,0.8944353145460655,0.0848615785270589,0.09741823081585885,0.093576610130613
0.137657,0.02132785,9.267940004225044e-05,0.018542357,-0.761395387,0.0081,0.0118,0.0158,0.0189,0.0214,0.0239,0.0271,0.0303,0.0341,0.045,,0.3980373500118668,0.4611554968514747,0.9137388002334828,0.04378250960358604,0.14636120199879155,0.07168803103951452,0.08957658115146416,0.08643494517254534,0.12454337051254716,0.9054540172779513,0.9077234516164879,0.904365914507529,0.08365504840838696,0.09230832969498823,0.09230018816244584
0.122189,0.02085181,8.966692393750137e-05,0.011994469,-0.796912199,0.0077,0.0116,0.0153,0.018,0.0207,0.0239,0.0267,0.0294,0.0335,0.0432,,0.4173461039807634,0.4048327267999141,0.5191300706018473,0.04332059759967081,0.13500682021603944,0.08142873140048745,0.09995000842977197,0.11252083876601163,0.11668425653648605,0.9185706541639471,0.8776015048826586,0.805858603570422,0.05934834683557469,0.08842307622656038,0.095367116662416
0.206731,0.027040618,9.741247082808524e-05,-0.111991565,-0.704536773,0.0133,0.0176,0.0213,0.0244,0.0274,0.0301,0.033,0.0363,0.0401,0.0492,,0.3558228393820311,0.4133400394286041,0.8262703242444965,0.044822675489051805,0.12400954504244117,0.07992971890874698,0.0865868294228196,0.08625453073247881,0.11392593694149966,0.8496965635274499,0.9104123346480743,0.8523585124589019,0.08639108615016546,0.06057566423473497,0.09838360472961925
0.19247,0.025432533,0.000129183,0.091322014,-0.636122214,0.0097,0.0148,0.0185,0.0218,0.0249,0.0285,0.0319,0.0357,0.0409,0.0553,,0.3826200511033923,0.4013973628138935,0.5241535203105793,0.04170210994345372,0.14059543408343908,0.08192406311982389,0.0968818602950105,0.11175525602571058,0.1278895611345079,0.964547009060877,0.9433832992811267,0.9413178562267392,0.06330886687830249,0.08531811594034065,0.06934933485977364
0.188952,0.023188084,0.000103637,0.069412917,-0.482040158,0.0098,0.0138,0.0172,0.0202,0.0233,0.0263,0.0291,0.0323,0.036,0.0535,,0.4121090061778784,0.4840132319557365,0.5904669497055248,0.04624520238971743,0.13313760702138466,0.0703114820426305,0.06676267801640597,0.11190326816587659,0.11316905938864966,0.8349540368159075,0.8480821878368306,0.8551961812650473,0.06971005706213465,0.08912201569489432,0.06499086473604783
0.211714,0.025212009,9.206238427597432e-05,0.037094561,-0.667505368,0.0122,0.016,0.0193,0.0224,0.0251,0.0283,0.031,0.0337,0.038,0.0478,,0.3851192837438876,0.4725293427850216,0.6937476065970614,0.036273346957563436,0.11675563238639612,0.08032769746829016,0.09326329672639098,0.08806035069521453,0.10604839962991763,0.8377100199826973,0.8413201981941069,0.8456453709622106,0.07936512969662746,0.08148876234009654,0.08577843941000879
0.213759,0.025562566,0.000101543,0.033091023,-0.672812548,0.0123,0.0164,0.0197,0.0226,0.0255,0.0285,0.0315,0.0347,0.0387,0.0509,,0.39830420201818895,0.4433964060596876,0.9212427532828965,0.04890689061677791,0.13417747897593252,0.06550056995069597,0.0728091224786961,0.10367718313623521,0.12176740582756383,0.8728686415204233,0.9831570738739778,0.9466137715571744,0.06740634635264084,0.09161620224932733,0.08843968771774872
0.210881,0.025273557,0.000100014,0.031739371,-0.711141187,0.0119,0.0158,0.0191,0.0223,0.0252,0.028,0.0312,0.0346,0.0387,0.0492,,0.3652814952037887,0.4529696331064349,0.9282172415804659,0.04586048209928643,0.14106424850354143,0.07545965498237298,0.06995257428176484,0.11583943763458089,0.11339006375385369,0.881799176055936,0.9956253121230886,0.8789535302163133,0.09300765538957476,0.08140291062471557,0.06262484415542338
0.205855,0.023362462,8.537097222105863e-05,-0.004612968,-0.699265215,0.0106,0.0143,0.0176,0.0213,0.0237,0.0261,0.029,0.0315,0.0357,0.0465,,0.3528487577786348,0.44163355710593677,0.8541885393901566,0.04670729633807016,0.13268766216978778,0.06936586126682066,0.08581230301189084,0.08421103764366125,0.105998541675824,0.9524673604408677,0.8975862793696955,0.9346683823923307,0.05826630186901556,0.058182802264519516,0.06704773335045966
0.211183,0.02452187,8.766761932491382e-05,-0.077423283,-0.72534368,0.0112,0.0161,0.0194,0.022,0.0246,0.0273,0.0301,0.0334,0.0365,0.0451,,0.35146678907214696,0.4051789122923822,0.8986975569321193,0.04222338209109549,0.13708224151889706,0.06785033986255255,0.0844454342856731,0.08737928659774934,0.12432808206083257,0.8516249982987559,0.9933081436135531,0.8117453426429164,0.07555732492634638,0.08224588840083129,0.07914720097384578
0.211742,0.026480332,0.000111893,0.178703634,-0.444798876,0.0121,0.0165,0.02,0.0234,0.0267,0.0294,0.0323,0.0361,0.0401,0.0579,,0.3720724153820704,0.42637644412839165,0.6554827861400008,0.04654923933288124,0.1432701521600359,0.08571159934794513,0.08517023500692304,0.11063731784030705,0.11737093126340317,0.8322228807873083,0.8454890071300648,0.841778717173852,0.07032360317696451,0.06747931631645829,0.06587062516558602
0.207696,0.023578123,9.501091827615868e-05,0.080741392,-0.58896412,0.0105,0.0143,0.0174,0.0206,0.0236,0.0265,0.0296,0.0323,0.0363,0.048,,0.3535549113752132,0.482502360543683,0.6835999797850993,0.04058818074010405,0.13257419858850836,0.0672636557661141,0.09329907039810324,0.1007265190733711,0.12037707897382521,0.9900148799345918,0.9808853363538163,0.901614556620411,0.060809038496636256,0.08080559125145557,0.08074880510196983
0.143209,0.021096386,6.98457268339577e-05,0.1018518277724461,-0.67055323,0.0096,0.0135,0.0159,0.0182,0.021,0.0233,0.0258,0.0288,0.0325,0.0419,,0.3972608652939984,0.4202066234495979,0.5175257845449786,0.04844042426370965,0.1277870413414702,0.0637268064028662,0.10237118753480702,0.10504205524885575,0.10577875086673211,0.8591788872166366,0.8781744610356305,0.806302205366976,0.05281414064834114,0.054479767091537165,0.08330224135902521
0.144098,0.020637669,8.396471093200363e-05,0.016737342,-0.738290307,0.0078,0.0126,0.0152,0.0178,0.0209,0.0234,0.0259,0.0292,0.033,0.042,,0.36886414919483623,0.44356212043364934,0.6433978385659119,0.04488363850779134,0.1381755078470148,0.06786141749469908,0.09443301228746563,0.09403105578494897,0.12265791269764428,0.9531543153790357,0.8248771821685725,0.9729775993794286,0.0689944422955722,0.09855530994726237,0.08841274351074449
0.14814,0.021093535,7.625406256868731e-05,0.1818842396884298,-0.573453443,0.0096,0.0127,0.0156,0.0186,0.0211,0.0233,0.0258,0.0287,0.0328,0.0457,,0.3913315173469637,0.4062456404668453,0.9311721770212908,0.04725835958874064,0.1419075551133386,0.06230856391098084,0.07313187872975489,0.08728998821060391,0.12077967226323962,0.8976428786121118,0.9174653277493133,0.9390598830091551,0.0883850709995965,0.08022685985599298,0.09784240411005998
0.138239,0.021789659,9.97223695918294e-05,0.081497976,-0.742535538,0.0083,0.012,0.0161,0.019,0.0215,0.0241,0.0276,0.0312,0.0352,0.045,,0.3837042381070009,0.42549095373271356,0.5552580338189952,0.03686657541383671,0.1366100136977088,0.06882677019917798,0.09053258760581886,0.11730320779076855,0.1181420972975146,0.9874954112500792,0.9314865598848425,0.8966465149175561,0.07017070928868958,0.08644966031255374,0.08002535951196067
0.141107,0.022273317,0.000102898,0.064973027,-0.78134521,0.0087,0.0124,0.0162,0.0191,0.0226,0.0253,0.0282,0.0316,0.0362,0.0468,,0.41289789022692597,0.4309240428692761,0.5994702270654941,0.04496553439526774,0.12139407773940447,0.08178266818202716,0.08238626737790712,0.08933111279223499,0.13286243028203001,0.8569711390789744,0.854538268149434,0.965520632343271,0.05655448156446683,0.07548945803957775,0.09105918689939248
0.13323,0.021441635,7.849253908860449e-05,0.0604489,-0.768805269,0.0102,0.0132,0.0162,0.0189,0.0213,0.0234,0.0268,0.0299,0.0334,0.041,,0.41474460049710665,0.4220410637513429,0.5798825988942801,0.03645740374172424,0.14693324839656752,0.08592847487311475,0.07239316074548542,0.10195331214539774,0.09782511845847282,0.9677553668754676,0.988066642612123,0.947271730501477,0.07583855654185462,0.07003271177488284,0.09720541405039929
0.145657,0.02200959,9.913451112644206e-05,0.1066755403081282,-0.609353669,0.0091,0.0129,0.0162,0.019,0.0218,0.0244,0.0276,0.0309,0.0352,0.05,,0.3513407293351123,0.45137624281497357,0.867688806296407,0.03641011017392754,0.1476162563234414,0.060354387830331924,0.09642652148490076,0.10896167431456065,0.10496077446812822,0.9392238705911141,0.9503466931568628,0.957825224555382,0.07154955399552562,0.07110259156274915,0.08095385047307677
0.138892,0.021832478,8.109017886479228e-05,0.007237643,-0.819158116,0.0093,0.0132,0.0164,0.0191,0.0219,0.0246,0.0271,0.0301,0.0342,0.043,,0.3672753193009096,0.4300237078429597,0.5950512827550082,0.04687863872431367,0.1478006180638282,0.06389970132065492,0.06799345427295245,0.09144811662272438,0.10834609455795093,0.9811584427780797,0.9148028863675134,0.8859715209732982,0.0579741005657561,0.07976697123292356,0.07301826701645699
0.140146,0.022846157,0.000112631,0.084350231,-0.742830953,0.0092,0.0131,0.0166,0.0197,0.0229,0.0261,0.0292,0.0327,0.0372,0.0512,,0.3906156628402378,0.4889218229429254,0.8076128310024066,0.03751400212160229,0.13714970373724786,0.05518201694885,0.10315044734011447,0.09886665306452806,0.12538686079603273,0.9119186435798622,0.955857646455087,0.8409544761677352,0.08904805792030254,0.09583049546647333,0.05978831508956359
0.144875,0.022015818,7.234305782155903e-05,0.1684225759971074,-0.3849229,0.0105,0.0141,0.0176,0.0197,0.0217,0.024,0.0268,0.0295,0.0332,0.0449,,0.4170272580890878,0.43828038362783106,0.8964720941526136,0.04422466552072143,0.13956067941715822,0.07519610822307406,0.07098814033871206,0.10181681262384722,0.11301474716779202,0.8397750223685867,0.8869095733123993,0.873742408382221,0.08479939048175437,0.07990989300413967,0.06674262528297026
0.105783,0.018051376,6.49878580107194e-05,-0.01262058,-0.826442435,0.0065,0.0103,0.0133,0.0155,0.018,0.0205,0.0229,0.0256,0.0291,0.0366,,0.40717039868643984,0.47563865780121484,0.7521433688201863,0.044932808468003155,0.14216913494092076,0.05116587875421853,0.10253360039612136,0.09814912732037108,0.10854352291114437,0.9825608275199593,0.9586490241065111,0.8247314912259135,0.0914092878439396,0.06459691925344496,0.09291204538585543
0.128166,0.019184831,8.022895985662335e-05,0.161143666,-0.677393113,0.007,0.0106,0.0139,0.0163,0.0184,0.0217,0.024,0.0272,0.032,0.0422,,0.39372456067081935,0.4952812192075071,0.9017922509056001,0.040355969306759686,0.14367628167968832,0.06387271375580747,0.08500323924614564,0.10821099133123274,0.11595518871767281,0.8222180541568977,0.8680259213466479,0.8503959348142895,0.0893514399389268,0.06540395411629127,0.08235285093762092
0.124395,0.021037291,7.597231755369606e-05,-0.005166947,-0.879123311,0.0099,0.0126,0.0159,0.0183,0.0209,0.0236,0.0262,0.0298,0.0327,0.0389,,0.3900305500771488,0.4637087219326127,0.5802763934175748,0.03801609959977774,0.13147466994176538,0.07077350402548366,0.08158093889513635,0.1013773141345805,0.1283205323364409,0.9531880908814193,0.8434232875171803,0.9283396220013703,0.0709094954925838,0.05979566455749701,0.06710305569739619
0.104712,0.019276429,7.463025238021952e-05,-0.043611627,-0.820171116,0.0067,0.0111,0.014,0.0172,0.0193,0.0221,0.0246,0.0274,0.0306,0.0389,,0.3683238583819722,0.45677995687990897,0.8190316049438615,0.03712467529494278,0.12717855557471777,0.050759989514052375,0.08139989749274056,0.11678640728431779,0.1048590429764194,0.8924789235209069,0.8554526651773743,0.9227462879672176,0.06931548261487572,0.06118142336423573,0.08814563132238583
0.125913,0.018209091,6.883729777050727e-05,0.1481379532925851,-0.456341279,0.007,0.0102,0.013,0.0161,0.0183,0.0204,0.0228,0.0256,0.0294,0.0442,,0.4007138824447964,0.4540549083729913,0.5667396870212902,0.04777970664070945,0.14131596613922717,0.07532890521443518,0.07207326820434638,0.10859917654976411,0.11253543938151224,0.9153605512106155,0.8504947584179354,0.8521160469690432,0.051036768883253765,0.09522137316057085,0.09249059844465739
0.099731,0.020534919,9.140161537158308e-05,0.2279616415429803,-0.587101182,0.0078,0.0114,0.015,0.0174,0.02,0.0229,0.026,0.0286,0.0338,0.0434,,0.41748691615711386,0.48913862905628225,0.9285507805855003,0.04452847015914646,0.13347823217766064,0.07005077873091087,0.08683642672342676,0.11549761992866671,0.11780336152393601,0.8406646762448956,0.9326183156640471,0.8780932721199601,0.07110436499155832,0.0910427659363022,0.058063648601105654
0.121699,0.020714053,7.233481241776807e-05,0.069104116,-0.707326877,0.0096,0.0129,0.0153,0.018,0.021,0.023,0.0257,0.0285,0.0321,0.0412,,0.35129509579032797,0.4255751214818535,0.8755327651478364,0.0467172482619828,0.13493527283607937,0.0692576060013576,0.08199218863554084,0.11040822642642059,0.09661716572201455,0.9329965743802096,0.8515851397525075,0.9482156678157267,0.08342202398255168,0.0601389645905745,0.062100591500292575
0.116937,0.019644922,7.452516018222897e-05,-0.051471759,-0.780466115,0.0072,0.0115,0.0142,0.0177,0.0198,0.0224,0.0249,0.0277,0.031,0.0394,,0.384461816203608,0.4792688778914074,0.8074953571966762,0.048271028156537436,0.14051303453717504,0.06047808834425026,0.09761899502101604,0.10153842947333674,0.12645611748839844,0.9687608870614344,0.8383012612372746,0.854324407616191,0.09228929146214679,0.054835189299614034,0.06578481088490183
0.121967,0.019865768,6.591900228792428e-05,0.042008472,-0.772040382,0.0089,0.0122,0.0147,0.0175,0.0199,0.0222,0.0248,0.0275,0.0305,0.0401,,0.3540053763537044,0.4882027961377909,0.5658288590761876,0.042085447973469164,0.14432277920088135,0.0799205634312874,0.06730691303039492,0.10841744272419529,0.12960008512551835,0.9241031380096525,0.8453641437380645,0.985142916391566,0.08946013785829204,0.08597616760745463,0.09543061025527352
0.09716,0.020538526,8.510526295980381e-05,0.1048364458111853,-0.789208379,0.008,0.0115,0.015,0.0176,0.0201,0.0228,0.0259,0.0293,0.0333,0.0431,,0.40885531497908767,0.4793183180334746,0.6288851708258983,0.049524674144463876,0.143957914453193,0.07402684108354902,0.07930562414373474,0.11734710912960702,0.10837731346002535,0.977113837046957,0.9566383334807287,0.8346232035923428,0.09411307159081246,0.06354936221580283,0.0872164659296741
0.122195,0.018109429,6.859004664513919e-05,0.1197608727917906,-0.64513254,0.0065,0.0108,0.0129,0.0155,0.0182,0.0202,0.0228,0.0257,0.0291,0.0394,,0.40358109501914713,0.45500646891559926,0.5340763530999139,0.04248988623167183,0.12040408887661115,0.07546700530272936,0.08446142681884482,0.08427053515589265,0.1333090316435587,0.8651936040930778,0.8840300353543477,0.9733330005081676,0.07977813366744459,0.05654471372491984,0.05779354001150209
0.146991,0.01912716,7.144859258494671e-05,-0.039696997,-0.800321871,0.007,0.0113,0.0136,0.0175,0.0194,0.0218,0.0243,0.027,0.0304,0.0398,,0.36606920096171025,0.4761562754344388,0.7299210983407868,0.04190300959176144,0.1374872355990721,0.07284897479960993,0.08476797437729375,0.10532202347080495,0.10244782805952607,0.9266602023798118,0.9130351805293209,0.9868831177603984,0.08388115716247646,0.08420582512279465,0.08467927761343107
0.123347,0.020373562,8.226573625394949e-05,0.1378954987872985,-0.600883717,0.0079,0.0125,0.0148,0.0174,0.0201,0.0232,0.0254,0.0284,0.0322,0.0422,,0.37615458011675174,0.43873056831271556,0.6809816980608369,0.044184439072101254,0.14233992684660424,0.06778905528284701,0.09426021577042089,0.10751432821810995,0.1192752206632275,0.888021243934098,0.8471000285076927,0.9788108132522712,0.055985684534790164,0.06524915704044251,0.09296874826099233
0.136607,0.017773292,6.588746802544539e-05,0.095208377,-0.697022132,0.0064,0.0107,0.0127,0.0151,0.0181,0.0201,0.0226,0.0254,0.0284,0.0398,,0.37771132001463953,0.4146105149501237,0.7473299012588682,0.03736547739006729,0.11392954436531566,0.07082038257255258,0.08118949561327955,0.10456902731160295,0.10590880911570977,0.9298656777461872,0.8131062998223482,0.8847072653432697,0.06684360609204255,0.0525244401873702,0.09181111328286207
0.129925,0.017894178,5.9570324140385594e-05,0.044268797,-0.743953458,0.0069,0.0105,0.0129,0.0156,0.0177,0.0204,0.0224,0.0252,0.028,0.0372,,0.37921498442563584,0.47478448299044207,0.9306439165974701,0.036148151179486075,0.1278728697378469,0.07878343900109436,0.07711193639202657,0.09422061670049449,0.12645522954479027,0.9565552313824289,0.8117937991712295,0.9194396478183885,0.05735578703340676,0.061466595059231105,0.08477263603171094
0.149888,0.021451616,9.01542086616415e-05,0.2802068909560125,-0.494986856,0.0091,0.0125,0.0156,0.0184,0.0214,0.0236,0.0264,0.0296,0.0345,0.0462,,0.4098198788585283,0.4373197688489147,0.9337440802927852,0.040791315624871614,0.11681331885951049,0.07684131458633177,0.10386430606551644,0.11072754822688806,0.1191092796067761,0.9057450950395561,0.9331622903458909,0.8997968228155955,0.09260743693316516,0.07805724926446536,0.08799821062638552
0.130286,0.021695596,9.139028946011372e-05,-0.040395245,-0.875039543,0.0083,0.0124,0.016,0.0187,0.0218,0.0249,0.0277,0.0309,0.0345,0.0431,,0.35263303126589285,0.4834983141731839,0.780201311366259,0.04010073765767151,0.12240221204567617,0.06708593155891286,0.08743697326303239,0.08412326528809226,0.11833344944480549,0.9276156876036397,0.8813995374273342,0.8093582080330216,0.06577353373154375,0.0900850269019543,0.08667374870681623
0.122814,0.019170641,6.783628871902619e-05,0.077890139,-0.637270127,0.0076,0.0117,0.0139,0.0169,0.0193,0.0214,0.024,0.0267,0.0299,0.0401,,0.38363559319283835,0.41598332693310025,0.5817886362020183,0.04106277264033847,0.11837370638509657,0.05421642984034275,0.07825844519740156,0.08308735015298852,0.1080903036692099,0.8484725138142933,0.9197364368224137,0.9700336713072701,0.08136252872712545,0.08811651663544649,0.0800226540736333
0.128925,0.017468905,5.1982310374301473e-05,-0.000681072,-0.785567205,0.008,0.0102,0.0132,0.0153,0.0177,0.0194,0.0218,0.0239,0.0273,0.035,,0.4170232627065775,0.49829337637682014,0.7410701707673337,0.04271030600555725,0.12975459002521783,0.07124956371956526,0.08022802592333741,0.08524969108780442,0.09889232743883637,0.8104522261467838,0.946579003557977,0.9204213794391741,0.0930127092257513,0.07461093037292296,0.07263063679142064
0.124679,0.020717497,9.152629650251392e-05,0.1798816850072114,-0.45175678,0.0082,0.0117,0.0147,0.0176,0.0204,0.0231,0.0261,0.0296,0.0335,0.048,,0.3520282235191189,0.45115130248933794,0.6354440832603463,0.0449912927669632,0.12730416083677856,0.055428518324064834,0.07445669928535416,0.10172033283175451,0.12331880447530268,0.9592462892865111,0.9771888555098683,0.8691820952267577,0.05530229413692282,0.0591452248181584,0.08055496859055704
0.138137,0.0188874,6.216985668445625e-05,0.102918555,-0.516377361,0.0079,0.0113,0.0143,0.0167,0.0187,0.0211,0.0235,0.0259,0.0292,0.0426,,0.40487435437474806,0.4531031848679495,0.7687202927200445,0.04052780579897214,0.12814207523150162,0.058578169906962504,0.10051089448937037,0.08743984091008355,0.10203052536179588,0.9168669235771357,0.9105202646502409,0.8133460716267112,0.07539159780915616,0.0601562094269464,0.058619785240411525
0.126702,0.018496942,6.757768235313554e-05,0.014544719,-0.866870788,0.0069,0.0106,0.013,0.016,0.0182,0.0211,0.0234,0.0265,0.0299,0.0375,,0.3635253206555268,0.4953311672995759,0.6005407181127651,0.046714780674643616,0.1321027017079765,0.06367670057569828,0.07603431239143536,0.09602519541699922,0.09860123109233551,0.8677258675177781,0.8173137886461139,0.9290966770608511,0.0715383101096784,0.0854800989089471,0.07081460777300624
0.15661,0.018919975,6.926041466500218e-05,0.009207071,-0.714415056,0.0072,0.0116,0.0139,0.0166,0.0192,0.0214,0.0235,0.0269,0.0299,0.0409,,0.37132105455789755,0.4503758100344217,0.7981439602642477,0.04311317963337478,0.1149847127148049,0.05920019531018516,0.09267016151034364,0.09246741713456093,0.1040052589474349,0.958555384991866,0.8659796574909385,0.8851995139280817,0.05649844433549,0.05777354112208939,0.05715809656088827
0.141837,0.020746127,8.075608856465794e-05,0.1195188560889153,-0.610775713,0.0087,0.012,0.0153,0.0178,0.0208,0.0235,0.0261,0.0288,0.0325,0.0467,,0.3732210690893016,0.4927312530671605,0.5676193782832107,0.038862772883115064,0.14835768437069202,0.08010326028475753,0.09508100200850145,0.11710949267146636,0.12893361588943741,0.9615807929134952,0.8571717201280681,0.9652977147443421,0.053366545576732934,0.08529254332328692,0.09219677069723568
0.134828,0.019895355,7.537349060067982e-05,-0.036037362,-0.722683554,0.0073,0.0118,0.0151,0.018,0.02,0.0224,0.025,0.0277,0.0317,0.0394,,0.400220015900536,0.46530639035200466,0.5471261802097082,0.035559221205377745,0.13656119331735178,0.058936754739359394,0.10139891807250596,0.0886520107014827,0.1325225950361003,0.8312547423730559,0.8702523012202272,0.8069578308605201,0.07395725137362909,0.08698211928819709,0.07474205392088115
0.138025,0.017462571,5.006995304391135e-05,-0.041144073,-0.883321954,0.0078,0.0108,0.0127,0.0152,0.0176,0.0196,0.0221,0.0244,0.0269,0.0326,,0.3598248171554261,0.453007284490023,0.9061475631343929,0.04225007805932109,0.1460088708470905,0.05612518046828263,0.09186737409445869,0.11784508682797946,0.11236897891056039,0.8690817982360972,0.8952774763281554,0.8537003702167228,0.06437590216035627,0.08746599708587388,0.09791291729996879
0.138161,0.020765341,8.92548644037002e-05,0.1401742889346067,-0.689089917,0.008,0.0114,0.0152,0.0181,0.0205,0.0232,0.0263,0.0294,0.0335,0.0445,,0.3836727242924092,0.46427835808543527,0.7850402913996571,0.04635301610337777,0.11616656140669548,0.05931855363902967,0.10017899944532127,0.08095047708011978,0.12396203675882787,0.9287705198652672,0.8088620619577768,0.913216210989603,0.07486953190580942,0.06870900248829313,0.07755434920619807
0.137611,0.018011052,5.385031279058077e-05,0.008839725,-0.727012287,0.0077,0.0109,0.0134,0.016,0.0178,0.0205,0.0224,0.0249,0.0277,0.0374,,0.384291767171529,0.44632947382280014,0.6614404918265173,0.04545960567313971,0.13975834985209595,0.08698044808853653,0.09333122905383433,0.0973085301612417,0.11121842125975236,0.8983604361374434,0.9047554069290388,0.9639874580531327,0.07412843290798982,0.0697909521902679,0.09194235355145075
0.137811,0.018041721,6.664718624771621e-05,0.1341522795166035,-0.388976314,0.0069,0.0101,0.0129,0.016,0.0181,0.0203,0.0226,0.0251,0.0286,0.0437,,0.37102072608676157,0.4259168476892965,0.631407186050608,0.04436451739536576,0.1235718604003246,0.06066270138882234,0.07003571626478532,0.09922099560037609,0.13313901753295454,0.8062553558581529,0.9882596998670018,0.822341292560788,0.07616355763447541,0.06403294942736328,0.09339796841385696
0.13702,0.018687181,6.717765682313688e-05,9.075095978063491e-06,-0.80745374,0.007,0.0111,0.0134,0.0167,0.0188,0.021,0.0238,0.0266,0.0296,0.0395,,0.35448460727471376,0.4640895287292158,0.8239723077791147,0.048304781306423815,0.13322290899094358,0.06524853621272673,0.07895177179434959,0.11548300513574158,0.12900499273852464,0.8448565085448608,0.9098156315343889,0.8627478545722362,0.05209571654571834,0.09476036500046568,0.06303555957185382
0.12876,0.020308134,6.71801267470295e-05,0.1203992821076805,-0.648536147,0.0091,0.013,0.0152,0.0175,0.0202,0.0227,0.0249,0.0277,0.0316,0.0419,,0.36214354931138554,0.4463904511307028,0.7745220382888972,0.04484745838380776,0.11437727872954107,0.06707853044857132,0.09528133478774746,0.0921827787865725,0.13142422228118664,0.894503898862062,0.9907956961870484,0.8442348026512703,0.09015560678963264,0.08281387145896343,0.0808415529536353
0.127229,0.021441564,8.363013127221728e-05,0.02782162,-0.811368959,0.0088,0.0127,0.0159,0.0184,0.0213,0.0241,0.0269,0.0299,0.0339,0.0428,,0.4119239822756593,0.4600019017667592,0.7313033449553384,0.044366847974487165,0.14327328927541644,0.051189514267062475,0.07530931999221463,0.11020005018056024,0.12728152320296038,0.832811360305913,0.8571997363138487,0.878231890167637,0.052644487374798425,0.09140572070841958,0.05808759144754909
0.129327,0.019023132,7.800293248300203e-05,0.2127094027327344,-0.433358857,0.0073,0.0105,0.0135,0.0169,0.019,0.0212,0.0235,0.0267,0.0309,0.0448,,0.38297322711299014,0.4299410620551519,0.769009835331611,0.04220147881975425,0.13530091589398077,0.08502859080954928,0.07164894176517414,0.08280114286642457,0.10479077422274395,0.9084771702404604,0.9275070882442903,0.8345369474448656,0.054477996323571226,0.09128649479951607,0.07100584053929804
0.125365,0.020445182,7.587310734613783e-05,0.054109741,-0.774041112,0.0084,0.0121,0.0152,0.0176,0.0201,0.0229,0.0258,0.0284,0.0319,0.0428,,0.4137544616258629,0.40402193048016455,0.5187790113912387,0.03987418813215111,0.12976801921336822,0.06983131544213772,0.06744796040366455,0.11577579100476663,0.10913062654447989,0.8813623048474536,0.8352522883072007,0.8581120640174569,0.08459170403768278,0.06260489692530598,0.08457261510968765
0.132984,0.020735252,8.261352719586852e-05,-0.043307425,-0.79367515,0.0079,0.0125,0.0154,0.0179,0.0211,0.0233,0.0264,0.0294,0.0326,0.0411,,0.3910290146877577,0.4544014441188409,0.5457913972897526,0.040244534054656333,0.12437448522780853,0.05272044972793443,0.07106900437385186,0.11301003079119498,0.09762529482244665,0.9096482964278002,0.9436271979839624,0.981728986195817,0.07500892204902289,0.06323441798315392,0.06948237050757285
0.138909,0.021979795,9.523709187545646e-05,-0.057485684,-0.837777032,0.0083,0.0127,0.0163,0.0191,0.0221,0.0253,0.028,0.0309,0.0352,0.0434,,0.40440692501786146,0.47644980224840355,0.6021905930587681,0.040161475668779575,0.14855834607154067,0.08026845748906786,0.07270020827907187,0.09308792060024566,0.11136227520014572,0.9377387208360302,0.8165375099939374,0.9063887005415222,0.05688411078398128,0.06931898723075625,0.06539072699396795
0.121909,0.020171988,8.368050444761493e-05,0.060940993,-0.753981357,0.0075,0.012,0.0146,0.0173,0.02,0.0229,0.0255,0.0286,0.0327,0.0421,,0.363875152453506,0.4720428786687206,0.5192743011164267,0.04795267353556769,0.12422947747905527,0.06539821863668273,0.07881979696552155,0.10487369061524653,0.11028506888336377,0.8958323194426767,0.989234531470744,0.9700273371994628,0.051239660077460815,0.08449255058102313,0.08922957784963943
0.12971,0.019570516,7.65292113896475e-05,0.075633856,-0.614301609,0.0077,0.011,0.0144,0.0176,0.0197,0.0218,0.0243,0.0276,0.0316,0.0448,,0.37989048319422003,0.41528112576209053,0.592599911360523,0.046426139550760415,0.1323307011037287,0.06044132685179801,0.08972844768483272,0.08359686546119782,0.11754758105872826,0.8875407269492039,0.8439984004400385,0.9604846741485099,0.06654862754886026,0.08688447353224704,0.06531351136851705
0.136248,0.019969206,5.9537807113285754e-05,-0.043540029,-0.702123991,0.0102,0.0125,0.0153,0.0183,0.0202,0.0224,0.025,0.027,0.0299,0.0398,,0.3579316614412227,0.40486250066399176,0.6187088426142995,0.045038834821359224,0.12249785062001016,0.08325378869311328,0.1019269394762477,0.0979301563372622,0.1215797095136364,0.8804021363426808,0.8604410600073895,0.9382477430048125,0.057132697454201395,0.08983845831105702,0.09631254480329539
0.122946,0.020366556,8.002352698894584e-05,-0.077484067,-0.819169887,0.0076,0.0122,0.015,0.0177,0.0209,0.0232,0.0261,0.0289,0.032,0.041,,0.39320492225253584,0.4921141083849233,0.8413258680792063,0.03590875964752201,0.13186919932394106,0.06554559546443517,0.07532320328072964,0.10310448900527036,0.1244823807904611,0.841468658673923,0.8598925540677166,0.9000192353204567,0.05795641069793414,0.07821217333518732,0.0772305358074997
0.134713,0.018718563,6.945631981364224e-05,-0.00980029,-0.721231214,0.0069,0.0114,0.0137,0.0162,0.0192,0.0215,0.0235,0.0263,0.0297,0.0414,,0.38662193163869873,0.4822546494231972,0.6203018345027295,0.04951237452728264,0.11448620696245325,0.05880312218881906,0.08965555300452348,0.10321500948978447,0.11555825382370162,0.8304666477287116,0.9881435654875357,0.8448557138163503,0.06908139274023281,0.0873977063495915,0.09576708014130514
0.146571,0.01770789,5.098880674688822e-05,0.033927479,-0.745047948,0.0083,0.0105,0.0134,0.0155,0.0179,0.0197,0.0221,0.0241,0.0273,0.0351,,0.38992341075681974,0.437681296925188,0.642140507586609,0.037824266979746834,0.1368576582344708,0.0733402407106631,0.09413379571857756,0.08970212732291095,0.12628794270785446,0.8860970675019791,0.9335266762956346,0.827522962597917,0.06232605595059837,0.05926169575631955,0.06802480681343745
0.141567,0.019933035,6.316478815987387e-05,-0.004169763,-0.777056321,0.0099,0.0122,0.0148,0.0179,0.0199,0.0223,0.0249,0.0275,0.0307,0.0394,,0.39060457922191694,0.4504623668483444,0.7479779934880767,0.048216383859831145,0.13964477358939695,0.05581531190605843,0.08157280407418668,0.10842218788437841,0.1245315303088371,0.8676415051171096,0.8807106967516287,0.872655338353756,0.05489539651880906,0.07306348743997824,0.06816658927324105
0.146652,0.018439831,6.898775592855209e-05,0.1448644955918849,-0.536528788,0.0069,0.0112,0.0134,0.0161,0.0185,0.0206,0.0228,0.0257,0.0294,0.0402,,0.418684659025257,0.4138133131503999,0.6938276319844001,0.042974366283246114,0.11895985917445778,0.05427510340189111,0.08773183082377449,0.09613299371906674,0.10906551092219388,0.9239997842598242,0.9275690865144359,0.8475237294692676,0.07153623911147493,0.0959324040462379,0.07912159454212953
0.143299,0.022294506,9.557848797897128e-05,0.1473416593583543,-0.667895835,0.0094,0.0129,0.0163,0.019,0.022,0.025,0.028,0.0312,0.0354,0.047,,0.3898438437347451,0.43745984052123227,0.8132226197912027,0.047758083898815945,0.13982288287291822,0.08116494296487428,0.0786782203141819,0.11544787372957366,0.1291245351326307,0.8863201369753232,0.9489547420568846,0.8079799030764645,0.07543888004987376,0.07057809398569817,0.07908197745595393
0.135132,0.020370743,9.531687957808428e-05,0.1676337891546463,-0.783752851,0.0072,0.0115,0.0145,0.017,0.0196,0.0231,0.0259,0.0295,0.0342,0.0425,,0.3620758169046928,0.4717833594307218,0.733534942110687,0.04206525308398149,0.11712516647073946,0.07747642790889249,0.07702613086729865,0.09433981385271246,0.11104792891734168,0.8971416239874117,0.9214816462376441,0.9221185366810423,0.0753580251577841,0.05375272108491346,0.07482518949635097
0.14568,0.018191624,5.7431562897194466e-05,0.1175101266840032,-0.546192913,0.0077,0.0116,0.0136,0.016,0.0179,0.0205,0.0224,0.0248,0.0285,0.0409,,0.3949091478726426,0.4886824799055409,0.6016066554920148,0.03892137187135773,0.14770153334792022,0.06807962183285268,0.093531065210008,0.11588183755116598,0.13284667652188925,0.8440508094124403,0.9080677801065786,0.8709602958245508,0.07639406502717216,0.06863915376517604,0.08599627384406756
0.142974,0.018278376,6.142926498206931e-05,-0.031414085,-0.853717623,0.008,0.0105,0.0137,0.016,0.0185,0.0204,0.0234,0.0256,0.0289,0.0358,,0.38961736820360293,0.42320268351724744,0.5205115694857537,0.04743154748597601,0.13421722193743132,0.05683020042079331,0.09216278852654336,0.10418603715877932,0.10644444634362565,0.9569408928952647,0.9441522964152375,0.9578466161726323,0.06530723981731619,0.08698814081661338,0.06061364648966906
0.144385,0.017316993,6.034265769183106e-05,0.02382236,-0.762124489,0.0061,0.0099,0.0126,0.0151,0.0172,0.0197,0.0219,0.0245,0.0278,0.0362,,0.37446791757858244,0.4753570123775097,0.5650649925078902,0.03739956567220452,0.1348350621634648,0.06609262394180836,0.09346686100788694,0.11205739719645201,0.12097037162824265,0.8455795166791901,0.9050504163665991,0.9661436746423473,0.09411071414356002,0.07466655928174767,0.05709096214799923
0.14283,0.018791923,6.086404592475871e-05,-0.032749678,-0.855955428,0.0084,0.0114,0.014,0.017,0.0188,0.0214,0.0237,0.0262,0.0292,0.0357,,0.40188866897972547,0.4697374450508033,0.6158850160455379,0.044797181453122316,0.12264098292512325,0.08276051024200616,0.0731103895673526,0.09468382975007404,0.1299863908181659,0.9761190379267057,0.904770940781134,0.9749552773079708,0.05314704669625108,0.06008898658283096,0.07633905175875866
0.098275,0.015950809,4.021524482741044e-05,0.1094655265664602,-0.662593688,0.0075,0.0103,0.012,0.0138,0.0157,0.0176,0.0198,0.0216,0.0245,0.0313,,0.37763147314250933,0.42019915773406036,0.5932278350735374,0.047080527793890034,0.13289774744495395,0.07959583350029767,0.0746213686659424,0.09609253118230378,0.0982153822627374,0.8659558977234587,0.833883443292676,0.8396771784602172,0.07519128659039401,0.07191186769593166,0.06828184300780234
0.102912,0.015977326,5.3968497834521446e-05,0.070046551,-0.780312671,0.0054,0.0091,0.0119,0.0135,0.0158,0.018,0.0204,0.0229,0.026,0.0348,,0.4056416767780774,0.46130954922200734,0.6984480966286419,0.039052271194027724,0.1422020534921654,0.06551204155182194,0.09761817730227501,0.11586877788800203,0.1302774541973816,0.9210849668009043,0.8356388693286173,0.8339712521954237,0.052712092539527064,0.0946834572542933,0.08811477314088496
0.087992,0.017796335,6.005477490221e-05,-0.014671611,-0.808825457,0.0076,0.01,0.0132,0.0156,0.0181,0.02,0.0225,0.0249,0.0281,0.0352,,0.3920834971288962,0.41606656694265987,0.866719520403871,0.04374778910292196,0.1429249416623037,0.05497667020999449,0.09523328041026441,0.09058348952363042,0.13313430117900368,0.8252777169650528,0.8520904541884696,0.9102669026015809,0.09124520247679498,0.08977801456370432,0.09324003887087666
0.108029,0.015899268,5.0516038438648086e-05,0.009944042,-0.75441121,0.0055,0.0092,0.012,0.0137,0.016,0.0181,0.0201,0.0224,0.0254,0.035,,0.3969545354312293,0.42247744336117227,0.7518606006798988,0.03597068244912765,0.11608339663180574,0.05563406240195716,0.0672384774264455,0.09250847409370173,0.11416780733956902,0.9215447885647994,0.8157225931718046,0.8212019144865286,0.061772850378420445,0.09520795962959439,0.07891977201157195
0.091953,0.01580133,5.493516559823837e-05,0.1658749541943089,-0.579484861,0.0054,0.009,0.0114,0.0137,0.0157,0.0182,0.0198,0.0227,0.0254,0.0358,,0.3933709048742185,0.4462699830094252,0.6740407393085547,0.04717658806038964,0.14051039891746228,0.06310313795963318,0.10115015696051383,0.09156088819630749,0.1340620597842344,0.9481937833985129,0.9062478103888622,0.9197409749968867,0.09217019429056378,0.060348718349195064,0.09850135659913133
0.092658,0.01713499,6.0278220363864344e-05,-0.009954216,-0.826482812,0.0058,0.0096,0.0128,0.0148,0.0176,0.0194,0.0222,0.0241,0.0276,0.0354,,0.40391433415658073,0.45796696805950926,0.7113450474574948,0.03764401813628334,0.13942159075226704,0.07927585268134849,0.08566308264474731,0.11277604496382589,0.1282828710110615,0.9834622254035875,0.9619015040533249,0.8307810838762457,0.08714534682693661,0.09779543669819485,0.0699750876180753
0.11075,0.015551145,4.714201791585779e-05,-0.040804691,-0.808069857,0.0063,0.0094,0.0113,0.0137,0.0158,0.0178,0.0201,0.0219,0.0248,0.0317,,0.4035763013669726,0.4203137489030614,0.6072520938962526,0.04286639266287006,0.11494659809607671,0.06749975138899658,0.08840953865003545,0.11425123602797287,0.11790518258823238,0.9731753998077884,0.9385934715118419,0.9478259142997442,0.053544277418881285,0.0527537813667387,0.07067594994555407
0.131303,0.016593973,5.433231870689497e-05,-0.099272005,-0.861387938,0.0064,0.0101,0.0122,0.0147,0.0173,0.0188,0.0211,0.0236,0.0264,0.0317,,0.3512692800641269,0.47492976544645593,0.732055365657255,0.046952212977876065,0.12824109739717912,0.06490163518086935,0.09554317176776428,0.08875754807400213,0.1178588320143806,0.9183097215368543,0.8375955334942989,0.8441044184346121,0.09181902351252832,0.06766437375637692,0.07414256956261454
0.10142,0.016122201,5.6476871147773085e-05,0.080882571,-0.795997416,0.0054,0.009,0.0117,0.0136,0.016,0.0183,0.0206,0.0233,0.0261,0.0349,,0.3798678557176917,0.4656171564600516,0.5725192040177799,0.04494194679356974,0.11640579608735198,0.0831954988652711,0.08277617719898422,0.09694117680174195,0.1138823775154277,0.988972395144088,0.8393273271734123,0.9496722168112455,0.06490679697722058,0.08487754880767207,0.06986846443417664
0.088489,0.014621276,4.454408921397016e-05,0.032644161,-0.821512513,0.0057,0.008,0.0105,0.013,0.0146,0.0167,0.0185,0.0207,0.0236,0.0309,,0.3681166614456901,0.4067172918046875,0.5185298081250709,0.04469033283476712,0.13329307969362314,0.0682130437681003,0.06803913260884918,0.11320998705112818,0.13026087503440406,0.8092259489117388,0.8451439591564129,0.8881071140476547,0.08004096522885291,0.08749621228128243,0.0988078126082496
0.168606,0.022265769,9.955899776955728e-05,0.1308950919819233,-0.51677114,0.0097,0.0135,0.0169,0.0198,0.0226,0.0254,0.0284,0.0314,0.0356,0.0521,,0.3722001001114707,0.41886036152190587,0.7339354624502856,0.03770269778396719,0.1307640510641533,0.06236443927759094,0.08465780306679938,0.1037417600850152,0.11199715155350361,0.8246851416627067,0.901084077755662,0.8755702759765243,0.057137892374174395,0.0664809240045616,0.06822281537795193
0.166381,0.0243318,9.529843295192668e-05,-0.057240801,-0.815053362,0.0108,0.0147,0.018,0.0214,0.0245,0.0278,0.0307,0.0335,0.0373,0.048,,0.35411995120888035,0.4141496780410904,0.6854797699586466,0.04464165006008294,0.12751485798815976,0.06355881421712493,0.07101003668251245,0.08503245198570912,0.11280712584030796,0.9374164153548264,0.8522117649900988,0.9959818642274991,0.0859452499126184,0.07941916044850685,0.07664812686476993
0.190863,0.024800571,0.000110796,-0.079425033,-0.72241357,0.0103,0.0147,0.0185,0.0219,0.0253,0.0283,0.0314,0.0345,0.0388,0.0485,,0.3781811527767951,0.49247605897718283,0.8561541611389506,0.041962691342594734,0.13557296683004313,0.054397095978374076,0.08321444968341644,0.0957615878711319,0.12189999360586991,0.8707953651635285,0.8097787055200961,0.80790022352866,0.09269191703037113,0.09133975105806379,0.08514839048642299
0.164944,0.023951529,8.333359170854234e-05,-0.118685155,-0.793313239,0.011,0.0153,0.0183,0.0215,0.0247,0.027,0.0294,0.0324,0.0359,0.0428,,0.407300967228496,0.4042094598804772,0.8210076166599792,0.038678481719278214,0.13084875211743724,0.06256649959751995,0.08107695235436202,0.10091079910564885,0.11992398834612393,0.8392881150819649,0.97356219087737,0.8663187497694715,0.061519339239705456,0.07946633615418688,0.09728591710774938
0.174512,0.021859034,0.000101332,0.2227557886342063,-0.513526219,0.009,0.0127,0.0158,0.0185,0.0213,0.0242,0.0271,0.0308,0.0355,0.0493,,0.38438638984865886,0.45108241466817756,0.8280472266777938,0.042156878318252045,0.14724928919133146,0.06632275077869244,0.07503925367418364,0.11181687771652288,0.12351338377711271,0.870730725696958,0.8905352107600588,0.935308759845857,0.06403372352092937,0.09425443508964047,0.0902938646802769
0.17746,0.023121024,9.888775170814944e-05,0.043701142,-0.588998608,0.0102,0.014,0.0175,0.0203,0.0232,0.0262,0.0288,0.0319,0.0359,0.0506,,0.415606943080222,0.4525087071886088,0.8450574163769313,0.04273072112679558,0.13808616384610492,0.0579560727399956,0.06775374475440833,0.09778153065094981,0.11625881452103762,0.8108406534244783,0.8991657808547324,0.9936347619740674,0.07939550917026489,0.05507140337265957,0.06560211728169589
0.161289,0.022543005,8.181183558565998e-05,0.003062369,-0.754906635,0.0098,0.0141,0.0172,0.0198,0.0227,0.0255,0.0278,0.0306,0.0348,0.0432,,0.3615328942307483,0.4459455556114403,0.8605875761701588,0.04756069295608042,0.135829022686074,0.05866771322022954,0.10250139251840593,0.10624641532017873,0.12184734007988132,0.84598754679908,0.9387388534493556,0.9556071396184999,0.08423415472630016,0.05781474657233085,0.058217857413070805
0.191916,0.024914622,0.000112038,0.184886492,-0.516775972,0.0106,0.0148,0.0182,0.0216,0.0243,0.0276,0.0308,0.0344,0.0392,0.0558,,0.41261556010192046,0.4932374205686929,0.6276286772772464,0.048331044469599266,0.11891356142907725,0.051669069691105345,0.09532012042821922,0.08905375322514673,0.10403839917053102,0.8072562928768419,0.9047357771595806,0.8930186696250738,0.056058396274883834,0.0716273281196444,0.08247209012908654
0.166814,0.023375005,0.000100582,0.436799514,-0.057050578,0.0103,0.0142,0.0171,0.0198,0.0225,0.0253,0.0281,0.0315,0.0364,0.0549,,0.38289300753017563,0.4908126581745669,0.6652255042950608,0.04439423457979539,0.11515019035977946,0.06316187667420292,0.08051458672711617,0.0994984762760458,0.1331524202481076,0.8280898050969877,0.8880425605404677,0.9718335013433835,0.056791734696451664,0.07626595185053095,0.08669643736671409
0.169369,0.023629343,0.000101805,-0.120415782,-0.774459756,0.0097,0.0138,0.0174,0.021,0.024,0.0271,0.0303,0.0332,0.0366,0.048,,0.3800411528850349,0.408095959459298,0.7226706863684933,0.03965661119463808,0.12583000808541417,0.06885978792228661,0.08833769805580007,0.09457006512256162,0.11818765454535331,0.8763722885940773,0.8421487070699584,0.9824393524648618,0.05920870314657695,0.06742121693897199,0.0906179137120272
0.201594,0.022511003,6.547562153184439e-05,-0.065461503,-0.622771443,0.012,0.015,0.0177,0.0206,0.0225,0.0249,0.0275,0.03,0.033,0.041,,0.4179774882656639,0.4817533211345903,0.9209492540392321,0.038988597675025834,0.143286817501557,0.08208657663606338,0.08984268095196943,0.09298572814730065,0.11942034184558781,0.8545844550353339,0.8461835730238246,0.9176976899719265,0.07747077319916469,0.05515717202265282,0.08882692963192562
0.187497,0.02528216,8.004635865709045e-05,-0.041041932,-0.590776352,0.0132,0.0169,0.0206,0.0229,0.0253,0.0278,0.0304,0.0333,0.0374,0.0462,,0.3978476830682436,0.4966926665978005,0.7696033509736082,0.039119343127001965,0.11562217158331366,0.08311342997855373,0.10142082177859439,0.08171055893919042,0.11629205110922264,0.922298628214339,0.9483698421843104,0.8183827787154582,0.0683731957741875,0.09466876114020628,0.07148084215219466
0.19662,0.023988663,7.45435399392853e-05,0.006322845,-0.485171066,0.0122,0.016,0.0189,0.0217,0.0243,0.0266,0.0289,0.0315,0.0352,0.047,,0.363933352260763,0.49645268429329525,0.850622585306439,0.0450116113591832,0.13091855565046745,0.08483845527175139,0.06915491998322332,0.08238108126889787,0.09938762214940287,0.965018039278241,0.9919856461860921,0.8814836148174956,0.07722434036958241,0.09321634848124322,0.08323046992918384
0.187987,0.022072729,6.671280367701667e-05,-0.052855829,-0.694508643,0.0114,0.0143,0.0171,0.02,0.0221,0.0245,0.0272,0.0297,0.0329,0.0407,,0.3989570944530982,0.43603380527494034,0.6733628594570358,0.04357388062322647,0.13577685097704487,0.050422462818651315,0.07317146397405233,0.08255459247687581,0.12766386501616372,0.9426376925620056,0.9362273034237028,0.8534925150380237,0.05744285417788869,0.07473520233232264,0.07627447090170197
0.184867,0.022512915,6.318218889496235e-05,0.028297323,-0.350052263,0.0116,0.0158,0.0185,0.0204,0.0223,0.0243,0.0267,0.0296,0.0332,0.0451,,0.3755536283442698,0.4052894852073645,0.6480734901907967,0.04586853739129888,0.14884389505490972,0.07896669399546014,0.08182046027231292,0.11383872067689872,0.12757076010496932,0.9600128056229895,0.9565978527493915,0.8337128985355331,0.05298937938938504,0.05697624281517403,0.09752523734663684
0.19845,0.020913947,8.04804112194161e-05,-0.026357783,-0.666154953,0.0084,0.0121,0.0161,0.0185,0.021,0.0235,0.0265,0.0291,0.0327,0.0439,,0.3693388979268115,0.44325670482402896,0.8830546003246149,0.03974250255528534,0.13454483516668064,0.08300696574598397,0.0980488205709104,0.11444624848443705,0.12572110848186638,0.8581881442358312,0.9046976311333527,0.9161232957790761,0.09307296650854825,0.09564218399501512,0.06254756531879123
0.198484,0.023913936,8.014083454258531e-05,0.1516228112553628,-0.298409528,0.0122,0.0159,0.0185,0.0214,0.0239,0.0263,0.0288,0.0316,0.0357,0.0532,,0.37575576599792965,0.444882290694021,0.689705032114019,0.037276350898444964,0.11483197975400167,0.07322607436605295,0.0944841618723409,0.0875408709174126,0.12952820476539292,0.9095917100975209,0.865524360553158,0.8908763654093268,0.0873686136712036,0.08931803139709031,0.09609996887957463
0.193281,0.028200166,0.000106762,-0.021084934,-0.576316548,0.0141,0.0184,0.0221,0.0255,0.0283,0.0313,0.0342,0.0373,0.0417,0.0539,,0.378820914983669,0.4447423947804165,0.5378660098274909,0.037464966806698294,0.11933960844164686,0.07273419791262184,0.08302707269353306,0.09413848383844524,0.10277321308090212,0.8483419464013254,0.8610542616415445,0.9549837155886112,0.08527655950426082,0.07132117880047041,0.05739576707094466
0.193613,0.024059141,7.053501861587668e-05,-0.098132838,-0.609365687,0.0123,0.0169,0.0194,0.0216,0.0238,0.0265,0.0296,0.032,0.0352,0.0448,,0.41871503453606784,0.44219617297604474,0.6872915474662881,0.04734747753347269,0.1354840056918938,0.07387979358622487,0.07551705689004387,0.11718844541154878,0.12710080671339968,0.9251852019593657,0.8349358047843398,0.8319726036544347,0.05527384922527841,0.05850747895865163,0.08675987363539674
0.207948,0.022369724,7.817605716815909e-05,-0.062249255,-0.777696603,0.0108,0.0139,0.0169,0.0204,0.0227,0.025,0.0279,0.0308,0.0337,0.0415,,0.38503173749408454,0.46842209002098617,0.7349985656796802,0.04057902048608485,0.12622144657123557,0.08487958988098206,0.06973185312106175,0.09123735604345944,0.10207789969663376,0.8419313330028512,0.931892714635702,0.8906680995222431,0.08871387367007082,0.09866542515019813,0.06825734795265274
0.154506,0.016843871,5.476013201287828e-05,-0.042770346,-0.778457358,0.0064,0.0105,0.0125,0.0153,0.017,0.0194,0.0213,0.0236,0.0266,0.0337,,0.39161142491664674,0.45704687950380396,0.8846350105112111,0.04362322854452489,0.14418043034961175,0.07596114167854572,0.09622895860925912,0.10747466333679911,0.12520405599314915,0.8637151110952018,0.8483686391711082,0.8661386141203067,0.0821483569398617,0.08007776527107725,0.06497575176051734
0.134586,0.020416793,8.391272253185815e-05,-0.05872081,-0.908731379,0.0073,0.0117,0.0149,0.018,0.0204,0.0235,0.0262,0.0293,0.0327,0.0394,,0.41534501508088545,0.43482931785270534,0.8878776851591589,0.04091721985715583,0.1330302748622714,0.08111529058943778,0.1002600891126566,0.0824927574945471,0.09992824927686779,0.8836728189230032,0.8082660437285306,0.8353987732091019,0.06197633745194196,0.0967973796625302,0.09873390642126434
0.156938,0.0198018,6.984741670708107e-05,0.2098578201308978,-0.443940079,0.0088,0.0118,0.0147,0.0171,0.0202,0.0221,0.0242,0.0272,0.031,0.0462,,0.4068055083371124,0.40684235182374917,0.539605818247634,0.046564447398643787,0.1191956486302635,0.054789512966036596,0.08834095802188398,0.08854503990405362,0.12000027898820965,0.9641740145292756,0.8577113306889972,0.8727286230972509,0.0656900694899699,0.05564321620189437,0.08015465020587603
0.140914,0.018649739,5.76522519781688e-05,-0.027732494,-0.831292798,0.0078,0.0111,0.0139,0.0165,0.0188,0.0208,0.0233,0.0256,0.0289,0.0359,,0.4161154172801828,0.4695035823766901,0.7473482806477458,0.045499120023798266,0.12103397647096095,0.08031634427826431,0.10249517240304883,0.09655522575639483,0.10345899341616051,0.9185305573030688,0.9111961298631944,0.945266499186642,0.09357952175113667,0.09559555807791767,0.08419286335995158
0.144375,0.018187396,5.770820432828736e-05,0.03155683,-0.650562891,0.0075,0.0108,0.0138,0.0159,0.0179,0.0205,0.0231,0.0251,0.0281,0.0422,,0.38411752663735044,0.4426497195919685,0.9122739490918295,0.03943172518742962,0.12985271964490241,0.05977837857681696,0.08201254727633085,0.09078264268846133,0.1316446126052903,0.8587701473092153,0.9351796580887093,0.823098599667433,0.07062231835811159,0.06661015867846275,0.07360851609792526
0.152187,0.018510988,5.248676931415066e-05,-0.039353333,-0.77890436,0.0088,0.0121,0.0141,0.017,0.0188,0.0206,0.0232,0.0252,0.0284,0.0358,,0.4108246911698713,0.45696215420218306,0.8508850615709181,0.046321114340626274,0.13894577360252275,0.055003409258899266,0.0764509229567761,0.10662076083778717,0.13237630530707828,0.9939975475585603,0.864513431296084,0.9581864456245704,0.05465023639479187,0.08723479290534872,0.0741770145422555
0.139235,0.018743806,6.718572950496115e-05,-0.045102429,-0.741640913,0.0069,0.0113,0.0136,0.0172,0.0191,0.0213,0.0238,0.0263,0.0295,0.0398,,0.35317766708277015,0.41153282208289294,0.5191526761008449,0.04682371518706492,0.13986891003845772,0.05719618203657587,0.08206592941037097,0.09550648153488991,0.1139490747369371,0.8391162286992194,0.9424552147041468,0.8048331268732746,0.06095800423663803,0.09616133226275801,0.07297680477530447
0.149163,0.017515329,5.622237912186729e-05,-0.025267716,-0.812981058,0.0078,0.0101,0.0133,0.0154,0.018,0.0198,0.0225,0.0244,0.0278,0.0356,,0.3881133872031658,0.4856220627626855,0.6550132692209937,0.041618725164699,0.11276087226859485,0.08460081770948628,0.10379845019101844,0.08216181158358409,0.12957260532222956,0.9463878654062253,0.9043888803409399,0.8445587722887865,0.08035550212505807,0.05752411193035655,0.08888055996392386
0.14479,0.01835991,6.367915356256343e-05,0.075757355,-0.684406023,0.0073,0.0114,0.0135,0.0161,0.0182,0.0209,0.0229,0.0255,0.0292,0.0411,,0.41141358074267237,0.44346901689587753,0.820396281384931,0.044570285501379016,0.12391075962966171,0.08093653696898914,0.08362362434335209,0.11685163034656518,0.0990358939322285,0.9481313188140954,0.9519529783386879,0.8925409233184524,0.08279908257034092,0.0677667817216336,0.09266835770404863
0.149037,0.017374991,5.798112370637393e-05,-0.018573785,-0.74665899,0.0065,0.0103,0.0125,0.0154,0.0174,0.0201,0.022,0.0242,0.0275,0.0377,,0.40134648495536934,0.46735141868938745,0.7747664942167295,0.03590161358314487,0.12610515259954702,0.07880108641928395,0.09846164260546804,0.11320394197029131,0.13314116158235387,0.8080303116957579,0.8570143932886882,0.8890729485370751,0.05854702656002869,0.09464927696103213,0.0805294028394745
0.145911,0.022733597,0.000101121,0.01220553,-0.734919417,0.009,0.0131,0.0166,0.0203,0.0229,0.0256,0.0284,0.032,0.0363,0.046,,0.380971725048903,0.47063589949836404,0.5616171464095893,0.04321158930510679,0.11961715323962482,0.07542096970461452,0.09506799800632847,0.11426724305500567,0.09986841907031278,0.8640080725491744,0.9899958222429371,0.9224266632319796,0.057610413111684355,0.08366378806889298,0.08934837129206025
0.150919,0.02621911,9.750133021891856e-05,0.2180916041315865,-0.107842428,0.0133,0.0173,0.0203,0.0231,0.0259,0.0288,0.0315,0.0347,0.0394,0.0563,,0.3736528807148053,0.44700221908199494,0.582457879950189,0.04948967639948164,0.13694495856894442,0.06823583027384075,0.07804225538226002,0.10946984522374695,0.10440227860023016,0.8496606520971149,0.846012772972662,0.879506154788836,0.05641530357010082,0.05370027282170675,0.08178974502562802
0.139412,0.024171837,7.388109018491609e-05,-0.105458311,-0.529079371,0.0122,0.0158,0.0189,0.022,0.0246,0.0276,0.0298,0.0318,0.0347,0.0478,,0.40591133200879137,0.4528589407899663,0.6528028794493284,0.049462335642176274,0.12581710809962224,0.060177381650377004,0.08984132868956607,0.08811655263760615,0.12469711313458584,0.8502888298636597,0.8300868718264827,0.8379746245952723,0.055264585941989915,0.08766425676791838,0.07330977686425974
0.139611,0.022370811,9.699576682583975e-05,-0.029152464,-0.789738873,0.0088,0.0126,0.0172,0.0198,0.0223,0.0251,0.0283,0.0319,0.036,0.0448,,0.40573799318232034,0.4277250428989128,0.6063139072349109,0.04230772507946611,0.1269044848919439,0.05707063216811884,0.0718509054250616,0.08299742892023279,0.11118901851097857,0.8711819545389181,0.8381554645843108,0.8417160761752248,0.0714389781536489,0.056980722845653135,0.09174634700928418
0.153743,0.024109609,6.945427771662105e-05,-0.15966755,-0.597034338,0.0131,0.0163,0.0192,0.0223,0.0243,0.0266,0.0293,0.0319,0.0349,0.0419,,0.3633573539957489,0.42279653193976063,0.5825218557769973,0.04502340482353332,0.12669837573941528,0.08617347444406413,0.08378378606492268,0.1023997766901293,0.13243580530612495,0.8688632754658188,0.8720017034809063,0.8597013759725349,0.05635835480510639,0.08602426044396067,0.09683380538991813
0.147048,0.02606979,8.433854738247235e-05,-0.095725195,-0.621721324,0.0133,0.0175,0.0208,0.0236,0.0263,0.0289,0.0317,0.0346,0.0382,0.047,,0.3797851692041331,0.44768748430621347,0.5804431741579645,0.04095771634168845,0.12733901891530014,0.05984148065530884,0.09264817674594777,0.11585345854056493,0.12208553300265858,0.9283249620527234,0.855844303754163,0.8867417173894974,0.060698709707051365,0.08092740477224503,0.08959086601320311
0.144261,0.025937048,9.739682226503582e-05,0.071998443,-0.675729359,0.0131,0.017,0.0199,0.0225,0.0252,0.0283,0.0316,0.0351,0.0396,0.0501,,0.40513865288979234,0.46668531353859594,0.5046723883716207,0.039538028181420506,0.14774008012331885,0.06708919579049534,0.07713798929155748,0.0897344126117525,0.10535101936220706,0.9530305784271783,0.9167226726031832,0.813676296544626,0.09363822326378737,0.08341198722424308,0.09803577958211097
0.142505,0.022591938,6.0920093307812383e-05,-0.210923091,-0.653124397,0.0118,0.0157,0.0179,0.0204,0.023,0.0251,0.0277,0.03,0.0327,0.0382,,0.4066387884379247,0.4613730925269271,0.5838035566967006,0.0418774989230697,0.14782021776857068,0.08494852854279417,0.08590955179335662,0.08938975398090498,0.10961930825456578,0.9558061536994931,0.8148341175983682,0.820397823666404,0.07022801243797253,0.07691705362202407,0.07232889229422697
0.132183,0.02216527,7.112818549917124e-05,0.017066674,-0.716339607,0.0115,0.0142,0.0169,0.0202,0.0221,0.0243,0.027,0.0302,0.0335,0.0414,,0.4027843326269219,0.40874545665232487,0.6880405321129792,0.036672274842900185,0.14748687583506223,0.07580134266487065,0.09140920088795192,0.08423796423912062,0.10275581401663028,0.8497489930371779,0.8167555390845501,0.857440396664274,0.07983020909006833,0.06111704121573051,0.06174198421747871
0.138936,0.026874944,0.000102337,8.333235795331158e-05,-0.760120056,0.013,0.0173,0.0208,0.0238,0.0269,0.0297,0.0327,0.0364,0.0409,0.0478,,0.3918764174742793,0.4661072070235461,0.6130445389821448,0.03767100199901653,0.1334758175384259,0.08261790741906379,0.07441767493830194,0.09522608250739377,0.12959513370556122,0.8554940441833971,0.8124040878196522,0.807822482047746,0.05594442409227225,0.062018621011916616,0.07042148117465175
0.196932,0.02173743,8.828310688231885e-05,0.025993819,-0.645632065,0.009,0.0126,0.0163,0.019,0.0223,0.0247,0.0273,0.0304,0.0338,0.0467,,0.37681223377438916,0.4956752466268147,0.5054813163033917,0.04202422009117038,0.1394340594312521,0.06889224184380355,0.09343892954365475,0.11474920290585383,0.11595383699064617,0.9780720758293819,0.8205831497000607,0.82840338755079,0.07400114753568507,0.08019683922160839,0.08579006750030681
0.189365,0.02177336,7.811122406352133e-05,-0.076358519,-0.789645239,0.0092,0.0133,0.0166,0.0191,0.022,0.0248,0.0272,0.0299,0.0334,0.0428,,0.39067979726473046,0.42428719782064284,0.8108876313333007,0.037779308586245404,0.1390776435162298,0.07951034609919089,0.09278145040260255,0.10336503774023194,0.09992506323237438,0.8620139417648037,0.8403730917881358,0.80429060815954,0.06383449333748954,0.09785025696858893,0.06375006651558446
0.194841,0.023022439,7.411108762867242e-05,-0.079964345,-0.792060116,0.0115,0.0148,0.0176,0.0208,0.0233,0.0255,0.0283,0.0315,0.0342,0.0421,,0.37696342962189133,0.40648370256215527,0.6876607040443837,0.04514117289515818,0.11657331118108327,0.08525993214067902,0.08217288178485753,0.10199641831240978,0.12978329189647014,0.8900806651986173,0.9621768759794517,0.9400985173707617,0.07960982467673265,0.06454633337731679,0.06702495651541546
0.17924,0.020699967,6.472934187816064e-05,-0.066298209,-0.864224636,0.0099,0.0126,0.0159,0.018,0.021,0.0231,0.0257,0.0284,0.0318,0.0375,,0.37139367547426577,0.4444572575852986,0.7111576331357997,0.04075944615234903,0.1145669572776624,0.059429927806939474,0.09401292729482423,0.08096774369588255,0.11004177467868062,0.8167611442493681,0.9653011133995383,0.8740284360614371,0.07696705283115109,0.08190586603708987,0.08878916405970569
0.19227,0.021898405,6.418744963790559e-05,-0.055565085,-0.75270373,0.0113,0.014,0.0176,0.0195,0.0218,0.0244,0.0268,0.0296,0.0327,0.0394,,0.40220839594544894,0.495587144748244,0.5920840062452235,0.037797568813133,0.1455338996395516,0.08065762767002099,0.06926985333369438,0.10872779172787743,0.13111528030997135,0.85121357073654,0.8811144692839452,0.9441276671798137,0.05583947736539566,0.08033800663035101,0.06368753420873777
0.200938,0.022201056,6.597507315292723e-05,-0.106936869,-0.705729791,0.0116,0.0144,0.0172,0.0205,0.0225,0.0246,0.0272,0.0299,0.0329,0.0414,,0.3555348226135783,0.49739661593699824,0.5813973571653898,0.03869288456580378,0.11771849572648242,0.0841859251002875,0.08680647884545628,0.09454079637167802,0.132320839505609,0.8241146260214943,0.9683924446107636,0.8549141484388874,0.07673698304347447,0.07261726798373135,0.09203803692916426
0.182509,0.023736969,9.390079670188742e-05,0.026575433,-0.736108539,0.0105,0.0141,0.0175,0.0208,0.0239,0.027,0.0298,0.0327,0.0363,0.0476,,0.38259817257392503,0.48232430752052924,0.8621649369881116,0.037937110505812464,0.12757560417911773,0.07627070573554089,0.0715637880331625,0.09530247386491174,0.1319535574122347,0.8459687457525811,0.9515074959981547,0.8259984657632,0.08396601751216032,0.0982242668998723,0.07958760763066525
0.17684,0.021796686,7.453207425324728e-05,0.1006497660356086,-0.579215975,0.0102,0.0136,0.0164,0.0196,0.0219,0.0241,0.0267,0.0295,0.0336,0.0459,,0.3784921807609243,0.4132186946553577,0.6954319419752358,0.042860669999040826,0.13902191590252924,0.07673098770305962,0.09296997297942763,0.09052223273679803,0.12479123599552762,0.9743909284993828,0.8527272316929303,0.8800115983364176,0.06519492599026905,0.09160307340437468,0.07654753179984758
0.197311,0.021949827,6.845600659913326e-05,0.018323014,-0.554513724,0.0104,0.0143,0.0175,0.0196,0.022,0.0244,0.027,0.0296,0.0327,0.0443,,0.38751714991319297,0.45179074679424785,0.6046202729847221,0.049539543133681745,0.12962462098079433,0.05365249133781401,0.06825271544417552,0.11491669620531632,0.09647279280090626,0.8842840145834578,0.8287724098561872,0.960846044861451,0.08916082989701851,0.0965406591496144,0.06703638090462186
0.190426,0.023315403,8.101988225883536e-05,0.028249141,-0.71328692,0.0109,0.0151,0.0181,0.0206,0.0231,0.0261,0.0289,0.0316,0.0353,0.0443,,0.3898959284411071,0.41024159873652716,0.7241202548073895,0.0378312619554071,0.14168628070826553,0.05116187244794597,0.0943177685858487,0.10519990881052206,0.10271941930298334,0.9904671003198136,0.9093820698856138,0.8558705414729796,0.052849483785594786,0.052005026909607524,0.08474550495774595
0.218593,0.02972655,0.000152225,0.1031147663837183,-0.609937705,0.0127,0.0185,0.023,0.0262,0.0295,0.0328,0.0363,0.041,0.0463,0.0596,,0.37672953010495225,0.4320042563114469,0.9012165677623352,0.03702821247995659,0.1237484032912316,0.0688875624479503,0.0834900921469877,0.08146667870708774,0.11303728092068846,0.8184506682523293,0.9196192745564381,0.885368151619467,0.0882201171711999,0.06170903336480551,0.08481929024257844
0.218451,0.025241348,9.429866732728638e-05,-0.043246791,-0.65388042,0.0123,0.0164,0.0198,0.0228,0.0257,0.0284,0.0311,0.0341,0.0375,0.0512,,0.40304135686307097,0.4892899605916911,0.5180127857573281,0.04763739239421129,0.14897953285646084,0.07194149136967413,0.10255643866430686,0.11101687830469813,0.120935262929006,0.8570685662291238,0.967966587926699,0.8962515464484619,0.08746203296939464,0.08808003555704713,0.0988140549948942
0.214843,0.028754186,0.000124605,0.027210965,-0.64699355,0.0135,0.018,0.0221,0.0258,0.0293,0.0321,0.0354,0.039,0.0435,0.0573,,0.39402170937878966,0.4976751422433341,0.6930494981756917,0.039031637169380164,0.13449385249215443,0.08053960266964166,0.06706003828409006,0.08826568448650794,0.11283522858138377,0.9091305515205537,0.8649930994418806,0.8132879296493616,0.06812995900991958,0.08594696173807981,0.06345096126672532
0.217613,0.02747107,0.000144767,0.3667045910234393,-0.154623365,0.0119,0.0165,0.0201,0.0234,0.0271,0.0305,0.0334,0.0373,0.0436,0.0637,,0.39755319629977576,0.49509896672252496,0.6765336543014248,0.041601286599930565,0.13279925996889522,0.056458430653127875,0.097352504681336,0.08202048760807189,0.11843928959621375,0.9693218805834553,0.9057021670223988,0.9868882261041266,0.08377960302751558,0.0652784994261173,0.08780369319434142
0.221965,0.027123882,9.370230574974812e-05,-0.093399456,-0.677088465,0.0145,0.0188,0.0221,0.0249,0.028,0.0307,0.0334,0.0367,0.0402,0.0524,,0.4156681273344952,0.41796523499038984,0.8027353565297457,0.045300233306669796,0.11535974343471575,0.08487538307816624,0.06685526799799284,0.10607004634156142,0.11487438132084414,0.9222237557493473,0.8844260985642862,0.9837909050707959,0.07792755002043196,0.057715053927293626,0.0617794916877323
0.213502,0.029504444,0.000132793,0.2016890932643147,-0.560025487,0.0143,0.0188,0.0223,0.0256,0.0288,0.0319,0.0353,0.0397,0.0459,0.0553,,0.35539655694410227,0.4797237311929823,0.8643547755555382,0.035408063395350756,0.14390115674533177,0.06805082597649115,0.09679470857761366,0.09277108243751243,0.13352931834216017,0.9604593295841435,0.8929022365586988,0.9865130541898598,0.055981949952880576,0.08470814064302352,0.09814347011506032
0.211566,0.026353456,0.000130124,0.00670835,-0.79392725,0.011,0.0157,0.0192,0.0228,0.0263,0.0297,0.0334,0.0369,0.0411,0.0539,,0.37211286199224414,0.4168201915032238,0.8878394889904412,0.039386528864224446,0.11475728554697365,0.07681028169430855,0.07000563747758823,0.11712319849497156,0.12681392448498358,0.8780655696989679,0.9183589866257964,0.9383191080133653,0.06820172569869785,0.06510029526907396,0.09633865891037832
0.198444,0.025159183,0.000129726,0.181616431,-0.634255619,0.0106,0.0149,0.0182,0.0215,0.0246,0.0276,0.0309,0.0354,0.0411,0.0541,,0.4112480672351168,0.469624177841789,0.8887469447734807,0.043059559736213365,0.12748116325053088,0.05841685354647802,0.10209481904857251,0.08344615440266433,0.1254388562329655,0.9272924182966191,0.8243166244817571,0.8715904013006874,0.07293341075260523,0.054015413330370056,0.058935005613647014
0.181133,0.027280421,0.000145853,0.08291773,-0.547649392,0.0106,0.0161,0.0202,0.0236,0.0274,0.0307,0.034,0.0378,0.0432,0.0559,,0.39328858268347366,0.44725426000341356,0.6610518158702088,0.03553928495425554,0.13560329081184577,0.08484603235968573,0.07084070563209967,0.10636304417001013,0.11901343076853181,0.9165825264051134,0.9558357874931603,0.8125763055261975,0.09164039847522029,0.09438800704242645,0.06613201195484972
0.220813,0.027692875,0.000114276,0.215820153,-0.383621682,0.0135,0.0181,0.0218,0.0244,0.0272,0.0302,0.0334,0.0369,0.0421,0.0593,,0.38336153490666314,0.41164719315793363,0.8458448848504105,0.035974588137653425,0.14820624209378613,0.07294162175055369,0.08478936799477338,0.08242059077614798,0.10013349704582278,0.8419727056599164,0.8362006178442152,0.8777539579301541,0.07160197390949229,0.06728537465646356,0.07689418454092058
0.193709,0.025608783,8.918149835894291e-05,0.081375568,-0.435521214,0.0135,0.0176,0.0205,0.0231,0.0256,0.0282,0.0309,0.0339,0.0383,0.0516,,0.36363527616931723,0.4929920746603185,0.56563479530962,0.042602965576570485,0.11564706040868789,0.07588256539091813,0.08866114359360049,0.09372449600146573,0.09830712209323056,0.8512119345243248,0.8830485887509544,0.8310028632120685,0.08859870914307713,0.0932803259697362,0.0863979379364248
0.197952,0.022207213,9.044593848198416e-05,0.04391146,-0.706717804,0.0095,0.013,0.0163,0.0191,0.0222,0.0251,0.028,0.0313,0.035,0.0482,,0.40587408144723486,0.42837361299830035,0.8117369414524457,0.047132483792618966,0.1355588810191571,0.06121404892283312,0.07006090522347158,0.0984313028532787,0.11545168098628415,0.8768633480694693,0.9737490137993841,0.8619138490691493,0.09426457174192576,0.061470644961572556,0.058222607654103566
0.185213,0.02661603,9.27143951593335e-05,-0.087237712,-0.649355824,0.0135,0.0176,0.0209,0.0238,0.027,0.0297,0.0323,0.0351,0.0389,0.0502,,0.3971265400278548,0.4602017920792628,0.7297124341151581,0.04760807414415828,0.1460049617606049,0.08315495737956119,0.08553449088870678,0.08082121125127528,0.09710321139749355,0.8103841332543388,0.980320174107521,0.8643549655962036,0.08069304926066526,0.06967329918490726,0.08548661034527666
0.196789,0.021527762,8.55419415162838e-05,-0.007308255,-0.609860941,0.009,0.0126,0.0159,0.0189,0.0216,0.0245,0.0271,0.03,0.0335,0.0476,,0.38823357908358197,0.410473179539829,0.7501241798989885,0.041556178810700645,0.11284956113828978,0.07613586945414648,0.0951926746890938,0.09763271357381434,0.0959944957277221,0.8425369161251595,0.8738082234308299,0.8799605834550275,0.0773183540377535,0.08624561701315814,0.08509140196764546
0.192166,0.025713737,8.60140522302079e-05,0.035408939,-0.479300849,0.0136,0.0174,0.0203,0.023,0.0256,0.0283,0.031,0.0338,0.0378,0.0507,,0.3908790063604741,0.4184255231529714,0.68082153244774,0.03671398206425114,0.13761057683357786,0.0667394735290978,0.06713513075289257,0.10717262714339719,0.09795583261656478,0.8336955208590185,0.8267962643225965,0.8554601141037776,0.07306019165923555,0.06026731078352654,0.08097695814352088
0.19415,0.025945276,9.045064355863342e-05,-0.017694577,-0.645544219,0.0131,0.0171,0.0202,0.0231,0.0259,0.0286,0.0315,0.0348,0.0388,0.0491,,0.4024912721022631,0.4455865019362313,0.6755687978872325,0.036644821368567525,0.13879687300261223,0.06960217701512099,0.09608919247915393,0.09544830488922021,0.11332369553707365,0.8174698406350228,0.82434365245962,0.8860708975334168,0.06490888793659004,0.05904466420391734,0.06268502576990287
0.192871,0.024474926,7.216823954591353e-05,-0.146350737,-0.595605534,0.0125,0.0175,0.0199,0.0223,0.0246,0.0272,0.0296,0.0326,0.0356,0.0453,,0.4004020816438461,0.4559964246169594,0.5621185266430836,0.04671886054045567,0.11762440198180169,0.05621953268070054,0.08185929851230435,0.08593681144434996,0.11494131536197359,0.8143882175688147,0.9933228280679518,0.8056146828807101,0.05654562780769717,0.09139323958540842,0.06637051373416931
0.198917,0.023542383,0.000105811,0.082407361,-0.59940879,0.0104,0.0144,0.0181,0.0211,0.0238,0.0267,0.0298,0.0331,0.0372,0.0521,,0.41605656560129006,0.42547060700245937,0.7872643413709283,0.0370303376513678,0.1330148868104585,0.054114591036519125,0.10220393115885074,0.09413185603840603,0.12586189829777453,0.9634388842498447,0.8596188625962394,0.9024894980052327,0.0732758827357909,0.05754091151188273,0.0582875126724096
0.193071,0.023413069,8.045711627450912e-05,-0.043934445,-0.818622734,0.011,0.015,0.0178,0.0205,0.0235,0.0261,0.0288,0.032,0.0355,0.0428,,0.3842539673861406,0.4111907665275787,0.6735171178771134,0.046041693312548586,0.12867037110093946,0.06216564690006874,0.07819907847747641,0.11042816976223725,0.11099792139402773,0.8612991176612779,0.9492168976398828,0.8747006953301304,0.06131741537855196,0.058882330788111246,0.07891712041555658
0.112735,0.016786692,4.053066993785219e-05,-0.019160574,-0.691381872,0.0081,0.011,0.0128,0.0151,0.0166,0.0185,0.0204,0.0229,0.0253,0.033,,0.4161060652260513,0.4356756647306172,0.5654084710042482,0.04007019578819374,0.12022572449396621,0.06046183718750234,0.07250774052288726,0.10666723474798956,0.1215550375687243,0.9374645920949366,0.9920039844493856,0.9707874498385194,0.08744180569013502,0.08334272018612088,0.07833259106706213
0.119273,0.016794267,4.532623412304762e-05,0.105655597,-0.595205718,0.008,0.0101,0.0126,0.0149,0.0168,0.0185,0.0207,0.0228,0.0256,0.034,,0.37096798755899324,0.4771115554365316,0.8367864612759762,0.04572071801759274,0.13175635840587188,0.05061119826919894,0.08556775362762985,0.10934997067098272,0.10186732468152387,0.846110440103868,0.9609140106639101,0.9244969264359427,0.08407093704347175,0.09037505375971083,0.0646548709014002
0.143512,0.01768993,6.314236560221456e-05,0.028472032,-0.782744222,0.0063,0.01,0.0128,0.0153,0.0178,0.02,0.0224,0.025,0.0283,0.0359,,0.4130315629746213,0.41740340494346306,0.6925065494869326,0.03579578454700527,0.11669146311714643,0.07206407169948431,0.08204964269834117,0.09816166821445477,0.13104292086062636,0.9959471361471047,0.8475736511276685,0.8133833336617347,0.09406595010295694,0.05287897044929151,0.0941518523993421
0.123556,0.018551612,6.721579177949654e-05,-0.044857227,-0.808921358,0.0066,0.0106,0.0137,0.016,0.0188,0.0212,0.0237,0.0261,0.0296,0.0365,,0.4158748458032623,0.43668736599715385,0.8844022608300666,0.04177347042551753,0.12103688192035161,0.06991129616507846,0.09684189426774696,0.09152472246690777,0.1227721677953328,0.9283035723709845,0.9958489984616319,0.9952081377676566,0.07685240929726016,0.08301981732196893,0.06162280143862627
0.140247,0.0165524,5.482163480427885e-05,-0.033542069,-0.880320849,0.0067,0.0102,0.0118,0.0145,0.0173,0.0188,0.021,0.0237,0.0266,0.0325,,0.40270511410489546,0.4883680236004386,0.521442517861133,0.038378240127233156,0.1349537967042484,0.05778298722549807,0.10335873254150389,0.08127966810904322,0.11260360170789109,0.9771646182843774,0.8688946580337521,0.9134279486265959,0.0720315911908312,0.08580061615176068,0.0924769261612696
0.106667,0.017672697,5.398351563471576e-05,0.081634378,-0.707954871,0.0082,0.0105,0.0134,0.0155,0.0179,0.0195,0.0222,0.0243,0.0277,0.0354,,0.37108614414133717,0.4490333701915403,0.5311067676711851,0.036082920942034066,0.13412821109416853,0.08244352971127425,0.06817348172807007,0.10092381531478926,0.12286377981674257,0.8544623485339762,0.8517238193663502,0.8798855130487617,0.09183106111190675,0.08208742076178355,0.06147652968967705
0.106241,0.01683261,4.812983923542592e-05,-0.031366196,-0.846303749,0.0074,0.0106,0.0124,0.0149,0.0175,0.0188,0.0211,0.0235,0.0263,0.0324,,0.37213518042805277,0.49208131444338254,0.784334430194728,0.0457927413393692,0.13782327884810652,0.05090272477714105,0.06697729539677219,0.10467666563216484,0.1284201919939446,0.8042876077677241,0.8587233093683614,0.8318118150898686,0.05722770912166556,0.09133775008205297,0.09077431558153591
0.122565,0.015432333,5.017555290993636e-05,0.053688801,-0.83118318,0.0052,0.0087,0.011,0.013,0.0156,0.0174,0.0199,0.0222,0.0253,0.0341,,0.3779260775117883,0.43467095762109076,0.7299342316769148,0.0409248067591067,0.1150693134648538,0.07270169847858067,0.07648840681073815,0.10616871903877993,0.09838678804569612,0.9773040157528029,0.8503901934254884,0.9202884413050115,0.058397425827885506,0.07468211799636479,0.07206605034884667
0.106227,0.017649141,6.672533658348777e-05,0.08560902,-0.792712417,0.0062,0.01,0.0122,0.0151,0.0173,0.0201,0.0223,0.0255,0.0288,0.0369,,0.3520322584908803,0.49501189295830605,0.7981983944274451,0.04260497803864257,0.11508997795617802,0.0575881317916863,0.09344975781416642,0.10312665452764003,0.11971987950338735,0.9115269635184148,0.8948443530717682,0.8696138649059314,0.07257925434626288,0.08480505291475593,0.07527629442396812
0.191047,0.023423147,7.598065844611095e-05,0.024479538,-0.587006026,0.0114,0.0158,0.0188,0.0211,0.0233,0.0257,0.0283,0.0313,0.0353,0.0453,,0.4086927490963648,0.4205524253410238,0.8973851534351039,0.04657135654678382,0.12810185847485797,0.06080364165916996,0.08473665156493768,0.11842069901084967,0.10801914030095919,0.9556176006872198,0.9696701445444678,0.9308337613022643,0.0559545179736198,0.08553699726951033,0.08068803699073132
0.184658,0.024332397,8.905962487154652e-05,0.039293309,-0.652064824,0.0119,0.0156,0.0187,0.0214,0.0239,0.0268,0.0297,0.0329,0.037,0.0501,,0.38277237537539915,0.4510824930669809,0.5640969442542667,0.048286492074523936,0.1351860322933628,0.07524494346961715,0.06997276985265166,0.1142702902718755,0.13011263208953672,0.9435674901620372,0.8650002636119879,0.9246049031724936,0.0653145338519564,0.06964216830704455,0.07477289603936674
0.193357,0.024176093,8.160035955695317e-05,-0.111044278,-0.838253947,0.0113,0.0159,0.0189,0.0215,0.0243,0.0272,0.0304,0.0329,0.0362,0.0445,,0.3612180170962634,0.437156526685062,0.5383848757149229,0.04775068275426886,0.12848766690636815,0.07695542731677114,0.09530142190263306,0.08419317546790966,0.10589929053246058,0.8198400058785262,0.9840557214668297,0.9717519908684082,0.08866794232431954,0.05183666360841156,0.0944143773724279
0.188896,0.022230721,6.767723252536564e-05,-0.05726584,-0.698743788,0.0109,0.0145,0.0171,0.0198,0.0228,0.0247,0.0272,0.0298,0.0332,0.0423,,0.3759094420335514,0.4854755871469762,0.8561950032114,0.03817108268348332,0.13301357802494687,0.07642226036398082,0.09668883850465824,0.08915223146083173,0.12864949340060486,0.9173588205250574,0.9606254869734321,0.8470919737023949,0.07886203361775328,0.08289279203980404,0.0963374147511798
0.19179,0.024805929,9.041859400211432e-05,0.042728464,-0.576660208,0.0127,0.0167,0.0198,0.0226,0.0251,0.0279,0.0308,0.0338,0.0377,0.0523,,0.39971669463555565,0.4814456586958596,0.5757703136211532,0.04475627160772788,0.13255723821975834,0.06923148885122225,0.06885070890969201,0.10633883296132014,0.11941885510307412,0.881450066382171,0.9563395967885461,0.8200996398502977,0.08968126132064337,0.09699976783483047,0.05788256483110183
0.193935,0.02513473,9.425379813383602e-05,0.068385178,-0.575957327,0.0122,0.0161,0.0192,0.0223,0.0252,0.0276,0.0305,0.0342,0.0381,0.0535,,0.38479961783991834,0.47374920437681733,0.6222344224199767,0.049425288738334246,0.14742658606306233,0.08039428906494239,0.08112800534593227,0.10035462673348237,0.11689077832727547,0.8476219162135573,0.9556424982150471,0.8394151617281844,0.0785164236717596,0.09811364647997797,0.059983046912526955
0.196245,0.024203515,8.685142475135819e-05,0.1758620911782051,-0.24709171,0.0115,0.0157,0.0184,0.0213,0.024,0.0265,0.0293,0.0323,0.0363,0.0549,,0.3705048110873066,0.4658700982352046,0.5237037622113853,0.04454997722786213,0.1371659216753615,0.05516573525309924,0.09527975372176896,0.10319288999405192,0.12212977002755412,0.8511167528895389,0.992993513677072,0.8436030805978205,0.06540686818237477,0.09408981495315191,0.0684766346586999
0.188256,0.024356212,9.710219653365391e-05,0.1048038322590446,-0.606777557,0.0115,0.0151,0.0185,0.0213,0.024,0.0269,0.0299,0.0331,0.0374,0.0501,,0.3743939955672419,0.4978883641602157,0.5687993767495809,0.04037685623677953,0.12608194212221854,0.07252974243523207,0.07670094594008113,0.11117341836007984,0.1050718689183804,0.8094560259267816,0.8699352497321917,0.8508963525720954,0.06011653576647987,0.08041003609482028,0.0803214955522652
0.190582,0.022774417,9.534749288159024e-05,0.012437287,-0.553828588,0.0099,0.0139,0.0175,0.0203,0.0229,0.0257,0.0283,0.0313,0.0356,0.0506,,0.4117464494467437,0.4907868142608234,0.9089206987356042,0.044731234544330936,0.13157374916802006,0.060750751980948675,0.07404997194675021,0.09994254059784906,0.12503718189486082,0.8654989310496958,0.8072936155386643,0.9699810773153901,0.06616319746729662,0.0556221498320508,0.0936044701622488
0.189528,0.024811897,9.337862444175484e-05,-0.014276577,-0.688714813,0.0118,0.0157,0.0189,0.0221,0.0248,0.0277,0.0305,0.0334,0.0378,0.0492,,0.4073456701172137,0.4970686908987292,0.5481976282858128,0.04419239171667536,0.13513511517590973,0.060661783095877685,0.08328016236176458,0.09717938673169371,0.10772161985236867,0.9589980586084869,0.9237956338485114,0.8430155192418729,0.08130576163300977,0.05883182873054447,0.09796039218002142
0.145552,0.01925493,6.14893439440978e-05,-0.02508653,-0.846551007,0.0087,0.0124,0.0144,0.0175,0.0191,0.0218,0.0238,0.027,0.03,0.0354,,0.39328121738133387,0.4652761049547981,0.8834615356750927,0.047436681158276546,0.14590343016709678,0.0684828362334859,0.08410837719430021,0.09572823321778934,0.11790775085303339,0.8870628525465362,0.8553877950939894,0.8544172816076765,0.055126870473829775,0.09853063877424643,0.06796248289906641
0.147321,0.019141947,6.462103392688504e-05,0.054553175,-0.774127412,0.0082,0.0114,0.0144,0.0168,0.0187,0.0215,0.0236,0.0269,0.03,0.0379,,0.3893463027502005,0.44572845390008575,0.6823403784732995,0.043814588804350255,0.11969555008299303,0.06418756221465337,0.08591926362050985,0.10367978710219941,0.11815621605229452,0.9443357749301785,0.8765063299391048,0.9734259591457474,0.052597463643640506,0.05824691463661522,0.0823245630640226
0.151185,0.019611618,6.418777811455734e-05,-0.033380413,-0.802395199,0.0087,0.0118,0.0153,0.0173,0.0195,0.0223,0.0243,0.0275,0.0303,0.0382,,0.37665523605803836,0.4515901290648703,0.5708382554535169,0.037693764106768245,0.12477971872009004,0.07142416824621335,0.09117461177650565,0.11317656412627768,0.12584369763013362,0.9126166614136321,0.9928884971965107,0.8570177152322059,0.06336739955590384,0.054653865687134706,0.08236253818488837
0.151928,0.018714599,7.012695634407777e-05,0.05987331,-0.586510385,0.0072,0.0104,0.0139,0.0165,0.0188,0.0211,0.0237,0.0264,0.0296,0.0434,,0.40133792893999254,0.429251986876325,0.5174543127352134,0.04148735092491236,0.14892762730244574,0.05216655630025127,0.07288292112900399,0.10472442151297702,0.13415593573652057,0.9238714710845376,0.88831786992878,0.855987841266887,0.09235704227681278,0.06971713528375544,0.08656294748893444
0.147513,0.020053285,6.286110924775889e-05,-0.030707186,-0.736852834,0.0099,0.0123,0.0156,0.018,0.0201,0.0225,0.0248,0.0272,0.0309,0.0391,,0.3827200642368973,0.47058406526560626,0.8308431858936633,0.03861431430462186,0.13262370466446002,0.07868771981637976,0.10310350941812935,0.11468691370037107,0.11706876107237074,0.8981004074246518,0.9644491652089385,0.868253417141089,0.07158875551338773,0.08092477762436905,0.07131775438680095
0.148254,0.019763465,6.865383483948092e-05,-0.047350646,-0.834337866,0.0081,0.0115,0.015,0.0173,0.0204,0.0224,0.0247,0.0276,0.031,0.0375,,0.3603201479236569,0.4060992594316902,0.7516878106806767,0.04510538651455887,0.14796823086030345,0.06709601558325451,0.1029900450236495,0.1111744630277247,0.1176016221487238,0.9770548755492326,0.9242694360485466,0.8776256719989023,0.08255785727148683,0.08015702428297412,0.07493932682167924
0.14471,0.021696942,0.000100138,0.2385862907244378,-0.311305529,0.009,0.0128,0.0159,0.0188,0.0214,0.0239,0.027,0.0304,0.0347,0.0504,,0.37763609148747573,0.4274839067931489,0.5597146655213022,0.04760453486164565,0.14896407379270735,0.07167427934097167,0.09326636445946068,0.08053744018601472,0.10328978790034243,0.944118983197984,0.9164392863330425,0.8310397995264314,0.07662308859022864,0.07072212217780663,0.06422512098933865
0.148613,0.019823292,6.719618571588244e-05,0.036838672,-0.708314555,0.0082,0.0125,0.0148,0.0173,0.0203,0.0223,0.0245,0.0275,0.031,0.0415,,0.39324678826229303,0.4161195661848863,0.5600398777848903,0.037429093056361815,0.11290200980789732,0.06461150537075874,0.09131129632336527,0.09489070695535168,0.12269004021456015,0.8498877666807412,0.9004253971029901,0.9813432791772395,0.08188636586219332,0.07014825310939082,0.07554612947268509
0.147904,0.019215269,6.136019900621129e-05,-0.052849581,-0.854689107,0.0081,0.0115,0.0144,0.0171,0.0194,0.0215,0.0239,0.0266,0.0299,0.0359,,0.40976796201231624,0.41917849378749256,0.7108544732603697,0.03874825883911569,0.14873548201134063,0.0596698705930913,0.10384117192065288,0.0879533858960333,0.11288941388338919,0.96353440753569,0.8712679575035976,0.8951240480372993,0.07165844379378983,0.07479726983729625,0.05757662813303002
0.192388,0.023379291,8.18175477528699e-05,-0.074866136,-0.80263293,0.0105,0.0149,0.0182,0.0208,0.0236,0.0263,0.0294,0.0319,0.0352,0.0446,,0.4186188540144749,0.476081251687633,0.7830765979100394,0.0452262979106772,0.13251381207806648,0.06996697995159384,0.0664080188854104,0.10225020891009175,0.1019939245594356,0.9811435267451224,0.9832341516054368,0.8471692920952113,0.054972184104943075,0.07366566254655527,0.08179108182905283
0.186673,0.021777481,8.467555241440893e-05,-0.124378417,-0.822111703,0.0087,0.0131,0.0165,0.0192,0.0221,0.025,0.0276,0.0305,0.0338,0.043,,0.3847920397155239,0.44265099702274024,0.5461922646509422,0.03741927755592168,0.1455834883856956,0.07515944044209878,0.06843582939523507,0.09773320302010129,0.09782466731302558,0.9881618392924119,0.8801129563167284,0.9075820722517511,0.07083173392576207,0.07068608996631483,0.06354775545948738
0.191729,0.022138763,8.396984270535497e-05,0.04244504,-0.701865611,0.0096,0.0132,0.0174,0.0198,0.0222,0.0247,0.0274,0.0304,0.0344,0.0453,,0.35467245353313864,0.48510621798822295,0.9066221974270009,0.04331267579576057,0.12348614386415319,0.08037624647159204,0.07345204059891267,0.11674531667018154,0.10673972504943145,0.9782647856833168,0.8710512684600848,0.9025149645576765,0.05782934375195639,0.052043122672367735,0.07647071195025823
0.200547,0.025829718,9.029213193943504e-05,-0.005827972,-0.662430177,0.0133,0.0173,0.0202,0.023,0.0259,0.0285,0.0313,0.0343,0.0385,0.0506,,0.39744886078634295,0.4458411058398798,0.5752149454485912,0.03729408248542126,0.12687799958078502,0.06964204377614716,0.07597660500679453,0.08753400409772095,0.11972656242716719,0.9434534887229722,0.9226398962474355,0.8812338629424765,0.07087999949829278,0.07844828729977003,0.05893694553262664
0.20518,0.022432084,9.157325761353726e-05,-0.046909268,-0.700892023,0.0093,0.013,0.0167,0.0199,0.0228,0.0257,0.0283,0.0311,0.0348,0.047,,0.41139979611833916,0.4116267520490155,0.8966118272650713,0.04350354050201361,0.13182414740637385,0.06932477150130706,0.08168462217996873,0.09732146219980883,0.12568313566114978,0.9381301165260973,0.9532684421902794,0.9816283752342578,0.09146479797431972,0.0671469989125626,0.0663598829326733
0.202874,0.022073117,5.975756186764939e-05,-0.167118086,-0.692513457,0.0119,0.0148,0.0174,0.0204,0.0223,0.0246,0.0271,0.0294,0.0321,0.041,,0.3898580696365197,0.49301270486839366,0.7855583020677409,0.04544127151265097,0.12840070671398277,0.07610130101748254,0.08902785190808751,0.09708444415518816,0.11095516658140171,0.8371331021298277,0.8772940244998292,0.8787616917273874,0.09191110623416232,0.09830257336442567,0.07284858219558756
0.200373,0.022088344,6.528273057492612e-05,-0.094287637,-0.737063243,0.0113,0.0142,0.0179,0.0199,0.0223,0.0248,0.0269,0.0296,0.0331,0.0398,,0.37388087993640684,0.47502561186252135,0.6931684611880143,0.046265779969788465,0.12793699767336572,0.05844334499949623,0.087470037603653,0.10695245474058013,0.09984979879020883,0.8684920546496564,0.993556351524167,0.9948955557040055,0.06891569396150413,0.05693718653400055,0.07358745756471848
0.199613,0.020902603,7.024358124064704e-05,-0.051895442,-0.772629046,0.0101,0.0127,0.0161,0.0188,0.021,0.0236,0.026,0.0285,0.032,0.0395,,0.399478081010209,0.4828794959454847,0.6247421898635406,0.04088600139360632,0.11430313656397453,0.06194520689620039,0.09036230404080851,0.11798463818491566,0.11462211302232289,0.9008888659675697,0.9584066087907165,0.8976475763595783,0.0650643205598704,0.057610471010956545,0.08627675347109884
0.195567,0.020808486,7.26643405190616e-05,-0.045782882,-0.718735567,0.0087,0.0126,0.0158,0.0183,0.0211,0.0237,0.0259,0.0285,0.0321,0.0426,,0.40861873892770717,0.4054418834068079,0.5323409245199867,0.03808147617327725,0.13262923139817082,0.08444941234759301,0.07230098409333569,0.11385561740220092,0.1197284320963796,0.8247115331483864,0.9422838116535972,0.8534110223713189,0.06070840426646289,0.0645314117415985,0.08880085238685213
0.192964,0.020821576,7.757189044880522e-05,-0.000895118,-0.691934651,0.0083,0.013,0.0156,0.0182,0.0212,0.0235,0.0258,0.0286,0.0327,0.0419,,0.3603592500107944,0.4105340231504248,0.5206778618249117,0.048938772228422654,0.1452350516667268,0.06634057006637889,0.09241913547531244,0.08861934922726163,0.11247446957946002,0.9868657283810467,0.9126236208997759,0.9501019403813781,0.06830037260294217,0.07590755576364737,0.0578143659416802
0.185312,0.023418152,6.575581891105966e-05,-0.069021782,-0.416046087,0.0123,0.0167,0.0191,0.0213,0.0234,0.0258,0.028,0.0307,0.034,0.0453,,0.38414991319371494,0.45136120916332495,0.7429488697809876,0.043842849222827635,0.13809899290765848,0.07958073438489173,0.08088481400072192,0.08566084157625248,0.13348999616613547,0.8939543663607,0.9561076694634119,0.9126383184237786,0.09320214862400154,0.0738058145418822,0.09576264977736254
0.179988,0.023160658,6.0184249716082094e-05,-0.214491889,-0.334609509,0.0129,0.0165,0.0187,0.0211,0.0236,0.0259,0.0278,0.0299,0.0328,0.0432,,0.3662486153211085,0.4100073268768229,0.8679142328318669,0.04057758904660222,0.13071149527873463,0.08186195296901579,0.07567947563727406,0.1132563693666263,0.11995726994134727,0.990883245652827,0.8756930521625194,0.9347734203504403,0.08951267081950932,0.08765728623587603,0.06864037005030345
0.178044,0.02106368,7.949078401990777e-05,-0.142186234,-0.825624831,0.008,0.0124,0.0163,0.0188,0.0214,0.0241,0.0266,0.0298,0.0327,0.0392,,0.3564423898287403,0.4183775349416986,0.5452940618216049,0.04018755776034788,0.13263139093272733,0.08140528455710373,0.08968289464841209,0.11549063465086974,0.1306705128414716,0.8052054714554313,0.8625191908881628,0.8123318275502455,0.0781793716219991,0.06762009829236854,0.07482593296776023
0.187228,0.021392278,8.66782830968072e-05,-0.05364806,-0.728251037,0.0085,0.0123,0.0158,0.0193,0.0219,0.0243,0.0269,0.0299,0.0337,0.0459,,0.39389935505427404,0.4267462474449837,0.7762553396119845,0.04620044421109124,0.14212617445298628,0.07626032970816676,0.08950890391655625,0.08387727621743168,0.11528122630297982,0.9710180824361991,0.8680885277280547,0.9191389802841211,0.05463751487372951,0.08673593967230532,0.07058856753279108
0.170019,0.023989944,7.829380770052507e-05,-0.043962321,-0.598896816,0.0116,0.0156,0.0191,0.0218,0.0242,0.0267,0.0293,0.0319,0.0352,0.046,,0.4148297064409836,0.4908027041412535,0.6955519676680466,0.04500989626318628,0.13289418051827806,0.08453186388230437,0.1022198268307083,0.11096052455679564,0.10776087437185664,0.9777408360179278,0.9549756996489761,0.900076539401668,0.07611502300429816,0.08404281938045922,0.08221322068093614
0.185059,0.02344987,6.195093602485562e-05,-0.232847597,-0.554606838,0.0128,0.0162,0.0193,0.0215,0.0238,0.0263,0.0284,0.0306,0.0336,0.0407,,0.3541706164949149,0.44355544834385197,0.7667307673322165,0.036677776448969364,0.14272788573824324,0.08481214955301648,0.08909452280611398,0.11107505814894848,0.11885975778459272,0.8105279049207154,0.8152277247049401,0.9787837435330949,0.055150226281284465,0.0803308455495547,0.08020533396627874
0.178765,0.025348025,8.989685127592485e-05,0.015176345,-0.726413024,0.0124,0.0165,0.0196,0.0225,0.0253,0.0281,0.0308,0.0341,0.0386,0.047,,0.3923075080334558,0.4466075662355025,0.8303436229601423,0.04143282569052208,0.12535037049685396,0.05182530953374315,0.08481836259972475,0.09013081369445529,0.11246185181556115,0.8077922424301901,0.8643799163669353,0.9665884060364408,0.0771216048882696,0.06501937640905102,0.08903765649694369
0.174141,0.021969701,6.760559098929129e-05,0.02851097,-0.648150834,0.0115,0.0143,0.0169,0.0201,0.0219,0.0238,0.0267,0.0297,0.0331,0.0412,,0.35664028013033916,0.4231214747506788,0.6654707785482553,0.04342576086703348,0.14872399874987438,0.05677550879353528,0.07984984915133687,0.10872269423064083,0.13404316576035885,0.9713412137611962,0.9632878358639779,0.8268288567192381,0.05749377648154387,0.0751289653245853,0.08772119774000608
0.186748,0.02409858,6.647889026353791e-05,-0.195524637,-0.610369923,0.0131,0.0166,0.0199,0.022,0.0242,0.0269,0.0293,0.0316,0.0348,0.041,,0.4131582411894818,0.4738092520070276,0.93374888448143,0.04390320899940509,0.1289330845093824,0.08416613022230861,0.10317023691284559,0.10673586753941598,0.12355309649612677,0.916918162501264,0.8712246379335971,0.8217031855334647,0.078611271692079,0.06827016966118844,0.09078937192779897
0.181161,0.026813133,9.195965969379054e-05,0.029659387,-0.491538491,0.0142,0.0181,0.0213,0.0237,0.0265,0.0292,0.032,0.0352,0.0399,0.0497,,0.39501077992209527,0.4586232177253014,0.8733031526868635,0.035459316544915936,0.1422350823020995,0.08026458667601856,0.08056746850423967,0.10426564783628736,0.10982921334272876,0.9187256566579588,0.9315303904378226,0.9686578542629387,0.05583653116798327,0.07105057328445129,0.090493048293509
0.16743,0.023851175,0.000115125,0.081574014,-0.640691763,0.0102,0.0142,0.0179,0.021,0.024,0.0273,0.0304,0.0338,0.0382,0.0518,,0.40825573840580126,0.49398565188011545,0.7895311635220968,0.04740561485150425,0.14640530704675986,0.0855130959322145,0.07016666924355865,0.08959333466640261,0.12518550838596063,0.9446336243030903,0.834446808307554,0.9543181479580047,0.07219515457122187,0.051942441080755415,0.08782802380456313
0.151764,0.025324587,0.000136131,0.5505576815604405,0.2978378944299407,0.0103,0.0149,0.0189,0.0218,0.0246,0.0275,0.0307,0.0347,0.0395,0.0604,,0.35146301290025284,0.48603267185151555,0.9353628449519173,0.04185063394123487,0.13512343165103596,0.053567161168133,0.07909000101426145,0.10652932187529948,0.12705778832445594,0.8292320910618236,0.964057588202156,0.9433822188326337,0.08636991460745735,0.08438631633107213,0.08835322694918671
0.14871,0.022039596,9.510474302241449e-05,-0.039810499,-0.832679829,0.0084,0.0123,0.0165,0.0191,0.0219,0.025,0.0283,0.0313,0.0351,0.0437,,0.4076720030552701,0.4474308261588209,0.9038143839237419,0.04204700261273402,0.13561548028885367,0.0782264072480139,0.07793395710315358,0.10407558801159107,0.09783540945540037,0.9737073593389272,0.9431822243882232,0.9854579509625089,0.0527332078114054,0.08340491218910999,0.09114733594382661
0.150727,0.024579178,0.000108976,0.040230383,-0.855201347,0.0105,0.0143,0.0178,0.0213,0.0247,0.0279,0.0311,0.0344,0.0388,0.0475,,0.37638729693487294,0.4606730635079905,0.9108844142008924,0.03823043565626946,0.1371962558192955,0.07437602964406984,0.0660403425234953,0.09321189894987747,0.10364486619846482,0.9665387376689945,0.9651031450281572,0.9467431047037554,0.057213385850109696,0.06581244866932745,0.08900050905249517
0.161692,0.024874447,0.000127716,0.1886622529259211,-0.413556756,0.0104,0.0142,0.0181,0.0214,0.0246,0.0276,0.0307,0.0344,0.0396,0.0544,,0.38193861369562704,0.45015881681762865,0.8690678486783476,0.0434917263786375,0.133127879749829,0.08637824404380083,0.06941529852285003,0.11884041699225373,0.11726838571923921,0.9757731285856905,0.8317707088266033,0.9523244260556556,0.056769543091244073,0.07567335802117732,0.07783855410107551
0.157457,0.024693198,0.000110622,0.001535778,-0.851085075,0.0102,0.0146,0.0183,0.0219,0.0245,0.0277,0.0308,0.0347,0.0394,0.0462,,0.38935819489276086,0.40625557088187153,0.6945253560314638,0.04525516273497268,0.14584787419233594,0.07891896613717314,0.06767727642047415,0.09616796914411542,0.11434468420473753,0.8156967801570185,0.8643794859970367,0.9334334954924017,0.08584654504463117,0.08112331349382187,0.057455463653303736
0.146164,0.022598862,0.000103942,0.014619277,-0.818912613,0.0087,0.0126,0.017,0.0197,0.0224,0.0254,0.0287,0.0325,0.0363,0.0449,,0.4129618482055611,0.464761632781378,0.9033020853392284,0.037372368927281845,0.14342795407679376,0.06731775158594962,0.0893452235048473,0.0895679847658449,0.10209359328488969,0.8548927620801986,0.9921412639839113,0.8553705926301686,0.06246680707890219,0.055679923369673714,0.08687355046563604
0.16383,0.024928596,0.000106565,-0.171377127,-0.785100786,0.0101,0.0151,0.0194,0.0226,0.0255,0.0284,0.0312,0.0347,0.0386,0.046,,0.3881785426178757,0.4457871281308532,0.8110242664056206,0.044499736893941585,0.14825101974803837,0.05677857335173829,0.08644124382483796,0.10345715640420025,0.12392288300434787,0.838849572437347,0.9711206959669908,0.8599510747874275,0.08137846655077494,0.08222211121222328,0.08968191214220655
0.157783,0.026390949,0.000142341,0.4731083600331001,-0.000193709,0.0113,0.0157,0.0189,0.0222,0.0256,0.0289,0.0321,0.0361,0.0423,0.0643,,0.3820030314058612,0.4180682204664063,0.7616366527604829,0.0462149947087267,0.12985299546233453,0.07272749174612153,0.08241883383400922,0.10748376714699365,0.11333238457641115,0.9803916187758888,0.9971780350180363,0.9128146798186992,0.08222888185443752,0.05256960516487085,0.06427437915003271
0.15408,0.022904027,9.914402977231486e-05,-0.02478063,-0.772500553,0.0091,0.0134,0.0174,0.0201,0.0228,0.026,0.0291,0.0321,0.0363,0.0443,,0.37848420037465386,0.4896585303762123,0.670760540366523,0.03972268368421853,0.13899087910884433,0.06412569794450075,0.08421518504746553,0.11384373385765188,0.09888980245557709,0.82319794537452,0.9004425957672576,0.8461627696343773,0.06303999258753308,0.0858266337654501,0.05918652058129259
0.120748,0.019751222,4.97036513342193e-05,-0.063851821,-0.440933163,0.0108,0.013,0.0162,0.0181,0.0197,0.0216,0.024,0.0262,0.029,0.0394,,0.4064430390485288,0.4749790231045224,0.6547513302373482,0.04574595777922949,0.13799253380403154,0.05722486566587669,0.08169086651770976,0.10831559404354278,0.10218496036414998,0.9720522340988742,0.9791861560180959,0.9113981698350918,0.08077798805575359,0.09645959754454558,0.07414658893275276
0.114503,0.020492214,5.2049458552477784e-05,-0.096929098,-0.520289005,0.0109,0.0139,0.0165,0.0184,0.021,0.0225,0.0246,0.027,0.0301,0.0377,,0.369464507659162,0.49107819869667263,0.6802125483339446,0.047134032530915124,0.14078150150502675,0.05861408977141918,0.09254152997569041,0.09336669063455802,0.13320275647396787,0.8061816715259087,0.9395653352977817,0.8257564050563756,0.08793710508393267,0.059928404492374736,0.081428075521805
0.117082,0.020666181,6.266154005273104e-05,-0.008993417,-0.744921567,0.0104,0.0128,0.0162,0.0184,0.0205,0.023,0.0253,0.028,0.0314,0.0391,,0.36039203904245176,0.4414002736088161,0.5268235443424529,0.036446390674869086,0.12239410737980105,0.05903790961359142,0.08912783356099402,0.08215594074621325,0.12174187835137709,0.9532870748717683,0.994107248079713,0.9697381977946904,0.08153134931048328,0.052413384609862015,0.06651221862324719
0.119129,0.021793853,6.648150502805918e-05,-0.099025991,-0.838294259,0.0107,0.0141,0.0168,0.0197,0.0219,0.024,0.0272,0.0297,0.0329,0.0377,,0.3686529484783996,0.4747383511474465,0.7450329157873884,0.04683787646755555,0.14630265644634102,0.05154496578983675,0.08369155742614348,0.10778480438753682,0.107826412312756,0.8360470627902432,0.9822860277090935,0.9507791422528122,0.06961996583519373,0.06409019011449299,0.07359715655187325
0.116297,0.020768485,5.073765975857357e-05,-0.211337737,-0.428442827,0.0113,0.0147,0.0167,0.0191,0.021,0.0229,0.0251,0.0272,0.03,0.0372,,0.4018141957835539,0.49487346407130384,0.7485541094010322,0.044920589394545796,0.11293889063915734,0.06012418921228258,0.10126565619889248,0.09418340760735171,0.11959942184894642,0.88952235957618,0.8101147505243452,0.8560761980152427,0.05702651499642126,0.090187101528017,0.06727803728029945
0.124659,0.021350248,6.0024588330548904e-05,-0.060149054,-0.68421845,0.0109,0.0143,0.0167,0.0193,0.0214,0.0235,0.0259,0.0285,0.0319,0.0375,,0.3513531911570233,0.40167140182587013,0.8040855717841433,0.04839442444504213,0.13025248872606943,0.05738198590612101,0.09146357967180185,0.09524011390654787,0.1089735120728778,0.8824088785808449,0.8832860781103596,0.8151993079626519,0.07966554796421603,0.07354357014673368,0.0579595036401697
0.136254,0.017612025,5.999277167120474e-05,-0.066340584,-0.820264751,0.0075,0.0099,0.0132,0.0156,0.0181,0.02,0.0226,0.0247,0.028,0.0354,,0.36314358215963993,0.4460262668919279,0.5562540044356878,0.03553310253029041,0.12695842476309943,0.06019434390184447,0.09419301365538628,0.08511566654966929,0.10484478141369147,0.9214108511495329,0.9249806097913331,0.9742771149692993,0.06776906967770446,0.0901271708299541,0.0820802879070188
0.118929,0.020286679,5.379830185916188e-05,-0.021612868,-0.571644834,0.0108,0.0134,0.0161,0.018,0.0201,0.0225,0.0244,0.0271,0.0301,0.0382,,0.38955010826389147,0.4427476854921675,0.670277577151187,0.03691203848207401,0.12367300215916927,0.06348312086567261,0.09869612181241001,0.0988183169844674,0.12680280395815133,0.8734573304644755,0.9059083206292846,0.9825997494306487,0.05927783144404837,0.08941068900847478,0.09706923526695074
0.123121,0.018102783,6.505908558922913e-05,-0.022862688,-0.793411581,0.0066,0.0105,0.0129,0.016,0.0179,0.0206,0.0229,0.0258,0.0288,0.0378,,0.37214956807494987,0.4672388932361648,0.5721883756008653,0.042592373958347154,0.147767618062703,0.08590409462256127,0.08947003742375836,0.09901831686371815,0.10534503058513212,0.8731589906290894,0.9927671531407782,0.818377525131953,0.08042251819475986,0.08452672682165893,0.05948870053372901
0.111388,0.019814456,4.7103305873094125e-05,-0.190878842,-0.369509573,0.0106,0.0139,0.0162,0.0182,0.0199,0.0219,0.0239,0.0259,0.0285,0.0361,,0.40916870678664946,0.49467980170126435,0.5076237630934497,0.0455161142182169,0.12472607146548169,0.08393432305946001,0.09658764054203962,0.08835445350358183,0.09883646472916303,0.8683941483242619,0.928432631987541,0.8880277628442144,0.07218006933994202,0.05493507372288814,0.09090215631121394
0.171874,0.02268907,9.37329015857541e-05,-0.081539302,-0.707632098,0.0092,0.013,0.0169,0.0208,0.0234,0.0258,0.0285,0.0314,0.0355,0.0464,,0.3716013658389531,0.4326218316591193,0.5363764179664777,0.04110029097848755,0.1449461292945681,0.07461051952430191,0.07734562135427628,0.11063955953203633,0.12220257496245682,0.849279205856058,0.8656823557322163,0.9499806383977647,0.06004443982317317,0.07031270704595928,0.09318391207508175
0.15773,0.022996425,8.897905915837552e-05,0.2171445711201457,-0.454362483,0.0113,0.0146,0.0178,0.0203,0.0229,0.0255,0.0284,0.0315,0.0355,0.0518,,0.41140227211502733,0.43976708395592284,0.6183534225168672,0.03932177933119387,0.11632981719275243,0.06665818817442976,0.07367505229818953,0.10404475713250767,0.0980948081946816,0.8995814267361364,0.9700662297122128,0.9204283519571556,0.05430944035825048,0.0843025993633493,0.0621727351208543
0.165798,0.024036165,8.151856056440135e-05,-0.06921782,-0.646463267,0.0117,0.0154,0.0185,0.0216,0.0242,0.0269,0.0297,0.0324,0.0356,0.0491,,0.3698353540862048,0.48554697335973596,0.695541051342001,0.039759016845683184,0.1420877524643061,0.07922991392916348,0.07932294158706282,0.08973537602887574,0.10826665096170299,0.9882274025500309,0.9625983946046558,0.8496521034201229,0.06980874966728269,0.0789790162718902,0.07471711837347583
0.16437,0.020897787,6.372221710992331e-05,-0.038971986,-0.702349433,0.0107,0.0135,0.0159,0.0187,0.0213,0.0233,0.0256,0.0284,0.0314,0.0415,,0.37006098095826434,0.4283529291809538,0.643201140427099,0.04816370079878787,0.14614906572807648,0.0797624957390109,0.08674934466774582,0.10652840391887587,0.09859402068839847,0.8078756451814162,0.8349659604055094,0.9321057218980681,0.07703283375741646,0.08531020830124228,0.09233057468488574
0.164646,0.023055062,0.000109968,0.2177439596050402,-0.273419579,0.0087,0.013,0.0169,0.0198,0.0225,0.0254,0.0285,0.0323,0.0366,0.0554,,0.3848420856465041,0.4504321974900247,0.8841683475370131,0.04882459752798464,0.11755885956357574,0.07658680239294763,0.07870565282884026,0.11725033180335095,0.1212138707149701,0.8763679101665114,0.9027270382198658,0.9790640896414915,0.05884674071410471,0.09502152603547968,0.06511054805552953
0.163354,0.022640277,9.836729527371242e-05,0.2489826515287023,-0.398670809,0.01,0.0136,0.0169,0.0195,0.0221,0.0248,0.028,0.0309,0.0354,0.0499,,0.4172831383228091,0.4820791999774923,0.7217883725301916,0.03740685252022811,0.1185160142247397,0.07336246605182763,0.07836113403467022,0.10334008322344902,0.13044571379910308,0.889498916062918,0.8391807514475096,0.8223204582211163,0.0894073529141068,0.08993851387124281,0.05685704130118361
0.155887,0.020979704,9.62072256362534e-05,0.1816846608357612,-0.502993093,0.0085,0.0123,0.0152,0.0183,0.021,0.0236,0.0265,0.0299,0.0337,0.0511,,0.37137501581752197,0.4921262893399331,0.7478736417385515,0.047012881440276315,0.14105137213511648,0.07869158435275363,0.09906285017596173,0.107113204684713,0.10517602711476336,0.8214309086020907,0.9168890889977902,0.8127351119237677,0.0770258833345691,0.06659513398743155,0.07941471110288129
0.163841,0.02054007,7.474203209187665e-05,0.1421977565252257,-0.536103302,0.009,0.0121,0.0153,0.0177,0.0209,0.0232,0.0255,0.0281,0.032,0.0464,,0.3551406582661989,0.46773293926711357,0.7110367160299127,0.044406911266641126,0.1274570546559963,0.06849290067668737,0.07571578586817201,0.09593159938597458,0.12008855569367088,0.9281340285630618,0.8320566957570846,0.9618358631320253,0.0863408890428241,0.05849358765812267,0.06833201287915228
0.16554,0.023187162,0.000100557,-0.070491816,-0.702309814,0.0096,0.0136,0.0172,0.0206,0.0235,0.0263,0.0294,0.0325,0.0361,0.0491,,0.3601993063896634,0.43392494819328903,0.8988520939465586,0.04689271814139823,0.13622281633620667,0.08558784195899702,0.0939681162900436,0.09745520490571169,0.10916620015552968,0.9358342639958266,0.9427501997511918,0.8774404383633466,0.08154215168032174,0.06056797694760418,0.08506285363955321
0.167114,0.022108759,6.937982033687482e-05,-0.108311101,-0.765006344,0.0101,0.0144,0.0172,0.0196,0.0224,0.0251,0.0274,0.0299,0.0328,0.0431,,0.3556175813995554,0.48839087130859316,0.7077455719427546,0.048992458065811297,0.12492907334230952,0.05522138890864705,0.07920074778241219,0.11492194288894575,0.10059875196742218,0.9631764362009477,0.8979232852298386,0.9830385185741384,0.051070416338126916,0.06737595536962647,0.0855388979319066
0.185681,0.022700223,9.752253502251364e-05,-0.042995729,-0.769296853,0.0091,0.013,0.0176,0.0203,0.0229,0.0257,0.0285,0.0321,0.0359,0.0453,,0.3542797959049984,0.47589446553374143,0.8037678306983087,0.04505290572456416,0.14547367949262557,0.07857358410987009,0.0936784808959451,0.08091694495536363,0.10233881978939896,0.9841295674728852,0.9777521506228847,0.961430070606787,0.09242982535103972,0.07344028375689872,0.0580878980155862
0.165853,0.020937112,8.055976039161722e-05,-0.103403341,-0.825328418,0.0081,0.0125,0.0158,0.0187,0.0211,0.0237,0.0266,0.0293,0.033,0.0402,,0.40181499391881265,0.4102848533606257,0.6002393561865803,0.03931507982639473,0.1433737754036413,0.08153902208006562,0.09586336099119269,0.11790224965389788,0.12387827053817033,0.9575068519978416,0.8558136180321844,0.8968740311932714,0.09230223101026289,0.09338321783005878,0.09899502130498854
0.185851,0.022757185,9.4859782177744e-05,-0.045274499,-0.682799479,0.0095,0.0132,0.0167,0.02,0.0231,0.0263,0.0291,0.0315,0.0352,0.0476,,0.39239836959899727,0.4364161307931864,0.8047950977901395,0.04792401299557812,0.11415215959318903,0.07853374452910472,0.08449432204606204,0.09893098031823541,0.12805931301688542,0.933152661432159,0.9531522832603833,0.920252591023031,0.08241464629313304,0.05669715919644043,0.05692831656700972
0.178429,0.023467164,8.746927470683323e-05,0.1195664600292208,-0.600842972,0.0111,0.0147,0.0176,0.0204,0.0229,0.026,0.0288,0.0323,0.0365,0.0485,,0.3932455231977824,0.4787772849058218,0.6227180104641905,0.03585361064059798,0.13826630191082742,0.08178411451250031,0.09492203142346306,0.09225246183554241,0.12479502028141189,0.9953796889129749,0.8717545572953073,0.8682525007071342,0.0908976638769497,0.07695838167128118,0.06533428863723763
0.181314,0.025450576,0.000104054,0.2159456835801017,-0.488372398,0.0126,0.0165,0.0195,0.0224,0.025,0.0277,0.031,0.0345,0.0389,0.0512,,0.37342500874870754,0.45266135992908035,0.6161544211169062,0.043276567033731256,0.12798313030688818,0.05201972693697954,0.08273588014142413,0.08342328566080685,0.13328297719620674,0.996538433731656,0.9586121979082682,0.8999817255374328,0.07450663466093506,0.05892033085374898,0.09267684731715149
0.185004,0.022420558,8.92494110679817e-05,-0.131315232,-0.874705252,0.0094,0.0135,0.0166,0.0204,0.0227,0.0254,0.0286,0.0316,0.035,0.0414,,0.38237466592142516,0.41774313273091174,0.7763827172405648,0.045155485732101555,0.11307009461903386,0.08624480417180079,0.0947581202298133,0.10077058981518719,0.09923328101060745,0.964910456689628,0.8114114605284425,0.8596280399041244,0.09250081188330458,0.06687425880386091,0.0630045808065762
0.172036,0.021940416,9.27260978741889e-05,-0.03186883,-0.816490779,0.0087,0.0125,0.0167,0.0193,0.0219,0.0245,0.0277,0.0315,0.0349,0.0451,,0.36076999803792575,0.4056153630213996,0.673967373765217,0.04605113183306718,0.12608829618366393,0.05145212754624587,0.10112294595823981,0.11526775113994497,0.11337521951369402,0.8340813165601879,0.8295260822671066,0.8234006195658421,0.07232659594686092,0.061438344288655515,0.07000084632690828
0.177456,0.025171847,0.000103731,0.01447883,-0.741153318,0.0116,0.0155,0.019,0.0221,0.0251,0.0281,0.031,0.0346,0.0386,0.0501,,0.41322297732082597,0.42702594232824725,0.5890367606003215,0.03532478294377292,0.13414575285699246,0.08118057405060858,0.09682758034628099,0.08872118706909235,0.1236215043850102,0.9643857003950739,0.9489415443800603,0.8533383166904633,0.0627555150204306,0.0715336432616762,0.08120517783719379
0.184202,0.024044811,8.887892034041404e-05,0.036449474,-0.763172328,0.0114,0.015,0.0181,0.0211,0.0241,0.0269,0.0297,0.0327,0.0369,0.0472,,0.3641463273908891,0.4970559422307956,0.9095594214741204,0.03636422583055303,0.11762314013533508,0.08418004514161072,0.10304122149982654,0.11886745593673165,0.11906627876892589,0.9200724358765483,0.8485765711901041,0.856052619775056,0.0908122171862529,0.06634708879472484,0.08625669590825334
0.187645,0.025519012,7.742401674766002e-05,-0.168248674,-0.60733386,0.0131,0.0177,0.0205,0.0232,0.0261,0.0286,0.031,0.0334,0.0368,0.0442,,0.35575423195039396,0.4178883806376574,0.8414972819469985,0.046101274743594475,0.14631055391619924,0.06778520351222984,0.0983213540436871,0.11344670535603685,0.12866918661103466,0.9341696101565887,0.9051835498935502,0.9095319591671971,0.06976089927985882,0.0767281690357719,0.09361201115972818
0.164254,0.021841759,8.994813376640851e-05,0.02410821,-0.727923747,0.0088,0.0124,0.0167,0.0193,0.0217,0.0243,0.0275,0.031,0.0343,0.0448,,0.4078442523520633,0.44377718157480034,0.6387453677475512,0.040330059551763595,0.1459065017366939,0.06783928644689736,0.09737214497717542,0.08197720006946921,0.1330398757061852,0.8605310134508899,0.8782917328399089,0.9943611447159686,0.08300781500774876,0.06020639654815752,0.06987871491634838
0.165103,0.018500553,5.565352406489968e-05,-0.091246916,-0.842791604,0.0084,0.0116,0.0137,0.0168,0.0185,0.021,0.0232,0.0257,0.0282,0.0347,,0.36687510320760974,0.487151745938155,0.5799102360142283,0.04307329964538792,0.14863048948206192,0.05975129492308762,0.07466812508329594,0.08701924533259815,0.1308725100157303,0.8992262402769257,0.946074136182634,0.8549463508005817,0.05636685037683544,0.06646788129060148,0.06397328655823488
0.16914,0.018705064,6.435872647478174e-05,-0.114567808,-0.785002884,0.0071,0.011,0.0138,0.0167,0.0193,0.0216,0.0234,0.0263,0.0289,0.0377,,0.3888691977830502,0.45561095308646954,0.6631453704157333,0.045265018642536334,0.1133624949939788,0.07721740950611077,0.07096660561911672,0.1057887164427088,0.11914603829017563,0.9927497475188934,0.9312933741979801,0.9938534045547978,0.05798060398264173,0.07123004801935102,0.06933808891595909
0.165767,0.018526612,5.459595126450037e-05,-0.045904508,-0.819086791,0.008,0.0112,0.014,0.0164,0.0187,0.0207,0.023,0.0254,0.0285,0.0359,,0.40186957692592246,0.4354030495966983,0.6164703469602097,0.04113630827214089,0.14445774607951037,0.07615254396784765,0.08554828555424604,0.10625709992528266,0.12189065529439798,0.9173814493415355,0.9559443642897494,0.8683605759220699,0.053069657326880626,0.07205329474280019,0.06431989001115884
0.170451,0.019331062,5.884928814248915e-05,0.04981664,-0.5770694,0.0086,0.0127,0.0147,0.0169,0.0191,0.022,0.0239,0.0261,0.0293,0.0422,,0.37387502338827927,0.4718619752638239,0.5820062557544847,0.04037828815502134,0.14220595705301575,0.07749091848129719,0.08303826098269501,0.1166043392275722,0.09765827527519727,0.863255087678529,0.8140786967485992,0.9639703023974279,0.0634200888132173,0.07870443391200282,0.07790385596879444
0.145274,0.017486333,5.9979851004053985e-05,-0.058268506,-0.842621758,0.0074,0.0098,0.013,0.0152,0.0178,0.0198,0.0223,0.0246,0.0278,0.0351,,0.403769372805763,0.40658999848597466,0.7702381204422197,0.049478790954397354,0.1378025794869497,0.052607224328587325,0.07823820065076988,0.09780467702839901,0.12085757572683518,0.9699956498289141,0.9154320535510764,0.8104831788533381,0.06172350937665465,0.061793300770105114,0.08767587095281536
0.163563,0.019120021,6.428196126626216e-05,0.089379227,-0.670034548,0.0079,0.0116,0.0138,0.0172,0.019,0.0212,0.0237,0.0263,0.0301,0.0392,,0.4078928413927935,0.4124200604296323,0.5184087077482747,0.04599372553154125,0.11941089231705806,0.07331284516921255,0.09069374964446822,0.11521537553125875,0.09645676224080757,0.9708731753532865,0.9767379542673537,0.9133478845111633,0.06065670885530872,0.08091076401949732,0.099206046257912
0.164841,0.018601486,6.985193008784586e-05,0.091002149,-0.617525982,0.007,0.0114,0.0137,0.0159,0.0185,0.0212,0.0233,0.0258,0.03,0.0415,,0.353084506605539,0.4492531522015317,0.7671239251422892,0.04762249848966292,0.11884085062915675,0.06877454680965936,0.08757036699659253,0.106439387646361,0.11991160662349074,0.9554517339604688,0.9340060340982539,0.8484593781547524,0.05667448695214766,0.07378278994304018,0.0690949339673149
0.163749,0.019507885,7.405797724241645e-05,-0.04923936,-0.854460444,0.0073,0.0113,0.0147,0.0171,0.0194,0.0223,0.0246,0.0281,0.0308,0.0382,,0.3819405195671051,0.46584713809133416,0.7681238857169792,0.040626095332298946,0.13365592039599306,0.058958736169888254,0.09368381779073783,0.09637715255557323,0.13348794673478184,0.9870803035134353,0.9129804444219674,0.8370097733256355,0.08965330262201539,0.0546579199458138,0.06274987847275254
0.161309,0.021799152,8.646682069784591e-05,0.1053734192145401,-0.71033654,0.0093,0.0129,0.016,0.0191,0.0218,0.0243,0.0271,0.0302,0.0345,0.046,,0.4010184646154118,0.410317694997196,0.5510471814171712,0.03973410131390114,0.13881525847391987,0.06520681398136449,0.0952306853700956,0.10105182050692672,0.10435133059998186,0.9428730021623076,0.9059341590190896,0.9743847142285639,0.06921010100222737,0.06374091128104661,0.0923374761028012
0.121221,0.019056605,6.900285827689187e-05,-0.067326879,-0.844853631,0.0069,0.0108,0.0142,0.0167,0.0194,0.0216,0.0241,0.0267,0.0303,0.0362,,0.35223316109880315,0.44132284933052973,0.9082484411287458,0.039135507787429594,0.13042850614172227,0.06663178284227378,0.08669307353110829,0.10206981353069962,0.10024250545335892,0.9881589025119165,0.8581721611051909,0.8883705959195896,0.0654494753200984,0.06464471486855848,0.06591426007750163
0.12216,0.021216538,6.704361832450656e-05,-0.027300135,-0.788570567,0.0106,0.0132,0.0165,0.0189,0.0211,0.0239,0.0264,0.0287,0.0324,0.0396,,0.39976830949555486,0.41726498477627266,0.9090543922359944,0.0365346529226448,0.11419290945458123,0.053017003103114545,0.09872244874881125,0.11689540516816936,0.11221860586290897,0.9725611043779725,0.8913826417924545,0.8184296267726834,0.05190971116695474,0.05432661983805854,0.0707502023664706
0.115896,0.018213295,6.703612949551202e-05,0.031331383,-0.734157368,0.0066,0.0105,0.0128,0.016,0.018,0.0209,0.0231,0.0256,0.0291,0.0375,,0.36804157558965656,0.4542649319670715,0.8160376908783984,0.04884270810247763,0.13603743986267902,0.05045920441971144,0.0706294628286766,0.11292550414416978,0.11307958914185674,0.9488392210582847,0.871051240253392,0.8090101974392636,0.07899052496318862,0.09287134026234604,0.09166902152424053
0.121135,0.019081395,6.413565908160034e-05,0.1472620399567464,-0.619683788,0.0082,0.0119,0.014,0.0166,0.019,0.0212,0.0236,0.027,0.0298,0.0408,,0.3765676566831963,0.4322048595894309,0.5755037226156914,0.0454804057255113,0.14354179572542422,0.05373580196561722,0.10136697499521177,0.08191228240819029,0.11145616538027872,0.805561275331854,0.9469124182097992,0.9228973938018137,0.09047126793762311,0.0869616915203163,0.0820542913087589
0.119726,0.018337785,5.0128694421214594e-05,0.011172645,-0.702701633,0.0089,0.0122,0.014,0.0166,0.0184,0.0204,0.0226,0.0246,0.0279,0.0354,,0.4174726246725122,0.4209229067415303,0.6189012702549125,0.036902011575527305,0.1430011940795757,0.060426331937760064,0.1027376244400154,0.11012116551751182,0.11321917913269357,0.9898293086211368,0.9273409382849318,0.9319198040653863,0.05144206064016523,0.0968619482756484,0.08216348041238994
0.111358,0.020860893,8.74415854268913e-05,0.043900114,-0.846897706,0.0077,0.0124,0.0149,0.0178,0.0211,0.0234,0.0264,0.0299,0.0337,0.0414,,0.37199008000786105,0.45203780801705795,0.8558783132127008,0.046430204309003395,0.12361908383346538,0.07472399922357087,0.07101018496373546,0.09383568371899972,0.12062103301490892,0.9287550402336735,0.9729533271977132,0.8360780089092393,0.08478969763813214,0.0949662253718649,0.09594587943949844
0.121715,0.019626155,6.153606690240225e-05,0.029375933,-0.785305836,0.0094,0.0118,0.0149,0.0171,0.0198,0.0217,0.0245,0.027,0.0304,0.0369,,0.3751336174523836,0.4642438134444167,0.6743883596581449,0.0432442031004136,0.12105550729908308,0.07292183175330205,0.0770026755770256,0.09678946396763463,0.13415462390613064,0.847099645932887,0.956783864942543,0.8774496823956563,0.05212832152064738,0.05928422668740505,0.05938757400840784
0.11687,0.019530321,5.69616610335499e-05,0.043256889,-0.709416724,0.0098,0.0121,0.0151,0.0171,0.0199,0.0217,0.0239,0.0266,0.0297,0.0375,,0.3786064965410488,0.47910527339012793,0.5304180629718452,0.0464504634165551,0.1410443927157465,0.07070749664382876,0.09544292690288708,0.08572112042414011,0.12158827934033453,0.9224534251551482,0.8161410863347339,0.9254787862658408,0.08006777733425008,0.08642490884807219,0.059465449266976
0.119053,0.018585703,6.97238088494712e-05,0.008542863,-0.828338026,0.0068,0.0108,0.0133,0.0163,0.0183,0.0209,0.0235,0.0268,0.0299,0.0382,,0.38459533343807395,0.420427919622846,0.8550480487891805,0.03942041123717332,0.11618431700375072,0.07963331393267398,0.07598745267195789,0.10135201281457805,0.10121927538579639,0.838232063960389,0.9966978902286058,0.9890461388639206,0.08341101312277432,0.06807803930014528,0.06354652201586414
0.121184,0.019363192,8.182274275298706e-05,0.1821344908663718,-0.59545889,0.0073,0.0105,0.0141,0.0167,0.0188,0.0214,0.0246,0.0277,0.0314,0.0434,,0.3829099172047496,0.45960790916689725,0.7920890316979082,0.04841586965073817,0.1487160615050594,0.07186006228149129,0.0980872206605462,0.09334678664324471,0.10077187812491781,0.997275078505215,0.9214712856873204,0.873558013589757,0.07310610688689301,0.06331737933117303,0.08268858179600368
0.179728,0.023879326,9.522196930189804e-05,-0.099888216,-0.840846036,0.01,0.0147,0.0183,0.0212,0.0242,0.0272,0.0302,0.033,0.0369,0.0444,,0.3555660644763913,0.4485720214746324,0.824793387904412,0.04590019374939424,0.13897409364167218,0.08524170090174424,0.0951484491244984,0.09929283678933079,0.10394565781026029,0.8260408365118664,0.857906531290374,0.8829940671631129,0.056796917475517204,0.08000320469740413,0.09399134189570066
0.181086,0.025066694,0.000103532,0.1015787471377437,-0.616728722,0.0115,0.0157,0.0193,0.0222,0.0252,0.028,0.0312,0.0344,0.0384,0.0527,,0.3938290536901453,0.4033719543652403,0.6919065949294527,0.03917965943655504,0.1297361087898801,0.07771082660071023,0.08800873940877424,0.08954239518107655,0.12239401344070623,0.8661200361501227,0.8214931294821171,0.9198273406227172,0.08849015154249462,0.056976648501298285,0.08521317229895692
0.167629,0.021635914,8.291463637582965e-05,-0.03359246,-0.743037915,0.0087,0.0135,0.0163,0.0187,0.0221,0.0243,0.027,0.03,0.034,0.0423,,0.36349212690268035,0.47531571438830883,0.5564235208987555,0.04882983756266127,0.1432298844222614,0.06785599613524637,0.06724452832494988,0.08617992205666007,0.12246124283312838,0.9100302189102605,0.8937342476392257,0.9906571069727136,0.09239383802074624,0.058706938278520825,0.06071292071985457
0.184245,0.025442052,9.044682762192966e-05,-0.07027218,-0.730267666,0.0124,0.0166,0.0197,0.0228,0.0254,0.0283,0.0311,0.0344,0.0382,0.0493,,0.3652046601709771,0.48758720679647144,0.534087801697896,0.047513883480568266,0.12196186478279093,0.0820475616626641,0.08325966276377927,0.08239350412775628,0.13108772088143214,0.8680625472296098,0.8459500768951931,0.859354634146237,0.05973208921480585,0.08162462491810321,0.08991666819894596
0.157367,0.022861804,9.78753948608099e-05,-0.029414946,-0.705759525,0.0093,0.0132,0.0171,0.0202,0.0235,0.0259,0.0286,0.0318,0.0362,0.0468,,0.39128947478591125,0.47814458702635637,0.5942751744996523,0.041947293410199656,0.14899170470325346,0.06364610411791533,0.10366139884036857,0.1122934838893216,0.13145912027865772,0.9782576256134693,0.8704501833763786,0.987362620918583,0.0549342949775004,0.06377689276442691,0.08115968009572057
0.176543,0.023119095,0.00011132,0.1971608424274012,-0.496305708,0.01,0.0139,0.0175,0.0204,0.0232,0.0261,0.0291,0.0324,0.0372,0.0521,,0.4080881176962242,0.4803312178325722,0.7784629524953501,0.04507689952288297,0.13976800839633827,0.07287449474758416,0.06738352354063339,0.11535436772572405,0.1183053323773153,0.8643220422790956,0.9346524086104508,0.9202730733413563,0.09281043642425608,0.09285985607057148,0.06759544214866003
0.205034,0.025250898,0.000123014,0.069117004,-0.544410353,0.0107,0.0146,0.0185,0.0219,0.0252,0.0284,0.0314,0.0351,0.0396,0.0544,,0.38744915289740217,0.4811946634741878,0.5643799683122048,0.04685921993635048,0.11303073922581146,0.06604765948859981,0.0700572604066892,0.10938432063156037,0.1162566125673515,0.8361876074575045,0.8750390913303316,0.8139014261143174,0.08068751782816672,0.07593020167532923,0.09491573664860105
0.171849,0.024558113,0.000124523,0.1471029053579949,-0.611717457,0.0102,0.0143,0.0181,0.0215,0.0243,0.0275,0.0308,0.0345,0.0401,0.0528,,0.3980255037796234,0.4770246078561129,0.5434076062022642,0.04086903472703669,0.11449093386823142,0.0646130359502457,0.07024194782953572,0.08343529178512187,0.11705242534499076,0.9467793068015574,0.813303500045767,0.9874312201215426,0.0899300047281544,0.06714362060089686,0.06276198252226065
0.18198,0.024169501,0.000101241,-0.010006154,-0.669994523,0.0106,0.0148,0.0181,0.0211,0.0242,0.0271,0.0302,0.0335,0.0374,0.0493,,0.4119746987743751,0.44802121231478625,0.8539206277546791,0.04338456485525439,0.14838111765381787,0.07059921956357798,0.10012345233454571,0.10713363228942543,0.11031744435685967,0.8101771013975557,0.9376331005227745,0.940134194703531,0.057153936117607794,0.09167907286774729,0.0919680009138296
0.184358,0.024766661,9.431950125066676e-05,0.1024766358244928,-0.598331028,0.0125,0.0163,0.0194,0.0222,0.0248,0.0277,0.0305,0.034,0.038,0.052,,0.3850114011126396,0.45766235235157005,0.7067997406470283,0.03865933106571285,0.14239236797242666,0.08047431958854791,0.08063355519336954,0.11165231370830976,0.11120051008644989,0.8917240941944421,0.9070204849949549,0.9629434900105479,0.08918083601386888,0.06780502310489467,0.06550575449892279
0.164866,0.025172888,7.47263549067018e-05,-0.22785099,-0.643369497,0.0132,0.0171,0.0201,0.0232,0.0258,0.028,0.0304,0.0333,0.0364,0.0428,,0.4070017172615183,0.47980847896969,0.5828959367570222,0.03829875583799894,0.11409052730018636,0.05808307795739219,0.07165544629271858,0.09419852050279037,0.11755812957834846,0.9826916848403386,0.9420546664965311,0.8411067419210078,0.0714638064022231,0.057078375349861085,0.09702072681065094
0.154535,0.02389499,7.328627168713743e-05,-0.108903256,-0.705074098,0.0127,0.0158,0.0186,0.0218,0.024,0.0264,0.0294,0.0321,0.035,0.0419,,0.38843070605949703,0.4468267972149428,0.5549329248122825,0.039810035041313654,0.1292850289123784,0.053950085097326635,0.08016274449820704,0.08970770221788625,0.10303441034474717,0.9915836864477128,0.9346428192306339,0.8935662777367003,0.0821180156657381,0.07957024690321639,0.07561330402520323
0.158896,0.025260983,8.554163152502188e-05,-0.073807223,-0.751470323,0.0126,0.0165,0.0203,0.0227,0.0253,0.028,0.0309,0.0342,0.0374,0.0462,,0.37666439197684937,0.4424159629826635,0.9325589606107585,0.045546805026387124,0.14234591201868455,0.058137751813240914,0.06616298078753749,0.09981165349510085,0.11857474359990039,0.9072444120697775,0.9429815870215708,0.9430332778745496,0.07805529073734187,0.06049390005614826,0.08278302360155569
0.15535,0.024425796,7.402465658885648e-05,-0.215507822,-0.754961737,0.0127,0.016,0.02,0.0222,0.0248,0.0275,0.0302,0.0326,0.0357,0.0412,,0.36132217144835094,0.4592533364801964,0.7125223782678476,0.0390963096051468,0.1288195203890559,0.06278636028044027,0.08936674587303593,0.11414030281857339,0.10623088503582664,0.8366847217254725,0.9357697525549803,0.8237379609858404,0.05828526422956595,0.06756410396648263,0.06235232792691483
0.163583,0.022925243,6.390400045306665e-05,-0.101608485,-0.498301671,0.0127,0.0155,0.0181,0.021,0.0232,0.0253,0.0275,0.0305,0.0332,0.0419,,0.389007869185618,0.4013641463145481,0.8165513605971435,0.048608471207549526,0.1411766299161529,0.07852626074465159,0.07220528496319586,0.09077573574649224,0.11592676304892276,0.8558097487774187,0.8108623913036127,0.8842125991360124,0.09370555554346202,0.0547766145020822,0.06475650845630668
0.165042,0.025118525,8.156842800382612e-05,-0.07058146,-0.647867327,0.0125,0.0174,0.0199,0.0224,0.025,0.0281,0.0309,0.0334,0.0369,0.0448,,0.4082312769409512,0.41502005580291845,0.8375455213917277,0.04163627782410968,0.11327842386512607,0.07337130640523748,0.09358962270172123,0.08887622349262414,0.10197643697412268,0.8462432494712437,0.9586042991196261,0.8764589452594366,0.09077782500302659,0.08847122955676433,0.059939235465242865
0.164647,0.02433146,6.939356011153534e-05,-0.146762432,-0.563093483,0.0131,0.017,0.0194,0.0221,0.0247,0.027,0.0292,0.0319,0.0356,0.0432,,0.3819985850117678,0.4672032867919614,0.8856753785789225,0.03937890566112411,0.14006857955465746,0.06270694265298977,0.10015314209817543,0.10106350378826458,0.12379866213124352,0.9560563363687026,0.829324048247939,0.8628094592800849,0.09074887153002698,0.08861950614010305,0.05786497118774065
0.160637,0.024569767,6.888599687562664e-05,-0.260758384,-0.509759279,0.0133,0.017,0.0199,0.0226,0.0253,0.0275,0.0297,0.0321,0.0354,0.0431,,0.3989920680204185,0.44132796311097705,0.8456876638995081,0.035787152709376685,0.11618944632246517,0.05962337478237782,0.07879458895003325,0.0921166710949229,0.09832982341443038,0.9559270507521862,0.9319269015746091,0.9535926986103854,0.05297733276170688,0.06741991429690347,0.06525155317329075
0.156555,0.028193065,0.000119594,0.07467805,-0.706437832,0.0138,0.0178,0.0214,0.0249,0.0278,0.031,0.0345,0.0382,0.0429,0.0535,,0.352537222825247,0.4463242468119834,0.9218160883941282,0.04583024478959808,0.12837440564520378,0.06945109554223514,0.0798360096223863,0.09810795635184438,0.10035167614489458,0.9049186920120086,0.8982170774250309,0.9921953845799931,0.05914407363583358,0.05493412038161989,0.0743277875801075
0.162695,0.022361855,7.259278523193949e-05,0.089078394,-0.536449248,0.0109,0.0141,0.0173,0.0199,0.0228,0.0248,0.0272,0.0298,0.0335,0.0468,,0.38030355109558417,0.405276694128298,0.8841943075755352,0.039996029667082704,0.14236985980030145,0.0699715458118447,0.0981780290678678,0.08694722629150414,0.09953974944365436,0.8148679830049131,0.81693815708653,0.8435597287877264,0.05110903862394033,0.057824802349014014,0.08874390984268643
0.162599,0.020218159,6.448488888601986e-05,-0.071579306,-0.816309501,0.0097,0.0124,0.0155,0.0179,0.0203,0.0229,0.0252,0.0279,0.0307,0.0382,,0.3649161968625286,0.47737780734231916,0.7459632001844884,0.03856329218743681,0.11529399769566237,0.07045609952280704,0.08331120102690419,0.11651799273247217,0.10903186871478396,0.837973732711464,0.8935625851772693,0.9704299782402237,0.08351665836008802,0.07736972457640527,0.08563074637263862
0.161713,0.019262139,5.1268339898320154e-05,-0.015616166,-0.614818992,0.0101,0.0125,0.0152,0.0174,0.0191,0.0214,0.0236,0.0257,0.0285,0.0389,,0.3611276929227966,0.41095043316009355,0.8443166293804324,0.03936421459150907,0.12333356291931727,0.0709907461940818,0.0994484733345905,0.11535993852964606,0.12352366046816693,0.9025732180901304,0.9285122275402953,0.8486974996578137,0.07704113974187053,0.06435989744585278,0.07196624604382372
0.160973,0.019829298,6.651451189071583e-05,0.097829958,-0.591245357,0.0088,0.0117,0.0153,0.0179,0.0198,0.0219,0.0243,0.0273,0.0311,0.0448,,0.3516303529333424,0.43365687735716096,0.9313853538257518,0.04140148874596365,0.12161243961527887,0.07777364009314552,0.08851821666383368,0.10624605211860168,0.11697374694738673,0.8507662872872411,0.9259128243193153,0.8351836027503521,0.05585279172370544,0.05662957885063954,0.06800600777797128
0.167853,0.020543219,8.221244027191762e-05,0.048521887,-0.670122003,0.0081,0.012,0.0155,0.0179,0.0203,0.023,0.0259,0.0288,0.0327,0.0434,,0.3721184317526797,0.4408139589543254,0.8132060385196279,0.0410931925677461,0.14530294824012654,0.08574999262462234,0.10122768377136505,0.09704146437127581,0.10643051176906299,0.9464727346973472,0.8460833802907578,0.9171893686145098,0.08699947643066375,0.0646090361024144,0.06272197667122775
0.162423,0.020949118,7.207041512799533e-05,-0.088918904,-0.864875932,0.0097,0.0126,0.016,0.0183,0.0211,0.0235,0.0264,0.0292,0.0323,0.0382,,0.3905023869801258,0.4881188025891787,0.5656517936322207,0.04490441414217656,0.14043417855932364,0.0706181925765194,0.08460113994730532,0.08064354495280569,0.09881448753806554,0.8940422835532763,0.9400100056543421,0.9489945433684801,0.08305374485394211,0.07904237167815016,0.0832107054669116
0.157592,0.019738948,6.046192903030306e-05,-0.026105051,-0.725703554,0.0098,0.0121,0.0153,0.0178,0.0197,0.0222,0.0245,0.0267,0.0303,0.0391,,0.4110794048550558,0.4670745064825955,0.691309987390187,0.042437209347979406,0.12384308382634811,0.05084793908876056,0.08141788700830802,0.09376691416611671,0.10863786259848476,0.891479956020911,0.8315547402104273,0.9587730892860652,0.0674493106147397,0.06485509046849844,0.06829922276405909
0.168551,0.019217362,5.907067882346813e-05,0.036794633,-0.669519397,0.0083,0.0124,0.0145,0.0168,0.0196,0.0216,0.0235,0.0262,0.0298,0.0415,,0.3594013609454765,0.49636034768267173,0.8420864428748689,0.04886850600293709,0.12455088340320764,0.05687639321857724,0.0971269003645812,0.0900112282449574,0.09680344642463318,0.9965932212834432,0.9585531941683492,0.8435744288308555,0.07374142192670806,0.0800040177562339,0.06853820219252059
0.1751,0.020040732,6.697323456558198e-05,-0.041956364,-0.806966862,0.009,0.012,0.0154,0.0176,0.0206,0.0226,0.0251,0.0278,0.0308,0.0377,,0.38443387086408404,0.48949800988488407,0.5954289017395943,0.03587576839120793,0.12464135899387568,0.06196139607120188,0.09570313818943163,0.08684830033839266,0.12554754520230124,0.8542305057160251,0.9760140679962742,0.9046921938030761,0.06052358091225757,0.07070123209592366,0.07161265156102012
0.149341,0.020896321,7.976764240995688e-05,-0.084927582,-0.730928637,0.008,0.0129,0.0157,0.0186,0.0214,0.0235,0.0263,0.0294,0.0325,0.0416,,0.41896659267180786,0.4323507850150007,0.8054345288940573,0.04250420518565389,0.14743814184009094,0.06149786019408668,0.094166966490699,0.11728268470622255,0.11276519632326952,0.9708797181057723,0.9749215776260378,0.978315443809305,0.0634936216174081,0.07513748680085616,0.08470321215458185
