Param_1,Param_2,Param_3,Param_4,Param_5,Param_6,Param_7,Param_8,Param_9,Param_10,Param_11,Param_12,Param_13,Param_14,Param_15,Porosity,Mean,Variance,Skew,Kurtosis,P10,P20,P30,P40,P50,P60,P70,P80,P90,P100
0.3978,0.4054,0.5992,0.0378,0.117,0.0547,0.075,0.0816,0.098,0.8332,0.8996,0.9165,0.0507,0.0592,0.0736,0.19013,0.020318071,7.16e-05,0.037308989,-0.680371156,0.0093,0.0118,0.0151,0.0181,0.0206,0.0224,0.0251,0.0279,0.0316,0.0415
0.4143,0.4626,0.9127,0.048,0.1187,0.0531,0.0857,0.0859,0.1054,0.8937,0.8255,0.8515,0.0502,0.0691,0.0788,0.111624,0.022435789,6.09e-05,-0.267207649,-0.498890755,0.0113,0.0152,0.0189,0.0205,0.0225,0.0253,0.0269,0.03,0.0325,0.0403
0.3799,0.4835,0.7774,0.039,0.1424,0.0564,0.0674,0.1045,0.1141,0.8606,0.8012,0.9513,0.0539,0.0652,0.0745,0.128578,0.018613862,5.73e-05,0.023303692,-0.688686872,0.0088,0.0112,0.0143,0.016,0.0193,0.0207,0.0235,0.0255,0.0285,0.0403
0.4165,0.4319,0.904,0.0401,0.1425,0.0588,0.077,0.0941,0.123,0.8524,0.9376,0.8298,0.0622,0.0647,0.087,0.136675,0.023852131,6.72e-05,-0.292319358,-0.46116629,0.0126,0.0157,0.02,0.0212,0.0253,0.0266,0.029,0.0313,0.0344,0.0412
0.3661,0.4371,0.6478,0.0442,0.1318,0.0702,0.0851,0.0963,0.1172,0.945,0.8069,0.9963,0.0504,0.0632,0.0959,0.191626,0.025152475,0.000109798,0.06031459,-0.72222913,0.0109,0.0153,0.019,0.0216,0.0252,0.0275,0.0312,0.0352,0.0398,0.0502
0.4098,0.4145,0.5807,0.0468,0.1458,0.0596,0.0975,0.0998,0.1228,0.8256,0.8236,0.9519,0.0544,0.062,0.0882,0.16653,0.020173041,7.01e-05,-0.092029962,-0.850783898,0.0088,0.0114,0.0147,0.0177,0.0209,0.0227,0.0256,0.0275,0.0312,0.0391
0.3793,0.4143,0.7937,0.0419,0.1258,0.0604,0.0837,0.0945,0.1182,0.8883,0.9841,0.958,0.0606,0.0734,0.093,0.199946,0.028231296,9.98e-05,-0.043583648,-0.419022314,0.0152,0.0197,0.0224,0.0255,0.0287,0.0312,0.0341,0.0367,0.041,0.0524
0.3556,0.4137,0.6212,0.0467,0.1192,0.0656,0.0675,0.1046,0.1092,0.8879,0.9833,0.8819,0.0514,0.0863,0.0993,0.223118,0.02668807,0.000114549,0.018650485,-0.77590672,0.0118,0.0163,0.0204,0.024,0.0262,0.0298,0.0331,0.0363,0.0417,0.0524
0.3826,0.4953,0.5732,0.0382,0.1237,0.0548,0.0844,0.0943,0.1159,0.9162,0.8862,0.8128,0.064,0.0695,0.0753,0.11232,0.017410225,6.58e-05,0.234605892,-0.598812589,0.0064,0.0103,0.0119,0.0151,0.0165,0.0204,0.0216,0.0246,0.0275,0.0424
0.3842,0.4826,0.7432,0.0404,0.1422,0.0676,0.076,0.0988,0.1305,0.9411,0.8136,0.9941,0.0564,0.0637,0.0884,0.122524,0.019795728,7.13e-05,0.021765003,-0.793832958,0.0086,0.0112,0.0145,0.0168,0.0208,0.0221,0.0247,0.027,0.0314,0.0394
0.3796,0.49,0.7216,0.0351,0.1165,0.0449,0.0758,0.0844,0.1055,0.8553,0.9107,0.9076,0.0677,0.0716,0.0771,0.119845,0.016629254,5.79e-05,0.267432916,-0.459799932,0.0063,0.0098,0.0116,0.0146,0.0161,0.0194,0.0209,0.0237,0.0265,0.0409
0.4045,0.4153,0.8242,0.0381,0.1473,0.0604,0.0905,0.1112,0.1186,0.9661,0.8673,0.936,0.0571,0.0582,0.0856,0.167224,0.025918079,8.49e-05,-0.06485251,-0.51261878,0.0138,0.0175,0.0209,0.024,0.0256,0.0285,0.0312,0.0349,0.0381,0.0472
0.3857,0.4589,0.7357,0.0491,0.1415,0.0617,0.0776,0.1012,0.1243,0.9669,0.8981,0.8488,0.0711,0.0868,0.0964,0.148329,0.022084708,8.07e-05,0.041250843,-0.67189946,0.0105,0.0146,0.0162,0.0204,0.0219,0.0249,0.0269,0.0306,0.0341,0.043
0.355,0.4286,0.8221,0.0361,0.1251,0.0519,0.0702,0.0829,0.1041,0.9897,0.8191,0.8136,0.0552,0.067,0.0959,0.2119,0.024225994,6.99e-05,-0.123326307,-0.511355873,0.0125,0.0162,0.0204,0.0217,0.0244,0.026,0.0291,0.032,0.0356,0.0427
0.4051,0.4158,0.6681,0.0412,0.1482,0.0696,0.0812,0.1036,0.1273,0.9027,0.8182,0.9459,0.0516,0.0811,0.0974,0.17012,0.023537958,9.4e-05,-0.030751554,-0.821650618,0.0113,0.0139,0.0171,0.0206,0.0237,0.0258,0.03,0.0328,0.036,0.0461
0.3783,0.4918,0.6505,0.0444,0.1269,0.07,0.0762,0.0945,0.1099,0.9814,0.9734,0.9414,0.0847,0.0926,0.0991,0.121171,0.0214882,9.64e-05,0.083145028,-0.845009673,0.0092,0.0124,0.0147,0.0194,0.021,0.024,0.0266,0.0311,0.0348,0.0461
0.3948,0.4853,0.8961,0.0391,0.1442,0.0512,0.0661,0.0937,0.1249,0.949,0.8907,0.9323,0.0546,0.0851,0.095,0.112956,0.021430305,6.77e-05,0.155079563,-0.300226236,0.0113,0.0153,0.0166,0.0194,0.0209,0.023,0.026,0.0281,0.0323,0.045
0.3721,0.4478,0.9036,0.0401,0.1397,0.074,0.0756,0.0932,0.1103,0.9439,0.916,0.8713,0.0602,0.0618,0.0991,0.171527,0.031749374,0.000114824,-0.331083732,-0.316116611,0.0173,0.0222,0.026,0.03,0.0332,0.0356,0.0379,0.0412,0.0453,0.0541
0.4116,0.4057,0.8606,0.048,0.1198,0.0574,0.0775,0.0896,0.0988,0.8628,0.8984,0.8476,0.0668,0.0709,0.098,0.17511,0.026642418,7.93e-05,-0.280059335,-0.431030838,0.0142,0.0197,0.0213,0.0242,0.0263,0.0301,0.0322,0.0347,0.0377,0.0461
0.3743,0.4421,0.7826,0.046,0.127,0.0554,0.0874,0.0968,0.1068,0.9288,0.9074,0.828,0.0608,0.0747,0.0904,0.170696,0.025273679,9.05e-05,-0.006940322,-0.677573779,0.0112,0.016,0.0205,0.022,0.0252,0.0277,0.0311,0.0348,0.0371,0.0474
0.4018,0.4179,0.5406,0.0366,0.1413,0.0616,0.08,0.1066,0.1323,0.8045,0.8074,0.893,0.0692,0.0854,0.0901,0.166412,0.021100386,8.68e-05,-0.012200015,-0.898020032,0.0088,0.0118,0.0151,0.0195,0.0208,0.0251,0.0268,0.0304,0.0338,0.0412
0.4087,0.4788,0.7746,0.0477,0.1492,0.0738,0.0988,0.11,0.1162,0.9399,0.8093,0.8699,0.0614,0.067,0.0838,0.104394,0.020380738,7.77e-05,0.123504177,-0.731101855,0.0092,0.0118,0.0149,0.0173,0.0203,0.022,0.0259,0.0285,0.032,0.0412
0.3592,0.4151,0.5028,0.0401,0.127,0.0623,0.074,0.0937,0.108,0.9947,0.8119,0.8866,0.0682,0.0765,0.0828,0.217349,0.022953966,9.99e-05,0.027809037,-0.764787418,0.0097,0.0136,0.0166,0.0206,0.023,0.0254,0.0288,0.0319,0.0364,0.0472
0.3599,0.4941,0.6462,0.0409,0.1191,0.0539,0.0743,0.0863,0.1024,0.9891,0.807,0.9205,0.052,0.0726,0.089,0.138374,0.018082688,6.7e-05,0.100909157,-0.767671843,0.0064,0.0107,0.0126,0.0159,0.018,0.0208,0.0226,0.0259,0.029,0.0381
0.3993,0.4934,0.7988,0.0457,0.1244,0.0567,0.0693,0.0954,0.111,0.8459,0.9467,0.9176,0.0579,0.0787,0.0941,0.096919,0.016771168,5.31e-05,0.08529907,-0.8114064,0.0062,0.0108,0.012,0.0147,0.0162,0.0201,0.0211,0.0232,0.026,0.035
0.3833,0.4755,0.6866,0.0454,0.1211,0.0588,0.0628,0.0923,0.1009,0.9521,0.913,0.8189,0.0727,0.0962,0.0994,0.135322,0.018614582,6.53e-05,-0.010053726,-0.855130976,0.0065,0.0109,0.0151,0.0163,0.02,0.0211,0.0245,0.0262,0.0296,0.0381
0.3894,0.4235,0.765,0.0427,0.1488,0.0637,0.0888,0.0949,0.1167,0.8017,0.9702,0.8302,0.0613,0.0795,0.0801,0.179514,0.024109434,7.6e-05,-0.045173043,-0.63147064,0.0124,0.0162,0.0194,0.0213,0.0253,0.0264,0.0293,0.032,0.036,0.045
0.3793,0.4503,0.8857,0.0487,0.1135,0.0669,0.0815,0.0894,0.103,0.8223,0.8289,0.926,0.0565,0.0893,0.0999,0.163726,0.027954057,8.68e-05,-0.31695374,-0.422023575,0.0149,0.0204,0.023,0.0255,0.0285,0.0311,0.0343,0.0363,0.0399,0.0472
0.3748,0.4893,0.9498,0.0476,0.1252,0.0668,0.0851,0.0944,0.1029,0.9212,0.9337,0.8161,0.0617,0.0625,0.0907,0.126855,0.029006844,0.000103686,-0.22216127,-0.177867369,0.0159,0.0211,0.0249,0.0263,0.0297,0.0325,0.0352,0.0375,0.0415,0.0541
0.4026,0.4972,0.9121,0.0447,0.1304,0.0674,0.0874,0.0935,0.1212,0.8359,0.8955,0.8819,0.0792,0.0838,0.0988,0.091378,0.022469945,6.42e-05,-0.079557211,-0.465923326,0.0113,0.0151,0.0187,0.0206,0.0222,0.0247,0.0272,0.0296,0.0327,0.0415
0.3904,0.4285,0.8992,0.0367,0.1394,0.0643,0.0863,0.1,0.1263,0.8379,0.8818,0.802,0.0773,0.078,0.0977,0.168362,0.029349622,9.11e-05,-0.401369371,-0.252310307,0.0162,0.021,0.0244,0.027,0.0302,0.0326,0.0354,0.0377,0.0414,0.0512
0.3545,0.4541,0.8085,0.0446,0.1327,0.0622,0.0703,0.0803,0.1061,0.8906,0.8763,0.8459,0.0781,0.0929,0.0932,0.186651,0.028002118,9.7e-05,-0.060251519,-0.396428747,0.0141,0.0207,0.0227,0.0251,0.0281,0.0308,0.0337,0.0365,0.0407,0.057
0.3997,0.4911,0.5722,0.0369,0.1179,0.0524,0.0779,0.085,0.1046,0.9911,0.917,0.9268,0.0694,0.0771,0.0821,0.10256,0.015830902,5.32e-05,0.180561883,-0.80886129,0.0059,0.0098,0.0113,0.015,0.0159,0.0178,0.0201,0.0221,0.026,0.0335
0.3978,0.4239,0.5821,0.0485,0.1373,0.0572,0.0862,0.108,0.1195,0.9576,0.9576,0.9896,0.0531,0.0626,0.0824,0.16999,0.022897998,0.000102009,0.064185306,-0.713319464,0.0097,0.0136,0.0164,0.0207,0.023,0.0256,0.0286,0.0319,0.0362,0.0474
0.3556,0.4962,0.8705,0.0439,0.146,0.0695,0.0761,0.1161,0.1293,0.9493,0.9673,0.8263,0.0502,0.0709,0.0714,0.139043,0.028994729,0.000160992,0.812528433,1.394737741,0.0131,0.0187,0.0214,0.0243,0.0279,0.0311,0.0343,0.0387,0.0442,0.0745
0.4051,0.4334,0.8208,0.0457,0.1297,0.0701,0.0861,0.0948,0.1097,0.8127,0.9189,0.8028,0.0767,0.0769,0.0951,0.155738,0.024787616,7.73e-05,-0.125635869,-0.674463346,0.0124,0.0163,0.0206,0.022,0.025,0.027,0.0306,0.0333,0.0363,0.043
0.3772,0.4697,0.8002,0.044,0.1285,0.0545,0.0871,0.1017,0.114,0.9992,0.8184,0.9932,0.0615,0.0627,0.0899,0.145325,0.022968589,9.02e-05,0.281497826,-0.442150072,0.0105,0.0143,0.0162,0.0206,0.0221,0.0256,0.0278,0.031,0.0358,0.0485
0.3999,0.4924,0.6963,0.0441,0.1239,0.0662,0.074,0.0918,0.1146,0.979,0.9061,0.9325,0.0594,0.0658,0.0932,0.09756,0.017859088,6.73e-05,0.080079627,-0.90708639,0.0062,0.0109,0.0124,0.0153,0.0176,0.0208,0.0224,0.026,0.0292,0.0357
0.389,0.4818,0.8862,0.0358,0.1417,0.061,0.0641,0.0909,0.1248,0.9499,0.9422,0.9054,0.074,0.0753,0.0791,0.12215,0.023414042,7.5e-05,0.009607466,-0.560260839,0.0117,0.0156,0.0186,0.021,0.0234,0.0253,0.0277,0.0315,0.0353,0.0427
0.367,0.4234,0.6534,0.042,0.1277,0.0603,0.0768,0.0775,0.1024,0.863,0.9438,0.9987,0.0602,0.0801,0.0907,0.203562,0.023705304,8.46e-05,-0.12836184,-0.77940449,0.0113,0.0154,0.019,0.0217,0.0248,0.0263,0.0296,0.0319,0.0357,0.0439
0.3831,0.4916,0.7473,0.0433,0.1115,0.0632,0.0677,0.0818,0.0978,0.8408,0.8607,0.9913,0.0503,0.0632,0.0748,0.119386,0.017197915,5.44e-05,-0.029372611,-0.954503739,0.0062,0.0107,0.0121,0.0156,0.017,0.0198,0.0213,0.0253,0.0269,0.0335
0.4107,0.4256,0.7727,0.0357,0.1101,0.0475,0.0763,0.0819,0.0989,0.9211,0.8177,0.8185,0.0669,0.0836,0.0906,0.158149,0.018733483,5.25e-05,0.01072076,-0.664647232,0.0102,0.0113,0.0153,0.0163,0.0198,0.0208,0.0226,0.0257,0.0279,0.0377
0.3954,0.4086,0.6872,0.0367,0.1254,0.0556,0.0689,0.0849,0.1092,0.9101,0.863,0.8933,0.056,0.0759,0.0984,0.188966,0.022552334,8.04e-05,0.034986045,-0.674631743,0.0112,0.0153,0.0167,0.02,0.0225,0.0258,0.0277,0.031,0.0352,0.0447
0.3855,0.4677,0.6977,0.043,0.1303,0.059,0.079,0.0833,0.1143,0.9519,0.9834,0.8449,0.0504,0.0593,0.0666,0.138202,0.019022549,6.32e-05,-0.047719274,-0.860166429,0.0097,0.0108,0.0148,0.0159,0.0196,0.021,0.0243,0.0262,0.0298,0.0364
0.361,0.4987,0.5824,0.0404,0.1114,0.0496,0.0693,0.0826,0.0994,0.885,0.8478,0.9843,0.0743,0.0799,0.0801,0.133624,0.017432272,6.67e-05,0.2943331,-0.457510788,0.0064,0.0103,0.012,0.0152,0.0166,0.0202,0.0216,0.0246,0.0276,0.0427
0.3851,0.4956,0.8614,0.0483,0.1335,0.0632,0.0704,0.0989,0.123,0.9566,0.863,0.9315,0.0599,0.0838,0.0967,0.109292,0.021858254,6.91e-05,0.10323083,-0.48732185,0.0112,0.0151,0.0164,0.0207,0.0219,0.0248,0.0262,0.0292,0.0324,0.0439
0.3545,0.4062,0.7491,0.0397,0.1321,0.067,0.0695,0.0971,0.1214,0.8124,0.908,0.8458,0.0561,0.0681,0.0798,0.226503,0.028888071,9.99e-05,-0.114169806,-0.595439633,0.0155,0.0199,0.0232,0.0257,0.0291,0.0319,0.0351,0.0381,0.0419,0.0512
0.3733,0.4516,0.8005,0.0352,0.1326,0.0449,0.073,0.0806,0.1104,0.9771,0.8012,0.826,0.0579,0.0649,0.0777,0.168497,0.019170839,5.07e-05,-0.031733975,-0.627929198,0.0098,0.0119,0.0149,0.0167,0.0196,0.0209,0.0241,0.0257,0.0285,0.0403
0.3667,0.4813,0.6154,0.0418,0.1447,0.0488,0.0835,0.0934,0.1259,0.858,0.8345,0.8517,0.0556,0.0603,0.0811,0.14177,0.021635241,0.000114713,0.386327835,-0.388048354,0.0074,0.0117,0.0158,0.0176,0.0213,0.0251,0.027,0.0311,0.0366,0.055
0.3882,0.4925,0.6646,0.0457,0.1236,0.0601,0.0675,0.0791,0.1107,0.8161,0.8735,0.8078,0.0614,0.0634,0.0978,0.112747,0.017222312,6.46e-05,0.216329358,-0.633948509,0.0063,0.0098,0.0117,0.0147,0.0165,0.0196,0.0213,0.025,0.0279,0.0403
0.3577,0.4685,0.5431,0.0487,0.1351,0.0567,0.0782,0.0991,0.1154,0.8441,0.8477,0.8019,0.062,0.0633,0.0724,0.164694,0.023568059,0.000131253,0.320524217,-0.465106378,0.0084,0.0126,0.016,0.0195,0.0228,0.0255,0.0296,0.0341,0.0394,0.0579
0.361,0.4237,0.8359,0.041,0.1407,0.0602,0.0764,0.0947,0.1183,0.9853,0.8766,0.8316,0.0581,0.0944,0.0972,0.205814,0.028068456,9.11e-05,-0.094679928,-0.303293168,0.0159,0.0204,0.0227,0.0257,0.0276,0.0311,0.0342,0.0361,0.0403,0.0539
0.4163,0.4209,0.6156,0.0452,0.1237,0.0596,0.0907,0.095,0.1112,0.884,0.8054,0.9225,0.0506,0.0629,0.088,0.154352,0.020130601,7.64e-05,-0.005641536,-0.857494637,0.0087,0.0114,0.0149,0.0172,0.0205,0.0226,0.0255,0.0283,0.0318,0.0415
0.3948,0.4322,0.6685,0.0409,0.1372,0.0706,0.0812,0.0822,0.1241,0.8764,0.8227,0.9323,0.0774,0.0789,0.0914,0.165092,0.022841745,8.56e-05,-0.105720422,-0.795640956,0.0106,0.0149,0.0172,0.021,0.0237,0.0255,0.0288,0.0317,0.0349,0.0433
0.4106,0.4606,0.8348,0.0453,0.1302,0.0714,0.0748,0.0959,0.1196,0.9961,0.8755,0.8708,0.0582,0.0679,0.0752,0.117376,0.02106362,6.24e-05,-0.044111482,-0.733073163,0.0102,0.0136,0.0153,0.0194,0.0211,0.0234,0.0258,0.0284,0.0316,0.0384
0.3684,0.4754,0.5642,0.0357,0.1459,0.0569,0.0771,0.1157,0.1198,0.9707,0.9479,0.8511,0.0555,0.0571,0.0748,0.144499,0.019617852,7.99e-05,0.198274843,-0.515563043,0.0069,0.0106,0.0141,0.0165,0.0203,0.0216,0.0248,0.0272,0.0314,0.0472
0.3516,0.4507,0.8205,0.0359,0.1262,0.056,0.0848,0.0901,0.1118,0.9051,0.9044,0.8724,0.0642,0.0851,0.093,0.193958,0.029004041,0.000116236,0.201557222,-0.237633493,0.0149,0.0199,0.0229,0.0262,0.028,0.0315,0.0344,0.0385,0.0446,0.0616
0.4198,0.4839,0.6301,0.044,0.1131,0.0513,0.0664,0.0904,0.1049,0.8154,0.9596,0.8615,0.0802,0.0855,0.0967,0.091014,0.01379231,3.9e-05,0.163367159,-0.907817943,0.0056,0.0063,0.011,0.0118,0.0149,0.0156,0.0172,0.0202,0.022,0.0296
0.374,0.439,0.8663,0.0432,0.1372,0.0628,0.0825,0.1029,0.1162,0.8387,0.8018,0.8024,0.0517,0.0563,0.0913,0.179937,0.030494859,0.00012342,0.072076464,-0.164362996,0.0154,0.0206,0.025,0.0269,0.031,0.0331,0.0358,0.0396,0.0449,0.0604
0.3567,0.4113,0.8897,0.0479,0.1354,0.0638,0.079,0.1136,0.1178,0.941,0.9992,0.9627,0.0515,0.0672,0.0841,0.217399,0.036969398,0.000172487,0.107831404,0.410215553,0.0208,0.0258,0.0308,0.0342,0.037,0.0403,0.0438,0.0471,0.0526,0.0768
0.3834,0.4109,0.9182,0.0368,0.1344,0.0507,0.085,0.0855,0.1175,0.9135,0.9544,0.9691,0.0627,0.0701,0.0963,0.193058,0.030405476,0.000120034,-0.115164606,-0.315207075,0.0152,0.0218,0.0243,0.0273,0.0303,0.0334,0.0362,0.0403,0.0447,0.057
0.4128,0.4404,0.6108,0.045,0.1419,0.0816,0.0877,0.0887,0.1361,0.8843,0.9282,0.8311,0.0569,0.0605,0.0721,0.138817,0.021861728,9.86e-05,0.115996233,-0.71735009,0.0093,0.011,0.0151,0.0198,0.0213,0.0244,0.027,0.0313,0.0352,0.0464
0.3597,0.4621,0.6319,0.0422,0.1298,0.0595,0.08,0.0978,0.1078,0.8822,0.86,0.9391,0.0504,0.0569,0.0735,0.17435,0.023114804,0.000109156,0.168513911,-0.642836893,0.0102,0.0137,0.0161,0.0198,0.0225,0.0255,0.029,0.0324,0.0371,0.0515
0.4181,0.4091,0.8458,0.0421,0.1196,0.0579,0.0728,0.0946,0.1129,0.8613,0.8766,0.9722,0.084,0.0863,0.0993,0.16503,0.023136807,6.2e-05,-0.237077126,-0.564123908,0.0117,0.0153,0.0197,0.0215,0.0238,0.0253,0.0276,0.0308,0.0332,0.0394
0.3529,0.4053,0.517,0.046,0.1484,0.0637,0.0984,0.1092,0.115,0.8921,0.8594,0.9709,0.0601,0.0769,0.0981,0.228137,0.029047603,0.000173109,0.236372299,-0.428522312,0.0125,0.0166,0.0216,0.0246,0.0287,0.0318,0.0363,0.0402,0.0467,0.0656
0.4129,0.4218,0.8227,0.0476,0.1304,0.0644,0.0849,0.0929,0.1168,0.8508,0.9164,0.9062,0.0501,0.0644,0.0968,0.158726,0.025680142,7.76e-05,-0.267893761,-0.645317747,0.0147,0.0174,0.0212,0.0243,0.0257,0.0287,0.0316,0.0342,0.0368,0.0433
0.3699,0.4669,0.7331,0.0475,0.1263,0.0723,0.0757,0.1015,0.1033,0.9374,0.9226,0.9144,0.0592,0.071,0.0901,0.153049,0.025591988,0.000119492,0.154331102,-0.665614785,0.0111,0.0154,0.0193,0.0213,0.0249,0.0281,0.0319,0.0352,0.0409,0.0517
0.3558,0.4685,0.8386,0.0474,0.1347,0.0562,0.0754,0.1011,0.1212,0.9021,0.9516,0.9833,0.0564,0.0629,0.0848,0.162289,0.026782053,0.000109846,0.294314854,-0.160209264,0.0133,0.0175,0.0202,0.0234,0.0255,0.0288,0.0325,0.036,0.0408,0.0579
0.3504,0.4692,0.7068,0.0418,0.1396,0.0496,0.0656,0.1078,0.1174,0.9082,0.9834,0.9527,0.0576,0.0611,0.0923,0.168322,0.022999068,0.000102907,0.210383432,-0.553569424,0.0102,0.0143,0.0163,0.0198,0.0224,0.0255,0.0277,0.0315,0.0368,0.0502
0.4147,0.4456,0.8169,0.0422,0.127,0.0615,0.0764,0.1017,0.1136,0.829,0.9711,0.8371,0.0678,0.0754,0.0993,0.126972,0.01944588,5.03e-05,-0.152706551,-0.737710137,0.0107,0.0124,0.0152,0.0172,0.0204,0.0215,0.0248,0.0259,0.0287,0.0354
0.4,0.4481,0.9089,0.0387,0.1116,0.0488,0.0717,0.0831,0.1021,0.9626,0.9564,0.9382,0.0605,0.0795,0.0824,0.141998,0.023165794,6.37e-05,-0.234775921,-0.393293458,0.0121,0.016,0.0198,0.0214,0.024,0.0255,0.0275,0.0306,0.0335,0.043
0.4116,0.4024,0.941,0.0434,0.1407,0.0539,0.07,0.0984,0.1277,0.9512,0.8735,0.9386,0.0543,0.0647,0.0833,0.166115,0.027649946,8.66e-05,-0.461807239,-0.166113225,0.0143,0.0207,0.0242,0.0259,0.0287,0.0312,0.0334,0.036,0.0386,0.0477
0.3631,0.4398,0.943,0.044,0.1142,0.0534,0.065,0.0853,0.0981,0.8827,0.9522,0.8817,0.0548,0.0568,0.0782,0.189685,0.028798791,0.000101715,-0.325059268,-0.246647816,0.015,0.0202,0.0241,0.0265,0.0296,0.032,0.0349,0.0372,0.0416,0.0515
0.3919,0.4143,0.6587,0.0491,0.1118,0.0608,0.0704,0.0822,0.0982,0.8737,0.805,0.9389,0.0805,0.0833,0.088,0.188032,0.021734189,7.12e-05,-0.100717557,-0.741581523,0.0102,0.0142,0.0163,0.0198,0.0217,0.0249,0.0262,0.0299,0.033,0.0403
0.3669,0.4831,0.6458,0.0401,0.142,0.0569,0.0924,0.0952,0.1222,0.9219,0.8624,0.9181,0.0581,0.0613,0.094,0.132466,0.021229283,0.000106637,0.417426114,-0.136039132,0.0073,0.0116,0.0157,0.0182,0.021,0.0241,0.0262,0.0301,0.0352,0.0539
0.3977,0.4207,0.8033,0.0458,0.1213,0.0675,0.0682,0.0836,0.1046,0.8047,0.834,0.8082,0.0643,0.0779,0.0822,0.173506,0.025567474,7.45e-05,-0.211354554,-0.563369291,0.0149,0.017,0.0214,0.0244,0.0259,0.0283,0.0309,0.0334,0.0364,0.0439
0.3514,0.4601,0.5099,0.0374,0.1167,0.0456,0.0656,0.0757,0.093,0.9817,0.9543,0.8089,0.0599,0.0871,0.0921,0.182951,0.018406068,6.71e-05,0.088608975,-0.741760663,0.0066,0.0107,0.0141,0.0157,0.0192,0.0209,0.0228,0.0261,0.0293,0.0409
0.3906,0.4441,0.8732,0.0392,0.1135,0.0598,0.0616,0.0758,0.0978,0.9985,0.9653,0.8842,0.0659,0.0969,0.0986,0.160268,0.023890864,6.78e-05,-0.265466166,-0.565681857,0.0122,0.016,0.0198,0.0218,0.0251,0.0263,0.0294,0.0316,0.0348,0.0406
0.3541,0.4632,0.8628,0.0371,0.1361,0.048,0.0826,0.095,0.1136,0.953,0.9033,0.9134,0.0515,0.0571,0.0811,0.176331,0.027149304,0.000108568,0.494851518,1.020172858,0.0148,0.0187,0.022,0.0242,0.0265,0.0297,0.032,0.0351,0.04,0.0663
0.3653,0.4044,0.5753,0.0422,0.1238,0.0604,0.0732,0.089,0.1071,0.8429,0.8042,0.8084,0.0783,0.0815,0.0942,0.224854,0.025934433,0.000116837,0.027881156,-0.672701026,0.0113,0.0161,0.0203,0.023,0.026,0.0296,0.0327,0.0356,0.04,0.0539
0.3824,0.4849,0.8586,0.042,0.132,0.0667,0.0743,0.0994,0.1087,0.9448,0.8226,0.9278,0.067,0.0769,0.0919,0.122174,0.022847309,7.32e-05,0.043247506,-0.556067206,0.0118,0.0157,0.0179,0.0204,0.0224,0.0257,0.0268,0.0304,0.0355,0.045
0.3695,0.4863,0.8367,0.0427,0.1446,0.0685,0.0932,0.1114,0.1187,0.846,0.924,0.9036,0.0611,0.065,0.0938,0.129911,0.025908604,9.87e-05,0.15100677,-0.403655247,0.013,0.0166,0.0204,0.0228,0.0258,0.0285,0.0317,0.0348,0.039,0.0532
0.3862,0.4843,0.7598,0.0497,0.1496,0.0588,0.0819,0.1068,0.1259,0.9829,0.8128,0.9335,0.0557,0.0564,0.0767,0.113827,0.019157325,6.83e-05,0.060799614,-0.731445631,0.0083,0.011,0.0144,0.0163,0.0196,0.0213,0.0247,0.0262,0.0304,0.0403
0.356,0.47,0.6665,0.0492,0.1368,0.0699,0.08,0.1043,0.1124,0.9605,0.8576,0.8932,0.0536,0.0817,0.0866,0.163833,0.024477942,0.000120333,0.171355609,-0.621276933,0.0099,0.0133,0.0174,0.0213,0.024,0.0269,0.031,0.0354,0.0392,0.0555
0.362,0.4843,0.661,0.0434,0.1268,0.0563,0.0751,0.0928,0.1138,0.8389,0.9971,0.9488,0.0598,0.0627,0.082,0.143198,0.019647888,7.65e-05,0.044273786,-0.808124395,0.0068,0.011,0.0145,0.0166,0.0199,0.022,0.0252,0.0273,0.0315,0.0403
0.3741,0.4637,0.8748,0.0381,0.1273,0.0546,0.0837,0.0947,0.1232,0.876,0.8422,0.8095,0.0577,0.0639,0.0898,0.151536,0.025605265,8.33e-05,-0.008787215,-0.289668133,0.0145,0.0167,0.0203,0.0231,0.0252,0.028,0.0311,0.0334,0.0372,0.0517
0.3563,0.4771,0.849,0.041,0.1228,0.059,0.0676,0.0939,0.116,0.8552,0.8705,0.8036,0.0547,0.0631,0.0767,0.157738,0.025855228,9.12e-05,-0.01142904,-0.631095341,0.014,0.0165,0.0198,0.023,0.0256,0.0283,0.0317,0.0349,0.0387,0.0497
0.3695,0.4679,0.8701,0.0437,0.1186,0.0569,0.0779,0.0942,0.0962,0.8272,0.8508,0.9113,0.0606,0.0625,0.0737,0.155121,0.025507244,7.95e-05,-0.095091304,-0.31797404,0.0143,0.0174,0.0203,0.0231,0.0258,0.0276,0.031,0.0336,0.0365,0.0502
0.3792,0.4671,0.7251,0.0486,0.1366,0.0591,0.0892,0.1017,0.1206,0.9982,0.8002,0.9151,0.0838,0.0902,0.0922,0.144406,0.021243217,7.77e-05,0.042521194,-0.652289137,0.0103,0.013,0.0152,0.0195,0.0209,0.0239,0.0262,0.0294,0.033,0.0458
0.3707,0.448,0.9031,0.0375,0.1135,0.0514,0.0634,0.086,0.0908,0.8088,0.9223,0.8824,0.0552,0.0612,0.0815,0.175584,0.025379162,7.73e-05,-0.159682,-0.25200137,0.014,0.0175,0.0211,0.0238,0.026,0.028,0.0304,0.033,0.0361,0.0485
0.3858,0.415,0.7228,0.0467,0.1427,0.0818,0.0875,0.1052,0.1244,0.8778,0.8942,0.9393,0.0801,0.0878,0.0992,0.18742,0.030140394,0.000131051,0.039352662,-0.676472268,0.014,0.0206,0.0232,0.0266,0.0303,0.0331,0.0366,0.0401,0.0455,0.0559
0.418,0.4859,0.8432,0.0472,0.1131,0.0538,0.0791,0.0893,0.1018,0.9716,0.8862,0.8871,0.0642,0.0725,0.0868,0.087645,0.016380542,4.67e-05,0.098766243,-0.717464573,0.0064,0.0108,0.0119,0.0144,0.0156,0.0181,0.0206,0.0224,0.0254,0.0346
0.3681,0.4769,0.9141,0.036,0.1105,0.0548,0.0566,0.0704,0.0879,0.8788,0.8251,0.8262,0.055,0.0579,0.0668,0.146845,0.022681533,6.28e-05,-0.219390362,-0.468275465,0.0118,0.0157,0.0187,0.0211,0.023,0.0251,0.0271,0.0304,0.0331,0.043
0.3796,0.4519,0.7659,0.0358,0.1131,0.0465,0.0661,0.0823,0.0949,0.8137,0.8843,0.8917,0.0613,0.0639,0.0832,0.160928,0.019936728,6.46e-05,0.09646619,-0.627036885,0.0099,0.0121,0.0154,0.0172,0.0205,0.0218,0.0247,0.0269,0.0314,0.043
0.3868,0.4349,0.7773,0.0434,0.1156,0.0527,0.0715,0.0955,0.1034,0.9731,0.9138,0.8407,0.057,0.061,0.0693,0.170592,0.021564291,6.07e-05,-0.033455823,-0.623609221,0.0109,0.0145,0.0166,0.0197,0.0212,0.0246,0.0258,0.0287,0.0321,0.0403
0.4148,0.4712,0.5465,0.043,0.1449,0.0567,0.0809,0.1131,0.1308,0.8104,0.8187,0.8739,0.0547,0.0615,0.0725,0.099716,0.017130513,6.37e-05,0.142867669,-0.865604151,0.0061,0.0102,0.0111,0.015,0.0161,0.0198,0.0215,0.0247,0.0275,0.0367
0.3817,0.4858,0.8336,0.0494,0.1327,0.0623,0.0964,0.1123,0.1218,0.8473,0.9951,0.9597,0.0527,0.0581,0.0614,0.118571,0.023100889,8.49e-05,0.155069618,-0.637116416,0.0116,0.0156,0.017,0.0201,0.0223,0.0258,0.0275,0.0314,0.0363,0.045
0.3631,0.4309,0.8384,0.0436,0.1136,0.0592,0.0781,0.0796,0.0955,0.9792,0.9795,0.9015,0.0543,0.0558,0.0984,0.200403,0.028995694,9.33e-05,-0.222212119,-0.399751912,0.0157,0.0201,0.0238,0.0265,0.0301,0.0317,0.035,0.0374,0.0416,0.0502
0.3911,0.4532,0.8002,0.0417,0.1329,0.0575,0.0849,0.0926,0.1181,0.9001,0.8286,0.8194,0.0714,0.0733,0.0992,0.145134,0.022317635,7.19e-05,0.004257706,-0.652093382,0.0112,0.0151,0.0165,0.0209,0.0222,0.0252,0.027,0.0304,0.0335,0.0439
0.3536,0.4837,0.8435,0.0465,0.1122,0.0545,0.0697,0.0865,0.0969,0.9944,0.9942,0.9705,0.0597,0.083,0.0842,0.154586,0.024932716,8.79e-05,0.106444153,-0.416478466,0.0118,0.016,0.0195,0.0218,0.0249,0.027,0.0304,0.0333,0.037,0.0502
0.3907,0.497,0.8442,0.0464,0.1238,0.0593,0.0761,0.0937,0.0992,0.9062,0.9534,0.883,0.0799,0.0847,0.0924,0.101592,0.019148476,5.91e-05,0.063654863,-0.624548187,0.0094,0.0115,0.0148,0.016,0.0201,0.0212,0.0236,0.026,0.0295,0.0418
0.4146,0.4483,0.7126,0.0411,0.118,0.0536,0.0738,0.0942,0.111,0.9747,0.9904,0.9196,0.0504,0.0686,0.0985,0.132223,0.01816359,6.22e-05,0.106691827,-0.688695365,0.0068,0.0108,0.0142,0.0154,0.0185,0.0206,0.0223,0.0254,0.0285,0.0415
0.3662,0.4775,0.7805,0.0495,0.1284,0.0751,0.0802,0.1111,0.113,0.8523,0.9095,0.8474,0.053,0.058,0.0723,0.145792,0.026579674,0.000118252,0.074537243,-0.75293138,0.0117,0.016,0.02,0.0233,0.0258,0.0296,0.0333,0.0368,0.0411,0.0522
0.4041,0.4292,0.697,0.0399,0.1179,0.0543,0.0713,0.0902,0.0945,0.8128,0.8683,0.9549,0.0703,0.0767,0.095,0.158166,0.018413632,5.78e-05,-0.006259455,-0.807962793,0.0084,0.0107,0.0137,0.0152,0.0187,0.0209,0.0228,0.0254,0.0286,0.0384
0.3918,0.4482,0.853,0.0368,0.117,0.0519,0.0707,0.0864,0.104,0.8627,0.8006,0.8536,0.0704,0.0806,0.0912,0.152471,0.022722256,6.54e-05,-0.024079299,-0.362990134,0.0122,0.0147,0.0187,0.0204,0.0226,0.0253,0.027,0.0297,0.0331,0.0456
0.4183,0.4592,0.8412,0.0378,0.1119,0.0498,0.0732,0.0763,0.0996,0.8506,0.8145,0.9403,0.0767,0.0841,0.095,0.115403,0.016566689,3.92e-05,-0.042265951,-0.747317761,0.0091,0.0106,0.0121,0.015,0.0162,0.0186,0.0205,0.0222,0.0256,0.0316
0.3756,0.4419,0.7958,0.0411,0.1147,0.0537,0.0707,0.0867,0.0899,0.9957,0.9828,0.9129,0.0548,0.0582,0.0818,0.177667,0.023477088,7.04e-05,-0.072463808,-0.584008073,0.012,0.0158,0.0196,0.0216,0.0245,0.026,0.0283,0.0311,0.0346,0.0439
0.358,0.4518,0.6417,0.0368,0.1386,0.051,0.0604,0.1043,0.1058,0.9022,0.8718,0.9794,0.0725,0.0846,0.0877,0.181609,0.020722406,8.54e-05,0.226168883,-0.468712212,0.0096,0.0113,0.015,0.0176,0.0212,0.023,0.026,0.0284,0.0334,0.0492
0.3544,0.4408,0.6223,0.0353,0.1113,0.0506,0.0648,0.0792,0.0878,0.801,0.8231,0.8345,0.0783,0.0802,0.0976,0.197655,0.021693842,8.55e-05,0.064185901,-0.65496093,0.0102,0.0131,0.0154,0.0198,0.0212,0.0241,0.0263,0.0304,0.034,0.0461
0.3519,0.4741,0.8859,0.0378,0.1352,0.0567,0.0728,0.1063,0.1179,0.9218,0.9021,0.8578,0.0662,0.091,0.0989,0.162008,0.028007069,0.000101573,-0.03268752,-0.396229259,0.0156,0.0201,0.022,0.0255,0.027,0.031,0.0344,0.0364,0.0409,0.0539
0.3742,0.4281,0.9431,0.0368,0.137,0.0455,0.079,0.0923,0.1139,0.9512,0.8467,0.845,0.0557,0.0585,0.0594,0.190429,0.027304521,9.65e-05,-0.199525834,-0.188996079,0.0147,0.0198,0.0223,0.0252,0.0276,0.0302,0.0329,0.0355,0.0394,0.0524
0.37,0.4414,0.8209,0.0435,0.1406,0.0589,0.0689,0.1047,0.1277,0.8831,0.87,0.905,0.0676,0.0691,0.0938,0.172313,0.02839747,0.000109792,0.015522869,-0.498120267,0.0137,0.0199,0.0224,0.0256,0.028,0.0314,0.0342,0.0374,0.0419,0.0559
0.3571,0.4053,0.7873,0.0471,0.1344,0.0714,0.075,0.1113,0.1177,0.9823,0.8652,0.9828,0.0676,0.0685,0.0784,0.226875,0.033689911,0.000136464,-0.096966884,-0.566908211,0.0186,0.0234,0.0264,0.0305,0.0346,0.0367,0.041,0.0446,0.0488,0.0585
0.399,0.4852,0.5028,0.0379,0.1275,0.0517,0.0719,0.0929,0.1156,0.9867,0.964,0.8309,0.0596,0.068,0.071,0.099909,0.015088166,4.87e-05,0.17132518,-0.875560988,0.0058,0.0093,0.0108,0.0121,0.0153,0.0162,0.0202,0.0215,0.025,0.0328
0.3972,0.4961,0.5508,0.0485,0.1248,0.0688,0.0857,0.0959,0.1082,0.8748,0.8858,0.9921,0.0776,0.0898,0.097,0.098312,0.018055708,6.64e-05,0.043269179,-0.873720049,0.0063,0.0106,0.0123,0.0159,0.018,0.0207,0.0224,0.0257,0.0292,0.0377
0.3871,0.4826,0.9302,0.044,0.1485,0.0699,0.0756,0.1062,0.1325,0.9767,0.8286,0.8375,0.0521,0.0698,0.0866,0.11922,0.026067643,7.84e-05,-0.388499556,-0.436480652,0.0148,0.0189,0.0215,0.0245,0.0263,0.0297,0.0321,0.0343,0.0371,0.043
0.3616,0.4752,0.8301,0.0385,0.1139,0.0569,0.0765,0.0773,0.1016,0.9809,0.9789,0.8921,0.0521,0.0531,0.0556,0.159094,0.02398191,7.97e-05,0.082200883,-0.315360234,0.0117,0.0161,0.0198,0.0214,0.0248,0.0266,0.0291,0.0321,0.0357,0.0536
0.409,0.4347,0.5395,0.0365,0.1322,0.0563,0.0693,0.0952,0.1237,0.9793,0.8817,0.8164,0.0765,0.086,0.0961,0.148457,0.017592436,6.21e-05,0.047720993,-0.86121948,0.0063,0.0099,0.0117,0.0145,0.0169,0.0205,0.022,0.0248,0.0281,0.0384
0.3911,0.4206,0.7362,0.0352,0.12,0.0571,0.0801,0.084,0.1043,0.8551,0.9978,0.9451,0.0502,0.0556,0.0682,0.179747,0.021469097,6.57e-05,0.041151044,-0.569926567,0.011,0.0148,0.0163,0.0202,0.0215,0.0242,0.0258,0.0286,0.0326,0.043
0.3843,0.4342,0.7623,0.0468,0.1227,0.0571,0.0844,0.0873,0.1004,0.821,0.9453,0.8887,0.0765,0.0916,0.0923,0.174021,0.023924198,7.56e-05,-0.135512728,-0.63797725,0.0122,0.015,0.0196,0.0211,0.0246,0.0265,0.0296,0.0323,0.035,0.0458
0.4075,0.4163,0.6562,0.0407,0.1371,0.0619,0.0693,0.1081,0.1166,0.887,0.9764,0.9162,0.0717,0.0763,0.0936,0.164883,0.020968155,7.46e-05,-0.032568777,-0.777581232,0.0096,0.012,0.0153,0.0197,0.021,0.0237,0.0264,0.0287,0.0322,0.0415
0.3815,0.489,0.6721,0.0462,0.1319,0.0664,0.0821,0.0874,0.1135,0.833,0.9903,0.9062,0.0675,0.0797,0.0946,0.125114,0.019320986,7.87e-05,0.104547161,-0.810564303,0.0066,0.0109,0.0144,0.0158,0.02,0.0213,0.0245,0.0276,0.0313,0.0415
0.4038,0.4521,0.7028,0.039,0.1411,0.0613,0.0856,0.1041,0.1256,0.8821,0.9584,0.8408,0.0512,0.0616,0.0658,0.131145,0.018964963,6.69e-05,0.057906471,-0.830256165,0.0081,0.011,0.0151,0.0163,0.0201,0.0212,0.025,0.0264,0.0305,0.0381
0.3666,0.4138,0.8042,0.0492,0.129,0.0633,0.069,0.092,0.1087,0.8045,0.9352,0.9642,0.0507,0.0678,0.0741,0.213588,0.02830872,8.68e-05,-0.27741461,-0.440936558,0.0152,0.0209,0.0243,0.0262,0.029,0.0318,0.0342,0.0366,0.04,0.0492
0.3616,0.4132,0.8149,0.049,0.1383,0.0569,0.0964,0.1111,0.1276,0.8503,0.8945,0.9126,0.0674,0.0821,0.0929,0.216347,0.033454751,0.000133253,-0.083434941,-0.386689365,0.0188,0.0237,0.0264,0.0308,0.0334,0.0366,0.04,0.0434,0.0482,0.0602
0.3966,0.4783,0.8134,0.0381,0.1212,0.0549,0.0807,0.0997,0.1032,0.8725,0.858,0.9784,0.0706,0.075,0.0999,0.117363,0.018480589,5.67e-05,0.103986723,-0.604239066,0.0088,0.011,0.014,0.0154,0.0187,0.021,0.0224,0.0255,0.0281,0.0391
0.3705,0.4869,0.8988,0.0493,0.13,0.0624,0.0917,0.0971,0.1094,0.914,0.8767,0.8515,0.0721,0.0797,0.0985,0.132868,0.027623861,8.89e-05,-0.283342177,-0.507869718,0.0148,0.0205,0.0225,0.0253,0.0279,0.0312,0.0339,0.0359,0.0396,0.0495
0.354,0.428,0.6216,0.0366,0.1376,0.0497,0.0736,0.1011,0.1194,0.9543,0.8004,0.9755,0.0557,0.077,0.086,0.208804,0.022967672,9.83e-05,0.182100176,-0.475518462,0.0105,0.0145,0.0163,0.02,0.0224,0.0252,0.0283,0.0319,0.0358,0.0517
0.4101,0.4368,0.8446,0.0414,0.1453,0.0669,0.0947,0.1051,0.1189,0.9274,0.8244,0.8036,0.0714,0.0722,0.0979,0.137742,0.023844715,7.01e-05,-0.137987576,-0.594361994,0.0122,0.016,0.0201,0.0216,0.0244,0.026,0.0288,0.032,0.0348,0.043
0.4029,0.485,0.8123,0.0426,0.1387,0.0597,0.0857,0.1053,0.1343,0.8974,0.8407,0.9693,0.0535,0.0739,0.0785,0.098962,0.017916634,5.55e-05,0.104356967,-0.658205362,0.0098,0.0107,0.0145,0.0155,0.0178,0.0201,0.0216,0.0246,0.0274,0.0367
0.3584,0.4605,0.7252,0.0397,0.1148,0.0476,0.0811,0.0881,0.1019,0.8646,0.9091,0.9624,0.0599,0.0613,0.098,0.171192,0.021914478,8.52e-05,0.120100668,-0.681287433,0.0106,0.0131,0.0153,0.0195,0.0214,0.0243,0.0267,0.0302,0.0349,0.0453
0.3555,0.4283,0.7922,0.0392,0.1317,0.0514,0.0686,0.0915,0.1232,0.8313,0.8955,0.9625,0.0695,0.0756,0.0938,0.20901,0.025835503,8.17e-05,-0.051004246,-0.473445849,0.0142,0.0174,0.0215,0.0233,0.0257,0.0282,0.0312,0.034,0.0375,0.0495
0.404,0.403,0.8345,0.0397,0.1123,0.056,0.0657,0.0841,0.0948,0.9251,0.8394,0.9606,0.0551,0.0643,0.0882,0.188688,0.023871289,6.63e-05,-0.224282069,-0.544753531,0.0131,0.016,0.0197,0.0215,0.0248,0.0261,0.0289,0.0316,0.0344,0.0403
0.3639,0.489,0.836,0.042,0.1157,0.0641,0.0788,0.0858,0.097,0.8658,0.9355,0.8619,0.0519,0.0523,0.0536,0.137105,0.0230869,7.51e-05,-0.071761429,-0.752942828,0.0114,0.0153,0.018,0.021,0.0232,0.0255,0.028,0.0318,0.0348,0.043
0.3987,0.4575,0.775,0.0371,0.1146,0.0546,0.0779,0.0831,0.0965,0.8467,0.8105,0.8988,0.0693,0.0696,0.0992,0.135476,0.019136268,6.01e-05,0.063751145,-0.655757226,0.0091,0.0114,0.0145,0.0164,0.0194,0.0208,0.0243,0.0257,0.0296,0.04
0.4121,0.4438,0.609,0.0355,0.1487,0.0668,0.0791,0.1163,0.1244,0.9821,0.8771,0.8116,0.0544,0.0671,0.0758,0.135838,0.018942933,7.2e-05,0.020054244,-0.908915681,0.0064,0.0106,0.0146,0.0159,0.0196,0.0211,0.0244,0.0264,0.0307,0.0367
0.4088,0.491,0.6421,0.05,0.1274,0.0714,0.0762,0.1091,0.1163,0.805,0.9415,0.9138,0.0651,0.0752,0.0856,0.091638,0.018076108,6.56e-05,0.027019415,-0.920789517,0.0063,0.0103,0.0122,0.0153,0.018,0.0212,0.0231,0.0257,0.029,0.0361
0.398,0.4104,0.6682,0.0356,0.1377,0.0549,0.0834,0.0836,0.1064,0.9596,0.8893,0.8945,0.0718,0.087,0.0978,0.182082,0.021743821,8.01e-05,0.064876997,-0.609337418,0.0106,0.0131,0.0155,0.0196,0.021,0.0244,0.0266,0.03,0.0333,0.0456
0.4086,0.4735,0.723,0.0357,0.1288,0.0531,0.0789,0.1047,0.114,0.9518,0.8014,0.9577,0.0545,0.07,0.076,0.107596,0.016349403,6.05e-05,0.351725375,-0.361831256,0.0063,0.0096,0.0115,0.0146,0.0158,0.018,0.0209,0.0233,0.0262,0.0427
0.4168,0.4941,0.8497,0.0407,0.136,0.0542,0.0939,0.0992,0.1151,0.8091,0.8899,0.9379,0.0668,0.0703,0.0912,0.083568,0.016726474,5.01e-05,0.157863835,-0.661186625,0.0064,0.0111,0.0122,0.0148,0.0161,0.0191,0.021,0.0229,0.026,0.0354
0.3666,0.4538,0.5645,0.041,0.1264,0.0502,0.0723,0.0918,0.107,0.909,0.9593,0.8148,0.058,0.0785,0.0914,0.172702,0.020086234,8.51e-05,0.198791935,-0.554153464,0.0071,0.0117,0.0154,0.0168,0.02,0.0225,0.0259,0.0281,0.0321,0.0447
0.4099,0.4433,0.5481,0.047,0.1364,0.0556,0.0796,0.108,0.1139,0.9085,0.9208,0.9066,0.0604,0.0931,0.0989,0.130929,0.020354136,8.8e-05,0.084566976,-0.817460623,0.0068,0.0114,0.0151,0.0173,0.0209,0.0233,0.0256,0.0292,0.0331,0.043
0.39,0.4876,0.7276,0.0449,0.1219,0.0606,0.0728,0.0937,0.1149,0.9507,0.9267,0.8144,0.0757,0.0934,0.0954,0.111534,0.017802474,6.28e-05,0.033308485,-0.912408547,0.0063,0.0111,0.0125,0.0154,0.0177,0.0208,0.0221,0.0258,0.0285,0.0357
0.3671,0.485,0.6777,0.045,0.1136,0.0636,0.0846,0.091,0.0943,0.9553,0.9297,0.9562,0.0787,0.0861,0.0878,0.13828,0.022583999,0.000111764,0.143515865,-0.844616762,0.0095,0.0127,0.0151,0.0197,0.0215,0.0249,0.0284,0.0326,0.0373,0.0461
0.4004,0.4867,0.6657,0.0442,0.1121,0.0524,0.074,0.0894,0.1048,0.8702,0.9256,0.9892,0.0691,0.0795,0.0875,0.105177,0.016146051,5.34e-05,0.062193575,-0.92953505,0.0059,0.0099,0.0115,0.0152,0.0161,0.0191,0.0205,0.0227,0.0261,0.0335
0.4186,0.4769,0.5376,0.0447,0.1422,0.0738,0.0889,0.0936,0.115,0.8258,0.8668,0.9951,0.0637,0.068,0.0911,0.097481,0.017625413,6.67e-05,0.080693012,-0.973800725,0.0061,0.0107,0.0122,0.015,0.017,0.0206,0.0224,0.0257,0.0287,0.0354
0.3502,0.4793,0.8275,0.0399,0.1471,0.0563,0.0813,0.1065,0.133,0.9283,0.8832,0.8177,0.0575,0.0617,0.0865,0.156096,0.026589932,0.000128778,0.486876824,-0.149204774,0.0123,0.0162,0.021,0.0227,0.0249,0.028,0.0313,0.0355,0.0427,0.0568
0.3581,0.4348,0.6088,0.0445,0.1126,0.0571,0.069,0.0805,0.0976,0.8674,0.8843,0.9373,0.058,0.0698,0.078,0.198853,0.022190989,8.79e-05,0.090425404,-0.640705306,0.0099,0.0137,0.0162,0.0203,0.0217,0.0249,0.0272,0.0309,0.0351,0.0474
0.3714,0.4363,0.5951,0.0493,0.148,0.0733,0.0823,0.1071,0.1236,0.8603,0.9435,0.8293,0.0651,0.095,0.0954,0.177842,0.024896987,0.000115839,-0.014132901,-0.892347401,0.0102,0.0147,0.0189,0.0217,0.0253,0.0278,0.0311,0.0356,0.0401,0.0482
0.3502,0.4886,0.6527,0.0359,0.1333,0.0479,0.0841,0.1024,0.1174,0.8873,0.9803,0.9948,0.0897,0.0898,0.0901,0.15721,0.021991451,0.000106585,0.175895749,-0.760100895,0.0092,0.0125,0.0148,0.0194,0.021,0.0248,0.0272,0.0318,0.036,0.0458
0.3889,0.4767,0.7895,0.0396,0.1149,0.0585,0.0689,0.0891,0.0899,0.8375,0.8785,0.8676,0.0567,0.0575,0.0982,0.127397,0.020285459,7.31e-05,0.112828392,-0.705004181,0.0096,0.0119,0.0153,0.0172,0.0206,0.022,0.0251,0.0276,0.0321,0.0427
0.3675,0.4003,0.8422,0.0415,0.1369,0.0697,0.0738,0.0882,0.1166,0.9066,0.8121,0.907,0.0592,0.0866,0.0904,0.224989,0.033120181,0.000123633,-0.122882301,-0.186332423,0.0197,0.0233,0.0271,0.0303,0.0337,0.0359,0.04,0.0427,0.0474,0.0628
0.3824,0.4496,0.8211,0.0448,0.1459,0.0592,0.0927,0.0936,0.1336,0.8214,0.888,0.8544,0.0635,0.0655,0.0658,0.15814,0.026891474,0.000106854,0.140808247,-0.487029298,0.0145,0.0167,0.0205,0.0239,0.0259,0.0293,0.0323,0.0359,0.041,0.052
0.4149,0.4272,0.7398,0.0419,0.1248,0.0705,0.073,0.095,0.1067,0.9723,0.8321,0.8054,0.0706,0.0755,0.0968,0.152879,0.020190931,6.19e-05,-0.058540642,-0.780733742,0.0104,0.0116,0.0158,0.0178,0.0207,0.0223,0.0256,0.0275,0.031,0.0381
0.3951,0.4087,0.5464,0.0456,0.144,0.0576,0.0701,0.0831,0.1246,0.9207,0.9172,0.9655,0.0594,0.0699,0.0703,0.18766,0.021137068,8.31e-05,0.043376868,-0.734162385,0.0094,0.0122,0.0157,0.0187,0.0213,0.0243,0.026,0.03,0.0334,0.043
0.3907,0.4208,0.6068,0.0487,0.1433,0.0703,0.0827,0.1099,0.1248,0.8654,0.8339,0.9689,0.0514,0.0544,0.0673,0.181084,0.024138961,0.000109632,0.031823227,-0.826606234,0.01,0.0141,0.0176,0.0211,0.0245,0.0268,0.0307,0.0348,0.0381,0.0474
0.3896,0.417,0.9135,0.0474,0.1452,0.0752,0.0883,0.1058,0.122,0.9127,0.8881,0.8251,0.0562,0.0587,0.0722,0.176972,0.033360628,0.000120286,-0.452697267,-0.173538892,0.0201,0.0253,0.0273,0.0314,0.0353,0.037,0.0405,0.0433,0.0468,0.0548
0.391,0.4779,0.7034,0.0435,0.1124,0.0551,0.0793,0.0815,0.0979,0.8065,0.8972,0.9032,0.0771,0.0772,0.0882,0.125015,0.018272877,6.66e-05,0.083875504,-0.811739795,0.0064,0.0106,0.0134,0.0158,0.0189,0.0208,0.0233,0.0256,0.0294,0.0374
0.3946,0.486,0.7017,0.0461,0.1413,0.0718,0.0747,0.097,0.124,0.9164,0.8946,0.8488,0.0537,0.0648,0.0945,0.107865,0.020041894,8.48e-05,0.075049627,-0.824546037,0.0068,0.0113,0.015,0.0168,0.0208,0.0229,0.0254,0.0288,0.0323,0.0433
0.4048,0.4054,0.6012,0.0386,0.1282,0.046,0.0806,0.0869,0.1133,0.9274,0.9204,0.8436,0.0582,0.0862,0.0989,0.17831,0.019507075,7.08e-05,0.049324781,-0.777049981,0.0085,0.0112,0.0145,0.0166,0.0196,0.0214,0.0248,0.0267,0.0311,0.04
0.4121,0.414,0.662,0.0393,0.1341,0.058,0.0852,0.0897,0.1226,0.9164,0.8754,0.8114,0.0656,0.0935,0.0963,0.161925,0.020388898,7.05e-05,-0.043388016,-0.810802701,0.0093,0.0118,0.0152,0.0182,0.0206,0.0232,0.0257,0.0283,0.0316,0.0406
0.4081,0.401,0.7604,0.0396,0.1238,0.0513,0.0768,0.0942,0.1149,0.8797,0.8429,0.8927,0.0537,0.0735,0.0993,0.183906,0.022783829,6.43e-05,-0.102640689,-0.527711152,0.012,0.0159,0.0187,0.0206,0.0227,0.0258,0.0268,0.03,0.033,0.045
0.3501,0.4819,0.7267,0.0407,0.1398,0.0469,0.08,0.1029,0.124,0.8082,0.8756,0.8314,0.0618,0.0847,0.0891,0.153291,0.02205311,9.8e-05,0.203270616,-0.628174894,0.0098,0.0116,0.0154,0.0199,0.0219,0.0252,0.0268,0.031,0.0356,0.049
0.3563,0.4004,0.5904,0.0419,0.1364,0.0552,0.0724,0.1052,0.1149,0.9571,0.8463,0.8932,0.0615,0.0636,0.087,0.23522,0.025498891,0.000105187,0.070377107,-0.591396805,0.0115,0.0159,0.0199,0.0223,0.0254,0.0284,0.0311,0.0345,0.0395,0.0524
0.3519,0.4467,0.7593,0.0446,0.1433,0.0698,0.0889,0.1047,0.1258,0.8186,0.9948,0.9613,0.0585,0.078,0.0828,0.194624,0.030907593,0.000149983,0.253633616,-0.364914581,0.015,0.0205,0.0234,0.027,0.0304,0.0343,0.0369,0.0418,0.047,0.0634
0.4097,0.4843,0.622,0.0397,0.1143,0.0501,0.0653,0.0874,0.0955,0.9534,0.8044,0.8881,0.0561,0.0638,0.0936,0.09943,0.014081581,4.1e-05,0.171229949,-0.888556737,0.0057,0.007,0.0103,0.0114,0.0147,0.0157,0.0177,0.0207,0.0225,0.032
0.3607,0.4855,0.5112,0.0416,0.1307,0.0572,0.0664,0.1075,0.1123,0.9127,0.8648,0.9379,0.0674,0.0678,0.0753,0.143089,0.020922481,0.000101727,0.320755992,-0.431225653,0.0072,0.0114,0.0151,0.0168,0.0204,0.0238,0.0259,0.0297,0.0345,0.0522
0.3749,0.4161,0.5556,0.048,0.1445,0.0774,0.0805,0.1067,0.1297,0.9482,0.8505,0.9456,0.0547,0.0717,0.0921,0.196439,0.028032648,0.000152881,0.070777409,-0.794017118,0.0115,0.0153,0.02,0.0245,0.0279,0.0313,0.0361,0.0395,0.045,0.0594
0.4089,0.4127,0.791,0.0467,0.1403,0.0639,0.0876,0.1187,0.1291,0.9885,0.8636,0.8301,0.0752,0.0797,0.0837,0.169719,0.024889521,7.08e-05,-0.267081106,-0.611962096,0.0136,0.0164,0.0206,0.0228,0.0254,0.027,0.0307,0.0324,0.0359,0.0418
0.4076,0.4356,0.9437,0.0393,0.1481,0.0633,0.08,0.1089,0.1341,0.8685,0.948,0.9606,0.0593,0.0616,0.0825,0.150854,0.029829291,0.000108314,-0.34647311,-0.281241572,0.016,0.0215,0.0257,0.0273,0.0306,0.0331,0.0364,0.0399,0.0424,0.055
0.3707,0.4447,0.9126,0.0387,0.1229,0.0459,0.0859,0.0931,0.1104,0.9411,0.9818,0.9281,0.0759,0.0782,0.0827,0.177332,0.029399778,0.000116227,0.055118832,-0.104588343,0.0149,0.0201,0.0245,0.0262,0.03,0.032,0.0348,0.0382,0.0429,0.0602
0.3876,0.426,0.7117,0.0398,0.1436,0.0548,0.0811,0.0985,0.1321,0.8638,0.9856,0.8255,0.0512,0.0695,0.0764,0.181236,0.021648358,6.82e-05,-0.029233162,-0.683001477,0.0109,0.0148,0.0164,0.0204,0.0218,0.0245,0.026,0.03,0.0328,0.0433
0.3555,0.4659,0.7712,0.0475,0.1376,0.0749,0.0787,0.0955,0.1206,0.911,0.8759,0.9643,0.0763,0.0864,0.0865,0.170149,0.027627667,0.000109686,0.014008967,-0.682024388,0.0148,0.0178,0.021,0.0249,0.0276,0.0312,0.0343,0.0372,0.041,0.0532
0.4095,0.4545,0.881,0.0486,0.1244,0.0642,0.0804,0.0986,0.1093,0.8661,0.904,0.9384,0.0781,0.086,0.0946,0.121956,0.023692896,6.85e-05,-0.168510576,-0.564398698,0.0121,0.016,0.02,0.0216,0.0244,0.0259,0.0283,0.0317,0.0346,0.043
0.3752,0.4007,0.8412,0.0361,0.1488,0.0537,0.0871,0.0973,0.1243,0.8329,0.8055,0.913,0.0512,0.088,0.0994,0.212435,0.029474918,0.000111064,0.019906497,-0.258361201,0.0154,0.0201,0.0239,0.0263,0.0298,0.0326,0.0354,0.0384,0.0432,0.0585
0.3945,0.4932,0.7102,0.048,0.1318,0.0571,0.0841,0.0933,0.1155,0.9004,0.8066,0.9892,0.0608,0.0674,0.0892,0.102568,0.016846355,6.02e-05,0.145710579,-0.803292372,0.0061,0.0105,0.0119,0.0147,0.0163,0.0198,0.0213,0.0249,0.0269,0.0354
0.3851,0.4297,0.6645,0.0464,0.1281,0.0665,0.0808,0.0964,0.1089,0.9732,0.8883,0.8458,0.0524,0.0601,0.0757,0.175848,0.022675708,8.02e-05,-0.1033982,-0.811322131,0.0107,0.0147,0.0168,0.0208,0.0228,0.0251,0.0274,0.0311,0.0353,0.0424
0.3632,0.4458,0.7172,0.0382,0.1312,0.0686,0.0821,0.1015,0.1191,0.9636,0.9753,0.9555,0.0691,0.076,0.0784,0.176733,0.026994351,0.000120762,0.116537147,-0.66753999,0.0119,0.0163,0.0204,0.0242,0.0263,0.0298,0.0333,0.0368,0.0419,0.0524
0.3795,0.4357,0.7083,0.0495,0.1122,0.0597,0.0718,0.0813,0.0942,0.8555,0.8038,0.8325,0.071,0.0952,0.0999,0.176078,0.022667538,7.76e-05,-0.044879965,-0.70323151,0.0111,0.0151,0.0166,0.0211,0.0225,0.0256,0.0277,0.0309,0.0344,0.0439
0.3923,0.4507,0.5005,0.0391,0.1451,0.054,0.0793,0.0993,0.1321,0.9556,0.8836,0.8867,0.0633,0.0686,0.0689,0.146016,0.018613237,7.03e-05,0.117430715,-0.739895047,0.0067,0.0108,0.0142,0.0156,0.0198,0.021,0.0236,0.0261,0.0303,0.0418
0.3742,0.499,0.5606,0.0402,0.1409,0.0537,0.0727,0.1109,0.1145,0.9276,0.9913,0.8356,0.0569,0.0717,0.0919,0.119703,0.017961092,7.14e-05,0.269594727,-0.485887304,0.0065,0.0107,0.0125,0.0156,0.0171,0.021,0.0223,0.0256,0.0293,0.0439
0.3671,0.4815,0.7139,0.0397,0.1241,0.0504,0.0722,0.0831,0.1058,0.9726,0.9745,0.9723,0.0643,0.0697,0.0939,0.143425,0.02096159,9.78e-05,0.290200442,-0.611288202,0.0093,0.0108,0.0145,0.0174,0.0207,0.023,0.0257,0.03,0.0355,0.0472
0.3592,0.445,0.9042,0.0439,0.1118,0.0491,0.0587,0.0837,0.1048,0.8505,0.9647,0.9752,0.0827,0.083,0.09,0.188311,0.026973536,8.65e-05,-0.234006083,-0.377028955,0.0143,0.0201,0.0216,0.0248,0.0268,0.0303,0.032,0.0355,0.0389,0.0472
0.3605,0.4339,0.7871,0.0454,0.1462,0.0638,0.0959,0.1078,0.1251,0.8614,0.8656,0.8832,0.07,0.0709,0.0781,0.197897,0.033366619,0.0001644,0.082941376,-0.657249327,0.0161,0.0214,0.0262,0.0293,0.0333,0.0365,0.0406,0.0459,0.0513,0.062
0.3828,0.4719,0.7839,0.0415,0.1123,0.0546,0.0764,0.0796,0.1009,0.9649,0.9421,0.9917,0.0687,0.0846,0.0864,0.136188,0.020902951,7.66e-05,0.149506234,-0.654295459,0.01,0.0123,0.0156,0.0181,0.021,0.0234,0.0255,0.0288,0.0331,0.043
0.4027,0.4081,0.5463,0.0399,0.1381,0.0526,0.0799,0.1034,0.1107,0.8723,0.9079,0.9484,0.0532,0.0586,0.0898,0.178927,0.020432103,8.04e-05,0.093752893,-0.643600272,0.0092,0.0122,0.0158,0.0176,0.0204,0.0227,0.026,0.0281,0.0322,0.045
0.3709,0.4146,0.6392,0.0421,0.1423,0.0619,0.0953,0.1107,0.1267,0.8619,0.8857,0.8415,0.0516,0.0943,0.0988,0.208085,0.029304546,0.00016357,0.284534687,-0.383561199,0.0135,0.017,0.0218,0.0247,0.0288,0.0317,0.0359,0.0401,0.0474,0.0652
0.3598,0.4809,0.7483,0.0374,0.147,0.0628,0.0724,0.1066,0.1275,0.8755,0.961,0.9689,0.0502,0.0551,0.0599,0.149109,0.024739353,0.000136954,0.51035432,0.230866351,0.0107,0.0143,0.0166,0.0211,0.0239,0.0274,0.0309,0.0349,0.04,0.0634
0.3928,0.442,0.7456,0.0431,0.1315,0.0577,0.0736,0.0966,0.1153,0.9934,0.948,0.9226,0.053,0.0758,0.098,0.156973,0.021963206,7.18e-05,-0.050033288,-0.717821616,0.0106,0.0144,0.0159,0.0201,0.0213,0.0255,0.027,0.0299,0.033,0.0412
0.3965,0.4933,0.7768,0.0424,0.1375,0.0568,0.0849,0.1042,0.1181,0.9268,0.9009,0.8208,0.0654,0.082,0.0963,0.094172,0.017761582,6.9e-05,0.206392656,-0.735249797,0.0065,0.0103,0.0119,0.015,0.017,0.0204,0.0221,0.0256,0.0292,0.0418
0.4005,0.4259,0.8433,0.0451,0.1127,0.0622,0.0696,0.0866,0.0985,0.8233,0.8477,0.9696,0.0792,0.0792,0.0947,0.165734,0.022934212,5.88e-05,-0.313786503,-0.584297181,0.0114,0.0159,0.0199,0.0209,0.024,0.0258,0.0277,0.0303,0.0324,0.0377
0.3693,0.4139,0.9,0.038,0.1197,0.0568,0.0768,0.083,0.0939,0.9382,0.9967,0.8671,0.0502,0.0544,0.0935,0.209139,0.029455879,0.000102318,-0.300723956,-0.381356904,0.0154,0.0202,0.0243,0.0268,0.0303,0.0331,0.0355,0.0384,0.0423,0.0497
0.4086,0.4915,0.6035,0.0455,0.1427,0.07,0.0758,0.0946,0.1225,0.9011,0.9288,0.9598,0.053,0.0874,0.0947,0.08952,0.018234533,7.04e-05,0.10279375,-0.896448056,0.0062,0.0112,0.0125,0.0154,0.0181,0.021,0.0232,0.0262,0.03,0.0357
0.4165,0.4376,0.7035,0.0461,0.1177,0.0628,0.0726,0.0891,0.094,0.8127,0.808,0.8013,0.0555,0.072,0.0978,0.140824,0.020664737,7.6e-05,-0.015128145,-0.823451795,0.0092,0.0118,0.0152,0.0188,0.0208,0.0233,0.026,0.0286,0.0322,0.0415
0.3986,0.4092,0.8222,0.0494,0.1354,0.0635,0.0674,0.1025,0.1219,0.9266,0.8841,0.808,0.0551,0.0676,0.0814,0.179994,0.026008731,7.78e-05,-0.189736542,-0.502411856,0.0142,0.0189,0.0212,0.0244,0.0259,0.0286,0.0313,0.0349,0.0368,0.0474
0.4139,0.4642,0.875,0.0362,0.1183,0.0528,0.0726,0.0904,0.0983,0.9503,0.9852,0.8254,0.0563,0.0805,0.0806,0.113407,0.018555448,4.56e-05,-0.07104558,-0.679069869,0.0105,0.012,0.0147,0.0161,0.0201,0.0209,0.022,0.025,0.027,0.035
0.3514,0.4192,0.8709,0.0455,0.1427,0.0654,0.0704,0.1023,0.129,0.9127,0.9096,0.9076,0.0521,0.0729,0.0889,0.215866,0.037306942,0.000163925,-0.168902377,-0.403289249,0.0212,0.0255,0.0304,0.0337,0.0372,0.0408,0.0453,0.0483,0.0541,0.0658
0.3821,0.4865,0.6328,0.0439,0.1338,0.0623,0.0788,0.0868,0.1213,0.9243,0.8545,0.9714,0.0563,0.0745,0.0772,0.123384,0.019059689,7.68e-05,0.139030304,-0.811683772,0.0067,0.0108,0.0143,0.0156,0.0197,0.0211,0.0241,0.0274,0.0312,0.0415
0.3689,0.4952,0.7367,0.0495,0.1385,0.0698,0.0928,0.1017,0.1272,0.8601,0.9287,0.9102,0.0501,0.0767,0.0793,0.115651,0.022694298,0.000112497,0.221241852,-0.636228242,0.0097,0.0116,0.0157,0.0192,0.022,0.0252,0.0283,0.0325,0.0371,0.0497
0.4018,0.4921,0.7566,0.0449,0.1139,0.056,0.0684,0.0846,0.1036,0.8038,0.9881,0.9286,0.0518,0.0555,0.0919,0.100333,0.015139675,4.38e-05,0.031682403,-0.978224252,0.0058,0.0092,0.0106,0.0125,0.0149,0.0163,0.0203,0.0215,0.0247,0.0308
0.4076,0.4926,0.8944,0.0402,0.124,0.0592,0.0757,0.0864,0.1097,0.9591,0.8142,0.9075,0.0567,0.0752,0.0941,0.092408,0.018546912,4.82e-05,-0.011798881,-0.628979313,0.0103,0.0119,0.0147,0.0161,0.02,0.0208,0.022,0.0251,0.0272,0.035
0.3609,0.4019,0.6389,0.0385,0.1393,0.0555,0.0805,0.1,0.1225,0.8605,0.9402,0.8161,0.0604,0.0647,0.0967,0.229761,0.026101957,0.000108146,0.103673963,-0.674076397,0.0118,0.0162,0.0202,0.0228,0.0256,0.029,0.0319,0.0354,0.0405,0.0524
0.4034,0.4149,0.5176,0.0381,0.136,0.049,0.0824,0.1008,0.1161,0.8352,0.9584,0.8023,0.0542,0.0617,0.0876,0.172741,0.018168619,6.71e-05,0.075760865,-0.828725507,0.0065,0.0104,0.0131,0.0153,0.0184,0.0204,0.0232,0.0255,0.0291,0.04
0.3788,0.4527,0.8856,0.041,0.1326,0.0665,0.0808,0.1039,0.1104,0.9844,0.8553,0.9492,0.0503,0.0866,0.0918,0.16512,0.028874355,8.91e-05,-0.344583732,-0.345810652,0.0154,0.0211,0.0248,0.0267,0.0296,0.0321,0.0344,0.0371,0.0411,0.0485
0.3542,0.4578,0.5812,0.0454,0.1222,0.0721,0.077,0.0986,0.1127,0.954,0.8606,0.833,0.06,0.0802,0.0813,0.181078,0.02368325,0.000104952,0.013027384,-0.767454718,0.0101,0.0143,0.0172,0.0215,0.0236,0.0262,0.0301,0.0331,0.0375,0.0495
0.3911,0.4535,0.9495,0.0372,0.1163,0.0559,0.0612,0.0848,0.1032,0.8319,0.8434,0.8387,0.072,0.0793,0.0959,0.149438,0.02675685,8.66e-05,-0.361910557,-0.309869426,0.0138,0.0201,0.0217,0.0249,0.027,0.0303,0.032,0.0354,0.0382,0.0472
0.3557,0.4223,0.6873,0.0434,0.1465,0.065,0.0934,0.1065,0.1331,0.8059,0.8104,0.8363,0.0522,0.0779,0.0929,0.211642,0.032551939,0.000193741,0.346555646,-0.339394456,0.0157,0.0194,0.0249,0.0275,0.0317,0.0358,0.0393,0.0445,0.0514,0.0702
0.3904,0.448,0.5556,0.0414,0.112,0.0522,0.0767,0.0814,0.0982,0.9584,0.9572,0.8132,0.06,0.0886,0.0962,0.154867,0.018395133,6.52e-05,0.014704832,-0.839975461,0.0065,0.0103,0.0135,0.015,0.0187,0.021,0.0234,0.0259,0.029,0.0384
0.3696,0.4589,0.6635,0.0369,0.135,0.0575,0.0655,0.099,0.1236,0.9622,0.867,0.8299,0.0838,0.0845,0.0939,0.163918,0.020466732,8e-05,0.087664104,-0.693230885,0.0091,0.0118,0.0154,0.0176,0.0209,0.023,0.0256,0.0285,0.0326,0.043
0.3852,0.4504,0.6998,0.049,0.1144,0.0626,0.0784,0.0831,0.1016,0.8274,0.837,0.8135,0.0546,0.0641,0.0945,0.154185,0.022735808,9.11e-05,-0.012957962,-0.817943538,0.0105,0.0149,0.0164,0.0198,0.0225,0.0258,0.0285,0.0315,0.0357,0.0442
0.356,0.4064,0.7386,0.0354,0.1262,0.0439,0.0712,0.079,0.1067,0.8678,0.9827,0.8519,0.0659,0.0681,0.0684,0.231348,0.023249128,7.37e-05,0.100491954,-0.411293871,0.0109,0.0151,0.0197,0.021,0.0231,0.0252,0.0279,0.031,0.035,0.0472
0.3838,0.4026,0.7769,0.0396,0.1476,0.0703,0.0786,0.1112,0.1144,0.8975,0.8286,0.8371,0.0517,0.0597,0.0986,0.199809,0.030033677,0.000115034,-0.119719208,-0.667496169,0.0159,0.0206,0.0248,0.0272,0.0303,0.0339,0.0363,0.0403,0.0439,0.0536
0.4021,0.4343,0.9454,0.0354,0.1259,0.054,0.0768,0.0832,0.1086,0.8302,0.9933,0.8124,0.0734,0.0745,0.0868,0.154325,0.023730697,6.59e-05,-0.473918656,-0.34734919,0.0114,0.0165,0.02,0.0219,0.025,0.0261,0.0289,0.0313,0.0339,0.0403
0.3946,0.4123,0.7196,0.038,0.1247,0.0473,0.0565,0.094,0.1118,0.9607,0.8872,0.8505,0.054,0.0704,0.0714,0.187767,0.019875663,5.85e-05,0.030372062,-0.5236021,0.0098,0.0123,0.0152,0.0173,0.0201,0.0218,0.0249,0.0263,0.0299,0.0403
0.3503,0.4315,0.9361,0.0418,0.1158,0.0559,0.0794,0.0873,0.1004,0.864,0.9801,0.8385,0.0512,0.0517,0.0866,0.212014,0.03134638,0.00011213,-0.463841149,-0.253135575,0.0168,0.0222,0.0263,0.0303,0.0322,0.0358,0.0378,0.0411,0.0448,0.0548
0.3848,0.4174,0.7075,0.0414,0.11,0.0601,0.074,0.0892,0.0919,0.9245,0.8221,0.9848,0.0667,0.0813,0.0932,0.189646,0.022396669,7.62e-05,0.030430115,-0.675804651,0.011,0.015,0.0169,0.0207,0.0221,0.0249,0.0269,0.0309,0.0342,0.0433
0.376,0.436,0.7537,0.0491,0.1479,0.0771,0.1009,0.1185,0.1238,0.9992,0.9617,0.8967,0.0628,0.0732,0.0913,0.169334,0.030861403,0.000147273,0.192566432,-0.369135502,0.0151,0.0205,0.0233,0.0266,0.0305,0.0339,0.0373,0.0416,0.0466,0.0652
0.3623,0.4322,0.7467,0.0369,0.1427,0.0589,0.0876,0.0884,0.1272,0.9489,0.9589,0.9382,0.0503,0.075,0.0857,0.186812,0.027792206,0.000126657,0.183700348,-0.635623891,0.0128,0.0174,0.0217,0.0239,0.0267,0.0302,0.0339,0.0379,0.0438,0.057
0.3916,0.4721,0.531,0.0481,0.1388,0.0788,0.0908,0.1148,0.1263,0.8043,0.9519,0.9686,0.0503,0.0696,0.0883,0.122626,0.021448912,9.72e-05,0.105808768,-0.815429911,0.009,0.0122,0.0159,0.0189,0.0209,0.0253,0.0267,0.0306,0.0357,0.045
0.3583,0.4463,0.5808,0.0486,0.1103,0.0602,0.0764,0.0813,0.0996,0.9782,0.8363,0.9311,0.0662,0.0681,0.0886,0.187946,0.022257153,9.28e-05,0.002559316,-0.76975585,0.0096,0.0125,0.016,0.0203,0.0218,0.0251,0.028,0.0312,0.0354,0.0472
0.3841,0.4095,0.6707,0.0482,0.1383,0.0711,0.0838,0.0938,0.1231,0.8741,0.9348,0.9853,0.0704,0.0744,0.0827,0.193397,0.026444848,0.000110217,0.021588302,-0.817290225,0.0114,0.0158,0.0211,0.023,0.0258,0.0298,0.0332,0.036,0.041,0.0495
0.3898,0.4935,0.7798,0.0375,0.1302,0.0593,0.0653,0.0692,0.1154,0.9805,0.908,0.8066,0.0575,0.0776,0.0916,0.111221,0.016207353,4.83e-05,0.036561701,-0.879834168,0.006,0.0101,0.0113,0.0148,0.016,0.0183,0.0208,0.0224,0.0256,0.032
0.3696,0.4252,0.8122,0.0442,0.1461,0.0637,0.0876,0.1041,0.1292,0.9023,0.994,0.9838,0.0511,0.0816,0.0907,0.19152,0.031225993,0.000129441,0.059270521,-0.44794616,0.0161,0.0208,0.0248,0.0278,0.0311,0.0348,0.0372,0.0416,0.0464,0.0587
0.3591,0.4297,0.5779,0.0437,0.1119,0.0662,0.0737,0.0784,0.1028,0.8477,0.8997,0.8429,0.0514,0.0556,0.0611,0.204969,0.025018188,0.000119729,0.02188215,-0.802099391,0.0105,0.0149,0.0188,0.0216,0.0247,0.0279,0.0317,0.0358,0.0396,0.051
0.3996,0.4685,0.8689,0.0405,0.144,0.0697,0.0894,0.1094,0.1167,0.8093,0.9316,0.8679,0.0643,0.0749,0.0782,0.127112,0.024429337,7.98e-05,0.013217066,-0.409324219,0.0117,0.0161,0.0204,0.0217,0.0247,0.0262,0.0292,0.032,0.0362,0.0474
0.3783,0.4034,0.7313,0.0462,0.1482,0.0563,0.0938,0.0943,0.1278,0.8427,0.8207,0.9829,0.0616,0.0862,0.0998,0.211191,0.025884369,8.45e-05,-0.018804968,-0.479685014,0.0144,0.0175,0.0206,0.0234,0.0256,0.0286,0.0313,0.034,0.0376,0.0512
0.3915,0.452,0.5891,0.0415,0.1195,0.0524,0.0761,0.0956,0.1049,0.9082,0.8159,0.8457,0.0555,0.0801,0.0837,0.151257,0.018737849,6.87e-05,0.005315119,-0.908432887,0.0065,0.0107,0.0148,0.016,0.0198,0.0212,0.0246,0.026,0.03,0.0374
0.4028,0.4109,0.9256,0.0378,0.1225,0.064,0.0649,0.0921,0.1087,0.9069,0.8727,0.9596,0.0719,0.0868,0.0978,0.179328,0.028176017,8.86e-05,-0.440015107,-0.26717904,0.0147,0.0207,0.0241,0.0258,0.0291,0.0314,0.0347,0.0364,0.0398,0.0472
0.3935,0.4236,0.7207,0.0446,0.1173,0.066,0.0767,0.0797,0.0858,0.8544,0.9463,0.8957,0.0641,0.0788,0.095,0.177701,0.02278754,7.59e-05,-0.097411974,-0.774707455,0.0108,0.0147,0.0174,0.0206,0.0228,0.0256,0.0283,0.0311,0.0345,0.0415
0.3691,0.4201,0.7429,0.0419,0.1279,0.0612,0.0719,0.1028,0.116,0.8494,0.8159,0.9861,0.0707,0.085,0.0914,0.207593,0.0250468,8.05e-05,-0.023166059,-0.528247254,0.0129,0.0164,0.02,0.0225,0.0248,0.0274,0.0305,0.033,0.0369,0.0512
0.3599,0.4989,0.7898,0.0405,0.1157,0.0525,0.0724,0.091,0.1054,0.8295,0.9397,0.9512,0.0647,0.0719,0.0832,0.135054,0.020799054,8.49e-05,0.345668977,-0.387472432,0.0097,0.0112,0.0149,0.0176,0.0207,0.0224,0.0254,0.0283,0.0344,0.0474
0.4196,0.4792,0.8169,0.0461,0.114,0.0569,0.0791,0.0923,0.1015,0.9456,0.9163,0.9896,0.0536,0.0874,0.0928,0.092751,0.017372775,5.46e-05,0.029954755,-0.871034118,0.0064,0.0111,0.0123,0.015,0.0168,0.0204,0.0214,0.0248,0.0269,0.035
0.3559,0.4404,0.539,0.0356,0.1319,0.0538,0.0617,0.1125,0.1158,0.809,0.9618,0.9829,0.0551,0.0688,0.0934,0.194135,0.021549662,9.67e-05,0.206538238,-0.539949106,0.0095,0.0113,0.015,0.0186,0.0215,0.0249,0.0269,0.03,0.0345,0.0485
0.3571,0.4837,0.6421,0.0421,0.123,0.0569,0.0768,0.0829,0.1069,0.9026,0.9309,0.8802,0.0653,0.0853,0.0928,0.151618,0.022025091,0.000104805,0.197198561,-0.583854397,0.0096,0.0115,0.0154,0.0198,0.0221,0.0246,0.0271,0.0313,0.0355,0.0495
0.3896,0.4063,0.8527,0.0424,0.1166,0.0526,0.0733,0.0785,0.1098,0.8871,0.8836,0.9074,0.0686,0.0701,0.0858,0.199609,0.027918751,9.48e-05,-0.098012425,-0.381085288,0.0153,0.0198,0.0225,0.0253,0.0279,0.0305,0.0333,0.0363,0.0407,0.0522
0.4011,0.4759,0.6826,0.0371,0.1252,0.0442,0.0901,0.0948,0.1086,0.8228,0.8274,0.9605,0.0675,0.0737,0.0878,0.115411,0.015411964,5.28e-05,0.262042659,-0.661793863,0.0059,0.0099,0.0106,0.012,0.0153,0.0167,0.0199,0.0217,0.025,0.0367
0.3613,0.4146,0.9152,0.0419,0.1201,0.0555,0.078,0.0796,0.1038,0.9456,0.9491,0.9173,0.0777,0.0833,0.0911,0.220484,0.032820429,0.000114587,-0.412199076,-0.202700162,0.0195,0.0239,0.0273,0.0308,0.0334,0.0361,0.039,0.042,0.0465,0.0559
0.3831,0.4662,0.5498,0.0385,0.1191,0.0592,0.0692,0.0941,0.1108,0.928,0.8591,0.8243,0.0576,0.0742,0.0873,0.143309,0.019063382,7.3e-05,0.083714064,-0.785386923,0.0067,0.0109,0.0143,0.0161,0.0196,0.0212,0.0248,0.0266,0.031,0.0406
0.3502,0.4813,0.8379,0.0417,0.1454,0.0669,0.0759,0.0987,0.1194,0.9085,0.9815,0.976,0.07,0.0846,0.0971,0.155263,0.028090932,0.000117006,0.176368161,-0.349362373,0.0139,0.0186,0.0212,0.0252,0.027,0.031,0.0334,0.0373,0.0427,0.0602
0.3621,0.4817,0.7314,0.0446,0.1277,0.0561,0.0769,0.0822,0.1084,0.8546,0.9473,0.9181,0.0566,0.0815,0.0903,0.147673,0.021053355,8.26e-05,0.257372178,-0.198377932,0.0101,0.0119,0.0156,0.0187,0.0207,0.0235,0.0255,0.0288,0.0324,0.051
0.3554,0.4797,0.8734,0.0478,0.1241,0.0683,0.0715,0.0956,0.1171,0.806,0.8095,0.8495,0.0572,0.0652,0.072,0.152906,0.028428335,9.55e-05,-0.190325556,-0.442263808,0.0153,0.0198,0.0231,0.0254,0.0289,0.0319,0.0341,0.037,0.0411,0.0517
0.4177,0.4336,0.6509,0.0422,0.1325,0.0561,0.0747,0.1048,0.1069,0.9771,0.9097,0.8883,0.0734,0.0777,0.0872,0.135912,0.018160801,6.51e-05,0.033761436,-0.886182427,0.0063,0.0113,0.0127,0.0156,0.0184,0.021,0.0228,0.026,0.0293,0.0357
0.41,0.4572,0.8251,0.037,0.128,0.0505,0.0691,0.0829,0.1133,0.8928,0.8688,0.898,0.0709,0.0874,0.0973,0.127582,0.019556501,5.71e-05,0.078149988,-0.471350317,0.0098,0.0121,0.015,0.0169,0.02,0.0211,0.0249,0.0264,0.0297,0.0412
0.42,0.4879,0.608,0.036,0.1171,0.0441,0.0764,0.0912,0.1044,0.8136,0.9773,0.9342,0.0681,0.0733,0.098,0.087042,0.013109781,3.6e-05,0.224013187,-0.848006832,0.0055,0.0061,0.0105,0.0115,0.0128,0.0151,0.0158,0.0194,0.0208,0.0292
0.3772,0.4967,0.7408,0.0383,0.1128,0.0529,0.0619,0.0846,0.0886,0.8734,0.9523,0.8206,0.0549,0.0657,0.0719,0.119915,0.01585061,4.97e-05,0.153147615,-0.76737915,0.006,0.01,0.0115,0.0151,0.0159,0.0177,0.02,0.0218,0.0259,0.0335
0.418,0.4594,0.7314,0.04,0.122,0.0771,0.0773,0.0848,0.106,0.873,0.8467,0.8088,0.0633,0.0694,0.0983,0.114856,0.019979162,8.21e-05,0.082075422,-0.884694544,0.0074,0.0111,0.0146,0.0168,0.0202,0.0222,0.0258,0.0286,0.0327,0.0409
0.3522,0.4729,0.6906,0.0472,0.1296,0.0578,0.0738,0.097,0.1176,0.8946,0.9841,0.9558,0.0502,0.0804,0.0959,0.163248,0.023477147,0.00010989,0.210565522,-0.534931585,0.0106,0.0148,0.0167,0.0205,0.0235,0.0262,0.0294,0.033,0.0376,0.0532
0.3773,0.4063,0.5276,0.0385,0.1467,0.0481,0.0736,0.0975,0.1299,0.8007,0.8211,0.8563,0.0505,0.0522,0.0782,0.212372,0.022881124,0.000103533,0.116105043,-0.612794473,0.0101,0.0136,0.0164,0.0201,0.0229,0.0253,0.0286,0.032,0.0364,0.0512
0.3966,0.4905,0.9366,0.0414,0.1431,0.0583,0.0843,0.1144,0.1274,0.9132,0.8248,0.9345,0.0794,0.0807,0.0885,0.099184,0.023839024,6.97e-05,-0.195610126,-0.368110202,0.0127,0.0165,0.0197,0.0215,0.0252,0.0263,0.0288,0.0312,0.0354,0.045
0.3554,0.452,0.6117,0.0361,0.1227,0.0532,0.0613,0.0905,0.0978,0.8888,0.95,0.9286,0.0567,0.0619,0.0991,0.185314,0.020934025,8.38e-05,0.094136791,-0.67828848,0.0093,0.011,0.0149,0.019,0.0208,0.0234,0.0256,0.0298,0.0335,0.0464
0.4014,0.4282,0.7644,0.0459,0.1328,0.0563,0.091,0.0991,0.1189,0.8968,0.9903,0.8907,0.0585,0.0657,0.0687,0.161711,0.022803854,7.06e-05,-0.0812277,-0.7476114,0.0113,0.0152,0.0176,0.0208,0.0227,0.0251,0.0274,0.0309,0.0342,0.0427
0.405,0.4464,0.5787,0.0444,0.1479,0.0635,0.0849,0.1117,0.1265,0.8798,0.9948,0.9803,0.0541,0.0843,0.0862,0.129022,0.019984149,7.88e-05,0.03343254,-0.8107904,0.0072,0.0113,0.0147,0.0168,0.0203,0.0221,0.0259,0.0284,0.0316,0.0412
0.4126,0.4502,0.8664,0.0351,0.1462,0.0582,0.0612,0.1073,0.1217,0.9636,0.934,0.934,0.0634,0.0776,0.0891,0.126816,0.022205717,6.28e-05,-0.0504242,-0.4765464,0.0112,0.015,0.0176,0.0204,0.0217,0.0245,0.027,0.0291,0.0322,0.0415
0.3871,0.4517,0.5118,0.048,0.144,0.0716,0.0737,0.1136,0.1333,0.8857,0.9745,0.8268,0.0777,0.0789,0.097,0.152521,0.022587669,9.77e-05,-0.05176724,-0.883827862,0.0095,0.0127,0.0162,0.0209,0.0224,0.0258,0.0286,0.0316,0.0357,0.0439
0.3504,0.4384,0.8307,0.047,0.1372,0.0581,0.0732,0.0957,0.1149,0.8453,0.9573,0.9546,0.0621,0.0778,0.0791,0.20192,0.029751385,0.00010112,-0.133884633,-0.379366692,0.0156,0.0211,0.0239,0.0267,0.0304,0.0326,0.0358,0.0389,0.0427,0.0552
0.4154,0.4957,0.9229,0.0414,0.1277,0.0522,0.0652,0.0879,0.101,0.9122,0.9691,0.9899,0.0648,0.0748,0.0799,0.078901,0.017477674,4.03e-05,-0.074040585,-0.656670042,0.0096,0.0112,0.0146,0.0157,0.0171,0.0203,0.0212,0.0233,0.0259,0.032
0.3981,0.4358,0.8856,0.0377,0.1387,0.0523,0.0856,0.1004,0.1181,0.9613,0.8962,0.8007,0.0621,0.0723,0.0924,0.157375,0.02460361,7.57e-05,-0.138661969,-0.464168046,0.0132,0.0164,0.0199,0.0214,0.0248,0.0268,0.03,0.0326,0.0354,0.0456
0.3927,0.4355,0.6556,0.048,0.1414,0.0708,0.0907,0.1012,0.1192,0.8772,0.9353,0.865,0.0648,0.082,0.0889,0.165174,0.024367865,0.000103234,-0.031684923,-0.879116606,0.0102,0.0145,0.0189,0.0212,0.0245,0.027,0.0309,0.0349,0.0379,0.0472
0.3874,0.4016,0.6277,0.0411,0.1349,0.0539,0.0746,0.1021,0.1239,0.9195,0.9286,0.8129,0.0553,0.0708,0.0999,0.196961,0.02258575,8.53e-05,0.053783538,-0.639387259,0.011,0.0152,0.0168,0.0201,0.0223,0.0258,0.027,0.0307,0.0355,0.045
0.4166,0.4668,0.8176,0.0488,0.142,0.0562,0.0831,0.1022,0.1228,0.8018,0.8054,0.8558,0.0515,0.0815,0.0905,0.10425,0.018872936,5.7e-05,0.023684548,-0.737368569,0.0089,0.0111,0.014,0.0156,0.0192,0.0211,0.0234,0.0259,0.029,0.0384
0.3581,0.4014,0.5641,0.0402,0.1258,0.0508,0.0696,0.0972,0.1074,0.9605,0.9172,0.8085,0.0707,0.085,0.0899,0.233827,0.023504291,9.51e-05,0.035050599,-0.666819742,0.0101,0.0143,0.0177,0.0211,0.0242,0.0259,0.029,0.0321,0.0363,0.0474
0.381,0.4825,0.7839,0.0429,0.1286,0.0516,0.0911,0.0958,0.1182,0.8636,0.9765,0.9048,0.05,0.0517,0.0924,0.127659,0.020094246,7.12e-05,0.128510248,-0.648072953,0.0094,0.0117,0.015,0.0171,0.0203,0.0218,0.0249,0.0277,0.0315,0.0415
0.3556,0.415,0.6886,0.0487,0.1124,0.0624,0.0675,0.0869,0.0967,0.8215,0.9937,0.9246,0.055,0.0814,0.0939,0.225727,0.025455595,8.21e-05,-0.140608256,-0.708731464,0.0123,0.0164,0.0204,0.023,0.0253,0.0281,0.0315,0.034,0.0372,0.0464
0.4033,0.4734,0.6759,0.0401,0.135,0.0547,0.0798,0.095,0.1203,0.8638,0.92,0.9326,0.0649,0.0828,0.0883,0.115283,0.018328149,7.44e-05,0.243805481,-0.607013051,0.0065,0.0107,0.0124,0.0155,0.0178,0.0208,0.0232,0.0256,0.0302,0.0427
0.3874,0.4685,0.9189,0.036,0.1288,0.0461,0.0802,0.0909,0.0934,0.9201,0.9067,0.9038,0.0596,0.0863,0.0923,0.140975,0.02388659,7.44e-05,-0.053256578,-0.252363926,0.0114,0.0163,0.0202,0.0217,0.0248,0.0262,0.0286,0.0311,0.0353,0.0482
0.3816,0.4982,0.8963,0.0372,0.1398,0.0712,0.08,0.1084,0.1193,0.9065,0.949,0.8983,0.0569,0.069,0.0807,0.108171,0.025202485,9.31e-05,0.025372673,-0.655235571,0.0118,0.0155,0.0203,0.022,0.0256,0.0279,0.0306,0.0341,0.0384,0.0485
0.3923,0.4837,0.8725,0.0384,0.1367,0.075,0.081,0.0928,0.1037,0.8327,0.992,0.9491,0.0528,0.0562,0.0973,0.114452,0.022923405,6.86e-05,-0.11926044,-0.667568391,0.0114,0.015,0.019,0.0206,0.0227,0.026,0.0279,0.0308,0.0339,0.0412
0.3775,0.4108,0.7463,0.0429,0.1333,0.0616,0.0646,0.1093,0.1103,0.9459,0.805,0.9313,0.0836,0.089,0.0959,0.203332,0.025956612,7.96e-05,-0.089039103,-0.469527279,0.0143,0.0179,0.0217,0.0236,0.0258,0.0285,0.0313,0.0339,0.0376,0.0495
0.3793,0.4093,0.5225,0.041,0.1311,0.0656,0.0783,0.1027,0.1197,0.9502,0.9755,0.8198,0.0767,0.0778,0.0908,0.204845,0.023753654,0.000102309,-0.011501461,-0.746652707,0.0102,0.0145,0.0178,0.0204,0.0237,0.0264,0.0303,0.0335,0.0369,0.05
0.3938,0.4735,0.7119,0.0465,0.1368,0.0635,0.0809,0.0852,0.1171,0.8892,0.9645,0.8992,0.0925,0.0934,0.0954,0.125159,0.019747224,7.36e-05,0.028636419,-0.79571964,0.0084,0.0113,0.0148,0.017,0.0202,0.022,0.0255,0.0276,0.0316,0.0409
0.4111,0.4621,0.5858,0.0423,0.1414,0.0641,0.0715,0.1052,0.1201,0.9128,0.8269,0.9456,0.0678,0.0752,0.0773,0.117643,0.018375408,7.04e-05,0.102957663,-0.845265341,0.0064,0.0101,0.0131,0.0148,0.0182,0.0209,0.0234,0.0261,0.0298,0.0384
0.4116,0.4114,0.5971,0.0442,0.1211,0.0638,0.0642,0.0909,0.1072,0.8487,0.9116,0.8779,0.0634,0.0657,0.0872,0.170888,0.020807481,8.05e-05,-0.007563177,-0.832203615,0.0092,0.012,0.0155,0.0183,0.0212,0.024,0.0259,0.0294,0.0331,0.043
0.4118,0.4448,0.7004,0.0404,0.1246,0.0658,0.0743,0.0807,0.1159,0.8244,0.8916,0.9158,0.0508,0.0639,0.0968,0.131621,0.018966738,6.97e-05,0.056676789,-0.859336473,0.0068,0.0109,0.015,0.0162,0.0199,0.0211,0.0248,0.0263,0.0305,0.0377
0.4158,0.4849,0.7488,0.045,0.1425,0.0671,0.0913,0.1076,0.1312,0.9146,0.9665,0.8352,0.0615,0.0667,0.0924,0.088808,0.018196782,6.77e-05,0.056642756,-0.859239909,0.0064,0.01,0.0129,0.0148,0.0182,0.0209,0.0232,0.0259,0.0291,0.0384
0.399,0.4409,0.8987,0.041,0.1398,0.0568,0.0758,0.1119,0.1153,0.807,0.9387,0.9104,0.0795,0.084,0.0936,0.154376,0.026392981,8.86e-05,-0.04032345,-0.229497903,0.0148,0.0191,0.0209,0.0242,0.0259,0.0289,0.0313,0.0342,0.038,0.052
0.3931,0.4741,0.8491,0.0376,0.1284,0.0514,0.0661,0.0872,0.112,0.9272,0.8224,0.8099,0.0656,0.0714,0.0828,0.12593,0.018347048,4.46e-05,-0.092871607,-0.705072707,0.0102,0.0119,0.0143,0.0159,0.0194,0.0205,0.0222,0.0248,0.0272,0.0339
0.367,0.4842,0.6371,0.0439,0.1403,0.0546,0.0709,0.0955,0.1207,0.9421,0.8318,0.8852,0.0789,0.0799,0.0842,0.135602,0.019583582,8.4e-05,0.224803734,-0.595841466,0.0068,0.0115,0.0152,0.0166,0.0196,0.0215,0.0255,0.027,0.0319,0.045
0.376,0.4636,0.5963,0.0448,0.121,0.0568,0.0814,0.0898,0.1081,0.8238,0.9308,0.8229,0.0572,0.0906,0.0953,0.151319,0.019657226,7.95e-05,0.051559673,-0.882339807,0.0068,0.0112,0.0148,0.0164,0.0204,0.022,0.0252,0.0277,0.0321,0.043
0.3794,0.41,0.824,0.0407,0.1454,0.0576,0.0663,0.1042,0.1225,0.9958,0.8814,0.8715,0.0782,0.0828,0.0885,0.205215,0.026825169,8.74e-05,-0.024819447,-0.223645656,0.0152,0.0196,0.0214,0.025,0.027,0.0297,0.0322,0.0349,0.0386,0.0532
0.3801,0.4568,0.9262,0.0401,0.1223,0.0518,0.0885,0.0903,0.1025,0.9484,0.9906,0.9653,0.0513,0.0715,0.0867,0.153153,0.0278795,9.78e-05,-0.263038856,-0.47240426,0.0145,0.0205,0.0224,0.0258,0.0278,0.0312,0.0338,0.0367,0.0412,0.049
0.3563,0.4965,0.7318,0.0372,0.1447,0.054,0.0776,0.098,0.1269,0.9482,0.9483,0.8248,0.0635,0.0764,0.078,0.142996,0.022094892,0.000111873,0.42678869,-0.257715794,0.0102,0.0119,0.016,0.0197,0.0214,0.0249,0.0267,0.0317,0.0364,0.0541
0.3659,0.4956,0.6971,0.0416,0.1214,0.0648,0.0743,0.0904,0.1126,0.834,0.9992,0.8159,0.0709,0.0767,0.0794,0.134948,0.019033196,6.97e-05,0.024640849,-0.84703512,0.0066,0.0106,0.0138,0.0156,0.0199,0.0214,0.024,0.0267,0.0304,0.0384
0.4167,0.4392,0.5915,0.0351,0.1452,0.0483,0.0818,0.0985,0.1274,0.8725,0.9301,0.9131,0.0629,0.0773,0.0917,0.131179,0.017706098,6.87e-05,0.177274131,-0.799384638,0.0063,0.0097,0.0115,0.0144,0.0165,0.0204,0.0221,0.0253,0.029,0.0384
0.3865,0.4453,0.6041,0.0453,0.1237,0.0807,0.0808,0.0946,0.1138,0.8467,0.8172,0.916,0.0575,0.0886,0.0998,0.156595,0.023045949,9.92e-05,-0.069217095,-0.803328476,0.0096,0.0136,0.0168,0.0208,0.0241,0.0259,0.0294,0.0319,0.036,0.0472
0.3564,0.452,0.9381,0.0372,0.1307,0.0496,0.079,0.084,0.114,0.9952,0.8148,0.8096,0.0519,0.0686,0.0795,0.185512,0.026313837,8.75e-05,-0.271319367,-0.41808722,0.0134,0.0193,0.0209,0.0243,0.0264,0.0294,0.0318,0.0346,0.0385,0.0456
0.391,0.4608,0.8993,0.037,0.1271,0.0519,0.0816,0.0894,0.1205,0.8042,0.9036,0.8856,0.0819,0.0834,0.0934,0.13905,0.023916638,7.19e-05,-0.059279672,-0.302371669,0.0125,0.016,0.0192,0.0211,0.0238,0.0261,0.0284,0.0322,0.0352,0.05
0.388,0.4169,0.9206,0.0401,0.1257,0.0555,0.0784,0.0955,0.1006,0.9584,0.8778,0.9654,0.0728,0.0757,0.0761,0.19058,0.02993144,0.000104049,-0.30431071,-0.241393898,0.0164,0.0215,0.0253,0.0269,0.0309,0.0338,0.0359,0.0391,0.0427,0.0541
0.3664,0.4058,0.844,0.0398,0.1281,0.0468,0.0678,0.0878,0.1028,0.9388,0.8243,0.906,0.062,0.0664,0.0915,0.222799,0.027455018,8.67e-05,-0.178292808,-0.316174666,0.0155,0.0199,0.0218,0.0255,0.0279,0.0308,0.0333,0.0355,0.0391,0.0532
0.379,0.4603,0.8253,0.0394,0.1496,0.0787,0.0909,0.0944,0.1255,0.8872,0.8638,0.923,0.0701,0.0762,0.0933,0.150549,0.028353774,0.00011856,0.157856672,-0.519051489,0.0135,0.019,0.0218,0.0247,0.0272,0.0309,0.0343,0.0376,0.0441,0.0552
0.3981,0.4456,0.7754,0.0423,0.1291,0.0508,0.0808,0.0947,0.1152,0.8184,0.8515,0.9311,0.0574,0.0747,0.0804,0.145254,0.020320069,6.61e-05,0.120967092,-0.515639886,0.01,0.0122,0.0154,0.0176,0.0208,0.0218,0.0247,0.0269,0.031,0.0424
0.3677,0.483,0.542,0.0408,0.1469,0.0597,0.0693,0.1142,0.1297,0.816,0.8811,0.8602,0.0558,0.0657,0.0951,0.13751,0.021357872,0.000102183,0.246227867,-0.573318502,0.0072,0.0112,0.0151,0.0182,0.0204,0.0239,0.0265,0.0305,0.0356,0.0497
0.3671,0.4912,0.6491,0.0377,0.1162,0.0553,0.0692,0.076,0.107,0.99,0.9809,0.9544,0.0697,0.0827,0.0964,0.134753,0.019860863,8.43e-05,0.113105158,-0.814714116,0.0068,0.0112,0.0148,0.0164,0.0205,0.0221,0.0253,0.0282,0.0325,0.043
0.3595,0.4591,0.5651,0.0464,0.1319,0.0648,0.0778,0.0957,0.1145,0.9091,0.8219,0.9682,0.0505,0.0771,0.0858,0.17204,0.02240585,0.000101381,0.096542076,-0.713313553,0.0098,0.0121,0.0158,0.0193,0.0221,0.0251,0.0278,0.032,0.0358,0.0497
0.4032,0.4315,0.8831,0.043,0.1429,0.0708,0.079,0.1083,0.1217,0.9137,0.8655,0.8284,0.068,0.0826,0.0871,0.15381,0.028608215,9.29e-05,-0.282414319,-0.385281916,0.0152,0.021,0.025,0.0264,0.0296,0.0321,0.0344,0.037,0.0405,0.0492
0.3857,0.418,0.7932,0.0369,0.1376,0.0538,0.0911,0.0933,0.1173,0.9504,0.9307,0.8375,0.0526,0.0773,0.083,0.187197,0.025577835,8.36e-05,-0.048036387,-0.535399261,0.0136,0.017,0.0208,0.0234,0.0255,0.028,0.031,0.0345,0.0371,0.0474
0.3965,0.461,0.8535,0.0413,0.1198,0.0546,0.0712,0.0943,0.1071,0.8276,0.9777,0.8942,0.0592,0.0828,0.092,0.136154,0.020707642,5.45e-05,-0.138328859,-0.679128841,0.0106,0.0147,0.0159,0.0195,0.0207,0.0228,0.025,0.027,0.0309,0.0367
0.4126,0.435,0.7248,0.0424,0.1289,0.061,0.0647,0.1068,0.111,0.852,0.8481,0.8287,0.0536,0.0836,0.0864,0.14322,0.020600891,6.77e-05,-0.064229943,-0.786809653,0.0095,0.0122,0.0151,0.0186,0.0213,0.0233,0.0252,0.0279,0.0316,0.0394
0.4124,0.4441,0.5539,0.0392,0.1155,0.0555,0.0701,0.0913,0.1025,0.9621,0.8156,0.9016,0.052,0.0704,0.0942,0.13833,0.016928513,5.64e-05,-0.009583603,-0.983147034,0.006,0.0104,0.0119,0.0155,0.0165,0.0197,0.0212,0.0252,0.0268,0.0335
0.3784,0.4227,0.9402,0.0396,0.1497,0.0715,0.0758,0.1012,0.1353,0.8867,0.8545,0.92,0.0574,0.0623,0.0666,0.178599,0.034166879,0.00014241,-0.376764178,-0.305632831,0.0179,0.0243,0.0285,0.0319,0.0352,0.0379,0.0415,0.0456,0.0489,0.0583
0.4042,0.4567,0.742,0.0391,0.1384,0.0701,0.1041,0.1045,0.1088,0.8254,0.9119,0.9779,0.0507,0.0783,0.0971,0.129128,0.021270002,7.75e-05,-0.016944494,-0.847029466,0.0094,0.0124,0.0151,0.0194,0.0214,0.0241,0.0263,0.0298,0.0327,0.0391
0.3676,0.4109,0.7371,0.0472,0.13,0.0651,0.0723,0.0995,0.1096,0.8635,0.8916,0.9779,0.0521,0.062,0.0944,0.212574,0.027401682,9.6e-05,-0.095226534,-0.685570673,0.0143,0.019,0.022,0.0255,0.0269,0.0306,0.0334,0.0365,0.0406,0.0492
0.3671,0.4998,0.5833,0.0452,0.1244,0.0574,0.0668,0.0913,0.1105,0.9708,0.9348,0.9512,0.0535,0.0656,0.0965,0.124818,0.019361831,7.82e-05,0.181618806,-0.524488023,0.0069,0.0117,0.0138,0.016,0.0199,0.0213,0.0242,0.0265,0.031,0.0461
0.3556,0.4951,0.5726,0.0421,0.1195,0.0605,0.0723,0.0894,0.0948,0.9766,0.8802,0.9571,0.0567,0.0656,0.0772,0.141822,0.02089741,9.67e-05,0.265671299,-0.43929999,0.007,0.0108,0.0147,0.0177,0.021,0.024,0.026,0.0296,0.0335,0.0474
0.3794,0.4948,0.6399,0.0367,0.1389,0.0635,0.072,0.0874,0.1157,0.8812,0.8777,0.8413,0.0561,0.0654,0.0724,0.111965,0.018444346,7.58e-05,0.152303233,-0.819998516,0.0065,0.0104,0.0121,0.0153,0.0191,0.021,0.0237,0.0263,0.0304,0.0418
0.3568,0.4172,0.7063,0.0377,0.137,0.0535,0.0707,0.0858,0.1078,0.8604,0.949,0.9798,0.0709,0.0731,0.0739,0.218405,0.025063535,9.07e-05,0.088264042,-0.471294985,0.0117,0.0159,0.0196,0.0216,0.0248,0.0275,0.0307,0.0333,0.0373,0.0515
0.3632,0.4898,0.5602,0.046,0.1382,0.0759,0.078,0.0969,0.1194,0.8361,0.8661,0.9067,0.0613,0.0776,0.0829,0.134081,0.022695769,0.000107265,0.031761174,-0.914738062,0.0093,0.0112,0.0153,0.02,0.0223,0.0254,0.0299,0.0328,0.0365,0.0464
0.3752,0.4528,0.7177,0.0434,0.1393,0.0517,0.0772,0.1042,0.1063,0.8402,0.8111,0.8336,0.0538,0.0764,0.095,0.15812,0.022612715,9.33e-05,0.105180749,-0.705966624,0.0107,0.0133,0.0159,0.0198,0.0217,0.0254,0.0276,0.0317,0.0352,0.0456
0.3959,0.4366,0.6567,0.0363,0.1199,0.0445,0.0878,0.0952,0.1076,0.9895,0.8532,0.872,0.051,0.0547,0.0944,0.160217,0.017616629,5.91e-05,0.107487939,-0.768422282,0.0065,0.0105,0.0118,0.0153,0.0171,0.02,0.0217,0.0248,0.0273,0.0367
0.3966,0.477,0.7367,0.0436,0.116,0.0587,0.0704,0.087,0.0902,0.8079,0.9178,0.9006,0.078,0.0816,0.0999,0.11977,0.017791972,6.18e-05,0.095132541,-0.799340272,0.0064,0.0105,0.0121,0.0154,0.0175,0.0201,0.0219,0.025,0.0281,0.0367
0.3685,0.4204,0.5355,0.0415,0.1452,0.0611,0.0696,0.107,0.1244,0.8409,0.8497,0.8652,0.0591,0.0692,0.073,0.201646,0.026157769,0.000149542,0.165097013,-0.806432225,0.01,0.0138,0.0189,0.0222,0.0257,0.0292,0.0329,0.0376,0.0429,0.0559
0.3896,0.4604,0.5131,0.0449,0.147,0.0677,0.0917,0.0972,0.1341,0.8005,0.8973,0.9749,0.0693,0.0795,0.0984,0.13784,0.020285176,8.3e-05,0.040521593,-0.869971557,0.0072,0.0113,0.0148,0.0172,0.0204,0.0229,0.0258,0.0292,0.0328,0.0406
0.4071,0.4711,0.5943,0.0463,0.1435,0.0606,0.0681,0.1131,0.1332,0.9104,0.8466,0.9186,0.0541,0.0546,0.0839,0.104534,0.018716788,7.44e-05,0.092454968,-0.868223509,0.0065,0.0105,0.0139,0.0156,0.0192,0.0208,0.0246,0.0263,0.0309,0.0403
0.3672,0.4097,0.8613,0.039,0.1356,0.06,0.0901,0.0967,0.1241,0.9873,0.9198,0.8935,0.0612,0.0683,0.0705,0.210418,0.030175995,9.86e-05,-0.293342518,-0.274118057,0.017,0.0216,0.0254,0.027,0.0311,0.0341,0.036,0.0395,0.0427,0.0541
0.3953,0.4699,0.5814,0.0456,0.1434,0.0613,0.0857,0.0991,0.126,0.8277,0.8503,0.9441,0.0501,0.0515,0.0999,0.126473,0.01910839,8.04e-05,0.15627556,-0.782440135,0.0066,0.0107,0.0142,0.0156,0.0199,0.0211,0.0241,0.0275,0.0315,0.0415
0.4122,0.4768,0.75,0.0447,0.112,0.0551,0.0828,0.0876,0.1045,0.9257,0.9497,0.8481,0.0877,0.0979,0.0998,0.10722,0.017377582,5.96e-05,0.08330529,-0.779222639,0.0064,0.0099,0.0117,0.0146,0.0167,0.0206,0.0218,0.0246,0.0269,0.0391
0.4196,0.414,0.8696,0.0366,0.1354,0.0529,0.0739,0.0926,0.1216,0.8898,0.89,0.8292,0.0545,0.0927,0.0975,0.150526,0.023430802,6.87e-05,-0.104602726,-0.428134111,0.0111,0.0154,0.0197,0.0211,0.0237,0.0253,0.0279,0.0312,0.0341,0.0464
0.3643,0.4411,0.7204,0.0427,0.1386,0.0531,0.0714,0.1004,0.1202,0.84,0.9914,0.8537,0.0524,0.0655,0.0819,0.187849,0.022031606,6.71e-05,-0.051234568,-0.673709716,0.0108,0.0146,0.0169,0.0201,0.022,0.0251,0.0266,0.03,0.0332,0.0406
0.3615,0.4418,0.5876,0.0418,0.1465,0.055,0.071,0.1078,0.1366,0.9353,0.8601,0.9715,0.0696,0.0787,0.0908,0.179366,0.022779162,0.000103018,0.115303995,-0.615076897,0.01,0.0135,0.0163,0.0199,0.0228,0.0251,0.0284,0.0319,0.0364,0.051
0.3757,0.4881,0.9024,0.0412,0.1471,0.0488,0.0773,0.0915,0.1256,0.8523,0.8644,0.941,0.0752,0.0777,0.089,0.123182,0.022521961,7.39e-05,0.130646077,-0.34842434,0.0106,0.0146,0.0174,0.0206,0.0217,0.0247,0.0266,0.0304,0.0339,0.0472
0.3598,0.4587,0.6512,0.0451,0.1218,0.0552,0.0619,0.0909,0.1064,0.9748,0.891,0.9948,0.0501,0.0765,0.0827,0.174289,0.021712643,9.21e-05,0.238619427,-0.215628547,0.0104,0.0123,0.0164,0.0202,0.0217,0.0254,0.0269,0.0302,0.0353,0.055
0.359,0.4512,0.9167,0.049,0.127,0.0604,0.0823,0.0934,0.1146,0.9756,0.9693,0.9765,0.0672,0.0897,0.0955,0.184383,0.034202793,0.000138151,-0.096931637,-0.016905871,0.0203,0.0242,0.0281,0.0313,0.034,0.0371,0.0404,0.0445,0.0482,0.0658
0.3654,0.4855,0.5759,0.0403,0.1119,0.0552,0.0592,0.081,0.0947,0.8483,0.8576,0.8935,0.0807,0.0821,0.0935,0.14394,0.018959872,7.24e-05,0.089299206,-0.781848898,0.0066,0.0108,0.0141,0.0159,0.0194,0.0211,0.0248,0.0262,0.0307,0.0403
0.3553,0.488,0.8161,0.035,0.1223,0.0477,0.0656,0.0746,0.1039,0.9684,0.8258,0.882,0.0677,0.089,0.0951,0.147669,0.019070674,5.27e-05,0.005028231,-0.576180228,0.0103,0.0115,0.0156,0.0167,0.0202,0.0211,0.023,0.0259,0.0287,0.0381
0.417,0.4593,0.8104,0.0448,0.133,0.0664,0.0855,0.0986,0.1183,0.8118,0.8822,0.8164,0.0511,0.0636,0.0658,0.114222,0.020470094,6.73e-05,0.049826988,-0.793826215,0.0096,0.0119,0.0148,0.0175,0.0209,0.0223,0.0255,0.0277,0.0316,0.0391
0.3698,0.4356,0.9298,0.0365,0.1467,0.0541,0.0621,0.0915,0.1243,0.828,0.9766,0.8182,0.0581,0.0703,0.0791,0.181555,0.025561821,7.01e-05,-0.477133759,-0.17394237,0.0149,0.0197,0.0217,0.0245,0.0258,0.0283,0.031,0.0331,0.0359,0.0433
0.4043,0.4422,0.5782,0.0361,0.1333,0.0591,0.0741,0.0931,0.1215,0.8818,0.9551,0.8248,0.0598,0.0794,0.0872,0.146571,0.018811438,7.38e-05,0.079138143,-0.875978632,0.0065,0.0105,0.0139,0.0156,0.0192,0.0208,0.0245,0.026,0.0308,0.04
0.3948,0.4993,0.9131,0.0493,0.1425,0.0733,0.0743,0.1045,0.1165,0.8681,0.9979,0.8841,0.0602,0.0782,0.0807,0.096521,0.022472239,6.31e-05,-0.181162673,-0.543397467,0.0111,0.0149,0.0181,0.0211,0.0225,0.0248,0.0266,0.03,0.0323,0.0394
0.4082,0.4945,0.6572,0.0387,0.122,0.0473,0.0721,0.0996,0.1092,0.916,0.8103,0.9189,0.0603,0.081,0.0957,0.088051,0.014892997,5.04e-05,0.340888799,-0.509070974,0.0059,0.0094,0.0105,0.0113,0.015,0.0159,0.0194,0.0209,0.0246,0.0367
0.3717,0.4775,0.8803,0.0399,0.1258,0.0512,0.0701,0.0842,0.1124,0.9384,0.9551,0.9942,0.0587,0.0734,0.0986,0.14536,0.024431666,8.06e-05,0.115848437,-0.1763464,0.013,0.0163,0.02,0.0215,0.0249,0.0266,0.0295,0.0326,0.0361,0.0532
0.3698,0.4236,0.707,0.0401,0.1488,0.0832,0.085,0.0972,0.1308,0.9796,0.911,0.8839,0.0871,0.0893,0.1,0.19448,0.029489605,0.000118329,-0.048895883,-0.668381289,0.0154,0.0201,0.0237,0.0265,0.03,0.0331,0.0357,0.0395,0.0437,0.0534
0.3592,0.4058,0.7218,0.0435,0.1449,0.0625,0.0842,0.1171,0.1202,0.9652,0.8832,0.9714,0.0586,0.0699,0.0756,0.221528,0.031309718,0.000148202,0.428981775,0.43859329,0.0165,0.02,0.0253,0.0276,0.031,0.035,0.0375,0.0409,0.0464,0.0709
0.3763,0.4288,0.5866,0.038,0.1441,0.0592,0.0727,0.0958,0.1332,0.8092,0.8809,0.8148,0.0674,0.0828,0.0872,0.177887,0.021510317,8.43e-05,-0.004664566,-0.734152057,0.0099,0.013,0.0153,0.0197,0.0212,0.0242,0.0263,0.0302,0.0338,0.0461
0.3543,0.4134,0.5868,0.0412,0.1205,0.049,0.0733,0.0975,0.0996,0.8279,0.8636,0.8224,0.0507,0.0708,0.0824,0.224038,0.024723554,0.000112408,0.141093601,-0.534855419,0.011,0.0156,0.0198,0.0216,0.0252,0.0268,0.0311,0.0348,0.039,0.0541
0.412,0.465,0.6045,0.0487,0.133,0.0728,0.0921,0.1066,0.1103,0.9212,0.8713,0.8191,0.0611,0.0766,0.0829,0.11543,0.019615211,7.77e-05,0.024920701,-0.907721476,0.0066,0.0107,0.0141,0.0162,0.0205,0.0219,0.0253,0.0273,0.0316,0.0391
0.4159,0.4953,0.541,0.0497,0.1408,0.0664,0.0806,0.0975,0.1189,0.9555,0.836,0.974,0.0587,0.0688,0.096,0.078512,0.017373942,6.39e-05,0.075584667,-0.941465683,0.0061,0.0102,0.0111,0.015,0.0166,0.0199,0.022,0.0252,0.0279,0.0364
0.3825,0.4094,0.8462,0.0394,0.1474,0.0538,0.0983,0.0995,0.1282,0.8686,0.8241,0.9277,0.0528,0.0637,0.0856,0.191933,0.028432807,9.56e-05,-0.095121123,-0.349504435,0.0155,0.0199,0.0232,0.0254,0.0286,0.0313,0.0348,0.0368,0.041,0.051
0.4113,0.4934,0.752,0.048,0.139,0.07,0.0953,0.1042,0.1139,0.8182,0.8252,0.9197,0.0559,0.0585,0.07,0.085407,0.017434111,6.41e-05,0.082475424,-0.953436434,0.0062,0.0102,0.0111,0.015,0.0165,0.0198,0.022,0.0253,0.0287,0.0364
0.4097,0.4307,0.7134,0.0412,0.148,0.0669,0.0842,0.0956,0.1168,0.8841,0.8668,0.9954,0.051,0.0563,0.088,0.146538,0.020697648,7.2e-05,-0.030000306,-0.82652606,0.0094,0.0119,0.0152,0.0187,0.0205,0.0238,0.0255,0.0285,0.0322,0.04
0.3781,0.4614,0.6646,0.0415,0.1444,0.0669,0.0894,0.1035,0.1215,0.8676,0.8376,0.8066,0.0519,0.0597,0.0924,0.144548,0.022656688,9.83e-05,-0.005713358,-0.820818207,0.0096,0.013,0.0163,0.0206,0.0223,0.0255,0.0287,0.0319,0.0359,0.0474
0.3566,0.4478,0.7756,0.039,0.1379,0.0622,0.0636,0.1036,0.1118,0.8237,0.91,0.8193,0.0563,0.0739,0.0912,0.184454,0.025048089,8.16e-05,0.002063887,-0.467638126,0.0128,0.0164,0.02,0.0225,0.0249,0.0275,0.0303,0.0327,0.0367,0.0512
0.4033,0.4465,0.6417,0.046,0.1289,0.0616,0.0678,0.1022,0.1031,0.929,0.8429,0.8663,0.0583,0.0628,0.0706,0.144295,0.019159261,6.94e-05,-0.023432896,-0.892170529,0.0067,0.0107,0.014,0.016,0.0204,0.0217,0.0246,0.0266,0.0305,0.0391
0.4108,0.4164,0.751,0.0477,0.1446,0.0661,0.0868,0.1081,0.1226,0.8667,0.8423,0.9293,0.0783,0.083,0.0991,0.166479,0.025260248,9.01e-05,-0.02075075,-0.698433404,0.0111,0.0157,0.0202,0.0221,0.0249,0.0275,0.0312,0.0342,0.0379,0.0464
0.3753,0.4264,0.8135,0.0439,0.1333,0.069,0.0707,0.1031,0.1182,0.8081,0.9942,0.8672,0.0523,0.0678,0.0947,0.188698,0.026792574,8.39e-05,-0.207841861,-0.584725076,0.0139,0.0193,0.0209,0.0246,0.0267,0.0299,0.0325,0.0351,0.0388,0.0456
0.3535,0.4053,0.7243,0.0411,0.1211,0.0549,0.0728,0.0887,0.1047,0.9003,0.9396,0.8883,0.0629,0.0949,0.0992,0.233858,0.027743677,9.58e-05,-0.094757912,-0.600136559,0.0147,0.019,0.0218,0.0256,0.0276,0.0308,0.034,0.0362,0.0407,0.0505
0.3774,0.4693,0.7579,0.0464,0.1256,0.0634,0.0722,0.0844,0.1029,0.8291,0.9505,0.8801,0.0571,0.0729,0.0825,0.147936,0.021639126,7.44e-05,-0.04504751,-0.803888082,0.01,0.0139,0.0159,0.0196,0.0214,0.0249,0.0265,0.0302,0.033,0.0403
0.3714,0.4191,0.6954,0.0398,0.1139,0.0587,0.0717,0.0943,0.0969,0.8826,0.8635,0.8122,0.0852,0.0871,0.0912,0.202429,0.024513512,8.33e-05,-0.004180363,-0.458970441,0.0117,0.016,0.0198,0.0216,0.0249,0.0268,0.0299,0.0328,0.036,0.0524
0.3863,0.4343,0.7349,0.0472,0.1202,0.0522,0.0758,0.1008,0.1128,0.9235,0.888,0.8832,0.0657,0.0739,0.0753,0.173238,0.023417984,8.63e-05,0.178375579,-0.449587789,0.0111,0.0151,0.0178,0.0204,0.0232,0.0253,0.0284,0.0317,0.0362,0.051
0.4092,0.4135,0.8628,0.0474,0.1409,0.0639,0.0823,0.0866,0.1296,0.9064,0.955,0.8744,0.0569,0.0583,0.0599,0.164008,0.027342842,8.84e-05,-0.237126857,-0.443477674,0.0146,0.0202,0.0218,0.0251,0.0274,0.0307,0.0327,0.0358,0.0396,0.0474
0.3695,0.4768,0.6505,0.0443,0.1321,0.0558,0.0825,0.1015,0.1151,0.9772,0.8058,0.8923,0.0534,0.0644,0.0761,0.146625,0.019624614,7.61e-05,0.075140152,-0.809048633,0.0072,0.0111,0.0145,0.0165,0.0198,0.0217,0.0251,0.0274,0.0317,0.0403
0.3836,0.4877,0.6067,0.0409,0.1217,0.0574,0.0638,0.0961,0.1011,0.8985,0.8103,0.8876,0.0517,0.0594,0.0757,0.120163,0.017784236,6.5e-05,0.087740217,-0.875125834,0.0063,0.0106,0.0116,0.0158,0.0174,0.0206,0.0223,0.0258,0.0287,0.0381
0.3795,0.4239,0.8261,0.0441,0.1113,0.0527,0.0747,0.0914,0.0995,0.9696,0.8587,0.9883,0.0537,0.086,0.088,0.190893,0.02611666,8.31e-05,-0.091472964,-0.483056033,0.0142,0.0183,0.0213,0.0246,0.0263,0.0286,0.0311,0.0346,0.038,0.0482
0.3637,0.4745,0.7969,0.0448,0.1495,0.0625,0.0999,0.1002,0.1154,0.816,0.9933,0.9917,0.056,0.0813,0.0839,0.148258,0.024791984,9.15e-05,0.126057382,-0.558663233,0.0115,0.0158,0.0193,0.0215,0.0246,0.0269,0.03,0.0338,0.0374,0.0505
0.3656,0.4079,0.515,0.0419,0.1265,0.0584,0.0767,0.0917,0.1167,0.9354,0.8706,0.9402,0.0722,0.0878,0.0881,0.21782,0.02535322,0.000122875,0.095553179,-0.568132978,0.0104,0.0143,0.0198,0.0224,0.0248,0.0284,0.0317,0.0352,0.0397,0.0568
0.3688,0.4053,0.6014,0.0494,0.1404,0.0748,0.0755,0.1079,0.1284,0.9846,0.9938,0.8627,0.0591,0.0634,0.0727,0.212706,0.027708953,0.000122115,-0.065285147,-0.811408492,0.0119,0.0166,0.0209,0.0248,0.028,0.0311,0.0345,0.0379,0.0426,0.0524
0.3878,0.449,0.758,0.046,0.1177,0.0575,0.0735,0.0861,0.0918,0.9231,0.8609,0.9741,0.06,0.0677,0.0758,0.155528,0.020814256,6.16e-05,-0.077873193,-0.730515042,0.01,0.0136,0.0154,0.0194,0.0212,0.0232,0.0258,0.0276,0.0311,0.0391
0.357,0.4766,0.5694,0.0369,0.1106,0.0493,0.0697,0.0821,0.0998,0.8663,0.8705,0.843,0.0562,0.0899,0.0935,0.158306,0.020181689,8.87e-05,0.264187489,-0.472109956,0.0069,0.0106,0.0143,0.017,0.0205,0.0218,0.0251,0.0283,0.0324,0.0472
0.3548,0.4036,0.7123,0.0412,0.1176,0.0541,0.0682,0.0809,0.0988,0.8657,0.8806,0.8106,0.0607,0.0698,0.0803,0.230612,0.026569452,0.000101845,0.107368177,-0.527734398,0.0138,0.017,0.0208,0.0245,0.0265,0.0294,0.0326,0.0356,0.0402,0.0536
0.3595,0.4906,0.9187,0.0384,0.1212,0.0548,0.0767,0.0795,0.1076,0.8809,0.8721,0.8311,0.077,0.0803,0.0967,0.141327,0.026305376,9.38e-05,0.03459485,-0.26372244,0.0145,0.0186,0.021,0.0237,0.0257,0.0286,0.0315,0.0344,0.0395,0.0512
0.3575,0.4799,0.5234,0.0407,0.1242,0.0516,0.075,0.0981,0.1015,0.9669,0.931,0.9567,0.0646,0.0698,0.0739,0.15194,0.021486832,0.000102701,0.199688674,-0.690960587,0.0088,0.0107,0.0147,0.019,0.021,0.0241,0.0265,0.0311,0.0353,0.0464
0.4126,0.4838,0.5814,0.0362,0.1323,0.0531,0.0821,0.0857,0.1036,0.8156,0.8249,0.9004,0.0803,0.0803,0.0841,0.095083,0.015029632,4.8e-05,0.195338131,-0.765658645,0.0059,0.0097,0.0113,0.0123,0.0149,0.0164,0.0203,0.0212,0.0247,0.035
0.3549,0.4739,0.678,0.0492,0.1406,0.0638,0.0853,0.1006,0.1179,0.8524,0.8961,0.8722,0.0501,0.0798,0.0922,0.15462,0.025416547,0.000131805,0.129667699,-0.77553632,0.0107,0.0151,0.0192,0.0212,0.0249,0.0284,0.0318,0.0362,0.0412,0.0522
0.3883,0.4819,0.8175,0.0379,0.1347,0.0675,0.0806,0.0997,0.1098,0.803,0.9148,0.9125,0.0816,0.0883,0.0932,0.121401,0.022115972,7.86e-05,0.071018355,-0.700053099,0.0108,0.0147,0.0163,0.0203,0.0218,0.0247,0.0268,0.0308,0.0341,0.043
0.3894,0.4999,0.535,0.048,0.1466,0.0665,0.0766,0.1038,0.12,0.8129,0.995,0.8636,0.0507,0.0544,0.0593,0.101836,0.017263869,6.11e-05,0.038313958,-0.956801709,0.0061,0.0107,0.0121,0.015,0.0169,0.0204,0.0217,0.0253,0.0274,0.0354
0.3868,0.4252,0.8649,0.0439,0.1397,0.0665,0.089,0.1069,0.1308,0.9382,0.9751,0.8104,0.0695,0.0706,0.0816,0.176166,0.029312641,9.37e-05,-0.256265864,-0.330743485,0.016,0.0204,0.0242,0.0267,0.0302,0.0323,0.0354,0.0379,0.0418,0.0515
0.3648,0.4671,0.5843,0.0381,0.1266,0.0635,0.0685,0.0958,0.1138,0.9339,0.8288,0.8739,0.0503,0.0706,0.0809,0.164443,0.021452469,9.63e-05,0.123424887,-0.760369374,0.0092,0.0109,0.0148,0.0195,0.021,0.024,0.0265,0.0309,0.035,0.0464
0.4121,0.4329,0.6139,0.045,0.1335,0.0521,0.0704,0.1089,0.1155,0.9795,0.9802,0.9862,0.0507,0.0888,0.0966,0.144705,0.019894514,7.96e-05,0.022908283,-0.89204989,0.0067,0.011,0.0145,0.0168,0.0201,0.0223,0.0254,0.0281,0.0322,0.0403
0.3635,0.4841,0.8531,0.0451,0.1382,0.0656,0.0759,0.0973,0.1247,0.8041,0.9083,0.9864,0.069,0.0814,0.083,0.145957,0.024475514,7.56e-05,-0.050509604,-0.479957184,0.0123,0.016,0.0201,0.0216,0.0244,0.0264,0.0301,0.0325,0.0359,0.0464
0.402,0.4857,0.942,0.0442,0.1132,0.0689,0.0778,0.0866,0.0968,0.806,0.861,0.8466,0.0718,0.0847,0.0968,0.10746,0.025760162,7.98e-05,-0.320383431,-0.47927484,0.0145,0.0186,0.0211,0.0238,0.0255,0.0287,0.0314,0.035,0.0366,0.0424
0.3552,0.4425,0.5237,0.0494,0.1226,0.0719,0.0778,0.0846,0.1151,0.9202,0.8281,0.8711,0.0512,0.0875,0.0958,0.19165,0.025020462,0.00011443,-0.077407185,-0.767191231,0.0103,0.0148,0.02,0.0224,0.0252,0.0282,0.0316,0.0349,0.0391,0.0495
0.394,0.4872,0.5591,0.045,0.1252,0.0545,0.0786,0.0944,0.1182,0.912,0.8675,0.9552,0.0704,0.0723,0.0817,0.110609,0.017687219,6.42e-05,0.074789822,-0.853851825,0.0063,0.0099,0.0118,0.0147,0.0171,0.0207,0.022,0.0256,0.0279,0.0391
0.4079,0.4815,0.8928,0.0461,0.1264,0.0594,0.076,0.1049,0.1106,0.843,0.8565,0.8188,0.0526,0.071,0.0802,0.098991,0.021809754,6.68e-05,0.033065377,-0.592808619,0.0111,0.0148,0.0163,0.0204,0.0214,0.024,0.0258,0.0291,0.0329,0.0424
0.3587,0.4069,0.5465,0.0486,0.1364,0.0691,0.0839,0.0844,0.1122,0.8083,0.9107,0.8044,0.0569,0.0954,0.0975,0.228967,0.026784228,0.000126326,0.045633639,-0.733035269,0.0114,0.0161,0.0203,0.0241,0.0263,0.0298,0.0332,0.0368,0.0424,0.0524
0.4105,0.4095,0.7185,0.0387,0.149,0.0722,0.0783,0.0994,0.1324,0.9837,0.9364,0.8538,0.0555,0.0657,0.0813,0.167314,0.023356064,7.85e-05,-0.047781429,-0.781469112,0.0114,0.0154,0.0182,0.0212,0.024,0.0256,0.029,0.0318,0.0353,0.0433
0.3778,0.458,0.574,0.047,0.1266,0.0639,0.0771,0.1171,0.1175,0.891,0.8502,0.8704,0.0537,0.089,0.093,0.1482,0.022929241,0.000107911,0.129363747,-0.728132633,0.0099,0.0141,0.0161,0.0196,0.0222,0.0257,0.0291,0.0321,0.037,0.0502
0.3937,0.4843,0.8233,0.0459,0.1451,0.0677,0.1029,0.1036,0.1213,0.922,0.8289,0.9424,0.066,0.0749,0.0754,0.113323,0.022631542,8.37e-05,0.099837019,-0.625965815,0.0112,0.0153,0.0167,0.02,0.0222,0.0257,0.0271,0.0306,0.0356,0.045
0.4103,0.45,0.944,0.0454,0.1115,0.0629,0.066,0.0905,0.1036,0.9178,0.8157,0.8971,0.0669,0.0785,0.0821,0.134633,0.026077257,8.14e-05,-0.375306388,-0.387002154,0.0151,0.0191,0.0212,0.0252,0.0267,0.029,0.0318,0.0352,0.0369,0.0447
0.3741,0.4853,0.5167,0.0353,0.1337,0.0542,0.0882,0.0947,0.1027,0.8169,0.8305,0.877,0.0575,0.0695,0.0935,0.129106,0.019456095,8.66e-05,0.247819048,-0.628034251,0.0068,0.0113,0.0151,0.0164,0.0194,0.0215,0.0255,0.027,0.0318,0.045
0.3869,0.4773,0.7767,0.0354,0.1302,0.0536,0.0666,0.0925,0.1022,0.9832,0.9295,0.8012,0.0515,0.053,0.0971,0.124723,0.016898319,4.94e-05,0.013519049,-0.849006085,0.0063,0.0105,0.0117,0.0151,0.0159,0.0199,0.021,0.0239,0.0258,0.0324
0.4175,0.4975,0.6369,0.0398,0.1442,0.0483,0.0929,0.0938,0.1208,0.9453,0.9242,0.8991,0.0691,0.0822,0.0948,0.076981,0.015211905,5.19e-05,0.242391374,-0.77722862,0.0058,0.0094,0.011,0.0123,0.0145,0.0168,0.0199,0.0217,0.0249,0.0339
0.4003,0.4295,0.8466,0.042,0.1187,0.0585,0.0742,0.0908,0.0959,0.9643,0.9775,0.8943,0.0574,0.061,0.0668,0.165029,0.024603205,7.08e-05,-0.169850026,-0.429538091,0.015,0.0168,0.0201,0.0222,0.0256,0.0267,0.0295,0.032,0.0359,0.045
0.3512,0.425,0.8088,0.0415,0.1306,0.0645,0.0684,0.0954,0.1075,0.8007,0.8611,0.8849,0.0704,0.0766,0.0976,0.214865,0.030695624,0.000119293,0.070801892,-0.224212682,0.0159,0.0208,0.0254,0.0272,0.031,0.0334,0.0362,0.0401,0.045,0.0612
0.4019,0.4855,0.7925,0.0459,0.1288,0.0589,0.0607,0.0795,0.1187,0.9392,0.8173,0.8976,0.0596,0.0627,0.0989,0.102793,0.016473352,4.87e-05,-0.026333504,-0.958867194,0.0061,0.0102,0.0114,0.0149,0.0162,0.02,0.021,0.023,0.0259,0.032
0.3556,0.4049,0.7976,0.0352,0.145,0.0513,0.077,0.0939,0.1337,0.841,0.9055,0.8769,0.0636,0.0838,0.0913,0.233528,0.030013805,0.000119095,0.08778924,-0.380571921,0.0149,0.0199,0.0243,0.0267,0.0299,0.032,0.0362,0.0399,0.0453,0.0592
0.3926,0.461,0.6981,0.046,0.1434,0.0616,0.0843,0.1,0.1283,0.8492,0.8981,0.8976,0.0591,0.0637,0.0788,0.135098,0.021986702,9.87e-05,0.22491734,-0.602240858,0.0096,0.0113,0.0154,0.0199,0.0213,0.0245,0.0268,0.031,0.0358,0.0472
0.3805,0.4521,0.6254,0.05,0.1406,0.0674,0.0925,0.0972,0.115,0.984,0.803,0.976,0.0554,0.0566,0.071,0.157263,0.022508664,0.000102191,0.122122871,-0.721422797,0.0098,0.0127,0.0157,0.0207,0.0224,0.0251,0.0278,0.0319,0.036,0.0495
0.4058,0.4392,0.8263,0.043,0.1422,0.054,0.0877,0.1098,0.1261,0.8498,0.9544,0.9623,0.0656,0.0946,0.0989,0.14346,0.023225633,7.37e-05,0.031048522,-0.586993616,0.0118,0.0156,0.0187,0.0214,0.0232,0.0256,0.0279,0.0311,0.0349,0.0439
0.4189,0.4536,0.7493,0.0457,0.1466,0.0564,0.0929,0.1068,0.1232,0.9979,0.8771,0.9124,0.0838,0.0923,0.0973,0.109292,0.018130147,6.24e-05,0.072126623,-0.793304482,0.0066,0.0107,0.0134,0.0159,0.0178,0.0206,0.0223,0.0256,0.0287,0.0377
0.418,0.435,0.9316,0.041,0.1267,0.0578,0.0709,0.1,0.1164,0.8124,0.8706,0.8166,0.058,0.0665,0.0807,0.13533,0.025207478,7.46e-05,-0.363362425,-0.367398588,0.0145,0.018,0.0211,0.0239,0.0256,0.0277,0.0309,0.0332,0.0357,0.043
0.3723,0.4953,0.6817,0.0386,0.1102,0.0522,0.0682,0.0826,0.0947,0.8525,0.9698,0.9216,0.0638,0.0669,0.0911,0.126023,0.017192346,6.56e-05,0.262642182,-0.609817706,0.0063,0.0098,0.0116,0.0146,0.0163,0.0196,0.0214,0.025,0.0278,0.0403
0.3899,0.4428,0.8918,0.0387,0.1279,0.0482,0.0771,0.0917,0.1076,0.8898,0.9093,0.9594,0.0629,0.0787,0.0921,0.160627,0.02474569,7.3e-05,-0.174067117,-0.371745162,0.0136,0.0172,0.0207,0.0222,0.0249,0.0266,0.0301,0.032,0.0359,0.0472
0.3878,0.4073,0.7992,0.0449,0.1369,0.0574,0.0878,0.0898,0.129,0.8025,0.9857,0.9881,0.073,0.0762,0.0947,0.19688,0.027104708,8.33e-05,-0.177976521,-0.440127587,0.0149,0.0191,0.0217,0.025,0.0271,0.0304,0.032,0.0357,0.039,0.0502
0.3843,0.4522,0.8187,0.0391,0.119,0.0524,0.084,0.0879,0.1116,0.9385,0.9425,0.9429,0.0844,0.092,0.0934,0.155848,0.024537362,8.51e-05,0.069721329,-0.482003195,0.0112,0.0157,0.0203,0.0217,0.0249,0.0267,0.03,0.0325,0.0365,0.0477
0.3693,0.4508,0.6552,0.0428,0.1443,0.0711,0.0882,0.1008,0.1151,0.9455,0.9087,0.8133,0.0579,0.0682,0.0945,0.172943,0.024988152,0.000112766,0.03378028,-0.751847546,0.0105,0.0149,0.0192,0.0222,0.0248,0.0275,0.0315,0.0348,0.0391,0.0495
0.3981,0.4367,0.5741,0.0431,0.1264,0.07,0.0788,0.0789,0.1094,0.8744,0.9783,0.8781,0.0551,0.0682,0.0734,0.156208,0.019478542,7.14e-05,-0.003486818,-0.842119482,0.0071,0.011,0.0152,0.0166,0.0203,0.0219,0.025,0.0267,0.0307,0.0374
0.3779,0.493,0.7833,0.036,0.1306,0.0479,0.0701,0.1019,0.1166,0.8129,0.9586,0.8275,0.0719,0.0769,0.0874,0.125426,0.017342833,5.65e-05,0.226612246,-0.515953518,0.0067,0.0105,0.0121,0.0148,0.0167,0.0194,0.0209,0.0245,0.0269,0.04
0.3586,0.4814,0.632,0.0448,0.1174,0.0574,0.0845,0.0872,0.0952,0.9576,0.982,0.9331,0.0631,0.0667,0.0871,0.151584,0.022067852,0.000106867,0.1872801,-0.672855937,0.0096,0.0115,0.0155,0.0189,0.0213,0.0248,0.0273,0.0314,0.036,0.0502
0.3891,0.4412,0.6239,0.0472,0.1414,0.0607,0.0766,0.1011,0.1273,0.9102,0.9949,0.9427,0.0611,0.0642,0.083,0.156028,0.021175655,9.02e-05,0.147514202,-0.588639553,0.0097,0.0115,0.0153,0.0187,0.0206,0.0236,0.0265,0.0302,0.0342,0.0502
0.3919,0.4114,0.7255,0.0481,0.1467,0.069,0.0748,0.1119,0.1247,0.8444,0.8412,0.8237,0.0556,0.0912,0.0962,0.186949,0.02800765,0.000102014,-0.030993857,-0.577740084,0.015,0.0195,0.0218,0.0253,0.028,0.0308,0.034,0.0367,0.0416,0.0524
0.3767,0.4197,0.9177,0.045,0.1358,0.0699,0.0776,0.0784,0.1238,0.8082,0.8366,0.8639,0.0716,0.082,0.0982,0.19034,0.032728796,0.000118997,-0.423357653,-0.281004893,0.019,0.0247,0.0266,0.0309,0.0346,0.0362,0.0397,0.0425,0.0462,0.0541
0.4125,0.4603,0.5583,0.0454,0.1391,0.0553,0.0825,0.1085,0.1245,0.8617,0.8308,0.9211,0.0695,0.0866,0.0982,0.112809,0.018393244,7.13e-05,0.116730568,-0.787541992,0.0064,0.0102,0.0132,0.0152,0.0186,0.0213,0.0236,0.0255,0.0301,0.0394
0.4149,0.4352,0.7646,0.0431,0.1264,0.0616,0.0718,0.0927,0.0978,0.87,0.9012,0.8993,0.0509,0.063,0.0636,0.140674,0.02079461,7.09e-05,0.122897384,-0.683929385,0.0102,0.0122,0.0153,0.0187,0.0208,0.0228,0.0255,0.0282,0.0322,0.0418
0.3525,0.4563,0.7177,0.042,0.1177,0.0631,0.0656,0.0859,0.0973,0.9209,0.8902,0.8888,0.0559,0.0563,0.0915,0.187693,0.025183098,0.000107119,0.149980703,-0.615777859,0.0111,0.0154,0.0191,0.0215,0.0248,0.0273,0.031,0.035,0.0393,0.0502
0.378,0.4895,0.5932,0.038,0.1431,0.066,0.0884,0.1057,0.107,0.885,0.8006,0.9945,0.0691,0.0823,0.0995,0.122772,0.018947981,7.36e-05,0.084530691,-0.852645549,0.0066,0.0107,0.0141,0.0158,0.0193,0.021,0.0247,0.0266,0.031,0.0403
0.3781,0.4575,0.8315,0.0412,0.1129,0.0493,0.0608,0.0893,0.0894,0.8362,0.8057,0.8316,0.0523,0.0635,0.0799,0.160222,0.022421143,6.92e-05,0.114405379,-0.32738246,0.0118,0.0142,0.0173,0.0202,0.0222,0.0246,0.0265,0.0295,0.0329,0.0453
0.3993,0.4794,0.8356,0.044,0.1315,0.0696,0.0772,0.092,0.1188,0.8365,0.8353,0.8029,0.0731,0.079,0.086,0.113102,0.02190126,7.5e-05,0.10879726,-0.672107442,0.0109,0.0148,0.0163,0.0202,0.0215,0.0243,0.0263,0.0303,0.0341,0.043
0.4134,0.4284,0.7594,0.0386,0.1148,0.0519,0.0629,0.0851,0.0981,0.886,0.9551,0.8064,0.0585,0.0801,0.0932,0.152358,0.0179936,4.84e-05,-0.022853699,-0.742757683,0.0099,0.0116,0.0143,0.0155,0.0179,0.0206,0.0215,0.0249,0.0266,0.035
0.4188,0.4456,0.8841,0.0441,0.1231,0.0514,0.0783,0.0852,0.1056,0.8462,0.9746,0.9284,0.0584,0.0603,0.0793,0.129325,0.021119997,5.25e-05,-0.23587282,-0.545512518,0.0107,0.0143,0.0164,0.0204,0.0215,0.0238,0.0258,0.0271,0.0305,0.0391
0.3507,0.5,0.9163,0.0363,0.1281,0.0506,0.0643,0.0887,0.1138,0.8786,0.9899,0.9388,0.0835,0.092,0.0987,0.142954,0.025004423,8.73e-05,0.080227469,-0.153312385,0.0123,0.0167,0.0206,0.0222,0.0256,0.027,0.0302,0.0323,0.0366,0.0543
0.4106,0.4045,0.772,0.0395,0.1317,0.0503,0.069,0.097,0.1178,0.9969,0.9689,0.9563,0.0848,0.0868,0.0944,0.179094,0.022872511,6.77e-05,-0.042935549,-0.564627228,0.0121,0.0147,0.0186,0.0206,0.0228,0.0248,0.027,0.0307,0.0337,0.0461
0.4065,0.459,0.5753,0.0407,0.145,0.0515,0.0812,0.1017,0.1231,0.8126,0.9056,0.8406,0.0519,0.057,0.0979,0.124453,0.017230087,6.64e-05,0.302957497,-0.41846381,0.0065,0.0104,0.0123,0.0155,0.0167,0.0195,0.0215,0.0254,0.0274,0.045
0.3544,0.4933,0.8384,0.04,0.1428,0.0609,0.0795,0.1002,0.1341,0.9618,0.9469,0.9875,0.0552,0.0803,0.099,0.130272,0.024751187,9.72e-05,0.224010499,-0.422958696,0.0113,0.0156,0.0191,0.0211,0.0241,0.0267,0.0304,0.0341,0.038,0.0502
0.3676,0.4307,0.804,0.0454,0.1451,0.0529,0.0943,0.0965,0.1203,0.9041,0.9155,0.9795,0.0596,0.0627,0.0811,0.194913,0.028372046,0.000104103,0.022550142,-0.408487404,0.0158,0.0205,0.0224,0.0261,0.0276,0.031,0.0349,0.0372,0.0423,0.055
0.3589,0.4014,0.8635,0.0455,0.1454,0.0633,0.0827,0.1115,0.1253,0.8397,0.8089,0.8411,0.0506,0.0659,0.0882,0.22888,0.03798882,0.000182758,-0.019313314,-0.226620689,0.0201,0.0267,0.0307,0.0353,0.0378,0.0414,0.0456,0.0492,0.0557,0.0709
0.4166,0.4274,0.6569,0.0447,0.1468,0.0551,0.0826,0.0898,0.1188,0.8389,0.9025,0.9115,0.0736,0.0737,0.0833,0.149449,0.020256312,7.81e-05,0.107168529,-0.614617072,0.0094,0.0123,0.0144,0.0171,0.0204,0.0224,0.025,0.0275,0.0321,0.0461
0.3578,0.4083,0.6869,0.0424,0.1397,0.0603,0.0864,0.0909,0.1141,0.9293,0.8149,0.8762,0.0684,0.0732,0.0785,0.224765,0.027277395,9.87e-05,0.016965434,-0.496010163,0.0132,0.0185,0.0218,0.0246,0.0272,0.0304,0.033,0.0359,0.0397,0.0559
0.398,0.4979,0.5994,0.0385,0.1146,0.0502,0.084,0.0844,0.0964,0.8235,0.9261,0.9301,0.053,0.0811,0.0994,0.09824,0.016017707,5.67e-05,0.233998332,-0.703936424,0.006,0.0099,0.0107,0.0144,0.0155,0.018,0.0202,0.0228,0.026,0.0364
0.3953,0.4731,0.5355,0.0495,0.1327,0.0629,0.0818,0.1031,0.1168,0.982,0.8718,0.8401,0.0534,0.0769,0.077,0.119116,0.018355199,7.02e-05,0.086630876,-0.899730583,0.0065,0.0104,0.0133,0.0152,0.0183,0.0204,0.0241,0.0258,0.0302,0.04
0.4017,0.4464,0.8526,0.0429,0.1239,0.0535,0.0637,0.0921,0.1128,0.8927,0.9121,0.8737,0.0587,0.0752,0.0833,0.139431,0.022070876,6.5e-05,-0.019829,-0.559540523,0.0115,0.0153,0.0166,0.0209,0.0221,0.025,0.0265,0.0294,0.0325,0.0439
0.3768,0.4889,0.7506,0.0489,0.1455,0.0844,0.0859,0.0984,0.1271,0.844,0.9223,0.9128,0.0671,0.0838,0.0857,0.128178,0.025588458,0.00012451,0.084493265,-0.836769076,0.0107,0.0151,0.0189,0.0216,0.0256,0.0282,0.032,0.0361,0.0407,0.0505
0.3646,0.461,0.5001,0.0476,0.1105,0.0579,0.0726,0.086,0.0944,0.9101,0.8506,0.8123,0.0585,0.0861,0.0999,0.168639,0.021189681,8.91e-05,0.040534581,-0.718486319,0.0092,0.011,0.0151,0.0199,0.0213,0.0244,0.0261,0.0301,0.0335,0.0472
0.3865,0.438,0.7401,0.0428,0.1108,0.0585,0.0719,0.0883,0.0895,0.8493,0.9011,0.9362,0.0586,0.0837,0.0907,0.170853,0.022275168,7.25e-05,0.009031115,-0.635610027,0.0109,0.0147,0.0167,0.0204,0.0218,0.0249,0.0266,0.0301,0.0341,0.0418
0.3813,0.4572,0.8165,0.039,0.1343,0.0573,0.0733,0.1,0.1208,0.8146,0.8866,0.9837,0.0744,0.0986,0.099,0.149486,0.021728974,6.6e-05,-0.010851167,-0.71656671,0.0109,0.0145,0.0158,0.0199,0.021,0.0251,0.0266,0.0296,0.0324,0.0412
0.3625,0.4737,0.7645,0.0383,0.1423,0.0539,0.0839,0.1016,0.1175,0.8558,0.9703,0.9946,0.0586,0.0634,0.0637,0.154837,0.022771054,9.96e-05,0.325185403,-0.511269128,0.0103,0.0141,0.0159,0.0206,0.0222,0.0245,0.0271,0.0317,0.0365,0.0495
0.4107,0.4399,0.7064,0.041,0.1255,0.0682,0.0729,0.0803,0.1013,0.8492,0.9817,0.8619,0.0767,0.0807,0.085,0.145493,0.019024784,6.21e-05,-0.016368507,-0.815568397,0.0097,0.0108,0.0147,0.0158,0.0205,0.0216,0.0238,0.0263,0.03,0.0361
0.3968,0.4484,0.5228,0.0456,0.1494,0.0612,0.0743,0.1129,0.1244,0.8178,0.9261,0.936,0.06,0.0756,0.0817,0.135553,0.01996991,8.13e-05,0.065675097,-0.817013918,0.0068,0.0112,0.0147,0.0167,0.0204,0.0221,0.0252,0.0282,0.0321,0.0415
0.4063,0.4605,0.6389,0.0462,0.132,0.0728,0.0905,0.0953,0.12,0.9275,0.8967,0.9657,0.053,0.0561,0.062,0.126087,0.021007229,9.49e-05,0.049778112,-0.933488752,0.0068,0.0114,0.0148,0.0179,0.0207,0.0251,0.027,0.0307,0.0341,0.0412
0.3982,0.4218,0.5741,0.0445,0.1448,0.051,0.0776,0.1107,0.126,0.9974,0.8182,0.9,0.0621,0.0622,0.0917,0.172562,0.019419538,7.07e-05,0.003779967,-0.822023841,0.0073,0.0109,0.0142,0.0163,0.0205,0.0217,0.0246,0.0267,0.0309,0.0391
0.4199,0.4813,0.7357,0.0455,0.1128,0.0552,0.0689,0.0801,0.0906,0.8983,0.9379,0.8973,0.0781,0.0804,0.0906,0.09192,0.01540329,4.78e-05,0.057599809,-0.992352592,0.0058,0.0094,0.0109,0.0132,0.0155,0.0171,0.0205,0.0219,0.0249,0.032
0.415,0.4105,0.8278,0.0475,0.1412,0.0576,0.0738,0.0918,0.1267,0.9915,0.9601,0.8028,0.0741,0.0908,0.099,0.167456,0.02365521,6.41e-05,-0.23911538,-0.564432885,0.0124,0.0159,0.0197,0.0214,0.0247,0.0259,0.0284,0.0315,0.034,0.0403
0.3818,0.4494,0.9015,0.0401,0.1342,0.0564,0.0838,0.0847,0.1189,0.9523,0.8472,0.9645,0.0826,0.0863,0.0948,0.163031,0.027177327,8.46e-05,-0.241776523,-0.311337423,0.0148,0.0206,0.0224,0.0257,0.0269,0.0303,0.0328,0.0353,0.0387,0.0492
0.367,0.4226,0.6783,0.0361,0.1345,0.0528,0.0743,0.1014,0.1228,0.9643,0.971,0.8041,0.07,0.0727,0.0864,0.204117,0.023567117,9.02e-05,0.094721229,-0.579652919,0.0108,0.015,0.0182,0.0205,0.0233,0.0261,0.0286,0.0319,0.0362,0.0505
0.3838,0.4201,0.5691,0.0496,0.1193,0.0638,0.0716,0.0737,0.106,0.9425,0.9944,0.817,0.0555,0.0672,0.0938,0.191585,0.021366608,8.06e-05,-0.101886364,-0.91271684,0.0092,0.012,0.0155,0.0194,0.0212,0.0249,0.0268,0.0304,0.0331,0.0403
0.3869,0.49,0.7896,0.049,0.1313,0.0582,0.0864,0.094,0.1178,0.9522,0.9621,0.9876,0.0781,0.0821,0.0993,0.112347,0.021441853,8.49e-05,0.187858449,-0.507145137,0.0103,0.0129,0.015,0.0194,0.0209,0.024,0.0263,0.0298,0.0333,0.0458
0.3633,0.4045,0.9374,0.0448,0.1463,0.0602,0.0858,0.1064,0.1307,0.9381,0.8442,0.854,0.0771,0.0797,0.0915,0.219512,0.035699395,0.000149919,-0.290465249,-0.043536004,0.0187,0.0257,0.0303,0.0337,0.036,0.0401,0.0425,0.0458,0.051,0.0687
0.3863,0.4313,0.7608,0.0368,0.1211,0.0554,0.0637,0.0725,0.1067,0.8479,0.9612,0.8917,0.0577,0.0617,0.0952,0.17764,0.020912959,5.94e-05,-0.078974297,-0.714870923,0.0103,0.0138,0.0156,0.0196,0.0213,0.0233,0.0257,0.0276,0.0311,0.0391
0.3803,0.4783,0.6476,0.0375,0.1137,0.0516,0.0608,0.0892,0.1071,0.8843,0.972,0.9479,0.0574,0.0603,0.0828,0.13292,0.01782496,6.7e-05,0.122044923,-0.823222292,0.0063,0.0099,0.0117,0.0146,0.017,0.0206,0.0224,0.0254,0.0289,0.0384
0.3713,0.4852,0.7638,0.042,0.1115,0.0582,0.0648,0.0827,0.1016,0.833,0.8038,0.9457,0.0553,0.0613,0.0949,0.137091,0.01844626,5.81e-05,0.023421155,-0.779060342,0.0098,0.0108,0.0147,0.0158,0.0191,0.0205,0.0227,0.0253,0.0284,0.0367
0.381,0.4697,0.9201,0.0372,0.1156,0.0451,0.0594,0.0833,0.0974,0.9467,0.9362,0.9039,0.0728,0.0792,0.0981,0.141264,0.022545777,6.54e-05,-0.078464149,-0.360319245,0.0116,0.0156,0.0182,0.0209,0.0223,0.0249,0.0267,0.0301,0.0332,0.043
0.3848,0.4483,0.8662,0.039,0.1482,0.0627,0.1022,0.114,0.1141,0.8265,0.9423,0.9828,0.0637,0.0863,0.0909,0.156857,0.027391833,9.38e-05,-0.071459182,-0.416935135,0.0148,0.0188,0.0216,0.0248,0.0269,0.0305,0.0332,0.036,0.0398,0.0497
0.376,0.4987,0.9094,0.0362,0.1227,0.0548,0.0581,0.0937,0.098,0.985,0.9927,0.9673,0.0572,0.0609,0.0642,0.115685,0.02264812,7.68e-05,0.094235404,-0.487498184,0.0115,0.0154,0.0169,0.0198,0.0219,0.0253,0.0274,0.0305,0.0347,0.0442
0.3789,0.4644,0.7083,0.038,0.1215,0.0663,0.0669,0.0867,0.1021,0.8859,0.9533,0.9844,0.0543,0.071,0.0795,0.147438,0.0206392,7.1e-05,-0.052766715,-0.725683299,0.0094,0.0121,0.0155,0.0193,0.021,0.0239,0.026,0.0282,0.0317,0.0409
0.4189,0.4485,0.8473,0.0394,0.1377,0.0672,0.0683,0.1152,0.1273,0.9241,0.9113,0.9619,0.0561,0.0611,0.0747,0.119844,0.022403668,6.61e-05,0.004052504,-0.449128549,0.0107,0.0147,0.0175,0.0206,0.0218,0.0248,0.0265,0.0301,0.0327,0.0472
0.3876,0.4472,0.8943,0.0482,0.1198,0.0594,0.0723,0.0885,0.1128,0.967,0.8894,0.9103,0.0631,0.081,0.0992,0.156874,0.026959282,8.56e-05,-0.189865527,-0.361678594,0.015,0.0192,0.0219,0.0245,0.0269,0.0302,0.0322,0.0358,0.0386,0.051
0.4069,0.4964,0.5976,0.0497,0.1349,0.0619,0.0893,0.092,0.1194,0.8166,0.946,0.8949,0.0639,0.0901,0.0918,0.089882,0.017410871,6.61e-05,0.148856905,-0.844495652,0.0062,0.0102,0.0112,0.0151,0.0166,0.02,0.0218,0.0249,0.0281,0.0367
0.3584,0.4917,0.6856,0.0466,0.1433,0.0597,0.0859,0.1173,0.1278,0.9243,0.9568,0.9745,0.081,0.0861,0.0873,0.143389,0.026437595,0.000181344,0.431582664,-0.316884645,0.0097,0.0143,0.0183,0.0218,0.0247,0.0292,0.0339,0.0376,0.0447,0.0638
0.4101,0.4535,0.7227,0.0428,0.1439,0.0624,0.0717,0.0997,0.1293,0.9889,0.8298,0.8266,0.0639,0.0881,0.096,0.128969,0.018010903,5.89e-05,-0.030666422,-0.91980327,0.0065,0.0113,0.0141,0.0154,0.0183,0.0208,0.0227,0.0256,0.0278,0.0354
0.3997,0.4134,0.6899,0.0433,0.1339,0.0531,0.0785,0.0839,0.1126,0.8232,0.974,0.812,0.0501,0.0682,0.0907,0.181701,0.020114705,6.09e-05,-0.099901219,-0.804945015,0.0095,0.0118,0.0148,0.0179,0.0209,0.0221,0.0252,0.0269,0.0307,0.0391
0.3626,0.4206,0.6717,0.0427,0.1225,0.0633,0.073,0.0899,0.1105,0.8207,0.8717,0.8298,0.0504,0.0757,0.0903,0.20651,0.026249166,0.000105127,-0.018667252,-0.721311219,0.0117,0.0165,0.0205,0.0241,0.0264,0.0295,0.0328,0.0357,0.0399,0.0534
0.4185,0.489,0.6344,0.043,0.1481,0.0696,0.0758,0.0941,0.1417,0.9862,0.9871,0.9507,0.0538,0.0941,0.0986,0.086618,0.018195498,6.76e-05,0.067632967,-0.876315808,0.0063,0.0103,0.0125,0.0153,0.0183,0.0212,0.0228,0.026,0.0298,0.0361
0.3758,0.4826,0.8938,0.0419,0.1453,0.0625,0.0812,0.0951,0.1167,0.8629,0.822,0.9492,0.0747,0.0908,0.098,0.128852,0.024433388,7.76e-05,-0.098840032,-0.548930696,0.0124,0.0163,0.0205,0.022,0.0248,0.0264,0.0299,0.0325,0.0363,0.0433
0.4095,0.4284,0.5987,0.0396,0.1367,0.0535,0.0822,0.1008,0.1138,0.8597,0.8942,0.8343,0.0514,0.0749,0.0902,0.148002,0.01887559,6.92e-05,0.046809334,-0.799817515,0.0066,0.0105,0.0137,0.0155,0.0196,0.0213,0.0238,0.0265,0.0299,0.0384
0.3937,0.5,0.721,0.0367,0.1413,0.055,0.0947,0.0973,0.1116,0.9894,0.8702,0.9383,0.0563,0.0586,0.0741,0.096061,0.016331971,5.84e-05,0.268739219,-0.555361819,0.0061,0.0092,0.011,0.0139,0.0153,0.0185,0.0211,0.0231,0.0264,0.0391
0.3908,0.4275,0.6052,0.0406,0.1393,0.0764,0.0781,0.1165,0.1248,0.9067,0.8744,0.9625,0.0528,0.0705,0.0848,0.17193,0.024042614,0.000104503,0.016409237,-0.707366294,0.0104,0.0148,0.0183,0.0208,0.0241,0.0269,0.0302,0.0339,0.0367,0.0505
0.4184,0.4883,0.9495,0.0398,0.1105,0.0554,0.0591,0.0812,0.0962,0.9804,0.8659,0.9042,0.0552,0.0697,0.0922,0.089313,0.019054871,4.64e-05,-0.253129662,-0.585369208,0.0102,0.0138,0.0158,0.0173,0.0197,0.0207,0.0232,0.0258,0.0275,0.0335
0.3928,0.4227,0.7827,0.0425,0.1414,0.0632,0.087,0.1088,0.1311,0.9608,0.8699,0.8444,0.0772,0.0829,0.0998,0.178316,0.026370959,9.24e-05,-0.047804771,-0.649477811,0.014,0.0171,0.0215,0.0236,0.026,0.0293,0.0322,0.0353,0.0392,0.0495
0.362,0.4358,0.8211,0.0497,0.1444,0.0671,0.0853,0.1051,0.1264,0.9866,0.9344,0.9098,0.0615,0.0651,0.0755,0.186168,0.030937538,0.000119631,-0.114772521,-0.606259905,0.0159,0.0204,0.0244,0.0277,0.0312,0.0343,0.0373,0.041,0.046,0.0577
0.3881,0.4795,0.8824,0.0484,0.1403,0.0639,0.084,0.1059,0.124,0.8189,0.9832,0.9179,0.0589,0.0663,0.0954,0.124415,0.024161378,7.18e-05,-0.155486097,-0.540007231,0.0123,0.0161,0.0203,0.0217,0.0245,0.0261,0.0295,0.032,0.0356,0.0427
0.3624,0.467,0.886,0.0439,0.1228,0.0616,0.0679,0.0972,0.1099,0.8144,0.978,0.9244,0.0556,0.0712,0.0808,0.162091,0.026378906,7.99e-05,-0.213002339,-0.366172395,0.0141,0.0195,0.0211,0.024,0.0258,0.0297,0.0318,0.0343,0.0376,0.0461
0.4186,0.4388,0.7713,0.0451,0.1123,0.0572,0.0647,0.0798,0.1,0.867,0.9861,0.9549,0.0636,0.0703,0.0833,0.138632,0.018705458,5.33e-05,-0.044222591,-0.768162512,0.0101,0.0119,0.0147,0.0162,0.0196,0.0211,0.0229,0.0256,0.0282,0.0354
0.3653,0.478,0.7537,0.0414,0.1132,0.0534,0.0658,0.0889,0.0933,0.9339,0.8222,0.9355,0.0562,0.0597,0.0707,0.150666,0.019963493,6.84e-05,0.164770787,-0.484187605,0.0096,0.0118,0.015,0.0172,0.0204,0.0216,0.0247,0.0267,0.0311,0.0418
0.3925,0.436,0.6834,0.0473,0.1215,0.0615,0.0676,0.0932,0.1108,0.8102,0.9732,0.92,0.0534,0.0541,0.0737,0.163934,0.020275183,6.99e-05,0.054669739,-0.730691836,0.0096,0.0118,0.0151,0.0175,0.0205,0.0222,0.0251,0.0279,0.0317,0.0415
0.3713,0.4495,0.8893,0.0436,0.125,0.0602,0.0636,0.0919,0.1102,0.8091,0.9926,0.918,0.0582,0.0777,0.0878,0.1709,0.025732557,7.6e-05,-0.222110505,-0.305441746,0.0139,0.0194,0.021,0.0238,0.0255,0.028,0.0313,0.0336,0.0367,0.0464
0.3555,0.441,0.8762,0.0389,0.1134,0.0507,0.0612,0.0836,0.1029,0.9796,0.8909,0.9057,0.0627,0.0666,0.0674,0.196959,0.025674981,7.51e-05,-0.169508723,-0.282449729,0.0144,0.0182,0.0215,0.0248,0.026,0.0277,0.0308,0.0332,0.0364,0.049
0.4168,0.4163,0.8133,0.0451,0.1337,0.0602,0.0709,0.1022,0.12,0.8999,0.9725,0.8142,0.0535,0.0544,0.0817,0.161528,0.022642068,6.2e-05,-0.182006349,-0.624295364,0.0112,0.0149,0.0184,0.0212,0.023,0.025,0.0269,0.0303,0.0325,0.0394
0.37,0.4027,0.8859,0.0413,0.1106,0.0615,0.0627,0.0708,0.0998,0.8823,0.9871,0.9141,0.0587,0.0625,0.0825,0.217459,0.028257389,8.45e-05,-0.385934298,-0.264928976,0.0156,0.0209,0.0246,0.0263,0.0289,0.0313,0.0342,0.0366,0.0397,0.0482
0.4069,0.4117,0.5636,0.0407,0.1161,0.0638,0.0828,0.0965,0.1063,0.939,0.82,0.9244,0.0545,0.0729,0.0748,0.174591,0.020670831,7.89e-05,-0.017451814,-0.848552608,0.009,0.0117,0.0152,0.0188,0.0209,0.0235,0.026,0.0291,0.0323,0.0418
0.3649,0.4731,0.584,0.0441,0.1251,0.065,0.0851,0.0916,0.1098,0.9179,0.8519,0.818,0.0518,0.0687,0.0817,0.149059,0.022002021,0.000107641,0.190896047,-0.710897624,0.0095,0.0114,0.0153,0.0186,0.021,0.0245,0.0273,0.0319,0.036,0.0497
0.3999,0.4423,0.7384,0.036,0.1159,0.0517,0.0761,0.0912,0.1078,0.8532,0.8557,0.9255,0.052,0.0761,0.088,0.149192,0.019189292,6.39e-05,0.130591781,-0.576012865,0.0094,0.0118,0.0151,0.0162,0.0201,0.0217,0.0246,0.0262,0.03,0.0439
0.3789,0.4423,0.6299,0.0469,0.1449,0.064,0.0798,0.0987,0.1131,0.9681,0.8786,0.8183,0.0693,0.0773,0.0868,0.172623,0.022583696,9.21e-05,-0.019060583,-0.806158075,0.0097,0.0134,0.0162,0.0203,0.0224,0.0251,0.0279,0.0318,0.0356,0.0464
0.3659,0.4481,0.938,0.04,0.1229,0.0506,0.0627,0.0968,0.1068,0.952,0.9914,0.81,0.0527,0.0776,0.0881,0.173952,0.026994025,9.04e-05,-0.241322159,-0.256440365,0.0147,0.0194,0.0213,0.0248,0.0273,0.0303,0.0323,0.0355,0.0396,0.0515
0.3915,0.429,0.8429,0.0449,0.1375,0.0637,0.0788,0.097,0.1271,0.9016,0.8055,0.9159,0.0549,0.0952,0.0964,0.168154,0.027115551,9e-05,-0.125516549,-0.485016216,0.0152,0.0196,0.0213,0.025,0.0271,0.0303,0.0333,0.0359,0.0395,0.0532
0.3562,0.4293,0.6125,0.0487,0.1262,0.0623,0.084,0.0953,0.1191,0.9926,0.9506,0.971,0.0526,0.061,0.0748,0.208515,0.027816797,0.000147433,0.170813781,-0.639143109,0.0117,0.0162,0.0202,0.024,0.0271,0.0311,0.0351,0.0395,0.0445,0.0585
0.3865,0.4501,0.7899,0.0419,0.1325,0.063,0.0676,0.1099,0.1216,0.8097,0.8475,0.9786,0.0514,0.0671,0.0825,0.153724,0.021616814,6.34e-05,-0.027307684,-0.631062384,0.0108,0.0145,0.0166,0.0198,0.0215,0.0248,0.0261,0.029,0.0324,0.0406
0.4125,0.4301,0.7509,0.0405,0.1157,0.05,0.0803,0.0847,0.1026,0.8208,0.9677,0.8992,0.0788,0.0856,0.0932,0.150234,0.018636353,5.37e-05,-0.018642696,-0.731049723,0.0101,0.0118,0.0147,0.0161,0.0193,0.021,0.0228,0.0256,0.0279,0.0354
0.3973,0.4089,0.6793,0.0415,0.1108,0.0557,0.0715,0.0839,0.0909,0.958,0.8143,0.898,0.0607,0.0684,0.0906,0.185884,0.020811939,6.85e-05,-0.085845583,-0.858803107,0.0096,0.0124,0.0151,0.0188,0.0214,0.0239,0.0255,0.0288,0.0318,0.0394
0.3913,0.4051,0.8222,0.0473,0.1245,0.0753,0.0833,0.0903,0.1008,0.8792,0.8153,0.9076,0.056,0.0567,0.0612,0.198534,0.031207787,0.000118948,-0.177333351,-0.605004649,0.0167,0.0214,0.0253,0.0272,0.0315,0.035,0.0377,0.0411,0.0453,0.0539
0.3769,0.4322,0.6326,0.0398,0.13,0.0559,0.0858,0.1044,0.1156,0.9551,0.8437,0.9743,0.0603,0.0741,0.0964,0.185768,0.023479799,0.00010887,0.274396527,-0.327674206,0.0105,0.0147,0.0166,0.0204,0.0236,0.0258,0.029,0.0325,0.0372,0.0524
0.3537,0.4227,0.6755,0.0371,0.1317,0.0573,0.0816,0.0825,0.1099,0.8514,0.8864,0.8032,0.0515,0.0544,0.0632,0.215486,0.024906587,9.34e-05,0.064321105,-0.630715566,0.0113,0.0155,0.0191,0.0218,0.0248,0.027,0.0307,0.0341,0.0378,0.0497
0.3659,0.4328,0.624,0.0442,0.1477,0.0668,0.0901,0.101,0.1279,0.842,0.9514,0.9291,0.0507,0.0645,0.091,0.194923,0.026841355,0.000126291,0.083198691,-0.623896702,0.0117,0.0166,0.021,0.025,0.0268,0.0302,0.0333,0.0368,0.0419,0.055
0.3513,0.4176,0.504,0.0496,0.1251,0.0654,0.0802,0.1036,0.1102,0.8063,0.8331,0.821,0.0556,0.0724,0.0951,0.221308,0.030954862,0.000222701,0.206811143,-0.786217805,0.0124,0.0167,0.0221,0.0254,0.0302,0.0342,0.0397,0.0456,0.0521,0.0663
0.3962,0.4262,0.5572,0.0398,0.1325,0.0489,0.0706,0.1101,0.116,0.9483,0.9879,0.8088,0.0778,0.0798,0.0813,0.169273,0.01824111,6.29e-05,0.043868392,-0.758584873,0.0066,0.0105,0.0137,0.0152,0.0184,0.0212,0.0231,0.0252,0.0285,0.0394
0.3613,0.4289,0.7508,0.0402,0.1448,0.0615,0.0715,0.1167,0.1191,0.8366,0.8398,0.8467,0.0767,0.0835,0.0856,0.198302,0.028775943,0.00011465,0.023019566,-0.577963218,0.0136,0.0196,0.0223,0.0256,0.0286,0.032,0.0355,0.0378,0.0425,0.0555
0.3602,0.4933,0.5684,0.0378,0.1428,0.0467,0.0667,0.1055,0.12,0.9597,0.9245,0.8536,0.0603,0.0977,0.0998,0.126918,0.018202071,7.26e-05,0.217058476,-0.659227704,0.0065,0.0105,0.013,0.0151,0.0178,0.0204,0.0226,0.0263,0.0297,0.0412
0.3641,0.4777,0.654,0.0401,0.1121,0.0569,0.0632,0.0838,0.099,0.9582,0.8081,0.8293,0.0605,0.0683,0.0991,0.154776,0.01817207,6.52e-05,0.076657139,-0.837308846,0.0065,0.0103,0.0133,0.015,0.0181,0.021,0.0228,0.0258,0.0291,0.0391
0.3943,0.4896,0.5641,0.0494,0.1383,0.0642,0.0724,0.1141,0.1153,0.8507,0.898,0.985,0.06,0.0663,0.0962,0.102581,0.018064369,6.85e-05,0.106659909,-0.831049976,0.0063,0.0106,0.012,0.0158,0.0178,0.0208,0.0228,0.026,0.0294,0.0381
0.3682,0.469,0.8119,0.0417,0.1174,0.0571,0.0709,0.0793,0.1037,0.8644,0.8221,0.9585,0.0727,0.0738,0.0935,0.155786,0.021433822,6.08e-05,-0.088217587,-0.661955483,0.0107,0.0145,0.0165,0.0198,0.0214,0.0248,0.0261,0.0287,0.0317,0.0406
0.3867,0.45,0.8182,0.0432,0.1409,0.052,0.0788,0.1012,0.1276,0.8704,0.8742,0.8687,0.0694,0.0765,0.0926,0.154934,0.025333134,9.22e-05,0.113377303,-0.45584148,0.0123,0.0161,0.0198,0.0219,0.0248,0.0274,0.0311,0.0337,0.038,0.0517
0.3801,0.4924,0.8536,0.0456,0.1282,0.0668,0.0687,0.0968,0.1064,0.9587,0.9392,0.908,0.0534,0.0732,0.0969,0.118493,0.023423767,8.12e-05,0.089834587,-0.646068261,0.0118,0.0158,0.0181,0.0205,0.0228,0.026,0.0282,0.0316,0.0361,0.045
0.393,0.477,0.6044,0.0438,0.122,0.0584,0.0773,0.0989,0.101,0.9066,0.8395,0.9353,0.0605,0.0655,0.0838,0.120503,0.018377333,7.32e-05,0.155599189,-0.765584229,0.0064,0.0103,0.0129,0.0153,0.0184,0.0206,0.0244,0.026,0.0299,0.0403
0.4147,0.4208,0.7822,0.0387,0.1256,0.0498,0.0836,0.0888,0.1048,0.9023,0.8321,0.8105,0.0551,0.0769,0.0873,0.155719,0.019833201,5.32e-05,-0.03696747,-0.608349204,0.01,0.0132,0.0149,0.0175,0.0207,0.0218,0.0245,0.0263,0.0291,0.0391
0.3562,0.4722,0.7264,0.0382,0.1477,0.0594,0.0878,0.1062,0.1298,0.8854,0.8111,0.9603,0.0559,0.0718,0.0924,0.161458,0.023306402,9.17e-05,0.109224584,-0.633799636,0.0103,0.0142,0.0173,0.0208,0.0231,0.0255,0.0289,0.0318,0.0361,0.0472
0.3685,0.4108,0.6072,0.0426,0.1154,0.0554,0.086,0.0885,0.1073,0.8964,0.9306,0.9565,0.0579,0.0919,0.0963,0.212549,0.025202979,0.000113314,0.147810212,-0.550369786,0.011,0.0153,0.0193,0.0211,0.0249,0.028,0.0313,0.0346,0.0397,0.0515
0.3786,0.4884,0.7842,0.0446,0.1181,0.0576,0.067,0.0984,0.1059,0.8034,0.8781,0.9838,0.0802,0.0816,0.0836,0.125686,0.018093357,5.57e-05,0.031450748,-0.781012602,0.0099,0.0108,0.0148,0.0158,0.0185,0.0206,0.0225,0.0253,0.0276,0.0374
0.4132,0.4701,0.7252,0.036,0.1153,0.0466,0.0707,0.0758,0.1011,0.906,0.8606,0.9894,0.0658,0.0779,0.0918,0.111539,0.014303884,4.02e-05,0.091085182,-0.953024416,0.0057,0.0099,0.0112,0.012,0.0151,0.0158,0.0182,0.0206,0.0227,0.0296
0.3561,0.4539,0.6253,0.047,0.1267,0.0666,0.0795,0.0899,0.1158,0.907,0.8625,0.8638,0.0509,0.08,0.0976,0.184963,0.027280063,0.000157762,0.203427494,-0.562459763,0.0107,0.015,0.0195,0.0235,0.0261,0.0307,0.0345,0.0381,0.0442,0.0579
0.4061,0.4224,0.5785,0.0385,0.1233,0.0607,0.0624,0.0938,0.1088,0.8188,0.9297,0.9144,0.0669,0.0938,0.0946,0.165075,0.01956478,7.45e-05,0.006288237,-0.90047414,0.0068,0.0111,0.0145,0.0165,0.0198,0.0218,0.0252,0.0275,0.0316,0.0403
0.3839,0.4624,0.6654,0.0444,0.1303,0.0631,0.0877,0.0883,0.119,0.8382,0.859,0.894,0.0681,0.0722,0.0915,0.139946,0.021209108,8.63e-05,-0.011372925,-0.865160587,0.009,0.0119,0.0155,0.02,0.0213,0.0241,0.0261,0.0301,0.0344,0.0424
0.3803,0.4813,0.6155,0.0353,0.1273,0.0435,0.0734,0.0843,0.0981,0.8596,0.8617,0.9073,0.0633,0.0748,0.0856,0.131391,0.016889872,6.19e-05,0.256261335,-0.559087487,0.0063,0.0098,0.0117,0.0147,0.0164,0.0196,0.0211,0.0248,0.0273,0.0409
0.4092,0.4144,0.7019,0.0393,0.1377,0.0516,0.0894,0.0976,0.1147,0.8599,0.9523,0.977,0.0783,0.0956,0.1,0.16836,0.021148329,7.52e-05,0.065943043,-0.662197977,0.0101,0.0124,0.0158,0.0191,0.0213,0.0241,0.0258,0.0291,0.0329,0.043
0.4125,0.427,0.9292,0.0378,0.1314,0.06,0.0741,0.0905,0.1201,0.9032,0.9637,0.9703,0.0577,0.0658,0.0953,0.152731,0.027080524,8.47e-05,-0.364775303,-0.333685177,0.014,0.0198,0.0218,0.0254,0.027,0.0306,0.0328,0.0351,0.0387,0.0458
0.3513,0.4861,0.6486,0.041,0.1236,0.0573,0.0806,0.0926,0.1121,0.9874,0.8181,0.8043,0.0607,0.0683,0.0961,0.154465,0.019369752,7.03e-05,-0.012549042,-0.825915954,0.0071,0.0112,0.0146,0.0166,0.0199,0.0218,0.0251,0.027,0.0309,0.0406
0.3678,0.4275,0.5639,0.0385,0.143,0.0537,0.0822,0.084,0.1232,0.9504,0.8247,0.997,0.0564,0.06,0.0624,0.192156,0.021530876,9.29e-05,0.116342403,-0.750144206,0.0096,0.0126,0.0148,0.0192,0.0208,0.0242,0.0267,0.0306,0.0345,0.0456
0.4096,0.4858,0.6042,0.0398,0.1289,0.0581,0.0596,0.0937,0.1153,0.9648,0.9279,0.8088,0.0636,0.0857,0.0916,0.093522,0.015555529,5.13e-05,0.129334085,-0.909041501,0.0058,0.0095,0.011,0.0134,0.0155,0.0172,0.0206,0.0218,0.0255,0.0328
0.3971,0.4832,0.9195,0.0399,0.1133,0.0528,0.0705,0.0799,0.1051,0.9703,0.9196,0.8472,0.0571,0.0597,0.0982,0.113381,0.0209866,5.45e-05,-0.141188143,-0.386142124,0.011,0.0149,0.0163,0.0203,0.0212,0.023,0.0249,0.0268,0.0305,0.0424
0.3565,0.4339,0.6072,0.0359,0.1249,0.0526,0.087,0.0971,0.1192,0.8487,0.8961,0.872,0.0505,0.0568,0.0954,0.200222,0.025068982,0.000129486,0.227639807,-0.600725478,0.0108,0.0153,0.0188,0.0212,0.025,0.0276,0.0314,0.0353,0.0409,0.0532
0.417,0.4414,0.5819,0.0385,0.1429,0.0534,0.0921,0.0926,0.1233,0.9471,0.8773,0.9923,0.0511,0.0858,0.096,0.128844,0.017905865,6.62e-05,0.09585409,-0.839247009,0.0063,0.0106,0.012,0.0157,0.0175,0.0205,0.0222,0.0257,0.029,0.0377
0.3521,0.4957,0.8883,0.0378,0.1476,0.0515,0.0723,0.126,0.1346,0.8395,0.8982,0.9026,0.0519,0.0834,0.0975,0.138097,0.026524775,9.48e-05,-0.014709934,-0.493248641,0.014,0.0173,0.0213,0.0248,0.0266,0.0292,0.0318,0.0349,0.0399,0.0485
0.3719,0.4418,0.5988,0.0389,0.1337,0.0601,0.0757,0.099,0.1178,0.9052,0.8123,0.9179,0.0621,0.0844,0.0859,0.172814,0.022009403,9.44e-05,0.092261191,-0.665449977,0.0095,0.0116,0.0157,0.0202,0.0216,0.0248,0.0272,0.031,0.0352,0.0472
0.365,0.4871,0.859,0.0483,0.1442,0.0667,0.0881,0.1,0.1255,0.9538,0.879,0.9826,0.0794,0.0978,0.0986,0.132833,0.026378835,9.78e-05,0.175305186,-0.166977464,0.013,0.0174,0.0213,0.0234,0.0262,0.0288,0.0319,0.0348,0.0387,0.0559
0.3918,0.475,0.7157,0.0471,0.1376,0.0585,0.0946,0.1028,0.1262,0.935,0.881,0.8599,0.0665,0.0699,0.0702,0.124254,0.02059002,9.12e-05,0.280204941,-0.451089357,0.0092,0.0108,0.0145,0.0173,0.0207,0.0228,0.0255,0.0291,0.0331,0.0472
0.3633,0.4622,0.5291,0.0376,0.1325,0.0577,0.0678,0.0833,0.1167,0.9392,0.8613,0.9049,0.0502,0.0857,0.0865,0.164167,0.02093582,9.12e-05,0.196859485,-0.442192596,0.0095,0.0114,0.0152,0.0182,0.0205,0.0235,0.0263,0.0299,0.0331,0.0502
0.4034,0.4893,0.7968,0.0498,0.1304,0.0734,0.0803,0.099,0.115,0.9831,0.985,0.9572,0.063,0.0792,0.0849,0.092015,0.020288862,8.69e-05,0.220450682,-0.606795099,0.0088,0.012,0.014,0.0167,0.02,0.0219,0.0256,0.0286,0.0329,0.0456
0.3669,0.4225,0.8287,0.0463,0.1193,0.0618,0.0791,0.094,0.1003,0.9998,0.9457,0.8162,0.0553,0.0802,0.0905,0.202182,0.027740332,8.41e-05,-0.261881552,-0.342606894,0.0151,0.0194,0.0229,0.0255,0.0279,0.0311,0.0338,0.036,0.0387,0.0497
0.38,0.4653,0.7048,0.0497,0.1337,0.0731,0.0861,0.1058,0.1117,0.9903,0.8181,0.8702,0.0528,0.0535,0.0995,0.143145,0.022384678,9.62e-05,0.03015192,-0.88279496,0.01,0.0128,0.0163,0.0197,0.0219,0.0258,0.0283,0.0317,0.0359,0.045
0.3939,0.4334,0.6713,0.037,0.1305,0.0593,0.0776,0.0792,0.1181,0.8045,0.9931,0.8005,0.0524,0.0773,0.0863,0.162793,0.018669626,6.11e-05,-0.03292738,-0.870934208,0.0079,0.0107,0.0146,0.0157,0.0193,0.0206,0.0239,0.0259,0.0292,0.0364
0.3782,0.4942,0.6374,0.0382,0.1138,0.0597,0.0624,0.0802,0.0975,0.8918,0.873,0.8887,0.0508,0.0916,0.0916,0.121259,0.018732897,7.49e-05,0.169657235,-0.691713164,0.0065,0.0107,0.0142,0.0154,0.0195,0.0208,0.0243,0.0266,0.0307,0.0412
0.3739,0.4568,0.7237,0.0423,0.1314,0.056,0.0762,0.1044,0.1104,0.8176,0.9334,0.9332,0.0761,0.0827,0.0859,0.161109,0.022267442,8.2e-05,0.132493328,-0.50757022,0.01,0.0138,0.0163,0.0201,0.0215,0.0246,0.0268,0.0306,0.0343,0.0464
0.3851,0.416,0.5622,0.0439,0.1241,0.0685,0.079,0.1031,0.1057,0.9099,0.9338,0.8643,0.0626,0.0685,0.0795,0.19106,0.023995313,0.000108013,0.096459538,-0.650001794,0.0106,0.0149,0.0175,0.0207,0.0242,0.0262,0.0298,0.0334,0.038,0.0522
0.3983,0.4827,0.6943,0.0475,0.1436,0.0738,0.0964,0.1154,0.1177,0.9909,0.937,0.8427,0.0679,0.0846,0.087,0.104726,0.019811871,8.47e-05,0.141216795,-0.807937665,0.0068,0.011,0.0145,0.016,0.0203,0.0219,0.0252,0.0277,0.0323,0.0418
0.3799,0.4362,0.6312,0.0402,0.1248,0.0583,0.0836,0.098,0.1124,0.8404,0.851,0.9179,0.064,0.0765,0.0891,0.180512,0.022830979,9.32e-05,0.059651223,-0.562961957,0.0101,0.0142,0.0163,0.0211,0.023,0.026,0.0281,0.0318,0.0353,0.0492
0.3592,0.4763,0.5636,0.0466,0.1475,0.0561,0.0744,0.105,0.1207,0.8321,0.8391,0.9524,0.0788,0.0827,0.0904,0.159841,0.02140227,9.43e-05,0.169721427,-0.5482496,0.0094,0.0113,0.015,0.0185,0.0214,0.0249,0.0269,0.0301,0.0339,0.0485
0.3705,0.4433,0.6084,0.0353,0.1353,0.0544,0.0742,0.1011,0.1187,0.9936,0.8946,0.9649,0.0732,0.0955,0.0983,0.175982,0.021677195,8.78e-05,0.026471403,-0.746629809,0.0095,0.0124,0.016,0.0202,0.0218,0.0247,0.0267,0.0305,0.0341,0.0433
0.4043,0.4828,0.5304,0.0459,0.1102,0.0536,0.0757,0.0792,0.1004,0.991,0.9789,0.9167,0.0669,0.0683,0.0927,0.104144,0.016434751,5.7e-05,0.152602451,-0.791908931,0.0061,0.0102,0.0112,0.0151,0.0162,0.0198,0.0208,0.023,0.0263,0.0377
0.3654,0.4034,0.7694,0.0463,0.1164,0.0634,0.0781,0.091,0.1038,0.8338,0.8194,0.9211,0.0778,0.0948,0.0965,0.226297,0.029510457,9.72e-05,-0.226544319,-0.495885922,0.0158,0.0205,0.0244,0.0268,0.0299,0.0328,0.0355,0.0383,0.042,0.0522
0.3884,0.4202,0.5209,0.0438,0.1185,0.0631,0.0853,0.0861,0.0971,0.838,0.9283,0.81,0.078,0.0899,0.094,0.185957,0.021562755,8.74e-05,-0.022029181,-0.760612188,0.0093,0.0112,0.0153,0.0198,0.0213,0.0244,0.0267,0.0306,0.0338,0.0464
0.4059,0.4706,0.7565,0.0431,0.1302,0.0614,0.0786,0.1019,0.1212,0.8186,0.8024,0.9336,0.0722,0.0733,0.0941,0.115988,0.018049089,6.33e-05,0.072718127,-0.90250484,0.0064,0.0113,0.0126,0.0154,0.0178,0.0209,0.0225,0.026,0.0293,0.0357
0.359,0.4165,0.6024,0.0415,0.138,0.0646,0.0828,0.0863,0.1164,0.8829,0.9078,0.8826,0.0718,0.0761,0.0908,0.215338,0.026986818,0.000121908,0.090661026,-0.630865706,0.0118,0.0166,0.0207,0.0246,0.0269,0.0303,0.0336,0.0365,0.0414,0.0536
0.3714,0.4273,0.8279,0.0354,0.1169,0.045,0.067,0.0901,0.0916,0.902,0.8464,0.997,0.0502,0.0593,0.089,0.195228,0.022353401,6.07e-05,-0.089686342,-0.387480111,0.0108,0.0148,0.0183,0.0205,0.0221,0.0245,0.0264,0.0298,0.0326,0.0464
0.4039,0.412,0.7552,0.0415,0.1115,0.0544,0.069,0.093,0.1001,0.8947,0.8202,0.9275,0.0552,0.0789,0.0816,0.177478,0.021706227,6.25e-05,-0.106532001,-0.710615892,0.0107,0.0145,0.0167,0.0198,0.0215,0.0248,0.026,0.0294,0.0324,0.0403
0.3723,0.4418,0.9128,0.0491,0.147,0.0649,0.0907,0.1182,0.1242,0.842,0.8029,0.9057,0.05,0.055,0.0615,0.170628,0.033106447,0.00013343,-0.248580032,-0.377583832,0.0178,0.0233,0.0263,0.0305,0.0342,0.0365,0.0401,0.0437,0.0473,0.0579
0.3695,0.4906,0.5787,0.0482,0.1271,0.0586,0.0756,0.1,0.1101,0.9995,0.9726,0.868,0.0601,0.0625,0.0729,0.130146,0.019290733,7.83e-05,0.149182914,-0.717533684,0.0067,0.0109,0.0144,0.0158,0.02,0.0212,0.0242,0.0274,0.0312,0.0415
0.4094,0.4902,0.9304,0.0492,0.1324,0.0596,0.0884,0.0983,0.1039,0.8475,0.9089,0.8129,0.0704,0.0836,0.0854,0.091984,0.022544554,6.71e-05,-0.150917005,-0.612908762,0.0111,0.0151,0.0181,0.0203,0.0224,0.0252,0.0269,0.0306,0.0333,0.0403
0.4033,0.4551,0.5505,0.0439,0.1323,0.0499,0.0746,0.0943,0.1251,0.8327,0.8522,0.9942,0.0534,0.0636,0.0692,0.134864,0.016320106,5.23e-05,0.063011639,-0.846090871,0.0061,0.0104,0.0118,0.0145,0.0158,0.0199,0.0209,0.0226,0.0257,0.035
0.3963,0.462,0.7017,0.042,0.1477,0.0537,0.0895,0.0999,0.1296,0.8175,0.8524,0.9162,0.0639,0.0656,0.0807,0.132416,0.019074942,6.91e-05,0.034131538,-0.836267798,0.0072,0.0107,0.0139,0.0158,0.0202,0.0216,0.0244,0.0265,0.0305,0.0391
0.3588,0.4716,0.6201,0.0478,0.1367,0.069,0.081,0.1043,0.113,0.9464,0.9115,0.8621,0.0692,0.0809,0.0872,0.156008,0.023462664,0.000113065,0.096476065,-0.825241325,0.0097,0.0135,0.0166,0.0207,0.0235,0.0259,0.0296,0.0338,0.0383,0.0474
0.3616,0.4887,0.5496,0.0407,0.1241,0.0596,0.0807,0.0844,0.1102,0.8804,0.9008,0.8752,0.0749,0.0767,0.0811,0.142632,0.021985177,0.000108923,0.279553305,-0.514924375,0.0098,0.0118,0.0156,0.0193,0.0211,0.0245,0.0273,0.0312,0.0358,0.0522
0.3568,0.4981,0.7872,0.0452,0.1202,0.0552,0.0725,0.0835,0.1015,0.8258,0.929,0.9872,0.0868,0.0885,0.0972,0.141385,0.020782898,6.93e-05,0.011673071,-0.752022071,0.0098,0.0127,0.0155,0.019,0.0207,0.0236,0.0258,0.0287,0.0322,0.0406
0.4089,0.4715,0.6364,0.0466,0.1487,0.0727,0.0925,0.1121,0.1324,0.8468,0.816,0.8082,0.0643,0.0735,0.0855,0.108572,0.021081344,9.87e-05,0.217333223,-0.647933579,0.0071,0.0109,0.0149,0.0182,0.0211,0.0244,0.0264,0.0298,0.0356,0.0482
0.4141,0.4074,0.5104,0.0489,0.1498,0.0726,0.0945,0.1075,0.1332,0.9692,0.8509,0.9854,0.0684,0.0782,0.0926,0.159332,0.023022077,0.000101481,-0.012178745,-0.828809819,0.01,0.015,0.0167,0.0202,0.0228,0.0261,0.0292,0.0323,0.0366,0.045
0.3796,0.4736,0.8247,0.0407,0.1224,0.0577,0.0876,0.0887,0.1027,0.8377,0.946,0.8845,0.0665,0.0891,0.0959,0.140196,0.022456604,7.02e-05,-0.005553126,-0.573878781,0.0117,0.0142,0.0172,0.0202,0.0219,0.0251,0.027,0.0304,0.0333,0.0458
0.3798,0.4247,0.8311,0.0385,0.1495,0.0535,0.068,0.0858,0.1378,0.9562,0.8193,0.9388,0.0622,0.0653,0.0889,0.178477,0.024622229,7.52e-05,-0.033711791,-0.310603496,0.0139,0.0162,0.0196,0.022,0.0248,0.0267,0.0299,0.0327,0.0358,0.05
0.3759,0.4352,0.8753,0.0461,0.1201,0.0589,0.0881,0.0931,0.1116,0.998,0.807,0.9638,0.0666,0.0769,0.0975,0.176707,0.027831915,8.64e-05,-0.329812881,-0.402763499,0.0149,0.0204,0.0226,0.0254,0.0285,0.0311,0.0345,0.0362,0.0394,0.0472
0.3726,0.4588,0.9417,0.043,0.1124,0.0584,0.0759,0.089,0.0966,0.9542,0.8023,0.8333,0.0535,0.077,0.0775,0.163061,0.027193407,8.73e-05,-0.406817997,-0.295422629,0.0138,0.02,0.0224,0.0248,0.0271,0.0307,0.033,0.0355,0.0387,0.0461
0.3708,0.4695,0.523,0.0407,0.138,0.0498,0.087,0.0897,0.12,0.9499,0.8797,0.8689,0.0568,0.075,0.0779,0.1502,0.020210908,9.17e-05,0.283179191,-0.506079874,0.007,0.0118,0.0139,0.0166,0.0201,0.0218,0.0254,0.0281,0.0331,0.0458
0.3663,0.4626,0.5636,0.042,0.132,0.065,0.0685,0.1014,0.1083,0.8606,0.959,0.9491,0.0521,0.0849,0.0895,0.157199,0.021849815,9.65e-05,0.07013303,-0.793783944,0.0094,0.0125,0.0149,0.0195,0.0215,0.0246,0.0268,0.0309,0.0357,0.0453
0.3936,0.459,0.7193,0.0357,0.1238,0.0505,0.0763,0.0817,0.1077,0.878,0.8612,0.9615,0.0532,0.0551,0.0865,0.136304,0.017421193,5.85e-05,0.092299236,-0.825159879,0.0063,0.0111,0.0123,0.0151,0.0168,0.0204,0.0216,0.0252,0.0274,0.0354
0.3553,0.4522,0.8702,0.0482,0.1365,0.0665,0.081,0.1036,0.1241,0.8804,0.9221,0.9043,0.0613,0.0638,0.0815,0.179874,0.033362871,0.000145701,0.072546707,-0.208886807,0.019,0.0228,0.0262,0.0301,0.0338,0.0364,0.0397,0.0437,0.0493,0.0642
0.4121,0.4038,0.8895,0.0385,0.1161,0.0514,0.0703,0.0876,0.0991,0.9988,0.8705,0.8596,0.0634,0.0879,0.091,0.17986,0.023386198,5.97e-05,-0.4218658,-0.382221936,0.0118,0.0159,0.0205,0.0217,0.0243,0.026,0.0277,0.0307,0.0326,0.0391
0.3803,0.4944,0.9463,0.0421,0.1191,0.0463,0.0756,0.0972,0.1005,0.9822,0.9693,0.8443,0.0544,0.072,0.0865,0.114562,0.02321364,7.4e-05,-0.112209363,-0.404297724,0.0119,0.015,0.0195,0.0207,0.0233,0.0258,0.0274,0.0311,0.0344,0.0458
0.3961,0.4195,0.8399,0.0437,0.1243,0.0614,0.0739,0.0854,0.1144,0.8239,0.983,0.804,0.0547,0.0697,0.0698,0.179442,0.02375685,6.25e-05,-0.297054931,-0.477414908,0.0133,0.0162,0.0198,0.0216,0.0249,0.026,0.0286,0.0312,0.0338,0.0403
0.4034,0.4833,0.7275,0.0443,0.117,0.0488,0.0691,0.0979,0.0991,0.9115,0.813,0.8501,0.0714,0.0796,0.09,0.108525,0.015730777,4.98e-05,0.077600957,-0.921094967,0.0059,0.0096,0.0111,0.0146,0.0155,0.0175,0.0205,0.0219,0.0251,0.0324
0.3798,0.4812,0.8032,0.0499,0.1384,0.0629,0.0781,0.1089,0.11,0.9629,0.9052,0.9784,0.0599,0.0623,0.0657,0.124,0.02340377,0.000100901,0.179462821,-0.747131806,0.0112,0.0136,0.0164,0.0202,0.0227,0.0256,0.0287,0.0327,0.0371,0.0453
0.4022,0.4526,0.7095,0.0485,0.1461,0.0711,0.0865,0.1,0.1219,0.9075,0.864,0.9209,0.0669,0.0735,0.0879,0.140406,0.023595959,0.000100527,0.075600283,-0.649077594,0.0103,0.0144,0.0171,0.0214,0.025,0.0264,0.0295,0.0329,0.0369,0.0492
0.4056,0.471,0.7203,0.0433,0.1278,0.066,0.078,0.0986,0.1038,0.8306,0.9628,0.8019,0.0614,0.0886,0.0922,0.118418,0.018010199,6.59e-05,0.094676929,-0.868090743,0.0063,0.0104,0.0117,0.0153,0.0176,0.0202,0.0229,0.0257,0.0292,0.0364
0.415,0.4051,0.944,0.0376,0.1129,0.0563,0.0699,0.0822,0.1009,0.8751,0.8409,0.8038,0.0512,0.0518,0.0721,0.174436,0.026366143,8.24e-05,-0.470831252,-0.338483622,0.0151,0.0193,0.0216,0.0255,0.0267,0.0298,0.0319,0.0354,0.0369,0.045
0.3505,0.4279,0.6699,0.0444,0.1124,0.0636,0.0663,0.0861,0.1043,0.9824,0.8418,0.9118,0.0659,0.079,0.0998,0.218572,0.025449539,9.48e-05,-0.079688514,-0.736525489,0.0111,0.0159,0.0205,0.0228,0.0259,0.0285,0.0314,0.0347,0.0378,0.0482
0.406,0.4032,0.55,0.0387,0.1396,0.0568,0.0862,0.096,0.1176,0.8461,0.864,0.8572,0.0604,0.0936,0.0988,0.178864,0.022305885,0.000102863,0.229486605,-0.295123791,0.0102,0.0122,0.0165,0.0205,0.0221,0.0257,0.0272,0.0312,0.0358,0.0548
0.3662,0.4299,0.6196,0.0486,0.1216,0.059,0.084,0.0996,0.1088,0.8482,0.8915,0.9089,0.0561,0.0608,0.0742,0.195825,0.025655898,0.000125494,0.169938581,-0.65481813,0.0112,0.0159,0.0201,0.0219,0.0258,0.0281,0.0318,0.0363,0.0412,0.0548
0.3752,0.4465,0.5473,0.0364,0.1494,0.0586,0.0624,0.1011,0.1429,0.9179,0.8588,0.9815,0.0753,0.0903,0.0918,0.165937,0.021079299,9.44e-05,0.176204455,-0.522397839,0.0073,0.0116,0.0154,0.0184,0.0207,0.024,0.0262,0.0299,0.0337,0.0522
0.3737,0.4087,0.7165,0.0445,0.1294,0.0547,0.0875,0.0921,0.1117,0.8448,0.947,0.9075,0.0714,0.0783,0.0965,0.208594,0.025930492,8.83e-05,0.027908037,-0.540087644,0.0143,0.0165,0.0202,0.0232,0.0255,0.0285,0.0314,0.0348,0.0384,0.0515
0.3757,0.4755,0.7537,0.0445,0.142,0.0608,0.0946,0.1072,0.1269,0.9306,0.8669,0.85,0.0573,0.0672,0.0875,0.139889,0.023368416,0.000100677,0.14560995,-0.659882723,0.0103,0.0142,0.0163,0.021,0.0232,0.026,0.0291,0.0325,0.0369,0.049
0.4026,0.4179,0.7887,0.04,0.1412,0.0538,0.0885,0.1069,0.124,0.8782,0.9138,0.952,0.0661,0.0825,0.0931,0.171044,0.024921814,8.58e-05,0.027502642,-0.595229185,0.0117,0.0159,0.0193,0.0217,0.0249,0.027,0.0307,0.034,0.0367,0.05
0.36,0.4603,0.6547,0.0414,0.1154,0.0602,0.0624,0.0788,0.0968,0.973,0.8814,0.9662,0.0501,0.0505,0.0945,0.173141,0.021424779,8.48e-05,0.037611956,-0.740618491,0.0095,0.0123,0.0158,0.0194,0.0215,0.0245,0.0265,0.0303,0.0338,0.043
0.3974,0.4751,0.5578,0.0371,0.1357,0.0651,0.081,0.0971,0.1237,0.9661,0.9723,0.9908,0.0693,0.0943,0.0963,0.111807,0.019311366,7.89e-05,0.137976621,-0.724639641,0.0068,0.0112,0.0149,0.0162,0.0206,0.0219,0.025,0.0272,0.0312,0.0439
0.3876,0.4157,0.6607,0.0358,0.1295,0.0525,0.071,0.0971,0.1045,0.8702,0.9463,0.9778,0.0571,0.0696,0.0749,0.186077,0.020732937,6.95e-05,0.107698005,-0.424587648,0.0099,0.0127,0.0156,0.0188,0.0211,0.0235,0.0258,0.028,0.0313,0.0482
0.4175,0.4715,0.813,0.0351,0.1495,0.0545,0.0853,0.1116,0.1213,0.9056,0.8648,0.9059,0.0522,0.0734,0.098,0.099097,0.018002724,6.25e-05,0.290052852,-0.409183524,0.0077,0.0108,0.0137,0.0153,0.0173,0.0201,0.022,0.0252,0.0288,0.0406
0.3647,0.4823,0.5268,0.0368,0.1474,0.052,0.0758,0.0893,0.1289,0.8793,0.9431,0.852,0.0615,0.0749,0.0851,0.138584,0.019388103,8.23e-05,0.23558342,-0.547116025,0.0068,0.0104,0.0138,0.016,0.0201,0.0215,0.0246,0.027,0.0315,0.0472
0.3527,0.4942,0.9485,0.0445,0.1481,0.064,0.0731,0.1083,0.1312,0.8562,0.9642,0.9021,0.0804,0.0962,0.0993,0.141432,0.031020391,0.00012209,-0.237002605,-0.359710484,0.015,0.0219,0.0253,0.0283,0.0317,0.0344,0.0372,0.0403,0.0449,0.0559
0.3827,0.4083,0.7198,0.0487,0.1284,0.0589,0.0768,0.1054,0.115,0.8044,0.8933,0.923,0.0676,0.0766,0.0932,0.199713,0.025893705,9.01e-05,-0.013836271,-0.5948577,0.0134,0.0163,0.0213,0.0232,0.0257,0.0286,0.0316,0.0347,0.0381,0.0495
0.4138,0.4812,0.6073,0.0428,0.1191,0.0518,0.0704,0.09,0.1052,0.892,0.824,0.8652,0.0554,0.0686,0.0959,0.098379,0.015511763,5.27e-05,0.238131091,-0.694854232,0.006,0.0099,0.0107,0.0125,0.0154,0.017,0.0199,0.0217,0.0251,0.0367
0.3616,0.4532,0.6261,0.0448,0.1229,0.0593,0.0731,0.0812,0.107,0.9035,0.8952,0.9205,0.0511,0.0839,0.0889,0.176153,0.02326082,0.000108223,0.175043524,-0.569455654,0.0102,0.0144,0.0162,0.02,0.0227,0.0255,0.0292,0.0325,0.037,0.0515
0.388,0.4379,0.583,0.0403,0.1326,0.0611,0.0626,0.0999,0.1083,0.8469,0.9419,0.9744,0.0747,0.0886,0.0988,0.169461,0.021122797,8.57e-05,-0.039561398,-0.895416921,0.0089,0.0119,0.0154,0.0195,0.0212,0.0242,0.0263,0.0302,0.0334,0.0424
0.4173,0.4541,0.8034,0.038,0.1134,0.0473,0.0801,0.0858,0.0988,0.9879,0.8396,0.918,0.0551,0.0744,0.0997,0.121902,0.016748237,4.51e-05,0.052338827,-0.703014136,0.0074,0.0111,0.0122,0.0147,0.016,0.0199,0.0207,0.0226,0.0255,0.0346
0.3701,0.4153,0.7165,0.0457,0.1394,0.0637,0.0855,0.0906,0.1334,0.8132,0.912,0.8689,0.0752,0.0786,0.0871,0.203002,0.027386906,9.63e-05,-0.036180727,-0.56035686,0.0147,0.0189,0.0217,0.0246,0.0272,0.0305,0.0329,0.0362,0.0406,0.0512
0.3896,0.403,0.5828,0.0378,0.1203,0.0551,0.0707,0.0842,0.1039,0.8806,0.9116,0.9108,0.0505,0.0829,0.0966,0.203236,0.022712821,9.47e-05,0.070856404,-0.629102317,0.01,0.0139,0.0159,0.0209,0.0226,0.0258,0.0276,0.0315,0.0352,0.049
0.3807,0.4064,0.6601,0.0397,0.1441,0.0513,0.0817,0.1032,0.1328,0.9837,0.8362,0.8891,0.0514,0.0847,0.091,0.203167,0.022785362,7.85e-05,-0.013417632,-0.689172398,0.0112,0.0153,0.0167,0.02,0.0227,0.0257,0.0278,0.0309,0.0349,0.0442
0.3922,0.4508,0.8982,0.0397,0.142,0.0598,0.073,0.0781,0.1142,0.9423,0.8089,0.9865,0.0749,0.0876,0.0892,0.153822,0.024799855,6.86e-05,-0.350760604,-0.423620228,0.0146,0.0172,0.0208,0.0231,0.0252,0.0271,0.0302,0.0325,0.0356,0.0427
0.379,0.4319,0.8621,0.0394,0.1495,0.0608,0.07,0.1258,0.1378,0.846,0.8209,0.8341,0.0544,0.0549,0.0562,0.175131,0.03193175,0.000162433,0.242299915,-0.410209916,0.0156,0.0211,0.0245,0.0277,0.0309,0.0346,0.0382,0.0433,0.0497,0.0634
0.3901,0.4588,0.8836,0.0405,0.1423,0.0533,0.079,0.0953,0.1117,0.8302,0.8357,0.9732,0.0812,0.0861,0.0886,0.13799,0.02167629,5.6e-05,-0.174090674,-0.473753481,0.0112,0.0149,0.0172,0.02,0.0216,0.0247,0.0259,0.0283,0.0316,0.0403
0.3555,0.4131,0.6354,0.0378,0.1411,0.0451,0.0852,0.0993,0.127,0.8956,0.8281,0.8836,0.0628,0.0747,0.0932,0.220262,0.024950628,0.000106642,0.154165241,-0.557509064,0.0111,0.0155,0.0192,0.0216,0.0245,0.0273,0.0308,0.0341,0.0391,0.0512
0.3837,0.4046,0.7612,0.0412,0.1486,0.0617,0.0932,0.0973,0.1149,0.8948,0.9957,0.9037,0.0791,0.0927,0.0937,0.205962,0.028974065,0.000107831,-0.07555218,-0.549542205,0.0143,0.019,0.0231,0.0258,0.0291,0.0322,0.0352,0.0386,0.0423,0.0572
0.4051,0.4131,0.5215,0.0435,0.132,0.066,0.0791,0.1058,0.1184,0.9549,0.8579,0.9609,0.0633,0.0757,0.0899,0.174966,0.022607369,9.87e-05,-0.000204223,-0.84300678,0.0098,0.0129,0.0164,0.0198,0.0227,0.0261,0.0286,0.0319,0.036,0.0447
0.391,0.4403,0.8295,0.0489,0.127,0.0674,0.0754,0.101,0.1076,0.8354,0.9187,0.9708,0.0654,0.0738,0.0927,0.162313,0.026585028,8.8e-05,-0.155152937,-0.602709473,0.014,0.0189,0.0214,0.0247,0.0265,0.0297,0.0322,0.0358,0.0389,0.0477
0.4029,0.4966,0.6069,0.038,0.1326,0.0601,0.0728,0.0932,0.1202,0.966,0.9311,0.9259,0.0593,0.072,0.0734,0.091896,0.01663357,6.01e-05,0.135491555,-0.921090138,0.006,0.0103,0.0118,0.0145,0.016,0.0195,0.0213,0.0248,0.027,0.0354
0.3839,0.4878,0.6396,0.0411,0.1161,0.0605,0.0666,0.0821,0.1046,0.9873,0.9,0.8109,0.066,0.0775,0.0922,0.123324,0.0172513,6.18e-05,0.059028548,-0.949529823,0.0061,0.0106,0.012,0.0148,0.0166,0.0205,0.0215,0.0251,0.0273,0.035
0.3799,0.4178,0.7243,0.05,0.1476,0.0675,0.0744,0.1151,0.1306,0.8224,0.9952,0.9071,0.0649,0.0985,0.0988,0.195241,0.026311387,8.6e-05,-0.171571861,-0.657858292,0.0136,0.0176,0.0211,0.0244,0.0261,0.0297,0.0318,0.0353,0.0382,0.0472
0.4092,0.4609,0.9376,0.0377,0.1346,0.0511,0.0723,0.0964,0.1212,0.9202,0.9183,0.8792,0.057,0.0606,0.0871,0.119762,0.023749896,7.88e-05,0.023569435,-0.144350192,0.0113,0.0157,0.019,0.0209,0.0238,0.026,0.0285,0.0315,0.0349,0.0497
0.3577,0.4868,0.8657,0.0404,0.1287,0.0508,0.0856,0.0964,0.1127,0.9616,0.8589,0.8001,0.0723,0.0798,0.0872,0.149943,0.02359942,7.65e-05,0.066457774,-0.371036325,0.0111,0.0154,0.0201,0.0214,0.0243,0.0258,0.0285,0.0314,0.0355,0.0477
0.3737,0.4035,0.8875,0.0491,0.1355,0.0646,0.0847,0.1057,0.1177,0.9419,0.8385,0.8232,0.0634,0.069,0.0793,0.21133,0.032110148,9.81e-05,-0.518983597,0.029419081,0.0197,0.0247,0.0275,0.0309,0.0335,0.0355,0.0379,0.0406,0.0441,0.0532
0.4016,0.4166,0.6184,0.0374,0.1466,0.0654,0.085,0.1149,0.1232,0.9444,0.8731,0.8605,0.065,0.0657,0.0746,0.172925,0.022878061,9.42e-05,0.031438834,-0.783518289,0.0098,0.0136,0.0164,0.0203,0.0226,0.0253,0.0286,0.0323,0.0359,0.0464
0.4053,0.4041,0.905,0.0475,0.1438,0.0687,0.0863,0.1051,0.1112,0.9713,0.8247,0.9531,0.058,0.0611,0.0754,0.181543,0.030981091,0.000105474,-0.410900227,-0.32437731,0.017,0.0221,0.0251,0.0286,0.0317,0.0355,0.037,0.0405,0.044,0.051
0.4199,0.4085,0.8283,0.04,0.127,0.0499,0.0675,0.1014,0.1087,0.9605,0.8057,0.8909,0.0542,0.0566,0.0914,0.161935,0.020580612,4.94e-05,-0.187977349,-0.553213582,0.0106,0.0149,0.016,0.0195,0.0206,0.0224,0.0249,0.0264,0.0297,0.0367
0.4058,0.4129,0.7899,0.0494,0.1389,0.0654,0.0893,0.0977,0.1196,0.8656,0.8466,0.8186,0.0567,0.0646,0.0914,0.165977,0.026803182,9.37e-05,-0.039356788,-0.558196279,0.0144,0.0183,0.0207,0.0242,0.0267,0.0301,0.0319,0.0357,0.0399,0.0502
0.3691,0.4195,0.7039,0.0487,0.1488,0.0645,0.0978,0.1079,0.1299,0.8418,0.9565,0.986,0.0814,0.096,0.0993,0.204888,0.030178419,0.000143906,0.209050101,-0.444488707,0.0145,0.0198,0.0232,0.0265,0.0298,0.0334,0.0363,0.0407,0.0464,0.0618
0.3627,0.4419,0.9106,0.0449,0.1374,0.0685,0.0887,0.1114,0.1256,0.9368,0.8616,0.8549,0.0681,0.0725,0.0955,0.182247,0.034569705,0.000138409,-0.23207428,-0.079350257,0.0201,0.0242,0.0291,0.0318,0.0356,0.038,0.0414,0.0449,0.0483,0.0654
0.4037,0.4033,0.6329,0.0465,0.1162,0.0553,0.0751,0.0875,0.107,0.9039,0.8672,0.8603,0.0715,0.0766,0.0787,0.189471,0.022057414,7.86e-05,-0.040079108,-0.740097292,0.0108,0.0151,0.0166,0.0198,0.0219,0.0256,0.0268,0.0303,0.0344,0.045
0.4028,0.4386,0.6377,0.0407,0.1157,0.0554,0.0588,0.0909,0.1039,0.9475,0.9371,0.8389,0.0511,0.0663,0.088,0.154631,0.018454368,6.25e-05,-0.041363448,-0.879727708,0.0065,0.0106,0.0145,0.0156,0.0193,0.0205,0.0237,0.0259,0.0289,0.0364
0.3909,0.4079,0.9108,0.0409,0.1222,0.0575,0.0718,0.0926,0.098,0.8125,0.8593,0.9697,0.0521,0.0721,0.0952,0.196679,0.027163633,7.79e-05,-0.482831581,-0.231690348,0.0144,0.02,0.0226,0.0256,0.0273,0.0307,0.0328,0.0351,0.0379,0.0458
0.3523,0.4674,0.6982,0.0478,0.1488,0.065,0.089,0.1099,0.1264,0.8617,0.8105,0.9806,0.0559,0.0742,0.0947,0.167139,0.024246119,9.99e-05,0.028149848,-0.814475603,0.0114,0.0156,0.0185,0.0208,0.0253,0.0266,0.03,0.035,0.0378,0.045
0.3925,0.4329,0.8412,0.0441,0.1118,0.0587,0.0665,0.0964,0.107,0.9627,0.9532,0.9488,0.0928,0.093,0.0945,0.168155,0.026460981,9.08e-05,0.026681295,-0.272703766,0.0151,0.0181,0.0214,0.025,0.0264,0.0295,0.0314,0.0353,0.0382,0.0543
0.3951,0.4545,0.7643,0.0481,0.1131,0.0579,0.0658,0.0879,0.0967,0.9627,0.8453,0.933,0.0863,0.0911,0.0951,0.142634,0.020023218,6.04e-05,-0.104136174,-0.828577272,0.0102,0.0113,0.0154,0.0177,0.0202,0.0221,0.0249,0.0268,0.0308,0.0367
0.3794,0.4021,0.5781,0.0419,0.1242,0.0656,0.0697,0.0826,0.1,0.8052,0.8819,0.9338,0.0636,0.066,0.0915,0.214705,0.023354898,8.9e-05,-0.099405085,-0.838219917,0.0108,0.015,0.0175,0.0211,0.0242,0.0259,0.0299,0.0326,0.0353,0.043
0.3677,0.4122,0.8823,0.0389,0.1175,0.0642,0.0676,0.087,0.109,0.8761,0.8478,0.9788,0.0665,0.0733,0.0733,0.212941,0.029789676,9.09e-05,-0.433056269,-0.189314839,0.0161,0.0221,0.025,0.0272,0.0308,0.0334,0.0355,0.0381,0.0418,0.0495
0.3818,0.4286,0.7739,0.0435,0.1365,0.0591,0.069,0.1044,0.1187,0.987,0.8786,0.9938,0.0688,0.0799,0.0985,0.184094,0.025923664,8.97e-05,-0.051295504,-0.619252527,0.013,0.0169,0.0209,0.0241,0.0259,0.0289,0.0317,0.0353,0.0376,0.0477
0.3664,0.4411,0.719,0.0373,0.1493,0.0591,0.0891,0.113,0.1264,0.9625,0.9219,0.859,0.0834,0.0917,0.0966,0.180196,0.0261472,0.000118983,0.33046072,-0.160042298,0.0122,0.0155,0.0198,0.0229,0.0258,0.0286,0.0318,0.0349,0.0402,0.0604
0.3678,0.4802,0.6135,0.0365,0.1431,0.0493,0.0668,0.1082,0.1151,0.9675,0.8306,0.9235,0.0583,0.0863,0.0924,0.14412,0.018657309,7.59e-05,0.250563171,-0.501591013,0.0067,0.0111,0.0133,0.0161,0.0189,0.0206,0.0242,0.0265,0.0309,0.0447
0.3616,0.4749,0.7432,0.0405,0.1198,0.0674,0.0763,0.0866,0.0992,0.9144,0.943,0.8783,0.0622,0.0891,0.0945,0.158203,0.023874698,9.86e-05,0.139737061,-0.57361416,0.0106,0.0147,0.0177,0.0203,0.0237,0.0263,0.0299,0.0329,0.0371,0.0497
0.3584,0.4766,0.8673,0.0495,0.1243,0.0612,0.088,0.0914,0.097,0.9904,0.9734,0.9291,0.052,0.0634,0.0792,0.157897,0.029033848,0.000115277,0.094020763,-0.267610154,0.0147,0.0194,0.0231,0.0255,0.0287,0.0319,0.0349,0.0383,0.0436,0.0579
0.3755,0.4445,0.7819,0.0495,0.1248,0.0684,0.0835,0.0928,0.1098,0.8913,0.9427,0.8145,0.0688,0.0769,0.0783,0.174429,0.025898065,8.38e-05,-0.107051778,-0.608580679,0.0137,0.0173,0.021,0.0241,0.0258,0.0286,0.0313,0.035,0.0376,0.0474
0.3634,0.4389,0.7947,0.0461,0.1433,0.0545,0.096,0.1078,0.1172,0.9557,0.8551,0.8131,0.0558,0.0685,0.0924,0.190258,0.027400721,9.8e-05,0.055106905,-0.370494754,0.0153,0.0198,0.0217,0.0253,0.0267,0.0304,0.0335,0.0361,0.0404,0.0541
0.4193,0.4096,0.9137,0.0373,0.1297,0.0619,0.0781,0.1113,0.1171,0.8366,0.8004,0.968,0.0592,0.0617,0.0737,0.165636,0.025540358,7.6e-05,-0.35088117,-0.314859506,0.0147,0.0184,0.0213,0.0243,0.0258,0.0281,0.0311,0.0334,0.0363,0.043
0.3641,0.4219,0.6701,0.0451,0.1227,0.0598,0.0812,0.0972,0.1113,0.8716,0.8507,0.9365,0.0501,0.0588,0.0716,0.206077,0.025851641,0.000102879,-0.00634969,-0.778642449,0.0111,0.0159,0.0206,0.0227,0.0257,0.0289,0.032,0.0358,0.0397,0.0477
0.3822,0.4168,0.8668,0.0425,0.1287,0.0629,0.0725,0.1054,0.1136,0.8077,0.8972,0.8273,0.0649,0.0876,0.0931,0.19171,0.029718517,9.7e-05,-0.326923376,-0.390812373,0.0162,0.0208,0.0243,0.0272,0.0305,0.0329,0.036,0.0389,0.0418,0.0512
0.415,0.4874,0.7359,0.0434,0.123,0.0546,0.0623,0.0881,0.1085,0.8458,0.8466,0.8699,0.0666,0.0727,0.0948,0.089904,0.01546264,4.95e-05,0.099882845,-0.947659319,0.0059,0.0095,0.0111,0.0134,0.0156,0.0172,0.0207,0.0218,0.0254,0.0332
0.3608,0.485,0.8584,0.0368,0.1314,0.0515,0.0915,0.0964,0.1067,0.8458,0.8144,0.8958,0.077,0.0905,0.099,0.143525,0.025049516,9.4e-05,0.11885259,-0.514226516,0.0115,0.0156,0.0206,0.0222,0.0255,0.0269,0.0308,0.0337,0.0379,0.0492
0.4139,0.4199,0.6797,0.041,0.1194,0.0536,0.0691,0.0853,0.1061,0.9957,0.8717,0.9465,0.063,0.0767,0.0892,0.160603,0.018510562,5.88e-05,0.030848146,-0.722164888,0.0099,0.0109,0.015,0.016,0.0196,0.0209,0.023,0.0255,0.0283,0.0374
0.4044,0.4665,0.5038,0.0436,0.1225,0.0551,0.0644,0.1009,0.102,0.9816,0.8497,0.8163,0.0515,0.0635,0.0804,0.121124,0.015815465,4.97e-05,0.050848557,-0.944729941,0.0059,0.0096,0.0111,0.0146,0.0157,0.0178,0.0207,0.0222,0.0253,0.032
0.4151,0.4274,0.7978,0.0468,0.1128,0.0672,0.0754,0.0857,0.1001,0.8095,0.896,0.988,0.0625,0.0636,0.0645,0.150388,0.020626859,5.22e-05,-0.174391179,-0.672224224,0.0113,0.0145,0.0161,0.0197,0.0211,0.0228,0.0254,0.0268,0.0305,0.0354
0.3676,0.4298,0.7223,0.0356,0.1224,0.0542,0.0601,0.0955,0.097,0.9255,0.9372,0.9794,0.0606,0.0856,0.0858,0.19931,0.023612334,8.75e-05,0.22327353,-0.257877535,0.0113,0.0157,0.019,0.021,0.0236,0.0258,0.0285,0.0322,0.0358,0.0539
0.4137,0.4539,0.6402,0.0366,0.1277,0.059,0.0771,0.0928,0.1064,0.968,0.9562,0.8429,0.0639,0.0736,0.0757,0.119871,0.017098495,5.81e-05,0.032281084,-0.917942121,0.0061,0.0107,0.0121,0.0148,0.0166,0.0204,0.0214,0.0248,0.0267,0.035
0.4106,0.433,0.7903,0.0449,0.1146,0.0609,0.0838,0.0906,0.1071,0.8922,0.867,0.8716,0.0523,0.0671,0.0785,0.150462,0.023455979,7.57e-05,-0.038059235,-0.693272513,0.0119,0.0159,0.0189,0.0207,0.0244,0.0261,0.0285,0.0314,0.0357,0.045
0.3834,0.4512,0.6621,0.0388,0.1269,0.0682,0.075,0.1001,0.1014,0.8402,0.8042,0.9041,0.0726,0.0765,0.0993,0.155773,0.021040296,8.5e-05,0.065846366,-0.832651394,0.0093,0.0119,0.0153,0.0179,0.0211,0.0239,0.0258,0.0299,0.0341,0.0424
0.3597,0.4236,0.5396,0.0464,0.1472,0.0755,0.0889,0.116,0.1214,0.9684,0.9251,0.9016,0.0653,0.0783,0.0969,0.205724,0.029003511,0.00015304,0.001878504,-0.69062124,0.0117,0.0171,0.0213,0.0253,0.0292,0.0326,0.0359,0.0402,0.0456,0.0572
0.3682,0.4147,0.8828,0.0433,0.1331,0.0687,0.0767,0.0945,0.1077,0.8676,0.9184,0.9384,0.0588,0.0813,0.0969,0.20909,0.03484896,0.000133916,-0.354383041,-0.368915564,0.0193,0.0248,0.029,0.0329,0.0359,0.0395,0.0421,0.0454,0.0494,0.0587
0.3651,0.4991,0.5477,0.0435,0.1213,0.0577,0.074,0.09,0.1007,0.8229,0.857,0.897,0.0588,0.0697,0.0898,0.129185,0.018884762,7.79e-05,0.268536189,-0.314558293,0.0068,0.0106,0.0141,0.0157,0.0187,0.0206,0.0239,0.0265,0.0308,0.0497
0.3661,0.4675,0.9487,0.0384,0.114,0.0507,0.0738,0.0746,0.1001,0.8857,0.8559,0.9683,0.0514,0.0743,0.0784,0.160121,0.025989779,8.53e-05,-0.265859418,-0.31341719,0.0135,0.0198,0.0213,0.0243,0.0258,0.0289,0.0313,0.0348,0.0375,0.0472
0.3955,0.4966,0.8983,0.0491,0.116,0.0585,0.081,0.0832,0.0994,0.9788,0.8158,0.8735,0.0554,0.0595,0.0703,0.100075,0.019805363,4.84e-05,-0.219839134,-0.686264381,0.0107,0.015,0.016,0.0184,0.0201,0.0216,0.0252,0.0263,0.0289,0.0335
0.3796,0.4535,0.6445,0.0406,0.145,0.0568,0.08,0.1121,0.1314,0.9929,0.8291,0.8999,0.0603,0.0851,0.0887,0.156224,0.020192442,8.02e-05,0.141994758,-0.587621322,0.0093,0.0108,0.0146,0.0174,0.0207,0.0222,0.0253,0.028,0.032,0.0474
0.3576,0.4157,0.6295,0.0417,0.1455,0.0742,0.0913,0.1039,0.1275,0.9829,0.8004,0.9194,0.0563,0.0611,0.0824,0.212804,0.027912904,0.000123921,0.013152463,-0.744215365,0.0121,0.0171,0.0213,0.0252,0.027,0.0314,0.0349,0.0381,0.0424,0.0539
0.3602,0.4719,0.6802,0.0488,0.1404,0.062,0.0777,0.1065,0.1243,0.9088,0.9076,0.9626,0.0589,0.0722,0.0765,0.156049,0.023943075,0.000116084,0.239027221,-0.431821992,0.0098,0.0135,0.0171,0.02,0.0236,0.0262,0.03,0.0336,0.0383,0.0574
0.3949,0.4262,0.5815,0.0385,0.1274,0.0426,0.0746,0.0858,0.0992,0.9858,0.8703,0.8295,0.0648,0.0705,0.0989,0.174617,0.016915958,5.42e-05,0.08043381,-0.709014019,0.0063,0.0106,0.0115,0.0156,0.0166,0.0202,0.0211,0.024,0.0264,0.0381
0.3664,0.4584,0.6914,0.0405,0.1449,0.0629,0.089,0.105,0.1383,0.8769,0.8712,0.8282,0.0751,0.0867,0.0879,0.164891,0.024271192,7.32e-05,-0.066706675,-0.281187168,0.0137,0.0162,0.0195,0.0217,0.0246,0.0266,0.0295,0.0315,0.0355,0.0502
0.3928,0.4877,0.7805,0.0403,0.1412,0.0538,0.0904,0.1058,0.1216,0.9097,0.9921,0.8252,0.0551,0.0762,0.0963,0.105825,0.017407284,5.81e-05,0.124053204,-0.731434522,0.0065,0.0102,0.0118,0.0146,0.0166,0.0205,0.0217,0.0246,0.027,0.0391
0.3943,0.4831,0.9218,0.0409,0.1461,0.0632,0.0816,0.0913,0.1287,0.9956,0.9999,0.881,0.07,0.0906,0.0983,0.116963,0.025184105,8.34e-05,-0.052654669,-0.485102547,0.0133,0.0168,0.0201,0.0218,0.0252,0.0271,0.0306,0.0335,0.037,0.0456
0.3531,0.4597,0.8449,0.0435,0.1422,0.0552,0.0827,0.0996,0.1286,0.877,0.9081,0.8314,0.068,0.0846,0.0884,0.178296,0.029607389,0.000126471,0.157346334,-0.404418061,0.0146,0.0208,0.0229,0.0255,0.029,0.0323,0.0353,0.0393,0.0448,0.0568
0.3806,0.44,0.903,0.0419,0.1141,0.056,0.0701,0.0841,0.1009,0.8207,0.8449,0.9711,0.0722,0.0948,0.0974,0.172053,0.024877077,6.78e-05,-0.427768426,-0.347389794,0.0146,0.0177,0.0209,0.0234,0.0252,0.0272,0.0305,0.0326,0.0353,0.0427
0.381,0.4398,0.7844,0.05,0.1337,0.0735,0.0856,0.0938,0.1128,0.8325,0.9828,0.8378,0.0665,0.0794,0.0803,0.173867,0.026140618,8.34e-05,-0.183104485,-0.661863236,0.0133,0.0175,0.0208,0.0237,0.0261,0.0292,0.0318,0.0348,0.0381,0.0453
0.3905,0.482,0.6165,0.041,0.1355,0.06,0.0747,0.1044,0.1172,0.8979,0.8069,0.9627,0.063,0.0808,0.0816,0.116299,0.017343081,6.01e-05,0.101716819,-0.760104457,0.0062,0.0102,0.0112,0.015,0.0166,0.0207,0.0218,0.0244,0.0277,0.0361
0.3777,0.4113,0.5221,0.0366,0.112,0.0506,0.0739,0.0747,0.0942,0.8961,0.9315,0.822,0.0646,0.079,0.0869,0.204257,0.020314171,7.87e-05,0.048603598,-0.758621539,0.0088,0.0117,0.0152,0.0173,0.0208,0.0226,0.0251,0.0277,0.0322,0.0424
0.3876,0.4343,0.8366,0.0483,0.1489,0.0584,0.0926,0.1183,0.1318,0.8692,0.9818,0.9178,0.0574,0.0588,0.0685,0.171965,0.028505889,0.000102714,-0.037507629,-0.372742193,0.0159,0.0206,0.0229,0.0262,0.028,0.0311,0.0353,0.0372,0.0419,0.055
0.3534,0.4961,0.5125,0.0438,0.1439,0.06,0.0755,0.1052,0.1137,0.9897,0.8213,0.9583,0.0659,0.0774,0.0898,0.13764,0.021045891,9.8e-05,0.226239625,-0.603422542,0.0072,0.0113,0.0151,0.0179,0.0203,0.0231,0.0263,0.0305,0.0351,0.0502
0.3796,0.4246,0.6975,0.0496,0.121,0.0698,0.0794,0.0859,0.1069,0.8263,0.8436,0.8637,0.0518,0.0633,0.0933,0.187595,0.026874279,0.000113871,0.046745941,-0.649584214,0.0119,0.0161,0.021,0.0234,0.0263,0.0302,0.0333,0.0368,0.0413,0.0552
0.3787,0.486,0.7453,0.0359,0.1117,0.0469,0.0783,0.0792,0.0928,0.9811,0.901,0.8177,0.0688,0.0838,0.0886,0.126442,0.016357452,5.24e-05,0.15525344,-0.734907173,0.0062,0.0106,0.0119,0.0146,0.0158,0.0185,0.0208,0.0227,0.026,0.0354
0.4008,0.4049,0.9292,0.0495,0.1199,0.067,0.0679,0.1017,0.1018,0.8023,0.8988,0.9726,0.0597,0.0764,0.093,0.185458,0.029058586,9.04e-05,-0.534373829,-0.17464222,0.0151,0.0213,0.0248,0.0269,0.0306,0.0323,0.0354,0.0368,0.0406,0.0474
0.3865,0.4952,0.7073,0.0476,0.1308,0.0657,0.0965,0.0972,0.11,0.825,0.8741,0.9355,0.0548,0.0635,0.0824,0.108004,0.019749894,8.59e-05,0.145204057,-0.804469692,0.0067,0.0111,0.0147,0.0162,0.0203,0.0218,0.025,0.0278,0.0326,0.0427
0.3529,0.4869,0.553,0.041,0.1361,0.0548,0.0791,0.1034,0.1233,0.8546,0.9204,0.9659,0.0575,0.0605,0.0952,0.150345,0.022198359,0.000104829,0.09384022,-0.812590446,0.0094,0.0113,0.0156,0.0201,0.0219,0.0254,0.0281,0.0317,0.0363,0.0482
0.3572,0.4557,0.7242,0.045,0.1237,0.0605,0.0779,0.0968,0.1043,0.8846,0.857,0.9871,0.0659,0.0856,0.0969,0.178495,0.023938308,8.55e-05,-0.02555199,-0.650555206,0.0119,0.0147,0.0195,0.021,0.024,0.0261,0.0298,0.0323,0.0358,0.0461
0.3835,0.4598,0.5139,0.0408,0.1199,0.05,0.085,0.0875,0.1088,0.8529,0.8769,0.8522,0.0771,0.0809,0.0818,0.147196,0.020236787,9.33e-05,0.326724043,-0.43647297,0.007,0.0109,0.0145,0.0164,0.0208,0.0223,0.0257,0.0283,0.0337,0.0492
0.3595,0.491,0.8674,0.0411,0.1184,0.0596,0.0606,0.0795,0.1086,0.8403,0.9789,0.8576,0.0548,0.0739,0.0992,0.141152,0.022151886,6.42e-05,-0.058221616,-0.577650634,0.0114,0.0153,0.0174,0.0208,0.0221,0.0247,0.0262,0.03,0.0328,0.0433
0.4141,0.4491,0.5576,0.0479,0.1367,0.062,0.0864,0.1025,0.1139,0.8011,0.8297,0.813,0.0526,0.0589,0.0795,0.130678,0.02014409,8.57e-05,0.136623015,-0.726468404,0.0069,0.0114,0.0151,0.0169,0.0207,0.0223,0.0253,0.0285,0.033,0.043
0.3834,0.4664,0.5016,0.035,0.1319,0.0561,0.0715,0.0985,0.12,0.8508,0.9261,0.9359,0.0761,0.0866,0.0963,0.141003,0.019913628,8.55e-05,0.154729638,-0.668414927,0.0068,0.0114,0.0152,0.0166,0.0197,0.0221,0.0256,0.0282,0.0319,0.0442
0.3706,0.4209,0.9297,0.0411,0.1312,0.0495,0.071,0.0978,0.114,0.8508,0.9584,0.8383,0.0576,0.0738,0.0967,0.201514,0.028482162,9.27e-05,-0.337521363,-0.171541881,0.0155,0.0206,0.0242,0.0261,0.029,0.0313,0.034,0.0369,0.0406,0.0522
0.3665,0.4642,0.7816,0.0361,0.1481,0.0492,0.0891,0.1117,0.1236,0.9306,0.8365,0.8186,0.0734,0.0797,0.0865,0.157164,0.021986635,7.68e-05,0.079083187,-0.686577478,0.0112,0.0134,0.0159,0.0197,0.0215,0.0242,0.0265,0.0301,0.0341,0.0453
0.4059,0.4266,0.9375,0.0482,0.1348,0.0707,0.0777,0.0986,0.1149,0.9421,0.9706,0.9026,0.0889,0.0906,0.0935,0.161524,0.031599793,0.000115165,-0.480257699,-0.289220209,0.0162,0.0228,0.0259,0.0297,0.0324,0.0355,0.0383,0.0414,0.0453,0.0512
0.3621,0.4449,0.7966,0.0373,0.1341,0.0624,0.0701,0.0901,0.1189,0.8698,0.9734,0.922,0.053,0.0669,0.0845,0.180606,0.025771211,8.87e-05,0.031434777,-0.499739128,0.0141,0.0167,0.02,0.0229,0.0256,0.0275,0.0315,0.0345,0.0382,0.05
0.3985,0.4728,0.7485,0.0413,0.1212,0.0543,0.0687,0.0923,0.1013,0.8154,0.9676,0.891,0.0636,0.0715,0.072,0.123178,0.016952873,5.3e-05,0.064665878,-0.820543578,0.0063,0.0103,0.0111,0.0149,0.0158,0.0199,0.0215,0.0239,0.0268,0.0361
0.3742,0.4965,0.8569,0.0468,0.1385,0.0643,0.0801,0.0942,0.1275,0.8431,0.9493,0.9685,0.0508,0.0615,0.0986,0.123606,0.023946052,8.47e-05,0.093523632,-0.577223868,0.0122,0.0148,0.0194,0.0208,0.0238,0.0262,0.0291,0.0325,0.036,0.0458
0.3794,0.4905,0.7568,0.0422,0.1304,0.0548,0.0657,0.0941,0.1176,0.9552,0.874,0.8613,0.0571,0.0662,0.072,0.123015,0.017935825,6.1e-05,0.188892869,-0.619666593,0.0069,0.0105,0.0135,0.0148,0.017,0.0206,0.0219,0.0253,0.0281,0.0391
0.4132,0.4919,0.5167,0.0462,0.1286,0.0719,0.0748,0.0903,0.1194,0.9294,0.9892,0.9023,0.0561,0.0971,0.0973,0.084306,0.017653379,6.78e-05,0.129294502,-0.854618171,0.0062,0.0103,0.0112,0.0152,0.0171,0.0202,0.0221,0.0251,0.0283,0.0367
0.3911,0.4144,0.6387,0.0412,0.1447,0.0498,0.0953,0.1052,0.1176,0.8258,0.8778,0.9529,0.0708,0.0759,0.0957,0.181137,0.021533818,8.23e-05,0.088861273,-0.661044923,0.0104,0.0131,0.0152,0.0196,0.0211,0.0239,0.0259,0.0303,0.0337,0.0461
0.3727,0.4333,0.5638,0.0459,0.1387,0.0647,0.0822,0.0935,0.115,0.8995,0.9517,0.956,0.0554,0.0712,0.0804,0.183773,0.025063537,0.00012867,0.125157203,-0.674624716,0.0097,0.0135,0.0182,0.0217,0.0248,0.0275,0.0315,0.0356,0.0409,0.0552
0.3633,0.4379,0.665,0.04,0.118,0.0616,0.0626,0.0845,0.1134,0.9299,0.9517,0.8533,0.0563,0.0685,0.082,0.192712,0.022921706,8.33e-05,-0.034389349,-0.737472877,0.0102,0.0142,0.0172,0.0207,0.0231,0.0254,0.0285,0.0314,0.0354,0.0472
0.396,0.4191,0.6303,0.04,0.1498,0.0581,0.0791,0.1027,0.1275,0.9673,0.9865,0.9243,0.0521,0.062,0.075,0.173408,0.022298945,8.75e-05,0.021691527,-0.72941175,0.0104,0.015,0.0165,0.0199,0.0221,0.0257,0.0269,0.0306,0.0355,0.045
0.3874,0.4945,0.6113,0.0358,0.1178,0.0546,0.0793,0.088,0.1053,0.8262,0.8658,0.8186,0.0566,0.07,0.0745,0.108952,0.017089624,6.29e-05,0.164552569,-0.81782604,0.0062,0.0095,0.0112,0.0141,0.0159,0.02,0.0214,0.0245,0.0279,0.0384
0.3633,0.4004,0.725,0.0443,0.1168,0.0547,0.0743,0.0861,0.1036,0.9515,0.9986,0.9728,0.0531,0.0648,0.0969,0.226961,0.028213617,0.000107983,0.057439695,-0.426186197,0.0134,0.0195,0.0222,0.0253,0.0277,0.0312,0.034,0.037,0.0418,0.0552
0.4173,0.4374,0.8035,0.0442,0.1355,0.0522,0.0918,0.1047,0.1204,0.9033,0.8892,0.8389,0.0759,0.0831,0.0884,0.127683,0.020939103,6.74e-05,0.141135962,-0.485304794,0.0106,0.0144,0.0158,0.0187,0.021,0.023,0.0251,0.0275,0.0318,0.0427
0.3546,0.4238,0.7648,0.0484,0.1107,0.0567,0.0672,0.077,0.098,0.9282,0.8363,0.9191,0.0649,0.0748,0.0839,0.216077,0.027096783,9.3e-05,0.011446427,-0.413369713,0.0153,0.0198,0.0217,0.0253,0.0267,0.03,0.032,0.0359,0.0395,0.0543
0.3975,0.4312,0.6,0.0373,0.1261,0.0551,0.06,0.0841,0.0977,0.9197,0.8062,0.9553,0.0764,0.0827,0.0934,0.161205,0.017761059,5.92e-05,-0.023588935,-0.935740823,0.0063,0.0109,0.0131,0.0148,0.018,0.0204,0.0226,0.0251,0.0281,0.0339
0.4074,0.4889,0.8813,0.0361,0.1428,0.0585,0.0632,0.0853,0.1338,0.9113,0.9728,0.9997,0.0539,0.0545,0.0868,0.091032,0.018482895,5.49e-05,0.079255857,-0.709447329,0.0099,0.0108,0.0145,0.0155,0.0187,0.0212,0.0224,0.0252,0.0284,0.0361
0.4115,0.401,0.5593,0.0448,0.1204,0.0543,0.0755,0.0882,0.1067,0.9902,0.9068,0.9215,0.0522,0.0659,0.098,0.17799,0.019942851,7.44e-05,-0.038016303,-0.875094089,0.008,0.011,0.0144,0.0169,0.0208,0.0223,0.0255,0.0273,0.0314,0.0391
0.4033,0.4283,0.7898,0.0495,0.1178,0.0647,0.0768,0.0916,0.1024,0.9492,0.9983,0.8672,0.0578,0.0609,0.0808,0.162532,0.023631415,7.09e-05,-0.126829843,-0.719334546,0.0118,0.0153,0.0197,0.0209,0.025,0.0264,0.0289,0.0315,0.0348,0.0412
0.3602,0.4951,0.7839,0.0415,0.1371,0.0721,0.0832,0.0908,0.1288,0.9512,0.8575,0.9416,0.0591,0.0739,0.0792,0.131036,0.024509551,0.000115057,0.289585656,-0.511160262,0.0111,0.0155,0.018,0.0211,0.0248,0.0265,0.0305,0.0345,0.0398,0.0541
0.3645,0.4145,0.7026,0.0371,0.1345,0.0666,0.0851,0.0928,0.1204,0.9269,0.8594,0.9166,0.0576,0.0818,0.0977,0.212514,0.02970282,0.000138452,0.310348864,-0.088439415,0.015,0.0205,0.0231,0.026,0.0298,0.0322,0.0353,0.0398,0.0451,0.0667
0.415,0.425,0.6973,0.0378,0.1263,0.0696,0.0847,0.0889,0.1116,0.8966,0.9808,0.8739,0.0815,0.0848,0.0862,0.153995,0.020952927,7.49e-05,0.029691938,-0.796269469,0.0096,0.0122,0.0153,0.0188,0.0206,0.0242,0.0258,0.0294,0.0328,0.0403
0.4196,0.4612,0.7616,0.0455,0.1425,0.0707,0.0999,0.1028,0.132,0.9572,0.8635,0.8823,0.0548,0.0607,0.0957,0.109258,0.019784058,6.99e-05,0.039597252,-0.836581641,0.0089,0.0113,0.0144,0.0166,0.0207,0.0219,0.0246,0.0272,0.0315,0.0394
0.4052,0.4043,0.7234,0.0429,0.1453,0.055,0.0974,0.1079,0.1149,0.9457,0.8304,0.8348,0.0614,0.0771,0.0954,0.18035,0.022645804,6.96e-05,-0.057282026,-0.676739352,0.0115,0.0154,0.0172,0.0212,0.0224,0.0255,0.0274,0.0306,0.0337,0.0439
0.3839,0.4162,0.6172,0.0375,0.1269,0.0688,0.076,0.0856,0.1025,0.8004,0.8988,0.9308,0.0527,0.0677,0.0831,0.19444,0.023053223,8.75e-05,-0.07396618,-0.842050098,0.0107,0.0148,0.0169,0.0208,0.0236,0.0256,0.0289,0.032,0.0357,0.0427
0.3562,0.442,0.7787,0.0453,0.1133,0.0672,0.0722,0.0854,0.1063,0.9486,0.883,0.9583,0.0611,0.0663,0.0952,0.191579,0.027689441,0.000100677,0.015521858,-0.508385393,0.0154,0.0199,0.0217,0.0253,0.0269,0.0309,0.0342,0.0365,0.0409,0.0541
0.3718,0.4491,0.7113,0.0396,0.1264,0.0529,0.0714,0.095,0.1108,0.8433,0.9234,0.8309,0.0577,0.0868,0.0961,0.168399,0.020765294,7.19e-05,0.099414808,-0.547725364,0.01,0.0123,0.0156,0.0191,0.021,0.023,0.0252,0.0274,0.0319,0.0424
0.3799,0.4556,0.7457,0.036,0.1266,0.0445,0.0653,0.0893,0.1042,0.8258,0.9084,0.8993,0.0661,0.0868,0.0926,0.15887,0.019537849,7.08e-05,0.281469623,-0.326267347,0.0097,0.0122,0.014,0.0162,0.0197,0.021,0.0241,0.0266,0.0311,0.0458
0.3532,0.4857,0.877,0.036,0.148,0.0586,0.0719,0.1087,0.1254,0.8161,0.8849,0.9933,0.071,0.0903,0.0981,0.150174,0.025287046,8.09e-05,-0.128140556,-0.544422508,0.0133,0.0167,0.0205,0.0229,0.0251,0.0275,0.0308,0.0336,0.0372,0.0464
0.4111,0.4261,0.8757,0.0461,0.111,0.0687,0.0726,0.0951,0.1003,0.9529,0.8158,0.8135,0.0509,0.0617,0.0741,0.159296,0.024784033,6.68e-05,-0.355315824,-0.431757006,0.0142,0.0174,0.0205,0.023,0.0255,0.0273,0.0305,0.0326,0.0355,0.0406
0.3906,0.4394,0.5361,0.036,0.1338,0.0482,0.0876,0.0988,0.1222,0.9803,0.8614,0.9212,0.0602,0.079,0.0822,0.164289,0.019532093,7.86e-05,0.163955288,-0.591714902,0.0069,0.0117,0.0137,0.0161,0.0198,0.0218,0.0244,0.0269,0.0311,0.0453
0.3966,0.4406,0.8911,0.0427,0.1101,0.059,0.0768,0.0903,0.095,0.8689,0.819,0.8816,0.0592,0.067,0.0805,0.153623,0.025347467,7.51e-05,-0.165372076,-0.297894738,0.014,0.0182,0.021,0.0238,0.0255,0.0276,0.0305,0.0326,0.0362,0.0474
0.4002,0.4243,0.6137,0.0362,0.1499,0.06,0.0847,0.1048,0.1406,0.8684,0.8123,0.8713,0.0541,0.0558,0.0885,0.167085,0.022613302,9.88e-05,0.057248385,-0.709642215,0.0097,0.0136,0.0156,0.0206,0.0222,0.0259,0.0285,0.0316,0.0355,0.0485
0.3751,0.4135,0.9365,0.0469,0.1318,0.0709,0.0794,0.1034,0.1166,0.9916,0.8749,0.9121,0.063,0.088,0.0947,0.207514,0.035937009,0.000141497,-0.500981994,-0.190984544,0.0195,0.0259,0.0307,0.0348,0.0368,0.0406,0.043,0.0464,0.0511,0.0587
0.4088,0.443,0.6088,0.0415,0.1382,0.0698,0.0788,0.1065,0.1217,0.9598,0.9585,0.9586,0.0522,0.0729,0.0863,0.138009,0.02236473,0.000104591,0.077485869,-0.804650049,0.0094,0.0112,0.0155,0.0202,0.0217,0.0252,0.0286,0.0317,0.0361,0.0472
0.4112,0.4144,0.8033,0.0443,0.1187,0.0538,0.0901,0.092,0.0978,0.8646,0.945,0.8917,0.0714,0.0778,0.0992,0.168676,0.023951968,6.76e-05,-0.226773085,-0.623323371,0.0122,0.016,0.0202,0.0216,0.0245,0.0262,0.0295,0.0318,0.0345,0.0427
0.3745,0.4785,0.6378,0.0444,0.1454,0.0736,0.0816,0.0929,0.1232,0.9309,0.8183,0.8141,0.0753,0.0755,0.092,0.139909,0.021887838,0.000100612,0.029146249,-0.961722947,0.009,0.0121,0.0157,0.0195,0.0219,0.0254,0.0279,0.0315,0.0354,0.0439
0.3984,0.4643,0.7015,0.0351,0.1256,0.0518,0.077,0.0815,0.1115,0.8449,0.93,0.9676,0.0543,0.0945,0.0968,0.130492,0.017468723,6.48e-05,0.233274581,-0.656462599,0.0064,0.01,0.0117,0.0145,0.0165,0.0205,0.0219,0.0248,0.0281,0.0394
0.3917,0.4917,0.5403,0.0442,0.1393,0.0649,0.0897,0.0914,0.1232,0.9069,0.9002,0.9013,0.055,0.0619,0.0676,0.109625,0.022204779,0.000122513,0.230224791,-0.817651863,0.007,0.011,0.0149,0.0183,0.022,0.0247,0.0284,0.0326,0.0377,0.0495
0.3631,0.4261,0.5671,0.0469,0.1303,0.0674,0.0783,0.1009,0.1107,0.9647,0.8885,0.9151,0.0575,0.0911,0.0984,0.204902,0.02630147,0.000128753,0.036403154,-0.748872392,0.0109,0.0155,0.0196,0.0227,0.0258,0.0299,0.0328,0.0367,0.0414,0.0515
0.3973,0.4255,0.7977,0.0393,0.1378,0.0623,0.0815,0.0956,0.1186,0.8765,0.9916,0.925,0.0557,0.0664,0.0905,0.165472,0.023979516,7.15e-05,-0.120930409,-0.627802231,0.0121,0.016,0.0203,0.0217,0.0245,0.0261,0.029,0.0321,0.035,0.043
0.4046,0.4307,0.9177,0.0454,0.1329,0.0682,0.0754,0.0952,0.1146,0.9424,0.9032,0.8355,0.0584,0.0655,0.0709,0.156788,0.028562092,8.97e-05,-0.422888989,-0.21864077,0.0152,0.0201,0.024,0.0264,0.0298,0.0321,0.0346,0.0367,0.0404,0.0497
0.3825,0.4133,0.6304,0.0366,0.1498,0.0568,0.0698,0.1038,0.1309,0.9189,0.8341,0.9602,0.0945,0.0946,0.0973,0.196517,0.022680073,8.41e-05,-0.033837904,-0.729970733,0.011,0.0153,0.0168,0.0202,0.0225,0.0259,0.0277,0.0309,0.0356,0.045
0.3594,0.4219,0.6425,0.0426,0.1469,0.0526,0.0734,0.1131,0.1235,0.8438,0.8354,0.8984,0.0602,0.0701,0.0744,0.207456,0.024918067,0.000100523,0.065387203,-0.586691388,0.0114,0.0158,0.0198,0.0216,0.0253,0.0277,0.031,0.0341,0.0383,0.0532
0.3736,0.4255,0.6203,0.0411,0.1324,0.0658,0.0709,0.1055,0.1236,0.8826,0.9058,0.8199,0.0613,0.0791,0.0817,0.192508,0.024975439,0.000109853,0.001506202,-0.776172014,0.0106,0.0149,0.0193,0.0222,0.0249,0.0278,0.0316,0.0346,0.0386,0.0495
0.4147,0.4406,0.7096,0.0394,0.1381,0.0627,0.0824,0.1074,0.1128,0.9872,0.9899,0.8479,0.0735,0.0949,0.097,0.131201,0.020047278,7.55e-05,0.035882138,-0.84070404,0.0088,0.0114,0.0148,0.017,0.0203,0.0225,0.0255,0.0281,0.0319,0.0406
0.3723,0.4594,0.5797,0.0465,0.141,0.0655,0.0986,0.1054,0.1325,0.8766,0.8211,0.9411,0.0505,0.0908,0.0998,0.158666,0.024108229,0.000122143,0.110527079,-0.771750785,0.0099,0.0141,0.0167,0.0215,0.0238,0.0265,0.0307,0.0344,0.0391,0.0495
0.4105,0.4124,0.8305,0.0406,0.1392,0.0627,0.0881,0.09,0.128,0.9484,0.8257,0.9038,0.055,0.0562,0.0937,0.168502,0.02575977,7.48e-05,-0.276901363,-0.529052191,0.0153,0.0183,0.0208,0.0251,0.0262,0.0284,0.0311,0.0351,0.0366,0.045
0.3836,0.4363,0.8286,0.0463,0.136,0.0713,0.076,0.0977,0.1147,0.8443,0.9971,0.9331,0.0504,0.0608,0.098,0.174145,0.0275571,8.58e-05,-0.239269675,-0.486097829,0.0148,0.0206,0.0225,0.0251,0.0274,0.031,0.0336,0.0358,0.0394,0.0495
0.4119,0.4166,0.6575,0.0366,0.1113,0.0503,0.0648,0.0751,0.0971,0.8693,0.8802,0.8681,0.0656,0.0696,0.0793,0.164148,0.018300748,6.01e-05,0.086375843,-0.660825731,0.0076,0.0107,0.0138,0.0153,0.0185,0.021,0.0224,0.0255,0.0283,0.0391
0.416,0.4183,0.5849,0.045,0.1232,0.0534,0.0663,0.0895,0.1161,0.8431,0.9136,0.8419,0.0787,0.0815,0.0837,0.160511,0.018577972,6.44e-05,-0.047226612,-0.888511789,0.0065,0.0105,0.0136,0.0153,0.0194,0.0212,0.0236,0.026,0.0292,0.0384
0.371,0.4881,0.5802,0.0381,0.1136,0.0476,0.0667,0.0925,0.0987,0.9306,0.897,0.8319,0.0521,0.0805,0.094,0.13439,0.018083302,7.35e-05,0.253371187,-0.660919131,0.0064,0.0103,0.0121,0.0152,0.0173,0.0203,0.0227,0.0258,0.0302,0.0406
0.3978,0.4417,0.8685,0.0464,0.1266,0.0613,0.0694,0.0844,0.1136,0.9359,0.9848,0.9934,0.0769,0.0874,0.0955,0.152769,0.025626873,7.79e-05,-0.197488174,-0.544833671,0.0152,0.0175,0.0206,0.0237,0.0261,0.0279,0.0307,0.0346,0.0369,0.045
0.4109,0.4198,0.7398,0.0475,0.1468,0.0584,0.0829,0.1195,0.1237,0.8288,0.9997,0.9099,0.0643,0.0643,0.0864,0.156528,0.021386754,6.62e-05,-0.072196405,-0.777769488,0.0102,0.0138,0.0157,0.0202,0.0215,0.0242,0.0262,0.029,0.032,0.0391
0.391,0.41,0.9413,0.0472,0.1285,0.0598,0.0704,0.0908,0.1126,0.8174,0.8366,0.9758,0.0601,0.0738,0.0815,0.18962,0.0286419,8.94e-05,-0.55331499,-0.175927185,0.0146,0.021,0.0245,0.0269,0.0299,0.0318,0.0348,0.0364,0.0405,0.0469
0.3748,0.4207,0.9452,0.0498,0.1458,0.071,0.0878,0.1005,0.1383,0.8799,0.9722,0.998,0.0634,0.0656,0.0886,0.184453,0.036859065,0.000158871,-0.491482179,-0.234792551,0.0197,0.0266,0.0314,0.0348,0.0383,0.0411,0.0451,0.0478,0.0523,0.0618
0.3948,0.428,0.8755,0.0486,0.1319,0.0561,0.0772,0.1111,0.1153,0.9853,0.8724,0.8974,0.0647,0.0832,0.0838,0.169011,0.026978719,8.09e-05,-0.317025736,-0.417588405,0.0143,0.0198,0.0214,0.0246,0.0269,0.0303,0.0326,0.0351,0.038,0.0461
0.4126,0.4416,0.6366,0.0441,0.1332,0.0614,0.0779,0.0926,0.1208,0.9427,0.8476,0.8954,0.0849,0.0861,0.0903,0.135524,0.01917083,7.52e-05,0.112113993,-0.784581987,0.0067,0.011,0.0144,0.0158,0.02,0.0213,0.0243,0.0267,0.0314,0.0418
0.3701,0.487,0.7569,0.0384,0.114,0.0549,0.0683,0.0868,0.0912,0.9195,0.8643,0.9375,0.0635,0.0749,0.0808,0.138944,0.019418963,7.06e-05,0.256065376,-0.421565494,0.0092,0.0116,0.0149,0.0162,0.0198,0.0213,0.0241,0.0262,0.0308,0.0427
0.3924,0.4806,0.6485,0.047,0.1274,0.0656,0.0874,0.0889,0.1188,0.968,0.9625,0.8965,0.07,0.0764,0.0889,0.113423,0.019773131,8.72e-05,0.227144003,-0.61606699,0.0068,0.0105,0.014,0.0164,0.0204,0.0217,0.0251,0.0282,0.0323,0.0474
0.4035,0.411,0.8035,0.0457,0.1279,0.0648,0.0841,0.0943,0.1138,0.911,0.8844,0.9136,0.0944,0.0962,0.0976,0.174028,0.028117804,0.000101926,-0.003883542,-0.500825576,0.0152,0.0196,0.0219,0.0252,0.0279,0.0307,0.0339,0.0371,0.0413,0.0522
0.3701,0.4988,0.8283,0.049,0.1432,0.0584,0.0848,0.1115,0.1308,0.9036,0.837,0.8728,0.0539,0.0569,0.0741,0.127094,0.024348597,0.000103082,0.339197832,-0.124969323,0.0111,0.0145,0.0187,0.0217,0.0235,0.0262,0.0295,0.0332,0.0375,0.0568
0.3589,0.436,0.7929,0.0424,0.1452,0.0625,0.0772,0.1164,0.1308,0.843,0.9707,0.9347,0.0831,0.0839,0.0865,0.197436,0.029704938,0.000120502,0.105602069,-0.44694677,0.0151,0.0197,0.0236,0.026,0.0296,0.0328,0.0359,0.0401,0.0446,0.0585
0.4002,0.4198,0.8826,0.0491,0.1229,0.0774,0.0842,0.1035,0.1095,0.8167,0.9658,0.8243,0.0529,0.0659,0.0823,0.170088,0.028529711,8.61e-05,-0.431523688,-0.288347802,0.015,0.0204,0.024,0.0264,0.0296,0.032,0.0343,0.0367,0.0403,0.0458
0.3877,0.4831,0.5365,0.0451,0.1286,0.0582,0.0763,0.1005,0.1143,0.8668,0.8553,0.8378,0.0711,0.074,0.0824,0.118623,0.020029822,8.77e-05,0.298667561,-0.347732096,0.0069,0.0106,0.0142,0.0168,0.0204,0.022,0.0251,0.0279,0.0318,0.0469
0.3562,0.4836,0.5813,0.0368,0.1211,0.0528,0.0683,0.0918,0.1059,0.9326,0.8556,0.8781,0.0854,0.0906,0.0937,0.156486,0.020740213,9.48e-05,0.190300722,-0.652722288,0.007,0.012,0.0143,0.0172,0.0205,0.0231,0.0254,0.0298,0.0338,0.0461
0.371,0.4568,0.8526,0.045,0.1307,0.055,0.0822,0.0849,0.1122,0.9883,0.8427,0.9778,0.0603,0.0895,0.0937,0.162041,0.025533269,7.86e-05,-0.145140453,-0.504060335,0.0135,0.0175,0.0205,0.0232,0.0258,0.0274,0.0312,0.0337,0.0366,0.0458
0.3933,0.4869,0.8743,0.042,0.1426,0.0619,0.0895,0.1124,0.1133,0.8794,0.822,0.8558,0.0672,0.0788,0.091,0.113962,0.0238917,7.96e-05,0.081176591,-0.438894794,0.011,0.0151,0.0197,0.0211,0.0239,0.0256,0.0288,0.032,0.0355,0.0464
0.36,0.4652,0.9341,0.0407,0.1101,0.0499,0.0698,0.0814,0.0966,0.9376,0.9699,0.9415,0.0763,0.0808,0.0868,0.165724,0.027483752,9.48e-05,-0.200547459,-0.336299488,0.0146,0.0192,0.0223,0.025,0.0271,0.0306,0.0337,0.0362,0.0396,0.0497
0.4028,0.4816,0.5061,0.0495,0.1422,0.0593,0.0796,0.1046,0.1311,0.832,0.8423,0.9102,0.0549,0.0775,0.0992,0.102833,0.018354578,7e-05,0.082418866,-0.82009496,0.0064,0.0104,0.0132,0.0153,0.0189,0.0205,0.024,0.0257,0.0296,0.04
0.3859,0.4196,0.8097,0.0415,0.1151,0.0674,0.0689,0.0897,0.1003,0.9663,0.8465,0.9032,0.056,0.0844,0.0968,0.189223,0.02637349,7.98e-05,-0.225192903,-0.5992533,0.0154,0.019,0.021,0.0253,0.0264,0.0294,0.0318,0.0355,0.0381,0.045
0.3545,0.4922,0.5743,0.0444,0.1368,0.0539,0.0788,0.1112,0.1129,0.9683,0.8877,0.8184,0.0721,0.0724,0.0756,0.145671,0.019969076,8.96e-05,0.279616181,-0.54018617,0.007,0.0117,0.0137,0.0162,0.0198,0.0214,0.0252,0.0276,0.033,0.0456
0.3711,0.4619,0.7497,0.0442,0.1156,0.0639,0.0777,0.08,0.1032,0.8228,0.8833,0.8549,0.0722,0.084,0.084,0.158949,0.023518187,9.17e-05,0.140514536,-0.55404839,0.0107,0.0148,0.0176,0.0201,0.0232,0.0257,0.029,0.0325,0.0364,0.0497
0.3973,0.4945,0.5781,0.0419,0.1152,0.0507,0.0674,0.0855,0.1091,0.9529,0.9912,0.8712,0.0738,0.0776,0.0915,0.098613,0.015452692,5.18e-05,0.199879322,-0.810859065,0.0059,0.0095,0.0111,0.013,0.0157,0.0172,0.0199,0.0217,0.0258,0.0335
0.41,0.4862,0.581,0.0475,0.1404,0.0588,0.0806,0.1013,0.1249,0.9882,0.953,0.9964,0.0584,0.0781,0.095,0.092517,0.018355813,7e-05,0.074675219,-0.885822045,0.0064,0.0102,0.0131,0.0151,0.0184,0.0213,0.0238,0.0257,0.03,0.0394
0.3503,0.407,0.8227,0.0412,0.1315,0.0603,0.0762,0.085,0.1158,0.844,0.9485,0.8601,0.0742,0.0816,0.0832,0.233011,0.030570396,0.00010646,-0.1430966,-0.2506825,0.0158,0.0208,0.0253,0.0284,0.0309,0.0349,0.0367,0.0393,0.0434,0.0594
0.3961,0.4191,0.6582,0.0386,0.1162,0.0574,0.07,0.0923,0.108,0.9045,0.9727,0.902,0.0533,0.0829,0.0862,0.179005,0.020942351,7.42e-05,0.072866682,-0.533520687,0.0103,0.0129,0.015,0.0193,0.0206,0.0233,0.0258,0.0283,0.0324,0.0456
0.4063,0.4519,0.7555,0.0475,0.1465,0.0678,0.0914,0.1004,0.1406,0.9249,0.8972,0.8736,0.0547,0.0603,0.0816,0.130385,0.02351908,9.42e-05,0.050988695,-0.772438399,0.0102,0.0142,0.0173,0.0208,0.0237,0.0258,0.0295,0.0322,0.0365,0.0472
0.397,0.4479,0.6571,0.0402,0.1342,0.0572,0.0723,0.097,0.1189,0.9744,0.9575,0.9393,0.0646,0.0703,0.0778,0.139343,0.019278907,7.36e-05,0.108931869,-0.763148902,0.0071,0.011,0.0143,0.0161,0.0196,0.0213,0.0248,0.0266,0.0314,0.0403
0.4016,0.4861,0.7827,0.0473,0.1154,0.0559,0.0772,0.0849,0.1011,0.8434,0.8959,0.8248,0.061,0.0677,0.0953,0.106196,0.017414733,5.72e-05,0.130857858,-0.644869586,0.0065,0.0106,0.0117,0.0156,0.017,0.0202,0.0212,0.025,0.0271,0.0377
0.4075,0.4235,0.582,0.0371,0.1122,0.0522,0.0571,0.0889,0.1022,0.8584,0.9534,0.8254,0.0618,0.0709,0.0759,0.160997,0.016354461,5.06e-05,0.006520788,-0.948273079,0.006,0.0101,0.0114,0.0149,0.0158,0.0191,0.0208,0.0232,0.0255,0.0324
0.3706,0.4075,0.5382,0.0498,0.1465,0.0643,0.0953,0.1113,0.1346,0.8499,0.9059,0.956,0.0504,0.0719,0.0908,0.210737,0.027867503,0.000150072,0.10556,-0.677135523,0.0111,0.0156,0.0213,0.0244,0.0275,0.0314,0.0347,0.0386,0.0442,0.0561
0.399,0.4489,0.6447,0.0368,0.1474,0.0582,0.0705,0.0973,0.1162,0.8649,0.8616,0.9913,0.095,0.0954,0.0957,0.144482,0.018190592,6.59e-05,0.053419146,-0.864983234,0.0064,0.0106,0.0129,0.0158,0.0188,0.0208,0.0232,0.0256,0.029,0.0374
0.3938,0.4025,0.553,0.0406,0.1162,0.0476,0.0853,0.0861,0.0882,0.8903,0.8811,0.9231,0.0626,0.0704,0.0749,0.196386,0.020367076,7.67e-05,0.082761166,-0.633334763,0.0095,0.0124,0.0145,0.0179,0.0203,0.0225,0.0256,0.0276,0.0322,0.0458
0.417,0.4976,0.6287,0.0384,0.1275,0.0559,0.0692,0.0872,0.0953,0.9069,0.9215,0.9675,0.0756,0.0777,0.0876,0.077598,0.014874606,4.89e-05,0.185810162,-0.914619027,0.0057,0.0074,0.0105,0.0117,0.0151,0.0164,0.0201,0.0214,0.0247,0.032
0.3755,0.4129,0.586,0.037,0.1454,0.0596,0.0855,0.0928,0.1204,0.9178,0.9827,0.9283,0.0529,0.0887,0.0942,0.202598,0.024920746,0.000110902,-0.054047644,-0.811330717,0.0101,0.0146,0.0199,0.0216,0.0251,0.0283,0.0313,0.0351,0.0391,0.0472
0.3709,0.4597,0.5671,0.0371,0.1177,0.0505,0.0585,0.0981,0.0983,0.8325,0.9056,0.9172,0.0524,0.0705,0.075,0.15969,0.018639295,7.04e-05,0.119145602,-0.692238492,0.0067,0.0111,0.0147,0.016,0.019,0.0213,0.024,0.0258,0.0303,0.0433
0.3921,0.4851,0.8397,0.0384,0.1257,0.0499,0.0787,0.0979,0.1043,0.8846,0.9297,0.8257,0.0769,0.0854,0.0974,0.113757,0.019053179,6.27e-05,0.302398069,-0.206386533,0.0096,0.0118,0.015,0.0162,0.019,0.0211,0.0231,0.0256,0.0302,0.043
0.4082,0.4778,0.9119,0.0357,0.1148,0.0489,0.0628,0.0861,0.1064,0.9886,0.9959,0.8883,0.0584,0.0599,0.0671,0.107286,0.019036956,4.69e-05,-0.122574364,-0.568496718,0.0107,0.0123,0.015,0.0167,0.0203,0.0211,0.0226,0.0253,0.0272,0.035
0.3587,0.4609,0.7943,0.0428,0.116,0.0575,0.0664,0.0889,0.1009,0.9076,0.8723,0.9508,0.0669,0.0789,0.0841,0.174582,0.024563324,8.33e-05,0.05817996,-0.486515451,0.0111,0.0157,0.0202,0.0216,0.0247,0.0264,0.03,0.0322,0.0362,0.0472
0.4112,0.4054,0.948,0.0418,0.1247,0.0567,0.0713,0.0751,0.113,0.9649,0.9331,0.8178,0.052,0.085,0.0938,0.174025,0.026991361,8.62e-05,-0.470034997,-0.325135213,0.0151,0.0195,0.0226,0.026,0.0278,0.0308,0.0325,0.0357,0.0382,0.0447
0.3561,0.4497,0.94,0.036,0.1192,0.0622,0.0822,0.0978,0.1026,0.9374,0.8791,0.9405,0.087,0.0882,0.0903,0.186612,0.034156977,0.000148646,-0.176398777,-0.300640355,0.0195,0.0239,0.0277,0.031,0.0346,0.0368,0.0412,0.0451,0.0499,0.0628
0.3977,0.4593,0.7356,0.0389,0.1344,0.0623,0.0843,0.0909,0.1116,0.8778,0.9368,0.9397,0.0751,0.0798,0.0935,0.126962,0.02072644,8.52e-05,0.108513799,-0.811024001,0.0093,0.012,0.0155,0.0172,0.0201,0.0236,0.0262,0.0295,0.0334,0.0442
0.3932,0.4056,0.6589,0.0389,0.1394,0.0719,0.0807,0.1027,0.1182,0.9648,0.8638,0.9055,0.0544,0.0569,0.0735,0.189405,0.02505756,9.9e-05,-0.021737809,-0.796254921,0.0107,0.0151,0.0201,0.0216,0.025,0.0279,0.0311,0.035,0.0385,0.0472
0.3748,0.4677,0.8637,0.0456,0.1284,0.0682,0.0744,0.0898,0.1096,0.8034,0.8768,0.9675,0.0504,0.0783,0.0893,0.153436,0.025647295,7.82e-05,-0.190274789,-0.566278044,0.0134,0.0175,0.0207,0.0233,0.0256,0.0278,0.0311,0.0338,0.0371,0.0453
0.4037,0.4488,0.5543,0.047,0.1133,0.055,0.0765,0.0847,0.0999,0.9908,0.9802,0.9245,0.0534,0.0631,0.0795,0.13565,0.018511716,6.74e-05,0.018079792,-0.876553335,0.0065,0.0104,0.0137,0.0152,0.0192,0.0213,0.0238,0.0262,0.0294,0.0391
0.3871,0.4402,0.641,0.0405,0.1471,0.0561,0.0743,0.0999,0.1175,0.9285,0.8215,0.9805,0.0742,0.0748,0.0932,0.155787,0.019310773,7.1e-05,0.061097252,-0.75974332,0.0076,0.0111,0.0144,0.0163,0.0197,0.0214,0.0249,0.0266,0.0308,0.0403
0.3934,0.4332,0.7284,0.0383,0.1236,0.0598,0.0673,0.0945,0.1052,0.8903,0.9735,0.8325,0.0653,0.0769,0.0867,0.169238,0.02152622,7.38e-05,-0.05488048,-0.903245941,0.0099,0.0136,0.0155,0.02,0.0217,0.0243,0.0264,0.0303,0.0328,0.0394
0.3805,0.4083,0.8371,0.0411,0.1387,0.0495,0.0707,0.0981,0.1231,0.9238,0.8777,0.9386,0.0572,0.0617,0.0796,0.203142,0.02758777,8.91e-05,-0.145353147,-0.40429306,0.0152,0.0195,0.0216,0.025,0.0278,0.0308,0.0328,0.036,0.0404,0.0515
0.418,0.445,0.6348,0.0402,0.1204,0.0516,0.0572,0.0822,0.103,0.9926,0.8109,0.8003,0.055,0.0582,0.0595,0.130061,0.013916472,3.74e-05,0.042176619,-1.033346313,0.0056,0.0067,0.0106,0.0114,0.0142,0.015,0.0176,0.0201,0.022,0.0274
0.3513,0.462,0.5987,0.0425,0.1408,0.0599,0.0815,0.0931,0.1136,0.9502,0.8019,0.984,0.0798,0.0808,0.0823,0.17458,0.022046695,8.88e-05,0.027756637,-0.709747632,0.0099,0.0128,0.0161,0.0207,0.0221,0.0252,0.0271,0.0307,0.0348,0.0439
0.3929,0.4842,0.6602,0.0357,0.1212,0.0634,0.0652,0.0896,0.1114,0.8274,0.93,0.8834,0.0517,0.072,0.0866,0.114853,0.016983581,5.78e-05,0.077947737,-0.846445496,0.0061,0.0107,0.0121,0.0149,0.0166,0.0202,0.0214,0.0249,0.0267,0.0354
0.4134,0.4136,0.572,0.0415,0.1271,0.0677,0.0693,0.1014,0.1087,0.8168,0.8947,0.8167,0.0547,0.0585,0.0687,0.161564,0.019781503,7.72e-05,0.057968285,-0.845561505,0.0075,0.0111,0.0145,0.0167,0.0198,0.0217,0.0251,0.0277,0.0318,0.04
0.3775,0.4446,0.8737,0.0457,0.1384,0.0613,0.0834,0.0988,0.1096,0.8497,0.9664,0.9208,0.0521,0.0545,0.0865,0.173927,0.02885958,0.000101917,-0.097431737,-0.350683561,0.0148,0.0209,0.0233,0.0263,0.0288,0.0317,0.0343,0.0375,0.042,0.0559
0.3959,0.4951,0.6989,0.0466,0.1297,0.0688,0.0777,0.096,0.1206,0.9041,0.8685,0.8518,0.0563,0.0608,0.0953,0.102402,0.01930443,7.9e-05,0.113349242,-0.780122212,0.0066,0.0108,0.0143,0.0162,0.0198,0.0216,0.0251,0.0275,0.0314,0.0406
0.397,0.4648,0.7821,0.0471,0.1156,0.0642,0.0746,0.0939,0.1076,0.8249,0.8851,0.8959,0.0599,0.0602,0.0715,0.128672,0.020563228,6.36e-05,-0.008110318,-0.718585612,0.01,0.0133,0.0153,0.0187,0.0203,0.0225,0.0252,0.0274,0.0314,0.04
0.3688,0.4489,0.9351,0.039,0.1284,0.0563,0.0639,0.0974,0.1023,0.9087,0.9744,0.9931,0.0539,0.0957,0.0958,0.171791,0.028276245,8.84e-05,-0.403092715,-0.268017465,0.0151,0.0213,0.0235,0.0259,0.0292,0.0315,0.0343,0.0365,0.0401,0.0495
0.3567,0.4926,0.8579,0.0394,0.1302,0.0565,0.0844,0.0961,0.1106,0.962,0.9591,0.9302,0.0582,0.0721,0.0807,0.14157,0.026357558,0.000113041,0.282496247,-0.391312557,0.0123,0.0167,0.0207,0.0229,0.0259,0.0283,0.0314,0.0358,0.0412,0.0543
0.3801,0.4169,0.9353,0.0412,0.1242,0.058,0.0756,0.0899,0.1128,0.8795,0.8739,0.9982,0.0669,0.0683,0.0761,0.193861,0.029132082,9.42e-05,-0.437552187,-0.153969308,0.0154,0.0207,0.0246,0.0268,0.0304,0.0329,0.0352,0.0375,0.0405,0.05
0.3876,0.4774,0.9122,0.0386,0.1101,0.0622,0.0679,0.0731,0.0881,0.899,0.9616,0.9514,0.0527,0.0572,0.0629,0.130763,0.023782762,7.3e-05,-0.173367956,-0.555234694,0.0119,0.0159,0.02,0.0214,0.0242,0.0258,0.029,0.032,0.0353,0.0427
0.3554,0.4954,0.6022,0.0398,0.1194,0.0531,0.0756,0.0787,0.1127,0.8002,0.9193,0.8775,0.0539,0.063,0.0992,0.141786,0.0196343,8.57e-05,0.227015584,-0.627730215,0.0068,0.0113,0.015,0.0163,0.0194,0.0215,0.0253,0.0278,0.0319,0.0442
0.4157,0.4916,0.5218,0.0397,0.1227,0.0467,0.0648,0.0924,0.0971,1.0,0.9231,0.9711,0.077,0.0826,0.0898,0.087141,0.014111683,4.53e-05,0.372761806,-0.471899555,0.0058,0.0065,0.0108,0.0118,0.0143,0.0154,0.0173,0.0207,0.0227,0.035
0.4042,0.4306,0.7945,0.0422,0.122,0.0489,0.0814,0.088,0.094,0.9082,0.9283,0.9651,0.0624,0.0628,0.094,0.15918,0.021309495,5.9e-05,-0.064180115,-0.609637211,0.0109,0.0146,0.0165,0.0199,0.0213,0.0248,0.0261,0.0282,0.0316,0.0409
0.3655,0.4542,0.8482,0.0354,0.1111,0.0428,0.0673,0.0752,0.1022,0.855,0.8799,0.8214,0.0503,0.076,0.0842,0.173406,0.022499398,6.68e-05,0.059107507,-0.313417411,0.0107,0.0148,0.018,0.0207,0.0223,0.0248,0.0268,0.0295,0.0326,0.0469
0.3533,0.4805,0.7859,0.0365,0.1229,0.056,0.0755,0.0855,0.1084,0.8717,0.9062,0.884,0.0534,0.0559,0.0668,0.162002,0.024641668,0.00010412,0.159872818,-0.662056483,0.0112,0.0153,0.0189,0.0208,0.0243,0.0266,0.0302,0.0339,0.0391,0.052
0.3508,0.4683,0.6211,0.0378,0.1287,0.0484,0.0719,0.0917,0.0965,0.8661,0.8272,0.8188,0.0726,0.0763,0.0923,0.175116,0.021352978,9.79e-05,0.296310558,-0.370157536,0.0097,0.0115,0.0153,0.0184,0.0205,0.0235,0.0265,0.0303,0.035,0.0502
0.3904,0.4551,0.612,0.0395,0.1302,0.0659,0.0729,0.0821,0.1021,0.8814,0.8989,0.804,0.087,0.092,0.0935,0.146009,0.020044948,8.01e-05,0.036352404,-0.824167066,0.0071,0.0114,0.015,0.0169,0.0206,0.0224,0.0252,0.028,0.0321,0.0427
0.3944,0.4879,0.6086,0.0372,0.1272,0.0493,0.0723,0.0792,0.1066,0.9716,0.9616,0.9854,0.0748,0.0899,0.093,0.110003,0.017086611,6.51e-05,0.23118876,-0.723440751,0.0062,0.0104,0.0113,0.0154,0.0165,0.0201,0.0213,0.0253,0.0281,0.0381
0.4187,0.4757,0.854,0.0363,0.1487,0.0608,0.0664,0.1093,0.1189,0.9421,0.9752,0.8691,0.0754,0.0812,0.084,0.096003,0.018423934,5.37e-05,0.078435674,-0.703554424,0.01,0.0117,0.0144,0.0156,0.0182,0.0208,0.0221,0.0253,0.0281,0.035
0.3885,0.439,0.8471,0.041,0.1332,0.051,0.0767,0.0914,0.1145,0.8185,0.8743,0.854,0.0508,0.0622,0.0869,0.165328,0.02466655,7.43e-05,-0.12172546,-0.525770788,0.0139,0.0167,0.02,0.0221,0.0256,0.0267,0.0297,0.0324,0.0363,0.045
0.3576,0.4117,0.6277,0.0419,0.1194,0.05,0.0664,0.0919,0.1067,0.9168,0.9433,0.8792,0.0784,0.0865,0.0986,0.221733,0.024268018,9.82e-05,0.044792891,-0.673755962,0.0106,0.0148,0.0185,0.0217,0.0251,0.0266,0.0303,0.0333,0.0372,0.049
0.3921,0.418,0.6001,0.0449,0.1172,0.0641,0.0723,0.0896,0.1061,0.894,0.814,0.8482,0.0771,0.085,0.0878,0.183923,0.022326546,8.56e-05,-0.09394033,-0.825956122,0.0099,0.0142,0.0159,0.0203,0.0223,0.0253,0.028,0.0311,0.0348,0.0415
0.3521,0.4566,0.6115,0.0403,0.1281,0.0669,0.0779,0.1021,0.118,0.8558,0.9741,0.9695,0.0541,0.0622,0.0692,0.182474,0.024853424,0.000124247,0.109975296,-0.714567382,0.0105,0.0148,0.018,0.0209,0.0246,0.0275,0.0315,0.0346,0.0404,0.0517
0.3965,0.482,0.5816,0.0491,0.119,0.0699,0.0734,0.0938,0.1014,0.9687,0.859,0.8434,0.0712,0.0768,0.0964,0.115862,0.018176691,6.64e-05,0.015502979,-0.935763603,0.0063,0.0104,0.0121,0.0154,0.0188,0.0204,0.0234,0.0259,0.0291,0.0364
0.4096,0.4216,0.5759,0.0424,0.1236,0.0502,0.0633,0.0734,0.097,0.8824,0.8764,0.9038,0.0762,0.0856,0.0935,0.162707,0.018233279,6.45e-05,0.015716215,-0.873590716,0.0065,0.0103,0.0134,0.0149,0.0185,0.0209,0.023,0.0257,0.029,0.0384
0.4078,0.4996,0.6924,0.039,0.1162,0.0505,0.0671,0.082,0.1006,0.8546,0.8439,0.8964,0.0547,0.0601,0.0966,0.085916,0.014269892,4.28e-05,0.214272006,-0.798317796,0.0057,0.0073,0.0104,0.0115,0.0148,0.0158,0.0179,0.0207,0.0233,0.032
0.3607,0.4293,0.8923,0.0364,0.1184,0.0421,0.0532,0.0873,0.1092,0.9898,0.9637,0.8397,0.0564,0.0994,0.0995,0.203658,0.024563436,7.35e-05,-0.123558094,-0.253788433,0.0135,0.0168,0.0206,0.0224,0.0249,0.0268,0.0295,0.0317,0.0353,0.0469
0.3991,0.4009,0.8606,0.0377,0.1494,0.0465,0.0729,0.1015,0.137,0.9051,0.91,0.8702,0.0583,0.0691,0.0906,0.177767,0.025357917,8.13e-05,-0.057706518,-0.405133701,0.014,0.0176,0.0209,0.0233,0.0257,0.0276,0.0302,0.0333,0.0372,0.0482
0.4104,0.4494,0.8643,0.0371,0.1476,0.0565,0.0812,0.092,0.1168,0.9657,0.9629,0.9465,0.0629,0.0652,0.0697,0.132401,0.023177707,7e-05,-0.017330744,-0.478225173,0.0119,0.0158,0.0189,0.0213,0.0235,0.0253,0.0276,0.0311,0.0341,0.0433
0.3906,0.4336,0.6206,0.0493,0.1216,0.0655,0.0792,0.0923,0.1021,0.9413,0.8718,0.8062,0.0654,0.0667,0.0866,0.172789,0.022062468,8.53e-05,-0.074908463,-0.85972228,0.0097,0.0141,0.0156,0.02,0.0216,0.0258,0.0279,0.031,0.0344,0.0412
0.3803,0.4899,0.5028,0.0401,0.1242,0.0539,0.0705,0.092,0.1098,0.9818,0.9195,0.8008,0.0715,0.0907,0.0949,0.126202,0.016994857,5.92e-05,0.087377399,-0.848210428,0.0062,0.0102,0.0111,0.0151,0.0163,0.0197,0.0211,0.0245,0.0267,0.0367
0.3812,0.4278,0.8228,0.0399,0.1402,0.0539,0.07,0.1036,0.1168,0.9487,0.8315,0.9914,0.0746,0.0801,0.0994,0.176949,0.023962727,6.98e-05,-0.109788716,-0.519999399,0.0128,0.0156,0.0197,0.0216,0.0239,0.0261,0.0286,0.0315,0.0353,0.0453
0.3591,0.4148,0.553,0.0412,0.126,0.0706,0.0883,0.0939,0.0979,0.9441,0.8613,0.8719,0.0643,0.0933,0.0958,0.218392,0.026678696,0.000126285,-0.039430523,-0.794097707,0.011,0.0158,0.0201,0.0236,0.0263,0.0305,0.0337,0.0369,0.0416,0.051
0.3621,0.4804,0.7855,0.0369,0.1494,0.0603,0.0717,0.0981,0.1331,0.9891,0.8454,0.9619,0.0553,0.0588,0.0848,0.14786,0.022965582,8.45e-05,0.119168877,-0.564997079,0.0104,0.0144,0.0173,0.0208,0.0224,0.0253,0.0279,0.0312,0.0355,0.0474
0.3893,0.415,0.6617,0.0388,0.1283,0.0627,0.067,0.1028,0.1148,0.8426,0.9903,0.886,0.0521,0.069,0.0873,0.184663,0.021463752,7.39e-05,-0.015825722,-0.757434845,0.01,0.014,0.016,0.0196,0.0212,0.0247,0.0262,0.0301,0.0333,0.0406
0.3989,0.4127,0.904,0.0483,0.1177,0.0542,0.0696,0.0889,0.0975,0.9102,0.8289,0.8724,0.0547,0.0678,0.083,0.183355,0.026910401,8.15e-05,-0.352693907,-0.300009316,0.0144,0.0202,0.0218,0.025,0.0271,0.0304,0.032,0.0354,0.0382,0.0472
0.3802,0.4774,0.5017,0.0423,0.1491,0.0595,0.0752,0.1028,0.1353,0.8939,0.8084,0.9313,0.0609,0.087,0.0906,0.132202,0.020329692,9.28e-05,0.260692844,-0.609927602,0.007,0.0118,0.0154,0.0168,0.02,0.0221,0.0259,0.0291,0.0341,0.045
0.3649,0.4408,0.5326,0.0384,0.1313,0.0633,0.0747,0.0933,0.1157,0.8571,0.8266,0.8062,0.0585,0.0832,0.0911,0.17875,0.023149068,0.000103794,0.01975178,-0.705002375,0.0099,0.0141,0.0165,0.02,0.0234,0.026,0.0294,0.0326,0.0365,0.0497
0.3961,0.4568,0.8291,0.0437,0.1408,0.0572,0.086,0.1094,0.1329,0.9209,0.9219,0.9672,0.0517,0.0786,0.0977,0.130885,0.023161501,7.64e-05,0.038733177,-0.581293251,0.0118,0.0143,0.0182,0.0206,0.0229,0.0255,0.0276,0.0312,0.035,0.0453
0.3977,0.4894,0.5519,0.0389,0.1312,0.0541,0.0912,0.0997,0.1169,0.8962,0.8932,0.8133,0.0716,0.0716,0.0788,0.102744,0.017295084,6.62e-05,0.209155782,-0.764303604,0.0063,0.0098,0.0117,0.0147,0.0165,0.0196,0.0215,0.0252,0.0285,0.0403
0.3544,0.4767,0.881,0.0466,0.1469,0.0583,0.0964,0.1009,0.1272,0.9896,0.985,0.8475,0.0551,0.0753,0.0798,0.159148,0.03044848,0.000124302,0.108744421,-0.178008473,0.0158,0.0207,0.0253,0.027,0.0305,0.0334,0.0361,0.04,0.0449,0.0616
0.3785,0.4362,0.535,0.0432,0.122,0.0594,0.0742,0.1015,0.1016,0.8843,0.9682,0.8123,0.0746,0.0855,0.0927,0.178238,0.020766389,8.42e-05,-0.009061365,-0.874275406,0.0085,0.0117,0.015,0.0186,0.0207,0.0249,0.0265,0.0296,0.0329,0.0412
0.362,0.4481,0.6772,0.0374,0.138,0.074,0.0769,0.096,0.1067,0.9275,0.8907,0.8819,0.0552,0.065,0.0677,0.178994,0.02597691,0.000119064,0.04778977,-0.787409908,0.0114,0.0159,0.0199,0.0218,0.0259,0.0294,0.0329,0.0362,0.0408,0.0532
0.3811,0.4133,0.5612,0.0478,0.1241,0.0667,0.0957,0.0971,0.1123,0.8304,0.8246,0.9025,0.0706,0.0745,0.0874,0.19754,0.02500435,0.000113679,-0.012177568,-0.839560373,0.0104,0.0148,0.0192,0.0221,0.0256,0.0275,0.0319,0.0352,0.0392,0.0492
0.3779,0.4911,0.7073,0.0433,0.1304,0.08,0.0846,0.09,0.1056,0.8146,0.9402,0.9897,0.054,0.0575,0.0996,0.124334,0.021654287,9.33e-05,-0.036993001,-0.946844378,0.0089,0.0118,0.0155,0.0202,0.0215,0.0245,0.0269,0.0311,0.0354,0.0424
0.3732,0.453,0.8023,0.0453,0.141,0.0704,0.0887,0.0981,0.1277,0.861,0.9859,0.9547,0.0545,0.059,0.0888,0.167527,0.028665565,0.000111229,0.025604304,-0.502625114,0.014,0.0206,0.0227,0.0251,0.0284,0.0314,0.0347,0.0382,0.0426,0.0568
0.4135,0.449,0.821,0.0486,0.1163,0.0587,0.0813,0.094,0.1063,0.887,0.9321,0.8588,0.0558,0.062,0.0845,0.129071,0.021373687,6.35e-05,-0.030253418,-0.573171121,0.0111,0.015,0.0163,0.0193,0.0208,0.0246,0.0261,0.0286,0.0317,0.0442
0.408,0.4997,0.8739,0.0376,0.1206,0.0482,0.0713,0.0879,0.1015,0.9213,0.8323,0.8378,0.0704,0.0756,0.0839,0.086683,0.015632816,4.07e-05,0.118399984,-0.654145355,0.0063,0.0104,0.0116,0.0151,0.0158,0.017,0.0196,0.0209,0.0252,0.0335
0.3826,0.4459,0.9339,0.0495,0.1437,0.0748,0.0932,0.0988,0.1182,0.985,0.981,0.8263,0.0555,0.0826,0.0854,0.161484,0.032824591,0.00011885,-0.428528281,-0.174276748,0.0183,0.0238,0.0271,0.0308,0.0333,0.0363,0.0403,0.0426,0.0463,0.0552
0.3983,0.4385,0.7504,0.043,0.113,0.0521,0.0682,0.0922,0.0924,0.8809,0.8201,0.8681,0.0803,0.089,0.0992,0.155753,0.020562024,6.59e-05,-0.003218808,-0.7397564,0.0098,0.0128,0.0153,0.0184,0.0204,0.0228,0.0255,0.0279,0.0317,0.0403
0.3726,0.4218,0.8788,0.037,0.1212,0.0508,0.0656,0.0847,0.1107,0.902,0.9251,0.9303,0.0602,0.0685,0.0829,0.199362,0.028181529,9.98e-05,-0.039283527,-0.26078329,0.0158,0.0205,0.0229,0.0259,0.0279,0.0309,0.0346,0.0365,0.0412,0.0543
0.3658,0.4901,0.8937,0.047,0.1226,0.0571,0.0771,0.0984,0.1089,0.9565,0.9885,0.9197,0.0864,0.0907,0.095,0.134444,0.025050879,8.47e-05,0.205123023,0.008143372,0.0149,0.017,0.0206,0.022,0.0252,0.0265,0.0299,0.0332,0.0364,0.0539
0.389,0.4035,0.6041,0.0432,0.1421,0.0605,0.0705,0.0921,0.1282,0.8587,0.8411,0.8432,0.0797,0.0854,0.0974,0.195312,0.023834636,9.58e-05,-0.021578376,-0.73719012,0.0101,0.0142,0.0186,0.021,0.024,0.026,0.0301,0.0331,0.0369,0.0464
0.3522,0.4379,0.7405,0.0414,0.1228,0.0586,0.076,0.0888,0.0998,0.9768,0.9255,0.9119,0.0554,0.0597,0.0897,0.20424,0.027175162,0.000111959,0.178451204,-0.440276957,0.0129,0.0175,0.0216,0.0237,0.0263,0.0295,0.0328,0.0359,0.0415,0.0568
0.4035,0.4415,0.6947,0.0463,0.1238,0.061,0.0772,0.0844,0.1148,0.8818,0.8009,0.8831,0.0623,0.0716,0.0726,0.14635,0.020561348,7.92e-05,0.08555321,-0.804519617,0.0093,0.0119,0.0153,0.0174,0.0208,0.0227,0.0254,0.0288,0.033,0.0427
0.3678,0.4129,0.6568,0.0494,0.1329,0.0624,0.0803,0.095,0.1213,0.9051,0.8047,0.8114,0.0624,0.0674,0.0989,0.20274,0.025198138,9.65e-05,0.028505593,-0.629220481,0.0112,0.0156,0.0192,0.0221,0.0252,0.0276,0.0313,0.0345,0.038,0.0497
0.3611,0.4872,0.5051,0.0357,0.1428,0.0492,0.0597,0.1152,0.1265,0.849,0.8672,0.8385,0.0555,0.0594,0.0942,0.135374,0.019549482,8.84e-05,0.271017779,-0.596388153,0.0067,0.0113,0.0151,0.0164,0.0195,0.0215,0.0255,0.0273,0.0321,0.045
0.3544,0.4108,0.7223,0.0403,0.1438,0.0552,0.0798,0.1005,0.1092,0.8427,0.8813,0.9108,0.0654,0.0705,0.0886,0.219214,0.028346287,0.00011833,0.168047439,-0.389183986,0.0135,0.0193,0.0223,0.0247,0.028,0.0308,0.0342,0.0375,0.043,0.0568
0.3844,0.4514,0.587,0.0354,0.1353,0.0454,0.0765,0.105,0.1091,0.952,0.8086,0.9317,0.0606,0.0845,0.0877,0.158427,0.018534411,7.38e-05,0.345305582,-0.050578964,0.0068,0.0107,0.0142,0.0157,0.0187,0.0205,0.023,0.026,0.0294,0.0505
0.4152,0.4156,0.6737,0.0362,0.1348,0.0578,0.0773,0.0935,0.1054,0.9659,0.831,0.849,0.06,0.0601,0.0869,0.159112,0.018491974,5.94e-05,-0.013754156,-0.842088014,0.0083,0.0108,0.0147,0.0158,0.0193,0.0206,0.0233,0.0253,0.0285,0.0367
0.4113,0.4298,0.6576,0.0397,0.1323,0.0602,0.0788,0.0918,0.1237,0.9275,0.9774,0.9226,0.0571,0.0874,0.0938,0.154023,0.020256526,7.38e-05,0.021992551,-0.766289784,0.0091,0.0116,0.015,0.0177,0.0205,0.0225,0.0254,0.0281,0.0316,0.0415
0.3939,0.436,0.7823,0.0404,0.1144,0.0459,0.0608,0.082,0.1057,0.9208,0.8721,0.9375,0.0742,0.0928,0.0946,0.160337,0.019924983,5.87e-05,0.030525917,-0.600894417,0.0099,0.0125,0.0152,0.0173,0.0201,0.0218,0.0249,0.0262,0.0304,0.0403
0.4037,0.447,0.5952,0.0377,0.1196,0.078,0.0811,0.0873,0.0996,0.8447,0.9448,0.8099,0.052,0.0724,0.0877,0.144596,0.01952468,7.69e-05,0.065627183,-0.851910222,0.0067,0.011,0.0144,0.0163,0.0197,0.0218,0.0251,0.0273,0.0315,0.0403
0.3529,0.4487,0.6328,0.0376,0.1324,0.0573,0.0786,0.09,0.1248,0.8249,0.8163,0.8938,0.0535,0.0699,0.09,0.188804,0.023589177,0.000105194,0.153194711,-0.511434272,0.0106,0.015,0.017,0.0207,0.0242,0.0263,0.0294,0.0328,0.0372,0.0532
0.3505,0.4142,0.925,0.0493,0.1263,0.0627,0.0781,0.105,0.1126,0.9685,0.8607,0.9651,0.0545,0.0584,0.0741,0.22541,0.038862315,0.0001898,-0.23203746,-0.377780495,0.0205,0.0269,0.0312,0.0354,0.0392,0.0435,0.0471,0.0516,0.0564,0.0696
0.359,0.4185,0.9097,0.0366,0.1358,0.0584,0.0661,0.1016,0.1193,0.8261,0.8527,0.8459,0.0925,0.0944,0.0953,0.212973,0.03407236,0.000131354,-0.313321672,-0.273809131,0.019,0.0248,0.0285,0.0314,0.0356,0.0374,0.0406,0.0439,0.0485,0.0594
0.3667,0.4257,0.5804,0.039,0.1339,0.0655,0.0709,0.1024,0.1139,0.8568,0.8542,0.9051,0.0569,0.0786,0.0906,0.201274,0.024740706,0.000113349,0.102674822,-0.63443311,0.0107,0.0151,0.019,0.0209,0.0245,0.0273,0.0309,0.0344,0.0401,0.0515
0.3648,0.4377,0.9228,0.0365,0.1269,0.0479,0.0781,0.0943,0.1197,0.8919,0.9932,0.808,0.0512,0.0593,0.0636,0.192901,0.026720081,8.76e-05,-0.188488604,-0.224238517,0.0152,0.02,0.0217,0.0251,0.0265,0.0297,0.0323,0.035,0.0387,0.0539
0.4164,0.4872,0.558,0.0463,0.1461,0.0745,0.0937,0.1082,0.1309,0.8608,0.8363,0.8996,0.0627,0.077,0.094,0.081762,0.018872629,7.39e-05,0.081640689,-0.852357146,0.0065,0.0104,0.0137,0.0154,0.0197,0.0215,0.0242,0.0265,0.0304,0.0391
0.401,0.4501,0.5128,0.036,0.1442,0.0428,0.0861,0.0996,0.1228,0.8922,0.9256,0.8685,0.0639,0.0714,0.0939,0.134222,0.017885927,7.06e-05,0.284577515,-0.498413224,0.0065,0.0106,0.0123,0.0154,0.0172,0.0206,0.0221,0.0253,0.0295,0.043
0.4002,0.4537,0.7119,0.0364,0.1222,0.0556,0.0788,0.0815,0.0964,0.8818,0.8961,0.8617,0.0519,0.0821,0.0864,0.141194,0.019406218,6.96e-05,0.113984069,-0.633761526,0.0088,0.0113,0.0147,0.016,0.0201,0.0212,0.0241,0.027,0.0309,0.0415
0.3517,0.4732,0.607,0.0361,0.1212,0.0623,0.0639,0.0947,0.1033,0.8793,0.9375,0.853,0.0608,0.0699,0.0854,0.170436,0.021876452,9.95e-05,0.204574934,-0.514143705,0.0097,0.0115,0.0154,0.0198,0.0221,0.0242,0.0268,0.0309,0.0349,0.0495
0.369,0.4433,0.7516,0.0402,0.1211,0.0605,0.069,0.0935,0.1071,0.8089,0.8228,0.8249,0.0509,0.0685,0.0792,0.177782,0.02464989,8.29e-05,-0.025044775,-0.62290214,0.0111,0.0156,0.0202,0.0217,0.0248,0.0268,0.0304,0.0324,0.0364,0.0472
0.381,0.4,0.7532,0.0451,0.1341,0.0639,0.0761,0.1044,0.1114,0.897,0.8204,0.9287,0.0649,0.0792,0.0803,0.210842,0.027707033,8.98e-05,-0.091551579,-0.461358534,0.0155,0.0199,0.0217,0.0256,0.0281,0.0309,0.0335,0.036,0.04,0.0532
0.3776,0.4424,0.924,0.0408,0.1406,0.0593,0.0923,0.093,0.1216,0.9964,0.8029,0.8674,0.0543,0.0872,0.0989,0.172643,0.02857605,9.59e-05,-0.293865112,-0.149604598,0.0154,0.0204,0.0241,0.026,0.0291,0.0314,0.034,0.0367,0.0411,0.052
0.3666,0.4288,0.5618,0.0363,0.1179,0.0669,0.0814,0.0817,0.0929,0.8234,0.909,0.9998,0.0689,0.0788,0.0996,0.199896,0.022483533,9.4e-05,-0.021666833,-0.849569516,0.0098,0.0128,0.0163,0.0206,0.0222,0.0253,0.0282,0.0319,0.0353,0.0433
0.3666,0.4301,0.6473,0.0475,0.1109,0.0499,0.0699,0.0822,0.1037,0.8315,0.9767,0.8146,0.0853,0.091,0.0995,0.195764,0.020413241,6.89e-05,-0.083312355,-0.843827289,0.0091,0.0115,0.0146,0.018,0.0209,0.0232,0.0255,0.0281,0.0316,0.0384
0.3742,0.4565,0.6453,0.0474,0.1475,0.0781,0.0808,0.0862,0.1309,0.9956,0.9587,0.9613,0.0687,0.0742,0.0866,0.159761,0.025026612,0.000129184,0.183633932,-0.732737684,0.0105,0.0149,0.0182,0.0211,0.0243,0.0274,0.0313,0.0356,0.0411,0.0512
0.4097,0.4667,0.6937,0.0373,0.1339,0.0521,0.0842,0.1012,0.1075,0.9341,0.9338,0.9226,0.0581,0.0774,0.0833,0.115083,0.018366499,7.18e-05,0.178849968,-0.712872881,0.0065,0.0105,0.0135,0.0154,0.0184,0.0206,0.0232,0.026,0.0304,0.0406
0.4001,0.4863,0.6694,0.0467,0.1398,0.0649,0.0971,0.1024,0.1057,0.9464,0.9238,0.8891,0.0695,0.0705,0.0876,0.106315,0.019631947,8.46e-05,0.177244211,-0.731110922,0.0068,0.0112,0.0149,0.0164,0.0205,0.0219,0.0251,0.0278,0.0328,0.0436
0.3962,0.4582,0.7904,0.035,0.1353,0.0503,0.0743,0.0953,0.1061,0.8337,0.8828,0.9553,0.0518,0.068,0.0885,0.136466,0.018704207,5.65e-05,0.073547572,-0.645770358,0.009,0.0111,0.0141,0.0157,0.0192,0.0211,0.0229,0.0256,0.0285,0.0391
0.4111,0.4064,0.743,0.0405,0.1104,0.0486,0.065,0.0832,0.0987,0.8174,0.8293,0.83,0.0632,0.0762,0.0981,0.174752,0.020882774,6.16e-05,-0.051104924,-0.695697876,0.0103,0.014,0.0157,0.0192,0.0206,0.0236,0.0254,0.0276,0.0314,0.04
0.3694,0.4654,0.5462,0.045,0.1254,0.0631,0.0746,0.1071,0.1091,0.9464,0.9071,0.9482,0.0561,0.0705,0.0728,0.155464,0.023113593,0.000119643,0.264422447,-0.515472314,0.0102,0.0122,0.0165,0.0204,0.0223,0.0259,0.0295,0.0332,0.0377,0.0541
0.3657,0.4739,0.6979,0.0491,0.1201,0.0673,0.0763,0.1059,0.1067,0.9456,0.9331,0.8068,0.0529,0.0726,0.0812,0.154502,0.0231962,9.74e-05,0.072515257,-0.685078117,0.0103,0.0144,0.0166,0.02,0.0229,0.026,0.0298,0.0318,0.0362,0.0502
0.3545,0.4238,0.7507,0.0477,0.1474,0.0703,0.0993,0.1234,0.1241,0.8623,0.929,0.875,0.0501,0.0723,0.0728,0.203002,0.032046057,0.000144591,0.164654112,-0.376858016,0.0162,0.0215,0.0245,0.0284,0.0312,0.035,0.0382,0.0428,0.0484,0.0652
0.3789,0.4075,0.5075,0.0433,0.1119,0.0582,0.0706,0.0861,0.0937,0.8206,0.9963,0.897,0.0615,0.0731,0.0898,0.206884,0.02072064,7.58e-05,-0.133103375,-0.884720693,0.0087,0.0116,0.015,0.0191,0.0215,0.024,0.0256,0.0292,0.032,0.0394
0.3503,0.4757,0.8402,0.0381,0.1157,0.0492,0.0709,0.0762,0.099,0.979,0.8091,0.8528,0.0509,0.0688,0.0905,0.168721,0.021636292,5.96e-05,-0.108780831,-0.605867075,0.0108,0.0144,0.0166,0.0207,0.0218,0.0243,0.0256,0.0287,0.0317,0.0394
0.3807,0.4912,0.8124,0.0495,0.1471,0.0769,0.0906,0.109,0.1284,0.8106,0.8718,0.9786,0.0742,0.0814,0.0905,0.118812,0.022792468,7.58e-05,-0.066493317,-0.791054703,0.0109,0.0147,0.0171,0.0205,0.0226,0.0255,0.0281,0.0312,0.0346,0.0415
0.3824,0.4027,0.7565,0.0459,0.1225,0.0604,0.0773,0.1013,0.1071,0.9306,0.8065,0.8501,0.0796,0.0906,0.0985,0.208096,0.02671446,8.8e-05,-0.134712808,-0.668924105,0.014,0.019,0.0213,0.0245,0.0264,0.0298,0.0322,0.0357,0.039,0.0474
0.4,0.458,0.8234,0.0478,0.1295,0.0597,0.0825,0.1038,0.1105,0.8286,0.8805,0.9769,0.0605,0.0712,0.0841,0.131418,0.021120578,5.79e-05,-0.09203663,-0.641199153,0.0105,0.0141,0.016,0.0205,0.0216,0.0239,0.0253,0.0276,0.0313,0.0394
0.3718,0.447,0.7843,0.0358,0.1143,0.0471,0.0652,0.0688,0.0945,0.9637,0.9467,0.8451,0.0569,0.0603,0.0603,0.176696,0.02027718,5.6e-05,-0.008958988,-0.647020159,0.0102,0.0136,0.0151,0.0181,0.0209,0.022,0.0249,0.0267,0.0304,0.0391
0.3933,0.4942,0.7734,0.0474,0.125,0.0588,0.0818,0.0854,0.0985,0.8295,0.9112,0.9913,0.055,0.0699,0.0783,0.106844,0.017267796,5.62e-05,0.051939482,-0.831245698,0.0063,0.0111,0.0123,0.015,0.0168,0.0204,0.0215,0.025,0.0268,0.0354
0.3794,0.4781,0.7661,0.0442,0.1348,0.0615,0.071,0.0901,0.1129,0.818,0.9122,0.8314,0.0535,0.0743,0.0976,0.136214,0.020866637,7.25e-05,-0.034624011,-0.829240466,0.0096,0.0122,0.0154,0.0192,0.0208,0.0242,0.026,0.0292,0.0326,0.0406
0.3609,0.4966,0.5177,0.0439,0.1387,0.0678,0.068,0.1051,0.1127,0.9556,0.9904,0.9013,0.0725,0.0821,0.0884,0.134565,0.021296192,9.71e-05,0.226253577,-0.442553312,0.009,0.0116,0.0153,0.0185,0.0206,0.024,0.0264,0.0301,0.0346,0.0515
0.4028,0.4109,0.6875,0.0475,0.1393,0.075,0.091,0.1054,0.1194,0.945,0.9721,0.8377,0.0724,0.0833,0.0866,0.174573,0.025584768,9.77e-05,-0.039823738,-0.777874106,0.0109,0.0156,0.0202,0.0225,0.0251,0.028,0.0317,0.0351,0.0396,0.0464
0.3945,0.4761,0.9289,0.04,0.1145,0.0483,0.0687,0.0936,0.1016,0.9895,0.9909,0.8862,0.0843,0.0863,0.0873,0.121623,0.022431337,6.32e-05,-0.146908379,-0.326431694,0.0117,0.0157,0.0186,0.0212,0.0224,0.0252,0.0267,0.0296,0.032,0.0439
0.4109,0.4961,0.5803,0.037,0.1493,0.0577,0.0621,0.0863,0.1345,0.9101,0.9874,0.935,0.0579,0.0696,0.0991,0.080734,0.01480598,4.7e-05,0.162053938,-0.928731189,0.0057,0.0086,0.0106,0.0116,0.015,0.0164,0.02,0.0213,0.0245,0.032
0.3921,0.4751,0.7305,0.0429,0.1288,0.0608,0.0698,0.0982,0.1154,0.8338,0.9952,0.818,0.0519,0.0575,0.0889,0.125101,0.017230557,5.59e-05,0.059335269,-0.835534158,0.0063,0.011,0.0122,0.015,0.0168,0.0203,0.0215,0.025,0.0268,0.0354
0.3543,0.4317,0.5011,0.0384,0.1259,0.0572,0.0617,0.0851,0.0954,0.864,0.8656,0.8703,0.0565,0.0753,0.0887,0.204755,0.022961144,0.000101994,0.098824484,-0.592673867,0.01,0.0141,0.0163,0.0198,0.023,0.0257,0.0287,0.032,0.0362,0.0497
0.3925,0.4552,0.7138,0.0428,0.1104,0.0601,0.0674,0.0896,0.1016,0.9988,0.8066,0.8906,0.0912,0.0933,0.0993,0.147083,0.019046437,6.38e-05,-0.019542933,-0.836407339,0.0098,0.0108,0.0149,0.016,0.0197,0.0211,0.0242,0.0258,0.0302,0.0367
0.389,0.427,0.5878,0.043,0.118,0.0544,0.0661,0.0848,0.0959,0.9661,0.9499,0.9687,0.0537,0.0616,0.0637,0.174342,0.020499526,8.3e-05,0.10803363,-0.727501615,0.0092,0.0121,0.0157,0.0174,0.0203,0.0226,0.026,0.029,0.0326,0.045
0.3762,0.4491,0.8767,0.0489,0.1163,0.0594,0.0757,0.0793,0.0944,0.9044,0.8462,0.8297,0.0654,0.0826,0.0966,0.170989,0.027518396,8.57e-05,-0.280100988,-0.425456311,0.0147,0.0202,0.0219,0.0252,0.0278,0.0308,0.0332,0.0359,0.0392,0.0472
0.3592,0.499,0.7175,0.0415,0.1231,0.0619,0.0801,0.0986,0.1024,0.9119,0.9973,0.9035,0.065,0.0718,0.0967,0.133472,0.020755648,8.81e-05,0.172511474,-0.64546766,0.0092,0.0122,0.0143,0.0176,0.0205,0.0229,0.0257,0.0293,0.0334,0.0453
0.3804,0.4714,0.7814,0.041,0.1143,0.0542,0.0743,0.0938,0.1042,0.9163,0.8925,0.8124,0.0612,0.0645,0.0833,0.138095,0.020560816,7.18e-05,0.148414037,-0.55421295,0.0101,0.0123,0.0157,0.0181,0.0211,0.0223,0.0254,0.0278,0.0323,0.0436
0.3508,0.4512,0.8849,0.0403,0.1317,0.0627,0.0751,0.1096,0.1226,0.8589,0.8464,0.8018,0.0893,0.0911,0.092,0.185653,0.033129186,0.000150078,0.134753982,-0.086286793,0.0173,0.0231,0.0262,0.0303,0.0327,0.0358,0.0396,0.0434,0.0481,0.0669
0.3983,0.4132,0.5534,0.0479,0.1453,0.0626,0.0924,0.1101,0.1314,0.8426,0.8246,0.8658,0.0771,0.092,0.0954,0.176125,0.024479965,0.000110641,-0.025939724,-0.749565409,0.0102,0.0146,0.0185,0.022,0.0255,0.027,0.0312,0.0341,0.038,0.0492
0.3818,0.4384,0.8259,0.0359,0.1167,0.0506,0.0547,0.0874,0.1037,0.8132,0.932,0.8514,0.0587,0.0695,0.0736,0.176071,0.021087246,5.55e-05,-0.100909235,-0.573071522,0.0106,0.0141,0.0162,0.0203,0.0214,0.0233,0.0256,0.0271,0.0309,0.0391
0.3839,0.4712,0.7891,0.0418,0.1489,0.0614,0.0816,0.0964,0.1284,0.881,0.8263,0.9251,0.0657,0.0822,0.0861,0.137983,0.022929271,8.83e-05,0.284907172,-0.078640515,0.011,0.0152,0.017,0.0205,0.0223,0.0257,0.028,0.0312,0.035,0.0534
0.4118,0.4532,0.8693,0.0407,0.114,0.053,0.0642,0.0785,0.0894,0.8039,0.849,0.9875,0.0585,0.0772,0.0971,0.130401,0.018077094,3.95e-05,-0.220001643,-0.695340227,0.0097,0.0113,0.0146,0.0157,0.0189,0.0209,0.0218,0.0245,0.0257,0.0308
0.3572,0.4819,0.6072,0.0397,0.1167,0.051,0.0712,0.088,0.1029,0.875,0.8482,0.8885,0.0543,0.0687,0.0831,0.150551,0.01973815,8.46e-05,0.223894228,-0.64096096,0.007,0.0117,0.0137,0.0161,0.0197,0.0212,0.0247,0.0272,0.0327,0.0456
0.3948,0.4253,0.6425,0.0481,0.121,0.0667,0.067,0.0993,0.1066,0.9999,0.9129,0.9772,0.0555,0.0944,0.0987,0.171474,0.023063842,9.37e-05,-0.083420073,-0.903188867,0.0104,0.0148,0.0165,0.0212,0.0238,0.026,0.0294,0.032,0.0358,0.0439
0.4136,0.4366,0.9232,0.0462,0.1197,0.0585,0.0754,0.0828,0.1137,0.9849,0.9739,0.9239,0.0549,0.0832,0.0897,0.143832,0.026268847,7.71e-05,-0.364700471,-0.25102177,0.0142,0.02,0.0215,0.0246,0.0263,0.0297,0.0315,0.0345,0.0368,0.0472
0.3924,0.4752,0.5967,0.0422,0.139,0.0509,0.0803,0.0991,0.1159,0.9755,0.832,0.9236,0.0778,0.0808,0.0979,0.118389,0.017342009,6.45e-05,0.181207521,-0.710277189,0.0063,0.0099,0.0118,0.0148,0.0167,0.0198,0.0217,0.0251,0.0278,0.0403
0.3955,0.4507,0.8689,0.036,0.1276,0.0507,0.0652,0.1018,0.1031,0.8452,0.8487,0.9244,0.0609,0.0721,0.0739,0.14609,0.02148982,5.92e-05,-0.047496487,-0.487924838,0.011,0.0147,0.0167,0.0197,0.0211,0.0245,0.0257,0.0282,0.0318,0.0403
0.3515,0.4516,0.7801,0.0387,0.134,0.0748,0.0751,0.0877,0.1141,0.8558,0.8987,0.8438,0.0578,0.0879,0.0895,0.188484,0.029779836,0.000130969,0.178373383,-0.366095104,0.0145,0.0196,0.0235,0.0261,0.0302,0.0324,0.0357,0.0396,0.0448,0.0604
0.3915,0.4498,0.5583,0.0374,0.133,0.0508,0.0733,0.0961,0.0986,0.8574,0.9908,0.9128,0.0673,0.0756,0.082,0.15375,0.01796159,6.32e-05,0.068377869,-0.734167825,0.0064,0.0103,0.0133,0.015,0.0182,0.0209,0.0222,0.0254,0.0279,0.0391
0.3962,0.482,0.8752,0.0357,0.1229,0.0451,0.0804,0.0833,0.103,0.9998,0.8864,0.8809,0.0505,0.0545,0.0572,0.116954,0.017997475,4.48e-05,0.014235439,-0.548434279,0.0101,0.011,0.0148,0.0157,0.0181,0.0201,0.0215,0.0244,0.0262,0.0367
0.3598,0.4809,0.5866,0.0455,0.1278,0.0571,0.0746,0.1001,0.1153,0.8372,0.8081,0.9819,0.0594,0.0989,0.0991,0.152405,0.020146963,8.42e-05,0.113481975,-0.712226649,0.007,0.0118,0.0139,0.0168,0.0202,0.0225,0.0255,0.0282,0.0323,0.0453
0.4101,0.4584,0.7514,0.0367,0.1337,0.0785,0.0849,0.1007,0.1108,0.9206,0.8547,0.9126,0.0513,0.0844,0.0888,0.117452,0.022408761,9.62e-05,0.053309268,-0.846877444,0.0099,0.0126,0.0161,0.0207,0.0222,0.0254,0.028,0.0315,0.0359,0.0439
0.4027,0.441,0.8888,0.038,0.1316,0.0649,0.0834,0.102,0.12,0.9807,0.864,0.8121,0.0501,0.0614,0.071,0.145818,0.024502641,6.94e-05,-0.235981704,-0.40286146,0.0143,0.0169,0.0204,0.0221,0.0247,0.0271,0.0292,0.0319,0.0357,0.0415
0.3988,0.4949,0.6099,0.0471,0.1455,0.0589,0.0894,0.1083,0.1209,0.8817,0.8132,0.8906,0.071,0.0712,0.0773,0.087732,0.018181192,7.43e-05,0.204327926,-0.727865998,0.0064,0.0101,0.0121,0.0152,0.018,0.0205,0.023,0.0259,0.0305,0.0406
0.3805,0.4727,0.8636,0.0398,0.1434,0.0525,0.0893,0.0963,0.1214,0.8994,0.9651,0.8673,0.0521,0.0534,0.0805,0.139665,0.023840385,7.79e-05,0.003400048,-0.521742294,0.011,0.0152,0.0199,0.0213,0.0242,0.0259,0.0289,0.0315,0.0356,0.0469
0.4052,0.4027,0.5193,0.0363,0.1453,0.0597,0.071,0.112,0.1239,0.9296,0.9946,0.9439,0.072,0.0857,0.0871,0.17834,0.021426207,8.81e-05,0.009497419,-0.769782086,0.0093,0.0125,0.0161,0.0193,0.0212,0.0253,0.0267,0.0302,0.0345,0.045
0.3579,0.4614,0.9276,0.0447,0.1411,0.0653,0.0893,0.0924,0.1277,0.8929,0.8231,0.9432,0.0839,0.0878,0.0895,0.17219,0.032647532,0.000124754,-0.226180865,-0.223122075,0.0192,0.0246,0.0268,0.0301,0.0334,0.036,0.0396,0.0429,0.0468,0.062
0.3995,0.4273,0.5538,0.0496,0.1143,0.0651,0.066,0.08,0.1014,0.8142,0.914,0.9477,0.0522,0.0615,0.0619,0.167037,0.019726214,7.57e-05,-0.013794695,-0.950233573,0.0069,0.0111,0.0154,0.0168,0.0205,0.0218,0.0257,0.0282,0.0318,0.0381
0.3514,0.4423,0.6022,0.0464,0.1151,0.0564,0.0766,0.0964,0.1098,0.8751,0.8801,0.8864,0.0577,0.088,0.0908,0.199588,0.026224405,0.000140217,0.217423607,-0.497360442,0.011,0.0147,0.0193,0.0222,0.0258,0.0299,0.0325,0.0363,0.0421,0.0602
0.3918,0.4805,0.9137,0.0439,0.1449,0.0634,0.0821,0.1076,0.128,0.9691,0.925,0.903,0.051,0.0526,0.0755,0.114284,0.025800118,9.17e-05,-0.075723385,-0.540352396,0.0137,0.0166,0.021,0.0232,0.0261,0.0284,0.0314,0.0343,0.0392,0.0485
0.3968,0.4472,0.6058,0.0411,0.126,0.0535,0.0666,0.0979,0.1118,0.8643,0.9897,0.8842,0.0782,0.0792,0.0937,0.147318,0.017867932,6.22e-05,0.007326955,-0.879614297,0.0063,0.0106,0.0125,0.0157,0.0185,0.0207,0.0227,0.0253,0.028,0.0374
0.3785,0.494,0.9104,0.0442,0.1252,0.0671,0.0818,0.0912,0.1119,0.99,0.9959,0.8437,0.0658,0.07,0.0774,0.117178,0.024474425,7.54e-05,-0.109909636,-0.425146648,0.0128,0.0163,0.0209,0.0222,0.0251,0.0266,0.0293,0.0317,0.036,0.0439
0.3921,0.4084,0.6057,0.0426,0.1437,0.0701,0.092,0.0993,0.1317,0.9207,0.9319,0.9478,0.0514,0.0628,0.0965,0.183718,0.026682729,0.000131538,5.01e-05,-0.796306127,0.0112,0.0161,0.0204,0.0245,0.0264,0.0305,0.034,0.0366,0.0417,0.0539
0.3802,0.5,0.7759,0.0454,0.1389,0.0699,0.0852,0.1048,0.1255,0.9579,0.8293,0.8051,0.0562,0.0759,0.0981,0.109691,0.019935557,7.98e-05,0.151316976,-0.754513154,0.0087,0.0113,0.0147,0.0162,0.0203,0.0216,0.025,0.0276,0.0322,0.0418
0.3637,0.4345,0.9435,0.0467,0.1304,0.0663,0.078,0.0925,0.1119,0.9018,0.9793,0.9401,0.0532,0.0566,0.0824,0.194013,0.035214897,0.00015791,-0.169928304,-0.180666243,0.02,0.0245,0.029,0.0329,0.0361,0.0384,0.0416,0.0456,0.051,0.0644
0.378,0.408,0.5477,0.0486,0.1153,0.0597,0.0684,0.0807,0.0991,0.8756,0.9024,0.8653,0.0679,0.0702,0.0959,0.206772,0.023369123,9.64e-05,-0.035296262,-0.746591686,0.0098,0.0138,0.0172,0.0208,0.0238,0.0257,0.0296,0.0326,0.0363,0.0464
0.3822,0.4576,0.6903,0.047,0.1401,0.0682,0.0773,0.1104,0.1188,0.9952,0.8429,0.821,0.0751,0.0932,0.0952,0.151668,0.021343733,7.94e-05,-0.042029989,-0.846583581,0.0095,0.0122,0.0156,0.0195,0.0212,0.0249,0.0263,0.0303,0.0333,0.0406
0.3789,0.4722,0.5853,0.0481,0.12,0.0605,0.0708,0.0951,0.104,0.8812,0.8511,0.8125,0.0678,0.0942,0.097,0.141955,0.02013576,7.73e-05,-0.049773504,-0.855581182,0.0073,0.0113,0.0149,0.0174,0.0205,0.0233,0.0257,0.0284,0.0317,0.0406
0.3574,0.4359,0.8043,0.0493,0.1244,0.0545,0.0828,0.0974,0.1125,0.9663,0.9883,0.8535,0.0554,0.0784,0.0891,0.199052,0.027750247,9.32e-05,0.117697903,0.02945948,0.0147,0.019,0.0222,0.0248,0.0277,0.0306,0.0331,0.0357,0.04,0.0577
0.3646,0.4193,0.7051,0.0365,0.1332,0.0537,0.0619,0.0979,0.1028,0.8562,0.9587,0.8396,0.057,0.0687,0.0897,0.211093,0.023065968,7.79e-05,0.098528476,-0.511986175,0.0105,0.0145,0.0174,0.0206,0.0229,0.0251,0.0275,0.0312,0.0348,0.0464
0.374,0.4753,0.597,0.0458,0.1199,0.0575,0.0772,0.0912,0.1037,0.8862,0.8612,0.9438,0.0674,0.0705,0.0853,0.1418,0.020272002,8.33e-05,0.107318188,-0.648980751,0.0076,0.0119,0.0156,0.0172,0.0203,0.0226,0.026,0.0283,0.0321,0.045
0.3858,0.4389,0.6799,0.047,0.1224,0.0588,0.0597,0.1015,0.1087,0.9084,0.9016,0.9745,0.0513,0.0837,0.0982,0.16678,0.021334245,8.11e-05,0.030349125,-0.724251385,0.01,0.0127,0.0162,0.0192,0.0211,0.0252,0.0265,0.0296,0.0331,0.045
0.3793,0.4344,0.5223,0.0492,0.126,0.0705,0.0914,0.0978,0.1179,0.9906,0.8646,0.9267,0.0633,0.0693,0.0963,0.17687,0.02438824,0.000121327,-0.011112429,-0.920473889,0.0097,0.0138,0.0175,0.0212,0.0247,0.0275,0.0313,0.0353,0.0397,0.0474
0.3547,0.4438,0.7673,0.0491,0.1134,0.0597,0.0666,0.0835,0.1039,0.9274,0.9684,0.9735,0.0666,0.0805,0.0984,0.192492,0.027487867,0.000109975,0.129023288,-0.427516773,0.0133,0.0178,0.0209,0.0243,0.0268,0.0303,0.0335,0.0365,0.0415,0.0579
0.3719,0.4975,0.5668,0.0387,0.1441,0.0596,0.0819,0.1172,0.1336,0.9918,0.8476,0.8515,0.06,0.0743,0.0748,0.117066,0.018336154,7.61e-05,0.249935079,-0.627600339,0.0065,0.0107,0.0124,0.0157,0.018,0.0211,0.0236,0.0257,0.0308,0.0433
0.389,0.448,0.7791,0.0489,0.1131,0.059,0.0734,0.0966,0.101,0.8459,0.9,0.9418,0.0609,0.0704,0.0799,0.15643,0.022445817,6.89e-05,-0.050869886,-0.696064925,0.011,0.0148,0.0172,0.0204,0.0219,0.0249,0.0275,0.0304,0.0336,0.0415
0.3724,0.4299,0.5963,0.0368,0.1472,0.0497,0.0997,0.1201,0.1304,0.9171,0.9349,0.8548,0.0562,0.0909,0.0962,0.181582,0.023749693,0.000111488,0.147715624,-0.588351157,0.0103,0.0146,0.0175,0.0206,0.0236,0.026,0.0293,0.0327,0.0384,0.0512
0.3561,0.4376,0.6472,0.0381,0.143,0.0587,0.0916,0.1121,0.1228,0.9495,0.9411,0.9967,0.0746,0.0821,0.0994,0.190661,0.027410274,0.000141885,0.152801224,-0.54060742,0.0116,0.016,0.0202,0.0242,0.0269,0.0309,0.035,0.0378,0.0428,0.0589
0.3799,0.4301,0.6225,0.0401,0.1211,0.0544,0.0808,0.1042,0.1094,0.8699,0.9905,0.8913,0.0597,0.0704,0.0924,0.179486,0.020835431,8.06e-05,0.105358282,-0.645870611,0.0096,0.0122,0.0156,0.0183,0.0213,0.0238,0.0259,0.029,0.0322,0.0439
0.3625,0.4646,0.6944,0.0438,0.136,0.0536,0.0809,0.0849,0.104,0.8711,0.9579,0.8553,0.0592,0.0781,0.0876,0.165545,0.021345561,8.55e-05,0.240366706,-0.332015785,0.0099,0.0123,0.0154,0.0189,0.0217,0.0236,0.026,0.0295,0.0337,0.0495
0.398,0.4709,0.7737,0.0444,0.1115,0.0554,0.0605,0.0851,0.0881,0.9867,0.9649,0.8697,0.0729,0.0772,0.094,0.124984,0.017482088,5.24e-05,0.010906365,-0.816372852,0.0068,0.0112,0.0124,0.0151,0.0169,0.0205,0.0214,0.0247,0.0266,0.035
0.4176,0.4034,0.522,0.0367,0.1448,0.0512,0.0928,0.0963,0.1224,0.8983,0.981,0.826,0.0862,0.0865,0.0868,0.167544,0.01825443,6.49e-05,0.032587995,-0.836745453,0.0065,0.0108,0.0141,0.0161,0.0184,0.0209,0.0229,0.026,0.029,0.0381
0.3947,0.4767,0.5912,0.0382,0.1348,0.071,0.0781,0.0944,0.1139,0.9919,0.8281,0.9684,0.0618,0.0618,0.0666,0.118729,0.018228736,6.85e-05,0.110173655,-0.813056005,0.0064,0.0107,0.0129,0.016,0.018,0.0208,0.0226,0.026,0.0302,0.0381
0.4059,0.414,0.7403,0.0457,0.1256,0.0662,0.0757,0.0911,0.1109,0.8288,0.9578,0.9808,0.0515,0.0785,0.0934,0.170025,0.023294966,7.46e-05,-0.070960739,-0.738355165,0.0112,0.0151,0.0189,0.0208,0.0234,0.026,0.0284,0.0315,0.0351,0.0415
0.3515,0.4711,0.7636,0.0387,0.1251,0.0501,0.0712,0.0881,0.0998,0.9342,0.9389,0.9833,0.067,0.0723,0.0798,0.171591,0.022977029,8.82e-05,0.18019572,-0.609645588,0.0106,0.0145,0.0165,0.021,0.0225,0.025,0.0277,0.0316,0.0358,0.0495
0.3909,0.4713,0.7177,0.0423,0.1336,0.0603,0.0845,0.098,0.1144,0.8178,0.8965,0.8648,0.053,0.0707,0.0983,0.129,0.020247378,8.55e-05,0.314953228,-0.254661667,0.0095,0.0111,0.0146,0.0167,0.0209,0.0225,0.0258,0.0276,0.0326,0.0492
0.4081,0.4527,0.6279,0.0425,0.1159,0.0492,0.0738,0.0912,0.1,0.8511,0.8607,0.9572,0.054,0.0649,0.0817,0.131888,0.016463917,5.43e-05,0.005709653,-0.992359827,0.006,0.0103,0.0118,0.0145,0.016,0.0202,0.0211,0.0236,0.0258,0.035
0.3754,0.4318,0.6854,0.0418,0.1472,0.0591,0.0872,0.1077,0.1292,0.9485,0.8439,0.9057,0.0642,0.068,0.087,0.184487,0.025085446,9.74e-05,-0.03811181,-0.70857741,0.0111,0.0155,0.0193,0.0219,0.0254,0.0276,0.0311,0.0348,0.038,0.0502
0.3623,0.4592,0.8025,0.0462,0.1164,0.0565,0.0689,0.0815,0.1052,0.9731,0.8348,0.8553,0.0658,0.0922,0.0973,0.171984,0.023372356,7.2e-05,-0.078923566,-0.673826454,0.0121,0.0146,0.0192,0.0209,0.0232,0.0257,0.0283,0.0314,0.035,0.0453
0.3925,0.48,0.7898,0.046,0.148,0.0587,0.0865,0.108,0.1221,0.9522,0.9165,0.8774,0.0715,0.0757,0.08,0.110566,0.019799341,7.34e-05,0.252195441,-0.506419737,0.0094,0.0117,0.015,0.0164,0.0202,0.0215,0.0244,0.0268,0.0317,0.0427
0.3842,0.484,0.8666,0.0481,0.1387,0.0631,0.0901,0.1005,0.122,0.9,0.9024,0.962,0.0598,0.0681,0.0712,0.120248,0.024924115,9.09e-05,0.041315906,-0.691829711,0.0112,0.0157,0.0202,0.0217,0.0249,0.027,0.0306,0.0349,0.0375,0.0474
0.3541,0.4971,0.5776,0.0419,0.1442,0.0713,0.089,0.1017,0.1247,0.8076,0.9854,0.8654,0.0741,0.0812,0.0855,0.138817,0.022222208,0.000101493,0.096243066,-0.641319251,0.0098,0.0118,0.0159,0.0196,0.0222,0.0249,0.0281,0.0315,0.0352,0.0512
0.353,0.4034,0.546,0.0472,0.1196,0.057,0.0717,0.0894,0.0944,0.9676,0.8875,0.8093,0.0614,0.063,0.0707,0.238556,0.024052943,9.77e-05,-0.013097996,-0.772601615,0.0105,0.0147,0.0182,0.0218,0.0239,0.0265,0.0304,0.0335,0.0372,0.0495
0.3849,0.4995,0.773,0.044,0.1371,0.0694,0.0871,0.1013,0.1241,0.8333,0.9938,0.9801,0.0574,0.0752,0.086,0.105063,0.019634865,7.69e-05,0.147962596,-0.772238871,0.0086,0.0112,0.0145,0.0165,0.0199,0.0217,0.0254,0.0278,0.0321,0.0409
0.3987,0.4046,0.7946,0.0371,0.1245,0.0516,0.0633,0.0978,0.0985,0.978,0.8433,0.9986,0.075,0.0916,0.0956,0.191042,0.023034783,6.84e-05,-0.016578222,-0.387242769,0.0108,0.0149,0.0194,0.0208,0.0233,0.0251,0.0274,0.0308,0.0336,0.0464
0.3575,0.4306,0.9026,0.0357,0.1208,0.0553,0.0693,0.0928,0.1054,0.8608,0.9801,0.9559,0.0718,0.0851,0.0863,0.206358,0.029813719,0.000104388,-0.211333469,-0.25328644,0.0151,0.0214,0.0244,0.027,0.0304,0.0325,0.0358,0.039,0.0427,0.0552
0.4052,0.4021,0.7841,0.0366,0.1368,0.0495,0.074,0.0905,0.1137,0.8647,0.9961,0.9378,0.0676,0.0776,0.0836,0.180635,0.021217516,5.55e-05,-0.082777707,-0.534571868,0.011,0.0147,0.016,0.02,0.0211,0.0234,0.0256,0.0279,0.031,0.0415
0.366,0.455,0.7448,0.0451,0.1287,0.0583,0.0764,0.1023,0.11,0.9899,0.9761,0.9535,0.0602,0.0653,0.0918,0.169538,0.02624656,0.000120903,0.192840644,-0.544104223,0.0116,0.0163,0.0204,0.0225,0.0259,0.0291,0.0329,0.036,0.041,0.0541
0.4138,0.4878,0.9422,0.0441,0.11,0.0581,0.0751,0.083,0.0997,0.8146,0.8076,0.886,0.0506,0.0848,0.0851,0.091642,0.021049933,5.21e-05,-0.387632487,-0.544335386,0.0113,0.0147,0.0167,0.0205,0.0213,0.0245,0.0255,0.027,0.0302,0.035
0.3595,0.4088,0.8746,0.0382,0.1271,0.0549,0.0838,0.0952,0.0986,0.883,0.8124,0.9021,0.0643,0.0771,0.0847,0.224045,0.03185509,0.00012092,-0.0986247,-0.1704697,0.0179,0.0221,0.0258,0.0292,0.0324,0.0348,0.038,0.0414,0.0455,0.0622
0.3915,0.4707,0.8587,0.0494,0.1218,0.0665,0.0783,0.0908,0.0972,0.9736,0.8765,0.8709,0.0596,0.0627,0.0742,0.129433,0.022652641,6.38e-05,-0.097085553,-0.56904237,0.0115,0.0152,0.0185,0.0205,0.0226,0.0254,0.0272,0.0305,0.0331,0.0406
0.4048,0.4491,0.632,0.0352,0.1305,0.047,0.0589,0.0905,0.1131,0.9625,0.8503,0.9578,0.0882,0.0983,0.1,0.136605,0.016144343,5.4e-05,0.175984475,-0.726304632,0.0061,0.01,0.0109,0.0146,0.0156,0.0183,0.0202,0.0228,0.026,0.0364
0.4171,0.4088,0.8689,0.0461,0.1349,0.0617,0.0641,0.0757,0.1213,0.9617,0.8976,0.8428,0.0521,0.0597,0.0807,0.166014,0.02390012,6.15e-05,-0.361994309,-0.471197218,0.0138,0.0165,0.0198,0.0217,0.0248,0.0259,0.0289,0.0313,0.0346,0.04
0.4199,0.4524,0.6333,0.0408,0.1173,0.0625,0.0665,0.086,0.1058,0.8536,0.8752,0.9666,0.06,0.0798,0.0974,0.120516,0.016440712,5.43e-05,0.008521404,-1.022877367,0.0059,0.0098,0.0113,0.0149,0.0158,0.0194,0.021,0.0242,0.0265,0.0324
0.4028,0.437,0.6261,0.0395,0.1164,0.0593,0.07,0.0744,0.1008,0.8439,0.8379,0.9741,0.0866,0.0992,0.0997,0.152556,0.017555124,6.05e-05,0.025366231,-0.925120664,0.0062,0.011,0.0122,0.015,0.0171,0.0206,0.0217,0.0252,0.0274,0.035
0.3845,0.4636,0.6172,0.0361,0.1181,0.0527,0.0721,0.0894,0.1021,0.9579,0.9579,0.8732,0.072,0.0879,0.0995,0.143288,0.019164737,7.78e-05,0.175215632,-0.626055662,0.0068,0.0114,0.0152,0.0164,0.0194,0.0212,0.0253,0.0267,0.0306,0.045
0.4197,0.4242,0.6403,0.0485,0.1379,0.065,0.0926,0.1069,0.1251,0.994,0.995,0.8574,0.0566,0.0707,0.0788,0.145099,0.021649776,9.09e-05,0.00328131,-0.905103023,0.0091,0.012,0.0155,0.0196,0.0215,0.0253,0.0273,0.031,0.0344,0.0409
0.3896,0.4745,0.7756,0.0381,0.1454,0.0507,0.0749,0.085,0.119,0.9404,0.9107,0.9764,0.0581,0.0732,0.0883,0.129917,0.019344543,6.75e-05,0.159747164,-0.615753908,0.0089,0.0113,0.0145,0.0163,0.0195,0.021,0.0246,0.0261,0.0308,0.0403
0.3827,0.4252,0.9153,0.0411,0.1186,0.052,0.0745,0.0943,0.1033,0.9213,0.8016,0.9507,0.06,0.0721,0.0753,0.183184,0.026559609,8.17e-05,-0.283520622,-0.216821842,0.0146,0.0191,0.0215,0.0246,0.0266,0.03,0.0322,0.0348,0.0376,0.05
0.3532,0.4753,0.8923,0.0387,0.1454,0.0486,0.0876,0.1077,0.1227,0.8982,0.9871,0.8371,0.0811,0.0892,0.0949,0.161538,0.026429555,8.8e-05,0.001832039,-0.294407661,0.0148,0.0188,0.0211,0.0239,0.0259,0.0288,0.0315,0.0347,0.0387,0.0512
0.3742,0.4148,0.5545,0.0455,0.1233,0.0718,0.0744,0.0872,0.1108,0.9503,0.998,0.8586,0.0595,0.0655,0.0752,0.200267,0.023928653,0.000109119,0.071419834,-0.760423122,0.0102,0.0144,0.0172,0.0202,0.0237,0.0265,0.0304,0.034,0.0381,0.0497
0.4111,0.4405,0.7604,0.0362,0.1182,0.0573,0.0719,0.0844,0.0953,0.9233,0.9724,0.8828,0.0689,0.0946,0.0968,0.14136,0.019200367,5.78e-05,-0.069432993,-0.829467243,0.0099,0.0109,0.0148,0.016,0.0206,0.0217,0.024,0.0264,0.0296,0.0361
0.3895,0.4704,0.9253,0.0364,0.131,0.0552,0.0737,0.1122,0.1167,0.9519,0.9474,0.9876,0.0687,0.0794,0.0934,0.129252,0.025523463,8.68e-05,-0.024333736,-0.363533021,0.0141,0.0171,0.0212,0.0227,0.0258,0.0272,0.031,0.0339,0.0376,0.0492
0.3583,0.4019,0.7224,0.0352,0.1219,0.0478,0.0719,0.0977,0.1013,0.9583,0.827,0.8462,0.0507,0.0622,0.0675,0.232516,0.023431519,6.7e-05,-0.067687756,-0.505800688,0.012,0.0158,0.0197,0.0214,0.0241,0.0256,0.0278,0.0311,0.0341,0.043
0.3638,0.4719,0.9294,0.046,0.1169,0.0587,0.0665,0.0887,0.1035,0.8053,0.9015,0.8276,0.0533,0.0565,0.0906,0.15988,0.028122809,8.92e-05,-0.462560216,-0.309379408,0.0147,0.0207,0.0242,0.0259,0.029,0.0316,0.035,0.0364,0.0398,0.0474
0.3872,0.418,0.6325,0.0471,0.1399,0.0702,0.0767,0.0949,0.1248,0.9574,0.9926,0.8285,0.0721,0.0892,0.0966,0.183084,0.024049907,9.47e-05,-0.122102068,-0.84462348,0.0112,0.0156,0.0186,0.021,0.0255,0.0268,0.0302,0.033,0.0366,0.045
0.3591,0.4209,0.8763,0.0495,0.1445,0.0744,0.0904,0.1139,0.1326,0.8721,0.8006,0.8857,0.0738,0.0781,0.0944,0.206039,0.0378498,0.000150095,-0.282990603,-0.133936599,0.022,0.0272,0.0316,0.0357,0.0382,0.0418,0.0446,0.0487,0.0525,0.0642
0.4092,0.4261,0.6458,0.0434,0.128,0.061,0.0711,0.0984,0.1063,0.9421,0.9452,0.8974,0.0628,0.0786,0.0994,0.15916,0.021939714,9.22e-05,0.028500997,-0.813467953,0.0097,0.0127,0.0162,0.0194,0.0216,0.0256,0.0277,0.0313,0.0355,0.0447
0.3666,0.417,0.8202,0.0416,0.1209,0.0522,0.0769,0.0949,0.1067,0.8077,0.8845,0.9436,0.0616,0.0646,0.0749,0.20993,0.026882292,8.01e-05,-0.216985014,-0.405059673,0.0147,0.0201,0.0222,0.0255,0.0268,0.0299,0.0325,0.035,0.0379,0.0492
0.4038,0.4234,0.7315,0.0394,0.1165,0.0598,0.0682,0.08,0.099,0.9858,0.9964,0.8728,0.0638,0.0853,0.0966,0.165103,0.020691776,6.64e-05,-0.011476713,-0.737509783,0.0097,0.0128,0.0151,0.0186,0.0213,0.0233,0.0252,0.028,0.0316,0.0394
0.4145,0.4656,0.7836,0.0353,0.1259,0.0523,0.0796,0.082,0.109,0.8531,0.9749,0.8326,0.0628,0.067,0.0885,0.111697,0.015664171,4.18e-05,-0.001707264,-0.892038338,0.006,0.0104,0.011,0.0151,0.0158,0.0172,0.0204,0.0211,0.0253,0.03
0.3994,0.4843,0.9256,0.0404,0.1247,0.0539,0.0643,0.0825,0.1011,0.9877,0.8334,0.9924,0.066,0.0694,0.0901,0.10974,0.020589541,5.15e-05,-0.225123831,-0.464614837,0.0103,0.014,0.0159,0.0197,0.021,0.0226,0.0247,0.027,0.0299,0.0384
0.3765,0.4771,0.5292,0.0462,0.1237,0.073,0.0744,0.0932,0.1154,0.804,0.9113,0.8513,0.0555,0.0966,0.0971,0.139357,0.021337162,9.24e-05,0.020140916,-0.869152451,0.0086,0.0119,0.0156,0.0188,0.0215,0.0246,0.0267,0.0307,0.0343,0.043
0.3932,0.4826,0.7249,0.0459,0.1104,0.0583,0.0638,0.0872,0.1009,0.8076,0.8025,0.8835,0.0729,0.0765,0.0959,0.114888,0.017551862,6.29e-05,0.062423111,-0.925021702,0.0062,0.0102,0.0111,0.015,0.0168,0.0208,0.022,0.0252,0.0282,0.0361
0.3841,0.4099,0.8316,0.0468,0.1129,0.0572,0.0672,0.0879,0.1025,0.8522,0.8483,0.9067,0.0525,0.0871,0.0953,0.201711,0.027628592,8.8e-05,-0.183089968,-0.479778891,0.015,0.0207,0.0225,0.0251,0.0273,0.0308,0.0333,0.0359,0.04,0.0495
0.3773,0.4054,0.6274,0.0364,0.1226,0.0543,0.0719,0.0888,0.0978,0.8385,0.9376,0.8262,0.0573,0.0577,0.0824,0.211972,0.021494969,7.55e-05,0.101799694,-0.562864927,0.0109,0.0132,0.0154,0.0194,0.0212,0.0237,0.0261,0.0293,0.0329,0.0453
0.3823,0.4373,0.8805,0.0429,0.1483,0.0609,0.0839,0.1054,0.1186,0.9656,0.8759,0.8725,0.0675,0.0753,0.0977,0.167465,0.027887277,9.22e-05,-0.189408701,-0.383207278,0.0151,0.0194,0.0223,0.0256,0.0277,0.0311,0.0341,0.0361,0.0402,0.0502
0.3709,0.4896,0.821,0.0439,0.133,0.0675,0.0886,0.0907,0.1256,0.8898,0.8376,0.8843,0.074,0.0861,0.0916,0.132601,0.025820002,0.000112185,0.281399728,-0.289105791,0.0117,0.0153,0.0206,0.0225,0.0248,0.0285,0.0318,0.0347,0.0398,0.0566
0.3941,0.452,0.5213,0.0427,0.1178,0.0572,0.0776,0.0869,0.1011,0.9046,0.9511,0.9842,0.065,0.0796,0.0992,0.146891,0.019034413,7.59e-05,0.168072214,-0.685896994,0.0067,0.0111,0.0146,0.0161,0.0194,0.0214,0.0243,0.0265,0.0313,0.043
0.4156,0.432,0.5967,0.035,0.1397,0.0656,0.092,0.1069,0.1245,0.8562,0.8886,0.9295,0.0509,0.0509,0.0554,0.139365,0.01967091,7.95e-05,0.127934931,-0.71100746,0.0069,0.0114,0.0151,0.0166,0.0207,0.022,0.0251,0.0276,0.032,0.0436
0.404,0.4664,0.648,0.038,0.1133,0.0533,0.0747,0.0838,0.1037,0.9376,0.8799,0.8701,0.0677,0.0878,0.099,0.12398,0.016762232,5.76e-05,0.108164461,-0.782164009,0.0061,0.0102,0.0111,0.015,0.016,0.0196,0.0208,0.0241,0.0263,0.0367
0.3785,0.4112,0.6165,0.0437,0.1381,0.0552,0.0962,0.1001,0.1074,0.8896,0.9253,0.81,0.0634,0.0942,0.0971,0.199717,0.024288753,0.000100011,0.027017412,-0.649013111,0.0107,0.0149,0.0186,0.0209,0.0244,0.0268,0.0307,0.0338,0.0368,0.05
0.3808,0.4348,0.9155,0.0434,0.1325,0.0653,0.0671,0.0875,0.1136,0.9279,0.9531,0.8663,0.0542,0.0565,0.0718,0.173924,0.029083729,9.7e-05,-0.323330885,-0.263273879,0.016,0.0209,0.0248,0.0269,0.0297,0.0325,0.0349,0.0381,0.0413,0.0534
0.3616,0.4367,0.784,0.0396,0.1297,0.0507,0.0662,0.1005,0.105,0.8927,0.9362,0.9814,0.0529,0.0979,0.0985,0.191979,0.025496956,0.000102389,0.416339448,0.331330755,0.0123,0.0161,0.0194,0.0225,0.0249,0.0276,0.0306,0.0338,0.0374,0.0577
0.3834,0.4405,0.7548,0.0452,0.1396,0.076,0.0812,0.0951,0.1326,0.9154,0.9801,0.8153,0.0521,0.055,0.077,0.1636,0.02452583,8.12e-05,-0.077478501,-0.718821718,0.0121,0.0159,0.0206,0.0221,0.0252,0.0269,0.0302,0.0325,0.0364,0.0439
0.355,0.4824,0.701,0.0476,0.147,0.0707,0.0964,0.106,0.133,0.972,0.9441,0.9273,0.0766,0.0814,0.0946,0.151691,0.027214562,0.000145584,0.17674331,-0.544769244,0.0112,0.0154,0.0197,0.0239,0.0267,0.0307,0.0346,0.0371,0.0426,0.0585
0.3979,0.4122,0.7442,0.0459,0.1196,0.0682,0.0741,0.0924,0.0935,0.9105,0.8721,0.8973,0.0718,0.0959,0.0973,0.179815,0.025982399,8.9e-05,-0.213507398,-0.789550941,0.0112,0.0164,0.0206,0.0238,0.0259,0.0301,0.0324,0.0351,0.0378,0.0464
0.3916,0.4666,0.5166,0.0447,0.1115,0.0593,0.0708,0.0911,0.0912,0.9694,0.9274,0.9643,0.078,0.0865,0.0883,0.134155,0.019103314,7.57e-05,0.157988243,-0.586152868,0.0068,0.0114,0.0152,0.0165,0.0194,0.0212,0.0252,0.0266,0.0305,0.045
0.3762,0.4218,0.7277,0.0365,0.1232,0.0554,0.0705,0.0885,0.0995,0.8976,0.9482,0.9785,0.0655,0.0788,0.0879,0.194748,0.023338782,8.02e-05,0.149649471,-0.34611469,0.0109,0.0149,0.0181,0.0214,0.0238,0.026,0.0277,0.0314,0.0351,0.0492
0.414,0.4005,0.8272,0.0468,0.1349,0.0595,0.0786,0.1145,0.1241,0.8877,0.8092,0.9138,0.0803,0.0818,0.0994,0.17188,0.025712419,7.38e-05,-0.251298269,-0.529435005,0.0153,0.0182,0.0207,0.0249,0.0261,0.0283,0.031,0.0347,0.0367,0.045
0.3622,0.4929,0.5847,0.0475,0.138,0.0709,0.0814,0.1139,0.127,0.838,0.9635,0.8655,0.0705,0.0808,0.0852,0.135283,0.021954713,0.000102266,0.162181732,-0.709898949,0.0094,0.0127,0.015,0.0196,0.0212,0.0243,0.0269,0.0312,0.0355,0.0461
0.3858,0.4194,0.899,0.039,0.1414,0.0471,0.0817,0.0956,0.1175,0.8777,0.941,0.9934,0.0597,0.0777,0.0861,0.188271,0.027597098,9.14e-05,-0.087402701,-0.04115798,0.0142,0.0205,0.0226,0.0256,0.0276,0.0305,0.0327,0.0355,0.0393,0.0559
0.3982,0.4999,0.8984,0.0414,0.1219,0.0464,0.0785,0.0837,0.101,0.9729,0.8526,0.9462,0.0788,0.0814,0.0938,0.094733,0.018373398,4.99e-05,0.109107966,-0.465714912,0.0092,0.0112,0.0141,0.0156,0.0185,0.0209,0.0219,0.0249,0.0271,0.0391
0.4008,0.4275,0.885,0.0474,0.1135,0.0687,0.0734,0.0892,0.1051,0.9642,0.8531,0.9921,0.0756,0.0823,0.0921,0.167356,0.027759473,8.57e-05,-0.334255268,-0.41633234,0.0149,0.0205,0.0228,0.0255,0.0281,0.031,0.0337,0.0362,0.0399,0.0474
0.3654,0.4784,0.6062,0.0462,0.1419,0.0642,0.0787,0.0814,0.1223,0.9439,0.9918,0.8984,0.0645,0.0672,0.0999,0.146673,0.021610935,0.000100113,0.184484858,-0.627058185,0.0094,0.0112,0.0153,0.019,0.0215,0.025,0.027,0.0305,0.0356,0.0482
0.4159,0.4487,0.8667,0.0466,0.1456,0.0714,0.0852,0.1168,0.1307,0.9258,0.9293,0.9473,0.054,0.0651,0.0904,0.121292,0.025791853,8.37e-05,-0.121880548,-0.565036442,0.0151,0.0171,0.0205,0.024,0.0261,0.028,0.0308,0.0352,0.0381,0.045
0.4125,0.4356,0.5727,0.0414,0.1313,0.0561,0.0846,0.0967,0.1162,0.8488,0.9659,0.8985,0.0513,0.059,0.0746,0.144775,0.018791305,7.2e-05,0.09269051,-0.778469999,0.0067,0.011,0.0146,0.016,0.0193,0.0214,0.0243,0.0264,0.0305,0.043
0.3617,0.4047,0.5701,0.0381,0.1157,0.0512,0.0791,0.0844,0.1068,0.9437,0.9188,0.9214,0.0604,0.0707,0.0802,0.227661,0.024673166,0.00011616,0.210590601,-0.495990627,0.0109,0.0155,0.0192,0.0214,0.025,0.0266,0.0307,0.0345,0.0393,0.0539
0.3851,0.4577,0.7682,0.0404,0.1225,0.0589,0.0735,0.0944,0.1009,0.83,0.8689,0.9814,0.0606,0.0647,0.0783,0.151652,0.020395138,5.87e-05,-0.105632906,-0.754067655,0.0104,0.0129,0.0158,0.0194,0.0208,0.0228,0.0253,0.027,0.0303,0.0374
0.3941,0.461,0.5299,0.0373,0.1463,0.0683,0.0735,0.1157,0.1165,0.8975,0.9002,0.847,0.0659,0.0757,0.0978,0.130585,0.021983302,0.000106432,0.078711321,-0.951383339,0.0088,0.0122,0.0145,0.0192,0.0214,0.0247,0.0276,0.0321,0.0364,0.0453
0.3713,0.4993,0.8458,0.0497,0.1188,0.0584,0.0737,0.096,0.0999,0.9116,0.9229,0.8649,0.0534,0.0889,0.0953,0.126431,0.02283942,7.86e-05,0.105832713,-0.466658097,0.0107,0.0146,0.017,0.0211,0.0226,0.0258,0.027,0.031,0.0346,0.0492
0.4036,0.4475,0.5417,0.0425,0.1143,0.0725,0.0747,0.0885,0.1094,0.8337,0.9437,0.9438,0.0591,0.0656,0.0661,0.139601,0.019762057,7.92e-05,0.036248632,-0.927698853,0.0067,0.0108,0.0142,0.0164,0.0207,0.0221,0.025,0.0283,0.0318,0.0394
0.4028,0.4928,0.5822,0.0387,0.143,0.0635,0.0945,0.1185,0.1341,0.9253,0.9033,0.873,0.0558,0.0597,0.0819,0.086548,0.018006677,7.47e-05,0.3758531,-0.248709197,0.0066,0.0109,0.0127,0.0145,0.0172,0.02,0.0217,0.0256,0.0296,0.0456
0.4151,0.4583,0.5613,0.0413,0.1411,0.0635,0.0721,0.1088,0.1122,0.8441,0.8759,0.8996,0.0508,0.0597,0.0908,0.115314,0.018690298,7.13e-05,0.022790564,-0.926074089,0.0063,0.0105,0.0145,0.0157,0.0195,0.0209,0.0242,0.0261,0.0305,0.0367
0.4025,0.4756,0.8006,0.0358,0.1418,0.0581,0.0786,0.0918,0.1267,0.8502,0.9307,0.9445,0.0514,0.0607,0.0942,0.114465,0.019232007,6.92e-05,0.284341889,-0.294242223,0.0093,0.0106,0.0139,0.0159,0.0197,0.0211,0.0238,0.0258,0.0306,0.0464
0.3904,0.4664,0.53,0.0441,0.1178,0.0491,0.0705,0.0964,0.0969,0.9461,0.8408,0.8245,0.0543,0.0643,0.0921,0.13588,0.016911291,5.82e-05,0.091539602,-0.869240914,0.0062,0.0102,0.0111,0.015,0.0161,0.0197,0.0211,0.0243,0.0267,0.0367
0.4129,0.431,0.8678,0.0367,0.1465,0.0564,0.0913,0.1167,0.1184,0.8701,0.9301,0.8649,0.0586,0.0867,0.0873,0.139302,0.023784141,7.11e-05,-0.08231761,-0.485499727,0.0127,0.0155,0.0197,0.021,0.024,0.0261,0.0283,0.0318,0.0349,0.0458
0.3881,0.4596,0.8595,0.044,0.1445,0.0629,0.0842,0.0943,0.118,0.8934,0.9231,0.8332,0.0568,0.0908,0.0985,0.142417,0.026060429,8.68e-05,-0.036750022,-0.414573612,0.0145,0.0179,0.0207,0.0235,0.0255,0.0287,0.0315,0.0353,0.038,0.051
0.3696,0.4039,0.7328,0.0427,0.1252,0.0595,0.0643,0.0997,0.1079,0.859,0.8469,0.8323,0.0707,0.0721,0.0951,0.220208,0.027842505,9.55e-05,-0.102983729,-0.574008781,0.0147,0.019,0.022,0.0255,0.0276,0.0309,0.0344,0.0365,0.0405,0.0502
0.4096,0.4565,0.8064,0.0412,0.1221,0.0507,0.072,0.0885,0.1064,0.8577,0.9937,0.8846,0.0651,0.0691,0.0783,0.126427,0.017321678,4.53e-05,0.004448311,-0.704723162,0.0097,0.0114,0.014,0.0152,0.0168,0.0203,0.0212,0.0232,0.0259,0.035
0.3842,0.4712,0.7194,0.0359,0.126,0.05,0.0748,0.0924,0.1016,0.9085,0.8116,0.9043,0.0627,0.075,0.0918,0.137022,0.018340674,6.97e-05,0.305110727,-0.389010576,0.0068,0.0109,0.0125,0.0155,0.0176,0.0208,0.0225,0.0252,0.0291,0.0424
0.3696,0.4438,0.6236,0.0406,0.1414,0.0702,0.0905,0.1178,0.1183,0.8148,0.8098,0.8424,0.0678,0.0735,0.0768,0.175262,0.026582083,0.000152897,0.257831571,-0.607022531,0.0108,0.0148,0.019,0.0223,0.0256,0.0296,0.0345,0.038,0.0433,0.0589
0.4176,0.4235,0.6205,0.0408,0.1315,0.056,0.0698,0.1024,0.1059,0.8438,0.8581,0.9103,0.0544,0.0689,0.0924,0.149021,0.018778978,6.61e-05,-0.01132619,-0.818439628,0.0066,0.0107,0.014,0.0158,0.0203,0.0216,0.024,0.0257,0.0296,0.0394
0.4167,0.4483,0.5319,0.0449,0.1179,0.0624,0.0696,0.0887,0.1079,0.8416,0.875,0.8432,0.053,0.0748,0.0975,0.12513,0.018812299,7.51e-05,0.091292016,-0.892355394,0.0065,0.0105,0.0138,0.0155,0.0191,0.0207,0.0246,0.0264,0.0308,0.04
0.3765,0.4824,0.736,0.0408,0.1436,0.0521,0.0894,0.0935,0.128,0.8035,0.8548,0.9494,0.0646,0.0762,0.0802,0.132435,0.018918343,6.97e-05,0.168212815,-0.617350882,0.0077,0.0112,0.0146,0.016,0.0192,0.0212,0.0239,0.0258,0.0304,0.0427
0.356,0.4704,0.741,0.049,0.1452,0.0693,0.0938,0.1052,0.1288,0.8338,0.9708,0.855,0.0546,0.0585,0.0813,0.161952,0.025399429,0.000100719,0.045095638,-0.737836939,0.0113,0.0156,0.0193,0.0218,0.0253,0.0277,0.0317,0.0349,0.0391,0.05
0.3911,0.4301,0.6225,0.0429,0.1129,0.0542,0.0714,0.0794,0.0962,0.8521,0.8326,0.9297,0.0818,0.0856,0.0875,0.174041,0.019393991,6.58e-05,-0.074923945,-0.858421934,0.0084,0.0109,0.0141,0.0162,0.0203,0.0217,0.0245,0.027,0.0299,0.0384
0.4004,0.4337,0.7467,0.0385,0.1122,0.0643,0.0681,0.09,0.0915,0.9707,0.8589,0.9193,0.0695,0.08,0.0944,0.161479,0.021687469,7.25e-05,-0.007412432,-0.70592042,0.0104,0.0143,0.0157,0.0199,0.0211,0.0253,0.0267,0.0296,0.0328,0.0412
0.4062,0.4588,0.759,0.0471,0.1155,0.0596,0.0697,0.0857,0.0995,0.8632,0.8155,0.9791,0.0553,0.0915,0.0932,0.130976,0.017986086,5.47e-05,-0.036327506,-0.903385699,0.0077,0.0111,0.015,0.0159,0.0183,0.0202,0.0221,0.0256,0.0278,0.0335
0.3569,0.4187,0.5302,0.0412,0.1352,0.0572,0.0826,0.0948,0.129,0.8559,0.8833,0.8999,0.0686,0.0895,0.0917,0.209663,0.025987588,0.000127812,0.046227063,-0.709490573,0.011,0.0159,0.0203,0.0224,0.0261,0.0297,0.032,0.0363,0.0411,0.0543
0.3651,0.447,0.6491,0.0448,0.1281,0.0581,0.0728,0.09,0.1057,0.8199,0.8259,0.9726,0.054,0.063,0.0631,0.179429,0.020573761,7.29e-05,0.003921698,-0.73824127,0.0096,0.0122,0.0156,0.0182,0.0212,0.0234,0.0254,0.0285,0.0322,0.0433
0.4183,0.4686,0.7527,0.0406,0.1434,0.0674,0.0822,0.1151,0.1321,0.8687,0.9758,0.965,0.092,0.095,0.0967,0.106849,0.019397268,7.24e-05,0.052823442,-0.81305472,0.0076,0.011,0.0144,0.0164,0.0197,0.0215,0.025,0.0269,0.0312,0.0403
0.3811,0.4481,0.5133,0.0385,0.1307,0.0572,0.0734,0.0811,0.1105,0.8977,0.8891,0.9752,0.0584,0.0729,0.0749,0.164617,0.019577464,7.69e-05,0.059369021,-0.828811743,0.0069,0.0114,0.0151,0.0165,0.0206,0.022,0.0251,0.0277,0.0318,0.0436
0.3613,0.4797,0.8501,0.0495,0.1416,0.0583,0.0975,0.0993,0.1187,0.9558,0.842,0.8993,0.0648,0.0754,0.0903,0.147035,0.026920305,0.000100245,0.043229088,-0.461377096,0.0146,0.0177,0.0209,0.0245,0.0266,0.0298,0.0325,0.0353,0.0406,0.0524
0.4053,0.4991,0.5316,0.0479,0.1437,0.0614,0.082,0.1071,0.1343,0.9789,0.8394,0.9323,0.0544,0.0652,0.0993,0.080658,0.016740588,6.19e-05,0.164132295,-0.840928309,0.0061,0.0101,0.011,0.0148,0.0159,0.0196,0.0211,0.0243,0.0268,0.0367
0.3535,0.405,0.6709,0.0453,0.1182,0.0575,0.0774,0.086,0.1055,0.9544,0.8226,0.8971,0.0544,0.0737,0.0776,0.232221,0.026210757,9.46e-05,0.006812408,-0.673787336,0.0139,0.0167,0.0201,0.0231,0.0261,0.0293,0.0317,0.0355,0.0393,0.0502
0.3955,0.4244,0.5939,0.0407,0.1178,0.0539,0.0704,0.0852,0.0923,0.9713,0.8631,0.9657,0.0794,0.0825,0.095,0.171902,0.019725263,7.26e-05,-0.006406902,-0.83158059,0.0082,0.0112,0.0146,0.0169,0.0198,0.022,0.0251,0.0271,0.0311,0.04
0.3704,0.467,0.8326,0.0488,0.1297,0.0671,0.0707,0.0967,0.1073,0.8771,0.9701,0.9172,0.0745,0.0813,0.0907,0.155095,0.025693029,8.39e-05,-0.116718579,-0.657189826,0.0135,0.017,0.0208,0.0235,0.0255,0.0283,0.0312,0.035,0.0379,0.0472
0.3736,0.4318,0.8624,0.0464,0.1323,0.0713,0.0776,0.1041,0.1113,0.9427,0.8016,0.8604,0.0599,0.0658,0.079,0.186638,0.029710506,9.6e-05,-0.343175641,-0.378231361,0.016,0.0207,0.0247,0.0271,0.0306,0.0328,0.0358,0.0387,0.0423,0.0502
0.3694,0.4915,0.5446,0.0368,0.1478,0.0722,0.0797,0.1106,0.1337,0.9231,0.8334,0.92,0.0558,0.061,0.093,0.121247,0.022895683,0.000117424,0.152239025,-0.751875408,0.0096,0.0116,0.0156,0.0193,0.0226,0.0257,0.0294,0.0329,0.0377,0.0497
0.357,0.4782,0.6824,0.0377,0.1163,0.0479,0.0658,0.0839,0.0856,0.8806,0.903,0.9557,0.0535,0.0875,0.0934,0.157686,0.018976776,7.21e-05,0.161547878,-0.666723659,0.0069,0.0112,0.0147,0.016,0.0192,0.0214,0.0242,0.0262,0.031,0.043
0.4043,0.4608,0.9439,0.047,0.1367,0.0698,0.0993,0.1193,0.1233,0.9436,0.8913,0.8287,0.0671,0.0687,0.0823,0.121571,0.029777761,0.000113289,-0.307443556,-0.427371388,0.0151,0.0204,0.0241,0.0269,0.0308,0.0339,0.0361,0.0394,0.0432,0.0502
0.3631,0.4179,0.7733,0.0398,0.1236,0.0518,0.0712,0.0869,0.105,0.8171,0.9478,0.9401,0.0557,0.0757,0.094,0.211275,0.025835845,8.42e-05,-0.05444778,-0.558726374,0.0139,0.0175,0.021,0.0241,0.026,0.0285,0.0311,0.0345,0.0374,0.0482
0.3606,0.4725,0.7764,0.0407,0.1224,0.0578,0.0715,0.0948,0.1064,0.905,0.9702,0.8475,0.0604,0.0626,0.0992,0.159858,0.023167202,8.38e-05,0.072353559,-0.597024139,0.0104,0.0145,0.0176,0.0209,0.0232,0.0255,0.0284,0.0315,0.0356,0.0474
0.3587,0.4405,0.8256,0.0495,0.1195,0.0599,0.0803,0.0882,0.1114,0.9275,0.8654,0.8473,0.0553,0.0646,0.073,0.194558,0.02800765,8.7e-05,-0.196281262,-0.381713119,0.0154,0.0197,0.0227,0.0254,0.0284,0.0312,0.0334,0.0365,0.0405,0.0515
0.4152,0.4711,0.522,0.0497,0.1284,0.0666,0.0907,0.1081,0.1097,0.9063,0.8086,0.9408,0.0675,0.0799,0.0961,0.103816,0.018709479,7.24e-05,0.055224719,-0.909885683,0.0065,0.0105,0.0138,0.0155,0.0192,0.0209,0.0247,0.0263,0.0305,0.0403
0.3559,0.4223,0.5418,0.0402,0.1487,0.0655,0.0902,0.1027,0.1298,0.8905,0.9111,0.8033,0.063,0.0701,0.0833,0.208865,0.026962473,0.000139217,0.033980506,-0.805704439,0.0111,0.0161,0.0204,0.0243,0.0269,0.0306,0.0343,0.0382,0.0429,0.0536
0.3798,0.4065,0.5972,0.0498,0.1116,0.0593,0.0805,0.0937,0.1013,0.9239,0.8789,0.9637,0.0508,0.0541,0.0816,0.207376,0.024220576,9.91e-05,0.024311157,-0.645598655,0.0109,0.0152,0.019,0.021,0.0245,0.0268,0.03,0.0332,0.0372,0.0522
0.3536,0.4987,0.7484,0.0494,0.1443,0.066,0.0768,0.0995,0.1277,0.9497,0.9055,0.99,0.0751,0.0851,0.092,0.138685,0.023620076,0.000109062,0.242824241,-0.619238596,0.0101,0.014,0.0168,0.0206,0.0228,0.0255,0.0293,0.0323,0.0381,0.0472
0.3516,0.458,0.8048,0.0468,0.113,0.0604,0.0799,0.0898,0.0953,0.8107,0.9256,0.968,0.0537,0.0575,0.0614,0.183301,0.026102948,8.44e-05,-0.094078207,-0.552059847,0.0138,0.0176,0.021,0.0241,0.0258,0.029,0.0314,0.0349,0.0381,0.0472
0.3772,0.4769,0.6708,0.0361,0.1443,0.0591,0.0854,0.0951,0.1113,0.9099,0.9316,0.8501,0.0771,0.0772,0.0787,0.137023,0.02007121,8.36e-05,0.191269516,-0.552035751,0.007,0.0107,0.0144,0.0169,0.0205,0.0219,0.0251,0.0281,0.032,0.0472
0.4119,0.4579,0.7158,0.0362,0.1424,0.0616,0.0847,0.0916,0.1209,0.9974,0.9263,0.8771,0.0505,0.07,0.0908,0.116662,0.018108323,6.62e-05,0.055211947,-0.909026741,0.0063,0.0104,0.0121,0.0155,0.0182,0.0205,0.023,0.0255,0.0288,0.0367
0.3635,0.4399,0.7695,0.0358,0.1274,0.0512,0.0763,0.0995,0.1137,0.853,0.835,0.8568,0.0613,0.0821,0.088,0.18877,0.025201559,9.02e-05,0.125610445,-0.450116866,0.0119,0.0162,0.0199,0.0224,0.0248,0.0272,0.0305,0.0335,0.038,0.0512
0.3829,0.4098,0.7072,0.0407,0.1443,0.0542,0.0819,0.0946,0.1222,0.8382,0.8986,0.8141,0.0571,0.0664,0.0979,0.194815,0.024096013,8.89e-05,0.066510149,-0.721766246,0.0107,0.0149,0.0197,0.0212,0.0241,0.0261,0.0297,0.0327,0.0365,0.0469
0.3502,0.4543,0.8124,0.046,0.113,0.0562,0.0731,0.0901,0.0951,0.9193,0.8226,0.8888,0.0594,0.0662,0.0736,0.185108,0.025960294,9.51e-05,0.232824755,-0.159489227,0.0131,0.0173,0.0213,0.023,0.0251,0.028,0.0308,0.034,0.0392,0.057
0.3781,0.4114,0.8972,0.0465,0.133,0.0647,0.0911,0.1096,0.116,0.8617,0.9511,0.8065,0.0518,0.0632,0.0943,0.19952,0.032135153,0.000105939,-0.461423331,-0.138308224,0.0198,0.0247,0.0266,0.0307,0.0338,0.0357,0.0382,0.0414,0.0447,0.0541
0.3827,0.4036,0.7575,0.0483,0.1212,0.0579,0.0763,0.0994,0.1065,0.9852,0.8576,0.921,0.0686,0.0709,0.0761,0.207571,0.026238095,8.12e-05,-0.153372788,-0.556817166,0.014,0.0188,0.0211,0.0243,0.0259,0.0293,0.0316,0.035,0.0378,0.0472
0.3539,0.4752,0.8197,0.0427,0.1443,0.0671,0.0728,0.1001,0.125,0.9751,0.8586,0.9539,0.0515,0.0736,0.0998,0.162206,0.027478195,0.000106884,0.084837126,-0.417835259,0.0133,0.0184,0.0219,0.0241,0.0269,0.0302,0.0336,0.0363,0.0406,0.0568
0.3577,0.4283,0.5167,0.0426,0.1473,0.0582,0.0902,0.0936,0.1246,0.9768,0.9594,0.9307,0.0657,0.0867,0.0954,0.199376,0.025575371,0.000128532,0.123686582,-0.564124418,0.0103,0.0143,0.0201,0.0225,0.025,0.0284,0.0316,0.0354,0.0405,0.0568
0.3705,0.4853,0.5026,0.042,0.1255,0.0588,0.0753,0.0867,0.1111,0.8642,0.9553,0.8565,0.0537,0.0793,0.0794,0.137516,0.019229498,7.98e-05,0.176681256,-0.756885056,0.0066,0.0107,0.0141,0.0158,0.0194,0.0211,0.0248,0.027,0.0318,0.0403
0.3525,0.407,0.8699,0.0412,0.1446,0.0685,0.0716,0.1053,0.1259,0.9514,0.8837,0.9588,0.0684,0.0957,0.096,0.227927,0.037874201,0.000177405,-0.092393919,-0.283816542,0.02,0.0259,0.0311,0.0345,0.0384,0.0417,0.045,0.0491,0.0554,0.068
0.4134,0.4078,0.875,0.0391,0.1421,0.046,0.092,0.0971,0.1176,0.87,0.8851,0.8584,0.0526,0.0759,0.0818,0.169688,0.025535606,7.93e-05,-0.030063021,-0.123844268,0.0144,0.018,0.0204,0.0231,0.0257,0.0274,0.0308,0.0332,0.0363,0.05
0.3947,0.4621,0.7205,0.0406,0.1337,0.0508,0.0798,0.1004,0.1178,0.951,0.9673,0.88,0.0657,0.0677,0.0944,0.128625,0.018605574,7.02e-05,0.211271146,-0.669644918,0.0067,0.0106,0.0137,0.0152,0.0183,0.0212,0.0232,0.0256,0.0307,0.0394
0.3595,0.4525,0.6086,0.0471,0.13,0.0685,0.0811,0.093,0.1172,0.8032,0.9009,0.9432,0.0725,0.076,0.0896,0.177135,0.023936783,0.00010083,-0.08199276,-0.753865112,0.0103,0.0146,0.0182,0.0207,0.0242,0.0269,0.0308,0.0338,0.0364,0.05
0.4056,0.4184,0.8811,0.0445,0.1254,0.0626,0.0754,0.1003,0.1141,0.908,0.894,0.8966,0.0683,0.0918,0.0965,0.16813,0.02901384,9.25e-05,-0.32646244,-0.321566293,0.0159,0.0205,0.024,0.0264,0.0299,0.0321,0.0357,0.0374,0.0408,0.051
0.3669,0.4078,0.6662,0.0449,0.1394,0.0655,0.091,0.0953,0.1169,0.8705,0.8047,0.9482,0.0609,0.0731,0.0983,0.214896,0.027126081,0.000102581,-0.051565699,-0.709485954,0.014,0.0174,0.0204,0.0243,0.0269,0.0307,0.0336,0.0363,0.0403,0.0497
0.3656,0.4965,0.8129,0.0464,0.1436,0.0584,0.0765,0.1101,0.1245,0.9649,0.9182,0.9809,0.0856,0.0881,0.0916,0.123321,0.022818819,9.09e-05,0.287012129,-0.352592896,0.0105,0.0144,0.0162,0.0209,0.0225,0.0249,0.0271,0.0312,0.0355,0.0495
0.4093,0.4643,0.7561,0.0367,0.1249,0.061,0.0742,0.0979,0.1031,0.9968,0.8142,0.8972,0.0529,0.0592,0.065,0.117943,0.016669997,5.04e-05,0.065081555,-0.836129672,0.0063,0.0107,0.012,0.0143,0.0159,0.0195,0.0207,0.0234,0.0263,0.0339
0.3993,0.4756,0.9065,0.0362,0.1498,0.0585,0.0795,0.0912,0.1261,0.867,0.8801,0.8864,0.0523,0.0616,0.0979,0.119052,0.024771096,8.12e-05,-0.038042841,-0.449986697,0.0131,0.0162,0.0201,0.0217,0.0244,0.0264,0.03,0.0329,0.0363,0.0461
0.4176,0.4972,0.5786,0.0477,0.128,0.061,0.0674,0.0916,0.1096,0.807,0.9671,0.8692,0.058,0.0583,0.0798,0.07542,0.014373993,4.36e-05,0.138054033,-0.954671077,0.0057,0.0068,0.0101,0.0111,0.0144,0.0155,0.0186,0.0209,0.0237,0.0304
0.3616,0.481,0.7092,0.0418,0.1289,0.0637,0.083,0.0859,0.0999,0.8828,0.8062,0.8518,0.0581,0.0642,0.0771,0.15131,0.022527617,9.92e-05,0.135933865,-0.740927195,0.0098,0.0132,0.0159,0.0203,0.0217,0.0252,0.028,0.0317,0.0361,0.0474
0.4121,0.4867,0.8483,0.0463,0.1481,0.0827,0.0832,0.1043,0.1182,0.9709,0.8258,0.9511,0.0591,0.0843,0.086,0.09752,0.021984962,7.33e-05,0.02225589,-0.70042818,0.0105,0.0144,0.0165,0.0199,0.0217,0.025,0.0265,0.0301,0.034,0.0406
0.419,0.4117,0.7078,0.0479,0.1408,0.0659,0.0699,0.113,0.1233,0.9443,0.8617,0.9156,0.0797,0.0835,0.0918,0.161954,0.023715805,9.29e-05,-0.038702518,-0.86112436,0.0112,0.0154,0.0174,0.0206,0.025,0.0269,0.0299,0.0326,0.0364,0.0447
0.3966,0.4958,0.79,0.0441,0.1191,0.0635,0.0793,0.0879,0.1094,0.929,0.9568,0.9054,0.0576,0.0588,0.0925,0.100616,0.018915195,7.37e-05,0.182803925,-0.702607143,0.0067,0.0108,0.0141,0.0157,0.0193,0.0209,0.0247,0.0265,0.0309,0.0406
0.3725,0.4276,0.5482,0.0435,0.1407,0.0641,0.0663,0.1028,0.1272,0.978,0.9089,0.8158,0.0639,0.0833,0.0881,0.195637,0.023114245,9.58e-05,-0.069185973,-0.813065332,0.0105,0.0136,0.0168,0.0205,0.0233,0.0255,0.0294,0.0324,0.0357,0.0461
0.3721,0.4321,0.8287,0.0496,0.1312,0.0694,0.0786,0.0885,0.1121,0.9224,0.8816,0.9234,0.0656,0.0694,0.0968,0.189823,0.03089369,0.000112236,-0.1653837,-0.499220172,0.0162,0.0218,0.0244,0.028,0.0317,0.0344,0.0371,0.0403,0.0445,0.0566
0.3878,0.4808,0.848,0.0422,0.1375,0.0561,0.0838,0.1162,0.1192,0.8481,0.9748,0.8526,0.0684,0.0841,0.0843,0.118837,0.020956621,5.99e-05,-0.088268012,-0.684035509,0.0102,0.0138,0.0157,0.0198,0.0213,0.0234,0.0258,0.0275,0.0311,0.0391
0.3571,0.4422,0.6849,0.0473,0.1203,0.0592,0.0704,0.088,0.1077,0.8076,0.8688,0.8337,0.0572,0.0607,0.0696,0.197536,0.025813879,0.00011846,0.216705204,-0.511642179,0.0114,0.016,0.0201,0.0219,0.0259,0.0285,0.0315,0.0353,0.0407,0.0536
0.3707,0.4871,0.8286,0.0469,0.1389,0.0761,0.0934,0.0998,0.1047,0.9296,0.8011,0.8307,0.0756,0.077,0.0893,0.135563,0.02472711,8.8e-05,0.036013324,-0.677926672,0.0125,0.0152,0.0198,0.0213,0.0243,0.0266,0.0302,0.0337,0.0373,0.0461
0.3949,0.4612,0.8754,0.0466,0.1115,0.0585,0.0724,0.0912,0.102,0.9494,0.831,0.8407,0.0509,0.0796,0.0911,0.136956,0.022266013,5.99e-05,-0.199771094,-0.530183643,0.0113,0.0151,0.018,0.0203,0.0224,0.0251,0.0264,0.0296,0.0325,0.0403
0.4062,0.4025,0.7423,0.0418,0.1269,0.0624,0.066,0.096,0.1145,0.8862,0.9315,0.9884,0.0774,0.0893,0.0986,0.186765,0.023586633,7.17e-05,-0.062867207,-0.607539676,0.0118,0.0157,0.0193,0.0213,0.0241,0.0256,0.0281,0.0315,0.0352,0.0427
0.3879,0.4083,0.6425,0.0393,0.1135,0.0496,0.0731,0.0964,0.0988,0.8911,0.9991,0.9512,0.0575,0.062,0.077,0.196532,0.021320507,7.69e-05,0.101433535,-0.505546017,0.0101,0.0136,0.0155,0.0196,0.0218,0.025,0.0263,0.0291,0.0331,0.0492
0.4007,0.4318,0.5218,0.0441,0.1478,0.0593,0.0678,0.0958,0.1324,0.969,0.8326,0.9648,0.0716,0.0755,0.0764,0.157176,0.019964668,7.66e-05,-0.021011072,-0.878939879,0.0072,0.0112,0.0146,0.0171,0.02,0.0224,0.0253,0.0276,0.0317,0.04
0.3825,0.4539,0.6782,0.045,0.1337,0.0581,0.07,0.1096,0.1159,0.8495,0.9187,0.8489,0.0574,0.0592,0.0668,0.156884,0.02074729,7.92e-05,0.141261779,-0.580022771,0.0096,0.0111,0.015,0.0185,0.0209,0.0232,0.0255,0.0287,0.0322,0.0472
0.4064,0.4787,0.8043,0.0388,0.1418,0.0622,0.0863,0.0957,0.1353,0.9795,0.9122,0.8804,0.078,0.0802,0.0805,0.107285,0.019341746,6.89e-05,0.107399607,-0.757530015,0.009,0.0114,0.0147,0.0161,0.0202,0.0214,0.0242,0.0266,0.0307,0.0424
0.3935,0.4039,0.524,0.0457,0.1119,0.0524,0.077,0.0852,0.0947,0.8499,0.9756,0.9569,0.0593,0.0636,0.0936,0.196201,0.020561672,7.67e-05,-0.046260333,-0.843494019,0.0091,0.0119,0.0155,0.0181,0.0211,0.0238,0.0257,0.0289,0.0326,0.043
0.3515,0.4378,0.5124,0.0452,0.1259,0.0575,0.0773,0.0828,0.1117,0.9854,0.8497,0.8501,0.0642,0.0714,0.0836,0.203902,0.022181413,9.2e-05,-0.032136032,-0.823946622,0.0096,0.0126,0.0161,0.0208,0.0223,0.0255,0.0278,0.0311,0.035,0.0439
0.3622,0.4523,0.7256,0.039,0.1375,0.0461,0.0885,0.1111,0.1221,0.9048,0.8739,0.8456,0.0618,0.0721,0.0751,0.175737,0.023483328,9.56e-05,0.208075563,-0.520985376,0.0106,0.0146,0.0171,0.0213,0.023,0.0256,0.0289,0.0323,0.0364,0.0495
0.4113,0.4182,0.5967,0.0478,0.1267,0.0624,0.0826,0.091,0.118,0.9019,0.8562,0.8197,0.0554,0.0557,0.0666,0.164088,0.020719647,8.09e-05,0.021360603,-0.820976449,0.0091,0.0118,0.0153,0.0178,0.021,0.0236,0.0255,0.0292,0.0328,0.0424
0.4051,0.4965,0.6985,0.0378,0.1192,0.0508,0.0816,0.0908,0.1055,0.908,0.9519,0.836,0.0556,0.0662,0.0754,0.092567,0.015158651,5.27e-05,0.330486301,-0.591206099,0.0059,0.0098,0.0106,0.0113,0.0151,0.0161,0.0196,0.0212,0.025,0.0367
0.4049,0.4764,0.6683,0.047,0.1378,0.0624,0.0746,0.0948,0.1197,0.8865,0.946,0.9157,0.0569,0.0892,0.099,0.107981,0.01837807,7.04e-05,0.089918161,-0.779188856,0.0066,0.0108,0.0126,0.0159,0.0186,0.0213,0.0238,0.0258,0.0302,0.0433
0.3527,0.4585,0.6186,0.0386,0.1256,0.0663,0.0674,0.0985,0.1119,0.8818,0.9079,0.8778,0.0633,0.0753,0.0911,0.178165,0.024484068,0.000118149,0.125238171,-0.631075351,0.0107,0.0153,0.0178,0.0215,0.0252,0.0269,0.0307,0.0349,0.0397,0.0543
0.4025,0.4648,0.5041,0.0494,0.1123,0.0648,0.0744,0.0858,0.0947,0.9231,0.8096,0.9785,0.0587,0.0692,0.0842,0.124748,0.01792266,6.45e-05,0.036867034,-0.919734952,0.0062,0.0111,0.0124,0.0153,0.0179,0.0208,0.0225,0.0257,0.0286,0.0354
0.3783,0.4546,0.8269,0.04,0.1308,0.0596,0.0747,0.0926,0.1164,0.891,0.8013,0.8582,0.0591,0.069,0.0964,0.162124,0.024755629,7.79e-05,-0.081094389,-0.548641248,0.0126,0.0165,0.0204,0.0221,0.0254,0.0274,0.03,0.0327,0.0363,0.0482
0.3512,0.4921,0.883,0.0472,0.125,0.0562,0.0777,0.093,0.1113,0.8668,0.9669,0.8025,0.0763,0.0788,0.0914,0.150666,0.025610011,8.26e-05,-0.08340977,-0.474018146,0.0142,0.0171,0.0214,0.023,0.0255,0.0277,0.031,0.0341,0.0374,0.0495
0.4125,0.4759,0.9371,0.0385,0.1298,0.0614,0.0802,0.0878,0.1075,0.9223,0.854,0.803,0.0675,0.0771,0.0972,0.102742,0.021993749,6.02e-05,-0.225442681,-0.522712308,0.0109,0.0147,0.0175,0.0208,0.0219,0.0248,0.0264,0.0288,0.0319,0.0391
0.3691,0.4154,0.8591,0.0458,0.12,0.0597,0.0757,0.0924,0.0966,0.8568,0.9776,0.9962,0.0732,0.0837,0.0986,0.209305,0.029824628,9.55e-05,-0.266424532,-0.125979783,0.016,0.0216,0.0249,0.0272,0.0306,0.0326,0.0354,0.0379,0.0422,0.0552
0.4078,0.4046,0.8339,0.0458,0.1392,0.0561,0.0798,0.1075,0.1279,0.8995,0.9726,0.9858,0.0773,0.0909,0.0998,0.173631,0.026434827,8.51e-05,-0.066067333,-0.388733774,0.0144,0.0188,0.0218,0.0251,0.0264,0.0288,0.0319,0.0349,0.0384,0.0492
0.383,0.4859,0.6963,0.0448,0.119,0.059,0.0684,0.0787,0.1037,0.9838,0.9502,0.9179,0.0549,0.0631,0.0814,0.125454,0.018213506,6.69e-05,0.156809444,-0.595758711,0.0067,0.0108,0.0126,0.0157,0.018,0.0208,0.0226,0.0253,0.0287,0.0427
0.3636,0.468,0.7217,0.047,0.1287,0.0607,0.0802,0.0973,0.1091,0.8177,0.9504,0.9744,0.0687,0.0808,0.0854,0.162142,0.022980809,8.67e-05,0.061072,-0.630905892,0.0101,0.014,0.0169,0.0205,0.0229,0.0252,0.028,0.0317,0.0354,0.0464
0.3891,0.4261,0.8847,0.0467,0.1179,0.0528,0.0715,0.1028,0.1104,0.9743,0.8484,0.8549,0.0526,0.0607,0.0932,0.179184,0.026145813,7.73e-05,-0.275178785,-0.332646881,0.0143,0.0199,0.0214,0.0246,0.0261,0.0291,0.0314,0.0347,0.0367,0.0474
0.3577,0.4013,0.712,0.0498,0.1214,0.0609,0.0779,0.0873,0.1112,0.9613,0.8369,0.9503,0.0609,0.0738,0.0818,0.233332,0.029041216,0.000103484,-0.075593363,-0.582879178,0.0157,0.0203,0.0239,0.0264,0.0294,0.0325,0.0351,0.038,0.0423,0.0534
0.3748,0.4672,0.5787,0.0375,0.1288,0.0536,0.0719,0.0912,0.1165,0.8284,0.9516,0.9511,0.0563,0.0798,0.0904,0.152432,0.020079735,9.1e-05,0.332710642,-0.362192473,0.007,0.0109,0.0145,0.0163,0.0194,0.022,0.0249,0.028,0.0331,0.0497
0.3751,0.4863,0.6285,0.0367,0.1192,0.0516,0.0788,0.0859,0.1005,0.9022,0.9985,0.8093,0.0543,0.0788,0.0872,0.128652,0.016409128,5.59e-05,0.110618614,-0.919551423,0.006,0.0101,0.0116,0.0141,0.0154,0.0194,0.0207,0.0238,0.0268,0.0339
0.3805,0.4188,0.7159,0.0362,0.1222,0.0547,0.0563,0.0846,0.1079,0.8533,0.8034,0.8369,0.0584,0.0822,0.0862,0.195253,0.022270421,6.99e-05,-0.039117872,-0.630712608,0.0112,0.0152,0.0166,0.021,0.0222,0.0252,0.0269,0.0302,0.0331,0.0439
0.3799,0.4104,0.902,0.0405,0.1211,0.0622,0.0716,0.0789,0.1171,0.8784,0.8296,0.9022,0.0573,0.0832,0.0839,0.200691,0.030450839,0.000104679,-0.336298149,-0.308762319,0.0166,0.0213,0.0255,0.0283,0.0313,0.0342,0.0366,0.0396,0.0433,0.0532
0.4019,0.4768,0.6659,0.0426,0.1113,0.0509,0.0656,0.0888,0.1006,0.8083,0.9563,0.9012,0.0509,0.0524,0.0673,0.113065,0.015081846,4.62e-05,0.138036597,-0.837758585,0.0058,0.0093,0.0108,0.0124,0.0153,0.0167,0.0201,0.0213,0.0244,0.032
0.3785,0.4653,0.5638,0.0474,0.1139,0.0586,0.0708,0.0921,0.0961,0.9003,0.8036,0.8902,0.0722,0.0764,0.0953,0.149409,0.02034859,8.44e-05,0.064303795,-0.767075372,0.0074,0.012,0.0142,0.0173,0.0204,0.0232,0.026,0.0286,0.0326,0.0458
0.3601,0.419,0.5301,0.0489,0.1114,0.0622,0.0735,0.0874,0.0932,0.9483,0.8022,0.9916,0.0579,0.0582,0.0608,0.216043,0.022781612,9.36e-05,0.001160298,-0.773535655,0.01,0.0139,0.0158,0.0207,0.0224,0.026,0.0286,0.0317,0.0353,0.0485
0.4009,0.4815,0.8895,0.0441,0.1286,0.0528,0.0811,0.0992,0.1137,0.9492,0.9052,0.8744,0.0582,0.0814,0.0856,0.107522,0.020744008,6.07e-05,0.149831256,-0.255404936,0.0112,0.0152,0.0164,0.0191,0.0205,0.0223,0.0256,0.0268,0.0307,0.045
0.3648,0.4332,0.8352,0.0428,0.1151,0.0563,0.0774,0.0875,0.1005,0.8123,0.9689,0.8365,0.0841,0.0953,0.0974,0.197531,0.026065207,7.88e-05,-0.241026257,-0.540892077,0.0136,0.0184,0.0209,0.0237,0.0261,0.0292,0.0316,0.0344,0.0371,0.0453
0.4174,0.4975,0.8446,0.0452,0.1456,0.0714,0.0819,0.0993,0.1143,0.9211,0.8657,0.9355,0.0523,0.0631,0.0911,0.06986,0.018143883,7.08e-05,0.188115951,-0.82258738,0.0065,0.0103,0.012,0.0151,0.0173,0.0202,0.0229,0.0259,0.0304,0.0403
0.3804,0.427,0.5256,0.0429,0.1234,0.0658,0.0702,0.093,0.1096,0.8866,0.9245,0.8075,0.0515,0.0558,0.0711,0.189146,0.022499486,9.73e-05,0.063345141,-0.705199284,0.0095,0.0133,0.0161,0.0202,0.022,0.0249,0.0276,0.0316,0.0357,0.0464
0.4133,0.4757,0.8416,0.0387,0.1317,0.0587,0.0719,0.084,0.1109,0.8852,0.9336,0.972,0.0534,0.0603,0.081,0.101622,0.017447865,4.69e-05,-0.015538753,-0.821623021,0.0093,0.0109,0.0138,0.0154,0.0167,0.0202,0.0212,0.0244,0.0271,0.0324
0.3902,0.4043,0.8384,0.0434,0.1259,0.0671,0.0859,0.0926,0.1123,0.9722,0.9438,0.9949,0.0508,0.0631,0.0724,0.195812,0.031116784,0.000122887,-0.082177985,-0.582023897,0.0161,0.0216,0.0247,0.0275,0.0312,0.0343,0.0375,0.0411,0.0455,0.0559
0.4194,0.4779,0.5613,0.0355,0.1437,0.0566,0.0833,0.088,0.1336,0.9477,0.8332,0.9213,0.063,0.0768,0.0832,0.094007,0.015643012,5.59e-05,0.283386679,-0.658924788,0.006,0.01,0.0109,0.0126,0.0157,0.0172,0.0204,0.0217,0.0259,0.0377
0.3664,0.4509,0.6289,0.0381,0.1458,0.0483,0.0694,0.1145,0.1198,0.864,0.9654,0.8364,0.0517,0.0596,0.062,0.170818,0.019050136,7.41e-05,0.320120513,-0.178062045,0.0071,0.0109,0.0144,0.0159,0.0189,0.0207,0.0232,0.0262,0.0309,0.05
0.3639,0.4165,0.5002,0.0499,0.1215,0.0718,0.0818,0.1046,0.1084,0.9169,0.8295,0.9943,0.0542,0.0727,0.097,0.212663,0.025842561,0.000116556,-0.121114111,-0.774004399,0.0109,0.0156,0.0199,0.0235,0.0259,0.0294,0.0324,0.0358,0.0398,0.0522
0.3738,0.4968,0.9231,0.043,0.1358,0.0602,0.0714,0.099,0.1266,0.9399,0.8767,0.9768,0.0816,0.0864,0.0946,0.121085,0.025666888,8.48e-05,-0.098339928,-0.432560741,0.014,0.0179,0.021,0.0238,0.0259,0.0281,0.0307,0.0339,0.038,0.0482
0.3728,0.4879,0.8432,0.0479,0.1351,0.0615,0.0786,0.1012,0.1122,0.9104,0.8275,0.895,0.0536,0.0764,0.0772,0.133218,0.024879391,9.36e-05,0.144117382,-0.514659718,0.0115,0.0156,0.019,0.0214,0.0245,0.0269,0.0306,0.0338,0.0377,0.0497
0.4156,0.4454,0.7134,0.0467,0.1203,0.0691,0.0728,0.0876,0.1077,0.9673,0.9827,0.9768,0.0539,0.0548,0.0845,0.1288,0.020278806,7.95e-05,0.12236013,-0.697925785,0.0089,0.0115,0.0149,0.0173,0.0205,0.0223,0.0253,0.0282,0.0321,0.0415
0.3692,0.4995,0.9066,0.037,0.1319,0.0473,0.0601,0.0853,0.1215,0.8056,0.9921,0.9066,0.0529,0.081,0.0844,0.12028,0.019462083,5.06e-05,-0.024403708,-0.481679192,0.01,0.0133,0.015,0.0171,0.0206,0.0216,0.0237,0.0254,0.0287,0.0394
0.4148,0.4718,0.9375,0.0373,0.1198,0.0699,0.0719,0.0834,0.1058,0.8354,0.8957,0.9561,0.0634,0.0646,0.0748,0.109137,0.022955818,6.56e-05,-0.254862013,-0.414691846,0.0114,0.0156,0.0199,0.0211,0.0233,0.0254,0.027,0.0307,0.0333,0.0418
0.3728,0.4906,0.6397,0.0407,0.1371,0.0501,0.071,0.1103,0.1256,0.8911,0.8655,0.8028,0.0624,0.0769,0.0793,0.126344,0.018579874,7.8e-05,0.356727937,-0.303363834,0.0066,0.0102,0.0132,0.0153,0.0187,0.021,0.0233,0.0259,0.0306,0.0474
0.3878,0.4215,0.9058,0.0417,0.1376,0.0595,0.0625,0.1065,0.1241,0.8004,0.8516,0.8967,0.0562,0.0754,0.0941,0.180693,0.028426382,8.84e-05,-0.401165538,-0.293466056,0.0153,0.0209,0.0246,0.0264,0.029,0.0314,0.0343,0.0369,0.0406,0.0482
0.3661,0.4899,0.6197,0.039,0.1235,0.0576,0.0853,0.0897,0.1023,0.8075,0.8673,0.9589,0.055,0.0657,0.0919,0.135152,0.01845259,7.49e-05,0.228337808,-0.660749473,0.0065,0.0104,0.0133,0.0154,0.0182,0.0206,0.0236,0.0261,0.0308,0.0406
0.3887,0.4033,0.7221,0.0494,0.1421,0.0656,0.0883,0.0999,0.129,0.9522,0.9762,0.9751,0.0584,0.0637,0.0874,0.199317,0.029742657,0.000124942,0.038987456,-0.602734681,0.0142,0.0208,0.023,0.0258,0.0297,0.033,0.0361,0.0399,0.0443,0.057
0.3738,0.4281,0.9356,0.0398,0.1412,0.0583,0.0843,0.0872,0.1189,0.969,0.9346,0.8889,0.0565,0.0657,0.068,0.18769,0.032564204,0.000135901,-0.245238573,-0.296274139,0.0162,0.023,0.0264,0.0303,0.0339,0.0362,0.0399,0.0428,0.0471,0.0587
0.3655,0.4686,0.8123,0.0458,0.1292,0.0583,0.0804,0.0852,0.1073,0.8061,0.8881,0.8432,0.0606,0.0804,0.0864,0.15169,0.024255764,8.61e-05,0.055728981,-0.651909894,0.0109,0.0152,0.0199,0.0213,0.0244,0.026,0.0297,0.0323,0.0367,0.0472
0.3778,0.4142,0.602,0.0461,0.144,0.083,0.0921,0.1127,0.1167,0.9841,0.8971,0.8222,0.056,0.0894,0.0975,0.200723,0.028207167,0.000132753,-0.092114898,-0.82367999,0.0119,0.0168,0.0212,0.0254,0.0287,0.0322,0.0355,0.0392,0.0433,0.0532
0.3837,0.4874,0.7003,0.0404,0.1314,0.0544,0.0598,0.0985,0.1202,0.8457,0.8832,0.8348,0.0674,0.0876,0.0943,0.116819,0.018168015,6.96e-05,0.137649743,-0.775940893,0.0064,0.0101,0.0128,0.0149,0.0181,0.0209,0.0227,0.0258,0.0294,0.0391
0.3556,0.4644,0.7774,0.0425,0.1379,0.0576,0.0824,0.1016,0.1162,0.8377,0.8427,0.9304,0.0797,0.0803,0.0808,0.170952,0.025233805,9.75e-05,0.162686585,-0.509010263,0.0115,0.0158,0.0193,0.0217,0.0248,0.0271,0.0311,0.0344,0.0388,0.05
0.4135,0.4658,0.5818,0.0395,0.1448,0.0607,0.0909,0.1102,0.1319,0.8678,0.8714,0.9923,0.0639,0.0681,0.0764,0.113999,0.017813456,6.64e-05,0.138615002,-0.765988399,0.0063,0.0106,0.0116,0.0158,0.0175,0.0206,0.0222,0.0257,0.0288,0.0381
0.3599,0.4935,0.7704,0.0458,0.1104,0.0515,0.0719,0.0892,0.0943,0.8974,0.9636,0.8973,0.0715,0.0856,0.0856,0.137492,0.020146193,7.67e-05,0.216558695,-0.548697847,0.0094,0.0118,0.0151,0.0169,0.0204,0.0218,0.0249,0.0274,0.032,0.0427
0.4107,0.4815,0.5775,0.0388,0.1203,0.0643,0.0707,0.073,0.0916,0.9475,0.9892,0.8852,0.053,0.0548,0.0989,0.100151,0.016126427,5.74e-05,0.146017186,-0.968624506,0.0059,0.0096,0.0111,0.0147,0.0157,0.0182,0.021,0.0239,0.0263,0.0328
0.3748,0.4592,0.9064,0.0353,0.1397,0.0535,0.0792,0.1009,0.1231,0.8889,0.8554,0.832,0.0667,0.0695,0.0913,0.157887,0.028199928,0.000106425,-0.055748393,-0.518869897,0.0151,0.0194,0.0214,0.0249,0.0277,0.0314,0.0339,0.0376,0.042,0.0517
0.3635,0.4962,0.7761,0.0374,0.1187,0.0508,0.0773,0.0784,0.1063,0.8315,0.826,0.8083,0.0729,0.0814,0.0899,0.13386,0.021785495,0.000102017,0.360684377,-0.433642312,0.0098,0.0116,0.0153,0.0185,0.0217,0.0237,0.0263,0.0308,0.0356,0.0495
0.4018,0.4872,0.6302,0.0449,0.1429,0.0597,0.0866,0.0989,0.1321,0.8388,0.9979,0.9903,0.0676,0.0704,0.0907,0.098248,0.017073549,6.39e-05,0.243674334,-0.555199923,0.0064,0.01,0.0119,0.0151,0.0163,0.0202,0.0216,0.0245,0.0275,0.043
0.3664,0.4803,0.6696,0.0456,0.1385,0.0709,0.0827,0.0965,0.1144,0.9643,0.8792,0.9706,0.0609,0.0626,0.0968,0.147854,0.024495586,0.000131295,0.322080949,-0.195551313,0.0098,0.0138,0.0172,0.0207,0.0248,0.0269,0.0309,0.0343,0.0389,0.0606
0.4135,0.4897,0.7147,0.049,0.1327,0.057,0.091,0.1002,0.1178,0.8359,0.9793,0.9467,0.0533,0.0616,0.0631,0.085752,0.016105104,5.55e-05,0.109392849,-0.97683494,0.0059,0.0096,0.0111,0.0147,0.0156,0.0184,0.0207,0.0238,0.026,0.0324
0.3796,0.4029,0.6533,0.0495,0.1418,0.0673,0.078,0.1117,0.1304,0.8641,0.9489,0.9266,0.0509,0.0645,0.0901,0.206388,0.028494174,0.000133494,0.154151733,-0.576988075,0.0133,0.0178,0.0211,0.0252,0.0271,0.0314,0.0345,0.0388,0.0443,0.0602
0.3945,0.4155,0.6938,0.0458,0.1417,0.0807,0.0849,0.1135,0.1236,0.909,0.9309,0.9996,0.0677,0.0784,0.0882,0.179417,0.027413739,0.000119584,0.069481881,-0.760750705,0.0127,0.0168,0.0208,0.0246,0.0269,0.0305,0.034,0.0378,0.0425,0.0532
0.3788,0.4682,0.6859,0.0448,0.1445,0.0546,0.0898,0.0956,0.1231,0.8674,0.9333,0.9372,0.0607,0.0608,0.0958,0.140279,0.021141886,9.25e-05,0.215271299,-0.539926221,0.0094,0.0111,0.015,0.0189,0.0211,0.0241,0.0259,0.0298,0.0349,0.0474
0.3608,0.4692,0.5887,0.0352,0.142,0.0586,0.0743,0.0877,0.1219,0.9056,0.872,0.935,0.0806,0.0864,0.0946,0.162354,0.022264533,0.000106028,0.120558623,-0.72096533,0.0095,0.0115,0.0154,0.0201,0.0222,0.0258,0.0282,0.0321,0.0356,0.0492
0.3845,0.4752,0.8066,0.0353,0.1489,0.0598,0.0916,0.115,0.1317,0.8757,0.8687,0.8921,0.0712,0.0802,0.0825,0.120336,0.022571702,9.49e-05,0.388796019,-0.105577803,0.0107,0.0146,0.0163,0.0198,0.0214,0.0247,0.027,0.0307,0.0355,0.0522
0.3534,0.4063,0.7688,0.0442,0.1453,0.0768,0.091,0.1008,0.1182,0.8858,0.9742,0.8437,0.0614,0.0812,0.0938,0.229369,0.033716082,0.000125033,-0.194442356,-0.410354619,0.0186,0.0238,0.0273,0.0313,0.0345,0.037,0.0405,0.0442,0.0471,0.0579
0.3667,0.4746,0.63,0.0419,0.138,0.0581,0.0773,0.1044,0.1106,0.9426,0.8279,0.9507,0.0644,0.0664,0.0759,0.151092,0.021395005,9.68e-05,0.210264168,-0.566327301,0.0093,0.011,0.015,0.0196,0.0212,0.0243,0.0262,0.0305,0.0347,0.0472
0.3721,0.4416,0.5326,0.0371,0.1423,0.0652,0.0772,0.103,0.1076,0.9388,0.81,0.9579,0.0519,0.0875,0.0947,0.181461,0.023311132,0.000107984,0.087054239,-0.661318483,0.0101,0.0144,0.0164,0.0202,0.0235,0.0256,0.0293,0.0325,0.0371,0.0517
0.3889,0.4289,0.6761,0.0475,0.1498,0.0737,0.0801,0.1222,0.1338,0.819,0.9721,0.9032,0.0584,0.0601,0.0714,0.170579,0.025015594,0.000106067,0.046496008,-0.777863987,0.0107,0.0148,0.0192,0.0218,0.0255,0.0278,0.0308,0.0344,0.0399,0.0485
0.4031,0.4055,0.5951,0.0472,0.1194,0.056,0.0725,0.0845,0.1007,0.9113,0.9066,0.8134,0.0509,0.0799,0.0929,0.186213,0.021704948,8.5e-05,-0.050439607,-0.838312851,0.0095,0.0123,0.0159,0.02,0.0216,0.0247,0.0268,0.0306,0.034,0.0427
0.3617,0.4254,0.9027,0.0485,0.1362,0.0691,0.0887,0.1022,0.1206,0.8565,0.8326,0.9369,0.0686,0.0692,0.0921,0.201613,0.034197289,0.000122483,-0.425449358,-0.161101442,0.019,0.0247,0.0288,0.032,0.0351,0.0381,0.0407,0.0442,0.0481,0.0572
0.4046,0.4425,0.8281,0.0497,0.1382,0.0592,0.0779,0.1093,0.1239,0.8029,0.9227,0.814,0.0668,0.0782,0.09,0.144684,0.022960457,6.37e-05,-0.194737613,-0.642262462,0.0115,0.0153,0.0192,0.0207,0.0242,0.0256,0.0275,0.0307,0.0333,0.0403
0.3685,0.4487,0.703,0.0393,0.1441,0.0522,0.0792,0.0922,0.1135,0.9349,0.8145,0.8434,0.0535,0.0585,0.0647,0.17523,0.02133216,7.88e-05,0.164315465,-0.523058448,0.0106,0.0129,0.0149,0.0192,0.021,0.0235,0.026,0.0292,0.0328,0.0453
0.361,0.4751,0.5887,0.0361,0.1283,0.0623,0.0793,0.1052,0.1073,0.8272,0.8322,0.923,0.0694,0.0797,0.0886,0.154901,0.020501499,8.16e-05,0.08646767,-0.607126633,0.0091,0.0108,0.0147,0.018,0.0207,0.0231,0.0253,0.0283,0.0326,0.0464
0.3649,0.4544,0.8253,0.0435,0.1331,0.0679,0.0811,0.0899,0.1205,0.8707,0.9449,0.8478,0.0699,0.0745,0.0997,0.169827,0.026990048,8.83e-05,-0.132352571,-0.534741786,0.0148,0.0189,0.0215,0.0243,0.0268,0.0303,0.0323,0.036,0.0395,0.051
0.3827,0.4897,0.8725,0.0358,0.1391,0.0562,0.0639,0.1042,0.1127,0.9346,0.8899,0.8617,0.0592,0.0748,0.0773,0.118457,0.02150818,6.89e-05,0.067576627,-0.574342334,0.0109,0.0147,0.0162,0.0201,0.0215,0.0242,0.0259,0.029,0.0328,0.043
0.3567,0.4458,0.6115,0.0383,0.1463,0.055,0.0771,0.0983,0.1237,0.8694,0.9982,0.9001,0.0671,0.0693,0.0891,0.186087,0.021873901,0.000100215,0.474056255,0.544782949,0.009,0.013,0.0154,0.0193,0.0211,0.025,0.0267,0.0305,0.0344,0.061
0.3668,0.4651,0.9444,0.0395,0.1439,0.0526,0.0941,0.1097,0.134,0.9896,0.9948,0.944,0.0542,0.0772,0.0894,0.155909,0.032133015,0.000140119,0.044087586,0.063406508,0.0165,0.0224,0.0254,0.0294,0.0317,0.0355,0.0382,0.0415,0.0469,0.0652
0.3935,0.4225,0.7234,0.0457,0.1428,0.0671,0.0735,0.1102,0.1182,0.9524,0.968,0.8916,0.0577,0.0895,0.0909,0.177292,0.025541834,9.99e-05,0.083912944,-0.642504345,0.0115,0.0158,0.0195,0.0222,0.0255,0.0276,0.0312,0.035,0.0395,0.0502
0.4039,0.4742,0.5496,0.049,0.1394,0.0675,0.0926,0.1078,0.1148,0.8651,0.8101,0.969,0.0535,0.0595,0.0967,0.113882,0.018853175,7.28e-05,0.046313697,-0.904287888,0.0064,0.0106,0.0146,0.0158,0.0195,0.0209,0.0243,0.0262,0.0309,0.0367
0.3666,0.4927,0.7953,0.0447,0.1207,0.0586,0.0628,0.0932,0.1092,0.9049,0.9172,0.9174,0.052,0.0542,0.0731,0.130559,0.02197657,9.12e-05,0.254898915,-0.524902733,0.0098,0.013,0.0154,0.0197,0.0212,0.0241,0.0264,0.0308,0.035,0.0464
0.4088,0.4804,0.6585,0.0358,0.1299,0.0664,0.0686,0.096,0.1177,0.9715,0.8845,0.8465,0.0605,0.0638,0.0746,0.098381,0.016025981,5.36e-05,0.102228011,-0.931430136,0.0059,0.0097,0.0112,0.0148,0.0157,0.0181,0.0209,0.0226,0.0257,0.0328
0.3593,0.4743,0.9273,0.0469,0.1415,0.0556,0.0795,0.1065,0.1258,0.8587,0.8162,0.9402,0.0714,0.0738,0.0839,0.158383,0.029566303,9.9e-05,-0.351724674,-0.196897812,0.0161,0.0211,0.0251,0.0276,0.0306,0.0331,0.0353,0.0382,0.0421,0.0532
0.3581,0.4458,0.8539,0.0406,0.1412,0.0637,0.0854,0.0904,0.1266,0.9971,0.8324,0.8223,0.0765,0.0845,0.0965,0.188048,0.0279348,8.64e-05,-0.252487828,-0.4133847,0.0152,0.0209,0.0228,0.0254,0.0283,0.0313,0.0339,0.0359,0.0399,0.0495
0.4124,0.4084,0.7386,0.0381,0.1499,0.061,0.0936,0.1143,0.1297,0.8267,0.906,0.9905,0.0556,0.0565,0.0919,0.168838,0.022603382,7.39e-05,0.052542609,-0.626726168,0.0116,0.0156,0.017,0.0201,0.0221,0.0256,0.0268,0.0304,0.0352,0.045
0.3735,0.4508,0.7732,0.0384,0.1403,0.0618,0.0733,0.0838,0.1026,0.9399,0.8534,0.8106,0.0748,0.0928,0.0991,0.167097,0.022230278,6.47e-05,-0.141285884,-0.692629655,0.0109,0.0147,0.0172,0.0202,0.0223,0.0252,0.0267,0.0302,0.0328,0.0403
0.3919,0.4904,0.7687,0.0359,0.1342,0.0452,0.0826,0.1088,0.1174,0.9864,0.9355,0.8112,0.0704,0.0791,0.0961,0.107628,0.016058682,5.47e-05,0.264668787,-0.651019609,0.0061,0.01,0.0108,0.0145,0.0154,0.0175,0.0201,0.0226,0.026,0.0364
0.4155,0.4253,0.5345,0.0383,0.1156,0.047,0.0689,0.0895,0.1007,0.8022,0.9287,0.8025,0.0531,0.0585,0.098,0.151926,0.015366728,4.54e-05,0.0258353,-0.965247585,0.0059,0.0095,0.011,0.0139,0.0155,0.017,0.0204,0.0217,0.0246,0.032
0.3927,0.4258,0.7003,0.0378,0.1431,0.0578,0.0787,0.1146,0.1314,0.8033,0.8241,0.8816,0.0543,0.0852,0.0894,0.171591,0.022854946,8.64e-05,0.097301256,-0.608902524,0.0102,0.0142,0.0171,0.0207,0.0224,0.0253,0.0277,0.0313,0.0356,0.0474
0.359,0.4637,0.5022,0.0457,0.1362,0.0705,0.0811,0.1059,0.1087,0.8902,0.8449,0.8859,0.0844,0.0902,0.0938,0.168663,0.025573806,0.000135748,0.204909263,-0.452415921,0.0104,0.0143,0.0188,0.0211,0.0256,0.0291,0.0317,0.0363,0.0407,0.0594
0.3854,0.4614,0.8587,0.0471,0.1198,0.0707,0.0733,0.0831,0.1089,0.897,0.834,0.9348,0.0513,0.0658,0.0875,0.146839,0.025689677,7.63e-05,-0.210430829,-0.498395996,0.0152,0.0179,0.0207,0.025,0.0261,0.028,0.0307,0.0342,0.0368,0.045
0.4115,0.4347,0.7494,0.0446,0.133,0.0601,0.0859,0.1081,0.1186,0.9032,0.9535,0.9875,0.0639,0.0722,0.0844,0.143459,0.02160469,7.39e-05,0.094145648,-0.613107444,0.0108,0.0146,0.0161,0.0199,0.0215,0.0243,0.026,0.0299,0.0334,0.043
0.3511,0.4196,0.615,0.047,0.1183,0.0672,0.0728,0.0901,0.1023,0.8765,0.9667,0.8317,0.0559,0.0682,0.0964,0.222547,0.025687987,0.000100716,-0.079199834,-0.758200682,0.0112,0.0157,0.0195,0.023,0.0258,0.029,0.032,0.0352,0.039,0.0497
0.4055,0.472,0.6413,0.0428,0.1276,0.0662,0.0804,0.1024,0.1151,0.8205,0.8728,0.8344,0.0741,0.0881,0.0907,0.116102,0.019991004,8.53e-05,0.088652003,-0.885137893,0.0068,0.0112,0.0147,0.0163,0.0206,0.0219,0.0251,0.0286,0.0327,0.0424
0.3611,0.4708,0.8903,0.0385,0.1479,0.0606,0.0999,0.1194,0.1214,0.8752,0.9266,0.8529,0.0548,0.08,0.0956,0.14983,0.029945022,0.000117256,-0.038390837,-0.440423447,0.0163,0.0211,0.0252,0.0268,0.03,0.0323,0.0364,0.0407,0.0441,0.055
0.3715,0.4499,0.6625,0.0411,0.1234,0.0538,0.0821,0.0877,0.1096,0.8794,0.8243,0.8665,0.051,0.0833,0.0904,0.167916,0.021922764,9.3e-05,0.209437222,-0.482055975,0.0098,0.0129,0.0159,0.0199,0.0217,0.025,0.027,0.0302,0.0349,0.0482
0.411,0.4533,0.7995,0.0465,0.1336,0.0601,0.0781,0.1089,0.1222,0.9669,0.8144,0.8348,0.0539,0.0594,0.0659,0.126426,0.019490639,5.8e-05,-0.001114783,-0.779067179,0.0101,0.0111,0.0151,0.0165,0.0197,0.0211,0.0242,0.0263,0.0303,0.0364
0.3603,0.4902,0.8194,0.0374,0.1343,0.0576,0.0816,0.1077,0.1174,0.8215,0.8203,0.8003,0.0538,0.0783,0.0874,0.132055,0.023919318,9.93e-05,0.273169778,-0.397860241,0.0113,0.0154,0.0178,0.0207,0.0239,0.0262,0.0295,0.0329,0.0373,0.0532
0.4021,0.4681,0.8155,0.0461,0.145,0.0593,0.0779,0.0978,0.1295,0.9964,0.9785,0.8321,0.0787,0.0833,0.099,0.11507,0.02027946,6.85e-05,0.091909037,-0.650340652,0.0097,0.0119,0.0151,0.0177,0.0204,0.022,0.0251,0.028,0.0313,0.0415
0.4005,0.409,0.5159,0.0411,0.126,0.0604,0.0723,0.0981,0.1057,0.8102,0.9098,0.9022,0.055,0.0863,0.0942,0.183487,0.021451429,8.54e-05,-0.039876932,-0.77857301,0.0092,0.0122,0.0159,0.0199,0.0217,0.0247,0.0267,0.0302,0.0336,0.043
0.3815,0.4586,0.6863,0.0354,0.1107,0.0445,0.0724,0.0793,0.0933,0.836,0.9111,0.8497,0.0633,0.0715,0.0841,0.154821,0.017359771,6.15e-05,0.323101533,-0.236580173,0.0068,0.0111,0.0126,0.0142,0.0165,0.0197,0.021,0.0241,0.027,0.0456
0.4143,0.4782,0.5346,0.0469,0.1355,0.0579,0.0892,0.1087,0.1181,0.8609,0.9671,0.8856,0.0539,0.064,0.0774,0.094108,0.016514434,5.77e-05,0.131495408,-0.858381921,0.006,0.0104,0.0119,0.0146,0.0159,0.0191,0.0211,0.0244,0.0265,0.0354
0.3864,0.4879,0.6476,0.0354,0.1277,0.0539,0.0772,0.0929,0.1052,0.8495,0.8349,0.9002,0.0569,0.0591,0.0996,0.11489,0.017106313,6.13e-05,0.135943726,-0.799785054,0.0062,0.0103,0.0113,0.0153,0.0164,0.0201,0.0216,0.0248,0.0273,0.0374
0.3739,0.4905,0.8817,0.0397,0.1485,0.0569,0.0895,0.1063,0.1236,0.8621,0.9515,0.8223,0.0637,0.0716,0.087,0.126917,0.023555413,7.28e-05,-0.039851517,-0.52998939,0.0121,0.0158,0.0196,0.0216,0.0245,0.026,0.0282,0.0312,0.0349,0.0439
0.3816,0.4001,0.6267,0.0469,0.1161,0.0698,0.0829,0.0859,0.0963,0.9839,0.9829,0.8689,0.0579,0.0936,0.0971,0.214925,0.026229949,0.000100211,-0.165595885,-0.846393162,0.0125,0.016,0.0203,0.0236,0.0263,0.03,0.033,0.0356,0.0398,0.0458
0.4138,0.4266,0.918,0.0471,0.1179,0.0616,0.0732,0.0908,0.1061,0.8805,0.8521,0.9523,0.0879,0.0885,0.0898,0.151938,0.026741355,7.51e-05,-0.456829928,-0.185465998,0.0156,0.0198,0.0223,0.0257,0.0268,0.0298,0.0319,0.0353,0.0369,0.045
0.3961,0.474,0.6104,0.0473,0.1379,0.0614,0.0785,0.0924,0.1226,0.9095,0.8067,0.9769,0.0577,0.0663,0.0851,0.121986,0.019034569,7.35e-05,-0.030420877,-0.984317936,0.0064,0.0108,0.015,0.0163,0.0202,0.0215,0.0254,0.0272,0.0308,0.0381
0.4192,0.407,0.5859,0.0389,0.1193,0.0582,0.077,0.0957,0.1039,0.8417,0.8983,0.9295,0.0582,0.0656,0.0845,0.16756,0.019935442,7.59e-05,-0.001489926,-0.880444951,0.0082,0.0113,0.0147,0.017,0.0203,0.0225,0.0255,0.0282,0.0318,0.0406
0.4001,0.4488,0.5627,0.0432,0.1169,0.0525,0.079,0.0913,0.0963,0.8797,0.8164,0.8084,0.0804,0.0808,0.0895,0.142672,0.018469302,6.99e-05,0.102978784,-0.730938734,0.0065,0.0105,0.0139,0.0156,0.0192,0.0206,0.0239,0.0258,0.0298,0.0403
0.3993,0.4598,0.7259,0.0464,0.1172,0.0633,0.0685,0.0864,0.0954,0.8013,0.9306,0.9258,0.055,0.0791,0.0877,0.132696,0.019041796,6.38e-05,-0.035189337,-0.892391575,0.0097,0.0118,0.0146,0.0163,0.0202,0.0214,0.0252,0.0265,0.03,0.0357
0.3549,0.448,0.5658,0.0378,0.1166,0.0538,0.0823,0.0828,0.0993,0.9153,0.9489,0.8276,0.0642,0.083,0.0954,0.190036,0.022173138,0.000100535,0.147593772,-0.645175228,0.0097,0.0116,0.0156,0.0206,0.0223,0.0246,0.027,0.0312,0.0357,0.0495
0.3538,0.4743,0.6993,0.0396,0.1252,0.0591,0.0709,0.0926,0.0983,0.9701,0.9592,0.8469,0.0606,0.0702,0.0737,0.163606,0.021755967,8.84e-05,0.173751212,-0.529130917,0.0097,0.0122,0.0155,0.02,0.0214,0.0245,0.0265,0.0304,0.0345,0.0472
0.3934,0.4569,0.8522,0.0433,0.1418,0.0554,0.0715,0.0981,0.1307,0.9966,0.9644,0.893,0.0512,0.084,0.0866,0.139947,0.023099789,6.98e-05,-0.009595689,-0.48619005,0.0121,0.016,0.019,0.0207,0.0228,0.0258,0.0269,0.0305,0.0352,0.045
0.3985,0.4534,0.7163,0.0493,0.1164,0.0617,0.0661,0.0934,0.0971,0.9884,0.9116,0.8383,0.0724,0.0734,0.0845,0.139004,0.019527502,6.92e-05,-0.020849769,-0.886195898,0.01,0.0111,0.0154,0.0167,0.0204,0.0215,0.0255,0.0274,0.031,0.0381
0.3802,0.4641,0.7691,0.0397,0.1105,0.058,0.0749,0.0847,0.1021,0.8149,0.8455,0.9947,0.074,0.078,0.086,0.150815,0.019384656,6e-05,0.00049099,-0.761656494,0.0091,0.0112,0.0142,0.0161,0.0202,0.0215,0.0241,0.0266,0.0297,0.0384
0.3734,0.4566,0.7718,0.0376,0.1284,0.0633,0.0672,0.1014,0.1185,0.8171,0.8615,0.9708,0.0542,0.0554,0.0565,0.165702,0.022263085,6.88e-05,-0.041022435,-0.70688481,0.0111,0.0149,0.0168,0.0206,0.0217,0.0246,0.0266,0.0301,0.0331,0.0424
0.4042,0.4578,0.7926,0.0425,0.1117,0.0581,0.0732,0.0742,0.0946,0.9196,0.8686,0.8146,0.0536,0.0582,0.0944,0.130876,0.019020842,5.65e-05,-0.052409527,-0.842617846,0.0099,0.0109,0.0148,0.0158,0.0202,0.0215,0.0238,0.0263,0.0295,0.0361
0.3766,0.4331,0.8381,0.0374,0.1154,0.0447,0.0792,0.0883,0.1094,0.8768,0.953,0.9813,0.0502,0.0579,0.09,0.183749,0.024009015,7.29e-05,0.01248847,-0.329930698,0.0125,0.0158,0.0206,0.0221,0.0239,0.026,0.0285,0.0315,0.0352,0.0495
0.3699,0.4535,0.9415,0.0496,0.1288,0.0631,0.0784,0.0808,0.1173,0.8349,0.9523,0.9636,0.0655,0.0793,0.0927,0.168906,0.030790942,0.000109778,-0.422337434,-0.159151015,0.015,0.0224,0.026,0.029,0.032,0.0344,0.0369,0.0397,0.0431,0.0561
0.3984,0.4837,0.8717,0.0376,0.1201,0.0595,0.0827,0.0921,0.1026,0.8803,0.9801,0.8049,0.0674,0.0836,0.0963,0.112369,0.019792201,5.41e-05,-0.051909434,-0.714762979,0.0109,0.0125,0.0153,0.0175,0.0205,0.0216,0.0249,0.0262,0.0301,0.0354
0.3811,0.4069,0.8098,0.0384,0.1409,0.0573,0.068,0.099,0.1249,0.9657,0.8726,0.9364,0.0612,0.0737,0.0966,0.197436,0.026637594,8.19e-05,-0.142028897,-0.469932232,0.0146,0.0191,0.0219,0.0253,0.0266,0.0297,0.0323,0.0349,0.0381,0.0492
0.3988,0.4438,0.7523,0.0351,0.1248,0.0512,0.068,0.0806,0.0988,0.8432,0.9321,0.8275,0.0639,0.0823,0.0938,0.153901,0.018312984,5.42e-05,0.072995842,-0.67779916,0.0099,0.0108,0.0146,0.0156,0.0184,0.0202,0.0222,0.0252,0.028,0.0364
0.3772,0.4874,0.8932,0.0468,0.1283,0.062,0.0731,0.09,0.1035,0.8943,0.8442,0.8405,0.0531,0.0602,0.0654,0.128374,0.024429615,7.68e-05,-0.076422401,-0.446199152,0.0123,0.0163,0.0204,0.0216,0.0246,0.0263,0.0296,0.0319,0.0361,0.0472
0.3958,0.4014,0.6573,0.0362,0.1302,0.0595,0.0784,0.0825,0.1099,0.857,0.8205,0.9453,0.0633,0.0825,0.0975,0.19237,0.021210356,6.92e-05,-0.030223645,-0.754303812,0.0101,0.0139,0.0158,0.0194,0.0208,0.0245,0.0259,0.0292,0.0325,0.0403
0.4089,0.4828,0.5045,0.044,0.1387,0.0597,0.075,0.0959,0.1207,0.8846,0.8584,0.8367,0.0703,0.0824,0.0913,0.101099,0.017981428,6.5e-05,0.026949367,-0.856131635,0.0063,0.01,0.0125,0.0148,0.0182,0.0208,0.0228,0.0254,0.0283,0.0384
0.4101,0.475,0.7529,0.0399,0.1281,0.0565,0.0745,0.0799,0.1141,0.9684,0.9047,0.9008,0.0651,0.0743,0.0782,0.10965,0.016708872,5.21e-05,0.036993,-0.884569126,0.0062,0.0105,0.0119,0.0154,0.0163,0.0194,0.0206,0.0235,0.0263,0.0335
0.3563,0.405,0.8935,0.0457,0.1123,0.0555,0.0768,0.0863,0.105,0.9293,0.9258,0.9959,0.0603,0.0624,0.071,0.233853,0.032893563,0.000120595,-0.261353061,-0.194262128,0.0191,0.0245,0.0265,0.0307,0.0331,0.0363,0.0388,0.0425,0.0471,0.06
0.416,0.4949,0.712,0.0354,0.1378,0.0573,0.0918,0.1018,0.1119,0.9048,0.8688,0.8157,0.0533,0.0647,0.0671,0.080796,0.015601161,5.44e-05,0.2489511,-0.750911616,0.0059,0.0097,0.0113,0.0124,0.015,0.0167,0.0203,0.0216,0.0255,0.0346
0.4013,0.4234,0.9125,0.0417,0.145,0.0755,0.0759,0.1015,0.1264,0.8748,0.8323,0.9185,0.0636,0.0873,0.0937,0.161821,0.030361697,0.000100811,-0.384088071,-0.323325243,0.0165,0.0215,0.0248,0.0279,0.0312,0.0349,0.0365,0.0398,0.0433,0.051
0.3798,0.4608,0.6221,0.0366,0.1319,0.0505,0.0884,0.0904,0.1156,0.8849,0.9066,0.8002,0.0663,0.0937,0.0988,0.153906,0.02023276,8.41e-05,0.11473687,-0.70862438,0.0072,0.0116,0.0153,0.0174,0.021,0.0223,0.0255,0.0284,0.0328,0.0436
0.3949,0.4288,0.7491,0.0447,0.1161,0.0602,0.0737,0.0973,0.1029,0.8789,0.999,0.9137,0.0529,0.0873,0.0947,0.168333,0.022362647,6.68e-05,-0.170822533,-0.721634992,0.0108,0.0147,0.0172,0.0203,0.0226,0.0254,0.0271,0.0301,0.033,0.0403
0.3752,0.4339,0.8775,0.0396,0.1214,0.0617,0.0823,0.0891,0.1089,0.8752,0.8282,0.9491,0.0519,0.0639,0.0881,0.181834,0.0276986,8.28e-05,-0.360826073,-0.401002899,0.0151,0.0209,0.0228,0.0255,0.0279,0.031,0.0338,0.0359,0.0394,0.0495
0.3714,0.4762,0.5288,0.041,0.1289,0.0731,0.0758,0.0956,0.1107,0.8638,0.8181,0.8073,0.0529,0.0646,0.0722,0.142417,0.021618798,0.00010061,0.13196316,-0.726883631,0.0072,0.0112,0.015,0.0188,0.0217,0.0252,0.0268,0.0311,0.0348,0.049
0.3894,0.4591,0.5994,0.0358,0.1115,0.0512,0.0655,0.0852,0.0967,0.8929,0.8072,0.868,0.0572,0.0587,0.0946,0.145301,0.017472028,6.41e-05,0.189857111,-0.655487968,0.0064,0.0101,0.0119,0.0149,0.0168,0.0198,0.0216,0.0251,0.0279,0.0403
0.4199,0.4351,0.5321,0.0445,0.1295,0.0739,0.077,0.1028,0.1163,0.8051,0.8991,0.908,0.0606,0.0623,0.0981,0.137379,0.020786823,8.89e-05,0.060651622,-0.865679537,0.008,0.0116,0.0152,0.0177,0.0209,0.0238,0.0258,0.0301,0.0338,0.0427
0.35,0.4296,0.586,0.05,0.1326,0.0689,0.0701,0.0893,0.103,0.8411,0.8795,0.9051,0.0765,0.0797,0.0864,0.210461,0.026117886,0.000122003,0.115885676,-0.636950647,0.0113,0.0159,0.02,0.0226,0.0256,0.0291,0.0323,0.0358,0.0411,0.0524
0.4074,0.4476,0.6066,0.0441,0.1431,0.0549,0.0857,0.0965,0.1237,0.8698,0.869,0.8846,0.0683,0.0775,0.0892,0.139242,0.020587061,8.82e-05,0.141581628,-0.70671024,0.008,0.0119,0.0155,0.0172,0.02,0.023,0.026,0.0291,0.033,0.0442
0.412,0.4894,0.5017,0.048,0.1459,0.0652,0.0833,0.1005,0.1147,0.9729,0.8429,0.8223,0.0737,0.0834,0.0896,0.090302,0.016469918,5.62e-05,0.112312649,-0.870593588,0.006,0.0104,0.0119,0.0146,0.016,0.0191,0.0211,0.0235,0.0262,0.0354
0.3583,0.4403,0.5758,0.0384,0.1129,0.0641,0.0662,0.07,0.1014,0.8205,0.8008,0.9018,0.0644,0.0723,0.0805,0.196393,0.021483945,8.19e-05,-0.076882675,-0.837586541,0.0094,0.0122,0.0157,0.0202,0.0215,0.0244,0.0265,0.0301,0.0334,0.0424
0.4024,0.4486,0.7836,0.0405,0.1237,0.0664,0.0763,0.0978,0.1098,0.9703,0.801,0.9327,0.059,0.0645,0.0753,0.137286,0.020525648,5.92e-05,-0.057934781,-0.662339945,0.01,0.0137,0.0153,0.0188,0.0212,0.0228,0.0249,0.027,0.031,0.0394
0.3769,0.4011,0.6291,0.0493,0.1115,0.0631,0.0803,0.089,0.0906,0.8906,0.9245,0.9065,0.0659,0.0774,0.0946,0.215259,0.026990797,0.000108653,-0.093773804,-0.714929712,0.0116,0.0164,0.0217,0.0241,0.0267,0.0307,0.0335,0.0362,0.0405,0.0495
0.3812,0.4024,0.9201,0.0401,0.1272,0.058,0.073,0.0961,0.1122,0.8855,0.9409,0.8841,0.0506,0.0842,0.0997,0.207594,0.031693157,0.000108641,-0.406981911,-0.1357861,0.0173,0.0236,0.0263,0.0302,0.033,0.0353,0.0371,0.0405,0.0447,0.0539
0.3607,0.45,0.826,0.0382,0.1284,0.0653,0.0767,0.0891,0.1138,0.886,0.923,0.8788,0.0505,0.0667,0.0991,0.182373,0.027737832,9.38e-05,-0.067381507,-0.388342894,0.0157,0.0204,0.0222,0.0259,0.0273,0.0306,0.0331,0.0366,0.041,0.055
0.3977,0.486,0.5371,0.0393,0.112,0.0504,0.0638,0.0767,0.0977,0.8743,0.9346,0.8102,0.0601,0.0677,0.0772,0.111535,0.014871341,4.4e-05,0.095132299,-0.878929655,0.0058,0.0095,0.011,0.0125,0.0156,0.0164,0.0194,0.0206,0.0241,0.0335
0.3839,0.4152,0.6727,0.0481,0.139,0.059,0.0969,0.1156,0.1267,0.8016,0.8628,0.8052,0.0687,0.071,0.0736,0.187184,0.0257841,0.000103019,0.035496952,-0.671377009,0.0113,0.0157,0.0209,0.0227,0.0255,0.0287,0.0319,0.035,0.0392,0.0495
0.4101,0.4484,0.5867,0.0403,0.1449,0.0525,0.0884,0.1066,0.1104,0.906,0.9337,0.9823,0.0504,0.0727,0.0773,0.128758,0.017947295,6.63e-05,0.120929315,-0.779318516,0.0064,0.0101,0.0125,0.0148,0.0175,0.0208,0.0223,0.0256,0.0287,0.0391
0.3892,0.4815,0.7745,0.0453,0.1356,0.058,0.0689,0.1071,0.1188,0.8425,0.835,0.9624,0.0597,0.0742,0.0904,0.119433,0.018613461,6.13e-05,0.006622119,-0.828707343,0.0082,0.011,0.0151,0.0163,0.02,0.021,0.0232,0.0262,0.0292,0.0381
0.3877,0.43,0.7126,0.0453,0.1419,0.0718,0.0886,0.0964,0.1285,0.9066,0.8291,0.8994,0.0524,0.0748,0.0944,0.170429,0.026165498,0.000108355,0.062602521,-0.670218205,0.0118,0.0165,0.0206,0.0233,0.026,0.0293,0.0327,0.0358,0.0404,0.0541
0.3964,0.4973,0.6984,0.0494,0.1309,0.0584,0.0823,0.0919,0.119,0.8813,0.9113,0.9565,0.0687,0.0917,0.0964,0.100884,0.018285795,7.48e-05,0.259027484,-0.505039587,0.0066,0.011,0.0129,0.0147,0.018,0.0205,0.0228,0.0258,0.03,0.0453
0.3796,0.4759,0.7037,0.0439,0.1403,0.0552,0.0915,0.0996,0.1262,0.8556,0.8058,0.8621,0.0645,0.0739,0.0769,0.135002,0.022701096,0.000138544,0.784330301,0.866595445,0.0086,0.0131,0.0156,0.0201,0.0219,0.0241,0.0273,0.0322,0.0376,0.065
0.3885,0.4557,0.5346,0.0433,0.1372,0.0598,0.0766,0.094,0.1263,0.9942,0.9357,0.8765,0.0672,0.0727,0.0823,0.148006,0.020597041,8.46e-05,0.022207211,-0.831724635,0.008,0.0118,0.0154,0.0176,0.0214,0.0245,0.0261,0.0293,0.0324,0.0439
0.3763,0.4872,0.8083,0.0428,0.1159,0.0523,0.0652,0.089,0.1019,0.987,0.9947,0.9948,0.053,0.0795,0.0807,0.127236,0.020706151,7.69e-05,0.213161288,-0.614332705,0.0101,0.0123,0.0156,0.0177,0.021,0.0223,0.0256,0.0286,0.033,0.0436
0.3661,0.485,0.5455,0.0377,0.1351,0.0507,0.0813,0.1082,0.1115,0.8431,0.9592,0.9067,0.0601,0.0606,0.0981,0.135487,0.018932577,8.07e-05,0.353818261,-0.144586104,0.0068,0.0106,0.0142,0.0158,0.0188,0.0207,0.0235,0.0266,0.0309,0.0502
0.3526,0.4198,0.5842,0.0414,0.1281,0.0586,0.0799,0.0933,0.1157,0.8661,0.8402,0.9669,0.057,0.0846,0.0873,0.218334,0.0246331,0.000103279,0.00168864,-0.692252769,0.0106,0.0149,0.0193,0.0222,0.0247,0.0271,0.0308,0.034,0.0381,0.0495
0.3715,0.4393,0.6107,0.0461,0.1175,0.0589,0.0727,0.0938,0.0991,0.9513,0.8866,0.8116,0.0524,0.0882,0.0958,0.184717,0.021519244,7.78e-05,-0.144116098,-0.852147864,0.0095,0.0131,0.016,0.0199,0.0217,0.0254,0.027,0.03,0.033,0.0409
0.3919,0.4293,0.9439,0.0429,0.1157,0.053,0.0663,0.0823,0.0988,0.8754,0.9039,0.8106,0.0502,0.0514,0.0695,0.174177,0.026264545,8.19e-05,-0.386511973,-0.277497883,0.0134,0.0197,0.0213,0.0243,0.0262,0.0297,0.0317,0.0342,0.0372,0.0461
0.4048,0.4182,0.6483,0.0436,0.1282,0.0652,0.0832,0.0843,0.1038,0.9208,0.8282,0.9673,0.0542,0.0652,0.0954,0.172507,0.021300708,7.75e-05,0.024502915,-0.735403322,0.01,0.0124,0.0158,0.0193,0.0213,0.0241,0.0259,0.0296,0.0331,0.0427
0.3876,0.4529,0.6673,0.0469,0.1284,0.0572,0.0661,0.0988,0.1019,0.934,0.9729,0.8014,0.0561,0.0856,0.0888,0.153313,0.019594217,7.05e-05,-0.002264212,-0.805627353,0.0087,0.0114,0.0146,0.0163,0.0201,0.0214,0.0256,0.0276,0.0309,0.0412
0.38,0.4319,0.5131,0.0497,0.1105,0.0584,0.0741,0.0935,0.0987,0.9731,0.8813,0.8661,0.0518,0.0545,0.0791,0.180996,0.020679578,8.13e-05,-0.030869566,-0.876699096,0.0087,0.0116,0.0151,0.0188,0.0208,0.0234,0.0265,0.0291,0.0326,0.0415
0.373,0.4239,0.6285,0.0455,0.1345,0.0601,0.0845,0.0923,0.1106,0.9373,0.9739,0.8078,0.0682,0.0735,0.0827,0.197547,0.02393972,9.74e-05,0.053262995,-0.631603011,0.0106,0.0149,0.0184,0.0206,0.0239,0.0265,0.0302,0.0326,0.0367,0.0502
0.3971,0.4503,0.614,0.0482,0.1454,0.0669,0.0738,0.1026,0.1352,0.9756,0.9707,0.9276,0.0702,0.0728,0.0974,0.134665,0.021704768,0.000100938,0.142990294,-0.745255545,0.0091,0.0123,0.0146,0.0192,0.0213,0.0243,0.0268,0.0308,0.0354,0.0453
0.411,0.4969,0.7361,0.0409,0.1109,0.0477,0.0743,0.0899,0.1023,0.9931,0.9259,0.9575,0.0826,0.0906,0.0987,0.08424,0.014671609,4.61e-05,0.204411833,-0.809250014,0.0058,0.0077,0.0107,0.0118,0.0151,0.016,0.0188,0.0211,0.0247,0.0328
0.4101,0.4343,0.5327,0.0408,0.1267,0.0577,0.0638,0.0816,0.1118,0.9369,0.9337,0.8847,0.0501,0.0651,0.0726,0.144032,0.01874255,7.27e-05,0.066860758,-0.883823324,0.0065,0.0104,0.0137,0.0153,0.0193,0.0215,0.0242,0.0262,0.0308,0.0394
0.3937,0.4256,0.6697,0.0454,0.147,0.0749,0.0962,0.1058,0.1306,0.8624,0.8891,0.9081,0.0532,0.068,0.094,0.173217,0.026999408,0.0001226,0.03686414,-0.722628801,0.0116,0.0162,0.0204,0.0242,0.0264,0.0301,0.0335,0.0369,0.0418,0.0522
0.4119,0.4812,0.8759,0.0422,0.1224,0.0547,0.0651,0.1017,0.1022,0.8802,0.9647,0.9716,0.0547,0.0596,0.0634,0.097391,0.018465468,5.05e-05,-0.009103271,-0.727030877,0.0102,0.0119,0.0146,0.0159,0.0189,0.0209,0.0223,0.0254,0.0276,0.0354
0.3618,0.4114,0.7471,0.0457,0.1117,0.0658,0.0734,0.0841,0.1033,0.9843,0.8384,0.8632,0.0516,0.0633,0.097,0.219553,0.026760823,8.41e-05,-0.206990535,-0.655798285,0.0138,0.0192,0.021,0.0247,0.0268,0.0302,0.0326,0.0352,0.039,0.0458
0.414,0.4391,0.5151,0.0458,0.1336,0.0611,0.0804,0.1056,0.1215,0.8199,0.8684,0.9405,0.0538,0.0755,0.0912,0.140022,0.019336114,7.58e-05,0.042747744,-0.873231379,0.0066,0.0106,0.014,0.016,0.0204,0.0217,0.0248,0.0268,0.0312,0.0391
0.4155,0.412,0.5699,0.0419,0.111,0.055,0.0771,0.0857,0.0924,0.8816,0.8302,0.9583,0.0544,0.0601,0.0955,0.166636,0.017979253,6.03e-05,-0.023914429,-0.906399027,0.0063,0.0112,0.014,0.0153,0.0181,0.0208,0.0223,0.0253,0.028,0.035
0.3719,0.4479,0.5881,0.0408,0.1211,0.0572,0.075,0.0858,0.1077,0.8669,0.8595,0.8052,0.0527,0.0604,0.0699,0.17255,0.021642981,9.65e-05,0.12164272,-0.786457754,0.0093,0.011,0.0149,0.0195,0.0211,0.0242,0.0267,0.0312,0.0353,0.0464
0.4146,0.4665,0.6415,0.0478,0.1389,0.059,0.0931,0.1042,0.1129,0.9887,0.8188,0.9053,0.0605,0.0625,0.0766,0.108098,0.016978662,6.1e-05,0.09790906,-0.951626038,0.0061,0.0104,0.0119,0.0146,0.0162,0.0203,0.0213,0.0249,0.0271,0.035
0.3746,0.4266,0.7658,0.0425,0.1451,0.0691,0.1011,0.1068,0.1193,0.8222,0.9644,0.8175,0.0605,0.0682,0.0935,0.192219,0.027535151,8.99e-05,-0.150213683,-0.569396668,0.0147,0.0189,0.0217,0.025,0.0274,0.031,0.0337,0.0361,0.0396,0.0497
0.3858,0.4078,0.7235,0.0422,0.1281,0.0685,0.0766,0.0885,0.0981,0.9777,0.8142,0.9552,0.0567,0.0589,0.0748,0.199845,0.025391793,9.01e-05,0.044251199,-0.63917669,0.0118,0.0162,0.0206,0.022,0.0252,0.0276,0.0309,0.0349,0.0382,0.0474
0.378,0.4109,0.5367,0.0387,0.1344,0.0509,0.0737,0.097,0.1203,0.984,0.9472,0.9109,0.0924,0.0931,0.0933,0.203839,0.022689347,0.000100695,0.084694186,-0.653510848,0.01,0.0135,0.0163,0.0198,0.0226,0.0252,0.0285,0.0318,0.0363,0.051
0.3816,0.4084,0.6504,0.048,0.1338,0.0633,0.0818,0.1023,0.1201,0.8336,0.899,0.8578,0.0591,0.0611,0.0874,0.205857,0.026136736,9.9e-05,-0.042275447,-0.641285691,0.0119,0.0167,0.0208,0.0241,0.0261,0.0296,0.0324,0.0353,0.0393,0.0539
0.4043,0.4336,0.6336,0.0392,0.1355,0.0518,0.0662,0.1025,0.1101,0.8345,0.8398,0.9336,0.0747,0.0906,0.0952,0.149964,0.017768591,6.26e-05,0.050361984,-0.908290468,0.0063,0.0111,0.0124,0.0152,0.0174,0.0207,0.0223,0.0256,0.0281,0.0354
0.3793,0.4544,0.7548,0.0397,0.1326,0.0656,0.0817,0.0932,0.1175,0.8246,0.9405,0.9263,0.0554,0.0833,0.095,0.155858,0.023895413,9.3e-05,0.159836796,-0.499870904,0.011,0.0152,0.0184,0.0208,0.0237,0.0257,0.029,0.0322,0.0369,0.051
0.3795,0.4015,0.7305,0.0396,0.1453,0.063,0.0752,0.0949,0.1359,0.9511,0.8256,0.9551,0.0621,0.0667,0.0758,0.210764,0.026663679,9.05e-05,0.015784237,-0.55988606,0.0145,0.0181,0.0206,0.0238,0.0263,0.0297,0.0323,0.0353,0.0396,0.05
0.3574,0.4639,0.7608,0.0399,0.1482,0.0556,0.0808,0.1142,0.1315,0.9624,0.8478,0.8901,0.0708,0.0751,0.0861,0.165629,0.02412306,8.76e-05,0.011510708,-0.682550045,0.0107,0.015,0.0198,0.0213,0.0245,0.0262,0.0298,0.0322,0.0365,0.0472
0.3637,0.4732,0.8026,0.0469,0.114,0.059,0.0711,0.078,0.0953,0.8354,0.9346,0.942,0.0555,0.0585,0.0673,0.157669,0.023151942,7.65e-05,0.030750885,-0.574114758,0.0105,0.0145,0.0181,0.0207,0.0232,0.0252,0.0277,0.0314,0.0347,0.0464
0.357,0.4837,0.7465,0.0424,0.1116,0.0548,0.0683,0.075,0.0987,0.9565,0.8875,0.8208,0.0637,0.0749,0.0878,0.151235,0.019488675,6.34e-05,0.028872972,-0.735393487,0.009,0.0113,0.0144,0.0164,0.0205,0.0217,0.0245,0.0265,0.0302,0.0391
0.3601,0.4289,0.6233,0.0438,0.1237,0.0479,0.0668,0.0952,0.1033,0.9626,0.8911,0.9704,0.0777,0.0861,0.095,0.201491,0.023041997,9.84e-05,0.152376564,-0.538461467,0.0102,0.0143,0.0165,0.0212,0.0228,0.0254,0.028,0.0318,0.036,0.0495
0.3752,0.4818,0.5963,0.0467,0.1419,0.0675,0.0786,0.1048,0.1248,0.8189,0.8023,0.8431,0.0575,0.0609,0.0754,0.1381,0.023045867,0.000116344,0.159590939,-0.686242847,0.0098,0.012,0.0162,0.0198,0.0227,0.0253,0.0294,0.0326,0.0372,0.051
0.3736,0.4883,0.8322,0.0372,0.1332,0.0545,0.0841,0.1037,0.1143,0.8951,0.8988,0.8087,0.0667,0.0887,0.0984,0.123005,0.023038482,0.000101561,0.371907112,-0.335073372,0.0105,0.0144,0.0163,0.0196,0.0218,0.0251,0.0275,0.0316,0.0365,0.0502
0.3729,0.4482,0.5826,0.0376,0.1489,0.0572,0.087,0.1063,0.1319,0.8167,0.8146,0.8484,0.0594,0.0881,0.0954,0.161123,0.022064039,0.000104554,0.343858866,-0.084453835,0.0082,0.0122,0.0152,0.02,0.0221,0.0247,0.0274,0.031,0.0352,0.0561
0.3723,0.4992,0.5091,0.0473,0.145,0.0682,0.0856,0.1111,0.131,0.9653,0.8097,0.9749,0.052,0.0615,0.0708,0.111489,0.019305781,7.68e-05,0.094853617,-0.802518199,0.0066,0.0108,0.0142,0.0162,0.0196,0.0214,0.0249,0.0269,0.0317,0.0403
0.3997,0.4577,0.7204,0.0414,0.111,0.0537,0.0721,0.0857,0.0903,0.8052,0.8413,0.8487,0.0532,0.0585,0.0742,0.139025,0.018686994,6.32e-05,0.024580584,-0.792627062,0.0079,0.011,0.0142,0.0159,0.0193,0.0207,0.0244,0.0259,0.0294,0.0403
0.3669,0.4551,0.7382,0.0418,0.1264,0.0665,0.0771,0.0874,0.1108,0.8969,0.8793,0.959,0.0697,0.0751,0.09,0.172363,0.025086444,0.000100649,0.069245413,-0.723132406,0.0111,0.0153,0.0201,0.0222,0.0248,0.0271,0.031,0.0344,0.039,0.0495
0.3924,0.4589,0.518,0.0374,0.1114,0.06,0.0703,0.08,0.1051,0.9436,0.9441,0.8647,0.071,0.0807,0.084,0.139556,0.019012899,7.26e-05,0.054467045,-0.807263261,0.0066,0.0107,0.0142,0.0161,0.0195,0.0212,0.0248,0.0263,0.0307,0.0403
0.3741,0.4498,0.7748,0.0405,0.1494,0.0813,0.0816,0.1095,0.1137,0.9729,0.8719,0.8036,0.0591,0.0627,0.0786,0.162612,0.026192166,9.4e-05,-0.051157727,-0.74300104,0.0135,0.0171,0.0209,0.0242,0.0262,0.029,0.032,0.0356,0.0395,0.0482
0.3726,0.4953,0.8527,0.0482,0.1266,0.0688,0.0764,0.0985,0.1124,0.9443,0.9814,0.8609,0.0571,0.0747,0.0842,0.123064,0.023460171,7.49e-05,-0.00562211,-0.620666104,0.012,0.016,0.0191,0.0208,0.023,0.026,0.028,0.0312,0.0358,0.045
0.4124,0.4097,0.7023,0.0493,0.1289,0.0657,0.0675,0.1112,0.1117,0.8747,0.9399,0.8482,0.0573,0.0575,0.0704,0.167976,0.022812173,7.86e-05,-0.029390841,-0.763693803,0.011,0.0149,0.017,0.0208,0.0225,0.025,0.0273,0.0311,0.0355,0.0424
0.3649,0.4167,0.5645,0.049,0.1428,0.0715,0.0988,0.1143,0.1222,0.9812,0.8583,0.8203,0.067,0.0797,0.0971,0.208631,0.026561193,0.000122519,0.03353594,-0.672826802,0.0112,0.0152,0.0208,0.0233,0.0265,0.03,0.0329,0.0365,0.041,0.0559
0.3794,0.4885,0.6577,0.0401,0.12,0.0512,0.0656,0.0799,0.1116,0.898,0.9406,0.8137,0.051,0.0789,0.0921,0.125299,0.016997224,6.34e-05,0.18794102,-0.807509838,0.0061,0.0103,0.0112,0.0151,0.0162,0.0199,0.0216,0.0249,0.0277,0.0374
0.4194,0.4676,0.894,0.0391,0.1136,0.0573,0.0575,0.084,0.1055,0.9134,0.8798,0.9328,0.0565,0.0574,0.0892,0.104976,0.019507,5.26e-05,-0.063588492,-0.726746101,0.0108,0.0124,0.0152,0.017,0.0203,0.0215,0.0248,0.026,0.0292,0.0354
0.38,0.4669,0.9104,0.0404,0.1404,0.0521,0.0661,0.0941,0.1107,0.8075,0.9866,0.8836,0.066,0.0717,0.0971,0.144233,0.022622381,6.19e-05,-0.222767131,-0.42847745,0.0115,0.0155,0.0193,0.0207,0.0229,0.0254,0.0269,0.0303,0.0329,0.0406
0.3994,0.4234,0.9024,0.0416,0.1306,0.0679,0.0745,0.0997,0.1083,0.8913,0.8186,0.8654,0.0503,0.0688,0.0957,0.169222,0.029306191,9.13e-05,-0.42444599,-0.250623586,0.0157,0.0217,0.0254,0.0268,0.0304,0.0329,0.0352,0.0378,0.0411,0.0492
0.3646,0.4456,0.7957,0.0487,0.1427,0.0666,0.0913,0.1025,0.1277,0.9706,0.9654,0.927,0.0613,0.0861,0.0888,0.176307,0.031924153,0.00015425,0.129446453,-0.571594763,0.0154,0.0207,0.024,0.0277,0.0319,0.035,0.0394,0.0429,0.0479,0.0622
0.3935,0.4092,0.7305,0.0452,0.1246,0.0659,0.0749,0.0849,0.1059,0.8585,0.8042,0.8009,0.0512,0.0839,0.0945,0.188134,0.024097127,7.09e-05,-0.155982772,-0.652628801,0.0125,0.0163,0.0196,0.0217,0.0254,0.0265,0.0293,0.0318,0.0357,0.045
0.4057,0.4929,0.8203,0.0367,0.1221,0.0541,0.0767,0.0797,0.0993,0.9599,0.8842,0.8813,0.0612,0.076,0.0949,0.094638,0.015825905,4.59e-05,0.086043079,-0.821217998,0.0061,0.0102,0.0115,0.0151,0.0159,0.0177,0.02,0.0217,0.0256,0.0335
0.4098,0.4895,0.7043,0.049,0.1102,0.0581,0.0758,0.0798,0.1041,0.8631,0.8952,0.9631,0.054,0.0844,0.0909,0.096,0.015967344,5.07e-05,0.046007853,-0.941059159,0.0059,0.0099,0.0115,0.0151,0.016,0.0185,0.0202,0.0224,0.0259,0.0335
0.368,0.4526,0.6199,0.0414,0.1327,0.0546,0.0854,0.0907,0.1166,0.9848,0.9352,0.9215,0.062,0.0891,0.0988,0.172457,0.022732254,0.000100265,0.070519799,-0.694007254,0.0099,0.0139,0.016,0.021,0.0227,0.0254,0.0282,0.032,0.036,0.0495
0.3738,0.4072,0.7269,0.0477,0.1288,0.0672,0.0788,0.092,0.1171,0.9744,0.9384,0.8735,0.058,0.0858,0.0986,0.207016,0.027635769,9.72e-05,-0.010602722,-0.462771445,0.0136,0.0195,0.0222,0.0252,0.0274,0.0307,0.0332,0.0361,0.0406,0.0559
0.3943,0.4748,0.6147,0.0497,0.1245,0.0631,0.081,0.0864,0.1083,0.995,0.8882,0.996,0.0558,0.0864,0.0993,0.120874,0.01917777,7.54e-05,0.059138621,-0.847444794,0.0066,0.0108,0.0143,0.0162,0.0199,0.0216,0.0252,0.0271,0.0311,0.0409
0.4104,0.4872,0.8646,0.0424,0.1113,0.056,0.0615,0.0785,0.0943,0.882,0.998,0.8419,0.0542,0.0592,0.0691,0.096794,0.015758336,3.74e-05,-0.050086823,-0.808073328,0.0062,0.0105,0.0111,0.0152,0.0159,0.0172,0.0203,0.021,0.025,0.03
0.3759,0.4116,0.7218,0.0384,0.1469,0.0637,0.0892,0.1088,0.1311,0.9436,0.8274,0.9389,0.0696,0.0745,0.0747,0.206688,0.028418211,0.000113005,0.060920438,-0.613344666,0.0152,0.0197,0.0216,0.0256,0.0283,0.0317,0.0346,0.038,0.0428,0.0534
0.3756,0.4253,0.6165,0.0398,0.1436,0.0614,0.0769,0.1022,0.131,0.8887,0.8273,0.8353,0.055,0.08,0.0955,0.180696,0.023972293,0.000112599,0.069179314,-0.793644948,0.0101,0.0142,0.0167,0.0213,0.025,0.0265,0.0303,0.0338,0.0384,0.049
0.3722,0.4516,0.7914,0.0361,0.1349,0.0472,0.0648,0.087,0.1037,0.9625,0.952,0.8173,0.0781,0.0816,0.0921,0.168592,0.020949871,6.15e-05,0.006737432,-0.613400004,0.0105,0.0142,0.016,0.0195,0.0209,0.0233,0.0256,0.028,0.0315,0.0406
0.3975,0.4765,0.8666,0.0459,0.1119,0.0611,0.0833,0.0884,0.1041,0.9223,0.8947,0.93,0.0799,0.0919,0.0975,0.116812,0.022738681,7.1e-05,-0.055208631,-0.689401539,0.0111,0.0149,0.0179,0.0206,0.0223,0.0252,0.0278,0.0309,0.0342,0.0415
0.3748,0.4088,0.6229,0.0446,0.1215,0.0593,0.0776,0.0915,0.0943,0.9404,0.9403,0.9304,0.0653,0.0771,0.0841,0.203813,0.025373424,0.000111411,0.070168844,-0.708600702,0.011,0.0154,0.0193,0.0221,0.0249,0.0278,0.0315,0.0357,0.0398,0.051
0.4185,0.4737,0.7956,0.045,0.1217,0.0615,0.0743,0.0829,0.1034,0.9492,0.8036,0.979,0.0543,0.0559,0.0684,0.100595,0.016421735,4.91e-05,0.065524336,-0.868924598,0.0062,0.0103,0.0116,0.015,0.0158,0.0186,0.0209,0.0227,0.0257,0.0328
0.404,0.4673,0.9478,0.0469,0.112,0.0603,0.0698,0.0892,0.0907,0.9684,0.8733,0.815,0.0549,0.0929,0.095,0.122295,0.024134937,7.01e-05,-0.401259204,-0.400172409,0.0117,0.0166,0.0201,0.0222,0.0251,0.0265,0.0297,0.0319,0.0348,0.0403
0.3722,0.4745,0.7836,0.0448,0.1148,0.0568,0.0731,0.0862,0.1035,0.9534,0.9832,0.8949,0.0519,0.0523,0.0941,0.145022,0.021916712,7.74e-05,0.020933202,-0.743086976,0.0106,0.0145,0.016,0.0203,0.0216,0.0244,0.0265,0.0301,0.0341,0.0424
0.3581,0.4369,0.5789,0.043,0.1484,0.0711,0.0899,0.1091,0.138,0.9574,0.9836,0.8627,0.0541,0.0721,0.0779,0.191807,0.026925178,0.000147344,0.183398063,-0.67293034,0.0107,0.0147,0.0205,0.0228,0.0264,0.0299,0.0335,0.0376,0.0437,0.0559
0.411,0.496,0.8183,0.0357,0.1151,0.0635,0.0667,0.0744,0.0919,0.9776,0.8385,0.9463,0.0653,0.0732,0.0918,0.085266,0.015230918,4.48e-05,0.072267859,-0.950006024,0.0059,0.0095,0.0108,0.0125,0.0153,0.0169,0.0203,0.0216,0.0245,0.032
0.3575,0.4727,0.9275,0.0439,0.15,0.0683,0.091,0.1098,0.1303,0.8401,0.8093,0.824,0.0586,0.0897,0.0999,0.151018,0.034217017,0.000146963,-0.190447217,-0.392008028,0.0197,0.0238,0.0275,0.0308,0.0345,0.0375,0.0416,0.045,0.0499,0.0628
0.3538,0.4874,0.6222,0.0486,0.1495,0.0677,0.0781,0.1214,0.1375,0.9213,0.9732,0.8689,0.0862,0.0933,0.0969,0.150772,0.02487344,0.000139418,0.242053612,-0.536427675,0.009,0.0132,0.0177,0.0216,0.0239,0.0275,0.032,0.0355,0.0399,0.0566
0.3993,0.4977,0.6111,0.0499,0.1178,0.0532,0.0754,0.1016,0.103,0.8283,0.8142,0.9732,0.05,0.0557,0.0999,0.097673,0.015547032,5.01e-05,0.06504399,-0.989188176,0.0059,0.0096,0.0112,0.0142,0.0158,0.0177,0.02,0.0219,0.0257,0.0335
0.3993,0.43,0.6144,0.0364,0.1129,0.0529,0.0649,0.0779,0.1032,0.8636,0.9452,0.8128,0.0553,0.0754,0.0978,0.166386,0.01750038,5.64e-05,-0.019816637,-0.894734419,0.0063,0.0112,0.0124,0.0152,0.0173,0.0205,0.0217,0.0252,0.0273,0.0354
0.3696,0.4371,0.8096,0.0478,0.1212,0.066,0.0701,0.0877,0.1033,0.8322,0.8929,0.8099,0.0545,0.0721,0.0934,0.18701,0.027203319,8.48e-05,-0.204561382,-0.537450278,0.0146,0.0198,0.022,0.0254,0.0274,0.0299,0.0326,0.036,0.0393,0.0482
0.3654,0.4192,0.7488,0.0457,0.1441,0.0536,0.0724,0.0826,0.132,0.9799,0.8683,0.9276,0.0882,0.0922,0.0991,0.211888,0.02705935,0.000101415,0.051755241,-0.606372171,0.0144,0.0181,0.021,0.024,0.0265,0.0298,0.0323,0.0361,0.0412,0.0512
0.4027,0.454,0.6225,0.0366,0.1347,0.0676,0.0699,0.0941,0.1095,0.8071,0.8451,0.9218,0.0767,0.0798,0.091,0.137593,0.018797912,7.45e-05,0.142530127,-0.783929304,0.0065,0.0104,0.0137,0.0154,0.019,0.0214,0.0241,0.0261,0.0309,0.0394
0.4005,0.454,0.6848,0.046,0.1187,0.0567,0.0657,0.0915,0.1111,0.8727,0.9202,0.9956,0.0534,0.0602,0.099,0.133974,0.017606976,5.81e-05,0.00426469,-0.899843443,0.0063,0.0111,0.0123,0.0151,0.0172,0.0206,0.0217,0.0251,0.0273,0.035
0.3536,0.4337,0.727,0.0448,0.1495,0.0763,0.0894,0.1023,0.1264,0.8784,0.9969,0.8952,0.0507,0.0628,0.0681,0.19933,0.030132548,0.000134004,0.020698747,-0.710933447,0.0143,0.0195,0.0238,0.0263,0.0306,0.033,0.0368,0.041,0.0461,0.0604
0.3893,0.4312,0.8295,0.0448,0.1486,0.0653,0.09,0.1072,0.1421,0.93,0.8869,0.8403,0.0604,0.0885,0.0893,0.159676,0.027553866,9.89e-05,0.021317805,-0.427037417,0.015,0.0194,0.0214,0.0248,0.0271,0.0301,0.0331,0.0363,0.0405,0.0522
0.3958,0.4358,0.937,0.0358,0.1439,0.056,0.0868,0.1143,0.115,0.8099,0.8395,0.9036,0.0526,0.0614,0.0921,0.160203,0.028452227,9.92e-05,-0.299011115,-0.273327812,0.0153,0.0204,0.0243,0.0264,0.0294,0.032,0.0345,0.037,0.0407,0.0532
0.4117,0.4335,0.8982,0.0455,0.1324,0.0625,0.0849,0.097,0.1132,0.8991,0.8347,0.8289,0.0833,0.0947,0.0999,0.144142,0.026489594,8.71e-05,-0.232804946,-0.485409336,0.014,0.0194,0.0212,0.0245,0.0262,0.0299,0.0319,0.0354,0.0382,0.0472
0.3573,0.4484,0.5891,0.0397,0.124,0.0584,0.071,0.0929,0.1062,0.8836,0.9183,0.9649,0.052,0.0565,0.0932,0.184308,0.023221805,0.0001161,0.248809409,-0.432196052,0.0104,0.0124,0.0168,0.0208,0.0225,0.0263,0.0289,0.0322,0.0372,0.055
0.3583,0.4446,0.5638,0.0486,0.1341,0.063,0.0675,0.0936,0.1086,0.8133,0.8559,0.8043,0.0666,0.0741,0.0899,0.188093,0.02400982,0.000115475,0.119166602,-0.643091837,0.0104,0.0147,0.0168,0.0207,0.0242,0.0264,0.03,0.0337,0.0382,0.0522
0.3639,0.4577,0.8594,0.048,0.139,0.0666,0.0936,0.0969,0.1187,0.8509,0.8505,0.9729,0.0584,0.0642,0.0742,0.163102,0.027629413,8.47e-05,-0.276468192,-0.426056104,0.015,0.0204,0.0221,0.0255,0.0282,0.0311,0.0339,0.0361,0.0389,0.0477
0.3662,0.4898,0.7377,0.0465,0.1112,0.0616,0.0638,0.0798,0.095,0.929,0.8003,0.966,0.0506,0.0584,0.0825,0.137411,0.019216816,6.85e-05,0.090649549,-0.673100693,0.0086,0.0111,0.0144,0.0163,0.0196,0.0213,0.0247,0.0263,0.0304,0.0403
0.3671,0.4371,0.712,0.0419,0.1289,0.0618,0.0765,0.0971,0.1105,0.9714,0.9154,0.923,0.0707,0.0735,0.078,0.188928,0.025248174,9.55e-05,0.150810435,-0.390150317,0.0119,0.0164,0.0204,0.0221,0.0256,0.0271,0.0308,0.0346,0.0378,0.0543
0.389,0.4887,0.9231,0.0389,0.1349,0.0511,0.081,0.1059,0.1158,0.8567,0.9618,0.8145,0.0704,0.0839,0.0892,0.115219,0.021859413,6.12e-05,-0.159404169,-0.472144961,0.011,0.015,0.0173,0.0202,0.0219,0.0249,0.0262,0.0291,0.032,0.0406
0.3972,0.4815,0.8803,0.0384,0.122,0.0624,0.0661,0.0791,0.0999,0.8301,0.9697,0.9897,0.0519,0.0864,0.0963,0.117714,0.020859464,5.98e-05,-0.07137813,-0.738968379,0.0106,0.0148,0.016,0.0197,0.021,0.0238,0.0255,0.0275,0.031,0.0374
0.3706,0.4375,0.8135,0.0485,0.1197,0.0657,0.0768,0.0974,0.1042,0.878,0.9283,0.8257,0.0819,0.0876,0.0893,0.187065,0.028402507,9.33e-05,-0.200344358,-0.53832413,0.0153,0.0197,0.023,0.0256,0.0288,0.0316,0.0346,0.0371,0.0413,0.0515
0.3761,0.4576,0.7891,0.0464,0.1261,0.0555,0.0873,0.0924,0.1117,0.8176,0.8588,0.9625,0.0787,0.0904,0.0916,0.156715,0.022330665,6.9e-05,-0.011821769,-0.661887097,0.0111,0.015,0.0169,0.0207,0.0218,0.0246,0.0264,0.0301,0.0335,0.0424
0.4022,0.4445,0.7029,0.0429,0.1442,0.0663,0.0837,0.1065,0.1082,0.9216,0.9646,0.9779,0.0585,0.0727,0.0806,0.148732,0.023127618,0.000102771,0.18972753,-0.670088144,0.01,0.0138,0.0166,0.0205,0.0222,0.0255,0.0285,0.0321,0.0365,0.0474
0.407,0.4277,0.5972,0.046,0.1288,0.0559,0.0934,0.1002,0.1158,0.8552,0.872,0.8325,0.0614,0.0642,0.066,0.151372,0.020576696,8.7e-05,0.146233031,-0.598569692,0.0072,0.0112,0.015,0.0176,0.0202,0.023,0.026,0.0296,0.0329,0.0502
0.402,0.4385,0.5671,0.0431,0.1131,0.0681,0.0689,0.0924,0.0935,0.9459,0.911,0.9539,0.0698,0.075,0.0951,0.153093,0.021087911,8.64e-05,-0.028873373,-0.90995522,0.0086,0.0116,0.0152,0.019,0.0208,0.0247,0.0262,0.0304,0.0337,0.0403
0.41,0.4359,0.8604,0.0355,0.13,0.058,0.0704,0.0826,0.1126,0.9987,0.9542,0.9651,0.0521,0.0837,0.0977,0.147716,0.022942788,6.42e-05,-0.140202268,-0.475741461,0.0119,0.0159,0.0194,0.0214,0.0234,0.0254,0.0273,0.0303,0.0335,0.0436
0.3546,0.4414,0.8043,0.0488,0.1274,0.0568,0.0901,0.1022,0.1046,0.8301,0.9501,0.8025,0.0521,0.0666,0.0917,0.196686,0.02734451,8.25e-05,-0.231893697,-0.484787641,0.0147,0.0202,0.0218,0.0251,0.0275,0.0306,0.0323,0.0358,0.0393,0.0472
0.3815,0.4187,0.8319,0.0447,0.1134,0.0555,0.0606,0.0909,0.1066,0.8097,0.8201,0.9216,0.0808,0.092,0.096,0.194052,0.024780275,6.77e-05,-0.293867422,-0.515342466,0.0143,0.0168,0.0206,0.0228,0.0254,0.027,0.0304,0.0321,0.0355,0.0418
0.405,0.4256,0.6633,0.0482,0.1482,0.072,0.0995,0.1168,0.1371,0.9708,0.8905,0.9395,0.0617,0.0902,0.0936,0.153198,0.02462793,0.00010618,0.043331791,-0.696209627,0.0106,0.0149,0.0186,0.021,0.0246,0.0271,0.031,0.0343,0.038,0.0497
0.3821,0.4835,0.684,0.0418,0.1386,0.0572,0.0763,0.0905,0.1259,0.8079,0.9914,0.8257,0.0545,0.0632,0.0698,0.128534,0.01717387,6.01e-05,0.088994015,-0.890731621,0.0062,0.0108,0.0121,0.0149,0.0166,0.0203,0.0215,0.0251,0.0274,0.0354
0.3591,0.4607,0.7037,0.0497,0.1102,0.0661,0.0758,0.076,0.1001,0.8352,0.9411,0.9111,0.0711,0.0862,0.0935,0.171263,0.023558479,9.58e-05,0.08101029,-0.689893167,0.0103,0.0145,0.0178,0.021,0.0245,0.0262,0.029,0.0325,0.0368,0.0482
0.3821,0.4353,0.6967,0.0447,0.1173,0.0683,0.0689,0.0806,0.0995,0.9744,0.8059,0.9575,0.0507,0.0593,0.0798,0.178847,0.022438973,7.52e-05,-0.0948809,-0.779403311,0.0107,0.0146,0.0169,0.0206,0.0224,0.0252,0.0269,0.0311,0.0345,0.0418
0.4157,0.4363,0.7545,0.0435,0.114,0.054,0.0664,0.0918,0.107,0.8738,0.8913,0.9552,0.0619,0.0776,0.0904,0.141008,0.019203436,6.02e-05,-0.05970632,-0.862978011,0.01,0.0111,0.0152,0.0163,0.0201,0.0216,0.0248,0.026,0.0295,0.0374
0.3815,0.4182,0.7617,0.0449,0.1147,0.0567,0.0806,0.0814,0.0975,0.9449,0.895,0.9928,0.0517,0.0601,0.0957,0.196304,0.025284923,8.66e-05,0.009423818,-0.569671627,0.0118,0.0166,0.0206,0.0226,0.0256,0.0277,0.0304,0.0335,0.0378,0.0482
0.3729,0.4629,0.8804,0.0442,0.1395,0.0592,0.0722,0.1013,0.1178,0.9198,0.8764,0.9283,0.0746,0.0751,0.0873,0.153964,0.028091877,0.000105749,0.115058648,-0.086190557,0.0147,0.0193,0.0224,0.0253,0.0279,0.031,0.0347,0.0369,0.0413,0.0589
0.419,0.4826,0.7914,0.0464,0.1446,0.0726,0.1034,0.1106,0.1232,0.8265,0.9643,0.9596,0.0923,0.0936,0.0954,0.08195,0.018916705,7.52e-05,0.160826449,-0.772748859,0.0066,0.0105,0.0137,0.0152,0.0194,0.0213,0.024,0.0265,0.031,0.0391
0.3827,0.4974,0.5631,0.0433,0.135,0.0563,0.0861,0.0967,0.1191,0.8793,0.9428,0.8228,0.064,0.0754,0.0763,0.11617,0.018226131,7.21e-05,0.200254628,-0.721633411,0.0065,0.0104,0.0127,0.0154,0.0179,0.0206,0.0227,0.026,0.0301,0.0409
0.3889,0.4028,0.7292,0.04,0.145,0.0519,0.0892,0.1028,0.1185,0.9673,0.8936,0.9367,0.0553,0.0801,0.0822,0.195263,0.025358419,0.000103432,0.409814123,-0.020364157,0.012,0.0165,0.0203,0.0219,0.0253,0.0267,0.0305,0.034,0.0388,0.0541
0.4183,0.4164,0.6547,0.0415,0.1355,0.0637,0.0797,0.1039,0.1205,0.9856,0.9471,0.9802,0.0519,0.0674,0.0952,0.156488,0.02212168,9.17e-05,0.073929468,-0.759594704,0.0102,0.013,0.0155,0.0197,0.0212,0.0249,0.0272,0.0314,0.0349,0.0458
0.371,0.4388,0.5938,0.0447,0.1373,0.0555,0.0941,0.0952,0.118,0.8333,0.8009,0.827,0.0706,0.0858,0.0898,0.180144,0.024961525,0.000139771,0.373572004,-0.305526595,0.0097,0.0137,0.0176,0.0205,0.0242,0.0274,0.0309,0.0347,0.0406,0.0574
0.4078,0.4271,0.564,0.0395,0.1484,0.0566,0.0909,0.1158,0.1392,0.9517,0.951,0.9468,0.0546,0.0604,0.0813,0.160286,0.022927434,0.000119091,0.264373605,-0.595585985,0.0098,0.0119,0.016,0.0195,0.0221,0.0249,0.0288,0.0324,0.0372,0.051
0.4065,0.4881,0.7998,0.0487,0.1188,0.0576,0.0799,0.0965,0.0976,0.8011,0.8591,0.804,0.0645,0.0925,0.0997,0.098957,0.018033603,6.04e-05,0.096356339,-0.613663043,0.0068,0.0109,0.0132,0.0156,0.0178,0.0208,0.0221,0.0248,0.0276,0.0424
0.3996,0.4793,0.5038,0.0391,0.1404,0.0727,0.091,0.1024,0.1244,0.8984,0.9632,0.9908,0.0608,0.0734,0.0992,0.108808,0.019905575,8.57e-05,0.157222549,-0.739264667,0.0068,0.0112,0.0148,0.0163,0.0204,0.0219,0.025,0.028,0.0325,0.0427
0.3754,0.4256,0.8341,0.0423,0.1143,0.0629,0.0796,0.0845,0.102,0.8135,0.8537,0.8075,0.0521,0.0525,0.092,0.191823,0.028655606,9.36e-05,-0.25024351,-0.465682191,0.0152,0.0211,0.0233,0.026,0.0296,0.032,0.0348,0.0373,0.041,0.0495
0.3949,0.4558,0.5696,0.0495,0.123,0.066,0.0935,0.0952,0.1068,0.995,0.9711,0.9176,0.0571,0.0722,0.0791,0.136621,0.021018883,8.87e-05,0.012827395,-0.903948569,0.0086,0.0116,0.0151,0.0188,0.021,0.0239,0.0265,0.0304,0.0344,0.0418
0.376,0.4666,0.6526,0.048,0.1116,0.0572,0.0718,0.0766,0.0976,0.9952,0.9173,0.9029,0.0675,0.08,0.0973,0.152708,0.019341664,7.23e-05,0.076523506,-0.738662172,0.0075,0.0114,0.0149,0.0163,0.0203,0.0217,0.0246,0.0268,0.0311,0.043
0.3762,0.452,0.5008,0.0461,0.1471,0.0732,0.0814,0.1121,0.1338,0.8533,0.9447,0.9559,0.055,0.0915,0.0943,0.160519,0.025162652,0.000131334,0.125535338,-0.651184457,0.0106,0.0153,0.0196,0.0216,0.0255,0.0281,0.0321,0.0355,0.0406,0.0541
0.3993,0.4036,0.8766,0.0432,0.1469,0.0707,0.079,0.1012,0.1333,0.9891,0.8794,0.9811,0.0544,0.055,0.0808,0.17893,0.031299,0.000118265,-0.219111753,-0.462023438,0.0168,0.0218,0.0257,0.0285,0.0314,0.0352,0.0372,0.0413,0.0459,0.0543
0.3808,0.4307,0.5354,0.039,0.1287,0.0608,0.0701,0.0863,0.1062,0.8969,0.9934,0.9742,0.0531,0.0532,0.0769,0.177413,0.020714409,8.38e-05,0.009398618,-0.833676934,0.0089,0.0119,0.0156,0.0181,0.0203,0.0244,0.0263,0.0295,0.0323,0.0442
0.4191,0.4746,0.7447,0.0454,0.1438,0.0692,0.0887,0.0991,0.1353,0.8618,0.8614,0.8377,0.0539,0.0656,0.0864,0.099429,0.019420713,8.09e-05,0.20921861,-0.76017134,0.0068,0.0109,0.0142,0.016,0.0196,0.0212,0.025,0.0276,0.0323,0.0406
0.3713,0.4749,0.5639,0.0418,0.1458,0.0567,0.0788,0.1023,0.1271,0.9688,0.9995,0.8801,0.0573,0.0658,0.0738,0.141894,0.020128325,8.26e-05,0.111675291,-0.67317209,0.0072,0.0116,0.0153,0.0166,0.021,0.0224,0.0256,0.0281,0.0317,0.0439
0.3892,0.4133,0.8874,0.0489,0.1272,0.0568,0.0738,0.0912,0.1147,0.8816,0.934,0.9166,0.076,0.0788,0.0857,0.18984,0.028973061,8.73e-05,-0.331329287,-0.140424588,0.016,0.0206,0.0243,0.0267,0.0299,0.032,0.0344,0.037,0.041,0.0515
0.4037,0.4094,0.7173,0.039,0.1252,0.0511,0.0767,0.0891,0.1105,0.9143,0.8511,0.9554,0.0694,0.0717,0.0964,0.177704,0.020990967,6.64e-05,0.066842057,-0.555087146,0.0106,0.0144,0.0159,0.0191,0.0211,0.0233,0.0253,0.0278,0.0318,0.0427
0.3842,0.4905,0.7945,0.0351,0.1405,0.0533,0.0747,0.1099,0.1262,0.84,0.9125,0.8464,0.0674,0.0955,0.0957,0.11478,0.018789237,7.23e-05,0.392474278,-0.052525002,0.007,0.0105,0.0137,0.0156,0.0196,0.0209,0.0232,0.0256,0.03,0.0472
0.409,0.4034,0.8458,0.047,0.1499,0.0613,0.0907,0.0948,0.1225,0.9754,0.9692,0.9915,0.0611,0.0645,0.0801,0.178187,0.02959961,0.000109544,0.012442428,-0.144717922,0.0153,0.0203,0.0246,0.0264,0.0302,0.0322,0.0349,0.0384,0.0426,0.0602
0.3758,0.4692,0.8922,0.0448,0.1451,0.0664,0.0667,0.1074,0.1235,0.9787,0.9548,0.8543,0.0596,0.0704,0.0792,0.146857,0.02744854,9.26e-05,-0.124506853,-0.363514889,0.0151,0.0195,0.0214,0.0248,0.0273,0.0301,0.033,0.0355,0.0404,0.052
0.3815,0.4581,0.5942,0.0397,0.1448,0.0744,0.0911,0.0953,0.1269,0.9606,0.9945,0.9553,0.0735,0.0771,0.0917,0.153629,0.025176598,0.000130406,0.088708439,-0.681957267,0.0107,0.0154,0.0198,0.0219,0.0259,0.0277,0.0315,0.0362,0.0409,0.055
0.3567,0.4668,0.9063,0.0399,0.1467,0.0564,0.0651,0.0921,0.1153,0.9491,0.811,0.8458,0.0616,0.0832,0.0843,0.1638,0.025998232,8.2e-05,-0.247987794,-0.481281699,0.0152,0.0185,0.0209,0.0251,0.0262,0.0288,0.0314,0.0353,0.037,0.045
0.4124,0.4717,0.6773,0.0471,0.1373,0.0664,0.0771,0.0991,0.1273,0.8394,0.9118,0.8016,0.0524,0.0603,0.0764,0.108352,0.017491188,6.09e-05,0.002588661,-0.97358911,0.0062,0.0108,0.0122,0.015,0.017,0.0206,0.0219,0.0252,0.0274,0.035
0.3916,0.4622,0.8644,0.0409,0.1159,0.0526,0.0667,0.0934,0.0966,0.8343,0.9939,0.8338,0.0505,0.0562,0.0582,0.139026,0.0197477,4.74e-05,-0.223420601,-0.682241756,0.0108,0.015,0.0159,0.0182,0.0201,0.0216,0.0252,0.0262,0.0286,0.0335
0.3598,0.4276,0.6475,0.0411,0.1244,0.0645,0.0686,0.0808,0.1032,0.8745,0.8995,0.9049,0.0632,0.0859,0.0875,0.209144,0.027170629,0.000131313,0.170718186,-0.499020358,0.0119,0.0163,0.0201,0.024,0.0265,0.0301,0.0336,0.0367,0.0429,0.0583
0.3827,0.485,0.6709,0.0448,0.1109,0.0606,0.0706,0.0922,0.0983,0.9576,0.8965,0.909,0.0653,0.0739,0.0876,0.126448,0.018750054,7.48e-05,0.223008139,-0.564360013,0.0067,0.0111,0.0147,0.0159,0.0191,0.0215,0.0245,0.0262,0.0304,0.0439
0.3671,0.44,0.5934,0.0474,0.1206,0.0673,0.0816,0.0925,0.1111,0.9824,0.8982,0.8575,0.0577,0.0756,0.0757,0.187285,0.022862973,9.49e-05,0.054021219,-0.77514132,0.0107,0.0134,0.0163,0.0201,0.0224,0.0254,0.0281,0.032,0.0362,0.0453
0.4192,0.434,0.9168,0.0399,0.147,0.0553,0.0708,0.1088,0.1282,0.8642,0.8153,0.9087,0.0667,0.0764,0.094,0.138919,0.024475714,7.14e-05,-0.240573592,-0.373677562,0.0144,0.0168,0.0201,0.0222,0.0255,0.0266,0.0294,0.0319,0.0359,0.045
0.4021,0.4144,0.5331,0.0428,0.1123,0.0508,0.081,0.0857,0.1015,0.8866,0.8286,0.9767,0.0744,0.0768,0.0965,0.178062,0.018478735,6.44e-05,-0.000392909,-0.804768,0.0066,0.0107,0.0141,0.0158,0.0193,0.0207,0.0239,0.0258,0.0292,0.0403
0.353,0.4715,0.6343,0.0398,0.1203,0.0503,0.0698,0.0904,0.0984,0.8386,0.9106,0.8474,0.0797,0.0842,0.091,0.16621,0.020094556,7.88e-05,0.119046712,-0.669022817,0.009,0.0119,0.0154,0.0167,0.0198,0.0222,0.0255,0.028,0.0318,0.0442
0.3645,0.4967,0.8981,0.0389,0.1191,0.0612,0.0814,0.0905,0.1092,0.8833,0.9477,0.9036,0.0512,0.0715,0.0897,0.125563,0.025444055,8.86e-05,0.007065806,-0.549596128,0.0136,0.0169,0.0206,0.022,0.0252,0.0276,0.0308,0.0348,0.0379,0.0474
0.3505,0.4252,0.6681,0.0464,0.1393,0.0634,0.0926,0.097,0.1244,0.9207,0.994,0.8669,0.0759,0.0882,0.089,0.211981,0.028282566,0.000119882,0.126676228,-0.292749565,0.0137,0.0191,0.0214,0.0257,0.0275,0.0316,0.0344,0.0378,0.0423,0.0612
0.3564,0.4403,0.5423,0.0372,0.1254,0.0541,0.0607,0.0831,0.1061,0.9825,0.9982,0.815,0.0523,0.0804,0.0998,0.193134,0.02069544,8.26e-05,0.020590138,-0.766228758,0.0091,0.0122,0.0144,0.0186,0.0208,0.0233,0.0259,0.029,0.0326,0.0453
0.3694,0.431,0.5056,0.0363,0.1489,0.0561,0.0978,0.0986,0.1333,0.8137,0.9124,0.9205,0.0796,0.0808,0.0851,0.189532,0.024307964,0.000118533,0.100422553,-0.653845654,0.0105,0.015,0.0178,0.021,0.0248,0.0271,0.0308,0.0345,0.0389,0.0532
0.419,0.42,0.8941,0.0413,0.1418,0.0448,0.0901,0.0939,0.1196,0.8334,0.857,0.8632,0.0681,0.0684,0.0828,0.149245,0.024734226,7.41e-05,-0.207959995,-0.453914468,0.0147,0.0165,0.021,0.0224,0.0254,0.027,0.03,0.032,0.0358,0.0439
0.366,0.4441,0.6933,0.045,0.1229,0.0593,0.0748,0.0911,0.1042,0.8935,0.9661,0.8687,0.0744,0.0798,0.0934,0.1858,0.023292229,8.45e-05,-0.018847457,-0.729062002,0.0102,0.0143,0.0174,0.0207,0.0235,0.0255,0.029,0.032,0.0355,0.0464
0.3809,0.4392,0.9118,0.0381,0.1459,0.0633,0.085,0.1074,0.1242,0.9287,0.8695,0.816,0.0589,0.0675,0.0788,0.172272,0.031285119,0.000115812,-0.308482369,-0.366719494,0.0164,0.0215,0.0255,0.0292,0.032,0.0347,0.0373,0.0412,0.0448,0.0524
0.3515,0.4374,0.693,0.0406,0.1384,0.0578,0.0922,0.0986,0.1266,0.9604,0.8344,0.9642,0.0561,0.0641,0.0956,0.197336,0.027094007,0.000129109,0.239988664,-0.513530371,0.0123,0.0165,0.02,0.0235,0.026,0.0297,0.0338,0.037,0.0428,0.0585
0.3546,0.43,0.577,0.0376,0.1299,0.0571,0.0673,0.1008,0.1042,0.8184,0.8044,0.9063,0.0568,0.0765,0.0918,0.208081,0.022898073,0.000100879,0.119569476,-0.636767903,0.01,0.0141,0.0161,0.0196,0.0228,0.0255,0.0283,0.0321,0.0364,0.0497
0.3637,0.41,0.5926,0.0371,0.1475,0.0635,0.086,0.0957,0.1205,0.8294,0.9327,0.8651,0.0678,0.0708,0.0778,0.21504,0.025289196,0.000106729,0.053207365,-0.655793346,0.0112,0.0155,0.0194,0.0213,0.0251,0.0283,0.0314,0.0352,0.0391,0.0515
0.4004,0.4683,0.7167,0.0363,0.1375,0.0617,0.0788,0.1041,0.1161,0.8877,0.9006,0.8419,0.078,0.0856,0.0941,0.119481,0.019170784,7.39e-05,0.131427329,-0.690025807,0.0069,0.0112,0.0147,0.0162,0.0201,0.0216,0.0244,0.0267,0.031,0.043
0.3955,0.4489,0.8793,0.035,0.1327,0.065,0.0763,0.0982,0.1047,0.893,0.895,0.8998,0.0521,0.0766,0.0897,0.148166,0.027067889,8.75e-05,-0.19311384,-0.470328854,0.0144,0.02,0.0215,0.0248,0.0271,0.0304,0.0322,0.0358,0.0392,0.0472
0.3558,0.413,0.7292,0.0495,0.1396,0.0722,0.0866,0.1094,0.128,0.8972,0.897,0.8848,0.0601,0.0914,0.0945,0.22284,0.034601286,0.000162327,0.092025551,-0.447530044,0.0179,0.0232,0.0268,0.0311,0.0342,0.0385,0.0418,0.046,0.051,0.0669
0.4061,0.4282,0.8952,0.0452,0.1492,0.0577,0.1017,0.1117,0.1292,0.9267,0.8173,0.976,0.0543,0.0877,0.0919,0.151637,0.027071318,9.25e-05,-0.047577893,-0.144928405,0.0138,0.02,0.0222,0.0247,0.0271,0.03,0.0326,0.0354,0.0392,0.0561
0.3545,0.4154,0.8864,0.0421,0.1412,0.06,0.0818,0.1205,0.1214,0.8749,0.8286,0.9732,0.0539,0.061,0.0819,0.22161,0.033174945,0.000119529,-0.342410413,-0.168982812,0.0187,0.0241,0.0275,0.031,0.0347,0.0364,0.04,0.0427,0.0468,0.0583
0.4197,0.4493,0.7269,0.0371,0.1493,0.0478,0.0885,0.1182,0.1191,0.9031,0.9373,0.814,0.0526,0.0739,0.0838,0.11899,0.016736211,5.5e-05,0.153870221,-0.719689212,0.0063,0.0104,0.0113,0.0153,0.0163,0.0198,0.0208,0.0236,0.0265,0.0377
0.4139,0.4409,0.7106,0.0424,0.1291,0.0572,0.0804,0.1029,0.1048,0.8697,0.9014,0.9121,0.0705,0.0735,0.0969,0.137246,0.019953719,7.16e-05,0.106944721,-0.586442469,0.0096,0.0123,0.0143,0.0171,0.0201,0.0217,0.0251,0.0271,0.0316,0.0458
0.403,0.4527,0.9074,0.0472,0.1358,0.0712,0.0888,0.1017,0.1279,0.9596,0.8198,0.9314,0.0594,0.0903,0.0932,0.13064,0.027011183,8.04e-05,-0.368263821,-0.380002309,0.0154,0.0193,0.0219,0.0255,0.0274,0.0302,0.0321,0.0355,0.0384,0.0442
0.3664,0.4549,0.8199,0.0381,0.1466,0.0597,0.0883,0.0977,0.1272,0.961,0.8363,0.8431,0.0689,0.0696,0.0911,0.168692,0.026394725,9.49e-05,0.078262561,-0.360143697,0.0148,0.0172,0.0209,0.0245,0.0265,0.0291,0.0322,0.0349,0.0391,0.0534
0.3546,0.4969,0.8333,0.0427,0.1319,0.065,0.0688,0.0828,0.1124,0.8415,0.8964,0.8479,0.0744,0.0949,0.0995,0.141288,0.024158458,8.46e-05,0.037201026,-0.661470693,0.0121,0.0148,0.0194,0.0209,0.024,0.0263,0.0295,0.0328,0.0364,0.0456
0.3681,0.4999,0.7949,0.0457,0.1142,0.0694,0.0842,0.0919,0.0954,0.8374,0.8229,0.8017,0.0573,0.071,0.0714,0.123322,0.022680491,9e-05,0.045154928,-0.775428454,0.0107,0.015,0.0165,0.0198,0.0226,0.0261,0.0283,0.0317,0.0357,0.0447
0.3864,0.4187,0.7621,0.0438,0.1463,0.0665,0.0766,0.1108,0.123,0.9508,0.995,0.9161,0.0604,0.0833,0.09,0.181801,0.026754703,9.21e-05,-0.031827882,-0.606885871,0.0141,0.0178,0.0214,0.0249,0.0267,0.0295,0.0322,0.035,0.0402,0.0485
0.3538,0.4431,0.9041,0.0433,0.1208,0.0671,0.0684,0.0923,0.0948,0.9377,0.9636,0.9629,0.0719,0.078,0.0812,0.191852,0.033714222,0.000142167,-0.15404778,-0.400273167,0.0189,0.0243,0.0266,0.0309,0.0335,0.0369,0.0403,0.0441,0.0497,0.0602
0.3724,0.433,0.8798,0.0454,0.149,0.0594,0.0838,0.1009,0.1379,0.9624,0.9474,0.9504,0.0502,0.0529,0.0927,0.175014,0.032857094,0.000139042,0.016028079,-0.056887177,0.0171,0.0225,0.0256,0.0299,0.0328,0.0364,0.0392,0.0426,0.0474,0.0652
0.3705,0.418,0.5227,0.0409,0.1269,0.0586,0.0751,0.0847,0.1151,0.9309,0.8373,0.943,0.0641,0.0677,0.0748,0.203717,0.022491322,9.38e-05,0.040766465,-0.673997865,0.0099,0.0139,0.0159,0.0209,0.0225,0.0258,0.0275,0.0318,0.0353,0.0492
0.3793,0.4027,0.5349,0.0431,0.1308,0.0537,0.073,0.1122,0.1136,0.9099,0.8327,0.8293,0.0781,0.0839,0.084,0.20709,0.022697814,9.29e-05,0.044819513,-0.586690064,0.0098,0.0138,0.0169,0.0207,0.0228,0.0254,0.028,0.0312,0.0356,0.0474
0.3989,0.4367,0.6601,0.0385,0.1496,0.0563,0.1015,0.1132,0.1373,0.9084,0.816,0.9261,0.0599,0.0774,0.0902,0.145379,0.02139277,9.99e-05,0.423711256,0.064716067,0.0101,0.0119,0.0159,0.0192,0.0213,0.0247,0.0264,0.0299,0.035,0.0543
0.41,0.4181,0.5586,0.0389,0.1447,0.0614,0.0867,0.0946,0.1251,0.9934,0.874,0.9756,0.0609,0.0639,0.0764,0.163477,0.020966883,8.92e-05,0.072603443,-0.852241854,0.0089,0.0119,0.0156,0.0181,0.0213,0.0243,0.026,0.0299,0.0343,0.0436
0.3724,0.4056,0.6444,0.0469,0.1188,0.0682,0.0822,0.1011,0.1096,0.8881,0.8945,0.9754,0.073,0.084,0.0868,0.215427,0.026824549,0.000105774,0.00964789,-0.759693621,0.0131,0.0166,0.0215,0.0236,0.0262,0.03,0.0332,0.036,0.0411,0.0495
0.4056,0.4353,0.8634,0.0354,0.1125,0.0548,0.0719,0.0879,0.1021,0.9493,0.8615,0.9975,0.0855,0.0875,0.0957,0.150539,0.022284331,6.02e-05,-0.181398372,-0.576567761,0.0113,0.015,0.0182,0.0201,0.022,0.0249,0.0263,0.0298,0.0324,0.04
0.3931,0.4116,0.9328,0.0454,0.1352,0.0574,0.0752,0.1183,0.1264,0.8831,0.8132,0.8801,0.0721,0.0779,0.0849,0.181482,0.031906788,0.000120984,-0.289027149,-0.111465537,0.016,0.0233,0.0264,0.0301,0.0326,0.0351,0.0381,0.0412,0.0459,0.061
0.3676,0.4906,0.8389,0.0408,0.1147,0.0517,0.0621,0.0737,0.098,0.8799,0.9333,0.8079,0.0618,0.0802,0.092,0.136376,0.019380326,5.37e-05,0.024972671,-0.573055551,0.0104,0.0116,0.0157,0.017,0.0203,0.0212,0.0246,0.0262,0.0291,0.0381
0.3776,0.4314,0.6334,0.048,0.1309,0.0616,0.0855,0.0889,0.1185,0.8205,0.8668,0.8609,0.068,0.0772,0.0888,0.178865,0.024613886,0.000118421,0.226153958,-0.443141142,0.011,0.0156,0.0182,0.0216,0.0254,0.027,0.0306,0.0355,0.0387,0.055
0.4066,0.4206,0.596,0.0467,0.135,0.0579,0.0807,0.1105,0.1214,0.827,0.9564,0.8388,0.0559,0.0595,0.0883,0.1606,0.019824136,7.17e-05,-0.059500814,-0.894673313,0.0083,0.0112,0.0155,0.0172,0.0206,0.0221,0.0257,0.0277,0.0315,0.0381
0.3736,0.4428,0.8452,0.0471,0.1157,0.0619,0.0801,0.0879,0.1089,0.8409,0.966,0.9715,0.0688,0.0812,0.0817,0.177535,0.027948417,9.66e-05,-0.076089072,-0.471782897,0.0153,0.0194,0.0223,0.025,0.028,0.0309,0.0335,0.0367,0.0408,0.0512
0.3641,0.4922,0.9112,0.0365,0.1423,0.0488,0.0904,0.0979,0.1139,0.8006,0.9572,0.8316,0.068,0.0711,0.0874,0.129676,0.022363327,6.76e-05,0.075691376,-0.237455431,0.0119,0.0159,0.0178,0.0202,0.0219,0.0253,0.0265,0.0295,0.0328,0.045
0.3947,0.4686,0.8627,0.0498,0.1355,0.064,0.0885,0.0989,0.107,0.8872,0.9951,0.938,0.051,0.0562,0.0718,0.128367,0.024047324,7.7e-05,-0.068880329,-0.658152017,0.0123,0.016,0.0191,0.0208,0.0248,0.0264,0.0294,0.032,0.036,0.0442
0.3946,0.4628,0.5189,0.0478,0.1113,0.0548,0.0649,0.0833,0.1009,0.8761,0.9817,0.8848,0.0541,0.0664,0.0863,0.136404,0.017596096,6.06e-05,-0.001375018,-0.919327203,0.0062,0.0103,0.0114,0.0153,0.0174,0.02,0.0222,0.0253,0.0271,0.0364
0.4191,0.4905,0.7233,0.0469,0.1189,0.0547,0.0868,0.0878,0.097,0.9241,0.8291,0.9547,0.0627,0.0676,0.0866,0.083258,0.015097702,4.61e-05,0.045776485,-1.02795649,0.0058,0.009,0.0105,0.012,0.0149,0.0164,0.0205,0.0216,0.0247,0.0308
0.4019,0.45,0.9073,0.0435,0.1496,0.0652,0.0847,0.1107,0.1281,0.8171,0.8049,0.9636,0.0704,0.0742,0.0827,0.13224,0.025365889,7.44e-05,-0.38966418,-0.505084602,0.0143,0.0178,0.0207,0.0234,0.0262,0.0284,0.0311,0.0335,0.0363,0.0415
0.4164,0.4275,0.7248,0.0421,0.1368,0.0702,0.0743,0.0985,0.1153,0.9349,0.9787,0.8974,0.0607,0.0629,0.0933,0.148304,0.021628275,7.28e-05,-0.031766632,-0.732190527,0.0103,0.0142,0.0156,0.0199,0.0211,0.0253,0.0268,0.0297,0.0322,0.0412
0.4174,0.4486,0.8834,0.0413,0.1323,0.0527,0.0738,0.0864,0.1007,0.8404,0.8574,0.8715,0.0604,0.0687,0.0803,0.126179,0.021317254,5.54e-05,-0.149591475,-0.490422723,0.0111,0.0147,0.0164,0.02,0.021,0.0248,0.0262,0.028,0.031,0.0412
0.4182,0.4705,0.8029,0.0483,0.1491,0.0612,0.0855,0.113,0.1203,0.8319,0.9094,0.9225,0.0731,0.0741,0.0766,0.103089,0.019582803,6.53e-05,0.112363169,-0.627090485,0.0091,0.0114,0.0144,0.0165,0.0204,0.0216,0.0243,0.0265,0.0307,0.0391
0.3793,0.4587,0.5988,0.0472,0.128,0.0578,0.0834,0.0955,0.119,0.9628,0.9643,0.9183,0.0753,0.0902,0.0998,0.151512,0.021892343,0.000101355,0.209489115,-0.505934289,0.0096,0.0115,0.0154,0.0199,0.0221,0.0244,0.0268,0.0308,0.0352,0.0495
0.3958,0.4546,0.8818,0.0447,0.1367,0.0597,0.0768,0.0849,0.1234,0.8758,0.9912,0.8475,0.0508,0.0563,0.0915,0.144438,0.023621701,6.42e-05,-0.263594867,-0.470244304,0.012,0.0157,0.02,0.0213,0.0241,0.0264,0.0283,0.031,0.0344,0.0415
0.4041,0.499,0.5346,0.048,0.1367,0.071,0.0832,0.0947,0.1215,0.9749,0.891,0.9294,0.0585,0.0802,0.089,0.085953,0.017470506,6.31e-05,0.081875599,-0.853128143,0.0062,0.0102,0.0112,0.0151,0.0169,0.0199,0.0221,0.025,0.0271,0.0364
0.3772,0.4788,0.5008,0.0453,0.1167,0.0612,0.0696,0.084,0.1037,0.9365,0.9174,0.9454,0.0653,0.0679,0.077,0.137053,0.019657108,8.47e-05,0.231013317,-0.537521346,0.0069,0.0117,0.0137,0.0161,0.0198,0.0213,0.0251,0.0272,0.0321,0.0458
0.3969,0.4744,0.5916,0.0401,0.1276,0.0518,0.0691,0.0863,0.1098,0.8092,0.9818,0.9145,0.0578,0.0768,0.0948,0.11961,0.015616101,5.03e-05,0.128679877,-0.847812774,0.006,0.01,0.0116,0.0141,0.0153,0.0174,0.0205,0.0219,0.0255,0.0354
0.3697,0.4171,0.5319,0.0453,0.1218,0.0582,0.079,0.0908,0.1038,0.9817,0.8109,0.9588,0.0501,0.0733,0.0953,0.20729,0.022993995,9.82e-05,-0.020410724,-0.812531519,0.0097,0.0136,0.0167,0.0207,0.0233,0.0256,0.0292,0.032,0.0361,0.0472
0.3781,0.4908,0.8902,0.0352,0.1219,0.0523,0.067,0.0895,0.1087,0.8206,0.9904,0.966,0.0563,0.0595,0.0615,0.122712,0.020113704,5.61e-05,0.079371248,-0.379917816,0.0104,0.014,0.0155,0.018,0.0201,0.0217,0.0248,0.0261,0.0303,0.0403
0.39,0.4819,0.5366,0.048,0.1431,0.0717,0.0973,0.1076,0.1329,0.8643,0.9427,0.887,0.0593,0.0801,0.095,0.114876,0.02093667,9.15e-05,0.103141206,-0.81694461,0.0084,0.0116,0.0153,0.0178,0.021,0.0238,0.0259,0.0302,0.0342,0.0427
0.4144,0.4511,0.5658,0.0473,0.1306,0.0731,0.0829,0.1009,0.1066,0.8727,0.9191,0.8021,0.0541,0.0788,0.0925,0.123948,0.019610725,7.8e-05,0.023314805,-0.886318935,0.0066,0.0108,0.0141,0.0164,0.0208,0.022,0.0249,0.0273,0.0316,0.0394
0.4099,0.4782,0.5251,0.0431,0.1337,0.0585,0.0798,0.1014,0.118,0.9862,0.8865,0.8434,0.0569,0.065,0.097,0.104745,0.016347635,5.72e-05,0.160508973,-0.83006054,0.006,0.0102,0.0117,0.0144,0.0156,0.0184,0.0209,0.0235,0.026,0.035
0.3583,0.4205,0.7822,0.0489,0.1262,0.065,0.0813,0.1016,0.1112,0.9789,0.9854,0.8142,0.0515,0.056,0.0661,0.210904,0.029911779,0.000108865,-0.06632427,-0.526396991,0.0162,0.0208,0.0248,0.0265,0.0303,0.0333,0.0357,0.0391,0.0443,0.0539
0.3721,0.4385,0.7482,0.0453,0.1196,0.0558,0.0786,0.094,0.1141,0.8689,0.9809,0.9543,0.0633,0.0658,0.0832,0.177528,0.024579547,8.72e-05,0.042050385,-0.579355976,0.0112,0.0154,0.0204,0.022,0.0253,0.0266,0.0301,0.0331,0.0367,0.049
0.4135,0.462,0.7511,0.0426,0.1469,0.069,0.089,0.0893,0.118,0.8367,0.865,0.9499,0.0731,0.0844,0.0856,0.119444,0.019896917,7.48e-05,0.043218667,-0.884037908,0.0087,0.0112,0.0145,0.0167,0.0198,0.022,0.0252,0.0278,0.0316,0.04
0.412,0.4059,0.7368,0.0366,0.1492,0.0533,0.0715,0.0883,0.1339,0.8172,0.9175,0.8435,0.0675,0.0867,0.0876,0.169132,0.020580487,6.13e-05,-0.01493616,-0.667420537,0.01,0.0136,0.0153,0.0186,0.0212,0.0229,0.025,0.0271,0.0313,0.0394
0.3619,0.4414,0.7634,0.0455,0.1472,0.0666,0.0873,0.1064,0.1305,0.8132,0.9271,0.9881,0.0663,0.0743,0.0861,0.189534,0.028283359,0.000109229,0.053701456,-0.570622122,0.0154,0.0201,0.022,0.0256,0.0273,0.031,0.0349,0.0372,0.0423,0.0543
0.4018,0.4731,0.5087,0.0499,0.1499,0.0859,0.105,0.1071,0.139,0.9985,0.8521,0.9295,0.0527,0.0596,0.0752,0.110814,0.021384386,9.13e-05,-0.026393231,-0.909467198,0.0083,0.0118,0.0152,0.0196,0.021,0.0254,0.0273,0.0308,0.0343,0.0412
0.3574,0.4068,0.7948,0.0372,0.118,0.0501,0.0798,0.0861,0.095,0.904,0.9833,0.8605,0.053,0.0593,0.0726,0.230786,0.026687425,8.63e-05,-0.031863374,-0.39242967,0.0149,0.0189,0.0213,0.024,0.0262,0.0294,0.0319,0.0352,0.0388,0.0512
0.4077,0.4987,0.7025,0.0453,0.1493,0.0698,0.0806,0.1111,0.1341,0.8798,0.8123,0.8416,0.0533,0.0548,0.0993,0.077533,0.017489376,6.41e-05,0.141775193,-0.654699549,0.0064,0.0101,0.0121,0.0149,0.0171,0.0202,0.0214,0.0256,0.028,0.0412
0.3597,0.4992,0.645,0.0469,0.1486,0.0653,0.099,0.1057,0.1345,0.922,0.8774,0.9444,0.0529,0.0747,0.0816,0.132393,0.025151877,0.000166838,0.362845717,-0.680276556,0.0083,0.0126,0.0164,0.0212,0.024,0.0273,0.0316,0.0367,0.0446,0.0561
0.3988,0.4381,0.6746,0.0473,0.1289,0.055,0.078,0.1022,0.1168,0.9662,0.8762,0.9754,0.0541,0.0785,0.0844,0.156602,0.021082647,7.77e-05,0.004134992,-0.775134274,0.0095,0.0122,0.0153,0.0196,0.0208,0.025,0.0265,0.0295,0.0322,0.0412
0.386,0.4219,0.5441,0.0421,0.121,0.0545,0.082,0.0868,0.111,0.9775,0.8852,0.8719,0.0588,0.0663,0.0943,0.184383,0.020633579,8.14e-05,0.00270786,-0.845284326,0.0089,0.0118,0.0153,0.0178,0.021,0.0237,0.0257,0.0294,0.0327,0.0427
0.3925,0.4954,0.5685,0.0479,0.1438,0.0651,0.0812,0.1158,0.1293,0.8294,0.93,0.8829,0.0721,0.0928,0.0996,0.102421,0.019717937,8.11e-05,0.086396032,-0.75353243,0.0068,0.0113,0.015,0.0165,0.0206,0.0222,0.0252,0.0279,0.0318,0.0433
0.3698,0.4508,0.7256,0.0498,0.147,0.0672,0.0854,0.1186,0.1289,0.8604,0.993,0.8662,0.0504,0.0791,0.0985,0.16563,0.02506781,0.000104288,0.122992437,-0.579974684,0.0111,0.0154,0.0191,0.0216,0.0251,0.0275,0.031,0.0349,0.0379,0.0505
0.4042,0.4433,0.6942,0.0458,0.1136,0.0624,0.0888,0.0925,0.1019,0.9274,0.8231,0.9864,0.0518,0.0549,0.0774,0.147233,0.020097618,7.09e-05,-0.035961479,-0.882621118,0.0089,0.0113,0.0145,0.017,0.0208,0.0223,0.0256,0.0277,0.0312,0.0391
0.374,0.4734,0.9108,0.0498,0.1277,0.057,0.0777,0.0967,0.0991,0.8622,0.8075,0.9382,0.0598,0.0857,0.0923,0.144868,0.02602067,7.47e-05,-0.261285006,-0.169359772,0.0146,0.0195,0.022,0.0241,0.0261,0.0286,0.0312,0.0336,0.0366,0.0495
0.3914,0.435,0.5366,0.0358,0.1447,0.0526,0.0645,0.116,0.1318,0.981,0.9645,0.9302,0.0577,0.0666,0.0693,0.160926,0.02027824,8.8e-05,0.187941087,-0.654368394,0.0073,0.0118,0.0155,0.0169,0.0201,0.0224,0.0259,0.0287,0.0327,0.045
0.3695,0.4982,0.5343,0.0445,0.1453,0.054,0.0816,0.1034,0.1266,0.9104,0.8258,0.8172,0.0625,0.0722,0.0834,0.120062,0.01882001,7.53e-05,0.166298969,-0.755361594,0.0065,0.0106,0.014,0.0156,0.0192,0.0207,0.0245,0.0261,0.0311,0.0403
0.3618,0.4249,0.7251,0.0447,0.1112,0.0505,0.0735,0.074,0.0961,0.9575,0.9406,0.883,0.0548,0.0602,0.0817,0.205405,0.024964952,9.38e-05,0.138496361,-0.467325413,0.0115,0.0158,0.0194,0.0218,0.0251,0.0272,0.0303,0.0335,0.0373,0.0505
0.3966,0.488,0.7364,0.0429,0.1303,0.0633,0.0657,0.0905,0.1111,0.8472,0.8126,0.9374,0.0678,0.0687,0.079,0.107758,0.016820402,5.64e-05,0.096337754,-0.872884413,0.0061,0.0104,0.0118,0.0154,0.0163,0.0195,0.0207,0.025,0.0268,0.0335
0.3503,0.4501,0.9133,0.0491,0.145,0.069,0.074,0.1217,0.1325,0.97,0.9383,0.8433,0.0629,0.0717,0.0747,0.186089,0.034842308,0.000146016,-0.288868899,-0.347989699,0.0192,0.0249,0.0285,0.0321,0.0351,0.0389,0.0423,0.0454,0.0499,0.0604
0.36,0.4291,0.6412,0.0352,0.124,0.05,0.0832,0.1002,0.1077,0.9237,0.9997,0.9071,0.0686,0.0691,0.0794,0.20388,0.023325675,0.000101838,0.209366684,-0.503872535,0.0105,0.0146,0.0169,0.0202,0.023,0.0254,0.0288,0.0322,0.0368,0.0512
0.3506,0.4786,0.8272,0.037,0.1309,0.0576,0.0828,0.0902,0.119,0.8053,0.9229,0.8259,0.0595,0.0864,0.095,0.158956,0.024453951,8.3e-05,0.069091304,-0.506157659,0.0112,0.0157,0.0203,0.0216,0.0247,0.0263,0.0294,0.0323,0.0364,0.0474
0.4021,0.4877,0.8359,0.0396,0.1371,0.0522,0.0843,0.0964,0.1283,0.9186,0.9952,0.9249,0.088,0.0953,0.0971,0.091595,0.017428215,5.94e-05,0.302539957,-0.368947599,0.0067,0.0103,0.0118,0.0146,0.0165,0.0205,0.0217,0.0243,0.0269,0.0394
0.3908,0.4924,0.7808,0.0422,0.1397,0.0649,0.0842,0.1011,0.1202,0.8193,0.903,0.8475,0.066,0.0745,0.0926,0.106608,0.01966463,7.65e-05,0.207615015,-0.508017559,0.0092,0.012,0.0139,0.0163,0.0199,0.0212,0.0248,0.027,0.0316,0.0458
0.3573,0.426,0.6858,0.0483,0.1386,0.0763,0.0852,0.1022,0.1229,0.9261,0.9877,0.9702,0.0544,0.0847,0.0988,0.204103,0.031698263,0.000152381,-0.068923995,-0.792469847,0.0143,0.0199,0.0248,0.0275,0.0319,0.0354,0.0394,0.0432,0.0476,0.0602
0.3921,0.4309,0.8377,0.0429,0.1394,0.0509,0.0763,0.0822,0.1277,0.9549,0.9323,0.8529,0.0637,0.0843,0.0995,0.16289,0.023999007,7.24e-05,-0.07360073,-0.491360485,0.0113,0.0158,0.0202,0.0215,0.0244,0.0259,0.029,0.0315,0.0355,0.0472
0.3544,0.415,0.8557,0.0361,0.1119,0.0494,0.0701,0.0812,0.1012,0.8978,0.8783,0.8452,0.0689,0.0833,0.0934,0.223813,0.028831001,0.000105106,-0.006561953,-0.346355748,0.0161,0.0208,0.0233,0.0263,0.0282,0.0314,0.0356,0.0378,0.042,0.055
0.3847,0.4318,0.8679,0.0365,0.132,0.0704,0.0872,0.0962,0.1079,0.9556,0.9146,0.8451,0.053,0.0915,0.0979,0.177942,0.02991427,0.000105319,-0.203491061,-0.516336165,0.0159,0.0205,0.0243,0.027,0.0303,0.0327,0.0362,0.0401,0.0441,0.0515
0.413,0.4745,0.54,0.0393,0.1293,0.0556,0.0724,0.0951,0.1137,0.9222,0.9698,0.9957,0.0626,0.0778,0.0994,0.100975,0.016056795,5.4e-05,0.131377291,-0.857981134,0.006,0.0102,0.0117,0.0144,0.0156,0.0183,0.0208,0.0227,0.0259,0.0354
0.3745,0.4704,0.5957,0.0452,0.1472,0.0598,0.0962,0.1025,0.1212,0.978,0.8966,0.8987,0.0865,0.0929,0.0995,0.144737,0.022040045,0.00010429,0.151694788,-0.729146824,0.0095,0.0113,0.0151,0.0193,0.0217,0.0253,0.028,0.0313,0.0352,0.0485
0.3621,0.4818,0.6449,0.0361,0.1257,0.0609,0.0845,0.0917,0.1048,0.9067,0.8324,0.8424,0.0736,0.0879,0.0907,0.149968,0.021232273,9.39e-05,0.124900493,-0.726157074,0.0092,0.0108,0.0148,0.0189,0.0209,0.0239,0.0264,0.0306,0.0343,0.0464
0.3912,0.4661,0.8582,0.0442,0.1263,0.0496,0.089,0.0954,0.1042,0.9754,0.8864,0.8064,0.0564,0.0668,0.0826,0.131704,0.021097367,5.62e-05,-0.046109059,-0.415525257,0.0111,0.015,0.0164,0.02,0.0214,0.0238,0.0253,0.0273,0.031,0.043
0.4055,0.4745,0.509,0.0456,0.1389,0.0696,0.0937,0.1164,0.1205,0.8821,0.9404,0.9274,0.0551,0.0764,0.0857,0.103803,0.019730888,8.33e-05,0.145734333,-0.735393591,0.0068,0.0114,0.015,0.0163,0.0208,0.0221,0.0253,0.028,0.0318,0.0439
0.3599,0.434,0.6515,0.0355,0.1307,0.0541,0.0604,0.0933,0.108,0.8468,0.8724,0.9205,0.0523,0.0871,0.0917,0.200032,0.02244742,8.63e-05,0.15340816,-0.435883065,0.0103,0.0142,0.0161,0.0208,0.0224,0.0256,0.0269,0.0309,0.0346,0.0492
0.4105,0.4718,0.5386,0.0381,0.1344,0.0665,0.0723,0.0941,0.1058,0.8531,0.8914,0.9658,0.0509,0.0765,0.0776,0.11267,0.017218773,6.18e-05,0.08860659,-0.89518016,0.0061,0.0107,0.0121,0.0149,0.0167,0.0203,0.0216,0.0252,0.0275,0.0354
0.3669,0.4483,0.7121,0.0455,0.1141,0.0556,0.0666,0.0913,0.1058,0.9445,0.9666,0.9298,0.0518,0.0914,0.0967,0.176224,0.02356645,9e-05,0.02657189,-0.665441963,0.0103,0.0144,0.0181,0.021,0.024,0.026,0.0292,0.0318,0.036,0.0469
0.3504,0.494,0.7927,0.04,0.125,0.0571,0.0812,0.084,0.1032,0.9766,0.8643,0.9295,0.0581,0.0717,0.096,0.14723,0.02295812,8.74e-05,0.124008395,-0.695660861,0.0111,0.0152,0.0166,0.0198,0.0223,0.0255,0.028,0.0314,0.0362,0.0442
0.3688,0.4053,0.7403,0.037,0.1437,0.0497,0.0893,0.1101,0.1129,0.8462,0.8274,0.9522,0.0546,0.0884,0.0928,0.217866,0.025622509,8.76e-05,0.042651481,-0.490840731,0.014,0.0165,0.0202,0.0229,0.0253,0.0283,0.0309,0.0342,0.0375,0.0522
0.3535,0.4336,0.8912,0.0404,0.141,0.0639,0.0772,0.086,0.1232,0.9116,0.9699,0.8137,0.0528,0.0743,0.096,0.208092,0.031891348,0.000114189,-0.195551883,-0.083173666,0.0187,0.0232,0.0264,0.0298,0.0325,0.0348,0.0377,0.0409,0.0455,0.0612
0.3595,0.4682,0.9351,0.0394,0.1492,0.0654,0.097,0.0994,0.1288,0.8882,0.9338,0.9686,0.0502,0.0774,0.0937,0.161323,0.033961699,0.000145674,-0.210247429,-0.359106413,0.0188,0.0244,0.0268,0.0311,0.0345,0.0374,0.041,0.0447,0.0493,0.06
0.402,0.4727,0.9434,0.0496,0.1296,0.0614,0.0825,0.0911,0.1129,0.8166,0.9782,0.9247,0.0552,0.0604,0.0695,0.117301,0.024967754,7.25e-05,-0.44419155,-0.349563194,0.013,0.0181,0.0207,0.0241,0.0257,0.0277,0.0307,0.0329,0.0358,0.0406
0.4109,0.4347,0.5257,0.0365,0.12,0.0596,0.0784,0.0945,0.105,0.8382,0.8964,0.8354,0.0571,0.0574,0.0907,0.083685,0.018274557,7.15e-05,0.223345337,-0.6733878,0.0066,0.0105,0.0128,0.0154,0.0177,0.0206,0.0227,0.0263,0.0297,0.0409
0.3584,0.4946,0.8859,0.0351,0.1254,0.0626,0.0659,0.0903,0.1022,0.917,0.9461,0.8305,0.0571,0.0644,0.0768,0.14111,0.02440898,7.75e-05,0.06180953,-0.1473161,0.0128,0.0165,0.0206,0.0219,0.0248,0.0263,0.0292,0.0318,0.0359,0.0477
0.3519,0.4826,0.7558,0.0481,0.1493,0.0629,0.084,0.1131,0.1273,0.9341,0.9901,0.9838,0.0713,0.0755,0.0962,0.156812,0.02632248,0.00011801,0.212487351,-0.5005816,0.0118,0.0157,0.0209,0.0228,0.0251,0.0288,0.0325,0.0362,0.0409,0.0566
0.3639,0.4793,0.5129,0.0471,0.1463,0.0676,0.1035,0.1146,0.123,0.9222,0.8527,0.9759,0.0558,0.0669,0.079,0.14577,0.023538906,0.00011463,0.131559962,-0.6012838,0.01,0.0143,0.0163,0.0202,0.0237,0.0261,0.0299,0.0326,0.0374,0.0515
0.4086,0.4843,0.8541,0.0461,0.1421,0.0743,0.0954,0.0966,0.111,0.9045,0.9242,0.8721,0.0669,0.0843,0.0979,0.102182,0.022842729,7.4e-05,-0.0759351,-0.7568796,0.0112,0.0151,0.0175,0.0208,0.0227,0.0251,0.0276,0.0312,0.0343,0.0427
0.3987,0.4127,0.8613,0.0482,0.1338,0.0698,0.0806,0.089,0.1182,0.9154,0.9412,0.8392,0.0524,0.0683,0.0714,0.176864,0.028947476,9.34e-05,-0.3294062,-0.384739,0.0156,0.0201,0.0237,0.0264,0.0301,0.0326,0.035,0.0376,0.0411,0.05
0.4065,0.4469,0.639,0.0461,0.12,0.0538,0.0838,0.087,0.0973,0.8423,0.9934,0.8607,0.0503,0.0622,0.068,0.138387,0.017089143,5.5e-05,-0.0292216,-0.9560168,0.0061,0.0104,0.0119,0.0153,0.0165,0.0204,0.0215,0.0248,0.0267,0.0328
0.3845,0.4201,0.9012,0.0399,0.1482,0.0572,0.061,0.107,0.1128,0.8965,0.9315,0.8013,0.0698,0.0929,0.0976,0.188546,0.027669388,8.63e-05,-0.2318514,-0.0868284,0.0143,0.0206,0.0227,0.0255,0.0276,0.0309,0.033,0.0361,0.0387,0.0555
0.376,0.4447,0.7359,0.0406,0.1163,0.0527,0.0822,0.0917,0.0929,0.9091,0.8426,0.8661,0.0548,0.082,0.0904,0.172197,0.02261439,8.04e-05,0.09846874,-0.6032814,0.0115,0.014,0.0166,0.0202,0.0219,0.0247,0.027,0.0309,0.0348,0.0461
0.3681,0.4049,0.762,0.0421,0.1299,0.0504,0.069,0.0929,0.115,0.846,0.9635,0.9591,0.0552,0.0657,0.095,0.219944,0.026533729,9.29e-05,0.05610924,-0.4750827,0.0143,0.0178,0.0205,0.0236,0.0262,0.0295,0.0321,0.0352,0.0392,0.05
0.3898,0.4703,0.7527,0.0371,0.1298,0.0596,0.0733,0.088,0.1039,0.8332,0.8783,0.956,0.0594,0.0637,0.0667,0.130327,0.018172573,6.02e-05,0.119683681,-0.7866827,0.0079,0.0114,0.0142,0.0154,0.0177,0.0206,0.0222,0.0257,0.0291,0.0354
0.4097,0.4855,0.6564,0.0351,0.1481,0.0636,0.0702,0.0935,0.1202,0.9373,0.9442,0.8006,0.0586,0.0797,0.0939,0.096243,0.016804418,6.06e-05,0.156415599,-0.8345228,0.0061,0.0104,0.0119,0.0147,0.0162,0.0197,0.0213,0.0248,0.027,0.0354
0.38,0.4279,0.6952,0.0389,0.132,0.0517,0.0839,0.0843,0.1175,0.8771,0.9969,0.952,0.0617,0.0653,0.0824,0.185504,0.02252046,8.69e-05,0.243416198,-0.2832927,0.0109,0.0151,0.0168,0.0204,0.0219,0.0252,0.0267,0.0308,0.0352,0.0539
0.4029,0.4736,0.5074,0.0488,0.142,0.0646,0.0864,0.1034,0.1311,0.8173,0.9277,0.9027,0.0697,0.0812,0.0938,0.112011,0.019391171,7.42e-05,-0.0158138,-0.9411991,0.0065,0.0109,0.0151,0.0164,0.0202,0.0214,0.0253,0.0273,0.031,0.0377
0.3899,0.4655,0.917,0.0484,0.1124,0.0583,0.0793,0.0909,0.0963,0.9944,0.9962,0.916,0.0665,0.0719,0.0943,0.140125,0.02691249,8.59e-05,-0.1929072,-0.2448088,0.0147,0.0205,0.0223,0.0246,0.0267,0.03,0.0323,0.0349,0.0387,0.0495
0.3614,0.4808,0.8987,0.038,0.1459,0.0637,0.0766,0.1127,0.1239,0.8287,0.925,0.9209,0.0709,0.0867,0.0904,0.151115,0.030238536,0.00012639,0.041979045,-0.2944849,0.0154,0.0205,0.0252,0.0271,0.0308,0.0336,0.0362,0.0401,0.0455,0.062
0.3679,0.474,0.8042,0.0466,0.1338,0.0689,0.0746,0.1029,0.1105,0.8914,0.9018,0.8699,0.0793,0.0894,0.095,0.142198,0.024661613,8.19e-05,-0.0848954,-0.7306961,0.0125,0.0153,0.0197,0.0212,0.0249,0.027,0.0305,0.0332,0.0361,0.0456
0.357,0.4347,0.5093,0.0364,0.1296,0.0627,0.0686,0.0965,0.1171,0.8703,0.8412,0.929,0.0782,0.0798,0.095,0.196037,0.02337745,0.00010485,0.051772404,-0.6058929,0.0102,0.0146,0.0166,0.0204,0.0238,0.0259,0.0294,0.0324,0.0361,0.052
0.4119,0.4463,0.8898,0.0485,0.1454,0.0739,0.0792,0.1026,0.1278,0.9223,0.8611,0.907,0.0523,0.0544,0.0666,0.122825,0.026403,8.11e-05,-0.328131,-0.5508019,0.015,0.0191,0.0218,0.025,0.0264,0.0296,0.0319,0.0351,0.0377,0.0439
0.3849,0.4929,0.7385,0.0458,0.1189,0.0598,0.0743,0.0901,0.0904,0.9274,0.9323,0.9968,0.0612,0.0704,0.0958,0.114908,0.01804264,6.08e-05,0.00036068,-0.8580837,0.0065,0.0107,0.0133,0.0159,0.0179,0.0207,0.0224,0.0256,0.0282,0.0377
0.3931,0.4697,0.5849,0.0424,0.1308,0.0629,0.0649,0.0981,0.1151,0.9987,0.8597,0.9889,0.0561,0.0615,0.0773,0.128461,0.018540789,7.25e-05,0.118714781,-0.7895008,0.0065,0.0106,0.0141,0.0153,0.0194,0.0207,0.0242,0.0266,0.0303,0.0412
0.4063,0.43,0.5531,0.0383,0.1316,0.0495,0.0796,0.1014,0.1063,0.8392,0.8588,0.8446,0.0555,0.0649,0.0843,0.152492,0.01948654,7.81e-05,0.12246988,-0.7255296,0.0067,0.011,0.0146,0.0159,0.0201,0.0213,0.0244,0.0275,0.0314,0.0415
0.4092,0.4841,0.5386,0.0486,0.1228,0.073,0.0834,0.0902,0.1009,0.9745,0.9374,0.9402,0.0525,0.0541,0.0917,0.094695,0.01859081,7e-05,0.025623325,-0.9389747,0.0064,0.0105,0.0139,0.0157,0.0194,0.0208,0.0242,0.026,0.0303,0.0367
0.3507,0.4326,0.5655,0.0403,0.1104,0.0566,0.066,0.0825,0.0982,0.9872,0.8605,0.9673,0.0567,0.0676,0.0993,0.208362,0.022569397,9.72e-05,0.114420101,-0.5756685,0.0103,0.0143,0.0163,0.0199,0.022,0.0252,0.0283,0.0314,0.0354,0.0522
0.3705,0.4758,0.6837,0.0475,0.121,0.0719,0.072,0.0924,0.1114,0.9337,0.9004,0.9362,0.0668,0.0766,0.0793,0.149352,0.02376848,0.00011271,0.160590209,-0.6595433,0.0106,0.0148,0.0169,0.0206,0.024,0.0264,0.0299,0.034,0.0382,0.0532
0.3766,0.4905,0.6949,0.0437,0.1189,0.0596,0.0876,0.0926,0.1049,0.814,0.8297,0.8038,0.0527,0.0708,0.0842,0.124063,0.020467944,9.32e-05,0.26673133,-0.5761993,0.0076,0.012,0.0141,0.0169,0.0202,0.0223,0.0257,0.0289,0.0335,0.0458
0.4102,0.4732,0.8807,0.0491,0.1393,0.0761,0.0876,0.0901,0.1121,0.9667,0.9237,0.9233,0.07,0.0784,0.0993,0.104972,0.023796141,7.21e-05,-0.1368187,-0.6270118,0.0119,0.0159,0.0199,0.0215,0.0244,0.0261,0.0291,0.032,0.0348,0.043
0.41,0.4923,0.6836,0.0401,0.1496,0.0654,0.0897,0.097,0.1028,0.9502,0.8863,0.9384,0.0564,0.0634,0.0684,0.081781,0.01715951,6.87e-05,0.283224477,-0.5591316,0.0063,0.0098,0.0118,0.0151,0.0165,0.0205,0.0218,0.025,0.0282,0.0436
0.3832,0.4286,0.9044,0.0404,0.1281,0.052,0.0688,0.0911,0.0976,0.8089,0.9564,0.9948,0.0587,0.0652,0.0817,0.182244,0.025312611,7.11e-05,-0.3692391,-0.3368594,0.0149,0.0185,0.0213,0.0242,0.0255,0.0279,0.0309,0.0331,0.0358,0.0433
0.3626,0.4545,0.8914,0.038,0.118,0.0472,0.0857,0.0884,0.0996,0.919,0.9496,0.9312,0.051,0.0536,0.057,0.174236,0.027840571,0.00010129,-0.0845462,-0.4071495,0.0154,0.0199,0.0218,0.0256,0.028,0.0309,0.0338,0.0365,0.0408,0.0534
0.3677,0.487,0.8106,0.0424,0.1107,0.0508,0.0764,0.0797,0.0952,0.9153,0.8889,0.8793,0.0531,0.0854,0.0926,0.138108,0.02148974,8.04e-05,0.277087198,-0.3557872,0.011,0.0133,0.0153,0.0195,0.0209,0.0235,0.0254,0.0294,0.0334,0.0461
0.3965,0.498,0.834,0.0437,0.1119,0.0617,0.0702,0.0758,0.0993,0.9388,0.9455,0.8271,0.0527,0.0854,0.0886,0.101895,0.017880299,5.3e-05,0.06347672,-0.6514071,0.0098,0.0107,0.0146,0.0156,0.0178,0.0201,0.0216,0.0246,0.027,0.0367
0.4067,0.438,0.672,0.0435,0.1259,0.0531,0.0734,0.0903,0.1037,0.9958,0.909,0.9525,0.0699,0.0727,0.0752,0.149459,0.01827783,5.68e-05,-0.0014514,-0.763348,0.0082,0.0109,0.0149,0.016,0.0192,0.0207,0.0227,0.0254,0.0278,0.0374
0.3633,0.4037,0.765,0.0395,0.1364,0.0547,0.0761,0.1077,0.1162,0.9982,0.9725,0.8724,0.0503,0.0537,0.0724,0.223535,0.0281881,0.00010959,0.207759141,-0.1607532,0.0144,0.0192,0.0215,0.0253,0.0271,0.031,0.0333,0.0366,0.0418,0.0602
0.4037,0.4777,0.5832,0.0485,0.1435,0.0667,0.0921,0.094,0.1219,0.8301,0.8137,0.8496,0.0685,0.0732,0.0893,0.105679,0.01953729,8.38e-05,0.179941967,-0.7667453,0.0067,0.0109,0.0144,0.0158,0.0202,0.0215,0.0248,0.027,0.0321,0.0418
0.381,0.4655,0.5711,0.0358,0.1456,0.0511,0.0919,0.1117,0.1231,0.8964,0.941,0.9776,0.0583,0.0814,0.092,0.139861,0.0199716,8.6e-05,0.245046837,-0.4395304,0.007,0.0109,0.0145,0.0163,0.0209,0.0225,0.0249,0.0278,0.0324,0.0495
0.388,0.4526,0.8075,0.0459,0.1313,0.0732,0.087,0.0999,0.1191,0.9166,0.826,0.97,0.0543,0.0732,0.0863,0.153705,0.025903895,8.93e-05,-0.0075688,-0.6373952,0.0136,0.0169,0.0208,0.0236,0.0255,0.0284,0.0312,0.035,0.039,0.0472
0.3734,0.4945,0.7429,0.0363,0.1308,0.059,0.0789,0.0969,0.1102,0.9685,0.9746,0.9364,0.0653,0.0882,0.0956,0.124216,0.02061779,9.54e-05,0.36225574,-0.4146495,0.0095,0.011,0.0146,0.0166,0.0209,0.0226,0.026,0.0291,0.0341,0.0492
0.3881,0.4723,0.7865,0.0468,0.1316,0.0601,0.0829,0.0905,0.119,0.954,0.8188,0.869,0.0565,0.0593,0.0777,0.132193,0.020565418,6.47e-05,-0.0130199,-0.7126672,0.0101,0.0122,0.0154,0.0193,0.0208,0.0228,0.0254,0.0272,0.0314,0.0418
0.3848,0.4585,0.5593,0.0359,0.1481,0.0661,0.0738,0.1111,0.1344,0.848,0.8067,0.9449,0.0662,0.0704,0.0871,0.145675,0.020023691,7.87e-05,0.012973878,-0.8738782,0.0071,0.0112,0.0147,0.0169,0.0202,0.0224,0.0254,0.0281,0.0324,0.0403
0.3955,0.4267,0.9442,0.0474,0.1499,0.0657,0.0889,0.1015,0.1326,0.8244,0.8795,0.8018,0.0508,0.0929,0.0974,0.1627,0.03182494,0.00011644,-0.3841693,-0.1633798,0.0162,0.023,0.0266,0.03,0.0326,0.0351,0.0378,0.0408,0.0451,0.0559
0.365,0.4967,0.5936,0.0489,0.1227,0.073,0.0832,0.0991,0.1066,0.9044,0.8034,0.8245,0.0523,0.0624,0.0703,0.126282,0.020294106,8.97e-05,0.13026191,-0.8465581,0.0069,0.0114,0.015,0.0168,0.0208,0.023,0.0256,0.0299,0.0332,0.0433
0.4029,0.4291,0.8354,0.0399,0.1426,0.0639,0.0649,0.1192,0.1321,0.9856,0.8685,0.8051,0.0807,0.0874,0.0933,0.155468,0.022703882,5.92e-05,-0.2144815,-0.5342776,0.0118,0.0154,0.0193,0.0207,0.0233,0.0255,0.0272,0.0302,0.0328,0.0406
0.4062,0.4994,0.9116,0.042,0.1367,0.0622,0.0803,0.0921,0.1318,0.9402,0.8546,0.995,0.0648,0.0674,0.0743,0.08191,0.019301579,5.1e-05,-0.047457,-0.6667955,0.0107,0.0124,0.0151,0.0169,0.0201,0.0213,0.0238,0.0259,0.0286,0.0354
0.3757,0.4974,0.7254,0.0491,0.1355,0.0681,0.0788,0.1024,0.1086,0.9587,0.8778,0.8971,0.0805,0.0815,0.0876,0.113192,0.01989663,8.13e-05,0.13194457,-0.7589759,0.0075,0.0113,0.0148,0.0164,0.0205,0.0217,0.0248,0.0275,0.0322,0.0424
0.4067,0.4778,0.5319,0.0409,0.1379,0.0553,0.0809,0.1035,0.121,0.8471,0.9324,0.88,0.0538,0.0556,0.083,0.111008,0.017349192,6.27e-05,0.07712788,-0.8946636,0.0062,0.0102,0.0112,0.0152,0.0167,0.0199,0.0218,0.0249,0.0275,0.0367
0.4174,0.4204,0.5794,0.0364,0.1208,0.0611,0.0694,0.1045,0.1113,0.8099,0.8911,0.9398,0.0905,0.093,0.0964,0.153213,0.018533664,6.6e-05,-0.025677,-0.9001667,0.0064,0.0106,0.0146,0.0158,0.0194,0.0208,0.0241,0.0256,0.0292,0.0367
0.4154,0.4116,0.553,0.0453,0.1227,0.0697,0.0715,0.0949,0.1078,0.9876,0.8914,0.8933,0.073,0.0832,0.0866,0.166536,0.021092256,8.81e-05,-0.0077762,-0.9191084,0.0086,0.0116,0.0151,0.0189,0.0208,0.0247,0.0262,0.0305,0.0339,0.0403
0.3962,0.4867,0.9478,0.0358,0.141,0.0458,0.0709,0.1057,0.1262,0.8976,0.8232,0.8398,0.0551,0.0607,0.0927,0.098751,0.02127865,6.16e-05,-0.1815208,-0.5321571,0.0104,0.0145,0.0166,0.0197,0.0211,0.0246,0.0258,0.0282,0.0316,0.0403
0.3853,0.4961,0.5166,0.0427,0.1313,0.0714,0.0738,0.0844,0.1104,0.8463,0.8341,0.8523,0.0703,0.0873,0.0935,0.108783,0.02041661,9.3e-05,0.160785631,-0.8451328,0.0068,0.0113,0.0149,0.0166,0.0205,0.0227,0.0256,0.0299,0.034,0.0427
0.4152,0.4264,0.7233,0.048,0.1494,0.0694,0.0923,0.1128,0.1244,0.9625,0.8192,0.9329,0.054,0.064,0.0673,0.149027,0.023156934,8.79e-05,0.0961361,-0.6841756,0.0114,0.0139,0.0171,0.0202,0.0223,0.0256,0.0284,0.032,0.0358,0.0456
0.3548,0.4513,0.7783,0.0404,0.1319,0.0624,0.0818,0.0879,0.112,0.9624,0.9591,0.8234,0.0733,0.0782,0.0797,0.188129,0.026882638,9.62e-05,-0.0472678,-0.6621051,0.0147,0.0175,0.0208,0.0244,0.0267,0.03,0.0329,0.0357,0.0401,0.0524
0.3552,0.4583,0.5267,0.0365,0.1136,0.0453,0.0623,0.0823,0.0912,0.8866,0.827,0.8065,0.0541,0.0559,0.0683,0.182424,0.01836233,6.8e-05,0.141038501,-0.6535293,0.0066,0.0107,0.0142,0.0154,0.0191,0.0207,0.0229,0.0258,0.0294,0.0415
0.4184,0.4032,0.6928,0.0359,0.1409,0.0606,0.0784,0.0871,0.1191,0.8311,0.9253,0.985,0.0524,0.0815,0.0892,0.166383,0.020113965,6.19e-05,-0.0439701,-0.7577333,0.0103,0.0115,0.0157,0.0176,0.0205,0.0219,0.0253,0.027,0.0308,0.0377
0.407,0.4095,0.9056,0.0454,0.1407,0.0648,0.0852,0.086,0.1174,0.9316,0.9438,0.9453,0.0709,0.0802,0.0907,0.173569,0.031518707,0.00010697,-0.4202716,-0.1864096,0.0178,0.0228,0.0258,0.0295,0.0324,0.035,0.0378,0.0407,0.0442,0.057
0.3767,0.4857,0.8721,0.0409,0.1243,0.0722,0.0794,0.0941,0.1119,0.8987,0.8479,0.8465,0.0503,0.0733,0.084,0.131839,0.025978867,9.38e-05,-0.0410054,-0.7112395,0.0135,0.0167,0.0207,0.0229,0.0255,0.0288,0.0317,0.0356,0.0388,0.0472
0.3721,0.418,0.6596,0.0416,0.1169,0.0557,0.0754,0.0863,0.0911,0.9458,0.8306,0.8566,0.0533,0.0664,0.0845,0.203451,0.02235021,7.6e-05,-0.0244623,-0.6926273,0.0109,0.015,0.0169,0.0207,0.0222,0.025,0.027,0.0309,0.0338,0.0433
0.3821,0.4539,0.6987,0.0376,0.1326,0.0612,0.0654,0.0841,0.1149,0.8902,0.8531,0.8503,0.0526,0.0709,0.0772,0.157653,0.021011161,8.2e-05,0.157961358,-0.6629482,0.0102,0.0128,0.0148,0.018,0.0206,0.0233,0.0254,0.0297,0.0335,0.0461
0.3832,0.4745,0.5584,0.048,0.1319,0.0771,0.0924,0.1075,0.1119,0.8351,0.9405,0.8141,0.0525,0.0582,0.0903,0.130064,0.021436509,9.44e-05,0.041830566,-0.8702768,0.0089,0.0119,0.0157,0.0189,0.0215,0.0246,0.0267,0.0311,0.0345,0.0433
0.3733,0.4591,0.7761,0.0452,0.1304,0.0662,0.0789,0.1017,0.1262,0.8878,0.9488,0.93,0.0567,0.072,0.0876,0.153584,0.024708684,9.21e-05,0.09741458,-0.6263232,0.0111,0.0157,0.0199,0.0217,0.0251,0.027,0.03,0.0333,0.0375,0.0482
0.3632,0.4445,0.6731,0.037,0.144,0.0602,0.0808,0.1002,0.1129,0.9865,0.9807,0.8853,0.0535,0.0615,0.0766,0.181827,0.024469644,0.00010974,0.240200772,-0.3848465,0.0108,0.0151,0.0187,0.0211,0.0241,0.0266,0.0303,0.0332,0.0376,0.0512
0.3502,0.4044,0.5808,0.0492,0.1396,0.0624,0.0803,0.1164,0.1192,0.8871,0.859,0.9833,0.0511,0.0663,0.0664,0.23197,0.027073602,0.00012198,0.09030591,-0.6511034,0.0117,0.0158,0.0209,0.0236,0.0265,0.0303,0.0333,0.0371,0.0419,0.0552
0.3719,0.41,0.7478,0.0447,0.1295,0.0592,0.0821,0.0941,0.1176,0.8921,0.8568,0.9747,0.0533,0.0559,0.0804,0.210302,0.02680787,9.07e-05,-0.0596518,-0.5548991,0.0147,0.0183,0.021,0.0245,0.0265,0.0297,0.0325,0.0354,0.0391,0.0522
0.3786,0.4269,0.6014,0.0436,0.1125,0.0557,0.0731,0.0758,0.1022,0.986,0.8085,0.8228,0.0793,0.0891,0.0988,0.188143,0.01920431,6.35e-05,-0.0968245,-0.8940861,0.0098,0.0109,0.0149,0.0162,0.0199,0.0215,0.0245,0.0262,0.0298,0.0367
0.3705,0.4873,0.7525,0.0414,0.1475,0.0764,0.0798,0.1204,0.1317,0.9387,0.9442,0.9757,0.0546,0.0592,0.0736,0.131687,0.02767068,0.00017009,0.276618681,-0.5033405,0.011,0.0151,0.0202,0.0248,0.027,0.0311,0.0345,0.0391,0.0459,0.0618
0.3829,0.4056,0.7486,0.0437,0.1182,0.0541,0.0783,0.0869,0.1014,0.9388,0.8161,0.923,0.0554,0.0734,0.096,0.204637,0.025086944,8.06e-05,-0.0530466,-0.5886703,0.0129,0.0161,0.02,0.0222,0.0253,0.0272,0.0306,0.0332,0.0363,0.0456
0.387,0.4392,0.6023,0.0483,0.1103,0.0563,0.0792,0.0911,0.0936,0.8475,0.8594,0.9681,0.0572,0.0795,0.0929,0.166234,0.019742699,7.24e-05,-0.0199931,-0.8459369,0.008,0.0113,0.0147,0.0168,0.02,0.0221,0.0252,0.0275,0.0314,0.0403
0.3896,0.4514,0.6891,0.0491,0.1175,0.0584,0.0662,0.0834,0.104,0.9093,0.8372,0.8755,0.0505,0.0515,0.0596,0.151423,0.01974319,7.12e-05,0.045022336,-0.7810564,0.0087,0.0112,0.0144,0.0166,0.0208,0.022,0.0247,0.0271,0.0313,0.0394
0.3668,0.4851,0.9233,0.0408,0.115,0.0627,0.0785,0.0806,0.0976,0.8156,0.9462,0.8788,0.0534,0.0901,0.0992,0.138332,0.025490755,7.39e-05,-0.3276133,-0.3617817,0.015,0.0186,0.0215,0.0245,0.0259,0.0283,0.0309,0.0331,0.036,0.0439
0.3605,0.4665,0.7062,0.0431,0.141,0.0591,0.08,0.0935,0.1147,0.9679,0.8686,0.9971,0.0625,0.0662,0.0883,0.165698,0.02340221,0.00010294,0.194255817,-0.5147155,0.0105,0.0145,0.0168,0.0203,0.0232,0.0256,0.029,0.0323,0.0367,0.0512
0.4161,0.4022,0.6187,0.0432,0.12,0.0604,0.0741,0.0944,0.0945,0.9617,0.9804,0.9492,0.0666,0.0862,0.0958,0.175211,0.021478081,7.75e-05,-0.0920008,-0.8257095,0.0098,0.0123,0.0156,0.0201,0.0214,0.0245,0.0265,0.03,0.0327,0.0418
0.3993,0.4874,0.8929,0.0469,0.1222,0.0672,0.0839,0.0914,0.1086,0.964,0.8805,0.8097,0.0509,0.0608,0.0925,0.107046,0.022168906,6.47e-05,-0.0993364,-0.5934941,0.011,0.0149,0.0172,0.0202,0.0222,0.0252,0.0267,0.0301,0.0328,0.0406
0.3529,0.4427,0.6574,0.0376,0.1344,0.0553,0.085,0.1046,0.1247,0.8525,0.9964,0.9317,0.0753,0.0947,0.0974,0.198771,0.025554068,0.00012251,0.224240579,-0.4208268,0.0108,0.0145,0.0201,0.0223,0.0253,0.0279,0.0317,0.035,0.0399,0.0559
0.4041,0.4143,0.7879,0.0395,0.1268,0.0509,0.0743,0.0828,0.1063,0.8497,0.885,0.9027,0.0559,0.0834,0.0919,0.173496,0.022660984,6.74e-05,-0.004913,-0.4882983,0.0119,0.0158,0.0181,0.0204,0.0224,0.0257,0.0268,0.03,0.0329,0.045
0.3988,0.4984,0.9411,0.0459,0.143,0.0735,0.0926,0.0942,0.1293,0.852,0.9937,0.8555,0.052,0.0531,0.063,0.089298,0.023395624,7.03e-05,-0.2526053,-0.5009419,0.0115,0.0154,0.0198,0.0209,0.025,0.0263,0.0285,0.0311,0.0344,0.0412
0.4058,0.4841,0.5003,0.0488,0.129,0.057,0.0796,0.0981,0.1145,0.8776,0.9865,0.9375,0.0849,0.0868,0.0925,0.100866,0.01752135,6.43e-05,0.105233572,-0.8151337,0.0062,0.0102,0.0112,0.0151,0.0171,0.0199,0.0219,0.0251,0.0276,0.0364
0.3695,0.4199,0.513,0.0461,0.124,0.0636,0.0875,0.0906,0.1137,0.9326,0.8459,0.9519,0.0639,0.0738,0.0932,0.201121,0.025314841,0.00012889,0.159583225,-0.3637344,0.0102,0.0144,0.0191,0.0215,0.0256,0.0284,0.0319,0.0351,0.0396,0.0604
0.3976,0.4522,0.7915,0.0394,0.1163,0.0538,0.0608,0.0851,0.0987,0.8234,0.8165,0.9649,0.0526,0.0545,0.0725,0.144153,0.017818805,4.64e-05,-0.0378136,-0.7651707,0.0097,0.0114,0.0151,0.016,0.0179,0.02,0.0215,0.0252,0.0268,0.0335
0.4053,0.4016,0.8625,0.05,0.1301,0.0631,0.0847,0.109,0.1117,0.9021,0.8832,0.8654,0.0648,0.0663,0.0726,0.183894,0.029697324,9.23e-05,-0.4035943,-0.3326553,0.0159,0.0217,0.0255,0.027,0.0308,0.0333,0.0356,0.0384,0.0417,0.0492
0.4086,0.4355,0.7737,0.0488,0.1134,0.059,0.0769,0.0932,0.0989,0.8376,0.9946,0.9772,0.0694,0.0794,0.0923,0.149444,0.021292822,6.36e-05,-0.0710192,-0.7423058,0.0102,0.0139,0.0158,0.0202,0.0214,0.0239,0.0261,0.0285,0.0317,0.0391
0.4135,0.469,0.6718,0.0394,0.1371,0.0652,0.069,0.0803,0.114,0.9103,0.9979,0.9977,0.0712,0.084,0.0975,0.1088,0.018033556,6.77e-05,0.111142888,-0.7939436,0.0063,0.0106,0.0124,0.0159,0.0179,0.0208,0.0224,0.0259,0.0295,0.0381
0.3964,0.497,0.8758,0.038,0.121,0.05,0.0708,0.081,0.1091,0.9556,0.8399,0.9433,0.0547,0.0606,0.083,0.099874,0.01747796,4.53e-05,0.045560545,-0.643519,0.01,0.0117,0.0142,0.0154,0.0172,0.0204,0.0213,0.024,0.0264,0.0357
0.3591,0.4887,0.6658,0.0486,0.1446,0.0658,0.066,0.1011,0.1249,0.9892,0.9861,0.9486,0.09,0.0903,0.0982,0.142351,0.023366847,0.00011094,0.108095101,-0.7011511,0.0101,0.0142,0.0165,0.0202,0.0232,0.0258,0.0297,0.0327,0.0371,0.0512
0.3588,0.4096,0.5243,0.0444,0.1336,0.0672,0.0876,0.0887,0.115,0.9045,0.828,0.8141,0.0563,0.0847,0.0957,0.22417,0.02578993,0.00010598,-0.1529378,-0.7837228,0.0106,0.0155,0.0205,0.0236,0.0258,0.0295,0.0319,0.0356,0.0393,0.0472
0.3885,0.4975,0.7025,0.0375,0.1284,0.0475,0.0682,0.0955,0.1208,0.938,0.8782,0.8142,0.0671,0.0867,0.0938,0.108108,0.01567695,5.34e-05,0.211436473,-0.7431779,0.006,0.0101,0.0109,0.0134,0.0158,0.0173,0.0204,0.0217,0.0258,0.0377
0.3837,0.4668,0.7021,0.0397,0.126,0.05,0.0594,0.0866,0.1099,0.9966,0.8198,0.8402,0.0764,0.0819,0.085,0.141868,0.01641057,5.16e-05,0.05036041,-0.9195361,0.0062,0.0106,0.0119,0.0146,0.0159,0.019,0.021,0.0232,0.026,0.0354
0.3814,0.4842,0.7826,0.0499,0.1457,0.0582,0.0799,0.1161,0.1214,0.8845,0.866,0.8021,0.0767,0.0781,0.0969,0.127559,0.021781358,8.28e-05,0.140744443,-0.6633782,0.0105,0.013,0.016,0.02,0.0218,0.0248,0.0266,0.0303,0.0341,0.0439
0.3647,0.43,0.7518,0.0412,0.1116,0.0642,0.0738,0.085,0.1013,0.9495,0.9445,0.8835,0.051,0.0548,0.0885,0.196731,0.02700469,0.00010255,0.062327,-0.546917,0.0149,0.0179,0.0212,0.0248,0.0264,0.0301,0.0332,0.0359,0.0406,0.0539
0.381,0.4446,0.9314,0.0497,0.1299,0.0723,0.085,0.0874,0.1218,0.99,0.8307,0.8297,0.0584,0.0606,0.0963,0.163378,0.030060465,0.00010626,-0.3644951,-0.3041496,0.0157,0.0209,0.0247,0.0275,0.0311,0.0333,0.0358,0.0397,0.0434,0.0517
0.4192,0.4933,0.6997,0.0421,0.1421,0.0658,0.0873,0.1015,0.1291,0.9111,0.9655,0.9004,0.0718,0.075,0.0862,0.072209,0.016201849,5.94e-05,0.230223887,-0.8027603,0.006,0.0101,0.011,0.0148,0.016,0.0179,0.0207,0.0229,0.0264,0.0377
0.3886,0.4419,0.537,0.0431,0.1464,0.0674,0.0853,0.1064,0.1165,0.9033,0.8447,0.8493,0.061,0.0971,0.099,0.163046,0.02231779,9.36e-05,0.0411659,-0.6550845,0.0096,0.0135,0.0162,0.0204,0.0218,0.0251,0.0277,0.0311,0.0353,0.0472
0.397,0.4774,0.6289,0.0463,0.1192,0.0526,0.0847,0.0973,0.1151,0.8225,0.9506,0.9656,0.0625,0.067,0.0849,0.114091,0.017803526,6.98e-05,0.213880634,-0.6758517,0.0064,0.0101,0.012,0.0151,0.0171,0.0202,0.0224,0.0257,0.0294,0.0406
0.3765,0.4799,0.6603,0.0407,0.1301,0.056,0.072,0.0945,0.1177,0.8049,0.8477,0.9633,0.0508,0.0787,0.0849,0.133331,0.01758014,6.19e-05,0.06375962,-0.8701109,0.0063,0.0104,0.0113,0.0153,0.0172,0.0201,0.0219,0.0249,0.0278,0.0367
0.3881,0.4669,0.8605,0.0443,0.1263,0.0698,0.0703,0.0869,0.1105,0.8315,0.8096,0.9537,0.0518,0.0857,0.0906,0.136767,0.023203825,6.96e-05,-0.0804056,-0.6107519,0.0116,0.0153,0.0198,0.021,0.0233,0.0256,0.0272,0.0312,0.035,0.0418
0.378,0.4613,0.6757,0.0392,0.1103,0.0539,0.0739,0.0832,0.0919,0.8207,0.989,0.9083,0.0518,0.0614,0.0799,0.1559,0.018122971,5.83e-05,0.02861428,-0.7144092,0.0066,0.0106,0.0145,0.0156,0.0186,0.0202,0.0223,0.0252,0.0276,0.0364
0.4083,0.4888,0.7095,0.0436,0.138,0.0567,0.0859,0.0948,0.1069,0.948,0.9493,0.9054,0.0599,0.0989,0.0994,0.09127,0.01753487,7.08e-05,0.260984951,-0.679897,0.0063,0.0097,0.0116,0.0147,0.0168,0.0197,0.0217,0.0252,0.029,0.04
0.369,0.4717,0.8053,0.0371,0.1479,0.0732,0.0852,0.0942,0.1116,0.9886,0.8484,0.9118,0.0579,0.0931,0.096,0.147557,0.024494999,8.4e-05,-0.0792524,-0.7726754,0.0118,0.0159,0.0202,0.0218,0.0248,0.0268,0.0307,0.0333,0.0364,0.0433
0.3821,0.4188,0.857,0.0386,0.1237,0.0534,0.0601,0.09,0.1011,0.8167,0.921,0.9723,0.0586,0.0702,0.0965,0.191778,0.02436348,6.51e-05,-0.329421,-0.4219849,0.0147,0.0169,0.0208,0.0224,0.025,0.0266,0.0299,0.032,0.0345,0.0433
0.4095,0.452,0.7236,0.0431,0.1272,0.0586,0.0756,0.0879,0.1104,0.9605,0.8366,0.955,0.0694,0.0814,0.0991,0.12841,0.01870006,6.49e-05,0.0078124,-0.8533252,0.0068,0.0109,0.015,0.0162,0.0199,0.021,0.0247,0.026,0.0298,0.0377
0.3958,0.4838,0.8895,0.0494,0.1459,0.0652,0.0969,0.1117,0.1334,0.813,0.9663,0.9012,0.0695,0.0814,0.0982,0.114367,0.024684868,7.78e-05,0.05571254,-0.2614486,0.0138,0.017,0.0206,0.0221,0.0251,0.0268,0.0292,0.0324,0.0364,0.0482
0.3789,0.4826,0.6194,0.0368,0.1486,0.0521,0.0734,0.1097,0.1186,0.8024,0.8263,0.9108,0.0626,0.0641,0.0861,0.1292,0.017880925,7.46e-05,0.339623423,-0.4813249,0.0065,0.0106,0.0125,0.0157,0.0169,0.02,0.0221,0.0259,0.0297,0.045
0.3897,0.4701,0.9344,0.047,0.1148,0.0591,0.0875,0.0878,0.1058,0.9701,0.8382,0.8303,0.0615,0.0805,0.0992,0.134887,0.025551801,7.76e-05,-0.3310524,-0.3117134,0.0134,0.0189,0.0209,0.0238,0.0255,0.0281,0.0309,0.0333,0.0365,0.0461
0.4153,0.471,0.6786,0.048,0.1229,0.0642,0.0744,0.1001,0.1096,0.8962,0.9836,0.9013,0.0583,0.0764,0.0834,0.108269,0.01783325,6.41e-05,0.052833082,-0.8842301,0.0063,0.0106,0.0121,0.0157,0.0175,0.0205,0.0221,0.0256,0.0288,0.0377
0.4159,0.4138,0.6424,0.0498,0.1447,0.0713,0.0764,0.0938,0.1206,0.8845,0.8076,0.8077,0.051,0.072,0.0868,0.159491,0.022072477,8.8e-05,-6.21e-05,-0.8755308,0.0099,0.0128,0.0159,0.0203,0.0216,0.0246,0.027,0.0312,0.0356,0.0424
0.3837,0.4306,0.8381,0.0441,0.1168,0.0571,0.0689,0.0903,0.1058,0.9745,0.9398,0.9242,0.0509,0.0794,0.0906,0.179608,0.02609706,7.5e-05,-0.2320435,-0.3828558,0.0143,0.0184,0.0215,0.025,0.0266,0.029,0.0312,0.0337,0.0367,0.0485
0.3525,0.4256,0.6044,0.0484,0.1477,0.0661,0.0779,0.1094,0.1367,0.9038,0.8658,0.9511,0.0502,0.0511,0.0525,0.212012,0.03052253,0.00019339,0.123315622,-0.8641092,0.0122,0.017,0.0212,0.0257,0.0303,0.0336,0.0382,0.0439,0.0505,0.0602
0.4095,0.4218,0.7743,0.0483,0.1131,0.0567,0.0733,0.0817,0.1005,0.9616,0.9622,0.9046,0.0511,0.0875,0.0969,0.161835,0.02258369,6.61e-05,-0.12882,-0.6521314,0.0113,0.0152,0.0176,0.0209,0.0226,0.0249,0.0268,0.0302,0.033,0.0424
0.3764,0.4879,0.9282,0.0372,0.1149,0.0538,0.0612,0.0943,0.1007,0.8545,0.9413,0.8517,0.0677,0.0729,0.0838,0.129756,0.02293991,6.37e-05,-0.2439344,-0.4187395,0.012,0.0159,0.0197,0.0215,0.0237,0.0256,0.0275,0.0304,0.0332,0.0439
0.4072,0.4929,0.669,0.0442,0.1289,0.0621,0.079,0.0872,0.1135,0.9001,0.8801,0.9815,0.0543,0.0553,0.0818,0.087855,0.015797266,5.47e-05,0.167156627,-0.9016799,0.0058,0.0095,0.011,0.0136,0.0156,0.0175,0.0208,0.0223,0.0257,0.0328
0.3712,0.4365,0.6401,0.0383,0.1234,0.0576,0.0748,0.0915,0.1167,0.9637,0.9109,0.8237,0.0644,0.0708,0.074,0.189261,0.021970426,8.56e-05,0.123336946,-0.6002986,0.0107,0.0133,0.0157,0.0198,0.0213,0.0242,0.0265,0.0305,0.0343,0.0461
0.4198,0.4139,0.8417,0.0396,0.1265,0.0681,0.0787,0.0964,0.1117,0.8496,0.868,0.9529,0.0561,0.0872,0.0944,0.158481,0.024760246,7.29e-05,-0.1956149,-0.5003628,0.0147,0.0165,0.021,0.0224,0.0254,0.0272,0.03,0.032,0.0359,0.0439
0.3592,0.419,0.9147,0.0469,0.1349,0.0593,0.0943,0.0989,0.1192,0.982,0.8678,0.9737,0.0783,0.0861,0.0915,0.212319,0.036189992,0.00015768,-0.1816177,-0.1957613,0.0209,0.0254,0.0302,0.0333,0.0364,0.04,0.0428,0.047,0.0523,0.0667
0.3571,0.4607,0.8463,0.0407,0.122,0.0519,0.0664,0.0868,0.0941,0.9007,0.8595,0.8786,0.0509,0.0803,0.0941,0.172984,0.024905406,8.13e-05,0.0020784,-0.4423593,0.0135,0.016,0.021,0.0225,0.0248,0.0268,0.0302,0.0332,0.0362,0.0495
0.4055,0.4705,0.6176,0.0483,0.1439,0.0625,0.0742,0.1155,0.1279,0.9395,0.9584,0.9604,0.0638,0.0943,0.0948,0.11055,0.020362875,9.19e-05,0.208189184,-0.7188354,0.0069,0.0114,0.015,0.0167,0.0207,0.0225,0.0255,0.0294,0.0337,0.043
0.3913,0.434,0.8059,0.0369,0.1254,0.0581,0.0758,0.1014,0.1028,0.9016,0.8642,0.8166,0.0553,0.0571,0.0851,0.169368,0.023780419,7.62e-05,-0.0111583,-0.6394426,0.0122,0.016,0.0191,0.0208,0.0249,0.0265,0.0288,0.0319,0.0358,0.0447
0.3913,0.4561,0.9086,0.0394,0.1101,0.0511,0.0632,0.0917,0.0986,0.913,0.9379,0.9118,0.0622,0.0792,0.0873,0.147597,0.024347083,7.43e-05,-0.1577232,-0.4017321,0.0131,0.0162,0.0201,0.0216,0.0243,0.0261,0.0293,0.0321,0.0356,0.0461
0.3516,0.4365,0.659,0.0366,0.1343,0.063,0.0916,0.098,0.1122,0.9454,0.9858,0.9575,0.073,0.0895,0.0898,0.1957,0.026512245,0.00012497,0.189437009,-0.6029468,0.0114,0.0153,0.0207,0.0229,0.026,0.0289,0.0324,0.0362,0.0418,0.0559
0.3947,0.4966,0.7354,0.0445,0.1114,0.0544,0.0745,0.0865,0.1016,0.8534,0.8218,0.9204,0.0645,0.0861,0.0903,0.10183,0.016188828,5.2e-05,0.03376318,-0.9559555,0.006,0.01,0.0115,0.0152,0.0161,0.0192,0.0204,0.0229,0.026,0.0335
0.3894,0.4895,0.6574,0.0426,0.145,0.0678,0.083,0.1033,0.1311,0.9353,0.9191,0.8109,0.0691,0.0925,0.0946,0.110604,0.01945708,7.92e-05,0.08619234,-0.8287762,0.0067,0.0111,0.0147,0.0162,0.0202,0.0217,0.0248,0.0272,0.0316,0.0427
0.3946,0.4727,0.8258,0.041,0.1204,0.0623,0.0674,0.0876,0.1033,0.891,0.9989,0.8563,0.0547,0.0791,0.0848,0.127654,0.01971181,5.4e-05,-0.1074308,-0.7096109,0.0102,0.0115,0.0154,0.0177,0.0202,0.0217,0.0244,0.0259,0.0292,0.0367
0.4022,0.4106,0.7787,0.0401,0.1366,0.0674,0.0831,0.1044,0.1238,0.9727,0.8877,0.8796,0.0527,0.0836,0.0888,0.180321,0.02578866,8.1e-05,-0.1106459,-0.6001797,0.0135,0.0171,0.0206,0.0235,0.0253,0.028,0.0313,0.0341,0.0374,0.0461
0.3631,0.4068,0.9159,0.0452,0.1319,0.0527,0.0737,0.0991,0.1139,0.8313,0.9115,0.9445,0.0678,0.0881,0.0979,0.220331,0.03258841,0.00010979,-0.4808638,-0.1026596,0.0183,0.0237,0.0273,0.0307,0.0339,0.0363,0.0393,0.0415,0.0452,0.0572
0.3568,0.4895,0.6935,0.0396,0.1344,0.0614,0.0685,0.0936,0.1245,0.9673,0.8962,0.987,0.0757,0.0848,0.0945,0.143052,0.02165623,9.79e-05,0.24857536,-0.4736183,0.0094,0.0112,0.0153,0.0198,0.0212,0.0243,0.0263,0.0305,0.0354,0.0472
0.38,0.4207,0.7816,0.0384,0.148,0.0593,0.0813,0.1046,0.1369,0.9753,0.9771,0.9419,0.0504,0.0702,0.0943,0.187182,0.02837164,0.00010856,0.04176213,-0.4853546,0.0156,0.0203,0.0222,0.026,0.0278,0.031,0.0351,0.0374,0.0422,0.055
0.3931,0.4287,0.5492,0.0441,0.1473,0.0535,0.0918,0.0966,0.1081,0.8224,0.8884,0.9631,0.0525,0.0615,0.076,0.169287,0.019655172,7.2e-05,0.01526629,-0.7020536,0.0081,0.0119,0.0155,0.0168,0.0199,0.0222,0.0256,0.0275,0.0309,0.0447
0.4001,0.4433,0.718,0.0423,0.1307,0.0621,0.0648,0.0963,0.1166,0.9398,0.8295,0.8288,0.0542,0.0647,0.0977,0.151964,0.020078286,6.98e-05,0.016443227,-0.8325871,0.009,0.0114,0.0145,0.017,0.0207,0.0219,0.0254,0.0273,0.0315,0.0391
0.4096,0.4765,0.8689,0.0358,0.1228,0.0539,0.0684,0.0957,0.1064,0.8754,0.9337,0.9479,0.0662,0.0683,0.0735,0.105623,0.018106,4.42e-05,-0.0279763,-0.6169837,0.0103,0.0119,0.0147,0.0159,0.0183,0.0206,0.0216,0.025,0.0265,0.0354
0.3936,0.4871,0.6114,0.0487,0.119,0.0576,0.0743,0.0999,0.102,0.8931,0.8865,0.9595,0.0527,0.0599,0.0958,0.11497,0.018148778,6.89e-05,0.106546393,-0.8059954,0.0064,0.0103,0.0128,0.0152,0.0183,0.0203,0.0229,0.0256,0.0294,0.04
0.4069,0.426,0.511,0.0433,0.1297,0.0701,0.0703,0.0925,0.1173,0.938,0.8114,0.964,0.0563,0.0641,0.0856,0.161174,0.020028381,7.92e-05,-0.0080103,-0.9415112,0.007,0.0111,0.0154,0.0171,0.0206,0.0224,0.0258,0.0286,0.0324,0.0381
0.3544,0.426,0.8292,0.0389,0.1112,0.0525,0.0683,0.0893,0.1038,0.8686,0.8024,0.8984,0.0519,0.0564,0.0854,0.213275,0.027338737,9.2e-05,-0.0630185,-0.4409151,0.0154,0.0198,0.0215,0.0253,0.0274,0.0303,0.0333,0.0358,0.0399,0.0534
0.3519,0.4597,0.7297,0.0475,0.1193,0.0565,0.0877,0.091,0.1064,0.9083,0.955,0.8334,0.0516,0.0644,0.072,0.183783,0.02514147,9.87e-05,0.117666996,-0.576017,0.0117,0.0163,0.0202,0.0218,0.0253,0.027,0.0313,0.0348,0.0384,0.0541
0.4,0.4991,0.6408,0.0404,0.1294,0.0556,0.0634,0.0993,0.1173,0.8677,0.9339,0.8835,0.0594,0.0742,0.0749,0.092999,0.01634046,5.74e-05,0.109336726,-0.9422976,0.006,0.0102,0.0117,0.0144,0.0158,0.019,0.0211,0.0238,0.0264,0.0354
0.3565,0.4724,0.6521,0.0473,0.1275,0.0622,0.076,0.0864,0.1161,0.8763,0.8138,0.9849,0.0508,0.0536,0.0647,0.16137,0.020973329,8.76e-05,0.134629369,-0.6573377,0.0096,0.0113,0.015,0.018,0.0216,0.0235,0.0261,0.0298,0.0335,0.0495
0.4123,0.4047,0.846,0.0414,0.1298,0.0554,0.076,0.103,0.1092,0.864,0.8637,0.9914,0.0566,0.059,0.0641,0.170888,0.02334438,5.86e-05,-0.3538064,-0.4416196,0.0126,0.0157,0.0204,0.0216,0.0242,0.026,0.0274,0.0304,0.0328,0.0391
0.3616,0.4416,0.7549,0.0431,0.1341,0.0614,0.0674,0.1084,0.112,0.881,0.9501,0.8746,0.0561,0.0562,0.0687,0.183064,0.02500039,8.25e-05,-0.0057467,-0.535668,0.0116,0.0162,0.0205,0.0219,0.025,0.0271,0.0306,0.0329,0.0365,0.0472
0.3892,0.4736,0.5607,0.042,0.1387,0.0653,0.0746,0.1087,0.1263,0.8266,0.8239,0.8023,0.0685,0.0761,0.0784,0.125782,0.020871477,9.58e-05,0.250569314,-0.502483,0.0071,0.0111,0.0148,0.0176,0.0214,0.0239,0.0263,0.0295,0.0343,0.0492
0.3961,0.427,0.5636,0.0498,0.1343,0.0747,0.0809,0.1027,0.1177,0.8262,0.9168,0.9191,0.0707,0.0801,0.086,0.170651,0.02449234,0.00011304,-0.0285955,-0.8731633,0.0098,0.0141,0.0186,0.0211,0.0244,0.0271,0.0313,0.0346,0.0395,0.0464
0.3699,0.4086,0.5876,0.0419,0.1281,0.0612,0.0902,0.0949,0.1116,0.8934,0.9181,0.9245,0.0644,0.0875,0.0975,0.214199,0.02824166,0.00015365,0.176081393,-0.5420682,0.0123,0.0161,0.0212,0.0244,0.0278,0.0314,0.0352,0.0402,0.0453,0.0634
0.3635,0.5,0.6368,0.0432,0.1438,0.0664,0.0914,0.1038,0.1318,0.8914,0.8716,0.8959,0.0668,0.0679,0.072,0.124062,0.02510193,0.00015253,0.296545307,-0.4279777,0.0086,0.0133,0.0168,0.0205,0.0251,0.0286,0.0316,0.0362,0.0409,0.0594
0.4173,0.4346,0.9314,0.0487,0.1113,0.0657,0.0805,0.0894,0.0976,0.8295,0.8111,0.8321,0.0615,0.0947,0.0998,0.143254,0.029413625,9.32e-05,-0.5457537,-0.2523126,0.0152,0.0211,0.0248,0.0275,0.0309,0.0327,0.0358,0.0381,0.0408,0.0472
0.4095,0.4718,0.5086,0.0355,0.1411,0.0579,0.0826,0.0967,0.1245,0.9829,0.9386,0.8067,0.0574,0.0574,0.0838,0.1077,0.01578862,5.16e-05,0.139712665,-0.8546017,0.0059,0.0097,0.0112,0.0148,0.0156,0.0174,0.0207,0.0221,0.0255,0.0328
0.4059,0.4587,0.5609,0.0404,0.1285,0.0638,0.0692,0.1035,0.1072,0.9167,0.8667,0.9058,0.0666,0.0718,0.0811,0.127248,0.019385327,8.01e-05,0.165645018,-0.7100326,0.0067,0.0109,0.0144,0.0158,0.02,0.0212,0.0245,0.0276,0.0315,0.0415
0.4146,0.4245,0.6234,0.0486,0.1265,0.0637,0.0888,0.104,0.1085,0.8613,0.9527,0.9929,0.0686,0.0897,0.0921,0.149446,0.020519535,8.09e-05,0.020412784,-0.8272826,0.0089,0.0117,0.0153,0.0177,0.0209,0.0231,0.0255,0.0291,0.0328,0.0427
0.3814,0.4093,0.704,0.0437,0.1105,0.0521,0.0729,0.0759,0.104,0.9772,0.9876,0.9551,0.0653,0.0745,0.0995,0.200813,0.023886487,8.22e-05,-0.0475274,-0.7396025,0.0119,0.0145,0.0192,0.0211,0.0239,0.0262,0.0294,0.0323,0.0361,0.0453
0.4024,0.489,0.5024,0.044,0.1283,0.0636,0.0739,0.0783,0.119,0.8793,0.9101,0.8882,0.0635,0.0755,0.0803,0.103812,0.01848211,7.68e-05,0.176281586,-0.8512396,0.0064,0.0101,0.0121,0.0149,0.0183,0.0211,0.0237,0.0264,0.0307,0.0391
0.4083,0.4662,0.7301,0.0425,0.1118,0.0507,0.0664,0.0794,0.0959,0.8535,0.8972,0.8819,0.0627,0.0874,0.0884,0.121372,0.016937048,5.22e-05,-0.009456,-0.889321,0.0062,0.0107,0.012,0.0156,0.0166,0.0196,0.0209,0.0244,0.0264,0.0335
0.38,0.4706,0.9109,0.0417,0.1381,0.064,0.0757,0.0939,0.106,0.9986,0.9037,0.8646,0.0636,0.0668,0.0729,0.136744,0.024961641,6.82e-05,-0.3821434,-0.3749786,0.0144,0.0183,0.0207,0.023,0.0256,0.0278,0.0303,0.0323,0.0356,0.0415
0.3889,0.484,0.7973,0.0434,0.1304,0.0543,0.0672,0.0771,0.1141,0.9513,0.8039,0.8038,0.0606,0.0673,0.0806,0.121653,0.017071126,4.82e-05,-0.008686,-0.8204494,0.0067,0.0109,0.0126,0.0156,0.0167,0.0196,0.0207,0.0234,0.0263,0.0335
0.3955,0.4173,0.5389,0.0366,0.1203,0.0536,0.0643,0.0946,0.1053,0.8302,0.988,0.9604,0.0876,0.0961,0.0979,0.178914,0.019010432,7.21e-05,0.0813065,-0.746562,0.0067,0.0111,0.0146,0.016,0.0202,0.0214,0.0241,0.0261,0.0303,0.0424
0.3876,0.4455,0.7591,0.0368,0.1186,0.0566,0.0655,0.0814,0.0983,0.8324,0.8815,0.8474,0.0734,0.0742,0.0843,0.161568,0.02090031,6.41e-05,-0.0170431,-0.6722811,0.0104,0.0142,0.0155,0.0197,0.0209,0.0232,0.0258,0.0282,0.0315,0.0415
0.3555,0.4644,0.6739,0.0476,0.1324,0.073,0.0956,0.1018,0.1172,0.9973,0.8405,0.8629,0.0721,0.0842,0.0924,0.173653,0.025127884,0.00011081,0.143520516,-0.6182782,0.011,0.0154,0.0191,0.0216,0.0246,0.0275,0.0311,0.0353,0.0396,0.051
0.363,0.4279,0.6857,0.0424,0.1219,0.0616,0.0793,0.0988,0.0989,0.9476,0.8051,0.9208,0.072,0.0869,0.0956,0.200672,0.02519952,9.74e-05,0.06826492,-0.6037849,0.0114,0.0159,0.0196,0.0223,0.0248,0.0274,0.0308,0.0349,0.0391,0.051
0.3906,0.4336,0.8445,0.0454,0.118,0.0589,0.0738,0.0873,0.1066,0.9594,0.8649,0.831,0.0644,0.0825,0.0891,0.168816,0.024071876,6.52e-05,-0.2863471,-0.5899133,0.0137,0.0163,0.0197,0.0216,0.0248,0.0261,0.0295,0.0318,0.0351,0.04
0.3892,0.4523,0.9253,0.0477,0.125,0.0674,0.0764,0.087,0.1022,0.8522,0.8865,0.9794,0.0678,0.07,0.0863,0.152751,0.02753456,8.63e-05,-0.3962934,-0.3515979,0.0143,0.0201,0.0225,0.0251,0.0278,0.0313,0.0335,0.0359,0.0394,0.0464
0.352,0.4352,0.6958,0.0441,0.1117,0.0549,0.0719,0.0895,0.1024,0.8829,0.9424,0.8424,0.055,0.064,0.0898,0.204997,0.02477165,9.58e-05,0.106654369,-0.5450231,0.0114,0.0156,0.0194,0.0212,0.0245,0.0268,0.0306,0.0334,0.0375,0.0517
0.4188,0.4242,0.6265,0.0374,0.1365,0.0526,0.0748,0.0953,0.1118,0.8783,0.9387,0.9642,0.0525,0.0594,0.0634,0.144969,0.01767371,6.03e-05,0.0427278,-0.8455668,0.0063,0.0104,0.012,0.0153,0.0173,0.0199,0.022,0.0251,0.0276,0.0364
0.3565,0.457,0.8157,0.0358,0.1149,0.0676,0.0724,0.0757,0.1004,0.8922,0.8314,0.8012,0.0846,0.0926,0.0954,0.181849,0.026544957,9.12e-05,-0.1093044,-0.6838598,0.0137,0.0177,0.0211,0.0242,0.0259,0.0298,0.032,0.0357,0.0393,0.0472
0.4003,0.4157,0.7295,0.05,0.1431,0.0797,0.0835,0.0857,0.1269,0.8394,0.8473,0.921,0.0755,0.0785,0.0918,0.178448,0.026684839,9.66e-05,-0.1044024,-0.7310326,0.0134,0.0173,0.021,0.0243,0.0262,0.0303,0.0322,0.0359,0.0395,0.0472
0.3618,0.4944,0.9058,0.0478,0.11,0.057,0.0736,0.0803,0.1016,0.8014,0.8236,0.9777,0.0623,0.0645,0.0979,0.1375,0.022948202,6.16e-05,-0.3424715,-0.5516746,0.0114,0.0151,0.0195,0.0214,0.0238,0.0258,0.0273,0.0306,0.0323,0.0391
0.3635,0.4189,0.8167,0.0385,0.1289,0.0524,0.0825,0.0826,0.1091,0.841,0.9238,0.8333,0.0502,0.0627,0.0763,0.210845,0.02695106,8.43e-05,-0.1562903,-0.481491,0.0145,0.0201,0.0216,0.0248,0.0266,0.0299,0.0321,0.0356,0.0392,0.0474
0.4006,0.4767,0.905,0.0405,0.1442,0.0534,0.0826,0.1016,0.131,0.9537,0.8867,0.9146,0.0642,0.0668,0.0844,0.110438,0.022836372,7.86e-05,0.358595901,0.38346749,0.0115,0.0158,0.018,0.0209,0.0222,0.0254,0.0268,0.0302,0.0349,0.0543
0.3678,0.4475,0.6812,0.0369,0.1457,0.0695,0.0836,0.1068,0.1239,0.9207,0.9898,0.9524,0.0607,0.0686,0.078,0.170578,0.02549361,0.00011344,0.00549524,-0.8313161,0.0107,0.015,0.0203,0.0224,0.0259,0.0283,0.0322,0.0353,0.0404,0.0492
0.3659,0.4303,0.5757,0.0474,0.1463,0.0832,0.0992,0.1212,0.1249,0.9829,0.9881,0.8769,0.0737,0.0832,0.0872,0.193658,0.02978122,0.00015227,-0.1343192,-0.8763481,0.0119,0.0182,0.022,0.0261,0.0306,0.0346,0.0372,0.0412,0.0458,0.0539
0.4062,0.4822,0.6316,0.0489,0.1454,0.0692,0.0998,0.1074,0.131,0.946,0.9146,0.8789,0.0501,0.0561,0.0644,0.098017,0.020446844,9.76e-05,0.22740709,-0.7270912,0.0069,0.0116,0.0137,0.0164,0.0202,0.0227,0.0257,0.0292,0.0346,0.0453
0.3824,0.4766,0.7935,0.0471,0.1167,0.0606,0.0754,0.091,0.1055,0.993,0.8093,0.9685,0.0733,0.0757,0.0762,0.136922,0.020875005,6.54e-05,-0.0104441,-0.7245072,0.0102,0.0141,0.0154,0.0196,0.0207,0.023,0.0261,0.0285,0.0316,0.0412
0.4022,0.4929,0.5875,0.0382,0.1426,0.0599,0.0771,0.0918,0.1153,0.9591,0.931,0.9523,0.0723,0.0785,0.082,0.098665,0.017641039,6.89e-05,0.231187178,-0.7047091,0.0064,0.01,0.0118,0.0149,0.0168,0.0199,0.0221,0.0254,0.029,0.0403
0.4059,0.4016,0.6804,0.0438,0.1282,0.0649,0.0694,0.0911,0.1064,0.8436,0.8876,0.8561,0.0517,0.0634,0.0974,0.187226,0.02379275,8.74e-05,-0.0407908,-0.7974911,0.0116,0.0157,0.0184,0.0208,0.0252,0.0264,0.0296,0.0324,0.0365,0.045
0.3888,0.4412,0.6256,0.0456,0.1198,0.0585,0.0889,0.0953,0.105,0.893,0.8547,0.847,0.0635,0.0654,0.0996,0.162493,0.021802106,9.19e-05,0.171339204,-0.478287,0.0098,0.0122,0.0155,0.0204,0.022,0.0253,0.0267,0.0305,0.0343,0.0492
0.3943,0.4349,0.6066,0.0411,0.1456,0.0699,0.0939,0.108,0.1372,0.9754,0.9045,0.9617,0.0558,0.0796,0.0881,0.159082,0.02418103,0.00012177,0.271276598,-0.2384734,0.0098,0.0137,0.0171,0.0205,0.0246,0.0264,0.0305,0.0337,0.0381,0.06
0.3616,0.4146,0.8197,0.0389,0.1459,0.0511,0.0899,0.0996,0.1304,0.9198,0.8435,0.8766,0.0639,0.0651,0.0909,0.213342,0.030526572,0.00011595,-0.0360665,-0.5119552,0.0166,0.0214,0.0255,0.0271,0.0305,0.0338,0.0368,0.0408,0.0457,0.055
0.3688,0.4314,0.7427,0.0462,0.1326,0.059,0.0669,0.0828,0.1192,0.89,0.9529,0.9795,0.0776,0.0795,0.0912,0.189956,0.024721753,8.53e-05,-0.0169905,-0.6347559,0.0125,0.0153,0.0199,0.0215,0.0245,0.0268,0.0304,0.0331,0.0367,0.0461
0.4189,0.402,0.5638,0.0394,0.1218,0.0546,0.0615,0.0859,0.1091,0.935,0.9982,0.8445,0.0642,0.077,0.0918,0.172879,0.01806385,6.09e-05,-0.0442772,-0.934511,0.0063,0.0113,0.0142,0.0155,0.0186,0.0209,0.0227,0.0257,0.0283,0.0354
0.413,0.4991,0.5604,0.0483,0.1429,0.0531,0.0964,0.1121,0.1226,0.9945,0.9396,0.9283,0.0621,0.0956,0.0998,0.073682,0.016682237,5.97e-05,0.154712633,-0.8136383,0.0061,0.0101,0.0109,0.0147,0.0158,0.0193,0.0208,0.0243,0.0265,0.0364
0.413,0.4819,0.71,0.0465,0.1124,0.055,0.068,0.0936,0.0991,0.8953,0.9766,0.8928,0.065,0.0713,0.0852,0.095779,0.015676264,5.03e-05,0.08824052,-0.9475095,0.0059,0.0096,0.011,0.0142,0.0154,0.0172,0.0205,0.0221,0.0251,0.0324
0.3718,0.4108,0.8099,0.0445,0.1105,0.0638,0.072,0.082,0.1043,0.9881,0.8516,0.9212,0.0633,0.0692,0.0797,0.208698,0.027402753,8.31e-05,-0.255311,-0.4972732,0.0145,0.0199,0.0219,0.0249,0.0273,0.031,0.0333,0.0357,0.0395,0.0464
0.3902,0.478,0.915,0.0436,0.1308,0.0634,0.0737,0.1114,0.116,0.9321,0.8636,0.932,0.063,0.0702,0.0766,0.125584,0.026102887,8.7e-05,-0.1046283,-0.4204383,0.0143,0.018,0.0216,0.0235,0.0258,0.0289,0.0315,0.0345,0.0382,0.0495
0.3835,0.4455,0.7521,0.0353,0.1114,0.062,0.0658,0.0795,0.1014,0.9845,0.8646,0.8433,0.063,0.0727,0.0882,0.164746,0.019921955,5.72e-05,-0.0737628,-0.7480003,0.0103,0.0118,0.0156,0.0179,0.0205,0.0222,0.025,0.0263,0.0299,0.0374
0.386,0.4453,0.9195,0.0479,0.1483,0.065,0.0898,0.1056,0.1275,0.9382,0.9247,0.8218,0.0665,0.068,0.0965,0.151873,0.030692512,0.00011244,-0.2781414,-0.3199759,0.0156,0.0217,0.025,0.0276,0.0312,0.0342,0.037,0.0408,0.0443,0.0552
0.4092,0.4242,0.7394,0.0376,0.1467,0.0556,0.0712,0.1054,0.1235,0.8009,0.8927,0.8921,0.0528,0.0743,0.0753,0.155944,0.02071269,6.6e-05,0.02433151,-0.6920701,0.0102,0.0122,0.0154,0.0191,0.0207,0.0229,0.0255,0.0282,0.0315,0.0415
0.386,0.4491,0.8614,0.0427,0.133,0.0671,0.0723,0.0982,0.1241,0.883,0.8129,0.8317,0.0545,0.0883,0.0987,0.148633,0.026388474,8.43e-05,-0.2072328,-0.5827437,0.0138,0.0186,0.021,0.024,0.0261,0.0301,0.0325,0.035,0.0378,0.0464
0.4002,0.4339,0.5884,0.0497,0.1128,0.0699,0.0793,0.0959,0.0961,0.9938,0.9867,0.9842,0.0706,0.0835,0.0841,0.159012,0.022667189,0.00010085,0.04113819,-0.8172463,0.0098,0.013,0.0165,0.0199,0.0223,0.0259,0.0285,0.0319,0.0364,0.045
0.3533,0.4745,0.508,0.0441,0.1213,0.0583,0.0733,0.1,0.1085,0.9036,0.8236,0.976,0.0542,0.0884,0.0912,0.162154,0.0209982,9.13e-05,0.157961788,-0.5889876,0.0072,0.0113,0.0151,0.0183,0.0216,0.0234,0.026,0.03,0.0338,0.0495
0.3984,0.4721,0.7732,0.0411,0.1397,0.0536,0.0733,0.102,0.1228,0.9479,0.9907,0.8914,0.0654,0.0666,0.0907,0.119947,0.01872522,6.84e-05,0.217090895,-0.5484229,0.0084,0.0111,0.0144,0.0157,0.0187,0.0211,0.0235,0.0256,0.0299,0.0424
0.3785,0.4849,0.7985,0.0491,0.1334,0.059,0.0755,0.0995,0.1158,0.9267,0.8321,0.9874,0.0549,0.0752,0.0853,0.130592,0.02116311,6.89e-05,0.016260917,-0.7038237,0.0108,0.0148,0.0161,0.019,0.0205,0.024,0.0261,0.0291,0.032,0.0442
0.3555,0.4982,0.6432,0.0372,0.1143,0.054,0.0677,0.077,0.0963,0.86,0.8743,0.8025,0.0557,0.0735,0.0868,0.141399,0.019202126,8.15e-05,0.308901394,-0.2796243,0.0069,0.0107,0.0143,0.0159,0.019,0.0209,0.024,0.0269,0.0313,0.0502
0.3513,0.4271,0.5666,0.0369,0.111,0.0496,0.0746,0.0752,0.1059,0.8544,0.9693,0.8206,0.0704,0.0842,0.0871,0.217162,0.02113987,7.98e-05,-0.0077767,-0.7793019,0.0096,0.0123,0.0158,0.0192,0.0215,0.0243,0.0259,0.03,0.0332,0.0433
0.381,0.4225,0.7891,0.0437,0.1331,0.0626,0.0809,0.1,0.1208,0.8373,0.8712,0.9726,0.0612,0.0654,0.0875,0.189343,0.02635395,8.78e-05,-0.0484983,-0.5666433,0.0142,0.0177,0.0215,0.025,0.0263,0.0291,0.0322,0.0351,0.0385,0.0492
0.4036,0.4541,0.9383,0.0451,0.1477,0.0715,0.0757,0.1065,0.1159,0.8376,0.9662,0.8045,0.05,0.0689,0.0752,0.13417,0.0264764,7.97e-05,-0.4713154,-0.3277739,0.0148,0.0202,0.0219,0.0249,0.0268,0.0302,0.0325,0.0345,0.0375,0.043
0.4167,0.4445,0.8147,0.0481,0.1226,0.0632,0.0764,0.0951,0.0964,0.9308,0.8596,0.9061,0.0803,0.0813,0.0983,0.129976,0.021664074,6.35e-05,-0.0548336,-0.6890408,0.0106,0.0142,0.0164,0.0206,0.0218,0.0242,0.0258,0.0291,0.0321,0.0394
0.4059,0.4036,0.8506,0.0492,0.1119,0.0623,0.0702,0.0829,0.1002,0.9321,0.9649,0.933,0.0635,0.0786,0.0787,0.185355,0.027187407,8.05e-05,-0.2836249,-0.382058,0.0147,0.0202,0.0218,0.0251,0.0275,0.0305,0.0322,0.0355,0.0384,0.0472
0.3754,0.4444,0.5409,0.0363,0.1233,0.0483,0.0633,0.099,0.1118,0.9901,0.8755,0.8023,0.0516,0.0538,0.0842,0.176851,0.017582946,6.14e-05,0.124893417,-0.703378,0.0065,0.0104,0.0124,0.0151,0.017,0.0199,0.0218,0.0251,0.0279,0.0403
0.3567,0.4823,0.9119,0.048,0.1142,0.0712,0.0788,0.0829,0.0972,0.9668,0.8278,0.8653,0.0559,0.0692,0.082,0.154457,0.027442434,8.51e-05,-0.316208,-0.3585745,0.0149,0.0193,0.0225,0.0252,0.0273,0.0309,0.0337,0.0359,0.0387,0.0497
0.3896,0.4869,0.9322,0.0397,0.1202,0.0551,0.079,0.0894,0.1021,0.9303,0.9163,0.942,0.0556,0.0749,0.0815,0.117317,0.024964077,8.64e-05,0.00190813,-0.3523262,0.0123,0.0168,0.0205,0.0218,0.0248,0.0267,0.0303,0.033,0.0365,0.0472
0.3881,0.4785,0.9454,0.046,0.1162,0.0699,0.0835,0.0935,0.1057,0.969,0.9111,0.8402,0.0706,0.0719,0.0837,0.123296,0.027255037,8.42e-05,-0.4787025,-0.2500043,0.0138,0.0199,0.0228,0.0258,0.0274,0.0308,0.033,0.0353,0.0383,0.0458
0.4079,0.4764,0.8402,0.0382,0.1129,0.0465,0.0685,0.0695,0.0928,0.8661,0.9666,0.9212,0.0513,0.0529,0.0633,0.110998,0.01609214,3.9e-05,-0.0391031,-0.789906,0.0066,0.0105,0.0116,0.0149,0.0159,0.0179,0.0205,0.0218,0.0246,0.032
0.4124,0.4692,0.6906,0.0415,0.1437,0.0509,0.0767,0.1057,0.1246,0.9147,0.8936,0.9496,0.0529,0.0572,0.0733,0.101894,0.016392601,5.82e-05,0.191999255,-0.7682736,0.0061,0.0103,0.0112,0.0151,0.0162,0.019,0.0209,0.0236,0.0266,0.0381
0.4125,0.4813,0.7864,0.0464,0.1165,0.0698,0.0779,0.0909,0.1071,0.8288,0.8925,0.8977,0.0605,0.0678,0.0802,0.0984,0.01897297,6.68e-05,0.00509235,-0.8914519,0.0075,0.0106,0.0137,0.0155,0.0197,0.0213,0.0239,0.0268,0.0302,0.0384
0.4176,0.4374,0.5555,0.0384,0.1375,0.055,0.0783,0.0986,0.1149,0.9579,0.88,0.8409,0.0559,0.0816,0.099,0.135686,0.01762074,6.32e-05,0.06786111,-0.8840668,0.0062,0.0109,0.0123,0.0152,0.0172,0.0206,0.022,0.0255,0.0281,0.0354
0.3748,0.4516,0.6222,0.0416,0.13,0.0671,0.0733,0.0937,0.1172,0.9001,0.8339,0.8279,0.0646,0.0886,0.0903,0.161212,0.02256428,0.00010535,0.136705406,-0.6975996,0.0095,0.0118,0.0159,0.0203,0.0218,0.0251,0.028,0.0317,0.0365,0.0472
0.3977,0.4148,0.5887,0.0497,0.1122,0.0574,0.0731,0.0906,0.1014,0.8147,0.8999,0.9841,0.0669,0.0715,0.0912,0.182135,0.020028372,6.89e-05,-0.1181762,-0.9165391,0.0099,0.0111,0.0152,0.0175,0.0204,0.0224,0.0251,0.0274,0.0315,0.0367
0.4045,0.4973,0.5328,0.0383,0.1145,0.0504,0.0728,0.0817,0.1034,0.9295,0.8707,0.8836,0.0571,0.0691,0.0969,0.092646,0.015182841,5.25e-05,0.342369191,-0.4421264,0.006,0.0085,0.0104,0.012,0.0145,0.0162,0.0201,0.0216,0.025,0.0391
0.4178,0.4728,0.6998,0.0482,0.1314,0.0655,0.0679,0.0923,0.1177,0.8502,0.8412,0.9797,0.0621,0.0693,0.0973,0.104693,0.01650323,5.42e-05,0.020624565,-0.9819764,0.006,0.01,0.0115,0.0151,0.016,0.0194,0.0212,0.0244,0.026,0.0328
0.374,0.4632,0.6068,0.0427,0.1266,0.0641,0.0774,0.104,0.1061,0.9645,0.9013,0.9978,0.0594,0.0675,0.0694,0.151546,0.02070046,8.94e-05,0.208181135,-0.5140895,0.0095,0.0113,0.015,0.0177,0.0202,0.0228,0.026,0.0296,0.0332,0.0502
0.3912,0.4593,0.6257,0.0402,0.1243,0.0513,0.0649,0.0848,0.1088,0.9591,0.9727,0.8624,0.0771,0.0785,0.0995,0.143092,0.018189901,7.02e-05,0.169505847,-0.6941278,0.0065,0.0105,0.0122,0.0153,0.0182,0.0206,0.0228,0.026,0.0292,0.0415
0.3938,0.4546,0.8643,0.0405,0.1458,0.0658,0.0665,0.0905,0.1103,0.9528,0.9966,0.9388,0.067,0.0817,0.0998,0.141106,0.02440666,7.4e-05,-0.1808412,-0.6388744,0.0123,0.0161,0.0204,0.0219,0.0248,0.0268,0.0302,0.0328,0.0353,0.043
0.3516,0.4783,0.6096,0.0404,0.1217,0.0477,0.0662,0.0846,0.1071,0.8026,0.891,0.9242,0.06,0.0609,0.0907,0.163706,0.019266216,7.95e-05,0.227332872,-0.5765612,0.0069,0.0115,0.0152,0.0165,0.0194,0.0212,0.0252,0.0267,0.0311,0.045
0.3598,0.441,0.6206,0.0393,0.1127,0.0619,0.075,0.0824,0.1057,0.8563,0.946,0.9872,0.0625,0.0968,0.0992,0.191596,0.023190223,0.00010027,0.06605055,-0.7115422,0.0101,0.0141,0.0163,0.0212,0.0231,0.0258,0.0294,0.0325,0.0364,0.0495
0.3514,0.4216,0.9121,0.0431,0.133,0.0588,0.0643,0.0861,0.1217,0.9386,0.8125,0.8266,0.0548,0.0674,0.0753,0.221143,0.031171989,0.00010842,-0.3010251,-0.0741965,0.0171,0.0226,0.0256,0.0291,0.032,0.0347,0.0369,0.04,0.0447,0.0579
0.352,0.4636,0.5618,0.0366,0.1312,0.0571,0.0802,0.0907,0.1111,0.8627,0.9587,0.9034,0.0838,0.0975,0.099,0.176681,0.023796495,0.00012256,0.153831257,-0.74466,0.01,0.014,0.0163,0.0201,0.0235,0.026,0.0301,0.0345,0.0394,0.0515
0.3725,0.4978,0.7508,0.0473,0.1329,0.0755,0.0798,0.0865,0.1077,0.8607,0.8404,0.8866,0.0733,0.0734,0.0941,0.12232,0.021703075,8.81e-05,0.055132,-0.8081836,0.01,0.0128,0.015,0.0194,0.0212,0.0241,0.0267,0.0309,0.0346,0.0453
0.4175,0.4937,0.6829,0.0397,0.1468,0.0514,0.0827,0.1028,0.1246,0.9142,0.9202,0.9061,0.0588,0.0612,0.0998,0.070536,0.015322909,5.55e-05,0.342941022,-0.6302731,0.0058,0.0095,0.0112,0.0123,0.0149,0.0164,0.0203,0.0214,0.0255,0.035
0.4149,0.4301,0.5589,0.048,0.1146,0.0611,0.0785,0.0949,0.1054,0.8067,0.8959,0.9354,0.0638,0.075,0.0759,0.148464,0.019199699,6.9e-05,-0.0662135,-0.902556,0.0066,0.0109,0.0152,0.0165,0.0202,0.0213,0.025,0.0266,0.0304,0.0377
0.352,0.4065,0.5747,0.0381,0.142,0.0613,0.0894,0.0896,0.1133,0.9747,0.8887,0.8637,0.0674,0.0723,0.0943,0.23173,0.026466921,0.00012008,0.134890095,-0.4309459,0.0117,0.0159,0.0199,0.0236,0.0261,0.0298,0.0329,0.0361,0.0411,0.0585
0.4185,0.4906,0.6957,0.0379,0.1471,0.0565,0.0636,0.0967,0.1293,0.87,0.8986,0.8479,0.0595,0.0949,0.0973,0.082116,0.01532623,5.04e-05,0.181918114,-0.8098003,0.0058,0.0095,0.0111,0.0132,0.0147,0.0171,0.0199,0.0215,0.0251,0.0339
0.402,0.4877,0.7067,0.0481,0.1387,0.0647,0.0841,0.1011,0.1272,0.8915,0.9436,0.8589,0.0526,0.0529,0.0751,0.098986,0.018694338,7.65e-05,0.135034624,-0.8804864,0.0064,0.0103,0.0134,0.0153,0.0189,0.0206,0.0244,0.0264,0.0309,0.04
0.409,0.4615,0.541,0.0382,0.1317,0.0458,0.085,0.0965,0.1173,0.9087,0.9384,0.8822,0.0693,0.086,0.0915,0.119029,0.017276104,7.04e-05,0.413202154,-0.28506,0.0064,0.0103,0.0123,0.0155,0.0166,0.0194,0.0212,0.0253,0.0284,0.045
0.3903,0.4734,0.8248,0.0411,0.1346,0.0538,0.0781,0.1047,0.1196,0.9008,0.9033,0.965,0.0572,0.062,0.0993,0.128221,0.021299257,7.05e-05,0.031671818,-0.7225183,0.0105,0.0144,0.0158,0.0201,0.0212,0.0238,0.0257,0.0294,0.0324,0.0424
0.3711,0.4561,0.6019,0.0409,0.1291,0.0471,0.0848,0.0882,0.1166,0.8762,0.8721,0.8861,0.06,0.0602,0.0918,0.161881,0.022545522,0.00011238,0.278762795,-0.4319845,0.01,0.0122,0.0162,0.0199,0.0216,0.0254,0.0282,0.0322,0.0363,0.0532
0.3855,0.4061,0.6063,0.0448,0.146,0.0676,0.084,0.1059,0.1233,0.8829,0.9366,0.8961,0.0754,0.0835,0.092,0.196923,0.025379926,9.57e-05,-0.1472076,-0.6697902,0.011,0.0156,0.0209,0.023,0.0261,0.0286,0.0318,0.0344,0.0376,0.0492
0.3967,0.4983,0.6857,0.039,0.1158,0.043,0.0728,0.0789,0.1089,0.9946,0.9713,0.9934,0.05,0.065,0.0668,0.096238,0.015362107,5.47e-05,0.339495604,-0.5292018,0.006,0.0086,0.0105,0.0121,0.0145,0.0164,0.0204,0.0218,0.0256,0.0391
0.3752,0.4717,0.7405,0.0358,0.1473,0.0748,0.0837,0.0975,0.1357,0.9946,0.8199,0.8388,0.0547,0.061,0.0621,0.144264,0.022244553,8.51e-05,0.07090881,-0.8132174,0.0105,0.0145,0.0161,0.0202,0.0216,0.0246,0.027,0.0312,0.0353,0.0427
0.3557,0.47,0.7779,0.0449,0.1464,0.0582,0.0941,0.0991,0.1139,0.9534,0.9534,0.8032,0.0535,0.0711,0.0909,0.167827,0.026201415,0.00010293,0.04783567,-0.7180798,0.0119,0.0164,0.0201,0.023,0.0253,0.0289,0.032,0.0362,0.0402,0.051
0.3937,0.4284,0.822,0.0413,0.1236,0.0644,0.0827,0.0844,0.1063,0.8894,0.8714,0.9826,0.0534,0.0669,0.0745,0.172147,0.02467379,7.36e-05,-0.0997946,-0.5474495,0.0149,0.0166,0.0199,0.0222,0.0255,0.0271,0.0299,0.0324,0.0362,0.0447
0.3747,0.4136,0.8038,0.0449,0.1281,0.0531,0.0783,0.0944,0.1125,0.8481,0.8977,0.9844,0.0569,0.061,0.0957,0.200775,0.026085638,8.45e-05,-0.0356052,-0.4676032,0.0141,0.0173,0.0212,0.0246,0.0264,0.0287,0.0313,0.0341,0.0379,0.0485
0.379,0.4557,0.6522,0.0474,0.146,0.0644,0.0792,0.1118,0.1283,0.9141,0.8069,0.98,0.0644,0.0701,0.0923,0.156396,0.022136299,9.09e-05,-0.021068,-0.8505384,0.0097,0.0124,0.0161,0.0204,0.0219,0.0251,0.0276,0.0317,0.0347,0.043
0.3837,0.4601,0.7009,0.0474,0.1308,0.0621,0.0754,0.1024,0.1129,0.8842,0.8609,0.9398,0.0534,0.0744,0.0908,0.145734,0.021720968,8.4e-05,0.00573385,-0.7183709,0.0099,0.0126,0.016,0.0206,0.0219,0.0251,0.0269,0.0303,0.034,0.0439
0.3747,0.4182,0.9256,0.0449,0.1385,0.0711,0.0751,0.0929,0.1232,0.9501,0.8796,0.8736,0.052,0.0755,0.0909,0.199252,0.03377961,0.0001292,-0.3711841,-0.1779548,0.0191,0.0249,0.0272,0.0316,0.0345,0.0378,0.0407,0.0438,0.0471,0.0604
0.4029,0.4186,0.7991,0.0422,0.1385,0.0653,0.0852,0.1045,0.1163,0.9481,0.8483,0.8543,0.0537,0.0696,0.0999,0.170476,0.025393768,7.67e-05,-0.1262685,-0.516556,0.0135,0.0171,0.0206,0.023,0.0251,0.0276,0.0312,0.0336,0.0365,0.0464
0.3699,0.4689,0.6827,0.0455,0.111,0.0579,0.0671,0.0916,0.0962,0.8412,0.927,0.8638,0.0616,0.0644,0.0786,0.155741,0.019876319,7.21e-05,0.05723683,-0.7349706,0.0093,0.0121,0.0156,0.0169,0.02,0.022,0.0256,0.027,0.0313,0.045
0.368,0.4635,0.631,0.0354,0.1478,0.0575,0.0711,0.0926,0.1355,0.9316,0.823,0.9683,0.0605,0.0753,0.0965,0.158711,0.020740909,8.69e-05,0.142322348,-0.6138472,0.0092,0.0122,0.0144,0.0181,0.0204,0.0232,0.026,0.0293,0.0329,0.0456
0.3991,0.4586,0.7196,0.0489,0.1204,0.0546,0.0792,0.0837,0.1092,0.8687,0.9579,0.9085,0.0707,0.0968,0.0983,0.133028,0.01936003,6.72e-05,-0.0493633,-0.8457121,0.0081,0.0111,0.0153,0.0166,0.0203,0.0213,0.0251,0.0266,0.0303,0.0377
0.3865,0.4445,0.8247,0.0413,0.1223,0.0513,0.0749,0.0937,0.0999,0.8989,0.8273,0.8998,0.0539,0.0758,0.0793,0.16271,0.023238734,7.13e-05,0.00411796,-0.5278392,0.011,0.0151,0.0197,0.021,0.0232,0.0253,0.0281,0.0311,0.035,0.0472
0.3882,0.4051,0.6375,0.0428,0.1484,0.0646,0.0957,0.1142,0.1249,0.9857,0.9932,0.9569,0.0728,0.0824,0.0985,0.194996,0.02821362,0.00014785,0.187956137,-0.5961861,0.0123,0.0159,0.0205,0.0248,0.0269,0.0312,0.0351,0.0385,0.0452,0.06
0.4178,0.4605,0.5545,0.0463,0.1298,0.0594,0.0743,0.1012,0.1172,0.942,0.9774,0.871,0.0557,0.0594,0.0895,0.109931,0.017575431,6.2e-05,0.04489902,-0.8857618,0.0062,0.0102,0.0112,0.0151,0.0171,0.0209,0.022,0.0249,0.028,0.0361
0.4197,0.414,0.5934,0.0435,0.1272,0.0529,0.0854,0.101,0.1144,0.8112,0.9375,0.8188,0.0699,0.0821,0.0961,0.158046,0.01796492,5.85e-05,-0.0591846,-0.9256235,0.0064,0.0113,0.0142,0.0155,0.0182,0.0208,0.0226,0.0256,0.0277,0.0354
0.3547,0.4053,0.7565,0.0394,0.1223,0.0593,0.0636,0.0973,0.1076,0.8352,0.9873,0.969,0.0663,0.0698,0.0855,0.230197,0.027563123,8.99e-05,-0.0762553,-0.3608999,0.0154,0.0198,0.0217,0.0255,0.0279,0.0308,0.0335,0.0358,0.0394,0.0532
0.373,0.4352,0.6169,0.0431,0.1307,0.0576,0.073,0.0969,0.1153,0.8485,0.8044,0.9202,0.0504,0.0685,0.0703,0.186031,0.02150857,8.2e-05,0.07410248,-0.645639,0.0104,0.0131,0.0153,0.0196,0.021,0.0239,0.0261,0.0302,0.0336,0.0461
0.3671,0.4005,0.6394,0.0382,0.1193,0.0571,0.0574,0.0762,0.1056,0.8738,0.8068,0.8217,0.0521,0.0582,0.0597,0.228256,0.022916584,7.88e-05,-0.0148824,-0.7401253,0.0117,0.0142,0.017,0.0204,0.0226,0.025,0.0278,0.0314,0.0347,0.0461
0.3877,0.4375,0.5745,0.0441,0.1253,0.0682,0.0715,0.0911,0.1029,0.939,0.8123,0.8585,0.0764,0.091,0.094,0.164013,0.021170068,8.81e-05,-0.0145411,-0.8912772,0.0087,0.0116,0.0152,0.0196,0.021,0.024,0.027,0.0301,0.0343,0.0415
0.39,0.4459,0.6801,0.0462,0.14,0.0618,0.0946,0.1055,0.1211,0.8197,0.8535,0.9922,0.0585,0.072,0.0899,0.152698,0.02097238,7.83e-05,-0.0125571,-0.8576639,0.0096,0.0121,0.0155,0.0182,0.0211,0.0241,0.026,0.0298,0.0329,0.0427
0.4078,0.4695,0.8842,0.047,0.1419,0.0723,0.0735,0.1109,0.1117,0.8182,0.98,0.8037,0.0774,0.0809,0.0892,0.118458,0.022355669,5.97e-05,-0.2634246,-0.6190715,0.0111,0.0147,0.0182,0.021,0.0225,0.0253,0.0267,0.0296,0.0319,0.0391
0.4194,0.4908,0.6981,0.0439,0.1315,0.0505,0.0902,0.1061,0.1076,0.8606,0.9565,0.9624,0.0556,0.0559,0.0687,0.082915,0.0153622,5.35e-05,0.326499795,-0.4415214,0.006,0.0087,0.0107,0.0126,0.0149,0.0167,0.0197,0.0216,0.0254,0.0403
0.4084,0.4501,0.9134,0.0358,0.1159,0.0508,0.0714,0.0887,0.1,0.807,0.9836,0.8041,0.0625,0.0988,0.0989,0.136615,0.019867033,4.47e-05,-0.3554219,-0.4417422,0.0109,0.0141,0.0159,0.0195,0.0204,0.0219,0.0242,0.026,0.0282,0.0339
0.3673,0.4204,0.6824,0.0362,0.1303,0.0464,0.0684,0.1029,0.1182,0.8112,0.8072,0.8865,0.0676,0.0877,0.0881,0.200466,0.02185485,7.93e-05,0.176152889,-0.4748979,0.0104,0.0142,0.0159,0.019,0.021,0.024,0.0264,0.0302,0.034,0.0497
0.3855,0.4624,0.5112,0.0392,0.1199,0.0533,0.08,0.0872,0.1048,0.8916,0.8376,0.8807,0.0608,0.0748,0.0837,0.143623,0.018929514,7.35e-05,0.134455961,-0.7150413,0.0066,0.0108,0.0142,0.0159,0.0194,0.021,0.0248,0.0264,0.0308,0.0406
0.4108,0.4436,0.8676,0.0451,0.1164,0.0644,0.0706,0.091,0.1032,0.9145,0.8755,0.8826,0.0579,0.0873,0.0895,0.135173,0.024328359,7.3e-05,-0.1780616,-0.5942036,0.0122,0.016,0.0205,0.0217,0.0245,0.0262,0.0296,0.0322,0.0359,0.0424
0.4175,0.4292,0.7132,0.0406,0.1209,0.0554,0.0719,0.0808,0.1052,0.8855,0.8042,0.933,0.0578,0.0583,0.0904,0.143583,0.017864051,5.43e-05,-0.0242455,-0.8695127,0.0073,0.0112,0.0137,0.0149,0.0183,0.0203,0.0221,0.0249,0.0279,0.0339
0.4044,0.4368,0.6389,0.0457,0.1482,0.0643,0.0994,0.1037,0.1167,0.9779,0.9677,0.8952,0.0694,0.0701,0.0911,0.151849,0.023353096,0.00010537,0.010244108,-0.8660881,0.0097,0.0137,0.0167,0.0207,0.0236,0.0258,0.0299,0.0329,0.0371,0.0472
0.3606,0.4633,0.5466,0.0496,0.1334,0.0705,0.0828,0.0857,0.1105,0.8125,0.8016,0.9112,0.0554,0.0765,0.0933,0.169204,0.022785899,0.00010272,0.023056278,-0.780136,0.0094,0.0127,0.016,0.0202,0.0228,0.0255,0.0297,0.0323,0.0359,0.0464
0.3896,0.481,0.8642,0.0412,0.1431,0.0502,0.0685,0.1107,0.1278,0.8468,0.9608,0.9264,0.0752,0.0919,0.0942,0.114481,0.02004429,5.84e-05,0.100805423,-0.5221054,0.0102,0.0134,0.0153,0.0174,0.0202,0.0218,0.0249,0.0265,0.0307,0.0406
0.4154,0.4904,0.8109,0.0476,0.1492,0.0622,0.072,0.1158,0.1321,0.9698,0.9032,0.8428,0.0585,0.0936,0.0965,0.09016,0.017964056,6.23e-05,0.07468859,-0.8473955,0.0064,0.0105,0.0125,0.0155,0.0177,0.0202,0.0221,0.0251,0.0289,0.0367
0.4124,0.427,0.6137,0.0372,0.1476,0.0494,0.0769,0.1171,0.1207,0.8406,0.8396,0.8939,0.0549,0.0619,0.0641,0.150486,0.018638771,7.37e-05,0.228593724,-0.5677073,0.0068,0.0113,0.0139,0.0162,0.0188,0.0206,0.0236,0.0264,0.0302,0.045
0.3714,0.4635,0.7225,0.0483,0.1119,0.0597,0.0726,0.0934,0.0942,0.8416,0.9721,0.9415,0.0784,0.0785,0.0953,0.15784,0.021678078,7.55e-05,-0.0591575,-0.7904771,0.0105,0.0147,0.0161,0.0206,0.0219,0.025,0.0268,0.03,0.033,0.0439
0.3847,0.4109,0.5929,0.0463,0.1492,0.0699,0.0846,0.0872,0.1328,0.9016,0.9152,0.9694,0.0778,0.0795,0.0831,0.186342,0.024633802,0.0001076,0.013944349,-0.7227755,0.0105,0.0148,0.019,0.0221,0.0246,0.0271,0.031,0.0342,0.0382,0.0495
0.3876,0.4053,0.5257,0.0419,0.1202,0.0617,0.0758,0.0992,0.1065,0.8038,0.9985,0.8296,0.076,0.0844,0.0902,0.202223,0.020472338,7.46e-05,-0.0469813,-0.8175227,0.0088,0.0115,0.0148,0.0182,0.0213,0.0235,0.0253,0.0281,0.0318,0.0394
0.3995,0.4685,0.7675,0.0405,0.1336,0.07,0.0829,0.1007,0.1028,0.8861,0.8073,0.8821,0.0531,0.064,0.0677,0.118598,0.020600132,7.67e-05,0.06651903,-0.8335024,0.0093,0.0118,0.0151,0.0175,0.0205,0.0232,0.0258,0.0291,0.0329,0.0406
0.4174,0.4414,0.5111,0.0418,0.1127,0.062,0.0819,0.0896,0.0949,0.8522,0.8702,0.9222,0.0684,0.0728,0.0965,0.133116,0.018442433,6.99e-05,0.0828985,-0.8645473,0.0064,0.0105,0.0133,0.0156,0.019,0.0206,0.0236,0.0256,0.0304,0.0367
0.3915,0.4514,0.6417,0.0369,0.1265,0.064,0.0795,0.1003,0.1126,0.9498,0.8233,0.9269,0.051,0.0516,0.0725,0.150244,0.02027295,8.12e-05,0.107602719,-0.779682,0.0089,0.0117,0.0152,0.0171,0.0207,0.0223,0.0253,0.0287,0.033,0.043
0.4091,0.4911,0.5142,0.0425,0.1364,0.0692,0.0813,0.0852,0.1136,0.9591,0.8998,0.8853,0.068,0.0702,0.0937,0.092246,0.017544876,6.59e-05,0.128238262,-0.8160329,0.0062,0.0096,0.0115,0.0144,0.0166,0.0204,0.0219,0.0249,0.0284,0.0384
0.3949,0.426,0.799,0.0448,0.1452,0.0644,0.0987,0.1013,0.1201,0.9515,0.991,0.9867,0.0549,0.0834,0.0916,0.163389,0.02698887,9.02e-05,-0.0850041,-0.4994516,0.0144,0.0185,0.0212,0.0246,0.0269,0.0302,0.0327,0.0354,0.0392,0.0497
0.4133,0.4446,0.6112,0.0496,0.1443,0.0766,0.0983,0.1109,0.1308,0.9572,0.9143,0.8713,0.0556,0.0924,0.0947,0.121015,0.021509163,9.5e-05,0.03754353,-0.8377057,0.0086,0.0119,0.0156,0.0193,0.0216,0.0247,0.0269,0.0309,0.0346,0.043
0.3523,0.4072,0.8847,0.0432,0.1345,0.0661,0.0766,0.0919,0.1072,0.9054,0.9974,0.8258,0.0526,0.0726,0.0981,0.228792,0.03318803,0.0001166,-0.3974,-0.3340829,0.0199,0.0247,0.0275,0.0311,0.0343,0.0364,0.0399,0.0433,0.0469,0.0534
0.3632,0.4058,0.6199,0.0441,0.1314,0.056,0.0815,0.0945,0.1151,0.9873,0.951,0.9863,0.0538,0.0632,0.0934,0.216154,0.027413919,0.0001314,0.108388027,-0.6483108,0.0116,0.016,0.0212,0.024,0.0271,0.0307,0.0336,0.0374,0.0427,0.0559
0.4089,0.4377,0.762,0.0476,0.1389,0.0572,0.0627,0.106,0.1219,0.8119,0.9844,0.9745,0.0584,0.0953,0.098,0.140588,0.020243503,6.15e-05,-0.1333716,-0.8115165,0.0102,0.0114,0.0155,0.0186,0.0204,0.0224,0.0251,0.027,0.0308,0.0367
0.4011,0.4241,0.8729,0.037,0.1457,0.0516,0.0698,0.1073,0.1226,0.8512,0.9643,0.9638,0.0786,0.0798,0.0939,0.166006,0.024979698,7.46e-05,-0.1625391,-0.3412462,0.0137,0.0171,0.0207,0.0229,0.0252,0.0274,0.0303,0.0321,0.0359,0.0472
0.394,0.4172,0.8701,0.0451,0.127,0.065,0.0804,0.0941,0.1073,0.8261,0.9055,0.9528,0.0596,0.0726,0.0851,0.185226,0.028735346,9.06e-05,-0.3019885,-0.3721108,0.0156,0.0201,0.0235,0.0262,0.0295,0.0322,0.0349,0.0373,0.0407,0.05
0.3892,0.4426,0.5029,0.0356,0.1218,0.0517,0.0718,0.0868,0.1097,0.8462,0.8086,0.8985,0.0705,0.0754,0.0915,0.159876,0.01844201,6.93e-05,0.104938519,-0.7773295,0.0065,0.0106,0.014,0.0156,0.019,0.0207,0.0238,0.026,0.0301,0.0406
0.3936,0.4403,0.6486,0.0487,0.1337,0.0604,0.0691,0.1036,0.1065,0.8267,0.954,0.9888,0.0647,0.0829,0.0906,0.158913,0.020424489,7.78e-05,-0.01567,-0.8948122,0.0089,0.0117,0.0149,0.0176,0.0205,0.0228,0.0262,0.0291,0.0318,0.0412
0.362,0.4941,0.615,0.0441,0.1432,0.0537,0.0888,0.11,0.1247,0.9518,0.9076,0.9343,0.0602,0.0682,0.0754,0.134371,0.02233837,0.00011122,0.158014563,-0.7230707,0.0095,0.0114,0.0154,0.019,0.022,0.0251,0.0281,0.0321,0.0365,0.0497
0.4026,0.4846,0.5663,0.044,0.1341,0.0588,0.0681,0.0939,0.1258,0.8363,0.9998,0.9947,0.058,0.0703,0.0816,0.104873,0.01642398,5.65e-05,0.11777626,-0.872546,0.006,0.0104,0.0119,0.0146,0.016,0.0188,0.0212,0.0245,0.0266,0.0357
0.3782,0.4958,0.9409,0.0372,0.1352,0.0492,0.0922,0.0997,0.1005,0.995,0.9279,0.8033,0.0599,0.0652,0.0759,0.120801,0.023686425,7.52e-05,-0.1243596,-0.4087813,0.0119,0.016,0.0204,0.0218,0.0247,0.0261,0.0284,0.0313,0.0349,0.0439
0.3773,0.4976,0.7063,0.0496,0.121,0.0706,0.084,0.0865,0.1095,0.8718,0.9275,0.9783,0.0511,0.0627,0.0655,0.113581,0.02010857,9.15e-05,0.151013961,-0.8496782,0.0067,0.0111,0.0147,0.0163,0.0205,0.0222,0.0254,0.0293,0.0333,0.0427
0.393,0.4031,0.8312,0.038,0.1424,0.0517,0.0705,0.1153,0.1172,0.8296,0.9824,0.812,0.0551,0.0558,0.0844,0.192895,0.02347142,6.26e-05,-0.1524129,-0.3453027,0.0125,0.0161,0.0202,0.0215,0.0242,0.0256,0.0276,0.0309,0.0336,0.043
0.3753,0.4186,0.5142,0.0391,0.1276,0.0577,0.0861,0.0971,0.1089,0.9263,0.9534,0.8004,0.0609,0.0841,0.098,0.192222,0.022058693,9.31e-05,0.039029446,-0.6813433,0.0095,0.0119,0.0158,0.0203,0.0217,0.025,0.0275,0.0308,0.0351,0.0472
0.3861,0.4658,0.8942,0.0495,0.1453,0.0612,0.0775,0.1161,0.1235,0.894,0.9362,0.813,0.0778,0.092,0.0996,0.136824,0.02677595,8.78e-05,-0.1216151,-0.462216,0.0144,0.0191,0.0216,0.025,0.0268,0.0294,0.0322,0.0351,0.0393,0.0485
0.3959,0.4787,0.6516,0.0451,0.1451,0.0596,0.0708,0.1042,0.1256,0.9599,0.8824,0.9489,0.0619,0.0883,0.0976,0.113514,0.0188746,7.73e-05,0.244925861,-0.5053087,0.0068,0.0114,0.0132,0.0151,0.0192,0.021,0.0235,0.0264,0.0306,0.0453
0.417,0.4474,0.5116,0.0423,0.1312,0.0693,0.0844,0.1094,0.115,0.9365,0.8476,0.8145,0.0568,0.0888,0.0892,0.125001,0.019328113,7.85e-05,0.08224906,-0.8913522,0.0066,0.0107,0.0141,0.016,0.0196,0.0215,0.0251,0.0276,0.0315,0.0403
0.3768,0.4583,0.5147,0.0461,0.1256,0.07,0.0956,0.0964,0.1082,0.9964,0.8288,0.8512,0.074,0.0819,0.0943,0.157592,0.021518408,8.67e-05,-0.0607208,-0.8266898,0.0092,0.0124,0.0159,0.0205,0.0219,0.0251,0.0269,0.0305,0.0341,0.0439
0.3867,0.4215,0.8452,0.0432,0.1161,0.0563,0.082,0.0923,0.1074,0.9958,0.9346,0.988,0.0706,0.0891,0.0948,0.185433,0.028375772,0.00010069,-0.0454664,-0.3790737,0.0158,0.0204,0.0227,0.0258,0.0279,0.0316,0.0349,0.0368,0.041,0.0541
0.368,0.4709,0.9318,0.039,0.1249,0.0515,0.0872,0.0882,0.1052,0.8884,0.8624,0.822,0.0508,0.0766,0.0919,0.152261,0.028371638,0.00010574,-0.1591706,-0.4309881,0.0153,0.0201,0.0226,0.0259,0.0287,0.0317,0.0348,0.0376,0.0415,0.0532
0.3818,0.4791,0.6544,0.0408,0.1453,0.0685,0.0758,0.0919,0.1334,0.9786,0.8893,0.9353,0.0673,0.0702,0.0907,0.129762,0.02104004,9.96e-05,0.275296591,-0.5757745,0.0087,0.0107,0.0144,0.0172,0.0206,0.0234,0.0259,0.0305,0.0344,0.0464
0.4039,0.4471,0.709,0.0388,0.1485,0.0732,0.0753,0.1161,0.1175,0.8152,0.8749,0.8015,0.0697,0.0713,0.0871,0.140301,0.02201904,8.77e-05,0.09853877,-0.6428961,0.0105,0.0131,0.0155,0.0197,0.0212,0.0249,0.027,0.0308,0.0342,0.0458
0.3963,0.4579,0.8536,0.0433,0.1119,0.0577,0.0664,0.0747,0.0963,0.8374,0.9273,0.8652,0.0671,0.0908,0.0924,0.13945,0.02100906,5.69e-05,-0.0874206,-0.6011789,0.0104,0.014,0.0159,0.0203,0.0213,0.0232,0.0256,0.0271,0.031,0.0391
0.373,0.495,0.7761,0.0365,0.1169,0.0559,0.0562,0.0844,0.1006,0.8039,0.9617,0.8722,0.05,0.0774,0.0999,0.124254,0.017214099,5.46e-05,0.0190103,-0.8974735,0.0063,0.011,0.0122,0.0149,0.0166,0.0204,0.0213,0.0248,0.0267,0.035
0.351,0.4574,0.65,0.0481,0.1489,0.0675,0.0775,0.1033,0.1274,0.8902,0.8851,0.9283,0.0638,0.0915,0.0998,0.17973,0.027147368,0.00014223,0.11932308,-0.7081564,0.0109,0.0149,0.0206,0.0233,0.0266,0.0304,0.0344,0.0376,0.0431,0.0555
0.4081,0.4107,0.762,0.0434,0.1152,0.0607,0.0834,0.0877,0.1013,0.9275,0.8811,0.9603,0.0517,0.0534,0.0911,0.175254,0.0235015,7.46e-05,-0.0212714,-0.6969343,0.0121,0.0159,0.0189,0.0207,0.0239,0.0261,0.0285,0.0315,0.0358,0.045
0.378,0.4869,0.6576,0.0499,0.1126,0.056,0.082,0.085,0.1057,0.9746,0.9718,0.9159,0.0562,0.0658,0.0768,0.125142,0.01934887,8.19e-05,0.213659286,-0.5667522,0.0069,0.0102,0.0136,0.0157,0.0199,0.0214,0.0244,0.027,0.0317,0.0464
0.3771,0.4138,0.7295,0.0443,0.1183,0.0493,0.0687,0.0735,0.1049,0.8565,0.8197,0.8324,0.0548,0.086,0.0945,0.20265,0.024074099,8.56e-05,0.102515634,-0.5059296,0.0112,0.0153,0.0188,0.0207,0.0238,0.0263,0.0297,0.0324,0.0361,0.05
0.3706,0.4739,0.6584,0.0437,0.1399,0.0654,0.0756,0.1028,0.1169,0.9503,0.9289,0.9805,0.0681,0.0683,0.0776,0.137646,0.021829188,0.00010744,0.318272628,-0.4147596,0.0097,0.0116,0.0155,0.0187,0.0212,0.0242,0.0272,0.0308,0.0357,0.0512
0.4124,0.4565,0.8033,0.0394,0.1142,0.0586,0.0736,0.0815,0.0976,0.8533,0.9431,0.8207,0.0518,0.0764,0.0776,0.125809,0.0180961,4.89e-05,-0.0604457,-0.8019946,0.0097,0.0115,0.0152,0.0161,0.0184,0.0201,0.022,0.0255,0.0271,0.0335
0.3699,0.4791,0.8469,0.0463,0.1196,0.0667,0.07,0.0973,0.1047,0.9597,0.9567,0.9756,0.0676,0.0846,0.0891,0.140104,0.025888526,8.99e-05,-0.0827089,-0.6639373,0.0129,0.0168,0.0207,0.0234,0.0256,0.0291,0.0315,0.0352,0.0381,0.0472
0.4013,0.4025,0.5563,0.0456,0.13,0.0645,0.077,0.1071,0.1103,0.9068,0.8543,0.8557,0.0522,0.0605,0.0775,0.186048,0.023011858,0.00010208,0.09661371,-0.6356814,0.0102,0.0142,0.0164,0.0201,0.0231,0.0253,0.0289,0.0321,0.0364,0.051
0.3713,0.442,0.706,0.0499,0.1445,0.0653,0.0882,0.1142,0.1251,0.8916,0.9575,0.8081,0.0623,0.0644,0.0856,0.178116,0.025041911,9.31e-05,-0.013555,-0.7346997,0.0109,0.0154,0.0202,0.0217,0.025,0.0277,0.031,0.0347,0.0379,0.0472
0.3678,0.4929,0.8893,0.0408,0.1203,0.0616,0.0622,0.0925,0.1092,0.9745,0.8062,0.828,0.0704,0.0864,0.0996,0.131701,0.02251005,6.4e-05,-0.1606937,-0.6296149,0.0112,0.0149,0.0182,0.0202,0.0224,0.0251,0.0265,0.0301,0.0329,0.04
0.3913,0.4839,0.5998,0.0428,0.1302,0.0722,0.0772,0.1096,0.1146,0.8943,0.8339,0.8609,0.0525,0.0926,0.0964,0.110723,0.020695499,9.36e-05,0.08770115,-0.9114917,0.0068,0.0114,0.0151,0.0174,0.021,0.0237,0.0259,0.0306,0.0341,0.043
0.3969,0.4259,0.6281,0.0488,0.1317,0.0682,0.0688,0.0991,0.108,0.8692,0.8817,0.9753,0.0791,0.0794,0.0921,0.171645,0.02213071,8.51e-05,-0.0849507,-0.8629325,0.0097,0.0142,0.0158,0.0202,0.0217,0.0249,0.0279,0.0311,0.0348,0.0415
0.4018,0.4162,0.8992,0.0474,0.1109,0.0585,0.0727,0.0847,0.0955,0.939,0.8014,0.8782,0.0562,0.0665,0.0712,0.1754,0.025727002,7.15e-05,-0.4567503,-0.341352,0.0145,0.0196,0.0211,0.0241,0.0266,0.0287,0.0312,0.0336,0.0361,0.0415
0.3565,0.47,0.7967,0.0385,0.1177,0.0482,0.0738,0.0895,0.093,0.8382,0.9913,0.8849,0.0521,0.0596,0.0671,0.169129,0.02150951,6.97e-05,0.102185971,-0.6108656,0.0108,0.0146,0.0159,0.0202,0.0213,0.0238,0.0255,0.0291,0.0327,0.0424
0.3923,0.4542,0.6152,0.0382,0.1202,0.0597,0.0671,0.0818,0.1092,0.9356,0.9844,0.8296,0.0735,0.0777,0.0788,0.145162,0.017827321,6.23e-05,0.04858004,-0.8524755,0.0063,0.0112,0.0126,0.0154,0.0177,0.0208,0.0219,0.0257,0.0285,0.0357
0.3725,0.4006,0.7337,0.0498,0.1329,0.0642,0.082,0.1009,0.1153,0.8721,0.8779,0.8186,0.06,0.0675,0.0788,0.215063,0.030585926,0.00013141,0.108112272,-0.5096599,0.0151,0.02,0.024,0.0268,0.0305,0.0342,0.0367,0.0412,0.046,0.0585
0.3563,0.4444,0.561,0.0477,0.1458,0.0656,0.095,0.1076,0.1247,0.9555,0.9359,0.9937,0.0939,0.0957,0.0966,0.188611,0.027100764,0.00013804,0.012844731,-0.7089,0.0113,0.0164,0.021,0.0252,0.0269,0.0306,0.0353,0.0374,0.0429,0.055
0.3612,0.4107,0.5885,0.0445,0.1155,0.0709,0.0833,0.0905,0.101,0.9493,0.9359,0.9396,0.0737,0.0856,0.0955,0.216925,0.028528138,0.00013035,-0.081892,-0.6541475,0.0121,0.0177,0.0222,0.0258,0.029,0.0323,0.0351,0.0383,0.0431,0.0559
0.3983,0.455,0.6347,0.0491,0.1252,0.0547,0.0839,0.0969,0.1096,0.9687,1.0,0.8742,0.0606,0.063,0.0777,0.137854,0.0189046,7.18e-05,0.07701507,-0.7835024,0.0066,0.0107,0.0141,0.0159,0.0194,0.021,0.0247,0.0262,0.0306,0.0403
0.3691,0.4458,0.8093,0.0373,0.1246,0.055,0.0707,0.0889,0.1052,0.8089,0.9787,0.8001,0.0756,0.0797,0.0883,0.178195,0.022023803,6.35e-05,-0.0120351,-0.559768,0.0113,0.015,0.0169,0.0206,0.0216,0.0242,0.0259,0.0293,0.0326,0.0424
0.391,0.4399,0.793,0.0388,0.1293,0.0537,0.0783,0.0803,0.1129,0.8186,0.8881,0.9938,0.0639,0.069,0.098,0.161542,0.02091675,5.91e-05,-0.0593512,-0.665976,0.0102,0.0137,0.0154,0.0194,0.0211,0.0233,0.0254,0.0279,0.0312,0.0384
0.3862,0.477,0.6481,0.0437,0.131,0.0553,0.0795,0.1082,0.1204,0.9282,0.9871,0.8173,0.0617,0.0807,0.0871,0.126414,0.018588837,7.26e-05,0.118189374,-0.7450214,0.0066,0.011,0.0132,0.0159,0.0191,0.0215,0.0246,0.0262,0.0303,0.0439
0.374,0.476,0.8338,0.038,0.1296,0.058,0.073,0.0942,0.1116,0.9485,0.8857,0.8257,0.0519,0.0775,0.0839,0.142442,0.02215182,7.25e-05,0.123952907,-0.5358628,0.0113,0.0152,0.0165,0.0195,0.0214,0.0249,0.0267,0.0298,0.0342,0.0442
0.4144,0.445,0.7366,0.045,0.1197,0.0615,0.0884,0.092,0.1105,0.8385,0.8503,0.8934,0.059,0.0657,0.0833,0.131631,0.019958547,6.69e-05,0.0448137,-0.6904142,0.0097,0.012,0.0154,0.0173,0.0208,0.0221,0.0249,0.027,0.0313,0.0433
0.3921,0.4602,0.78,0.0438,0.1244,0.0635,0.0742,0.0796,0.119,0.9643,0.8812,0.8676,0.0511,0.0693,0.0766,0.144442,0.021179258,6.62e-05,0.00097929,-0.669091,0.0105,0.0142,0.0156,0.0197,0.0208,0.0246,0.0263,0.0285,0.0318,0.0412
0.3623,0.406,0.6808,0.0367,0.1172,0.0447,0.0773,0.087,0.1072,0.8785,0.9709,0.8752,0.0656,0.0797,0.0885,0.224672,0.023343037,8.43e-05,0.09183305,-0.5702016,0.0108,0.0148,0.0178,0.0215,0.0232,0.0256,0.0282,0.0316,0.0356,0.0495
0.3816,0.4196,0.8483,0.0418,0.1404,0.0665,0.0725,0.1082,0.1247,0.8909,0.8521,0.9438,0.0574,0.0835,0.0852,0.191644,0.029885272,0.0001036,-0.1641243,-0.4592099,0.0162,0.0208,0.0241,0.0268,0.0304,0.0327,0.0359,0.0393,0.0434,0.0512
0.3549,0.4134,0.8743,0.0474,0.1242,0.0575,0.0769,0.1032,0.1117,0.9371,0.9403,0.832,0.0588,0.0654,0.0905,0.22504,0.03284469,0.00012295,-0.1367968,-0.2519046,0.0192,0.0244,0.0264,0.0305,0.0326,0.0353,0.0386,0.0426,0.0472,0.0602
0.357,0.4419,0.5174,0.0442,0.1362,0.0592,0.076,0.0923,0.1283,0.8557,0.9887,0.9595,0.0861,0.0868,0.09,0.196926,0.02385021,0.00010977,0.04982854,-0.6675762,0.0105,0.015,0.0171,0.021,0.0248,0.027,0.0303,0.0338,0.0374,0.0536
0.4164,0.4458,0.8427,0.042,0.1121,0.0543,0.0627,0.0854,0.1024,0.8362,0.9402,0.8044,0.0519,0.0803,0.0852,0.129761,0.018280269,4.37e-05,-0.14871,-0.7336763,0.0102,0.0118,0.0145,0.0159,0.0197,0.0206,0.0217,0.0248,0.0265,0.0346
0.3873,0.4835,0.592,0.0412,0.1365,0.0515,0.0832,0.1022,0.1261,0.996,0.8998,0.876,0.0861,0.0885,0.0908,0.116777,0.0174159,6.53e-05,0.206985781,-0.6863944,0.0064,0.01,0.0119,0.0149,0.0168,0.0199,0.0217,0.0252,0.0287,0.0406
0.3714,0.4714,0.8476,0.0452,0.1345,0.0643,0.0751,0.1036,0.1219,0.9963,0.9266,0.9404,0.0706,0.0779,0.0848,0.152102,0.0261258,9.04e-05,0.0193927,-0.4353095,0.0144,0.0176,0.0206,0.0234,0.0257,0.0289,0.0316,0.0348,0.0386,0.0512
0.3964,0.4679,0.5871,0.0367,0.1128,0.0553,0.0694,0.0732,0.1065,0.8708,0.9138,0.9845,0.0519,0.067,0.0696,0.132431,0.016510054,5.37e-05,0.057809036,-0.8816682,0.006,0.0102,0.0117,0.0154,0.0163,0.0193,0.0205,0.0232,0.0263,0.0335
0.4131,0.4283,0.6323,0.0398,0.1286,0.0639,0.0702,0.0901,0.1104,0.8484,0.986,0.8298,0.0689,0.0755,0.0982,0.154556,0.018828647,6.81e-05,0.00647978,-0.9066326,0.0065,0.0106,0.0145,0.0157,0.0194,0.0208,0.0243,0.0264,0.0299,0.0364
0.4071,0.4217,0.5586,0.0399,0.1237,0.0529,0.0885,0.0944,0.1087,0.992,0.8093,0.843,0.0518,0.0523,0.0745,0.166008,0.01774165,5.85e-05,-0.027942,-0.9087502,0.0063,0.0113,0.0126,0.0154,0.0178,0.0208,0.0219,0.0257,0.0279,0.0357
0.3564,0.4695,0.5953,0.0455,0.1452,0.0647,0.078,0.1184,0.1301,0.8328,0.9031,0.9913,0.0732,0.087,0.0967,0.163984,0.0236029,0.0001083,0.030914811,-0.7097823,0.0104,0.0148,0.0169,0.0207,0.0244,0.0266,0.0301,0.0335,0.0373,0.0532
0.3898,0.4369,0.5392,0.0475,0.1133,0.0554,0.071,0.0813,0.1015,0.9347,0.9318,0.9871,0.0513,0.0554,0.09,0.168982,0.02014611,8.17e-05,0.042930885,-0.8658404,0.0073,0.0113,0.0147,0.0167,0.0203,0.0223,0.0261,0.0288,0.0319,0.0412
0.3971,0.4281,0.6602,0.0416,0.1317,0.0536,0.0682,0.096,0.1089,0.8051,0.8442,0.8695,0.0589,0.0673,0.0949,0.167163,0.020364039,7.51e-05,0.00038335,-0.8365793,0.009,0.0116,0.0149,0.0173,0.0203,0.0231,0.0256,0.0286,0.0321,0.0403
0.3895,0.4197,0.6148,0.0496,0.1192,0.0699,0.0752,0.0902,0.1103,0.8647,0.9403,0.9827,0.0685,0.0867,0.0915,0.183599,0.02375288,9.33e-05,-0.1051112,-0.8009358,0.0109,0.0153,0.0186,0.0216,0.0248,0.0265,0.0299,0.0324,0.0362,0.0439
0.3508,0.4802,0.9032,0.0365,0.1233,0.0459,0.0755,0.0933,0.1047,0.9976,0.9796,0.8503,0.0565,0.0811,0.094,0.157966,0.025325674,8.69e-05,0.04253149,-0.2854399,0.014,0.0166,0.0212,0.0228,0.0252,0.0271,0.0305,0.0333,0.0373,0.0495
0.4179,0.4949,0.7521,0.0458,0.139,0.0545,0.0857,0.1084,0.131,0.9781,0.9009,0.9281,0.0582,0.0699,0.0898,0.069736,0.0152184,5.23e-05,0.224303386,-0.8342941,0.0058,0.0093,0.0108,0.012,0.0154,0.0167,0.0206,0.0217,0.0254,0.0332
0.3791,0.482,0.9161,0.0425,0.1183,0.0532,0.0668,0.0787,0.0953,0.8775,0.9011,0.9703,0.0646,0.0851,0.099,0.135611,0.02327319,6.66e-05,-0.222374,-0.4868668,0.0118,0.0157,0.0202,0.0213,0.0238,0.0253,0.0276,0.0307,0.0343,0.0424
0.3704,0.484,0.7972,0.0482,0.1192,0.0648,0.086,0.0997,0.1045,0.871,0.9078,0.8577,0.059,0.0597,0.0621,0.138388,0.02477428,0.00011025,0.281268219,-0.3256354,0.0109,0.0142,0.0187,0.0218,0.0244,0.0271,0.0307,0.0339,0.0382,0.0559
0.3824,0.4473,0.7213,0.0357,0.1385,0.069,0.1006,0.1089,0.1252,0.835,0.9692,0.9518,0.0531,0.0888,0.0966,0.158665,0.024849474,0.00010265,0.123314114,-0.5045597,0.0111,0.0155,0.0192,0.0217,0.0245,0.0273,0.0307,0.035,0.0375,0.051
0.4091,0.42,0.5235,0.0359,0.1373,0.0569,0.0796,0.0975,0.1249,0.8025,0.9488,0.8024,0.0525,0.0821,0.0878,0.160584,0.017614671,5.96e-05,-0.0031011,-0.9162341,0.0063,0.0112,0.0125,0.0153,0.0175,0.0207,0.0218,0.0256,0.0278,0.0357
0.4166,0.4906,0.5341,0.0485,0.1346,0.0698,0.0917,0.101,0.1207,0.979,0.871,0.8748,0.0569,0.0675,0.0864,0.081256,0.01728481,6.43e-05,0.0868409,-0.9695558,0.0061,0.0105,0.012,0.0147,0.0166,0.0205,0.0215,0.0252,0.028,0.035
0.4047,0.4654,0.8594,0.0435,0.1271,0.0627,0.0698,0.0928,0.1128,0.9611,0.8036,0.8993,0.0695,0.0783,0.0929,0.122674,0.02069494,5.4e-05,-0.1330451,-0.6203582,0.0105,0.0147,0.0158,0.0193,0.0205,0.0231,0.0254,0.0267,0.0305,0.0364
0.4119,0.4125,0.6015,0.0358,0.1173,0.064,0.0659,0.0871,0.0896,0.8986,0.9648,0.9336,0.0782,0.0882,0.0943,0.16912,0.02001152,7.51e-05,0.017053454,-0.8207313,0.0086,0.0113,0.0148,0.017,0.0201,0.0224,0.0254,0.0277,0.0318,0.0403
0.3824,0.4737,0.9053,0.0477,0.1132,0.0555,0.0655,0.0863,0.0957,0.9447,0.8453,0.9832,0.0525,0.0788,0.0941,0.139181,0.02380781,6.99e-05,-0.1795741,-0.3876506,0.0113,0.016,0.0202,0.0215,0.0244,0.0259,0.0289,0.0313,0.035,0.0472
0.3866,0.4266,0.7506,0.0482,0.142,0.0617,0.0823,0.0984,0.1214,0.8569,0.878,0.8429,0.0509,0.0715,0.0774,0.169191,0.025404087,9.15e-05,0.05994187,-0.5109222,0.0119,0.016,0.0198,0.0222,0.0252,0.028,0.031,0.034,0.0378,0.0515
0.4005,0.461,0.6786,0.0388,0.1287,0.0536,0.0803,0.0885,0.1122,0.9534,0.8326,0.8241,0.0559,0.0666,0.0961,0.131015,0.01736646,6.21e-05,0.129056798,-0.7637533,0.0064,0.01,0.0119,0.0149,0.0168,0.0199,0.0217,0.0251,0.0277,0.0403
0.4047,0.4719,0.7167,0.0404,0.1124,0.065,0.0661,0.0724,0.1002,0.9761,0.8009,0.9603,0.0548,0.0761,0.078,0.115965,0.016412395,5.5e-05,0.141793165,-0.8396164,0.0061,0.0104,0.0118,0.0144,0.0156,0.0186,0.0209,0.023,0.026,0.035
0.3803,0.4085,0.8348,0.0427,0.1413,0.0626,0.0744,0.1052,0.1249,0.8132,0.8413,0.8666,0.053,0.0627,0.0923,0.201524,0.030437336,0.00010638,-0.092355,-0.2256566,0.0167,0.0212,0.025,0.0277,0.0309,0.0342,0.0363,0.0398,0.0438,0.0587
0.4143,0.4996,0.6019,0.0354,0.1184,0.0549,0.0735,0.0976,0.1038,0.9942,0.8727,0.9576,0.0753,0.0757,0.0919,0.078781,0.014405223,4.45e-05,0.170184304,-0.9175243,0.0057,0.0069,0.0104,0.0115,0.0148,0.0161,0.0187,0.021,0.0238,0.032
0.3927,0.4398,0.683,0.0469,0.127,0.0611,0.0884,0.1018,0.118,0.8772,0.8208,0.8327,0.0523,0.0639,0.079,0.162042,0.022760501,8.67e-05,0.03720959,-0.6976385,0.0111,0.0137,0.0167,0.0201,0.0222,0.0255,0.0279,0.0314,0.035,0.0456
0.3633,0.4856,0.678,0.0358,0.1321,0.0712,0.0774,0.0823,0.1168,0.8382,0.9409,0.8025,0.0667,0.0921,0.0999,0.141524,0.02039902,8.06e-05,0.01788927,-0.8198215,0.0089,0.0118,0.0154,0.0172,0.0212,0.0236,0.0259,0.0288,0.0319,0.0439
0.3674,0.4382,0.6096,0.0454,0.1436,0.0657,0.1019,0.1215,0.1369,0.8221,0.8126,0.9114,0.065,0.0737,0.0806,0.177073,0.024837607,0.00011533,0.09686308,-0.6325642,0.0108,0.0155,0.0196,0.0214,0.0254,0.0279,0.0313,0.0349,0.0393,0.0536
0.3505,0.4417,0.8313,0.0391,0.1104,0.0565,0.0575,0.0902,0.0995,0.8792,0.9857,0.835,0.0546,0.0596,0.0883,0.201798,0.025001664,7.1e-05,-0.2235293,-0.4606529,0.014,0.0167,0.0211,0.0231,0.0258,0.027,0.0303,0.0327,0.0352,0.049
0.3868,0.4297,0.5623,0.0352,0.1343,0.0629,0.0686,0.0915,0.1173,0.8546,0.9571,0.9492,0.0578,0.0814,0.0886,0.179045,0.021651951,9.12e-05,0.08702678,-0.543947,0.0099,0.012,0.0158,0.0194,0.0212,0.0246,0.0269,0.0301,0.0337,0.052
0.3582,0.4113,0.6565,0.0428,0.1317,0.0532,0.083,0.0985,0.1051,0.9304,0.978,0.9912,0.0675,0.0893,0.0976,0.220356,0.02731721,0.00011576,0.07172834,-0.5613299,0.0123,0.017,0.0215,0.0243,0.0272,0.0306,0.0333,0.0366,0.041,0.0559
0.4156,0.4478,0.5215,0.0427,0.143,0.069,0.0782,0.1159,0.1262,0.9388,0.9766,0.8501,0.0662,0.0696,0.0936,0.126314,0.019668863,7.67e-05,-0.0123274,-0.9351095,0.0066,0.011,0.0152,0.0167,0.0203,0.0217,0.0254,0.0278,0.0315,0.0377
0.3959,0.4377,0.7348,0.0435,0.1439,0.0699,0.0873,0.1016,0.1277,0.9048,0.915,0.9459,0.0613,0.0738,0.0974,0.151502,0.024446638,9.31e-05,0.00247195,-0.7709322,0.0106,0.015,0.0199,0.0214,0.0245,0.0266,0.0306,0.0345,0.0373,0.0472
0.3545,0.4384,0.83,0.0484,0.1162,0.0574,0.0801,0.0826,0.1032,0.9486,0.8651,0.8276,0.0617,0.0626,0.0721,0.200091,0.02738324,8.7e-05,-0.185931,-0.5502712,0.0147,0.0202,0.0221,0.0255,0.0268,0.0304,0.0332,0.0358,0.0398,0.049
0.3515,0.4354,0.7383,0.0408,0.1354,0.061,0.0758,0.1062,0.1139,0.9651,0.8772,0.9159,0.0519,0.0947,0.0998,0.201648,0.027751804,0.00011456,0.11025299,-0.5634456,0.013,0.0178,0.0218,0.0247,0.0273,0.0306,0.0335,0.0373,0.042,0.0559
0.3544,0.4572,0.6915,0.0396,0.143,0.0568,0.0856,0.1098,0.1273,0.9857,0.8094,0.8606,0.0716,0.087,0.0941,0.178757,0.023275871,0.00010494,0.332759145,-0.1181653,0.0101,0.0134,0.0165,0.0195,0.0227,0.0254,0.0289,0.0321,0.0363,0.0572
0.3994,0.4792,0.9417,0.0402,0.1286,0.0518,0.069,0.0913,0.1086,0.848,0.842,0.9544,0.0538,0.06,0.083,0.115782,0.021827996,5.73e-05,-0.3749966,-0.4553813,0.0107,0.0153,0.0183,0.0203,0.022,0.0246,0.026,0.0284,0.0317,0.0367
0.3915,0.4051,0.8061,0.0409,0.1433,0.0657,0.0741,0.0923,0.1208,0.8118,0.9342,0.9574,0.0634,0.067,0.0884,0.194933,0.02723712,8.53e-05,-0.2523193,-0.6377233,0.0156,0.0193,0.0216,0.0256,0.0268,0.0302,0.0331,0.0362,0.0396,0.045
0.3926,0.4849,0.5509,0.0391,0.1158,0.0647,0.0698,0.0875,0.0958,0.9306,0.8152,0.8245,0.0676,0.073,0.0829,0.115087,0.016800868,5.83e-05,0.09182847,-0.8848466,0.0061,0.0105,0.012,0.0147,0.0163,0.0199,0.0213,0.0249,0.0266,0.0354
0.3765,0.4866,0.9107,0.0398,0.1206,0.0581,0.0738,0.096,0.1012,0.8071,0.8574,0.8041,0.0603,0.0657,0.0737,0.129746,0.024741101,8.44e-05,0.02487486,-0.3936707,0.0132,0.0162,0.0195,0.0217,0.0246,0.0267,0.0302,0.0326,0.0367,0.0502
0.3799,0.4353,0.9362,0.047,0.1423,0.073,0.0769,0.1033,0.1187,0.8608,0.8048,0.8914,0.0524,0.0791,0.092,0.175808,0.03445647,0.00013433,-0.4823709,-0.223396,0.0193,0.0244,0.0289,0.0324,0.0353,0.0389,0.0417,0.0448,0.0488,0.057
0.4064,0.4873,0.5609,0.0381,0.1346,0.0595,0.0866,0.0939,0.1114,0.8023,0.8359,0.9864,0.0544,0.0639,0.0888,0.096589,0.01532073,4.83e-05,0.138124042,-0.8308711,0.0059,0.0096,0.0112,0.0133,0.0157,0.0171,0.0197,0.0212,0.0254,0.0335
0.3832,0.407,0.6166,0.0479,0.1479,0.0758,0.0873,0.1221,0.1363,0.9438,0.8574,0.9928,0.0527,0.0564,0.0593,0.197199,0.02771387,0.0001226,-0.0948674,-0.8231693,0.0117,0.0167,0.021,0.0245,0.0279,0.0315,0.0347,0.0378,0.0423,0.0512
0.418,0.4468,0.6609,0.0416,0.1215,0.0558,0.0708,0.0813,0.1102,0.9503,0.9566,0.9265,0.062,0.0712,0.0864,0.129579,0.017803135,6.31e-05,0.09387018,-0.8314056,0.0063,0.0104,0.0119,0.0154,0.0174,0.0202,0.0221,0.025,0.0285,0.0367
0.4133,0.4331,0.6242,0.0454,0.1301,0.0596,0.0923,0.0929,0.1013,0.9539,0.8183,0.8801,0.076,0.0864,0.0979,0.146674,0.019702855,7.85e-05,0.030811771,-0.9343892,0.0067,0.0109,0.0143,0.0164,0.0197,0.022,0.0252,0.0278,0.0318,0.04
0.3563,0.4818,0.8723,0.0432,0.1416,0.065,0.0695,0.1082,0.1249,0.8649,0.9048,0.9252,0.0532,0.0769,0.0963,0.148518,0.028234515,0.0001013,-0.0168661,-0.4330877,0.0155,0.02,0.0218,0.0257,0.0282,0.0313,0.0341,0.0371,0.0415,0.0532
0.4062,0.4751,0.792,0.0385,0.1362,0.0487,0.0646,0.1055,0.1272,0.8163,0.9294,0.8322,0.0584,0.0712,0.084,0.109477,0.01597378,4.71e-05,0.105236511,-0.7795827,0.0061,0.0103,0.0116,0.0152,0.016,0.0179,0.02,0.0219,0.0257,0.0335
0.4055,0.4157,0.7083,0.0495,0.1156,0.0625,0.077,0.0828,0.1078,0.8011,0.9976,0.9072,0.0576,0.0608,0.0788,0.17034,0.02108831,6.55e-05,-0.12871,-0.8418502,0.0103,0.0143,0.0158,0.0195,0.0209,0.0242,0.0256,0.0286,0.0322,0.0367
0.4158,0.4597,0.5919,0.0371,0.1495,0.0492,0.0778,0.0977,0.1192,0.8275,0.866,0.8202,0.0775,0.0779,0.0895,0.115847,0.01651512,5.99e-05,0.229127206,-0.6653259,0.0061,0.0091,0.011,0.0138,0.0154,0.0187,0.021,0.0234,0.0269,0.0384
0.3898,0.4348,0.7547,0.0453,0.1422,0.0557,0.0991,0.1033,0.108,0.8254,0.9496,0.8481,0.064,0.0757,0.0786,0.166045,0.022873056,7.21e-05,0.00596258,-0.5822092,0.0119,0.0144,0.0176,0.0205,0.0227,0.0249,0.0272,0.0307,0.0339,0.0461
0.3568,0.4424,0.7522,0.0381,0.1489,0.0614,0.0619,0.1044,0.1314,0.9001,0.9229,0.9566,0.0513,0.078,0.0828,0.191988,0.027009171,0.00010779,0.100440276,-0.5014841,0.0128,0.0174,0.0215,0.0236,0.0262,0.0303,0.0331,0.0363,0.0405,0.0566
0.3582,0.4218,0.5922,0.0428,0.1193,0.0529,0.0783,0.0888,0.1117,0.9605,0.8517,0.8529,0.0662,0.0785,0.0791,0.210925,0.02301964,9.42e-05,0.103843717,-0.6010939,0.0102,0.0143,0.0166,0.0211,0.0227,0.0259,0.028,0.032,0.0359,0.0492
0.3919,0.4384,0.6617,0.0398,0.1157,0.0506,0.0658,0.0839,0.1077,0.8177,0.8962,0.9496,0.0606,0.07,0.0881,0.163807,0.018126535,5.92e-05,0.08773737,-0.6023071,0.0073,0.011,0.0142,0.0153,0.0186,0.0204,0.022,0.0258,0.0283,0.0412
0.382,0.4869,0.9091,0.0398,0.1353,0.0544,0.0908,0.0913,0.1212,0.896,0.8611,0.8709,0.0561,0.0883,0.0887,0.118466,0.02581634,0.00011001,0.396196767,0.115143291,0.0129,0.0158,0.0197,0.0221,0.0254,0.0282,0.0311,0.0341,0.0392,0.0596
0.3793,0.4582,0.5769,0.0372,0.1251,0.0478,0.0677,0.0889,0.1018,0.8028,0.9639,0.8681,0.0624,0.0733,0.0747,0.154804,0.01699499,5.99e-05,0.172197834,-0.7080495,0.0062,0.0104,0.0113,0.0153,0.0164,0.02,0.021,0.0248,0.0271,0.0377
0.4169,0.4425,0.788,0.0394,0.1442,0.0517,0.0764,0.115,0.1248,0.9638,0.9099,0.8534,0.0609,0.0632,0.0992,0.130193,0.019168295,6.12e-05,0.159056488,-0.520472,0.0093,0.0116,0.0146,0.0164,0.0196,0.021,0.0242,0.0261,0.0299,0.0406
0.361,0.4307,0.5372,0.0481,0.1188,0.0596,0.074,0.0896,0.1057,0.9507,0.9028,0.8698,0.0503,0.0931,0.0947,0.203043,0.02394298,9.96e-05,-0.1048697,-0.7590363,0.0101,0.0145,0.0186,0.0216,0.0251,0.027,0.0299,0.0332,0.037,0.0482
0.3643,0.4175,0.5147,0.049,0.1142,0.061,0.0719,0.0916,0.1012,0.9574,0.8267,0.9795,0.0519,0.0542,0.0946,0.209003,0.02322988,9.89e-05,-0.0110913,-0.681934,0.0101,0.0144,0.017,0.0202,0.0234,0.0263,0.0299,0.0319,0.036,0.0502
0.4149,0.4962,0.7691,0.0454,0.1144,0.0547,0.0768,0.0794,0.1106,0.9603,0.9045,0.9334,0.0671,0.0898,0.0956,0.080715,0.015436703,5.17e-05,0.18029446,-0.8342523,0.0059,0.0097,0.0113,0.0124,0.0151,0.0169,0.0205,0.0216,0.0253,0.035
0.3946,0.4475,0.7812,0.0419,0.1336,0.0515,0.0668,0.0948,0.1174,0.9397,0.84,0.8287,0.0539,0.0752,0.0842,0.151265,0.019808408,5.73e-05,-0.0296072,-0.7368066,0.0103,0.0115,0.0155,0.0175,0.0204,0.022,0.0249,0.0262,0.0299,0.0374
0.3661,0.4148,0.821,0.0382,0.1413,0.0663,0.0812,0.0941,0.1256,0.8837,0.8383,0.997,0.0637,0.0797,0.0985,0.215743,0.029411955,9.28e-05,-0.2809959,-0.3612683,0.0161,0.0208,0.0242,0.0269,0.0303,0.0325,0.0355,0.0379,0.0413,0.0512
0.3978,0.4799,0.8694,0.0399,0.1393,0.0519,0.079,0.1031,0.1265,0.9666,0.8487,0.8674,0.0831,0.0895,0.0979,0.11042,0.01965633,5.93e-05,0.119697729,-0.4955088,0.0099,0.0119,0.015,0.0167,0.0201,0.0212,0.0239,0.0267,0.0298,0.0415
0.3521,0.4872,0.5378,0.0421,0.1378,0.0539,0.0865,0.1033,0.1235,0.8211,0.96,0.833,0.0526,0.0715,0.0998,0.154,0.021448637,9.53e-05,0.08569717,-0.791339,0.009,0.0123,0.016,0.019,0.0209,0.0253,0.0267,0.0303,0.0355,0.045
0.4124,0.4091,0.641,0.0377,0.1132,0.049,0.0662,0.07,0.0995,0.8338,0.9995,0.9382,0.0707,0.0868,0.0972,0.170813,0.017144362,5.35e-05,0.026288457,-0.8611055,0.0063,0.011,0.0122,0.0149,0.0166,0.0203,0.0213,0.0246,0.0264,0.035
0.3776,0.4738,0.6284,0.0413,0.1297,0.0463,0.0801,0.1043,0.1101,0.9509,0.8395,0.9087,0.0517,0.0917,0.0971,0.136258,0.018416806,7.09e-05,0.147193905,-0.7352984,0.0065,0.0104,0.0136,0.0153,0.0187,0.0204,0.0234,0.0257,0.0299,0.04
0.3641,0.4094,0.7188,0.0449,0.1399,0.0546,0.0953,0.0983,0.1294,0.9999,0.9994,0.8543,0.0834,0.0879,0.0966,0.214796,0.028848483,0.0001217,0.118569125,-0.5248157,0.014,0.0188,0.0222,0.0254,0.0289,0.0319,0.0353,0.0387,0.0436,0.0585
0.3845,0.4464,0.6517,0.0438,0.123,0.0622,0.0695,0.0949,0.1121,0.9346,0.9593,0.8717,0.0748,0.0768,0.0873,0.155796,0.021106208,8.47e-05,0.054008319,-0.7694534,0.0094,0.0123,0.0157,0.0188,0.0205,0.0247,0.0264,0.0296,0.0335,0.0442
0.3762,0.4683,0.7686,0.038,0.1489,0.0621,0.0786,0.1148,0.1276,0.8169,0.8237,0.9274,0.0552,0.0656,0.0657,0.148521,0.022280373,7.8e-05,0.09113636,-0.5909584,0.0112,0.0153,0.0167,0.0198,0.0219,0.0255,0.0267,0.0303,0.0345,0.045
0.4074,0.4199,0.8753,0.0412,0.1175,0.0535,0.0741,0.0803,0.1051,0.8368,0.942,0.9039,0.0583,0.0668,0.0997,0.168226,0.0237403,6.48e-05,-0.2528327,-0.42811,0.0123,0.0159,0.0202,0.0214,0.0242,0.026,0.0281,0.0313,0.0347,0.0418
0.4127,0.4241,0.6681,0.0445,0.1153,0.0582,0.0742,0.0868,0.1077,0.953,0.8411,0.8762,0.0743,0.0793,0.0888,0.158493,0.01991311,6.97e-05,-0.0183966,-0.8163179,0.0088,0.0113,0.0145,0.0169,0.0208,0.022,0.0251,0.027,0.0311,0.0391
0.4095,0.4487,0.8389,0.041,0.139,0.0651,0.0855,0.0999,0.1181,0.8775,0.8869,0.8426,0.0666,0.073,0.0948,0.12918,0.023916367,7.84e-05,0.027861933,-0.5364938,0.0122,0.0161,0.0193,0.0211,0.0251,0.0263,0.0288,0.0316,0.0361,0.045
0.3815,0.4401,0.5181,0.0361,0.1447,0.0503,0.073,0.1014,0.1129,0.8012,0.9577,0.957,0.0503,0.0563,0.0917,0.173461,0.01949235,7.78e-05,0.131009509,-0.6847132,0.0068,0.0113,0.015,0.0164,0.0204,0.0219,0.0248,0.0269,0.0315,0.0433
0.3856,0.4507,0.6587,0.0393,0.1252,0.0491,0.0677,0.0892,0.0977,0.955,0.9819,0.8043,0.0524,0.0643,0.0815,0.158484,0.01775436,6.06e-05,0.154948217,-0.5947449,0.0066,0.0106,0.0132,0.0153,0.0173,0.0201,0.0221,0.0253,0.028,0.0406
0.3624,0.4736,0.5661,0.0353,0.1268,0.0462,0.0608,0.0924,0.1045,0.9452,0.9962,0.8991,0.0652,0.0727,0.0754,0.157552,0.017970668,6.6e-05,0.122951071,-0.7582395,0.0064,0.0102,0.0126,0.0149,0.0175,0.0209,0.0224,0.0256,0.0287,0.0391
0.3992,0.4648,0.9438,0.0476,0.1413,0.0673,0.0726,0.106,0.1222,0.8286,0.9461,0.9693,0.0612,0.0758,0.0818,0.126636,0.027767973,9.13e-05,-0.4011078,-0.3630972,0.0143,0.0204,0.0233,0.0255,0.0285,0.0311,0.0338,0.0363,0.0399,0.0472
0.4199,0.4937,0.9431,0.0391,0.1246,0.0557,0.086,0.0893,0.1129,0.8255,0.8056,0.8609,0.0635,0.0647,0.0824,0.080399,0.02032826,5.63e-05,-0.1039374,-0.5036827,0.0102,0.0142,0.0158,0.0188,0.0204,0.0222,0.0251,0.0267,0.0306,0.0403
0.378,0.4388,0.8336,0.0385,0.1117,0.0561,0.0609,0.0807,0.1017,0.8997,0.9651,0.9636,0.054,0.0656,0.0889,0.178304,0.02414644,7.24e-05,-0.0628956,-0.4683391,0.012,0.016,0.0203,0.0215,0.0245,0.026,0.0292,0.0316,0.0356,0.0472
0.4003,0.4144,0.9063,0.0464,0.1275,0.062,0.0745,0.0958,0.1175,0.8017,0.8223,0.9801,0.0502,0.0791,0.099,0.180792,0.026890972,7.84e-05,-0.4262207,-0.2289173,0.0141,0.0198,0.0224,0.0252,0.0269,0.0299,0.0321,0.0349,0.0379,0.0453
0.3547,0.4974,0.5271,0.0474,0.1345,0.0633,0.0761,0.1112,0.1157,0.9779,0.8083,0.8291,0.0518,0.063,0.0688,0.139482,0.019297335,7.8e-05,0.177348807,-0.6928479,0.0068,0.0112,0.0148,0.0162,0.0198,0.0215,0.0245,0.0269,0.0316,0.043
0.3832,0.4895,0.8995,0.0356,0.1109,0.0615,0.064,0.0861,0.091,0.9591,0.9017,0.9595,0.0682,0.0703,0.0985,0.12232,0.022801158,6.93e-05,-0.021058,-0.5156746,0.0116,0.0154,0.018,0.0208,0.0222,0.0249,0.027,0.0305,0.0339,0.0427
0.4019,0.4865,0.6579,0.036,0.1287,0.0466,0.0811,0.0991,0.0998,0.835,0.9459,0.8777,0.0507,0.0873,0.0873,0.10405,0.015091676,4.9e-05,0.212496361,-0.7743358,0.0058,0.0094,0.011,0.0123,0.0156,0.0165,0.0196,0.021,0.0254,0.0335
0.4031,0.4838,0.7403,0.0421,0.1213,0.0593,0.0778,0.0794,0.0967,0.8568,0.9485,0.8804,0.0509,0.0781,0.0958,0.103396,0.016496448,5.56e-05,0.11061192,-0.8818806,0.006,0.0102,0.0117,0.0141,0.0156,0.0195,0.0207,0.0237,0.0267,0.0339
0.3989,0.4619,0.7702,0.0424,0.1122,0.0506,0.0692,0.0852,0.0979,0.8611,0.9975,0.9531,0.0785,0.0889,0.0904,0.132218,0.018090178,5.79e-05,0.06163602,-0.7791344,0.0078,0.0106,0.0144,0.0155,0.0178,0.0201,0.0224,0.0254,0.0283,0.0364
0.4132,0.452,0.93,0.0381,0.1426,0.0599,0.0659,0.1008,0.1306,0.9366,0.8018,0.9727,0.0556,0.076,0.077,0.126562,0.02381549,6.58e-05,-0.3474272,-0.3475067,0.012,0.0166,0.0201,0.022,0.025,0.0262,0.0289,0.0313,0.0343,0.0406
0.4094,0.4038,0.8524,0.0358,0.129,0.0537,0.0658,0.0988,0.121,0.9804,0.929,0.9697,0.0648,0.0689,0.0711,0.177134,0.02490997,7.43e-05,-0.0990005,-0.302885,0.0136,0.0169,0.0205,0.0225,0.0248,0.0268,0.0303,0.0326,0.0358,0.0464
0.3645,0.4768,0.9489,0.0401,0.1161,0.0489,0.0638,0.078,0.0883,0.9304,0.8677,0.8683,0.0564,0.0712,0.0978,0.153348,0.02515586,7.78e-05,-0.34858,-0.4087577,0.0125,0.0176,0.0214,0.0237,0.0257,0.0278,0.0308,0.0331,0.0361,0.0439
0.3927,0.4654,0.8097,0.0449,0.1443,0.0617,0.0752,0.0906,0.1337,0.9247,0.973,0.8257,0.0613,0.0617,0.0884,0.132159,0.021184252,6.26e-05,-0.0244658,-0.6590528,0.0105,0.0142,0.016,0.0195,0.0208,0.0244,0.0257,0.0281,0.032,0.0403
0.3679,0.487,0.775,0.0388,0.144,0.0528,0.0936,0.1097,0.1264,0.9056,0.9892,0.917,0.0536,0.0552,0.0873,0.128806,0.02182742,9.2e-05,0.220395149,-0.5538644,0.0098,0.0121,0.0156,0.0201,0.0215,0.0247,0.0267,0.0306,0.0355,0.0477
0.3618,0.4135,0.8948,0.0426,0.1143,0.0572,0.0783,0.088,0.1031,0.9298,0.9023,0.8737,0.0531,0.0658,0.0747,0.217393,0.032416588,0.00012385,-0.2131494,-0.2287588,0.0181,0.0236,0.0263,0.0305,0.0326,0.0355,0.0386,0.0422,0.0462,0.0604
0.3532,0.4357,0.9221,0.0352,0.1223,0.0562,0.0745,0.0802,0.1055,0.8221,0.816,0.9359,0.0617,0.0733,0.097,0.204916,0.029088311,9.42e-05,-0.3672081,-0.2056811,0.0155,0.0204,0.0243,0.0267,0.0304,0.0328,0.0351,0.0372,0.0408,0.05
0.3902,0.4774,0.7043,0.0419,0.1382,0.0687,0.0733,0.0968,0.1083,0.997,0.8686,0.8468,0.07,0.0708,0.0765,0.12395,0.018215886,6.39e-05,0.05834472,-0.8187073,0.0064,0.0106,0.0143,0.0156,0.0187,0.0204,0.0224,0.0253,0.029,0.0367
0.38,0.4258,0.6252,0.0357,0.1432,0.048,0.0861,0.1081,0.1131,0.9066,0.9921,0.9218,0.0837,0.0936,0.0976,0.182888,0.02137889,8.6e-05,0.08764163,-0.7271412,0.0097,0.0124,0.0158,0.0189,0.0207,0.0248,0.0264,0.0298,0.0346,0.0442
0.3997,0.4075,0.584,0.0446,0.1398,0.0718,0.0788,0.0898,0.1267,0.8099,0.8776,0.8642,0.0693,0.081,0.0951,0.190292,0.02479846,0.00010547,-0.0601468,-0.8117072,0.0115,0.0145,0.0196,0.0213,0.0246,0.0273,0.0311,0.0344,0.039,0.0461
0.3767,0.4714,0.5686,0.0443,0.1434,0.0594,0.0919,0.107,0.1342,0.9299,0.9103,0.8425,0.0796,0.0796,0.0941,0.144012,0.02261085,0.00011134,0.169769164,-0.7544667,0.0096,0.0116,0.0156,0.0206,0.0223,0.0249,0.0288,0.0327,0.0368,0.0495
0.3717,0.4741,0.6191,0.05,0.1386,0.0689,0.0859,0.1029,0.1164,0.9334,0.9025,0.967,0.0524,0.0799,0.0986,0.145555,0.023153691,0.00010389,0.00694646,-0.7995154,0.0095,0.0134,0.0165,0.0205,0.0233,0.0256,0.0298,0.033,0.0363,0.0464
0.3852,0.4603,0.87,0.0474,0.1357,0.0744,0.0859,0.1037,0.114,0.8039,0.944,0.9504,0.0752,0.0801,0.0958,0.139779,0.028053193,9.66e-05,-0.177308,-0.5484677,0.0149,0.0191,0.0221,0.0256,0.0279,0.0316,0.0344,0.0366,0.0406,0.05
0.418,0.4573,0.6909,0.0384,0.1469,0.0492,0.0896,0.1042,0.1275,0.8389,0.8835,0.9863,0.0511,0.0564,0.0571,0.110743,0.01558086,5.03e-05,0.183773201,-0.7172615,0.0061,0.009,0.0108,0.0135,0.0149,0.0169,0.0205,0.0218,0.0253,0.0391
0.3518,0.4482,0.5426,0.0365,0.1247,0.0545,0.072,0.0793,0.1061,0.9991,0.9,0.8311,0.0603,0.0669,0.0775,0.19149,0.020450675,8.44e-05,0.145570295,-0.5881456,0.0071,0.0109,0.0147,0.0176,0.0209,0.023,0.0255,0.0286,0.0322,0.0474
0.4027,0.4026,0.6894,0.0383,0.1145,0.0543,0.0669,0.0929,0.0978,0.977,0.9794,0.9163,0.0638,0.0712,0.0862,0.185847,0.022039946,7.57e-05,-0.0398901,-0.7664208,0.0109,0.015,0.0164,0.0195,0.0216,0.0252,0.0271,0.0305,0.0339,0.0442
0.3808,0.4699,0.6044,0.0362,0.1488,0.0529,0.0802,0.0989,0.127,0.8517,0.9757,0.8359,0.0576,0.0742,0.0899,0.135212,0.017830894,6.74e-05,0.201267974,-0.5763648,0.0065,0.0105,0.0123,0.0154,0.0174,0.0206,0.0219,0.0251,0.0286,0.0427
0.3501,0.4935,0.7692,0.0469,0.1393,0.0549,0.0774,0.0908,0.1238,0.834,0.9352,0.8311,0.071,0.084,0.0914,0.144988,0.0220832,8.05e-05,0.00983893,-0.7850297,0.0106,0.0146,0.0163,0.0205,0.022,0.0249,0.027,0.0309,0.0342,0.0433
0.3761,0.4646,0.6001,0.0431,0.1213,0.053,0.0756,0.0855,0.1065,0.8099,0.9979,0.9179,0.0673,0.0741,0.0755,0.152018,0.018047668,6.49e-05,0.08101065,-0.7668478,0.0065,0.0105,0.0134,0.0153,0.0179,0.0204,0.0226,0.0256,0.0286,0.0403
0.3614,0.4502,0.8075,0.0499,0.1256,0.0715,0.0721,0.0889,0.1111,0.822,0.9443,0.8729,0.0694,0.0894,0.0936,0.18454,0.028193237,9.04e-05,-0.3108371,-0.6474639,0.0147,0.0203,0.0225,0.0255,0.0291,0.0316,0.035,0.037,0.0402,0.0472
0.3612,0.4553,0.7197,0.0401,0.128,0.058,0.0705,0.0986,0.1162,0.9712,0.8494,0.8825,0.0686,0.0839,0.0988,0.169936,0.02257891,8.78e-05,0.126859855,-0.5882321,0.0101,0.0139,0.0167,0.0205,0.0219,0.0252,0.0275,0.031,0.0355,0.0474
0.3653,0.4852,0.5437,0.04,0.1219,0.0499,0.0768,0.0818,0.0919,0.9539,0.9224,0.9971,0.0541,0.0597,0.0621,0.141875,0.01852921,7.78e-05,0.235144509,-0.6833778,0.0065,0.0106,0.0123,0.0155,0.0178,0.021,0.0237,0.0259,0.0306,0.0424
0.4063,0.4048,0.8463,0.0415,0.1378,0.0502,0.0646,0.1004,0.1105,0.8584,0.8651,0.8695,0.0506,0.0942,0.0999,0.174488,0.025434253,7.89e-05,-0.1549379,-0.5655567,0.0151,0.0169,0.0204,0.0228,0.026,0.0274,0.0308,0.0341,0.0368,0.045
0.3618,0.4128,0.562,0.0493,0.1474,0.0638,0.0914,0.1218,0.1341,0.9178,0.8638,0.8913,0.0555,0.0642,0.0653,0.213726,0.03014438,0.00019052,0.244832597,-0.5082011,0.0107,0.0171,0.0212,0.0255,0.0299,0.0334,0.0369,0.0422,0.0497,0.0678
0.3871,0.4216,0.7953,0.042,0.1101,0.0535,0.066,0.0783,0.0979,0.9723,0.8898,0.8945,0.0578,0.0699,0.0925,0.18847,0.023041089,6.22e-05,-0.1435088,-0.5368562,0.0119,0.0156,0.0195,0.021,0.0229,0.0258,0.0276,0.0302,0.0334,0.0409
0.3684,0.4639,0.6284,0.048,0.1465,0.0725,0.0892,0.1049,0.1236,0.8467,0.8897,0.8578,0.063,0.0913,0.0923,0.154629,0.025257293,0.00013644,0.190851613,-0.7011001,0.0097,0.0136,0.0182,0.0218,0.0248,0.0276,0.0316,0.0357,0.0415,0.0559
0.3607,0.4322,0.6832,0.0373,0.12,0.0498,0.0677,0.0866,0.1089,0.9722,0.9769,0.9795,0.054,0.0946,0.0949,0.200862,0.024449871,0.00010538,0.144050819,-0.6159901,0.0107,0.0149,0.0184,0.0206,0.0242,0.0267,0.0304,0.0339,0.0384,0.0497
0.3935,0.4069,0.8371,0.048,0.1387,0.0695,0.0858,0.1021,0.1214,0.9825,0.8845,0.9018,0.0539,0.0633,0.0936,0.192214,0.03049874,0.00010154,-0.2868978,-0.4552478,0.0162,0.0209,0.0253,0.0275,0.0313,0.0342,0.0362,0.0399,0.0434,0.05
0.3627,0.4179,0.7641,0.0459,0.1213,0.0495,0.0777,0.0947,0.1029,0.9617,0.951,0.8185,0.0584,0.0588,0.0701,0.211458,0.025906546,8.54e-05,0.020347781,-0.3999279,0.0149,0.0172,0.0209,0.0241,0.0259,0.0281,0.0315,0.0347,0.0372,0.0539
0.3755,0.4151,0.7495,0.0482,0.1437,0.0646,0.0982,0.1117,0.1147,0.9597,0.9826,0.9057,0.0607,0.0765,0.0993,0.202504,0.030976967,0.00012583,-0.0268879,-0.5265847,0.0153,0.0205,0.0252,0.0272,0.0314,0.034,0.0372,0.0412,0.0458,0.061
0.3715,0.4777,0.8453,0.0411,0.1166,0.0604,0.0707,0.0947,0.0977,0.9376,0.924,0.9775,0.0838,0.0859,0.0952,0.14543,0.025057418,9.53e-05,0.225149669,-0.3607321,0.0116,0.0158,0.0192,0.0217,0.0246,0.0267,0.0303,0.034,0.038,0.0497
0.4089,0.4073,0.5709,0.039,0.1363,0.0648,0.0719,0.0991,0.1216,0.8157,0.8924,0.9504,0.0523,0.055,0.0682,0.171823,0.02061592,8.05e-05,-0.0133629,-0.9139735,0.0087,0.0115,0.0149,0.018,0.0203,0.0237,0.0257,0.0296,0.0327,0.04
0.3556,0.4216,0.5025,0.0436,0.1238,0.0613,0.0805,0.0834,0.1047,0.9675,0.9032,0.9144,0.0514,0.0637,0.0921,0.216481,0.025365983,0.0001282,0.12325306,-0.6313764,0.0108,0.0155,0.0199,0.0219,0.0256,0.0279,0.0322,0.0357,0.0407,0.0541
0.4005,0.4908,0.7816,0.0414,0.1489,0.0511,0.0714,0.1054,0.118,0.8766,0.902,0.9358,0.0845,0.0901,0.0999,0.098891,0.01694451,5.92e-05,0.2262983,-0.558979,0.0063,0.0098,0.0115,0.0144,0.0161,0.0199,0.0215,0.024,0.0266,0.0394
0.3834,0.4204,0.7074,0.0351,0.1139,0.0482,0.066,0.082,0.1025,0.8474,0.8518,0.9848,0.0754,0.0822,0.0924,0.192145,0.019306914,5.61e-05,0.00739292,-0.604895,0.0095,0.0118,0.0149,0.0168,0.0197,0.0211,0.0245,0.0258,0.0293,0.0403
0.4129,0.4937,0.637,0.0397,0.1279,0.048,0.0644,0.0923,0.1135,0.9527,0.8882,0.9563,0.0512,0.0634,0.0916,0.087062,0.01425665,4.47e-05,0.259266409,-0.7605412,0.0057,0.0068,0.0107,0.0118,0.0141,0.0151,0.0183,0.0204,0.0238,0.0339
0.4034,0.4871,0.842,0.038,0.1163,0.0696,0.0763,0.0812,0.1018,0.8465,0.8534,0.9712,0.0728,0.0812,0.0961,0.100668,0.01827553,5.47e-05,0.012125853,-0.8139752,0.0098,0.0116,0.0144,0.0157,0.0185,0.0208,0.0223,0.0255,0.0282,0.0354
0.3588,0.4195,0.5093,0.039,0.1146,0.0575,0.0592,0.0888,0.0967,0.846,0.9985,0.9933,0.0609,0.0746,0.0759,0.215723,0.021605591,8.34e-05,-0.0199013,-0.7010068,0.0098,0.0128,0.0163,0.0195,0.0215,0.0254,0.0267,0.0299,0.0333,0.045
0.3711,0.4488,0.6823,0.0398,0.142,0.0656,0.0912,0.1137,0.1282,0.9171,0.9833,0.8233,0.0556,0.0672,0.0922,0.166715,0.02410133,9.82e-05,-0.0204958,-0.8292444,0.0113,0.0141,0.0187,0.0211,0.024,0.0264,0.03,0.0336,0.0374,0.0453
0.405,0.4467,0.5575,0.0424,0.135,0.0505,0.0705,0.1023,0.1125,0.8483,0.8876,0.9234,0.0806,0.0814,0.091,0.132587,0.01758136,6.11e-05,0.03047936,-0.8557406,0.0063,0.0104,0.0114,0.0153,0.0175,0.0202,0.022,0.0249,0.0273,0.0367
0.4164,0.4337,0.549,0.0455,0.1369,0.0648,0.0829,0.094,0.1173,0.9133,0.8481,0.8953,0.0517,0.0704,0.0904,0.141222,0.02067708,8.62e-05,0.08588726,-0.7414599,0.0082,0.0118,0.0154,0.0179,0.021,0.0237,0.0257,0.0296,0.0332,0.043
0.3863,0.4305,0.752,0.0378,0.136,0.0531,0.0868,0.0967,0.111,0.8512,0.8071,0.9024,0.0607,0.0668,0.0997,0.174552,0.022754415,7.5e-05,0.03342413,-0.655988,0.0118,0.0143,0.017,0.0203,0.0222,0.0247,0.0271,0.031,0.0344,0.0461
0.3792,0.4467,0.536,0.0377,0.118,0.0528,0.0704,0.0823,0.0962,0.9383,0.9691,0.9432,0.0505,0.0563,0.0592,0.165303,0.01968098,8.82e-05,0.244689739,-0.6064859,0.0069,0.0102,0.0137,0.016,0.02,0.0215,0.0247,0.0276,0.0325,0.0464
0.4103,0.4641,0.506,0.0361,0.1217,0.0609,0.0833,0.0897,0.0947,0.9346,0.8875,0.847,0.0724,0.0747,0.077,0.117096,0.017253455,6.22e-05,0.165409848,-0.7369943,0.0062,0.0104,0.0114,0.0154,0.0168,0.0201,0.0216,0.0249,0.0277,0.0374
0.3627,0.4682,0.5449,0.0442,0.135,0.062,0.071,0.0981,0.1217,0.9161,0.9486,0.9039,0.0666,0.0729,0.0981,0.15397,0.02236419,0.00010155,0.173102432,-0.4733263,0.0101,0.0127,0.0161,0.0199,0.0217,0.0251,0.0281,0.0311,0.0353,0.0524
0.3842,0.4081,0.8325,0.0446,0.1351,0.06,0.0828,0.0844,0.1232,0.8793,0.8141,0.8411,0.0536,0.0655,0.0898,0.198737,0.02920491,0.00010417,-0.0512597,-0.2431566,0.0151,0.0201,0.0245,0.0263,0.0301,0.0322,0.0349,0.0383,0.0422,0.0604
0.3539,0.4222,0.7673,0.0415,0.1493,0.0719,0.083,0.1025,0.1346,0.9574,0.8616,0.9041,0.0694,0.0711,0.0924,0.214568,0.031648041,0.00011842,-0.0400742,-0.3954092,0.0169,0.0215,0.0252,0.0289,0.0317,0.0347,0.0377,0.041,0.0461,0.0572
0.4057,0.4538,0.5876,0.0375,0.1303,0.0521,0.0809,0.0956,0.1047,0.8956,0.9422,0.9604,0.0502,0.0646,0.092,0.130532,0.01796298,6.63e-05,0.181193775,-0.5218327,0.0066,0.0109,0.0126,0.0157,0.0177,0.0211,0.0224,0.0256,0.0284,0.0439
0.3716,0.4897,0.7922,0.0369,0.1432,0.0548,0.0804,0.081,0.1121,0.916,0.8563,0.8157,0.0511,0.0512,0.052,0.127034,0.019695624,7.7e-05,0.264130926,-0.6164755,0.0094,0.0118,0.0153,0.0165,0.0193,0.0211,0.0253,0.0277,0.0321,0.0447
0.3525,0.401,0.8021,0.0454,0.1167,0.0698,0.0805,0.0869,0.0982,0.9481,0.8864,0.8169,0.0504,0.0615,0.0899,0.236149,0.03241639,0.00012336,-0.1637419,-0.4839886,0.0177,0.0225,0.026,0.03,0.0335,0.0362,0.0396,0.0424,0.047,0.0589
0.3727,0.4831,0.7431,0.0405,0.1179,0.0594,0.0741,0.0887,0.1041,0.9659,0.8475,0.8307,0.0648,0.0854,0.0969,0.135577,0.019129379,6.51e-05,0.035386849,-0.7523325,0.0085,0.0108,0.0139,0.0158,0.02,0.0214,0.024,0.0266,0.0296,0.0384
0.3537,0.4325,0.8697,0.0359,0.1204,0.0513,0.0805,0.0836,0.1054,0.9862,0.946,0.897,0.0659,0.0735,0.0774,0.208368,0.029522019,0.00011184,0.00140174,-0.3334672,0.0152,0.0202,0.0245,0.0262,0.0299,0.032,0.0348,0.0388,0.0439,0.0602
0.3773,0.4613,0.5154,0.0433,0.1259,0.0571,0.0774,0.0949,0.1157,0.8449,0.8056,0.911,0.0517,0.0691,0.0973,0.153161,0.020170959,8.61e-05,0.144105043,-0.7439772,0.0069,0.0114,0.015,0.017,0.0207,0.0222,0.0252,0.0287,0.0331,0.043
0.3938,0.4072,0.5713,0.0463,0.1419,0.0638,0.0865,0.1138,0.1252,0.8926,0.9559,0.8529,0.0526,0.0659,0.0959,0.183315,0.023570181,0.00010456,0.100494693,-0.5506051,0.0106,0.015,0.017,0.0207,0.0243,0.0265,0.0298,0.033,0.0367,0.0532
0.3669,0.4216,0.7071,0.0382,0.1396,0.0749,0.0793,0.1075,0.1111,0.8244,0.9515,0.8438,0.0551,0.0553,0.0956,0.203263,0.02790121,0.00011042,0.013508232,-0.6657442,0.0149,0.0191,0.0213,0.0252,0.0278,0.0311,0.0343,0.0376,0.0419,0.0532
0.3612,0.4058,0.5216,0.0399,0.1362,0.0527,0.0803,0.0838,0.1195,0.9473,0.9686,0.9906,0.0543,0.0568,0.0572,0.226558,0.02737225,0.00018996,0.48922925,-0.2194632,0.0107,0.0148,0.02,0.0224,0.0265,0.0297,0.0341,0.0386,0.0468,0.0634
0.3642,0.4383,0.9397,0.0439,0.1118,0.0551,0.0754,0.0841,0.092,0.8723,0.9025,0.9031,0.063,0.0915,0.0943,0.192016,0.032009408,0.0001213,-0.313005,-0.292587,0.0166,0.0229,0.0265,0.0297,0.0324,0.0352,0.0383,0.0416,0.046,0.0559
0.3777,0.4394,0.9119,0.0458,0.1111,0.0616,0.0667,0.0829,0.0962,0.9149,0.9244,0.8872,0.0694,0.0834,0.0958,0.177751,0.02946573,0.00010195,-0.2291863,-0.2217075,0.0163,0.0211,0.0251,0.0267,0.0305,0.0332,0.0354,0.0376,0.0417,0.0541
0.4171,0.4182,0.7001,0.0391,0.1402,0.0567,0.0839,0.0905,0.1057,0.8864,0.8437,0.9701,0.0528,0.0637,0.068,0.154654,0.01915281,6e-05,-0.0207095,-0.8150568,0.01,0.012,0.0148,0.0166,0.0202,0.0214,0.0251,0.0264,0.0299,0.0357
0.4061,0.4364,0.6183,0.0443,0.1427,0.065,0.0844,0.0856,0.1223,0.9122,0.8083,0.9871,0.0536,0.0544,0.0594,0.143449,0.018545901,6.73e-05,0.046500251,-0.8830993,0.0065,0.0106,0.0145,0.0157,0.0193,0.0206,0.0239,0.0256,0.03,0.0367
0.4131,0.4679,0.5415,0.0393,0.1267,0.0595,0.0686,0.0799,0.1115,0.9162,0.8635,0.8572,0.0593,0.0814,0.0845,0.109743,0.01672876,5.77e-05,0.10671939,-0.8773631,0.0061,0.0102,0.0111,0.0149,0.0159,0.0195,0.0209,0.0243,0.0266,0.0367
0.3701,0.4553,0.596,0.0394,0.1364,0.0495,0.0757,0.1072,0.113,0.8336,0.927,0.8049,0.0693,0.078,0.0854,0.164956,0.019245305,7.39e-05,0.09624803,-0.7553835,0.0068,0.0111,0.0145,0.0159,0.0201,0.0213,0.0243,0.0266,0.0312,0.0418
0.3507,0.4919,0.6128,0.0395,0.1392,0.0565,0.0784,0.104,0.1287,0.9008,0.8264,0.878,0.0726,0.0901,0.0978,0.146132,0.022703512,0.00011931,0.269292795,-0.5428033,0.0099,0.012,0.016,0.0199,0.0217,0.0256,0.0289,0.0327,0.0374,0.0532
0.4111,0.4044,0.9486,0.0359,0.1468,0.0579,0.0926,0.105,0.1241,0.8968,0.9918,0.8112,0.0544,0.0569,0.0759,0.172938,0.027947423,9.19e-05,-0.4599879,-0.2243261,0.0145,0.0199,0.0234,0.0261,0.029,0.0316,0.0342,0.0361,0.0398,0.05
0.4196,0.4322,0.9429,0.0483,0.1201,0.0701,0.0868,0.0895,0.1065,0.8937,0.9222,0.8576,0.0513,0.0572,0.0958,0.142096,0.030316445,0.00010266,-0.580984,-0.2212772,0.0151,0.0218,0.0259,0.029,0.0316,0.0342,0.0365,0.0399,0.0421,0.0485
0.3616,0.4763,0.6263,0.0469,0.1305,0.0646,0.0787,0.1077,0.1145,0.8718,0.9423,0.8196,0.055,0.0743,0.0883,0.155101,0.021735492,9.47e-05,0.106565929,-0.6890413,0.0095,0.0114,0.0156,0.0196,0.0217,0.0251,0.0272,0.0303,0.035,0.0482
0.4185,0.4524,0.8879,0.0367,0.1281,0.0595,0.0658,0.0862,0.1113,0.8467,0.9953,0.8823,0.0523,0.0677,0.0908,0.119274,0.019608762,4.92e-05,-0.1630787,-0.6955257,0.0109,0.0126,0.0154,0.0175,0.0205,0.0216,0.0249,0.026,0.0286,0.0354
0.3783,0.4242,0.5114,0.041,0.1381,0.056,0.072,0.0854,0.1119,0.8596,0.8224,0.996,0.0869,0.0893,0.0937,0.189914,0.019732102,7.33e-05,-0.040645,-0.8640441,0.0072,0.0112,0.0146,0.0168,0.02,0.0223,0.0253,0.0274,0.0313,0.0403
0.3983,0.4378,0.9492,0.0463,0.1398,0.0636,0.0837,0.0926,0.1196,0.8685,0.8586,0.9136,0.0543,0.07,0.0994,0.155113,0.030906174,0.00011414,-0.4482913,-0.3234032,0.0156,0.0213,0.0253,0.029,0.032,0.0344,0.0372,0.0411,0.0447,0.0517
0.4046,0.4673,0.7288,0.0475,0.1428,0.0713,0.0872,0.1025,0.1088,0.8945,0.9531,0.9856,0.077,0.0847,0.0895,0.114121,0.02043834,8.34e-05,0.08597044,-0.8216679,0.0087,0.0114,0.0149,0.0172,0.0205,0.0228,0.0258,0.0291,0.0326,0.0415
0.3555,0.4854,0.9086,0.0462,0.1458,0.0602,0.0819,0.1158,0.1182,0.803,0.895,0.8218,0.0528,0.0571,0.0639,0.148358,0.029347239,0.00010749,-0.1105365,-0.3100075,0.0161,0.0209,0.0248,0.0264,0.0299,0.0328,0.0354,0.0381,0.0426,0.0541
0.405,0.4481,0.5036,0.0453,0.1397,0.0598,0.0764,0.1173,0.1292,0.9509,0.805,0.9675,0.0505,0.0692,0.0977,0.140788,0.019674244,8.08e-05,0.112790553,-0.7421459,0.0068,0.0113,0.0148,0.0164,0.0205,0.022,0.025,0.0274,0.032,0.043
0.3906,0.4519,0.7489,0.0466,0.1386,0.0677,0.0792,0.0987,0.1119,0.9772,0.9278,0.9284,0.0596,0.0597,0.0728,0.147588,0.02310595,9.13e-05,0.183568757,-0.5846768,0.0102,0.014,0.0167,0.0204,0.0225,0.0251,0.0279,0.0318,0.0362,0.0464
0.3554,0.4539,0.5802,0.0446,0.1408,0.0725,0.0754,0.1,0.1125,0.8937,0.806,0.8691,0.0586,0.0587,0.0668,0.178212,0.02633231,0.00014732,0.07368343,-0.8252215,0.0097,0.0137,0.0194,0.0224,0.0259,0.0299,0.0336,0.0377,0.0426,0.0552
0.3604,0.4436,0.7844,0.0429,0.124,0.0581,0.0782,0.1036,0.1079,0.9217,0.9631,0.9732,0.0661,0.0702,0.0865,0.187666,0.02835396,0.00011118,0.00974488,-0.5844504,0.0155,0.0202,0.0221,0.0259,0.0276,0.0313,0.0355,0.0374,0.042,0.055
0.4135,0.438,0.519,0.0433,0.1448,0.0752,0.0883,0.1132,0.1275,0.9468,0.9846,0.8758,0.0609,0.0688,0.0885,0.138897,0.022172113,0.00010032,0.04531734,-0.8235431,0.0094,0.0127,0.0151,0.0197,0.0213,0.0253,0.0274,0.0318,0.0354,0.0458
0.418,0.4478,0.9,0.0379,0.1419,0.0558,0.0841,0.1044,0.1189,0.8284,0.9795,0.9976,0.0566,0.0709,0.0966,0.126518,0.023331881,6.81e-05,-0.1716482,-0.496292,0.0117,0.0155,0.0199,0.021,0.0235,0.0258,0.0281,0.031,0.0346,0.0415
0.3756,0.4315,0.8023,0.0467,0.1115,0.064,0.0767,0.0891,0.1032,0.8844,0.8567,0.88,0.051,0.0676,0.0885,0.186037,0.028679876,0.00012056,0.17297466,-0.3931532,0.0141,0.0191,0.0213,0.0255,0.0285,0.0312,0.0347,0.0384,0.0431,0.0596
0.415,0.4045,0.7618,0.0457,0.1377,0.0643,0.0758,0.1073,0.1165,0.8639,0.8382,0.9623,0.0536,0.0655,0.082,0.168283,0.02360611,7.36e-05,-0.1368776,-0.7616575,0.0115,0.0153,0.0193,0.021,0.0247,0.0262,0.0297,0.0318,0.0351,0.0406
0.4161,0.4444,0.6906,0.0464,0.1322,0.063,0.0763,0.09,0.1139,0.8219,0.9601,0.8929,0.0567,0.0911,0.0935,0.133965,0.018810149,6.46e-05,0.012018376,-0.8060629,0.0071,0.0107,0.0146,0.0158,0.0194,0.0207,0.0239,0.026,0.0297,0.0364
0.3843,0.43,0.9191,0.0448,0.1433,0.0557,0.0842,0.0986,0.1139,0.9173,0.9083,0.8583,0.0512,0.0651,0.081,0.180351,0.03183367,0.00013071,-0.0996681,-0.2158384,0.0161,0.0217,0.026,0.029,0.032,0.0345,0.0378,0.0418,0.0471,0.061
0.3839,0.4881,0.6095,0.0435,0.1314,0.0611,0.0751,0.0954,0.1151,0.98,0.834,0.8612,0.0735,0.0745,0.0819,0.12173,0.01746709,5.83e-05,-0.029003,-0.9299018,0.0062,0.0109,0.0123,0.0151,0.0174,0.0206,0.0215,0.025,0.0271,0.035
0.3739,0.4141,0.8531,0.0462,0.1115,0.0641,0.0713,0.0889,0.1019,0.9234,0.9158,0.9468,0.0547,0.0763,0.0879,0.206671,0.030201276,9.28e-05,-0.3563242,-0.2578238,0.017,0.0216,0.0248,0.0279,0.0311,0.0346,0.0364,0.0387,0.0417,0.051
0.392,0.4922,0.597,0.0396,0.1496,0.066,0.095,0.1063,0.1258,0.9741,0.867,0.9613,0.0562,0.0644,0.0882,0.09747,0.01961588,8.7e-05,0.168929137,-0.7919687,0.0066,0.0108,0.0143,0.0158,0.0201,0.0214,0.0252,0.0281,0.032,0.0415
0.3934,0.4263,0.7121,0.0377,0.1203,0.0497,0.0848,0.093,0.1031,0.9756,0.8246,0.8032,0.0503,0.08,0.087,0.175897,0.019519334,5.92e-05,0.01218721,-0.7147371,0.0092,0.0114,0.0143,0.0164,0.0202,0.0215,0.024,0.0266,0.0299,0.0384
0.4072,0.4675,0.5818,0.0433,0.1445,0.07,0.071,0.0958,0.1194,0.828,0.8877,0.8304,0.0792,0.0819,0.0954,0.113425,0.019352949,7.86e-05,0.12438108,-0.7864937,0.0066,0.0108,0.0142,0.0161,0.0196,0.0215,0.025,0.0269,0.0318,0.0403
0.419,0.49,0.6751,0.0496,0.1309,0.0648,0.0885,0.1063,0.1162,0.8931,0.9947,0.8519,0.0532,0.0587,0.0655,0.075617,0.015829504,5.7e-05,0.190680736,-0.9495877,0.0058,0.0094,0.011,0.0131,0.0155,0.0174,0.0208,0.0227,0.0261,0.0328
0.4145,0.4588,0.8907,0.0458,0.1214,0.0665,0.0784,0.0894,0.1078,0.829,0.8145,0.8724,0.0548,0.0848,0.0903,0.119722,0.02423441,7.41e-05,-0.1444258,-0.5975899,0.0122,0.0161,0.0202,0.0216,0.0245,0.0262,0.0297,0.0324,0.0359,0.0427
0.367,0.4033,0.9461,0.0433,0.1217,0.0521,0.0676,0.0952,0.1031,0.8305,0.8752,0.9698,0.0553,0.0599,0.0859,0.22604,0.030026418,0.00010055,-0.5105185,-0.2205595,0.0156,0.0215,0.025,0.0281,0.0312,0.0347,0.0364,0.0391,0.0422,0.051
0.4139,0.4041,0.6423,0.0417,0.1198,0.0595,0.0609,0.0979,0.0984,0.9532,0.8464,0.8312,0.0662,0.0709,0.0976,0.176303,0.0193211,6.24e-05,-0.080452,-0.8658999,0.0098,0.0119,0.0148,0.0167,0.0204,0.0216,0.0251,0.0264,0.03,0.0354
0.3752,0.4072,0.8439,0.0351,0.1146,0.0509,0.0643,0.0772,0.1013,0.9534,0.8123,0.8393,0.0513,0.0608,0.0657,0.211069,0.02363676,6.21e-05,-0.2526407,-0.376914,0.013,0.0165,0.0197,0.0215,0.0252,0.0262,0.0278,0.0305,0.0344,0.045
0.3738,0.4313,0.5466,0.0377,0.146,0.0737,0.0904,0.0963,0.133,0.8111,0.9221,0.83,0.0645,0.0674,0.0825,0.184363,0.023293153,9.76e-05,-0.0771615,-0.8647402,0.0103,0.0149,0.0166,0.0213,0.0245,0.0261,0.0298,0.0321,0.0362,0.0439
0.3836,0.4941,0.652,0.0478,0.1113,0.0567,0.0826,0.0926,0.1016,0.9602,0.9844,0.8614,0.0789,0.0854,0.0869,0.115524,0.017784015,6.32e-05,0.04997269,-0.8538378,0.0064,0.0101,0.0122,0.0148,0.0175,0.0208,0.0221,0.0255,0.0281,0.0391
0.3893,0.4845,0.938,0.0365,0.12,0.0562,0.0713,0.0972,0.1173,0.9559,0.8559,0.9274,0.0588,0.0892,0.0916,0.117432,0.024025312,7.6e-05,-0.1587089,-0.3078085,0.0115,0.016,0.0194,0.0214,0.0243,0.0265,0.0299,0.0317,0.0353,0.0502
0.3685,0.4588,0.6896,0.0425,0.1415,0.0593,0.0824,0.1006,0.125,0.8979,0.9041,0.8504,0.0808,0.087,0.0921,0.157742,0.02409788,0.00011067,0.122488749,-0.7237021,0.0103,0.0145,0.0173,0.0215,0.0237,0.0264,0.0303,0.0338,0.0389,0.0495
0.3776,0.4618,0.8895,0.0465,0.1265,0.0579,0.0697,0.1021,0.108,0.8285,0.9741,0.8398,0.0531,0.06,0.0678,0.15595,0.02409826,6.28e-05,-0.3381027,-0.3218239,0.0141,0.017,0.0202,0.0222,0.0252,0.0263,0.0292,0.0315,0.0345,0.0406
0.414,0.4528,0.5786,0.0364,0.131,0.0528,0.0783,0.1055,0.1145,0.8376,0.8341,0.8525,0.0732,0.0884,0.0921,0.122486,0.018245374,7.29e-05,0.283085769,-0.4148834,0.0067,0.0113,0.0131,0.0149,0.0178,0.0204,0.0224,0.0252,0.0302,0.0461
0.3816,0.411,0.6326,0.0377,0.1121,0.0531,0.0726,0.0898,0.0971,0.8483,0.9787,0.9558,0.0564,0.079,0.0829,0.200788,0.021721895,7.94e-05,0.030118663,-0.6082166,0.0099,0.0136,0.0161,0.0204,0.0217,0.0248,0.0266,0.0301,0.0335,0.0477
0.411,0.4624,0.6675,0.041,0.1166,0.0584,0.0705,0.0929,0.1106,0.8543,0.8763,0.9527,0.0966,0.0979,0.1,0.119231,0.017245189,6.07e-05,0.028457353,-0.9630851,0.0061,0.0102,0.0111,0.0151,0.0166,0.0198,0.0217,0.025,0.027,0.0364
0.3653,0.4497,0.5774,0.0382,0.1272,0.0515,0.0614,0.0872,0.1121,0.8884,0.8732,0.8648,0.0746,0.0753,0.0939,0.173082,0.020915012,9.24e-05,0.159457647,-0.7209988,0.0088,0.0121,0.0157,0.0177,0.0205,0.023,0.0263,0.0297,0.0352,0.045
0.3839,0.4933,0.8483,0.0453,0.1438,0.0607,0.0883,0.0908,0.1103,0.8136,0.9296,0.8856,0.0543,0.093,0.0997,0.10958,0.02102648,6.68e-05,0.015425952,-0.7233284,0.0103,0.014,0.0157,0.0193,0.0208,0.0238,0.0259,0.0288,0.0322,0.0406
0.3863,0.4721,0.9243,0.0475,0.1222,0.0573,0.0768,0.1013,0.1056,0.8177,0.9464,0.8837,0.0579,0.0876,0.0894,0.129989,0.025435486,7.68e-05,-0.2183981,-0.2264909,0.0136,0.0189,0.0209,0.0237,0.0253,0.0275,0.0308,0.0332,0.0362,0.0464
0.4119,0.424,0.7377,0.0427,0.1362,0.0536,0.0715,0.1112,0.1214,0.9293,0.9851,0.9252,0.0632,0.0726,0.0773,0.147928,0.020679955,6.89e-05,0.030675005,-0.6850004,0.0098,0.0127,0.0154,0.0188,0.0205,0.0231,0.0255,0.0282,0.0318,0.0403
0.3676,0.493,0.8494,0.0477,0.1353,0.0568,0.0831,0.0904,0.1235,0.9678,0.9822,0.9387,0.0534,0.0592,0.0714,0.128442,0.025077223,0.00010075,0.21301855,-0.4700679,0.0115,0.0157,0.0193,0.0216,0.0247,0.027,0.0303,0.0349,0.0383,0.0505
0.4021,0.4046,0.5742,0.0485,0.1264,0.0732,0.0915,0.096,0.1131,0.8704,0.9348,0.9681,0.0548,0.0569,0.0793,0.183112,0.024767932,0.00011813,0.03202306,-0.8034558,0.0103,0.0147,0.0186,0.021,0.0249,0.0274,0.0312,0.0352,0.0397,0.0502
0.3506,0.4074,0.6007,0.0387,0.1376,0.0543,0.0775,0.0842,0.1119,0.923,0.9332,0.8942,0.063,0.0758,0.0956,0.230822,0.02646148,0.00011804,0.08323163,-0.6485812,0.0115,0.016,0.02,0.0234,0.0257,0.0295,0.0326,0.0357,0.0416,0.0517
0.355,0.46,0.9241,0.0357,0.1336,0.0422,0.0797,0.0886,0.1163,0.9335,0.8717,0.9115,0.0589,0.0659,0.0981,0.174549,0.027240544,9.36e-05,-0.1174626,-0.2445042,0.0148,0.0194,0.0213,0.0248,0.0272,0.0304,0.0326,0.0358,0.04,0.0515
0.3545,0.4165,0.5617,0.0393,0.1173,0.0564,0.0686,0.0954,0.1092,0.8466,0.8501,0.9012,0.054,0.0903,0.0917,0.219479,0.02453344,0.00011571,0.127401274,-0.6382852,0.0108,0.0154,0.0189,0.0213,0.0249,0.0266,0.0309,0.0348,0.0391,0.0539
0.4019,0.4499,0.8759,0.0383,0.1265,0.0527,0.0821,0.0894,0.113,0.8184,0.9794,0.8862,0.0504,0.0514,0.054,0.145292,0.021939714,5.91e-05,-0.1508759,-0.4057621,0.0115,0.0154,0.0176,0.0207,0.0219,0.0246,0.026,0.0287,0.0322,0.043
0.3915,0.4311,0.68,0.0401,0.1169,0.0509,0.0694,0.0806,0.0977,0.946,0.9403,0.8693,0.0565,0.0674,0.0846,0.172049,0.02046189,7.59e-05,0.09773684,-0.6518461,0.0096,0.0122,0.0155,0.0175,0.0212,0.0225,0.0256,0.0281,0.0318,0.0439
0.3586,0.4627,0.668,0.0432,0.1233,0.0572,0.0753,0.095,0.116,0.9073,0.9688,0.9124,0.0608,0.0797,0.0929,0.167861,0.023799779,0.00011276,0.131154183,-0.6837712,0.0102,0.0144,0.017,0.0202,0.0234,0.0264,0.0302,0.0341,0.0383,0.0502
0.3904,0.4364,0.6073,0.0444,0.1122,0.0517,0.0706,0.0919,0.1024,0.9847,0.8586,0.956,0.0779,0.0922,0.0966,0.166864,0.019786959,7.87e-05,0.07455389,-0.8310028,0.0072,0.0113,0.0148,0.0164,0.0205,0.0217,0.0248,0.0273,0.0319,0.0424
0.3893,0.457,0.7186,0.0474,0.1485,0.0615,0.0835,0.1007,0.1263,0.906,0.8366,0.8295,0.0665,0.0701,0.0832,0.145674,0.021870373,8.3e-05,0.125352375,-0.4490184,0.0102,0.0141,0.016,0.0193,0.0214,0.0245,0.0268,0.0304,0.0341,0.0502
0.3682,0.4627,0.7596,0.0369,0.146,0.0581,0.0676,0.1047,0.1225,0.913,0.9627,0.9081,0.0616,0.0935,0.0961,0.155291,0.023073356,9.14e-05,0.141752222,-0.6037574,0.0104,0.0144,0.0167,0.021,0.0225,0.0257,0.0276,0.0319,0.0361,0.049
0.3857,0.4693,0.8413,0.0376,0.1384,0.0489,0.0713,0.0813,0.115,0.8248,0.945,0.9614,0.0771,0.082,0.0821,0.13585,0.020083678,5.63e-05,0.050036906,-0.485052,0.0102,0.0138,0.0154,0.0179,0.0202,0.0219,0.0248,0.0261,0.0301,0.0403
0.4125,0.4915,0.806,0.0412,0.1442,0.0594,0.082,0.1221,0.1243,0.9698,0.843,0.8013,0.071,0.0729,0.0954,0.092103,0.01707158,5.99e-05,0.193361144,-0.7235252,0.0063,0.0097,0.0114,0.0141,0.0159,0.0196,0.0213,0.024,0.0278,0.0384
0.4193,0.4376,0.9346,0.0358,0.1466,0.0443,0.09,0.095,0.1349,0.9586,0.8642,0.9541,0.0813,0.0913,0.0959,0.127008,0.02308042,6.94e-05,-0.1632808,-0.3390151,0.0117,0.016,0.0196,0.0215,0.0241,0.0255,0.0276,0.0305,0.0337,0.0436
0.4166,0.4627,0.9151,0.0371,0.1303,0.0516,0.0757,0.0969,0.1088,0.9959,0.9062,0.8331,0.0538,0.0731,0.1,0.114677,0.019981885,4.81e-05,-0.238747,-0.5709155,0.0104,0.0146,0.0156,0.0186,0.0201,0.022,0.0246,0.0262,0.0289,0.0364
0.3821,0.4067,0.6569,0.0396,0.1486,0.0619,0.0785,0.1109,0.1271,0.9799,0.8698,0.9685,0.0676,0.0694,0.0721,0.192803,0.024038881,8.89e-05,0.05683162,-0.697263,0.0107,0.015,0.0199,0.0213,0.0244,0.026,0.0294,0.0325,0.0364,0.0474
0.3923,0.4548,0.8643,0.0494,0.1382,0.0626,0.0875,0.1065,0.1139,0.8307,0.9928,0.8688,0.0623,0.0694,0.0699,0.145513,0.024528418,7.12e-05,-0.1890178,-0.5552592,0.0145,0.0164,0.0206,0.022,0.0249,0.0267,0.0301,0.0327,0.0352,0.043
0.4024,0.4041,0.5969,0.0361,0.1175,0.0502,0.0785,0.081,0.1007,0.8717,0.9924,0.8792,0.0507,0.0716,0.0911,0.186693,0.018620834,6.02e-05,-0.0641485,-0.8400113,0.0075,0.0109,0.0151,0.0162,0.0199,0.021,0.0237,0.0258,0.0288,0.0377
0.3868,0.4116,0.8179,0.049,0.1483,0.0595,0.0901,0.1213,0.1261,0.8286,0.8554,0.8562,0.0697,0.0826,0.0993,0.185315,0.03117,0.00011495,-0.0981785,-0.449735,0.0163,0.0217,0.0252,0.0278,0.0314,0.0342,0.037,0.0411,0.0456,0.0552
0.4172,0.4263,0.6145,0.0463,0.1238,0.0585,0.0706,0.0895,0.108,0.8833,0.9054,0.9418,0.056,0.0775,0.0885,0.145768,0.019030623,7.01e-05,0.00573568,-0.8955215,0.0065,0.0108,0.0149,0.0162,0.02,0.0215,0.0248,0.0263,0.0303,0.0374
0.3737,0.4253,0.8212,0.0356,0.1499,0.0568,0.0871,0.1078,0.1149,0.8416,0.9926,0.8181,0.0505,0.0783,0.0791,0.195394,0.026101597,8.01e-05,-0.1675129,-0.470668,0.0142,0.0188,0.0213,0.0245,0.0261,0.0291,0.0316,0.035,0.0369,0.0477
0.404,0.4603,0.7777,0.0404,0.1204,0.0576,0.0733,0.0879,0.1051,0.8287,0.8089,0.8075,0.0845,0.091,0.0917,0.127236,0.019724643,6.2e-05,-0.0622567,-0.825373,0.01,0.0112,0.0152,0.0171,0.0201,0.0218,0.0247,0.0265,0.0308,0.0367
0.3749,0.4863,0.5869,0.04,0.1276,0.0579,0.0839,0.0866,0.1151,0.8973,0.8908,0.9731,0.0708,0.0942,0.0987,0.132126,0.019519217,8.09e-05,0.196352358,-0.5730918,0.0068,0.0105,0.014,0.0163,0.0202,0.0215,0.0247,0.0273,0.0315,0.0472
0.3623,0.4135,0.7618,0.0473,0.1497,0.0676,0.1046,0.1189,0.1387,0.8982,0.9435,0.8721,0.0527,0.0543,0.0662,0.214517,0.03565287,0.00022995,0.592250808,0.383784062,0.0165,0.0235,0.0269,0.0302,0.0338,0.0387,0.0429,0.0471,0.0556,0.0828
0.363,0.4744,0.522,0.0352,0.1416,0.0813,0.0873,0.1093,0.1285,0.981,0.948,0.9762,0.0625,0.0641,0.0948,0.156244,0.02769691,0.00015302,0.00328375,-0.7622123,0.011,0.0162,0.0209,0.0251,0.0272,0.032,0.0353,0.0389,0.0439,0.0541
0.4012,0.4637,0.5584,0.0495,0.1469,0.0705,0.0993,0.1119,0.1122,0.9665,0.8827,0.8537,0.0737,0.081,0.0945,0.124616,0.02057382,8.02e-05,-0.0212434,-0.8579154,0.0086,0.0115,0.015,0.0183,0.0205,0.0238,0.0258,0.0291,0.0327,0.0403
0.4129,0.4988,0.6482,0.0392,0.1142,0.0456,0.0697,0.0901,0.1023,0.9533,0.9468,0.819,0.0545,0.0669,0.0796,0.083916,0.01353945,3.95e-05,0.283748196,-0.6619215,0.0057,0.0064,0.0104,0.0115,0.0137,0.0147,0.0169,0.0199,0.0219,0.0339
0.4009,0.408,0.8696,0.0399,0.1271,0.0642,0.086,0.1019,0.1087,0.9065,0.8933,0.9939,0.0708,0.09,0.0992,0.184864,0.029291073,9.83e-05,-0.3286659,-0.4454652,0.0156,0.0202,0.0238,0.0267,0.0304,0.0323,0.0357,0.0387,0.0415,0.0502
0.3619,0.4292,0.5956,0.0425,0.127,0.0558,0.0666,0.11,0.12,0.9017,0.8291,0.8505,0.052,0.0725,0.0788,0.201724,0.02365449,0.00010332,0.120771824,-0.5513448,0.0106,0.0148,0.0169,0.0205,0.0239,0.0259,0.0293,0.0323,0.0368,0.052
0.4013,0.4355,0.7568,0.0487,0.1293,0.0665,0.075,0.0881,0.1255,0.8239,0.9036,0.839,0.0694,0.0712,0.0916,0.160212,0.02293436,7.02e-05,-0.086977,-0.6602043,0.0114,0.0153,0.018,0.0209,0.0233,0.0253,0.0275,0.0309,0.0337,0.0427
0.3979,0.4146,0.7982,0.0457,0.1496,0.0613,0.1135,0.1263,0.1273,0.9908,0.8938,0.9354,0.0578,0.0872,0.0951,0.16816,0.02749669,9.35e-05,-0.0216443,-0.330298,0.0153,0.0197,0.0216,0.0254,0.0278,0.0307,0.0332,0.0355,0.0396,0.0532
0.4186,0.4505,0.5379,0.0443,0.1183,0.0516,0.0843,0.0859,0.1079,0.9154,0.9836,0.8644,0.0653,0.0764,0.0822,0.125138,0.016602306,5.52e-05,0.09059149,-0.8129441,0.0061,0.0105,0.012,0.0147,0.0162,0.0193,0.0211,0.0237,0.0262,0.0354
0.3852,0.4878,0.6551,0.0472,0.1387,0.0634,0.086,0.1189,0.1204,0.987,0.9038,0.8539,0.0735,0.0743,0.0836,0.1207,0.019569715,7.91e-05,0.106923833,-0.7162641,0.0068,0.0112,0.0149,0.0164,0.0204,0.0219,0.0249,0.0273,0.0319,0.043
0.4174,0.4157,0.8284,0.037,0.1177,0.0614,0.0666,0.0927,0.1083,0.9367,0.9885,0.8521,0.0647,0.0783,0.0902,0.156816,0.022211127,5.78e-05,-0.2264337,-0.614256,0.0111,0.0147,0.018,0.0209,0.022,0.025,0.0266,0.0293,0.0318,0.0391
0.4112,0.4635,0.88,0.0444,0.1205,0.0518,0.0731,0.0889,0.1045,0.9538,0.806,0.9175,0.0622,0.0661,0.0812,0.12006,0.020045784,4.85e-05,-0.1886719,-0.5416131,0.0104,0.0144,0.0155,0.0188,0.0211,0.022,0.0244,0.0264,0.0287,0.0361
0.3895,0.4362,0.6579,0.0361,0.1237,0.0504,0.0827,0.0942,0.1133,0.8815,0.8081,0.8969,0.0597,0.065,0.0738,0.165781,0.019551728,6.75e-05,0.07384687,-0.6661017,0.0089,0.0115,0.0148,0.0167,0.0199,0.0217,0.025,0.0267,0.0308,0.0406
0.3995,0.4865,0.7665,0.049,0.1405,0.0685,0.0795,0.1088,0.1289,0.8527,0.8748,0.9484,0.0584,0.0903,0.0904,0.106585,0.01979313,7.5e-05,0.111713356,-0.690695,0.0088,0.0115,0.015,0.0166,0.0205,0.0217,0.0246,0.0269,0.0313,0.0424
0.3901,0.4412,0.9176,0.0435,0.1324,0.0607,0.0664,0.1012,0.1193,0.9897,0.9564,0.9856,0.0589,0.0881,0.0886,0.160089,0.02996165,0.00010971,-0.2013154,-0.3421538,0.015,0.0212,0.0242,0.0269,0.0305,0.033,0.0362,0.0398,0.0435,0.0552
0.3675,0.4239,0.7628,0.0494,0.1109,0.0614,0.078,0.0845,0.0983,0.8703,0.8614,0.8053,0.0717,0.092,0.0941,0.200617,0.02734262,9.12e-05,-0.1078858,-0.5222905,0.0149,0.0194,0.0214,0.025,0.0275,0.0302,0.0329,0.0357,0.0398,0.0522
0.3738,0.4761,0.5593,0.0355,0.1181,0.0407,0.0741,0.0946,0.1001,0.8687,0.8801,0.8566,0.0829,0.0867,0.0939,0.143066,0.018945674,7.89e-05,0.166786306,-0.7701071,0.0066,0.0108,0.0142,0.0158,0.0191,0.0213,0.0242,0.0266,0.0314,0.0427
0.3506,0.4178,0.8655,0.0403,0.1115,0.0532,0.0733,0.08,0.1001,0.9688,0.8648,0.8794,0.0654,0.0709,0.0864,0.225989,0.02948165,0.00010374,0.015355222,0.027762194,0.0162,0.0206,0.0243,0.0266,0.0297,0.0326,0.0354,0.0378,0.0421,0.0587
0.3521,0.4935,0.7184,0.0426,0.1463,0.062,0.0831,0.1022,0.1219,0.9251,0.8773,0.9388,0.0525,0.0598,0.0614,0.140948,0.027012721,0.00021564,0.544148902,-0.3906804,0.0096,0.0141,0.0168,0.0217,0.0246,0.0291,0.0348,0.0391,0.0484,0.0644
0.3608,0.488,0.8846,0.0457,0.146,0.0613,0.088,0.1048,0.138,0.9138,0.8156,0.9681,0.0515,0.0666,0.0829,0.140242,0.027135585,9.45e-05,-0.0592811,-0.3307252,0.0136,0.0191,0.022,0.0247,0.0273,0.0303,0.0329,0.0358,0.0395,0.0561
0.4172,0.4563,0.5054,0.0374,0.1342,0.0567,0.0904,0.1011,0.1134,0.934,0.8104,0.9193,0.0585,0.0902,0.0955,0.117664,0.01720978,6.33e-05,0.161867125,-0.8177019,0.0062,0.0102,0.0111,0.0149,0.0161,0.0196,0.0213,0.0248,0.028,0.0364
0.4143,0.4247,0.5974,0.0427,0.1214,0.0545,0.0806,0.097,0.0983,0.848,0.9946,0.888,0.0592,0.0743,0.0895,0.155823,0.01818174,6.13e-05,-0.0483899,-0.9058689,0.0064,0.0113,0.0142,0.0156,0.0189,0.021,0.0229,0.0257,0.0283,0.0354
0.3518,0.4874,0.8834,0.0462,0.1187,0.0602,0.0683,0.0941,0.1077,0.8906,0.9384,0.9183,0.0584,0.0605,0.0738,0.151363,0.028768129,0.00011781,-0.01904,-0.5156938,0.0136,0.0201,0.0225,0.0258,0.0287,0.032,0.0347,0.0382,0.0428,0.0559
0.3578,0.4415,0.9184,0.0395,0.1456,0.0659,0.0798,0.0988,0.1303,0.8355,0.9327,0.8685,0.0609,0.0647,0.0894,0.19483,0.03438498,0.00014292,-0.1907542,-0.173074,0.0201,0.0238,0.0281,0.032,0.0351,0.0373,0.0415,0.0447,0.0495,0.0636
0.3751,0.4209,0.5154,0.0363,0.1118,0.0423,0.0595,0.083,0.0999,0.867,0.9685,0.8074,0.0534,0.0537,0.0907,0.196436,0.01708288,5.61e-05,0.06183367,-0.823813,0.0062,0.0111,0.0123,0.015,0.0167,0.0203,0.0214,0.0252,0.027,0.0357
0.3534,0.4583,0.6708,0.0471,0.1377,0.063,0.0787,0.1022,0.1194,0.8199,0.935,0.9604,0.06,0.0738,0.0773,0.174055,0.024081448,0.00011468,0.325576778,-0.4621324,0.0107,0.0148,0.0175,0.0205,0.0232,0.0257,0.0295,0.0331,0.0394,0.0512
0.3999,0.4103,0.6808,0.0472,0.1467,0.0682,0.1033,0.1126,0.1269,0.8462,0.871,0.9857,0.0732,0.085,0.087,0.172189,0.02412404,8.78e-05,-0.0718219,-0.8162021,0.0117,0.0145,0.0192,0.0212,0.0241,0.0264,0.0299,0.033,0.0368,0.0453
0.4141,0.4005,0.9308,0.041,0.1309,0.0584,0.0588,0.0945,0.1113,0.8753,0.9395,0.9726,0.0644,0.0672,0.08,0.176346,0.027504111,8.66e-05,-0.4427233,-0.3298303,0.0139,0.0199,0.0225,0.0256,0.0281,0.031,0.0333,0.0356,0.0391,0.0456
0.3908,0.4848,0.5888,0.0365,0.1372,0.0676,0.0737,0.1094,0.1096,0.9076,0.9271,0.8061,0.0546,0.0564,0.0751,0.115468,0.019343267,8.07e-05,0.104340828,-0.844622,0.0066,0.0108,0.0143,0.0156,0.0199,0.0212,0.0256,0.0277,0.0313,0.0412
0.3965,0.4732,0.6043,0.039,0.1323,0.0573,0.0721,0.0971,0.1234,0.8211,0.9378,0.9354,0.0631,0.0735,0.0826,0.120421,0.01763336,6.56e-05,0.166081828,-0.6961627,0.0064,0.0101,0.0119,0.0149,0.0172,0.0198,0.0219,0.0251,0.028,0.04
0.384,0.4115,0.6773,0.0399,0.1217,0.0528,0.0594,0.0921,0.1031,0.8951,0.8094,0.9787,0.0616,0.0649,0.0901,0.197037,0.020574904,6.32e-05,-0.0474371,-0.6622877,0.0103,0.0126,0.0158,0.0185,0.0211,0.0233,0.0254,0.0275,0.0311,0.043
0.3719,0.4018,0.8217,0.0393,0.1446,0.0641,0.0822,0.0947,0.1176,0.9689,0.9296,0.8439,0.0734,0.0881,0.097,0.215809,0.030626045,0.00010895,-0.1040084,-0.4327421,0.0168,0.0216,0.0255,0.0271,0.0307,0.0338,0.0363,0.0402,0.0454,0.0543
0.3942,0.4387,0.5603,0.0451,0.1365,0.0705,0.0759,0.0822,0.1217,0.9257,0.8197,0.9639,0.0679,0.0894,0.0998,0.161698,0.021899631,9.38e-05,-0.0131408,-0.8941208,0.0091,0.0121,0.0157,0.0202,0.0215,0.0246,0.027,0.0313,0.0356,0.0424
0.4089,0.4297,0.94,0.0475,0.1213,0.0649,0.0708,0.083,0.102,0.9375,0.8739,0.9197,0.0701,0.0955,0.0999,0.155263,0.02876201,8.88e-05,-0.6124662,-0.1453085,0.0144,0.0208,0.0243,0.0266,0.0304,0.0327,0.0348,0.0369,0.0403,0.0461
0.3896,0.4892,0.9474,0.0461,0.1256,0.0736,0.0775,0.1004,0.1125,0.8759,0.8403,0.8874,0.0602,0.0615,0.0823,0.11284,0.028540045,0.00010116,-0.2998884,-0.3931439,0.0148,0.0198,0.0231,0.0261,0.0292,0.0321,0.0349,0.0375,0.0411,0.05
0.4097,0.4844,0.7494,0.0389,0.1271,0.0502,0.0722,0.0919,0.1081,0.9204,0.9237,0.9711,0.0765,0.0845,0.0995,0.098945,0.015892268,5.39e-05,0.218658678,-0.6745711,0.006,0.01,0.0108,0.0145,0.0155,0.0178,0.0202,0.0222,0.0253,0.0367
0.4026,0.4691,0.937,0.0477,0.1178,0.0599,0.0717,0.0795,0.0967,0.8553,0.9962,0.8555,0.0702,0.0953,0.0955,0.121784,0.02279725,6.15e-05,-0.3884908,-0.4611192,0.011,0.015,0.0195,0.0211,0.0232,0.0253,0.0277,0.0304,0.0328,0.0384
0.3897,0.4943,0.5674,0.0495,0.1477,0.061,0.09,0.1001,0.1328,0.8661,0.8621,0.9402,0.0515,0.0699,0.0888,0.098943,0.01959778,8.49e-05,0.119253771,-0.8393496,0.0066,0.0109,0.0145,0.0161,0.0204,0.0217,0.0248,0.0274,0.032,0.0424
0.3769,0.4235,0.5313,0.0396,0.1474,0.0527,0.0917,0.1083,0.1255,0.8983,0.9283,0.851,0.0535,0.055,0.0917,0.185198,0.02325392,0.00011674,0.26749398,-0.5084984,0.0102,0.0143,0.0163,0.02,0.0225,0.0255,0.0287,0.0324,0.0382,0.0522
0.3998,0.4293,0.6405,0.0379,0.1228,0.0466,0.0646,0.0934,0.1097,0.8885,0.8656,0.9519,0.0582,0.0588,0.0919,0.162148,0.01774233,6.25e-05,0.165239958,-0.6685353,0.0065,0.0102,0.0124,0.0147,0.0169,0.0207,0.0219,0.0251,0.0279,0.0391
0.3867,0.423,0.9415,0.0372,0.1144,0.0513,0.0689,0.0869,0.1068,0.9451,0.8379,0.8352,0.0655,0.0836,0.0998,0.186074,0.026436155,8e-05,-0.4152536,-0.2305662,0.0136,0.0197,0.0217,0.0251,0.0267,0.0297,0.032,0.0343,0.0375,0.0458
0.3679,0.4143,0.8639,0.0484,0.1445,0.0658,0.0855,0.1073,0.1158,0.8153,0.9961,0.8973,0.0543,0.0612,0.0762,0.211919,0.03230751,0.00011045,-0.3738074,-0.2844005,0.02,0.0237,0.0266,0.0306,0.0336,0.0363,0.0391,0.0419,0.0457,0.0548
0.41,0.4117,0.8766,0.0421,0.1276,0.0601,0.0669,0.0928,0.1094,0.8249,0.8053,0.8441,0.0535,0.0755,0.0879,0.167157,0.02637771,7.89e-05,-0.2626056,-0.4187057,0.0139,0.0193,0.0209,0.0244,0.0265,0.0294,0.0318,0.0342,0.0375,0.0456
0.378,0.477,0.8757,0.0385,0.1418,0.051,0.0841,0.1074,0.1291,0.8249,0.8175,0.8049,0.0573,0.0643,0.0724,0.133925,0.025724405,0.00011524,0.426830444,0.010907108,0.0123,0.016,0.0194,0.0222,0.025,0.0274,0.0308,0.0353,0.041,0.0587
0.4044,0.4528,0.5013,0.0392,0.1148,0.0485,0.076,0.0831,0.1033,0.911,0.9615,0.9696,0.0634,0.0706,0.0931,0.135022,0.01729133,6.21e-05,0.172322363,-0.6769221,0.0063,0.0098,0.0115,0.0143,0.0162,0.0201,0.0215,0.0243,0.0279,0.0384
0.3818,0.4631,0.7886,0.0368,0.1276,0.0703,0.0872,0.0911,0.092,0.9516,0.9688,0.9401,0.0692,0.0726,0.0805,0.147462,0.025136543,0.00010566,0.1533434,-0.67617,0.011,0.0152,0.0199,0.022,0.0255,0.027,0.0311,0.0346,0.0396,0.0492
0.3737,0.4568,0.7866,0.0422,0.1345,0.0665,0.0856,0.1047,0.1219,0.8331,0.9554,0.849,0.0702,0.0704,0.0989,0.160459,0.025298361,9.35e-05,0.0697181,-0.5787274,0.0116,0.0159,0.0196,0.0222,0.0254,0.0274,0.0309,0.0346,0.0383,0.0502
0.3656,0.4944,0.5758,0.045,0.1197,0.0631,0.0678,0.0935,0.1092,0.8515,0.9866,0.9816,0.0721,0.0762,0.0767,0.135768,0.0210556,9.58e-05,0.112068721,-0.8448969,0.0077,0.0116,0.0153,0.0177,0.0211,0.0243,0.0265,0.0307,0.0343,0.043
0.3891,0.431,0.8899,0.0373,0.1108,0.0459,0.0668,0.0784,0.1017,0.9142,0.9727,0.8312,0.0832,0.0892,0.0983,0.173882,0.02279846,6.08e-05,-0.218542,-0.3946317,0.012,0.0154,0.0196,0.0207,0.0228,0.0259,0.0274,0.03,0.0323,0.0412
0.3695,0.4205,0.921,0.0389,0.1318,0.0466,0.071,0.0819,0.1081,0.9787,0.8415,0.839,0.0676,0.0689,0.0988,0.198149,0.02605979,8e-05,-0.3202641,-0.320251,0.0136,0.0194,0.021,0.0244,0.0263,0.0288,0.0316,0.0338,0.0373,0.0458
0.3686,0.4263,0.8532,0.0451,0.1308,0.0534,0.0795,0.0948,0.1109,0.8544,0.8936,0.8082,0.0703,0.0815,0.0829,0.200167,0.029349035,9.43e-05,-0.2665369,-0.3557868,0.0159,0.0204,0.0242,0.0267,0.0301,0.0324,0.0356,0.0379,0.0417,0.0515
0.3986,0.4944,0.8998,0.0421,0.1307,0.0677,0.0833,0.0848,0.1088,0.914,0.8221,0.8906,0.0613,0.0962,0.0994,0.09397,0.02146822,6.32e-05,-0.0513556,-0.6584815,0.0106,0.0143,0.0164,0.0194,0.021,0.0245,0.0258,0.0287,0.0319,0.04
0.4032,0.4326,0.6977,0.0399,0.1233,0.0513,0.0755,0.0988,0.1086,0.9121,0.8901,0.9072,0.0539,0.0635,0.0849,0.156072,0.02066435,7.71e-05,0.11739376,-0.5634782,0.0099,0.0126,0.0147,0.0184,0.0205,0.0231,0.0258,0.0282,0.0324,0.0458
0.3998,0.4057,0.8364,0.0366,0.1261,0.0607,0.0831,0.0882,0.1083,0.8421,0.9398,0.9693,0.0537,0.0735,0.0743,0.187825,0.02628274,7.62e-05,-0.2370058,-0.4357821,0.0142,0.0195,0.0211,0.024,0.0258,0.0296,0.0316,0.0343,0.0372,0.0461
0.4043,0.4803,0.7693,0.0437,0.1115,0.0609,0.0715,0.0878,0.0941,0.9482,0.8299,0.9536,0.0553,0.095,0.0958,0.11158,0.017967939,6.04e-05,-0.0224781,-0.9257455,0.0064,0.0104,0.0123,0.0153,0.0182,0.0211,0.0225,0.0254,0.0282,0.0361
0.3708,0.454,0.7731,0.042,0.1157,0.0674,0.0676,0.0854,0.0886,0.9952,0.836,0.8627,0.0564,0.0598,0.0937,0.167102,0.02186288,6.45e-05,-0.1091224,-0.6907022,0.011,0.0148,0.0165,0.0205,0.0216,0.0244,0.0262,0.0294,0.0322,0.0424
0.3684,0.4601,0.5971,0.0479,0.1422,0.0641,0.0827,0.1087,0.1215,0.8657,0.9053,0.8558,0.0546,0.0793,0.0918,0.160621,0.02383512,0.00011269,0.118638062,-0.6143687,0.0105,0.0149,0.017,0.0208,0.0244,0.0265,0.0301,0.0337,0.0379,0.0532
0.3933,0.4782,0.5719,0.0496,0.1192,0.0647,0.0853,0.0886,0.0889,0.9427,0.8267,0.8077,0.0528,0.062,0.0695,0.122905,0.017735792,6.56e-05,0.08190745,-0.9008893,0.0062,0.0103,0.0113,0.0152,0.0172,0.02,0.0223,0.0255,0.0291,0.0364
0.3699,0.4659,0.5852,0.0439,0.1222,0.0635,0.0784,0.0896,0.1108,0.9749,0.8191,0.987,0.0742,0.0762,0.0964,0.159116,0.021477756,9.3e-05,0.037204791,-0.801683,0.0093,0.0111,0.0152,0.02,0.0215,0.0248,0.0269,0.0306,0.035,0.0474
0.3619,0.4025,0.7213,0.0481,0.1158,0.0644,0.0799,0.0961,0.1045,0.9436,0.9664,0.8862,0.0511,0.0663,0.0664,0.229431,0.031335,0.00015104,0.179761475,-0.4555574,0.0156,0.0212,0.024,0.0274,0.0313,0.0344,0.0385,0.0427,0.0473,0.0673
0.4054,0.4333,0.6232,0.0486,0.1291,0.064,0.0717,0.0884,0.1093,0.8541,0.9558,0.9834,0.0631,0.084,0.0908,0.152775,0.020696624,8e-05,-0.0839152,-0.9313516,0.0086,0.0115,0.015,0.0186,0.0206,0.0244,0.0258,0.0296,0.0326,0.04
0.3759,0.4458,0.9136,0.0442,0.131,0.0589,0.0888,0.1084,0.1086,0.9989,0.9269,0.9589,0.0518,0.0763,0.0874,0.168178,0.031133448,0.00012007,-0.2007007,-0.4372659,0.0165,0.0214,0.0256,0.0285,0.0316,0.0343,0.037,0.0414,0.046,0.0532
0.4094,0.4279,0.6543,0.0472,0.1253,0.0676,0.0822,0.0985,0.1048,0.8279,0.991,0.9645,0.0815,0.083,0.0861,0.15704,0.021521187,8.32e-05,-0.0148559,-0.8297777,0.0094,0.0126,0.0157,0.0196,0.0213,0.025,0.0266,0.0305,0.0343,0.0406
0.3799,0.4277,0.9093,0.0465,0.1449,0.061,0.08,0.1214,0.1299,0.8015,0.8177,0.8977,0.0561,0.0583,0.0742,0.183118,0.03090527,0.00010831,-0.3706592,-0.2865144,0.0165,0.0216,0.0255,0.0289,0.0316,0.0345,0.0371,0.0403,0.0437,0.0524
0.3843,0.4651,0.771,0.0485,0.1155,0.0678,0.0768,0.0817,0.1075,0.9079,0.9413,0.9351,0.0779,0.0795,0.081,0.141632,0.022660619,8.76e-05,0.30364354,-0.1456118,0.0109,0.0151,0.0168,0.0203,0.0218,0.0254,0.0277,0.0312,0.0348,0.0534
0.3795,0.4533,0.7965,0.0403,0.1196,0.0609,0.0788,0.088,0.1099,0.8366,0.8566,0.8163,0.0596,0.0681,0.0865,0.158664,0.024620041,8.86e-05,0.06340067,-0.661796,0.0109,0.0153,0.0198,0.0213,0.0242,0.0264,0.0305,0.0335,0.0374,0.0464
0.3902,0.4862,0.8025,0.0381,0.1221,0.0592,0.078,0.0872,0.1106,0.8143,0.9701,0.9188,0.0633,0.065,0.0873,0.112514,0.01808531,5.48e-05,-0.019045,-0.8490879,0.0095,0.0114,0.0141,0.0154,0.0182,0.0208,0.0221,0.0252,0.0272,0.035
0.4133,0.4994,0.6813,0.0384,0.1354,0.0601,0.0707,0.0989,0.1204,0.9824,0.8737,0.9749,0.0719,0.0734,0.0892,0.077436,0.015258854,5.09e-05,0.211327575,-0.7910356,0.0058,0.0094,0.011,0.0125,0.0156,0.0169,0.0198,0.0214,0.0256,0.0335
0.3906,0.4871,0.5801,0.0395,0.1231,0.0537,0.0772,0.0824,0.1117,0.9932,0.8399,0.8485,0.0591,0.0716,0.0817,0.118569,0.01573931,5.4e-05,0.195356865,-0.8110784,0.006,0.0098,0.0106,0.0128,0.0152,0.0172,0.0209,0.0223,0.0257,0.0361
0.3909,0.4011,0.5703,0.0368,0.1342,0.053,0.0721,0.1054,0.1184,0.9742,0.9233,0.9446,0.0517,0.0779,0.0999,0.201782,0.0223529,9.12e-05,0.025002484,-0.7491464,0.0097,0.0135,0.0162,0.0204,0.0218,0.025,0.0278,0.0311,0.0355,0.0472
0.3869,0.4968,0.6743,0.0411,0.116,0.0535,0.0582,0.0811,0.1007,0.8342,0.974,0.8607,0.063,0.0664,0.0991,0.10869,0.014646902,4.32e-05,0.07425601,-0.9812841,0.0057,0.0089,0.0103,0.0114,0.0147,0.0159,0.0194,0.0213,0.0235,0.0308
0.3858,0.4217,0.7791,0.0389,0.1356,0.0501,0.0911,0.0943,0.1155,0.9899,0.8606,0.9436,0.0645,0.0725,0.0753,0.184573,0.024345022,8.93e-05,0.439274998,0.534451987,0.0125,0.0153,0.0192,0.021,0.0246,0.0262,0.0293,0.0321,0.0356,0.0602
0.3535,0.4996,0.7897,0.0373,0.116,0.044,0.0653,0.076,0.1076,0.9081,0.8437,0.9018,0.0595,0.0884,0.09,0.142712,0.019988721,7.57e-05,0.328365498,-0.1543642,0.0098,0.0114,0.0149,0.0167,0.0195,0.0216,0.0246,0.0272,0.0315,0.0502
0.4035,0.4764,0.6032,0.0467,0.1455,0.076,0.0889,0.1041,0.1197,0.8091,0.8996,0.8082,0.0732,0.0734,0.0861,0.099589,0.0188349,7.65e-05,0.09649594,-0.8528431,0.0064,0.0104,0.0139,0.0157,0.0193,0.0209,0.0247,0.0266,0.031,0.0403
0.3754,0.4945,0.5757,0.0372,0.1353,0.0605,0.0778,0.0863,0.1135,0.9168,0.825,0.96,0.0528,0.0578,0.0774,0.123864,0.01901759,8.09e-05,0.206564755,-0.744611,0.0065,0.0105,0.014,0.0157,0.0194,0.021,0.0248,0.0267,0.0317,0.0406
0.3816,0.4128,0.9356,0.0439,0.1241,0.0654,0.0713,0.0804,0.1174,0.9808,0.9847,0.81,0.0521,0.0541,0.0831,0.199146,0.031225894,0.00010704,-0.5213395,-0.1561234,0.0163,0.023,0.0261,0.0296,0.0324,0.0349,0.0373,0.0406,0.044,0.0524
0.4061,0.4322,0.9057,0.0451,0.1346,0.0638,0.0785,0.1082,0.1165,0.8515,0.8945,0.9282,0.053,0.0962,0.0997,0.152992,0.028417997,9.42e-05,-0.2731522,-0.2506831,0.0158,0.0206,0.0245,0.0264,0.0293,0.0317,0.0346,0.037,0.0406,0.0536
0.3599,0.4487,0.5969,0.0437,0.1316,0.0658,0.0777,0.094,0.1213,0.9656,0.8615,0.9622,0.0566,0.0594,0.0785,0.180327,0.02487979,0.00012852,0.219197343,-0.4564282,0.0098,0.0137,0.0184,0.022,0.0243,0.0276,0.0312,0.0347,0.0394,0.057
0.4109,0.4347,0.5257,0.0365,0.12,0.0596,0.0784,0.0945,0.105,0.8382,0.8964,0.8354,0.0571,0.0574,0.0907,0.14508,0.018664724,7.1e-05,0.06539755,-0.8798862,0.0064,0.0107,0.0142,0.0159,0.0197,0.0211,0.0246,0.026,0.0301,0.0374
0.3923,0.4602,0.7892,0.0449,0.1211,0.0531,0.0832,0.0947,0.1109,0.9547,0.9212,0.9249,0.0535,0.0592,0.0701,0.139063,0.021784579,7.67e-05,0.250042832,-0.2948344,0.0102,0.0139,0.0162,0.0201,0.0213,0.0243,0.0258,0.0293,0.0336,0.0472
0.3862,0.4463,0.6852,0.041,0.1122,0.0585,0.0727,0.0776,0.0959,0.8668,0.8618,0.9399,0.059,0.0736,0.074,0.160752,0.019944613,6.94e-05,0.00388477,-0.7823854,0.0091,0.0117,0.0148,0.017,0.0203,0.0218,0.0257,0.0278,0.0311,0.0412
0.3815,0.4766,0.5147,0.0372,0.1366,0.0555,0.0689,0.1205,0.1207,0.831,0.8146,0.8166,0.0617,0.0634,0.0711,0.134117,0.020542622,0.00010991,0.588672612,0.233539784,0.0072,0.0109,0.0135,0.0166,0.0208,0.0227,0.0252,0.0289,0.0342,0.0568
0.4006,0.4095,0.6235,0.0392,0.1184,0.0499,0.0682,0.08,0.1054,1.0,0.9269,0.8155,0.0704,0.071,0.0728,0.18374,0.018474158,5.84e-05,-0.0707582,-0.8896116,0.0078,0.0108,0.0147,0.0158,0.0193,0.0207,0.0236,0.0254,0.0283,0.0367
0.3959,0.4259,0.5551,0.0431,0.1237,0.0568,0.0795,0.0894,0.1083,0.8334,0.8796,0.8164,0.0565,0.066,0.0847,0.169333,0.020320754,8.14e-05,0.04578902,-0.8169264,0.0083,0.0116,0.0152,0.0174,0.0209,0.023,0.0255,0.0287,0.0328,0.043
0.3655,0.4324,0.6597,0.0455,0.1211,0.0591,0.0824,0.0934,0.103,0.8386,0.955,0.8115,0.0559,0.0676,0.0695,0.196925,0.022797357,8.29e-05,0.09979543,-0.6094208,0.0105,0.0143,0.0165,0.0207,0.0222,0.0256,0.0279,0.0309,0.0349,0.0485
0.3747,0.4634,0.6712,0.0462,0.1411,0.07,0.0846,0.1121,0.1263,0.8942,0.9295,0.9514,0.0605,0.0656,0.0926,0.144637,0.024457824,0.00012051,0.03321877,-0.852626,0.0103,0.0145,0.0166,0.0206,0.0244,0.0277,0.0314,0.0354,0.0391,0.0515
0.4189,0.4472,0.5891,0.0374,0.1222,0.0592,0.0687,0.091,0.0996,0.9461,0.9026,0.8823,0.0557,0.0795,0.083,0.126841,0.017315728,5.88e-05,0.04079153,-0.8820767,0.0062,0.0108,0.0122,0.015,0.0168,0.0205,0.0214,0.0249,0.027,0.035
0.4147,0.4077,0.6073,0.0394,0.15,0.0556,0.0966,0.1054,0.1302,0.9378,0.8883,0.8546,0.0602,0.063,0.0702,0.165892,0.020599991,7.55e-05,-0.0039647,-0.7400923,0.0093,0.012,0.0155,0.0181,0.021,0.0236,0.0255,0.0283,0.032,0.0427
0.3856,0.4803,0.8798,0.0363,0.118,0.0478,0.0723,0.0865,0.1067,0.9193,0.8678,0.8025,0.0764,0.0831,0.0869,0.127041,0.020027668,5.41e-05,0.01038924,-0.4472449,0.0105,0.0142,0.0154,0.0186,0.0205,0.0214,0.0241,0.0266,0.0295,0.0415
0.3928,0.4695,0.534,0.0453,0.1123,0.0596,0.0722,0.0912,0.1004,0.8793,0.868,0.9536,0.0766,0.0799,0.0898,0.128702,0.01818627,6.53e-05,0.041328252,-0.8576452,0.0063,0.0104,0.0132,0.0155,0.0184,0.0203,0.0231,0.0257,0.0292,0.0364
0.3565,0.4351,0.7517,0.043,0.1323,0.0625,0.0912,0.0993,0.123,0.9986,0.8144,0.9406,0.0624,0.0865,0.0889,0.199579,0.02749069,0.00010625,0.139633297,-0.3655202,0.0138,0.0185,0.0213,0.0247,0.0271,0.0302,0.0338,0.0366,0.0418,0.0589
0.417,0.4935,0.5648,0.0487,0.1286,0.0657,0.0758,0.0971,0.1192,0.864,0.8215,0.9644,0.0646,0.0864,0.0874,0.083891,0.01601144,5.26e-05,0.100685366,-0.86988,0.0059,0.0099,0.0114,0.0151,0.016,0.0184,0.0202,0.0224,0.026,0.0335
0.3512,0.4853,0.6249,0.048,0.1158,0.0587,0.0813,0.0835,0.1084,0.9059,0.9333,0.922,0.0527,0.0617,0.0794,0.158557,0.023888305,0.00012723,0.17223515,-0.7231179,0.0099,0.0132,0.0164,0.0203,0.0236,0.0263,0.0306,0.035,0.0397,0.051
0.3951,0.4844,0.7858,0.0426,0.1472,0.0525,0.0832,0.1082,0.1235,0.8833,0.993,0.8808,0.0638,0.0806,0.0846,0.108828,0.017760692,5.78e-05,0.147155201,-0.5603399,0.0069,0.0108,0.0139,0.0151,0.0172,0.0202,0.0213,0.0255,0.028,0.0412
0.3942,0.4096,0.6468,0.0371,0.1259,0.0509,0.0793,0.082,0.1155,0.9949,0.9266,0.9253,0.0563,0.0723,0.0733,0.187522,0.02085017,7.14e-05,0.06285317,-0.6010969,0.0103,0.0128,0.0161,0.0189,0.0206,0.0236,0.0262,0.0284,0.0321,0.0447
0.4077,0.4073,0.8226,0.0476,0.1165,0.0616,0.0821,0.0907,0.0942,0.8868,0.9205,0.8788,0.0688,0.0809,0.0815,0.175384,0.025936517,7.37e-05,-0.2451627,-0.4637359,0.0153,0.0189,0.0209,0.0251,0.0266,0.0287,0.0315,0.034,0.0365,0.0447
0.4006,0.4965,0.7757,0.0438,0.1389,0.0597,0.0734,0.1112,0.1117,0.9172,0.9325,0.9309,0.0724,0.0819,0.094,0.088493,0.017954114,7.26e-05,0.3221543,-0.4887572,0.0065,0.0104,0.012,0.0151,0.0174,0.0205,0.0219,0.0254,0.0297,0.0418
0.3568,0.4252,0.6908,0.0358,0.1306,0.0475,0.0658,0.0972,0.1148,0.9225,0.9205,0.8257,0.0782,0.0836,0.0963,0.210964,0.02351532,8.38e-05,0.01601284,-0.6395034,0.0106,0.0148,0.0188,0.0212,0.0242,0.0259,0.0292,0.0319,0.0359,0.0477
0.3929,0.4871,0.7391,0.0476,0.1453,0.0586,0.0922,0.0945,0.1306,0.9927,0.8031,0.9104,0.0518,0.0585,0.0756,0.114897,0.01851153,6.58e-05,0.027845526,-0.9051838,0.0066,0.0108,0.0143,0.016,0.0197,0.0209,0.0242,0.0261,0.0297,0.0377
0.3662,0.47,0.8474,0.0441,0.1445,0.0574,0.0864,0.1052,0.1191,0.8781,0.8522,0.8174,0.0546,0.0659,0.0858,0.154192,0.02680715,9.89e-05,0.06642327,-0.3051695,0.0132,0.018,0.0217,0.0238,0.0263,0.0293,0.0325,0.0355,0.0395,0.0568
0.371,0.4016,0.7837,0.0443,0.1235,0.0577,0.0688,0.0888,0.1076,0.8719,0.9878,0.8105,0.0561,0.081,0.0829,0.218658,0.025512384,7.04e-05,-0.2889957,-0.5073815,0.0152,0.0177,0.0206,0.0249,0.0265,0.0284,0.0312,0.0327,0.0361,0.0447
0.393,0.4577,0.6963,0.0447,0.1438,0.0544,0.0799,0.1064,0.1115,0.8147,0.999,0.8191,0.0911,0.0977,0.098,0.142844,0.018110747,6.06e-05,0.050578039,-0.8000545,0.0066,0.0107,0.0141,0.0158,0.0186,0.0207,0.0227,0.0254,0.0283,0.0374
0.3503,0.4057,0.7629,0.041,0.1235,0.0501,0.064,0.0867,0.099,0.9168,0.9114,0.968,0.0621,0.0827,0.0864,0.239219,0.028287615,0.00010484,0.05040297,-0.4660231,0.0154,0.02,0.0219,0.0257,0.0281,0.0312,0.0343,0.0369,0.0416,0.0534
0.3724,0.4291,0.7647,0.0395,0.1152,0.0432,0.0538,0.0853,0.0938,0.9239,0.8335,0.8943,0.0504,0.0507,0.098,0.194204,0.020919594,6.03e-05,-0.0385815,-0.628349,0.0107,0.0145,0.0159,0.0201,0.0212,0.0234,0.0251,0.0273,0.0311,0.0424
0.3513,0.4073,0.5149,0.0429,0.1409,0.0646,0.068,0.1127,0.1162,0.8964,0.977,0.9012,0.0531,0.058,0.0591,0.22962,0.026889029,0.00014848,0.221563051,-0.4500869,0.0112,0.0151,0.0199,0.0235,0.0267,0.0305,0.0337,0.0377,0.0426,0.0616
0.3708,0.4644,0.8449,0.035,0.1162,0.0626,0.0797,0.0815,0.0988,0.9829,0.9331,0.8272,0.0521,0.0668,0.0796,0.156322,0.023853277,7.15e-05,-0.057802,-0.5203688,0.0126,0.0162,0.0194,0.0212,0.0251,0.0265,0.0287,0.0317,0.0355,0.0447
0.4043,0.4268,0.8598,0.0475,0.1439,0.0611,0.0917,0.0961,0.1252,0.9233,0.8766,0.8752,0.0685,0.09,0.0949,0.164013,0.02842479,9.25e-05,-0.2193514,-0.3831274,0.0153,0.0197,0.0231,0.026,0.029,0.0318,0.0347,0.0368,0.0403,0.05
0.4183,0.4296,0.5501,0.0421,0.1474,0.065,0.0677,0.1092,0.1207,0.9009,0.8443,0.8823,0.0539,0.0811,0.0902,0.138814,0.02008437,8.31e-05,0.056594504,-0.8580405,0.0068,0.0112,0.0147,0.0168,0.0206,0.0226,0.0255,0.0282,0.0324,0.0418
0.4017,0.4939,0.7787,0.0476,0.1137,0.064,0.0692,0.0917,0.0971,0.9335,0.8209,0.9646,0.0751,0.0879,0.0911,0.096793,0.017052081,5.71e-05,0.030513033,-0.9138072,0.0062,0.0106,0.012,0.0148,0.0165,0.0204,0.0213,0.0247,0.0265,0.035
0.3758,0.4303,0.6936,0.0423,0.1429,0.0579,0.0982,0.1024,0.1248,0.9209,0.9779,0.9038,0.055,0.0604,0.0671,0.187037,0.025624576,0.00011497,0.449765969,0.487546262,0.0125,0.0156,0.0204,0.0224,0.0249,0.0283,0.0311,0.0352,0.039,0.0642
0.3808,0.4121,0.936,0.0497,0.1479,0.0797,0.0866,0.0934,0.1392,0.816,0.8619,0.9705,0.0511,0.0899,0.0998,0.195568,0.03559217,0.00013253,-0.6012815,0.01583478,0.0196,0.0261,0.0312,0.0339,0.0367,0.0396,0.0424,0.0455,0.0493,0.0604
0.362,0.4899,0.5738,0.0423,0.1101,0.0519,0.0747,0.0912,0.0927,0.9197,0.9547,0.9546,0.061,0.0626,0.0806,0.14386,0.020329744,8.63e-05,0.145421376,-0.6963626,0.0074,0.0115,0.0152,0.0172,0.0208,0.0226,0.0254,0.0284,0.0331,0.043
0.3889,0.4195,0.5887,0.0404,0.133,0.068,0.0723,0.0849,0.1067,0.9035,0.9402,0.8507,0.0624,0.0635,0.0685,0.182111,0.02225114,9.34e-05,0.028637942,-0.8120205,0.01,0.0129,0.0164,0.0196,0.0219,0.0257,0.0273,0.0309,0.0359,0.045
0.3807,0.4428,0.5503,0.0462,0.1279,0.0654,0.0842,0.0967,0.1114,0.9785,0.929,0.9347,0.065,0.0775,0.0904,0.162992,0.02278634,0.0001036,0.0092744,-0.8668701,0.0096,0.0129,0.0165,0.0199,0.0224,0.026,0.0291,0.0323,0.0366,0.045
0.3977,0.4795,0.5868,0.0392,0.1183,0.056,0.0704,0.0797,0.1037,0.8799,0.8762,0.8762,0.0546,0.0879,0.0891,0.114849,0.017440472,6.52e-05,0.164461135,-0.7320139,0.0063,0.0099,0.0118,0.0149,0.0169,0.0199,0.0218,0.0251,0.0278,0.0403
0.4014,0.496,0.8115,0.0354,0.1293,0.0526,0.0658,0.095,0.109,0.8627,0.8092,0.8909,0.0551,0.0661,0.0745,0.096138,0.01634661,5.69e-05,0.259578429,-0.6703984,0.0062,0.0103,0.0111,0.0149,0.016,0.0178,0.0207,0.0229,0.0265,0.0377
0.3602,0.4464,0.7338,0.0372,0.1477,0.0765,0.1045,0.105,0.1355,0.9193,0.9739,0.8092,0.0635,0.0669,0.0733,0.181984,0.02907754,0.00013186,0.166636889,-0.5926211,0.0137,0.0185,0.0218,0.025,0.0285,0.0322,0.0355,0.0393,0.0453,0.0579
0.3894,0.4566,0.5183,0.0365,0.1432,0.0515,0.0787,0.0895,0.1146,0.8921,0.9589,0.8555,0.0539,0.0625,0.0717,0.143022,0.01786798,6.55e-05,0.142547879,-0.73434,0.0065,0.0104,0.0128,0.0153,0.0173,0.0202,0.0224,0.0256,0.0291,0.0406
0.3892,0.4662,0.5054,0.0484,0.1129,0.0552,0.074,0.0935,0.0989,0.9483,0.9888,0.8041,0.0545,0.0656,0.0716,0.14066,0.018123068,6.53e-05,0.03956595,-0.8825094,0.0064,0.0107,0.0128,0.016,0.018,0.0208,0.0227,0.026,0.0292,0.0381
0.3607,0.4006,0.9496,0.0493,0.118,0.0627,0.0771,0.0962,0.1069,0.8736,0.9802,0.9087,0.0754,0.0859,0.0951,0.232521,0.03594246,0.00013364,-0.6310167,-0.0323731,0.0196,0.0261,0.031,0.0347,0.0375,0.0402,0.043,0.0461,0.0495,0.06
0.3921,0.4024,0.8118,0.0365,0.1117,0.0537,0.0658,0.0914,0.0963,0.9268,0.9733,0.8488,0.0772,0.0794,0.0889,0.19941,0.02419936,6.8e-05,-0.179225,-0.5405984,0.0126,0.0162,0.0204,0.0217,0.0245,0.0262,0.0294,0.032,0.0352,0.0427
0.366,0.4026,0.6507,0.0484,0.1136,0.059,0.0738,0.0842,0.0986,0.8284,0.8818,0.9597,0.0561,0.0758,0.0952,0.226999,0.025105542,8.68e-05,-0.1237098,-0.7475459,0.0109,0.0156,0.0202,0.0223,0.025,0.0276,0.0313,0.0341,0.0372,0.0464
0.4141,0.4711,0.5448,0.0466,0.1473,0.0713,0.0893,0.1013,0.122,0.9286,0.9537,0.8626,0.0627,0.0668,0.069,0.101218,0.018719727,7.18e-05,0.020724767,-0.9358277,0.0063,0.0105,0.0143,0.0157,0.0195,0.0209,0.0244,0.0261,0.0305,0.0367
0.4116,0.4674,0.8437,0.0486,0.1233,0.0565,0.0783,0.0951,0.114,0.9238,0.9405,0.8704,0.0569,0.0662,0.0774,0.115071,0.02065872,6.13e-05,0.114660795,-0.1904762,0.0101,0.0137,0.0157,0.0199,0.021,0.0228,0.0252,0.0272,0.0308,0.0474
0.4162,0.4247,0.519,0.0452,0.1311,0.0601,0.069,0.0972,0.1223,0.9176,0.9552,0.819,0.053,0.0818,0.0877,0.153822,0.019640426,7.19e-05,-0.1004013,-0.9418187,0.0067,0.0108,0.0141,0.0165,0.0205,0.0221,0.025,0.0277,0.0311,0.0384
0.4035,0.4654,0.5124,0.049,0.1161,0.0599,0.0691,0.0915,0.1004,0.8793,0.8386,0.8351,0.0549,0.0818,0.0855,0.123646,0.017846575,6.06e-05,-0.0066558,-0.8672625,0.0063,0.0112,0.0125,0.0155,0.0181,0.0207,0.0222,0.0255,0.0277,0.0354
0.3789,0.4257,0.8742,0.0386,0.1313,0.0488,0.0743,0.103,0.1169,0.9887,0.8749,0.8022,0.0562,0.075,0.0773,0.188128,0.0246226,7.19e-05,-0.1332011,-0.2835107,0.0137,0.0172,0.0206,0.0218,0.0248,0.0265,0.0296,0.0318,0.0358,0.0472
0.3627,0.4629,0.8879,0.0386,0.1125,0.0545,0.0709,0.0838,0.0984,0.8491,0.9854,0.92,0.0556,0.0581,0.0626,0.168036,0.024301245,6.72e-05,-0.2434572,-0.3677341,0.015,0.0168,0.0201,0.0221,0.0255,0.0265,0.0292,0.0313,0.0356,0.045
0.3683,0.4707,0.9059,0.0484,0.1201,0.0609,0.0767,0.0965,0.1062,0.9711,0.9395,0.8914,0.053,0.0578,0.0957,0.157578,0.029544654,0.00010415,-0.2847294,-0.3099426,0.0145,0.021,0.0242,0.0269,0.0305,0.0326,0.0359,0.0384,0.0425,0.0552
0.3791,0.4494,0.8655,0.0458,0.1443,0.0708,0.0951,0.1075,0.1324,0.9816,0.9153,0.897,0.0519,0.0603,0.0645,0.162473,0.03052053,0.0001133,-0.1391941,-0.4607377,0.0165,0.021,0.0252,0.0278,0.0312,0.0341,0.0361,0.04,0.0446,0.0534
0.3996,0.4135,0.6285,0.0355,0.1131,0.0439,0.0707,0.0834,0.1048,0.9073,0.9368,0.8302,0.0833,0.09,0.0918,0.17849,0.01796334,6e-05,0.150889708,-0.5239993,0.0069,0.0112,0.0136,0.0159,0.0179,0.0209,0.0221,0.0251,0.0281,0.0436
0.3612,0.4924,0.619,0.0362,0.1174,0.0478,0.0772,0.0851,0.1043,0.924,0.8673,0.814,0.0651,0.0669,0.0995,0.13715,0.01761327,6.72e-05,0.222122809,-0.6368922,0.0064,0.0104,0.012,0.0152,0.0168,0.0206,0.0217,0.0248,0.0284,0.0424
0.4102,0.4714,0.7496,0.0477,0.1448,0.0711,0.0788,0.1081,0.1191,0.8328,0.99,0.8539,0.0557,0.0641,0.0883,0.114763,0.018842237,6.45e-05,-0.0037051,-0.863998,0.0075,0.0107,0.0146,0.0158,0.0194,0.0208,0.024,0.0262,0.0297,0.0364
0.3864,0.4834,0.5486,0.0476,0.129,0.0601,0.083,0.0932,0.1106,0.8863,0.8828,0.8189,0.0501,0.0598,0.0787,0.12286,0.019973562,8.52e-05,0.152084384,-0.698648,0.0068,0.0113,0.015,0.0167,0.0206,0.0221,0.0252,0.028,0.0326,0.043
0.3869,0.4231,0.5852,0.0422,0.1181,0.0531,0.0705,0.0824,0.1109,0.9589,0.8965,0.8308,0.0668,0.0722,0.0919,0.17928,0.019617625,7.21e-05,0.03448053,-0.7121969,0.0081,0.0113,0.0147,0.0165,0.0203,0.0216,0.0245,0.0273,0.0308,0.0415
0.389,0.4432,0.7746,0.0448,0.1334,0.0627,0.1006,0.1029,0.1212,0.9847,0.9128,0.9284,0.0521,0.0862,0.087,0.156228,0.025085012,9.36e-05,0.09727402,-0.5366715,0.0114,0.0157,0.0193,0.0218,0.025,0.0271,0.031,0.0343,0.0375,0.05
0.3667,0.4609,0.7207,0.047,0.1306,0.0672,0.0742,0.0899,0.112,0.9438,0.8583,0.8273,0.0626,0.0643,0.0855,0.161478,0.022938538,8.58e-05,0.040850592,-0.6330093,0.0105,0.0145,0.017,0.0198,0.0229,0.0256,0.0283,0.0316,0.0353,0.0497
0.3999,0.4496,0.6744,0.0449,0.1416,0.0749,0.0871,0.0988,0.12,0.997,0.9014,0.8166,0.0778,0.0808,0.0832,0.140697,0.02080237,8.01e-05,0.0027019,-0.8473567,0.0092,0.0119,0.0154,0.0178,0.021,0.0236,0.0256,0.0295,0.0327,0.0424
0.3814,0.4417,0.5297,0.0498,0.1193,0.071,0.0768,0.0926,0.1045,0.8217,0.8322,0.8232,0.071,0.0716,0.0772,0.166594,0.02347719,0.00010681,-0.0511368,-0.9058439,0.0097,0.0137,0.0169,0.0209,0.0243,0.0263,0.03,0.0338,0.0367,0.0474
0.4093,0.4412,0.6277,0.0436,0.1101,0.0541,0.072,0.0854,0.0958,0.8276,0.9431,0.8866,0.0531,0.0955,0.0986,0.139705,0.01725133,5.94e-05,0.06964953,-0.8523031,0.0063,0.0098,0.0115,0.0143,0.0163,0.0202,0.0216,0.0244,0.0276,0.0384
0.3933,0.4179,0.9295,0.0358,0.1344,0.0684,0.0774,0.0999,0.1042,0.9772,0.8107,0.9451,0.0531,0.0721,0.0806,0.17753,0.029671912,0.00010042,-0.3962686,-0.2817661,0.0156,0.0209,0.0249,0.0271,0.0305,0.0327,0.0359,0.0391,0.0422,0.0502
0.351,0.4998,0.6761,0.0401,0.1316,0.0589,0.0725,0.0819,0.1125,0.9013,0.8267,0.9515,0.085,0.0867,0.0988,0.13897,0.020418652,9.36e-05,0.288299703,-0.5201814,0.007,0.011,0.0146,0.0167,0.021,0.0226,0.0253,0.0291,0.0341,0.0495
0.3624,0.4894,0.7578,0.0363,0.1334,0.0527,0.0725,0.1062,0.1174,0.9442,0.9607,0.9284,0.0516,0.0899,0.093,0.137288,0.021350211,9.01e-05,0.308871364,-0.2046862,0.0101,0.012,0.0157,0.0192,0.0208,0.024,0.0259,0.0294,0.0338,0.0522
0.4057,0.4825,0.8382,0.0463,0.1448,0.062,0.1048,0.1109,0.1235,0.9862,0.8585,0.9041,0.0506,0.0547,0.06,0.103266,0.020469273,7.1e-05,0.150005831,-0.673317,0.0098,0.012,0.0151,0.0174,0.0203,0.0224,0.0255,0.0283,0.0322,0.0406
0.4199,0.4896,0.7193,0.0499,0.1133,0.0541,0.074,0.0955,0.1043,0.8969,0.9167,0.8049,0.06,0.0683,0.0786,0.08405,0.015035455,4.93e-05,0.156124685,-0.9623159,0.0057,0.0091,0.0106,0.0117,0.0152,0.0166,0.0202,0.0217,0.0249,0.032
0.4166,0.4597,0.5847,0.0393,0.1265,0.0544,0.0685,0.0809,0.105,0.8774,0.85,0.8326,0.0644,0.078,0.0956,0.112271,0.016362391,5.64e-05,0.141663331,-0.8136517,0.006,0.0103,0.0118,0.0145,0.0158,0.019,0.021,0.0232,0.026,0.0354
0.418,0.4247,0.8029,0.0396,0.1441,0.0691,0.0867,0.0911,0.1333,0.9306,0.9914,0.9593,0.0704,0.0877,0.0985,0.14717,0.02461248,7.33e-05,-0.1971753,-0.6582519,0.0121,0.0159,0.0204,0.0221,0.0251,0.0268,0.0304,0.0323,0.036,0.0418
0.354,0.4826,0.919,0.0397,0.1383,0.0656,0.0837,0.1043,0.11,0.8109,0.9874,0.9005,0.0686,0.0714,0.0999,0.156044,0.029619622,0.00010974,-0.1526074,-0.2695279,0.0151,0.0201,0.024,0.0268,0.03,0.0329,0.0355,0.039,0.0428,0.0574
0.3848,0.4377,0.6424,0.045,0.1333,0.0579,0.0895,0.1051,0.1248,0.9535,0.9156,0.8317,0.0728,0.0849,0.0989,0.165058,0.02264549,0.00010075,0.107322945,-0.6965969,0.0099,0.0134,0.0158,0.0208,0.0226,0.0253,0.0285,0.0319,0.0357,0.0495
0.3631,0.4134,0.5925,0.0362,0.1106,0.0505,0.0819,0.0838,0.099,0.8361,0.9013,0.9993,0.0545,0.087,0.0892,0.218258,0.021617565,8.11e-05,0.07174796,-0.6257069,0.0106,0.0132,0.0154,0.0197,0.0211,0.024,0.0262,0.0301,0.0335,0.0461
0.4131,0.4464,0.5928,0.0454,0.1116,0.053,0.0722,0.0791,0.1009,0.9311,0.8918,0.8016,0.0634,0.0852,0.0903,0.136263,0.017234675,5.95e-05,0.01555098,-0.9810277,0.0061,0.0107,0.0121,0.0149,0.0167,0.0205,0.0215,0.025,0.0271,0.035
0.3555,0.4788,0.8376,0.0422,0.1277,0.0585,0.0835,0.0836,0.111,0.9329,0.8504,0.9487,0.0763,0.088,0.099,0.154388,0.025198637,8.56e-05,0.0688551,-0.4041388,0.0134,0.0164,0.02,0.0225,0.0248,0.0274,0.0306,0.0331,0.037,0.0512
0.3804,0.4252,0.7819,0.043,0.1456,0.0608,0.0875,0.1041,0.1316,0.8253,0.859,0.9545,0.0591,0.0875,0.0984,0.183649,0.025913311,8.61e-05,-0.007789,-0.4307457,0.0144,0.0166,0.0203,0.0237,0.0257,0.0287,0.0313,0.034,0.0375,0.0515
0.4111,0.4999,0.5928,0.0476,0.1487,0.0584,0.0912,0.1189,0.13,0.9196,0.8572,0.9395,0.0675,0.0794,0.0834,0.073222,0.01654214,6.01e-05,0.230591175,-0.6710435,0.0061,0.0102,0.0112,0.0151,0.0162,0.0197,0.0208,0.0235,0.0267,0.0377
0.3907,0.4721,0.6041,0.0372,0.1412,0.0559,0.0804,0.1009,0.1082,0.9659,0.8811,0.865,0.0619,0.0864,0.0922,0.126747,0.01785771,6.86e-05,0.191801342,-0.7026908,0.0065,0.0104,0.012,0.0151,0.0175,0.0205,0.0222,0.0255,0.0291,0.0418
0.3926,0.4889,0.6616,0.0402,0.111,0.051,0.0668,0.0696,0.0944,0.9415,0.9386,0.8928,0.0678,0.0715,0.0939,0.112085,0.0161968,5.66e-05,0.138599209,-0.9129946,0.006,0.0101,0.0116,0.0142,0.0154,0.0184,0.0209,0.0232,0.0259,0.035
0.3904,0.479,0.631,0.0394,0.1248,0.0501,0.0842,0.0889,0.1002,0.8641,0.8456,0.8214,0.0512,0.0636,0.0984,0.122296,0.01953311,8.75e-05,0.215566899,-0.7673474,0.0066,0.0109,0.0145,0.0159,0.0203,0.0215,0.0246,0.0273,0.0324,0.0424
0.3604,0.4712,0.5576,0.0363,0.1282,0.07,0.0781,0.1018,0.1062,0.9651,0.9227,0.946,0.0513,0.0626,0.0725,0.156221,0.02500542,0.00014599,0.27532214,-0.4248377,0.009,0.0136,0.0171,0.0208,0.025,0.0272,0.0317,0.0354,0.0408,0.0602
0.3516,0.4984,0.7586,0.0424,0.1137,0.0635,0.074,0.0873,0.0896,0.8938,0.9642,0.9446,0.0572,0.0634,0.092,0.144104,0.022695035,9.71e-05,0.249015811,-0.5047536,0.0103,0.0142,0.0161,0.0194,0.0218,0.0248,0.0271,0.0316,0.036,0.05
0.403,0.4195,0.9466,0.0468,0.1206,0.0572,0.0701,0.0941,0.1034,0.8776,0.9235,0.9314,0.0515,0.0896,0.0986,0.167665,0.029024939,0.00010068,-0.3663176,-0.216348,0.015,0.0205,0.0245,0.0268,0.0302,0.0317,0.0351,0.0379,0.0412,0.0502
0.3944,0.4297,0.566,0.0448,0.1285,0.0763,0.0769,0.0929,0.1105,0.8622,0.9417,0.9646,0.0649,0.0807,0.097,0.170124,0.023221791,0.00010679,0.04104551,-0.8131526,0.01,0.0132,0.0163,0.0201,0.0231,0.026,0.0296,0.0329,0.0369,0.0456
0.3584,0.4905,0.5221,0.0353,0.1324,0.0488,0.0761,0.0853,0.1044,0.9712,0.9061,0.8392,0.0715,0.0863,0.0886,0.145159,0.018682653,7.27e-05,0.122840343,-0.7936009,0.0065,0.0106,0.0139,0.0156,0.0192,0.0207,0.0245,0.0261,0.0306,0.0403
0.3559,0.4289,0.9025,0.0415,0.1463,0.053,0.0848,0.0935,0.1149,0.8441,0.9726,0.8516,0.055,0.0931,0.097,0.208226,0.030908276,0.00011078,-0.213609,-0.1827174,0.0166,0.0223,0.0258,0.0285,0.0316,0.034,0.0365,0.0396,0.044,0.0561
0.3548,0.4437,0.5504,0.0437,0.1337,0.0588,0.0787,0.0982,0.1202,0.8301,0.8961,0.8821,0.0733,0.0821,0.0903,0.191221,0.025028339,0.00013199,0.2337778,-0.4320409,0.0099,0.0139,0.0182,0.021,0.0245,0.0276,0.0315,0.0352,0.0403,0.0579
0.4191,0.4186,0.7918,0.0353,0.1114,0.0507,0.0706,0.0767,0.0973,0.8661,0.9243,0.9214,0.0658,0.0778,0.0998,0.15505,0.019809518,5.25e-05,-0.0780236,-0.6394984,0.0099,0.0129,0.0147,0.0174,0.0205,0.0217,0.0241,0.0264,0.0292,0.0384
0.3511,0.4316,0.5855,0.0421,0.1451,0.0599,0.0842,0.1132,0.1348,0.9907,0.908,0.8089,0.0632,0.065,0.0664,0.206332,0.025182945,0.0001216,0.164052408,-0.6141327,0.0109,0.0155,0.0196,0.0214,0.0254,0.028,0.0317,0.035,0.04,0.0534
0.3999,0.4736,0.7176,0.0378,0.1194,0.0566,0.0702,0.0863,0.1024,0.9904,0.8421,0.938,0.0567,0.0691,0.0733,0.120285,0.01648766,5.44e-05,0.142113193,-0.8043829,0.0061,0.0105,0.0119,0.0145,0.0157,0.0188,0.021,0.0229,0.026,0.035
0.3815,0.4487,0.5969,0.047,0.119,0.054,0.0735,0.0839,0.0993,0.9783,0.8136,0.8437,0.0715,0.0824,0.0843,0.162533,0.018212056,6.28e-05,-0.0225971,-0.9276909,0.0064,0.0113,0.0142,0.0155,0.0186,0.0209,0.0229,0.0258,0.0287,0.0354
0.3823,0.4317,0.5531,0.0413,0.135,0.0618,0.0709,0.0988,0.114,0.9736,0.9881,0.9325,0.0547,0.0579,0.0619,0.175422,0.022358079,0.00010434,0.09914715,-0.7786871,0.0095,0.0128,0.0153,0.0199,0.0216,0.0248,0.0276,0.0318,0.0357,0.0461
0.4007,0.4165,0.647,0.0413,0.1312,0.0615,0.0825,0.0959,0.105,0.851,0.8048,0.9234,0.0605,0.085,0.0944,0.175707,0.021989222,8.42e-05,-0.0229982,-0.8182314,0.0102,0.0134,0.0162,0.0194,0.0216,0.0253,0.0274,0.0307,0.0347,0.0442
0.3908,0.4543,0.7802,0.0452,0.1386,0.0655,0.0925,0.1138,0.1227,0.9407,0.8294,0.8012,0.0547,0.057,0.0571,0.142149,0.0224011,7.41e-05,0.05336375,-0.6204434,0.0115,0.0139,0.0167,0.02,0.0215,0.025,0.027,0.0304,0.0338,0.0456
0.4168,0.4062,0.8069,0.044,0.1285,0.0609,0.0641,0.1052,0.114,0.8622,0.9992,0.9902,0.0688,0.0779,0.0936,0.173056,0.02420075,6.68e-05,-0.2414486,-0.5904726,0.0132,0.0162,0.0199,0.022,0.0251,0.0264,0.0295,0.0319,0.0347,0.0403
0.4169,0.4527,0.6548,0.0377,0.1121,0.0452,0.0728,0.0771,0.1029,0.9324,0.8255,0.9176,0.0609,0.0941,0.0998,0.120395,0.014859348,4.56e-05,0.171017044,-0.8288628,0.0058,0.0093,0.0108,0.012,0.0152,0.016,0.0192,0.0212,0.0248,0.0328
0.3645,0.4918,0.7216,0.0473,0.1306,0.0721,0.0766,0.1115,0.1187,0.8544,0.9136,0.8973,0.0541,0.0747,0.087,0.137358,0.02389211,0.00011278,0.123489221,-0.7393681,0.0102,0.0143,0.0168,0.0201,0.0236,0.0263,0.0304,0.0341,0.0381,0.0497
0.4086,0.4034,0.9038,0.0351,0.1127,0.0513,0.0629,0.0793,0.1056,0.9585,0.811,0.9414,0.0656,0.079,0.08,0.180673,0.02370651,6.66e-05,-0.29355,-0.4482213,0.012,0.0163,0.0197,0.0214,0.0247,0.0259,0.0285,0.0315,0.0344,0.0403
0.3849,0.4028,0.9307,0.0488,0.1391,0.0761,0.0857,0.1157,0.1191,0.9229,0.9339,0.8007,0.0774,0.0851,0.0952,0.198713,0.03716235,0.00014095,-0.5913538,-0.039242,0.0204,0.0272,0.0321,0.0356,0.0389,0.0417,0.0446,0.0472,0.0516,0.0585
0.3605,0.4524,0.8172,0.0367,0.1175,0.054,0.0639,0.0846,0.1061,0.9929,0.8101,0.8117,0.0689,0.0799,0.0815,0.181483,0.02159592,5.66e-05,-0.1501698,-0.6004931,0.0107,0.0142,0.0165,0.0204,0.0216,0.024,0.0261,0.0283,0.0315,0.0384
0.4138,0.4059,0.8788,0.0483,0.1233,0.0656,0.0693,0.0988,0.1135,0.8761,0.8788,0.991,0.0556,0.0673,0.0717,0.171426,0.026602648,7.78e-05,-0.3935202,-0.4406041,0.0151,0.0195,0.0218,0.0248,0.0269,0.0302,0.0325,0.0347,0.0376,0.043
0.3605,0.4446,0.7507,0.0414,0.1108,0.057,0.0667,0.0841,0.0997,0.8385,0.8235,0.9833,0.0534,0.0663,0.0826,0.187912,0.02147766,6.11e-05,-0.0679959,-0.6356678,0.0108,0.0146,0.016,0.0201,0.0212,0.0238,0.0262,0.0285,0.0317,0.0415
0.396,0.4754,0.5745,0.0432,0.1412,0.0558,0.0925,0.11,0.1177,0.8271,0.8403,0.8604,0.0519,0.0704,0.0749,0.113786,0.01970699,9.67e-05,0.49831448,-0.0566303,0.0069,0.0108,0.0143,0.0161,0.0193,0.0214,0.0243,0.0276,0.0326,0.051
0.3873,0.4757,0.7232,0.0404,0.1479,0.0642,0.0821,0.1149,0.1267,0.8106,0.9735,0.8364,0.053,0.0655,0.0702,0.127426,0.019144755,6.77e-05,0.040963257,-0.8468305,0.0099,0.0109,0.015,0.0162,0.0199,0.0215,0.0248,0.0263,0.0301,0.0374
0.4088,0.4654,0.5976,0.0447,0.1275,0.0606,0.0891,0.0946,0.1124,0.9849,0.8527,0.8039,0.0514,0.0578,0.0681,0.11846,0.016669186,5.65e-05,0.04397086,-0.9779885,0.006,0.01,0.0115,0.0151,0.016,0.0198,0.0213,0.0247,0.0264,0.0328
0.4065,0.4433,0.8003,0.0458,0.1452,0.0635,0.0906,0.1133,0.13,0.8435,0.9438,0.962,0.0642,0.0648,0.0673,0.143318,0.02426378,8.37e-05,0.03259726,-0.585232,0.011,0.0153,0.0201,0.0215,0.0246,0.0264,0.0297,0.0321,0.0362,0.0474
0.3942,0.431,0.5196,0.0383,0.1343,0.0515,0.0794,0.0959,0.112,0.9787,0.8882,0.8707,0.0551,0.0861,0.0914,0.16477,0.018862035,7.2e-05,0.118089507,-0.7072916,0.0066,0.0108,0.0143,0.0161,0.0197,0.0212,0.0248,0.0263,0.0302,0.0409
0.4048,0.4214,0.7457,0.0401,0.1433,0.0488,0.0797,0.089,0.1296,0.9627,0.931,0.8003,0.0722,0.0837,0.0935,0.167563,0.020540227,6.22e-05,-0.0119472,-0.6908049,0.01,0.0137,0.0154,0.0188,0.0203,0.0224,0.0252,0.0274,0.0311,0.04
0.4015,0.4771,0.6038,0.0439,0.1384,0.0683,0.0864,0.0972,0.1224,0.9588,0.9431,0.9646,0.0826,0.0925,0.0931,0.10796,0.020438406,9.15e-05,0.194329439,-0.6322256,0.007,0.0105,0.0142,0.017,0.0205,0.0228,0.0253,0.0294,0.0335,0.0464
0.3909,0.4173,0.5272,0.0383,0.1284,0.0523,0.0715,0.0938,0.1047,0.9774,0.889,0.8114,0.0797,0.0815,0.0945,0.184112,0.018928922,7.17e-05,0.09293387,-0.733685,0.0067,0.0109,0.0143,0.0156,0.0197,0.0209,0.0251,0.0267,0.0305,0.0412
0.4158,0.4847,0.8062,0.0397,0.1194,0.0563,0.0703,0.0892,0.1079,0.8614,0.8246,0.8671,0.0501,0.0732,0.083,0.094848,0.01733364,5.85e-05,0.167754763,-0.6467312,0.0064,0.0106,0.0116,0.0156,0.0168,0.0203,0.0214,0.0252,0.0273,0.0381
0.3553,0.4373,0.5614,0.0442,0.1409,0.0556,0.0623,0.1117,0.1242,0.8082,0.8524,0.9116,0.0641,0.0762,0.0773,0.202314,0.023546005,0.00010516,0.04079825,-0.7123803,0.0104,0.0146,0.0166,0.0204,0.0239,0.0259,0.0295,0.0329,0.0368,0.052
0.4106,0.4548,0.9189,0.0405,0.148,0.0644,0.0818,0.0883,0.1256,0.8974,0.8905,0.9607,0.0539,0.0703,0.0896,0.121116,0.02526838,7.84e-05,-0.2575528,-0.4543273,0.0151,0.0172,0.0204,0.0229,0.026,0.0275,0.0306,0.0335,0.0365,0.045
0.3755,0.4263,0.6365,0.0442,0.133,0.0578,0.0704,0.0869,0.1187,0.9113,0.8785,0.9254,0.0512,0.0646,0.088,0.188602,0.023554163,0.00010027,0.0735665,-0.7284822,0.01,0.0141,0.0173,0.0209,0.0237,0.0257,0.0295,0.0323,0.037,0.0472
0.418,0.4268,0.7199,0.0396,0.1479,0.0642,0.0867,0.1082,0.1276,0.8978,0.8273,0.9624,0.0683,0.0758,0.0898,0.141065,0.020523381,6.78e-05,-0.037673,-0.8183851,0.0095,0.012,0.015,0.018,0.0211,0.0232,0.0253,0.0281,0.0316,0.0394
0.4172,0.4618,0.9208,0.0454,0.1437,0.0688,0.0959,0.0983,0.1194,0.9216,0.9486,0.975,0.0546,0.0567,0.0677,0.112818,0.026650612,9.63e-05,-0.0870369,-0.4058894,0.0144,0.0185,0.0207,0.0241,0.0266,0.0302,0.0319,0.0355,0.0396,0.0502
0.4063,0.4005,0.6746,0.0487,0.1325,0.0554,0.0723,0.0977,0.1194,0.8616,0.865,0.9673,0.0907,0.0918,0.0998,0.179667,0.02167486,7.33e-05,-0.0448665,-0.7453009,0.0105,0.0145,0.0161,0.0202,0.0216,0.0245,0.0264,0.0298,0.0329,0.0427
0.3804,0.4128,0.8613,0.0495,0.1479,0.076,0.0982,0.0989,0.1223,0.8153,0.9637,0.8912,0.0731,0.077,0.0813,0.201752,0.033181428,0.00011571,-0.3519727,-0.2645274,0.0203,0.0239,0.0273,0.0311,0.0337,0.0365,0.0395,0.0428,0.0465,0.0559
0.3788,0.4626,0.6954,0.0495,0.1376,0.0696,0.0854,0.1104,0.1254,0.8098,0.8919,0.9732,0.0614,0.0874,0.093,0.147902,0.022702234,9.11e-05,-0.0037749,-0.781959,0.0106,0.0133,0.0162,0.0202,0.0226,0.0254,0.0279,0.0316,0.0356,0.0453
0.3504,0.4116,0.8961,0.0461,0.123,0.057,0.0646,0.094,0.0973,0.9158,0.9486,0.9025,0.0575,0.0612,0.0896,0.229095,0.03344206,0.00012561,-0.3053856,-0.2591195,0.019,0.0246,0.0269,0.0312,0.0337,0.0367,0.0399,0.0432,0.0473,0.0602
0.3816,0.4143,0.5548,0.0383,0.1292,0.0568,0.0757,0.0776,0.121,0.9922,0.9264,0.9156,0.0737,0.093,0.0945,0.195002,0.022148217,9.83e-05,0.176271464,-0.5676036,0.0098,0.0124,0.0156,0.0205,0.0221,0.0255,0.0269,0.0313,0.0354,0.0492
0.4015,0.4214,0.9312,0.0392,0.1124,0.0473,0.0735,0.0831,0.0918,0.8778,0.9888,0.8974,0.0617,0.0772,0.0904,0.168485,0.02395165,7.11e-05,-0.2736649,-0.2895923,0.0111,0.0165,0.0205,0.0218,0.0247,0.0262,0.0289,0.0313,0.035,0.0474
0.3905,0.459,0.8989,0.0372,0.1346,0.0603,0.0626,0.1025,0.111,0.9457,0.9456,0.8644,0.0743,0.0761,0.0898,0.144607,0.02510102,6.99e-05,-0.2534054,-0.2528971,0.0139,0.0181,0.021,0.0236,0.0254,0.0275,0.0302,0.0321,0.0356,0.0469
0.3511,0.4513,0.8322,0.0376,0.1154,0.0445,0.0723,0.0827,0.0994,0.9371,0.8557,0.8837,0.0523,0.0548,0.0653,0.188903,0.02407577,8.2e-05,0.110657746,-0.4659978,0.0115,0.0155,0.0198,0.0219,0.0237,0.026,0.0291,0.0323,0.0359,0.0495
0.387,0.4523,0.8709,0.0401,0.111,0.0516,0.0686,0.0784,0.0915,0.9333,0.837,0.9452,0.057,0.074,0.0988,0.15335,0.022785843,6.58e-05,-0.0819033,-0.4706832,0.0121,0.016,0.0188,0.0206,0.0226,0.0257,0.0268,0.0301,0.0333,0.045
0.3587,0.4087,0.6574,0.0422,0.1199,0.0506,0.0878,0.0887,0.1036,0.8627,0.9343,0.969,0.076,0.091,0.0972,0.222692,0.026052443,9.86e-05,-0.0931931,-0.7798068,0.0116,0.0161,0.0199,0.0231,0.0262,0.03,0.0319,0.0357,0.0393,0.0502
0.3623,0.4113,0.5236,0.0445,0.1387,0.0599,0.0819,0.0999,0.1177,0.9191,0.8578,0.8009,0.0762,0.0767,0.0813,0.218584,0.025378081,0.00011463,-0.0619801,-0.7973172,0.0106,0.0152,0.0192,0.022,0.0256,0.0287,0.0317,0.0357,0.0396,0.0502
0.3986,0.4741,0.6119,0.0477,0.1317,0.0623,0.0866,0.103,0.1168,0.9925,0.8911,0.9254,0.0727,0.0931,0.0954,0.115503,0.01907526,7.63e-05,0.118635582,-0.7553286,0.0066,0.0108,0.0143,0.0157,0.0199,0.0212,0.0241,0.0272,0.0309,0.0415
0.3923,0.4525,0.7946,0.0456,0.1196,0.062,0.0708,0.0829,0.1052,0.9341,0.9445,0.9631,0.0661,0.0809,0.0912,0.145866,0.022946603,7.78e-05,0.04312782,-0.6823876,0.0112,0.0152,0.0175,0.0208,0.0226,0.0253,0.0275,0.0316,0.0348,0.043
0.3941,0.4041,0.5869,0.0394,0.1261,0.0571,0.0667,0.0837,0.107,0.9683,0.9344,0.9513,0.0502,0.0615,0.0851,0.191185,0.02148245,8.6e-05,0.09307062,-0.6458948,0.0099,0.0127,0.0162,0.0193,0.0211,0.0252,0.0265,0.0299,0.0347,0.045
0.3538,0.457,0.6423,0.0353,0.1398,0.0484,0.0873,0.1039,0.1128,0.9748,0.9376,0.9509,0.0627,0.075,0.0879,0.179571,0.02446309,0.00014616,0.457940869,-0.2808693,0.0094,0.0135,0.0161,0.0201,0.0239,0.0263,0.0308,0.0346,0.0409,0.0604
0.4073,0.4721,0.7207,0.0392,0.1187,0.0551,0.0705,0.0747,0.1017,0.9867,0.951,0.9899,0.0621,0.0727,0.092,0.113607,0.01722632,6.72e-05,0.337916951,-0.4813386,0.0064,0.0099,0.0118,0.0147,0.0158,0.0198,0.021,0.0253,0.0286,0.0412
0.3642,0.4437,0.9328,0.0361,0.1319,0.0517,0.0743,0.0892,0.1101,0.8618,0.8947,0.887,0.0644,0.0815,0.0987,0.183451,0.030790573,0.00011398,-0.3060876,-0.2700937,0.0166,0.0218,0.026,0.0282,0.0314,0.0353,0.037,0.0408,0.0445,0.055
0.3962,0.4343,0.8791,0.0408,0.1439,0.0583,0.071,0.1038,0.1148,0.9061,0.9678,0.8879,0.059,0.0667,0.0734,0.162204,0.026046757,7.89e-05,-0.1327513,-0.2538831,0.0143,0.0199,0.0213,0.0243,0.0259,0.0286,0.0312,0.0346,0.0366,0.0474
0.3903,0.4403,0.8741,0.0493,0.1306,0.0693,0.0804,0.1127,0.1155,0.8623,0.9535,0.821,0.0612,0.0852,0.0998,0.159732,0.027783775,8.4e-05,-0.34121079,-0.418071477,0.0147,0.0201,0.0227,0.025,0.0278,0.0311,0.0337,0.0359,0.0397,0.0461
0.3881,0.4376,0.6436,0.0431,0.1454,0.0619,0.0845,0.1038,0.113,0.8918,0.8337,0.8199,0.0574,0.0675,0.0883,0.160626,0.021632243,8.31e-05,0.00045123,-0.7310435,0.01,0.0129,0.0153,0.0195,0.0215,0.0243,0.0267,0.0301,0.0334,0.0453
0.3737,0.4545,0.772,0.0446,0.1465,0.0582,0.0808,0.0957,0.12,0.8466,0.8802,0.9511,0.0733,0.0774,0.0974,0.159802,0.02356738,8.45e-05,0.0800162,-0.5843581,0.0108,0.0147,0.0178,0.0212,0.0241,0.0262,0.0288,0.0319,0.0353,0.0485
0.402,0.4539,0.9367,0.0455,0.1476,0.0779,0.0964,0.1142,0.1301,0.9711,0.9371,0.8024,0.0682,0.0846,0.0882,0.129244,0.03101245,0.00011282,-0.4101169,-0.2986563,0.0161,0.0219,0.0254,0.029,0.0318,0.0347,0.0373,0.0408,0.0442,0.0512
0.4011,0.4976,0.7387,0.0498,0.126,0.0655,0.0807,0.0939,0.1113,0.9603,0.9459,0.8715,0.0545,0.0679,0.0742,0.088031,0.01795397,7.08e-05,0.114776825,-0.9025005,0.0063,0.0097,0.0117,0.0147,0.0175,0.0209,0.0229,0.0259,0.0295,0.0391
0.4157,0.435,0.8508,0.0453,0.1446,0.0588,0.0811,0.1063,0.1215,0.9511,0.9292,0.9767,0.0844,0.0882,0.1,0.139201,0.024687559,7.83e-05,0.026365121,-0.2107355,0.0132,0.0164,0.02,0.0218,0.0248,0.0268,0.0296,0.0322,0.036,0.0522
0.4009,0.4552,0.9149,0.0495,0.1413,0.0677,0.0907,0.1005,0.1186,0.988,0.9385,0.8591,0.0573,0.059,0.0801,0.129809,0.02761085,9.25e-05,-0.293171,-0.5072159,0.0145,0.0202,0.0218,0.0251,0.0278,0.031,0.0346,0.0363,0.0399,0.0472
0.4112,0.4667,0.7497,0.0458,0.1425,0.0691,0.0826,0.1147,0.1288,0.9378,0.8736,0.9459,0.0551,0.059,0.0844,0.108039,0.02023468,7.81e-05,0.06697139,-0.7574539,0.0087,0.0115,0.0149,0.0173,0.0204,0.0228,0.0256,0.0281,0.0323,0.0406
0.4091,0.4493,0.7071,0.0394,0.1361,0.0577,0.0758,0.084,0.1169,0.8446,0.8439,0.9352,0.061,0.0643,0.0993,0.13412,0.017869612,5.66e-05,-0.032093448,-0.890951419,0.0064,0.0112,0.0139,0.0152,0.0177,0.0205,0.0221,0.0251,0.0275,0.0346
0.37,0.4057,0.5924,0.0482,0.1169,0.0608,0.0742,0.0855,0.0976,0.8694,0.931,0.9281,0.0616,0.0621,0.0846,0.216042,0.025148084,0.0001077,0.018768779,-0.7796825,0.0108,0.0152,0.019,0.0216,0.025,0.0273,0.0316,0.0351,0.0396,0.05
0.3728,0.4942,0.8334,0.0482,0.1129,0.0573,0.0739,0.0836,0.1024,0.982,0.9499,0.9769,0.0684,0.0697,0.0946,0.128549,0.0232167,8.48e-05,0.108244355,-0.5784363,0.0104,0.0145,0.0176,0.0208,0.0229,0.0253,0.0283,0.0315,0.0358,0.0472
0.4178,0.4256,0.5991,0.0449,0.1289,0.0788,0.0805,0.0952,0.1173,0.9281,0.9916,0.9286,0.0559,0.0864,0.0999,0.141884,0.021499702,9.09e-05,0.035893843,-0.8138604,0.0091,0.0121,0.0157,0.0192,0.0215,0.0246,0.0268,0.0306,0.0345,0.043
0.3595,0.4444,0.6715,0.0396,0.1216,0.0552,0.0567,0.0973,0.1074,0.9083,0.9677,0.8464,0.0765,0.0869,0.0933,0.186632,0.02149004,7.9e-05,0.0290999,-0.6454367,0.0104,0.0131,0.0153,0.0197,0.0212,0.024,0.026,0.0299,0.0331,0.0461
0.3963,0.4783,0.6293,0.0483,0.1269,0.063,0.0764,0.0958,0.1157,0.8541,0.9474,0.9589,0.0509,0.0514,0.0798,0.115799,0.018877755,7.57e-05,0.08350668,-0.8696552,0.0065,0.0105,0.0139,0.0157,0.0194,0.0211,0.0247,0.0264,0.0311,0.0403
0.4162,0.4794,0.9326,0.0467,0.1359,0.0587,0.0766,0.1044,0.1255,0.9994,0.9559,0.8813,0.0571,0.0638,0.0869,0.094008,0.022230915,6.28e-05,-0.2023618,-0.517163,0.0111,0.0151,0.0179,0.0203,0.0222,0.0251,0.0264,0.0299,0.0326,0.0403
0.3935,0.4874,0.7892,0.0462,0.1407,0.062,0.0846,0.1174,0.1175,0.9452,0.8338,0.9681,0.0701,0.0719,0.0891,0.114077,0.020550718,7.32e-05,0.184176216,-0.3425485,0.0098,0.0115,0.015,0.0176,0.021,0.0224,0.0258,0.0281,0.0315,0.0485
0.3691,0.4022,0.699,0.0391,0.1328,0.0538,0.0703,0.0967,0.1249,0.8242,0.9673,0.8498,0.0743,0.0842,0.0921,0.22097,0.024181388,8.13e-05,0.02598914,-0.5625228,0.0112,0.0153,0.0198,0.0218,0.0251,0.0264,0.0296,0.0325,0.0356,0.049
0.3929,0.4052,0.9467,0.0433,0.1139,0.049,0.0719,0.0806,0.0944,0.8782,0.8956,0.888,0.0684,0.0876,0.0934,0.193617,0.030304034,0.00011034,-0.3399314,-0.1924958,0.0147,0.022,0.0247,0.0283,0.0315,0.0338,0.0363,0.0393,0.0431,0.0566
0.3628,0.48,0.7363,0.0463,0.1271,0.0609,0.0694,0.0963,0.1064,0.9842,0.9519,0.9335,0.0754,0.0764,0.0979,0.148278,0.022629776,9.95e-05,0.269947292,-0.2642796,0.0106,0.0145,0.0168,0.0206,0.0222,0.0258,0.0273,0.0313,0.0364,0.055
0.4131,0.48,0.9171,0.0461,0.1474,0.0757,0.0885,0.1105,0.1205,0.8554,0.927,0.9843,0.0525,0.0735,0.0749,0.092236,0.02384238,7.22e-05,-0.2012638,-0.5576782,0.0117,0.0156,0.02,0.0213,0.024,0.0266,0.0287,0.0317,0.0352,0.0415
0.3894,0.4038,0.8287,0.0402,0.1254,0.0548,0.0664,0.0834,0.1137,0.9578,0.8511,0.9029,0.0756,0.0782,0.0914,0.200579,0.02550289,7.07e-05,-0.2527315,-0.3913996,0.0139,0.0185,0.0209,0.0238,0.0255,0.0279,0.031,0.0332,0.0358,0.0464
0.4073,0.4341,0.7934,0.0359,0.1414,0.0716,0.0951,0.1052,0.1341,0.8736,0.8663,0.9797,0.054,0.0717,0.0893,0.144217,0.023935722,8.02e-05,-0.0303523,-0.6888347,0.0122,0.0149,0.0195,0.021,0.0239,0.0259,0.0297,0.0323,0.0355,0.0461
0.4108,0.4759,0.7165,0.0427,0.1299,0.0574,0.0912,0.0973,0.1231,0.9211,0.838,0.9077,0.0527,0.06,0.0879,0.104599,0.017598088,6.34e-05,0.07701923,-0.9072871,0.0063,0.0103,0.0113,0.0153,0.017,0.0201,0.022,0.025,0.0283,0.0367
0.3831,0.4591,0.511,0.0449,0.1326,0.0664,0.0795,0.0799,0.1219,0.8404,0.9355,0.8159,0.053,0.0578,0.0855,0.147401,0.01957758,7.51e-05,-0.0026755,-0.9235679,0.0067,0.0108,0.0142,0.0164,0.0207,0.022,0.0248,0.0274,0.0315,0.0394
0.4124,0.4597,0.8887,0.0447,0.1326,0.0672,0.0902,0.0972,0.1107,0.9136,0.9287,0.9739,0.0614,0.0709,0.0746,0.114855,0.02399402,7.34e-05,-0.1061509,-0.5239061,0.0123,0.0161,0.0204,0.0218,0.0245,0.0259,0.0292,0.032,0.0352,0.0433
0.3927,0.439,0.8474,0.0413,0.1201,0.0601,0.0772,0.0896,0.0963,0.8526,0.9679,0.9563,0.06,0.0783,0.0812,0.159504,0.024247274,6.76e-05,-0.2402362,-0.5533662,0.0126,0.0163,0.0205,0.0219,0.0248,0.0266,0.0295,0.0323,0.0348,0.043
0.3651,0.4818,0.9229,0.036,0.1238,0.0585,0.0616,0.0809,0.1101,0.8592,0.8621,0.8669,0.0775,0.0934,0.0961,0.144667,0.027502615,0.00010697,0.1171961,-0.0201779,0.0139,0.0188,0.0217,0.0248,0.0272,0.0302,0.0335,0.0362,0.0404,0.0585
0.3817,0.4416,0.7227,0.0497,0.1298,0.0734,0.0865,0.1004,0.1167,0.9299,0.8108,0.9927,0.0502,0.0512,0.0933,0.16716,0.025424462,0.00010627,-0.0250529,-0.8469855,0.0105,0.0149,0.0199,0.0219,0.0251,0.0282,0.032,0.0353,0.0397,0.0464
0.4097,0.4884,0.511,0.0486,0.1242,0.0611,0.0917,0.0921,0.1096,0.8048,0.9958,0.9995,0.055,0.0951,0.0989,0.092071,0.01695249,5.87e-05,0.034866782,-0.9307492,0.0061,0.0106,0.012,0.0149,0.0166,0.0203,0.0215,0.025,0.0268,0.0354
0.4134,0.4706,0.9375,0.0484,0.1209,0.0571,0.0634,0.0891,0.1157,0.8961,0.9553,0.869,0.0681,0.0699,0.0909,0.109106,0.022463746,5.81e-05,-0.3727644,-0.4209655,0.0112,0.0151,0.0193,0.0212,0.0228,0.0255,0.0268,0.0294,0.0318,0.0391
0.3505,0.4286,0.5418,0.0493,0.1456,0.0668,0.0829,0.1163,0.1332,0.8329,0.8812,0.9589,0.0567,0.0833,0.0873,0.204984,0.026438641,0.00012695,0.0188765,-0.6791601,0.0112,0.016,0.0203,0.0243,0.0265,0.03,0.0332,0.0362,0.041,0.0532
0.3854,0.4942,0.6729,0.0434,0.1289,0.0608,0.0818,0.1014,0.1166,0.974,0.9252,0.8917,0.0738,0.0902,0.0967,0.110706,0.02011437,8.84e-05,0.170639622,-0.7175682,0.0069,0.0115,0.0152,0.0166,0.0198,0.0222,0.0257,0.0287,0.0323,0.0442
0.3993,0.4243,0.8433,0.0465,0.1161,0.0524,0.0733,0.0884,0.1101,0.8872,0.8202,0.819,0.0582,0.0636,0.0742,0.1699,0.02361269,6.41e-05,-0.2181151,-0.4984574,0.0123,0.016,0.0201,0.0215,0.0242,0.0257,0.0282,0.0311,0.034,0.0427
0.4153,0.4484,0.8066,0.0355,0.1303,0.0573,0.0815,0.0937,0.1008,0.8882,0.98,0.9481,0.0739,0.0969,0.0988,0.129764,0.020026036,6.05e-05,0.00043164,-0.6837876,0.0097,0.0121,0.0151,0.0177,0.0199,0.0218,0.0249,0.0266,0.0305,0.04
0.3524,0.4217,0.8208,0.0404,0.1146,0.0667,0.078,0.0871,0.1027,0.9608,0.9858,0.9021,0.0747,0.0759,0.0925,0.216885,0.03163387,0.00011189,-0.2198228,-0.4350237,0.0172,0.022,0.0256,0.0293,0.0323,0.0353,0.0376,0.0415,0.0458,0.0583
0.3765,0.4474,0.8644,0.048,0.1251,0.0575,0.08,0.0911,0.1152,0.8391,0.9131,0.8454,0.0534,0.0672,0.0691,0.167559,0.02754047,9.32e-05,-0.0859609,-0.3104217,0.0157,0.0203,0.022,0.0257,0.0271,0.0308,0.0332,0.0364,0.0401,0.0548
0.3768,0.4893,0.5935,0.0464,0.125,0.0533,0.0807,0.1,0.1083,0.8062,0.9175,0.9775,0.0525,0.0702,0.0982,0.127746,0.018224499,7.21e-05,0.235910913,-0.5923494,0.0065,0.0107,0.0124,0.0156,0.0177,0.0207,0.0227,0.0254,0.0299,0.0427
0.3518,0.4917,0.9139,0.0482,0.139,0.0821,0.0959,0.1028,0.1188,0.9029,0.8491,0.9887,0.0577,0.0605,0.0868,0.142346,0.0323153,0.00012256,-0.3586284,-0.4967921,0.0171,0.0224,0.0259,0.0297,0.0332,0.0359,0.0394,0.0428,0.0465,0.0524
0.3836,0.4032,0.949,0.0466,0.1245,0.0572,0.0801,0.0961,0.1046,0.9923,0.8674,0.839,0.0599,0.0819,0.0839,0.205536,0.030257626,0.00010016,-0.5586538,-0.138407,0.0155,0.0219,0.0256,0.0289,0.0316,0.0343,0.0363,0.0391,0.0421,0.0497
0.4109,0.4366,0.9003,0.0498,0.1296,0.0638,0.0837,0.0941,0.1217,0.9331,0.8215,0.802,0.064,0.067,0.0858,0.140093,0.02518342,7.28e-05,-0.3611404,-0.4637993,0.0146,0.0175,0.021,0.0239,0.0256,0.0278,0.031,0.0333,0.0357,0.043
0.4131,0.4017,0.7687,0.042,0.1433,0.0586,0.0737,0.1044,0.1178,0.9103,0.8883,0.8816,0.0729,0.0752,0.0992,0.176471,0.02506764,8.51e-05,-0.0310345,-0.6792357,0.0117,0.0157,0.0207,0.0223,0.0255,0.0269,0.0306,0.0336,0.0374,0.049
0.3864,0.4114,0.584,0.0498,0.1342,0.0572,0.0668,0.0878,0.1195,0.8173,0.9784,0.9237,0.0751,0.0923,0.0939,0.196712,0.02173748,8.03e-05,-0.0970829,-0.8308156,0.0101,0.0129,0.0163,0.0195,0.0218,0.0256,0.0275,0.0308,0.0333,0.0447
0.3754,0.4066,0.8177,0.0353,0.1428,0.0532,0.0864,0.0881,0.1229,0.9826,0.8467,0.8708,0.0713,0.0766,0.0981,0.210971,0.02657542,8.21e-05,-0.1841545,-0.5229878,0.0143,0.0198,0.0213,0.0245,0.0261,0.0297,0.0318,0.0353,0.0388,0.0472
0.4071,0.4469,0.6084,0.0374,0.1339,0.0571,0.0841,0.0866,0.1083,0.9916,0.8989,0.8173,0.0551,0.0698,0.0937,0.138254,0.01721962,5.79e-05,0.023942087,-0.8949407,0.0062,0.0108,0.0122,0.0149,0.0167,0.0205,0.0214,0.0248,0.0268,0.035
0.4085,0.4323,0.7579,0.0455,0.1389,0.0601,0.0915,0.0946,0.127,0.8312,0.9342,0.8372,0.0607,0.0718,0.0984,0.149796,0.022154723,7.48e-05,0.023537102,-0.7085348,0.0109,0.0148,0.0164,0.0204,0.0217,0.0246,0.0266,0.0305,0.0338,0.0427
0.3739,0.4195,0.813,0.0435,0.1146,0.0607,0.0666,0.0841,0.1019,0.9294,0.9602,0.9246,0.0785,0.0796,0.0989,0.197644,0.027146494,8.24e-05,-0.2246858,-0.4499332,0.0145,0.0201,0.0217,0.025,0.0273,0.0305,0.0322,0.0356,0.0386,0.0472
0.3664,0.4263,0.8599,0.0481,0.1337,0.062,0.0802,0.1032,0.119,0.8056,0.9378,0.8004,0.0592,0.0637,0.0647,0.198946,0.02879153,8.53e-05,-0.4323403,-0.3209201,0.0157,0.0209,0.0243,0.0266,0.0298,0.0318,0.0349,0.0367,0.0403,0.0469
0.3708,0.4518,0.6307,0.0372,0.1274,0.0549,0.0735,0.0956,0.1078,0.8185,0.9451,0.9785,0.0749,0.0807,0.0879,0.171885,0.02081554,8.24e-05,0.054344606,-0.7378262,0.0092,0.012,0.0156,0.0183,0.0213,0.0241,0.0257,0.0297,0.033,0.0433
0.4051,0.4116,0.8213,0.0468,0.1397,0.0627,0.0796,0.1034,0.1082,0.8851,0.9678,0.8682,0.0502,0.0535,0.0992,0.175409,0.025459829,7.25e-05,-0.2407567,-0.4879409,0.014,0.0179,0.0209,0.0238,0.0255,0.0283,0.0309,0.0331,0.0363,0.0472
0.385,0.4319,0.5964,0.0416,0.1201,0.0588,0.0711,0.0946,0.0979,0.9282,0.8967,0.9847,0.0645,0.0766,0.0902,0.173792,0.020929785,7.9e-05,-0.0577852,-0.7992956,0.0092,0.0121,0.0157,0.019,0.0214,0.0243,0.026,0.0292,0.0329,0.043
0.3873,0.4039,0.8466,0.0355,0.1222,0.0483,0.0803,0.086,0.1101,0.9946,0.8259,0.8055,0.0721,0.0773,0.0941,0.202015,0.023103735,6.13e-05,-0.2104052,-0.425121,0.012,0.0156,0.02,0.0211,0.0235,0.0256,0.0269,0.0305,0.0331,0.0418
0.4157,0.4832,0.5862,0.0405,0.1161,0.0469,0.0736,0.0865,0.1056,0.8372,0.8613,0.8403,0.0708,0.0734,0.077,0.094259,0.015077309,4.99e-05,0.227662457,-0.7881296,0.0058,0.0092,0.0107,0.0118,0.0151,0.0159,0.0199,0.0212,0.0248,0.0324
0.3835,0.4815,0.6186,0.041,0.1243,0.0543,0.0828,0.0918,0.1125,0.8427,0.8377,0.8066,0.0798,0.0929,0.0958,0.12748,0.01977121,8.12e-05,0.105891807,-0.7089528,0.0068,0.0113,0.015,0.0166,0.0205,0.022,0.0251,0.0276,0.0318,0.043
0.3565,0.4377,0.6372,0.0485,0.1359,0.0646,0.0771,0.1023,0.1225,0.8151,0.9918,0.826,0.0527,0.0562,0.0969,0.192719,0.023307684,9.09e-05,-0.0048992,-0.7294422,0.0104,0.0145,0.0171,0.0214,0.0234,0.0259,0.0292,0.0323,0.0358,0.0495
0.3596,0.4037,0.9224,0.0472,0.1485,0.0641,0.0945,0.0992,0.135,0.9338,0.8915,0.8327,0.0717,0.0926,0.0962,0.220082,0.038566818,0.0001761,-0.2607468,-0.1355843,0.0204,0.0271,0.0326,0.0358,0.0392,0.0428,0.0462,0.05,0.0546,0.0695
0.3932,0.4398,0.543,0.0493,0.1395,0.0715,0.0819,0.117,0.1226,0.9923,0.8165,0.8878,0.0566,0.0935,0.0941,0.157367,0.02155507,9.19e-05,0.0099224,-0.8540382,0.009,0.012,0.0157,0.0195,0.0216,0.0247,0.0269,0.031,0.0344,0.043
0.365,0.4154,0.92,0.0438,0.118,0.0516,0.0688,0.0892,0.0989,0.8468,0.8976,0.8477,0.067,0.0793,0.081,0.215249,0.030454193,0.0001039,-0.3110155,-0.1121414,0.0169,0.0221,0.026,0.0276,0.0309,0.0342,0.0365,0.0401,0.0434,0.055
0.3903,0.4506,0.8258,0.0455,0.1216,0.06,0.0793,0.0861,0.1135,0.8615,0.9928,0.8118,0.061,0.0769,0.0949,0.152438,0.02197444,6e-05,-0.14534,-0.6749918,0.0109,0.0144,0.0168,0.0207,0.0219,0.0248,0.0264,0.0292,0.0319,0.0391
0.3986,0.4279,0.6398,0.0357,0.1347,0.0503,0.0847,0.0898,0.1115,0.8836,0.9001,0.9121,0.0517,0.0579,0.0983,0.164924,0.020472746,8.36e-05,0.235004254,-0.3858563,0.0096,0.0113,0.015,0.0175,0.0199,0.0227,0.0254,0.0283,0.0328,0.0497
0.3911,0.4259,0.5882,0.038,0.1471,0.0605,0.0769,0.1095,0.1229,0.908,0.8808,0.8449,0.0737,0.0902,0.0939,0.171286,0.02254569,0.0001003,0.07971196,-0.709035,0.0098,0.0131,0.0158,0.0208,0.0226,0.0253,0.0282,0.0317,0.0356,0.0495
0.3535,0.4962,0.838,0.0409,0.1126,0.0631,0.0753,0.0966,0.0998,0.8584,0.9536,0.9664,0.0538,0.0674,0.0712,0.143197,0.024522999,8.54e-05,-0.0177909,-0.724095,0.0122,0.0149,0.0195,0.0216,0.0245,0.0266,0.03,0.033,0.0369,0.0453
0.4152,0.4656,0.5638,0.0439,0.1436,0.0667,0.083,0.1098,0.1227,0.86,0.8213,0.8641,0.051,0.0627,0.0721,0.10533,0.019361308,8.81e-05,0.265242581,-0.6252903,0.0067,0.0103,0.0138,0.0159,0.0197,0.0217,0.0252,0.0278,0.0323,0.0482
0.3533,0.4867,0.835,0.0393,0.1291,0.0633,0.0773,0.0807,0.1127,0.9195,0.9131,0.8283,0.0636,0.0866,0.0897,0.148952,0.025522237,0.00010046,0.18281628,-0.4526604,0.0118,0.0161,0.0197,0.0223,0.0249,0.0279,0.0312,0.0344,0.0385,0.0512
0.394,0.4343,0.8563,0.043,0.1238,0.0672,0.0759,0.0942,0.1,0.8674,0.8735,0.9349,0.0606,0.0718,0.0883,0.164578,0.027273,8.4e-05,-0.2965462,-0.5212196,0.0156,0.0195,0.022,0.0257,0.0269,0.0303,0.0329,0.0362,0.0393,0.045
0.3784,0.4246,0.5656,0.0463,0.117,0.0649,0.071,0.0946,0.1038,0.9049,0.8631,0.9854,0.0519,0.0579,0.0908,0.189248,0.02215937,8.57e-05,-0.1034611,-0.8283932,0.0098,0.0135,0.0162,0.0204,0.022,0.0251,0.0273,0.0311,0.0344,0.0427
0.3734,0.4693,0.8846,0.0371,0.1151,0.0561,0.0666,0.0834,0.0972,0.8595,0.8689,0.8632,0.0641,0.0718,0.0866,0.149359,0.0247098,7.68e-05,-0.0283828,-0.2940637,0.014,0.0163,0.0211,0.0225,0.0247,0.0266,0.0298,0.0325,0.0359,0.0495
0.4161,0.4565,0.6313,0.0391,0.1471,0.0669,0.0904,0.1144,0.1152,0.9724,0.8255,0.8716,0.0774,0.0833,0.0985,0.117985,0.018287332,7e-05,0.103865377,-0.8286245,0.0065,0.0104,0.0131,0.0153,0.0182,0.0206,0.0239,0.0259,0.0298,0.0403
0.3821,0.4305,0.9397,0.0489,0.1349,0.0689,0.0785,0.102,0.1177,0.9459,0.8588,0.8501,0.0533,0.0537,0.0784,0.178876,0.03347933,0.00011798,-0.6071226,-0.1665854,0.0194,0.0247,0.0285,0.0317,0.0347,0.0374,0.0409,0.0433,0.0466,0.0524
0.4097,0.4917,0.5778,0.0398,0.1331,0.0565,0.0666,0.0934,0.1241,0.929,0.9882,0.9507,0.0541,0.0636,0.0796,0.087301,0.01539369,5.05e-05,0.187831184,-0.8199147,0.0059,0.0096,0.0112,0.0132,0.0157,0.0169,0.0197,0.0215,0.0257,0.0335
0.4184,0.4865,0.6791,0.0351,0.1228,0.0414,0.0616,0.0972,0.1012,0.8928,0.944,0.9278,0.062,0.067,0.0892,0.084447,0.013129652,3.74e-05,0.288202477,-0.7897361,0.0055,0.0061,0.0105,0.0115,0.0125,0.0151,0.0158,0.0195,0.0211,0.0292
0.3551,0.4791,0.7549,0.0373,0.1392,0.0591,0.063,0.0971,0.1258,0.9383,0.8742,0.9712,0.0718,0.0839,0.0981,0.156806,0.023175639,9.86e-05,0.206060551,-0.5296276,0.0105,0.0146,0.0168,0.0201,0.0228,0.0251,0.0283,0.0319,0.0368,0.051
0.3974,0.4421,0.8583,0.0389,0.1473,0.0622,0.0738,0.1022,0.133,0.9179,0.9831,0.8084,0.077,0.0779,0.0874,0.147727,0.02423294,7.29e-05,-0.1595632,-0.6216823,0.0122,0.016,0.0204,0.0215,0.0244,0.0262,0.0297,0.0321,0.0358,0.0424
0.3801,0.4969,0.8794,0.038,0.1346,0.0686,0.0822,0.0844,0.1176,0.8699,0.9423,0.8996,0.0888,0.093,0.0954,0.112672,0.023118201,7.48e-05,0.100855227,-0.452022,0.012,0.0159,0.0184,0.0205,0.0226,0.0258,0.0269,0.0305,0.0356,0.045
0.4044,0.4361,0.726,0.04,0.1248,0.0654,0.0671,0.0938,0.1131,0.8795,0.9009,0.8225,0.0931,0.0939,0.0992,0.154925,0.02159173,7.46e-05,-0.0600602,-0.8427155,0.01,0.0139,0.0159,0.0196,0.0214,0.0249,0.0263,0.0302,0.0333,0.0403
0.411,0.4365,0.6111,0.0434,0.1216,0.0539,0.0744,0.0848,0.1042,0.9888,0.8679,0.977,0.0632,0.0683,0.0972,0.146693,0.01809677,6.49e-05,0.020858682,-0.8929992,0.0064,0.0102,0.0132,0.015,0.0183,0.0211,0.023,0.0258,0.0286,0.0391
0.3546,0.4378,0.7269,0.047,0.1243,0.0613,0.0803,0.0934,0.0999,0.9471,0.8089,0.8753,0.0513,0.0553,0.0568,0.203195,0.026130306,9.94e-05,0.037929954,-0.6899231,0.0124,0.0162,0.02,0.0228,0.0256,0.029,0.0321,0.0355,0.0403,0.0515
0.3696,0.4369,0.6223,0.0481,0.1243,0.0593,0.0925,0.0943,0.1122,0.8118,0.9477,0.8047,0.0541,0.0549,0.0767,0.186876,0.021897328,8.3e-05,0.0788916,-0.606881,0.0098,0.0135,0.0159,0.0201,0.0216,0.0246,0.0268,0.0302,0.0344,0.0469
0.3564,0.4876,0.7565,0.0385,0.1333,0.0547,0.0818,0.0896,0.1117,0.9564,0.826,0.9845,0.0508,0.0658,0.0904,0.148932,0.02145181,8.2e-05,0.142173801,-0.5459525,0.0099,0.0125,0.0152,0.0191,0.0215,0.0248,0.0267,0.0295,0.0335,0.0485
0.3932,0.4228,0.9287,0.0499,0.1401,0.0742,0.0859,0.0959,0.1186,0.8864,0.9242,0.9131,0.0572,0.0689,0.0992,0.167237,0.03464944,0.0001386,-0.4088804,-0.2841316,0.019,0.0249,0.0291,0.033,0.036,0.039,0.0419,0.0454,0.0496,0.0589
0.364,0.4615,0.8455,0.0375,0.1191,0.0503,0.0677,0.0824,0.1041,0.8014,0.831,0.983,0.0502,0.0759,0.0839,0.170249,0.021504592,5.6e-05,-0.1560319,-0.5533287,0.0109,0.0145,0.0168,0.0207,0.0218,0.0241,0.0255,0.028,0.0314,0.0394
0.3715,0.422,0.5467,0.0388,0.1128,0.0477,0.0723,0.079,0.0985,0.986,0.8201,0.9305,0.0731,0.0761,0.0861,0.200302,0.01985642,8.18e-05,0.298067198,-0.2052198,0.0072,0.0111,0.0147,0.0164,0.0195,0.0218,0.0249,0.0272,0.0317,0.05
0.4113,0.4838,0.6133,0.0441,0.1123,0.0583,0.0716,0.0758,0.1042,0.8969,0.9082,0.9189,0.0705,0.0941,0.0973,0.096909,0.01698624,6.05e-05,0.124658436,-0.8306543,0.0061,0.0101,0.011,0.0148,0.0158,0.0205,0.0217,0.0243,0.0274,0.0361
0.4092,0.4862,0.9305,0.0378,0.121,0.0517,0.0614,0.0895,0.1094,0.9857,0.8779,0.9012,0.0613,0.0815,0.0863,0.099842,0.01930253,4.57e-05,-0.2086645,-0.501679,0.0109,0.0142,0.0154,0.0175,0.0204,0.0214,0.0234,0.0256,0.0275,0.0354
0.4199,0.4681,0.7934,0.0432,0.1258,0.0625,0.0726,0.0896,0.1084,0.8565,0.9256,0.9962,0.053,0.0574,0.0645,0.103318,0.016571232,4.65e-05,0.012299926,-0.8149847,0.0063,0.0104,0.0116,0.015,0.0163,0.0199,0.021,0.0226,0.0256,0.032
0.3674,0.4545,0.5324,0.0372,0.1197,0.0502,0.0608,0.0944,0.1054,0.9626,0.9458,0.993,0.0552,0.0755,0.0922,0.172633,0.020558426,9.12e-05,0.292953114,-0.1627166,0.0074,0.0117,0.0157,0.0174,0.0211,0.0228,0.0262,0.0288,0.0328,0.055
0.3948,0.4204,0.6402,0.0414,0.1334,0.0564,0.0831,0.0907,0.1158,0.962,0.999,0.8798,0.0606,0.0716,0.0893,0.177046,0.021180017,7.72e-05,0.03781943,-0.7517745,0.0098,0.0121,0.0154,0.0197,0.0209,0.0235,0.0265,0.0292,0.0331,0.0415
0.4191,0.4804,0.9495,0.0475,0.12,0.0642,0.0883,0.0951,0.1102,0.9774,0.9408,0.8972,0.0662,0.0791,0.0932,0.092351,0.023744339,7.18e-05,-0.196608,-0.3765883,0.0118,0.0159,0.0202,0.0214,0.0241,0.026,0.028,0.0314,0.0352,0.0418
0.3747,0.4174,0.7079,0.0359,0.1236,0.0501,0.0689,0.0877,0.1101,0.8216,0.9681,0.8881,0.0563,0.0608,0.0763,0.201612,0.02135811,6.38e-05,0.00141357,-0.6104584,0.0106,0.0144,0.0163,0.0197,0.0212,0.0246,0.0259,0.0287,0.0319,0.0406
0.4105,0.4386,0.7357,0.0459,0.1278,0.0589,0.074,0.0955,0.1157,0.9442,0.8288,0.8503,0.0525,0.0685,0.0933,0.142862,0.019595222,6.39e-05,-0.0014833,-0.8115705,0.009,0.0112,0.0142,0.0163,0.0203,0.0216,0.0244,0.0271,0.0305,0.0384
0.3976,0.4298,0.9073,0.0455,0.1209,0.0584,0.0803,0.0826,0.0931,0.8759,0.9828,0.865,0.0518,0.0784,0.0966,0.164143,0.025889451,7.18e-05,-0.4993152,-0.2903637,0.0149,0.0193,0.0216,0.0246,0.0264,0.0294,0.0317,0.0337,0.0359,0.043
0.3877,0.4957,0.7406,0.0481,0.1334,0.0657,0.083,0.0921,0.1234,0.8526,0.8698,0.9077,0.0717,0.0895,0.094,0.107608,0.01960181,8.49e-05,0.219276544,-0.7731156,0.0068,0.0112,0.0147,0.0161,0.0198,0.0216,0.0247,0.0278,0.033,0.043
0.3711,0.4446,0.9232,0.048,0.143,0.0665,0.0907,0.1016,0.1162,0.8353,0.8395,0.9305,0.0695,0.0705,0.0756,0.176988,0.032521147,0.00012154,-0.2926888,-0.1972122,0.0184,0.0239,0.0267,0.0303,0.034,0.0362,0.0395,0.0422,0.0463,0.0587
0.3925,0.488,0.714,0.0387,0.1442,0.0562,0.087,0.115,0.1194,0.8344,0.9161,0.8768,0.0546,0.0724,0.0759,0.11083,0.01825911,7.1e-05,0.191276685,-0.7433159,0.0064,0.0101,0.0126,0.0147,0.0176,0.0207,0.0228,0.0258,0.0302,0.0384
0.3708,0.4856,0.559,0.0351,0.1494,0.0591,0.0763,0.1106,0.1401,0.9311,0.9789,0.8803,0.0571,0.0701,0.0725,0.12843,0.02047636,9.17e-05,0.146251712,-0.7775064,0.0069,0.0116,0.0153,0.0167,0.02,0.0231,0.026,0.0292,0.0342,0.0442
0.4085,0.4409,0.7604,0.0436,0.1195,0.0542,0.0736,0.0819,0.1051,0.8281,0.9347,0.9098,0.0657,0.0723,0.0888,0.142824,0.01935959,5.92e-05,0.037624385,-0.6489425,0.0091,0.0113,0.0142,0.0162,0.0201,0.0214,0.0238,0.0263,0.0294,0.0384
0.4187,0.4012,0.8518,0.0444,0.1481,0.0738,0.0917,0.1068,0.1215,0.864,0.9156,0.9067,0.0646,0.0799,0.0987,0.162037,0.02978765,0.0001078,-0.1242978,-0.4210815,0.0153,0.0212,0.024,0.0269,0.0301,0.0328,0.0354,0.0387,0.0431,0.0559
0.3817,0.4954,0.5567,0.045,0.1236,0.0629,0.0745,0.0907,0.1111,0.8586,0.8713,0.9438,0.057,0.0714,0.0814,0.113228,0.01852353,7.37e-05,0.138849536,-0.7996526,0.0065,0.0104,0.0136,0.0154,0.0188,0.0206,0.0244,0.0261,0.0306,0.0403
0.3809,0.4792,0.727,0.0359,0.1129,0.0599,0.0641,0.0847,0.0907,0.8516,0.9687,0.8623,0.0515,0.0639,0.0781,0.133797,0.017776686,6.02e-05,0.08111725,-0.8321544,0.0064,0.0112,0.0125,0.0152,0.0172,0.0205,0.022,0.0254,0.0282,0.0354
0.3937,0.4844,0.8442,0.0466,0.1396,0.0664,0.0851,0.1009,0.1083,0.8648,0.9655,0.9452,0.0691,0.092,0.0931,0.117668,0.022621994,7.01e-05,0.01422078,-0.5805354,0.0118,0.0142,0.0175,0.0204,0.0223,0.0248,0.0268,0.0303,0.034,0.0453
0.3513,0.4469,0.5237,0.0431,0.1457,0.0568,0.09,0.1071,0.1307,0.9681,0.8892,0.9875,0.0715,0.0719,0.082,0.185982,0.024625708,0.00012098,0.07486629,-0.762511,0.0104,0.0147,0.0178,0.0207,0.0244,0.0273,0.0313,0.0351,0.0402,0.0515
0.3905,0.4286,0.6155,0.0458,0.117,0.0617,0.0842,0.0863,0.1032,0.9888,0.9714,0.8068,0.0547,0.091,0.0999,0.173948,0.02150201,8.13e-05,-0.0484995,-0.8059256,0.0094,0.0129,0.0158,0.0197,0.0215,0.025,0.0265,0.0304,0.0337,0.0406
0.3598,0.4227,0.5912,0.0472,0.1132,0.059,0.0753,0.0824,0.1002,0.803,0.8197,0.9458,0.0691,0.0717,0.0784,0.211633,0.022536769,8.56e-05,-0.0275541,-0.7119556,0.0109,0.0136,0.0164,0.0202,0.0224,0.0249,0.0275,0.0313,0.0344,0.0461
0.3663,0.4901,0.7653,0.0496,0.1309,0.0669,0.0776,0.095,0.111,0.9665,0.9459,0.9805,0.0517,0.069,0.0904,0.133624,0.02435903,0.00011982,0.350034998,-0.3058953,0.0109,0.0153,0.0174,0.0211,0.0247,0.0265,0.0305,0.0343,0.0395,0.0541
0.3877,0.4499,0.71,0.0498,0.1394,0.0626,0.1047,0.1086,0.1282,0.928,0.8297,0.811,0.0552,0.058,0.0991,0.15471,0.023772837,0.00010201,0.118732911,-0.7541357,0.0105,0.0145,0.0171,0.0214,0.0232,0.026,0.03,0.0335,0.0373,0.0495
0.4162,0.4804,0.8047,0.0353,0.1363,0.0531,0.0668,0.0965,0.1175,0.994,0.9249,0.9135,0.0544,0.0682,0.0749,0.094351,0.015558693,4.6e-05,0.143165851,-0.7485938,0.006,0.01,0.0114,0.0147,0.0158,0.0173,0.0197,0.0212,0.0255,0.0335
0.3743,0.4045,0.9355,0.0486,0.1233,0.0585,0.0855,0.0967,0.1083,0.8756,0.852,0.923,0.0715,0.0729,0.0791,0.212574,0.034795736,0.00015149,-0.2860587,-0.2721127,0.0192,0.0255,0.0283,0.0323,0.0351,0.039,0.0418,0.0459,0.0497,0.0616
0.3787,0.4163,0.5934,0.0351,0.149,0.0498,0.0889,0.1057,0.1331,0.8908,0.9646,0.8585,0.0841,0.0871,0.0954,0.187698,0.02216855,9.83e-05,0.192148241,-0.5510723,0.0099,0.0126,0.0158,0.0192,0.0214,0.0246,0.027,0.0314,0.0357,0.05
0.3886,0.4252,0.6215,0.0366,0.1237,0.0516,0.0858,0.0966,0.097,0.9266,0.808,0.9356,0.0523,0.0941,0.0987,0.180722,0.020710962,7.99e-05,0.130652404,-0.4926661,0.0095,0.0112,0.0152,0.0193,0.0211,0.0236,0.0257,0.0285,0.0321,0.0477
0.3788,0.4923,0.738,0.0457,0.1236,0.0556,0.0743,0.0951,0.1113,0.9119,0.8076,0.991,0.0619,0.0652,0.0921,0.121835,0.018039228,6.62e-05,0.14327617,-0.7382973,0.0066,0.0104,0.0128,0.0153,0.0175,0.0204,0.0229,0.0258,0.0292,0.0406
0.3502,0.4341,0.9314,0.0413,0.1447,0.0624,0.09,0.0966,0.1279,0.9465,0.9572,0.8201,0.055,0.0577,0.07,0.202657,0.036808394,0.00017956,-0.0183928,0.06149759,0.0196,0.0262,0.0301,0.0334,0.0369,0.0401,0.0435,0.048,0.0532,0.0731
0.4195,0.4606,0.8144,0.045,0.1322,0.0509,0.0741,0.102,0.1098,0.9966,0.8002,0.8671,0.0691,0.078,0.0878,0.112351,0.01667552,4.41e-05,-0.0175733,-0.8015359,0.0069,0.0109,0.0122,0.0145,0.0162,0.0195,0.0206,0.0229,0.0256,0.0339
0.3571,0.4773,0.6286,0.041,0.1354,0.0557,0.0821,0.1051,0.1089,0.816,0.9305,0.8627,0.0648,0.0846,0.088,0.154508,0.021521201,9.73e-05,0.233647969,-0.4578503,0.0094,0.0113,0.0154,0.0192,0.0215,0.0248,0.0267,0.0299,0.0346,0.0482
0.3842,0.4974,0.8664,0.0467,0.1126,0.0512,0.0859,0.0864,0.0988,0.8434,0.9545,0.9932,0.0624,0.0767,0.0851,0.11332,0.02004343,5.48e-05,0.01655014,-0.4906981,0.0102,0.0139,0.0154,0.018,0.0201,0.0218,0.0248,0.0261,0.03,0.0403
0.3625,0.4433,0.6564,0.0463,0.1189,0.0589,0.0756,0.0923,0.1058,0.921,0.8893,0.8315,0.0523,0.0712,0.0976,0.187738,0.023703503,9.54e-05,-0.0115666,-0.7832651,0.0113,0.014,0.0179,0.0206,0.0239,0.0264,0.0299,0.0329,0.0367,0.0458
0.3847,0.4938,0.7661,0.0459,0.1264,0.0692,0.0828,0.0989,0.1036,0.8114,0.8296,0.8808,0.0509,0.0828,0.0975,0.116293,0.02081757,8.93e-05,0.23025168,-0.6400816,0.0094,0.0121,0.0156,0.0171,0.0202,0.0235,0.0263,0.0292,0.0349,0.0447
0.3711,0.4067,0.6396,0.0389,0.1339,0.0627,0.0854,0.0888,0.1063,0.9579,0.9686,0.8227,0.0554,0.0615,0.0886,0.217013,0.02564992,0.00010313,0.06306569,-0.6291662,0.0116,0.0162,0.0202,0.0222,0.0259,0.0285,0.0318,0.035,0.0393,0.0534
0.3861,0.4651,0.8368,0.0475,0.1349,0.072,0.0814,0.0987,0.1296,0.8078,0.8072,0.8822,0.063,0.0989,0.0993,0.140025,0.02657739,9.12e-05,-0.1187252,-0.6414448,0.0137,0.0179,0.0212,0.0244,0.0261,0.0297,0.0319,0.0357,0.0392,0.0472
0.3602,0.4278,0.5941,0.0498,0.1468,0.0688,0.0776,0.0972,0.1337,0.9449,0.9013,0.8257,0.0811,0.0818,0.0968,0.204929,0.026888073,0.00012219,-0.0635994,-0.8279123,0.0112,0.016,0.02,0.0237,0.0267,0.0306,0.0342,0.0373,0.0417,0.0502
0.3569,0.4731,0.7117,0.0411,0.1232,0.0616,0.0774,0.0884,0.0907,0.8482,0.8687,0.9921,0.0503,0.0734,0.0899,0.1653,0.022062682,8.92e-05,0.132052689,-0.5983523,0.0098,0.0135,0.0158,0.0203,0.0217,0.0249,0.027,0.0308,0.0352,0.0474
0.4087,0.4655,0.903,0.0396,0.1357,0.061,0.0776,0.1001,0.1075,0.8442,0.8172,0.9914,0.0534,0.0667,0.0708,0.119208,0.02113189,5.3e-05,-0.2944249,-0.5719967,0.0114,0.0148,0.0168,0.0203,0.0214,0.0244,0.0257,0.0274,0.0311,0.0354
0.391,0.4278,0.5479,0.0353,0.1333,0.0551,0.0725,0.0967,0.1197,0.9271,0.8213,0.9218,0.0503,0.0587,0.0771,0.171488,0.020320932,8.48e-05,0.09492702,-0.7954923,0.0075,0.0115,0.0152,0.0172,0.0208,0.0229,0.0255,0.0286,0.0332,0.043
0.4189,0.4661,0.8095,0.0376,0.1409,0.0618,0.073,0.0938,0.1211,0.9573,0.8411,0.8391,0.0616,0.0986,0.0989,0.102691,0.016945479,5.06e-05,0.03991702,-0.8869309,0.0063,0.0104,0.0116,0.0151,0.0165,0.0201,0.0212,0.024,0.0267,0.032
0.3798,0.4456,0.6633,0.0456,0.1478,0.0585,0.0801,0.1173,0.1237,0.8892,0.8257,0.9539,0.0625,0.0941,0.096,0.162086,0.022399937,9.89e-05,0.15283762,-0.6651965,0.0099,0.0129,0.0156,0.0205,0.0222,0.0256,0.0271,0.0318,0.0359,0.0492
0.3511,0.4954,0.8036,0.0391,0.1285,0.0561,0.0827,0.1026,0.1145,0.8612,0.8284,0.861,0.0557,0.0566,0.0853,0.142056,0.025730929,0.00012896,0.288899614,-0.5284624,0.0108,0.0143,0.0192,0.022,0.025,0.0276,0.0317,0.0362,0.0416,0.0555
0.3959,0.4697,0.5502,0.0426,0.1162,0.0526,0.0676,0.0899,0.1033,0.8553,0.8586,0.9785,0.0785,0.0992,0.0999,0.128398,0.016264099,5.1e-05,0.010478805,-0.9408114,0.006,0.0101,0.0117,0.0153,0.0162,0.019,0.0204,0.0229,0.026,0.0335
0.3807,0.4388,0.8566,0.0428,0.1295,0.0562,0.0764,0.1006,0.1181,0.9841,0.9171,0.9607,0.0561,0.0661,0.086,0.169801,0.027665788,9.75e-05,-0.0725505,-0.4586066,0.015,0.0193,0.0221,0.0247,0.0275,0.0307,0.0332,0.0364,0.041,0.0512
0.3982,0.4351,0.7058,0.0424,0.1112,0.0589,0.0606,0.08,0.101,0.8472,0.9476,0.9545,0.0595,0.0714,0.0895,0.160865,0.019993413,6.79e-05,0.00746777,-0.7805921,0.0092,0.0117,0.0149,0.0172,0.0201,0.022,0.0252,0.0273,0.0314,0.0403
0.3677,0.4614,0.9349,0.0466,0.1405,0.0626,0.0763,0.1068,0.1329,0.8362,0.993,0.9496,0.0588,0.0855,0.0906,0.16146,0.03049395,0.00010583,-0.4288193,-0.1943093,0.016,0.0214,0.0255,0.029,0.0315,0.0341,0.0363,0.0393,0.0429,0.0524
0.4133,0.466,0.7264,0.0432,0.1338,0.06,0.0826,0.0966,0.1168,0.8776,0.8707,0.8941,0.0778,0.0912,0.099,0.101988,0.01855769,7e-05,0.0762356,-0.7424003,0.0066,0.0106,0.0142,0.0155,0.0198,0.0209,0.0235,0.0263,0.0294,0.0415
0.3565,0.4784,0.667,0.0361,0.138,0.0533,0.0673,0.1053,0.1082,0.8068,0.9194,0.9205,0.0614,0.0825,0.0911,0.15657,0.02021325,7.96e-05,0.101235251,-0.7141504,0.0088,0.0115,0.0149,0.0173,0.0206,0.0224,0.0253,0.0281,0.0321,0.0418
0.3777,0.4076,0.6533,0.04,0.1179,0.0559,0.077,0.0863,0.0914,0.8581,0.842,0.9491,0.0572,0.0593,0.0727,0.208814,0.022173144,7.15e-05,-0.0498835,-0.7058815,0.0109,0.0148,0.0166,0.0206,0.0217,0.0246,0.0265,0.0301,0.0338,0.0424
0.3868,0.4856,0.844,0.0458,0.1412,0.0584,0.0715,0.0905,0.1189,0.8655,0.8186,0.8898,0.0565,0.0758,0.0769,0.121088,0.021783148,6.95e-05,0.05559541,-0.5965178,0.0109,0.0148,0.0162,0.0202,0.0215,0.0243,0.0261,0.0295,0.0328,0.0427
0.4151,0.4332,0.5381,0.0468,0.1135,0.0585,0.0729,0.0864,0.096,0.8764,0.8082,0.899,0.0663,0.0678,0.0769,0.145238,0.01878623,7.02e-05,-0.0022866,-0.9562208,0.0064,0.0105,0.0145,0.0157,0.0193,0.0207,0.0243,0.0264,0.0304,0.0364
0.3675,0.4387,0.7262,0.0363,0.1136,0.0515,0.0671,0.0936,0.1005,0.9785,0.9184,0.9669,0.0684,0.0847,0.0976,0.189164,0.023231969,8.32e-05,0.07861117,-0.4386888,0.0109,0.015,0.018,0.0206,0.0235,0.0254,0.0282,0.0313,0.0355,0.051
0.392,0.4637,0.7208,0.0497,0.1127,0.0599,0.0722,0.0916,0.097,0.8177,0.8906,0.8416,0.0692,0.0854,0.0941,0.136843,0.020370585,7.72e-05,0.0049663,-0.8460313,0.0089,0.0117,0.0149,0.0174,0.0205,0.0228,0.0262,0.0289,0.0318,0.0412
0.386,0.4438,0.8865,0.0419,0.1373,0.0475,0.079,0.0979,0.1231,0.8265,0.9768,0.9405,0.0596,0.085,0.0942,0.159878,0.02433061,7.25e-05,-0.1314049,-0.356466,0.0137,0.0167,0.0205,0.0221,0.0252,0.0268,0.0291,0.0317,0.0355,0.0482
0.3701,0.4069,0.6033,0.047,0.1368,0.0643,0.0918,0.099,0.1131,0.8038,0.8973,0.9043,0.0699,0.0731,0.0853,0.210668,0.0261672,0.00010854,0.032398932,-0.6113713,0.0118,0.0163,0.0204,0.0237,0.0262,0.0294,0.0325,0.0357,0.0399,0.0532
0.382,0.4823,0.5175,0.048,0.1212,0.0686,0.0779,0.0933,0.1101,0.9385,0.8165,0.8238,0.0506,0.0779,0.0831,0.131157,0.019532294,7.66e-05,0.020532412,-0.9122029,0.0066,0.0108,0.0141,0.0163,0.0206,0.0219,0.0248,0.0273,0.0315,0.0394
0.3525,0.4551,0.9219,0.0365,0.1374,0.0448,0.0639,0.0979,0.1082,0.8273,0.846,0.8168,0.0578,0.0692,0.073,0.176934,0.02767849,0.00010343,-0.0590321,-0.3184547,0.0153,0.02,0.0219,0.0254,0.0269,0.0308,0.0338,0.0361,0.0407,0.0539
0.353,0.4406,0.5508,0.0466,0.1309,0.0728,0.0845,0.0948,0.1035,0.9995,0.8969,0.9418,0.0559,0.0651,0.0655,0.200907,0.02658319,0.00014151,0.024175068,-0.873745,0.0109,0.0158,0.0203,0.023,0.0264,0.0303,0.0348,0.0378,0.0426,0.0543
0.3749,0.4449,0.6082,0.0496,0.1124,0.0696,0.0756,0.0831,0.0996,0.8928,0.9182,0.8571,0.0558,0.0789,0.0966,0.173787,0.02337426,9.94e-05,-0.0562846,-0.8375493,0.0104,0.0152,0.0169,0.0205,0.025,0.0264,0.0295,0.0326,0.0365,0.045
0.357,0.4596,0.6494,0.0447,0.1271,0.0616,0.0766,0.0891,0.1141,0.8701,0.982,0.8324,0.0664,0.0734,0.0838,0.176041,0.022069503,8.65e-05,-0.047786,-0.8744905,0.0098,0.0123,0.0157,0.0202,0.0216,0.0251,0.0271,0.0313,0.035,0.0418
0.372,0.443,0.5899,0.0369,0.1178,0.0543,0.0708,0.0728,0.1073,0.9065,0.8624,0.9829,0.0536,0.0697,0.0882,0.177556,0.01968194,7.54e-05,0.05997734,-0.7449662,0.0074,0.0115,0.015,0.0167,0.0205,0.022,0.0249,0.0272,0.0316,0.043
0.409,0.4823,0.6034,0.037,0.1271,0.0537,0.0745,0.1015,0.1032,0.8874,0.9811,0.912,0.0504,0.0641,0.0889,0.102131,0.01633424,5.8e-05,0.165770925,-0.8730659,0.006,0.0101,0.0116,0.0142,0.0154,0.0183,0.0207,0.0239,0.0265,0.0346
0.3554,0.491,0.7079,0.0461,0.1345,0.0565,0.0855,0.0977,0.1172,0.8251,0.9749,0.8013,0.0817,0.0959,0.0989,0.140548,0.02020566,8.27e-05,0.214079684,-0.4360187,0.0094,0.011,0.0145,0.0166,0.0207,0.0222,0.0257,0.0284,0.0321,0.0485
0.3711,0.4687,0.8527,0.0409,0.117,0.0544,0.073,0.0837,0.1054,0.9272,0.8201,0.8653,0.064,0.0646,0.0872,0.156759,0.023508774,6.76e-05,-0.1013841,-0.5011193,0.0123,0.0159,0.0202,0.0217,0.0245,0.0259,0.0282,0.031,0.0342,0.0439
0.3783,0.4252,0.6716,0.0366,0.1374,0.0557,0.0705,0.0935,0.1042,0.8496,0.8714,0.9132,0.0609,0.0809,0.0953,0.190066,0.022741753,8.82e-05,0.07490041,-0.6550165,0.0102,0.0142,0.0171,0.0206,0.0225,0.0257,0.028,0.0311,0.0355,0.0482
0.408,0.4618,0.754,0.0408,0.1454,0.0601,0.0846,0.0938,0.1201,0.9169,0.8193,0.9068,0.0543,0.0912,0.0962,0.123362,0.01942338,6.48e-05,0.013216601,-0.7138592,0.0089,0.0114,0.0147,0.0167,0.0198,0.0215,0.0248,0.0262,0.0304,0.0403
0.3522,0.4141,0.722,0.0379,0.1172,0.047,0.0654,0.0855,0.0998,0.9024,0.9755,0.9519,0.0737,0.0828,0.0901,0.228829,0.02526798,9.32e-05,0.142653109,-0.4809904,0.0119,0.0162,0.0198,0.0223,0.0247,0.0273,0.0306,0.0337,0.0385,0.0512
0.4072,0.4783,0.8137,0.0423,0.1153,0.0559,0.0621,0.0846,0.101,0.9647,0.8421,0.9245,0.067,0.0847,0.0903,0.10616,0.016497679,4.5e-05,-0.0124265,-0.8660253,0.0063,0.0104,0.0116,0.015,0.0162,0.0195,0.0209,0.0225,0.0256,0.032
0.3873,0.4775,0.776,0.0451,0.1324,0.0585,0.0699,0.0925,0.1191,0.9103,0.9692,0.9198,0.0648,0.0679,0.0911,0.126661,0.020412196,7.32e-05,0.06864323,-0.7120294,0.0094,0.0117,0.0151,0.0179,0.0206,0.0225,0.0252,0.0281,0.0318,0.0415
0.4125,0.482,0.8053,0.0377,0.1414,0.0555,0.085,0.0935,0.1252,0.8837,0.9844,0.8986,0.0765,0.0882,0.0937,0.095182,0.016234589,4.84e-05,0.12411797,-0.7334515,0.0062,0.0104,0.0117,0.0152,0.0161,0.0184,0.0202,0.0222,0.026,0.0335
0.3974,0.4554,0.8242,0.05,0.1481,0.0743,0.0886,0.0974,0.1263,0.8167,0.9285,0.9084,0.0558,0.0752,0.0873,0.130602,0.024754931,8.45e-05,0.00333626,-0.6364612,0.0112,0.0158,0.0203,0.0216,0.0248,0.0268,0.0303,0.0328,0.0371,0.0472
0.3723,0.4881,0.6501,0.044,0.1484,0.0555,0.0745,0.112,0.114,0.8496,0.9122,0.9172,0.0577,0.089,0.0982,0.130409,0.02104358,0.0001,0.227960191,-0.6373899,0.007,0.0108,0.0147,0.0177,0.021,0.0241,0.0261,0.03,0.0353,0.0474
0.3637,0.4513,0.5427,0.0461,0.1483,0.0505,0.0876,0.1121,0.1373,0.9564,0.9176,0.9657,0.0655,0.067,0.0772,0.167727,0.025040569,0.00017419,0.665792572,0.174808451,0.0091,0.0139,0.0164,0.0211,0.0234,0.0263,0.0307,0.0356,0.0427,0.064
0.3557,0.4278,0.5958,0.0444,0.1178,0.0582,0.0705,0.0872,0.1071,0.9338,0.8899,0.9814,0.0607,0.068,0.0837,0.212512,0.023810612,9.45e-05,0.020855207,-0.6932247,0.0103,0.0145,0.0185,0.0211,0.0242,0.026,0.0298,0.0321,0.0364,0.0472
0.4078,0.4311,0.7855,0.041,0.1487,0.0579,0.0813,0.1205,0.1232,0.9908,0.8833,0.8785,0.0595,0.0693,0.0795,0.149566,0.02182518,6.54e-05,-0.0194956,-0.6178959,0.0109,0.0147,0.0163,0.0202,0.0213,0.024,0.0266,0.0291,0.0323,0.0415
0.3935,0.4466,0.5055,0.0414,0.142,0.0662,0.0825,0.1052,0.1245,0.8542,0.9786,0.9908,0.064,0.0655,0.0663,0.144676,0.0209525,9.48e-05,0.14710165,-0.7641565,0.0079,0.0119,0.0156,0.0175,0.0205,0.0249,0.0267,0.0301,0.035,0.0447
0.3644,0.4375,0.6013,0.0496,0.1312,0.0648,0.0662,0.1054,0.116,0.9913,0.8916,0.8811,0.0789,0.083,0.0899,0.193642,0.02423864,0.00011128,0.09015543,-0.6878672,0.0105,0.0148,0.0178,0.0207,0.0241,0.0264,0.0307,0.0336,0.0386,0.0517
0.4013,0.4463,0.5043,0.0441,0.1408,0.0638,0.0654,0.1064,0.1079,0.8611,0.9152,0.849,0.0572,0.0787,0.0934,0.145572,0.0198939,7.57e-05,-0.0234972,-0.846672,0.0071,0.0113,0.0148,0.0171,0.0203,0.0225,0.0255,0.0279,0.0316,0.0406
0.3962,0.4937,0.7961,0.0379,0.12,0.0554,0.0704,0.0862,0.1034,0.8537,0.9135,0.8665,0.0562,0.0895,0.0946,0.104193,0.017345991,5.9e-05,0.11664097,-0.7879312,0.0063,0.0103,0.0112,0.015,0.0164,0.0207,0.0218,0.0245,0.0276,0.0361
0.4048,0.483,0.5312,0.045,0.1372,0.0597,0.0664,0.0907,0.1172,0.8691,0.8792,0.9426,0.0547,0.0748,0.0896,0.105775,0.01704809,5.74e-05,0.016396011,-0.9511145,0.0061,0.0107,0.012,0.0148,0.0166,0.0204,0.0214,0.0248,0.0268,0.035
0.4095,0.4233,0.9129,0.0355,0.1386,0.0647,0.0727,0.1012,0.1147,0.9141,0.9668,0.8642,0.0575,0.066,0.0684,0.161749,0.02726787,8.39e-05,-0.3304817,-0.2900042,0.0144,0.0202,0.0223,0.0248,0.0272,0.0307,0.033,0.0356,0.0389,0.0464
0.3854,0.4943,0.8221,0.046,0.139,0.0722,0.0809,0.1087,0.1163,0.8691,0.9356,0.9661,0.0516,0.0579,0.0628,0.106841,0.021690882,8.25e-05,0.121457355,-0.72724,0.0106,0.013,0.0162,0.0192,0.0211,0.0252,0.0265,0.03,0.0354,0.045
0.394,0.431,0.9062,0.0479,0.1314,0.0541,0.0754,0.1027,0.1124,0.8673,0.9589,0.8067,0.0669,0.0751,0.0819,0.170577,0.026770725,8.1e-05,-0.3734042,-0.2919957,0.0147,0.0191,0.0217,0.0248,0.0269,0.0305,0.0329,0.0351,0.0375,0.05
0.3696,0.4476,0.5464,0.0479,0.147,0.0651,0.0868,0.1081,0.1186,0.8653,0.9164,0.846,0.0535,0.0604,0.0696,0.169609,0.02424152,0.00012431,0.174332451,-0.5740083,0.0104,0.0151,0.0171,0.0212,0.025,0.0268,0.0306,0.0349,0.0396,0.0543
0.3993,0.4904,0.6079,0.0429,0.1129,0.0559,0.0653,0.0861,0.0976,0.9673,0.9489,0.8049,0.0605,0.0795,0.0831,0.106068,0.016186064,5.45e-05,0.12317818,-0.8457534,0.006,0.0101,0.0109,0.0147,0.0157,0.0188,0.0205,0.0227,0.0256,0.0367
0.4174,0.4144,0.7694,0.0473,0.1148,0.0586,0.0727,0.094,0.0997,0.8924,0.8029,0.9508,0.0512,0.0815,0.0935,0.161535,0.020654051,5.49e-05,-0.0962603,-0.6569434,0.0107,0.015,0.0162,0.0198,0.0208,0.0223,0.0254,0.0273,0.0306,0.0377
0.4183,0.4095,0.9223,0.0473,0.1184,0.0567,0.0838,0.0985,0.1048,0.8696,0.8962,0.9996,0.0726,0.0804,0.0939,0.167968,0.02740309,8.17e-05,-0.5282136,-0.2697335,0.0155,0.0198,0.0235,0.0263,0.0284,0.0312,0.0332,0.0358,0.0382,0.0447
0.3596,0.4963,0.559,0.0436,0.1395,0.0661,0.0792,0.1149,0.1279,0.9348,0.9328,0.8634,0.0538,0.0611,0.0694,0.135922,0.02477499,0.00014808,0.3348717,-0.2223141,0.0089,0.0138,0.0163,0.0212,0.0244,0.0278,0.0317,0.0357,0.0412,0.0634
0.3668,0.4343,0.5076,0.0418,0.1336,0.0476,0.0791,0.0961,0.1109,0.9432,0.9755,0.8211,0.0578,0.0718,0.0778,0.191234,0.02098656,8.84e-05,0.120661222,-0.6002876,0.0092,0.0109,0.0148,0.0195,0.0209,0.0237,0.0256,0.0299,0.0336,0.0464
0.3922,0.4527,0.859,0.0423,0.139,0.0585,0.1073,0.1085,0.13,0.9612,0.9616,0.8701,0.0538,0.0647,0.0872,0.148082,0.027155546,9.66e-05,-0.0062853,-0.450521,0.0147,0.0188,0.0211,0.0245,0.0268,0.0302,0.0321,0.0359,0.0404,0.0502
0.4163,0.4602,0.9384,0.0358,0.1302,0.0687,0.0814,0.0845,0.1098,0.9593,0.8649,0.9579,0.0626,0.0714,0.0821,0.112012,0.024849344,8.12e-05,-0.1736957,-0.4376135,0.0125,0.0166,0.0199,0.0223,0.0255,0.0274,0.0301,0.0323,0.0365,0.0442
0.4039,0.4936,0.5482,0.0471,0.1141,0.0638,0.071,0.0856,0.1064,0.9295,0.8083,0.9111,0.0656,0.0914,0.0918,0.093622,0.016738804,5.88e-05,0.07037561,-1.0025191,0.006,0.0101,0.0116,0.0153,0.0163,0.0195,0.0209,0.0252,0.027,0.0335
0.4165,0.4653,0.6372,0.048,0.1305,0.0615,0.0954,0.0983,0.1183,0.8792,0.9216,0.8564,0.0537,0.0766,0.0868,0.107574,0.01823437,6.43e-05,-0.0193974,-0.902048,0.0063,0.0105,0.0139,0.0155,0.019,0.0204,0.0234,0.0258,0.0288,0.0364
0.3917,0.4875,0.8866,0.047,0.1425,0.0582,0.0821,0.1133,0.1273,0.9896,0.8992,0.9042,0.0539,0.0891,0.0955,0.111741,0.023106498,7.67e-05,0.129289802,-0.4393788,0.0107,0.0148,0.0182,0.0206,0.0225,0.0249,0.0273,0.0312,0.0351,0.0464
0.395,0.4661,0.8486,0.047,0.1154,0.0593,0.0738,0.0876,0.1062,0.878,0.8494,0.8623,0.0804,0.0876,0.0918,0.131508,0.022591635,6.28e-05,-0.1795219,-0.6572749,0.0113,0.0152,0.0184,0.0205,0.0227,0.0255,0.0274,0.0304,0.0331,0.0406
0.3918,0.4478,0.6968,0.0486,0.1446,0.0692,0.0875,0.1138,0.1189,0.9454,0.9637,0.891,0.0851,0.0909,0.0949,0.141474,0.02326704,9.76e-05,0.014038222,-0.7621246,0.0101,0.014,0.0163,0.0209,0.0237,0.0264,0.0294,0.0324,0.0357,0.0485
0.3524,0.4354,0.7683,0.0433,0.12,0.0556,0.0821,0.086,0.1012,0.9,0.9944,0.8359,0.064,0.0763,0.0883,0.202574,0.025732846,8.63e-05,-0.0150584,-0.440494,0.014,0.0166,0.0203,0.0233,0.0254,0.0285,0.0308,0.034,0.0374,0.052
0.4196,0.482,0.7854,0.0353,0.1126,0.0536,0.0739,0.0764,0.0944,0.8774,0.9505,0.8918,0.0546,0.0573,0.078,0.09251,0.014599089,4.19e-05,0.114859502,-0.8868836,0.0058,0.0092,0.0106,0.0116,0.0149,0.0161,0.0183,0.0207,0.0234,0.0316
0.3863,0.488,0.5617,0.0395,0.1334,0.0741,0.0743,0.1001,0.1121,0.8636,0.9249,0.8733,0.0606,0.0654,0.0768,0.114318,0.01975223,8.56e-05,0.154757598,-0.8322689,0.0067,0.0109,0.0144,0.0164,0.0199,0.0219,0.0257,0.0282,0.0327,0.0409
0.355,0.4377,0.5929,0.0425,0.1476,0.0595,0.0959,0.0971,0.1194,0.9926,0.9487,0.9322,0.0687,0.0749,0.0844,0.193297,0.026788376,0.00015876,0.4359295,0.125550523,0.0097,0.0156,0.0207,0.0234,0.0263,0.0305,0.0333,0.0371,0.0425,0.0675
0.3941,0.4665,0.7594,0.0377,0.1449,0.0696,0.0797,0.1133,0.1278,0.8228,0.9424,0.9845,0.0736,0.0794,0.0915,0.129592,0.02154596,8.04e-05,0.07637681,-0.7778277,0.01,0.0123,0.0155,0.0199,0.0212,0.0241,0.0263,0.0301,0.0349,0.0418
0.417,0.4433,0.5423,0.0396,0.1205,0.0586,0.0773,0.093,0.1058,0.8544,0.8569,0.864,0.0664,0.0978,0.0995,0.135648,0.019137114,7.8e-05,0.204786649,-0.5846457,0.0069,0.0116,0.0136,0.0157,0.0196,0.021,0.0238,0.0264,0.0314,0.0461
0.3775,0.495,0.9327,0.0417,0.1266,0.0618,0.0738,0.0906,0.1108,0.8871,0.9136,0.8646,0.079,0.0983,0.0993,0.118807,0.025992745,8.78e-05,-0.1114823,-0.3635588,0.0141,0.0179,0.0216,0.0235,0.0258,0.0286,0.0314,0.0343,0.0381,0.0495
0.3629,0.4781,0.5414,0.0497,0.1432,0.0814,0.0859,0.1029,0.1204,0.862,0.9898,0.8532,0.0761,0.0819,0.0985,0.150711,0.02388284,0.0001151,0.04617039,-0.8312595,0.0097,0.0138,0.0172,0.021,0.0243,0.0263,0.0303,0.0349,0.039,0.0474
0.4158,0.4465,0.8154,0.0498,0.1457,0.068,0.0893,0.0992,0.1347,0.9793,0.8395,0.9566,0.0564,0.0835,0.0844,0.125352,0.022842629,7.23e-05,-0.0379541,-0.6863575,0.0114,0.0153,0.0177,0.0209,0.0228,0.0253,0.0275,0.0312,0.0342,0.043
0.3589,0.4923,0.6059,0.0445,0.1106,0.0532,0.0666,0.0858,0.0992,0.9724,0.8471,0.9972,0.0535,0.0667,0.0685,0.141484,0.0181118,6.61e-05,0.08025085,-0.8247807,0.0063,0.0104,0.0123,0.0154,0.0183,0.0203,0.0229,0.0257,0.0291,0.0364
0.4008,0.4482,0.8957,0.0424,0.1353,0.0561,0.0682,0.0825,0.1261,0.9036,0.802,0.8279,0.0595,0.0923,0.0925,0.143747,0.02368163,6.39e-05,-0.2733897,-0.4012475,0.0122,0.0159,0.0203,0.0214,0.0241,0.026,0.0281,0.0312,0.0346,0.0418
0.388,0.4947,0.8978,0.041,0.1276,0.0594,0.071,0.098,0.1048,0.9193,0.9499,0.9063,0.0505,0.0623,0.0808,0.111232,0.0231214,7.73e-05,0.10872992,-0.4604316,0.012,0.0145,0.0182,0.0203,0.0226,0.0254,0.0274,0.031,0.0347,0.0456
0.367,0.4795,0.6455,0.0362,0.1324,0.0558,0.0888,0.0945,0.1129,0.8664,0.9382,0.934,0.0607,0.0806,0.0907,0.143467,0.022236967,0.0001118,0.259892041,-0.5418624,0.0097,0.0117,0.0156,0.0192,0.021,0.0246,0.0278,0.0317,0.0366,0.0515
0.4186,0.4806,0.8052,0.038,0.1167,0.0515,0.0577,0.0898,0.1062,0.9373,0.9145,0.9435,0.0813,0.0882,0.0913,0.095997,0.016075295,5.01e-05,0.11638208,-0.7738463,0.0061,0.0105,0.0118,0.0144,0.0156,0.0182,0.0208,0.0223,0.0256,0.0354
0.4043,0.4896,0.8148,0.0484,0.1103,0.0623,0.084,0.0862,0.0997,0.8166,0.8958,0.9677,0.0633,0.0674,0.0882,0.099891,0.01736543,5.29e-05,0.027427243,-0.904624,0.0066,0.0109,0.0124,0.0156,0.0168,0.0198,0.0214,0.0253,0.0272,0.0335
0.3781,0.4155,0.5709,0.0368,0.1224,0.0574,0.0778,0.0969,0.1062,0.8998,0.8947,0.919,0.0633,0.0782,0.0949,0.196706,0.023374254,0.0001004,0.03674888,-0.6682688,0.01,0.0141,0.0167,0.0211,0.0244,0.0264,0.0292,0.0324,0.0365,0.0485
0.3646,0.4185,0.5403,0.047,0.1258,0.0553,0.0815,0.0989,0.1087,0.8344,0.8171,0.973,0.0547,0.0844,0.0948,0.208997,0.022109086,8.58e-05,-0.0332077,-0.7379861,0.0098,0.0137,0.0165,0.0204,0.0221,0.0254,0.0275,0.0305,0.0348,0.0482
0.418,0.4686,0.9113,0.0374,0.11,0.0561,0.0697,0.0704,0.09,0.8144,0.9075,0.9923,0.0609,0.0669,0.097,0.108384,0.01839815,4.26e-05,-0.2053844,-0.6895849,0.0099,0.0116,0.0151,0.0164,0.0199,0.0209,0.0222,0.0246,0.0268,0.032
0.4106,0.4648,0.5432,0.044,0.1335,0.0561,0.0679,0.1068,0.1089,0.8065,0.9114,0.9549,0.0668,0.0878,0.095,0.116066,0.016683118,5.66e-05,0.06289959,-0.9089415,0.0061,0.0105,0.012,0.0147,0.0162,0.0197,0.0213,0.0248,0.0265,0.0354
0.3927,0.4189,0.7382,0.0494,0.122,0.0621,0.0839,0.1011,0.1175,0.8786,0.8613,0.824,0.0648,0.0729,0.0936,0.181937,0.02599106,9.2e-05,-0.0189363,-0.6922658,0.0133,0.0171,0.0209,0.0239,0.026,0.0286,0.0314,0.0353,0.0391,0.0482
0.3555,0.4428,0.7336,0.0406,0.1321,0.0588,0.0848,0.1003,0.1159,0.8067,0.8514,0.843,0.051,0.0515,0.0989,0.193501,0.028290479,0.00014551,0.38500294,-0.1751035,0.0137,0.017,0.0216,0.0241,0.0272,0.0307,0.0339,0.0383,0.0453,0.066
0.3681,0.4228,0.8544,0.0469,0.1231,0.0568,0.0773,0.096,0.1091,0.9218,0.9948,0.8446,0.0552,0.058,0.0761,0.203885,0.028825272,9.62e-05,-0.0944088,-0.144539,0.0154,0.0199,0.0236,0.0258,0.0292,0.0321,0.0346,0.0369,0.0413,0.0579
0.3824,0.4598,0.8242,0.0403,0.131,0.0502,0.078,0.0843,0.0959,0.8851,0.8029,0.8367,0.0584,0.09,0.0909,0.153338,0.021592809,6.64e-05,0.132859076,-0.4261232,0.0114,0.0154,0.0166,0.0195,0.0211,0.025,0.0261,0.0285,0.0323,0.045
0.3899,0.42,0.7576,0.0497,0.1407,0.0673,0.0865,0.0987,0.134,0.8444,0.808,0.8627,0.082,0.0945,0.0992,0.177546,0.027660838,9.31e-05,-0.1360867,-0.5661644,0.0146,0.0189,0.0218,0.0254,0.0274,0.0312,0.0338,0.036,0.0402,0.05
0.3591,0.4883,0.7187,0.0406,0.1123,0.0627,0.0684,0.0766,0.1044,0.8711,0.8302,0.8335,0.0509,0.0524,0.0661,0.142908,0.021883397,0.00011981,0.549691295,0.04703096,0.0078,0.0115,0.0142,0.0181,0.0215,0.0241,0.0271,0.0309,0.036,0.0559
0.3605,0.4625,0.6589,0.0418,0.1438,0.0705,0.0744,0.1138,0.1246,0.9272,0.9167,0.9508,0.0592,0.0691,0.0991,0.16861,0.02673028,0.0001473,0.197290347,-0.634576,0.0106,0.0146,0.0206,0.0227,0.0254,0.03,0.0337,0.0375,0.043,0.0566
0.4047,0.484,0.7062,0.0353,0.1221,0.0571,0.067,0.0901,0.1075,0.9912,0.9607,0.8533,0.0698,0.086,0.0896,0.104514,0.015598673,4.94e-05,0.08035876,-0.9556676,0.0059,0.0097,0.0113,0.0143,0.0158,0.0176,0.02,0.0219,0.0257,0.0335
0.3754,0.4637,0.7911,0.0442,0.1476,0.0624,0.0843,0.1214,0.1266,0.8234,0.8318,0.9583,0.0668,0.0842,0.0944,0.153082,0.02454518,9.78e-05,0.274700796,-0.2938395,0.0115,0.0159,0.0197,0.0214,0.025,0.027,0.0297,0.0332,0.0375,0.0536
0.3692,0.4145,0.7714,0.0459,0.1101,0.0577,0.0645,0.0797,0.0985,0.9467,0.9764,0.865,0.0724,0.0855,0.0909,0.210004,0.025821384,7.84e-05,-0.1112639,-0.3959808,0.0145,0.0175,0.0205,0.0238,0.0258,0.0286,0.0313,0.0337,0.0369,0.0515
0.396,0.4949,0.6078,0.0382,0.1105,0.0458,0.0679,0.0743,0.0918,0.8987,0.8734,0.9435,0.0859,0.0868,0.0876,0.101459,0.014677373,4.65e-05,0.210428689,-0.7785377,0.0057,0.0075,0.0106,0.0117,0.015,0.0158,0.0191,0.0209,0.0243,0.0324
0.4001,0.4159,0.7133,0.0496,0.1177,0.0592,0.0708,0.0982,0.1074,0.8919,0.8308,0.9817,0.0828,0.0854,0.0957,0.176601,0.021902192,7.01e-05,-0.0983082,-0.790951,0.0105,0.0144,0.0165,0.0199,0.0219,0.0252,0.0269,0.0303,0.033,0.0406
0.3711,0.4756,0.6627,0.0454,0.1328,0.0691,0.0697,0.0975,0.1145,0.9089,0.807,0.9223,0.0594,0.0809,0.094,0.141737,0.02157287,9.13e-05,0.04714531,-0.7816611,0.0092,0.0122,0.0158,0.0198,0.0217,0.0247,0.0265,0.0308,0.0345,0.0433
0.3931,0.4919,0.5618,0.0423,0.1289,0.0584,0.0585,0.0972,0.1183,0.9849,0.8783,0.8133,0.0684,0.0872,0.0977,0.105686,0.016076941,5.44e-05,0.119982407,-0.8920778,0.006,0.01,0.0109,0.0146,0.0157,0.0185,0.0204,0.0227,0.0257,0.0367
0.3934,0.4773,0.6562,0.0357,0.1264,0.0563,0.0752,0.0869,0.1193,0.8049,0.9603,0.915,0.072,0.0947,0.099,0.120538,0.017126899,6.03e-05,0.133352674,-0.7709639,0.0062,0.0104,0.0114,0.0154,0.0166,0.0201,0.0212,0.025,0.0272,0.0377
0.3714,0.4988,0.6307,0.0469,0.1166,0.0609,0.0762,0.0952,0.1014,0.9643,0.9797,0.8039,0.0611,0.089,0.0986,0.12173,0.018880046,7.16e-05,0.08798749,-0.7399011,0.0066,0.0108,0.0141,0.0159,0.0194,0.0209,0.0246,0.0262,0.0304,0.0403
0.3617,0.4039,0.923,0.0362,0.1468,0.0471,0.0809,0.097,0.1178,0.8662,0.8137,0.8946,0.0574,0.0802,0.0994,0.226734,0.031330324,0.00012234,-0.0945809,0.01004767,0.0159,0.0215,0.0259,0.0287,0.0319,0.0343,0.0371,0.0404,0.045,0.061
0.4063,0.477,0.9242,0.0456,0.1285,0.0581,0.0796,0.0898,0.1154,0.8906,0.9584,0.9719,0.0585,0.0772,0.0982,0.105656,0.0239282,7.64e-05,-0.0586444,-0.4181499,0.0126,0.0155,0.0196,0.0209,0.0239,0.0262,0.0287,0.0317,0.0351,0.0456
0.4035,0.445,0.5496,0.0395,0.1432,0.0529,0.0977,0.1044,0.1142,0.9753,0.9808,0.8916,0.0503,0.0856,0.0965,0.13806,0.020177247,9.08e-05,0.222745354,-0.660041,0.0068,0.0114,0.0151,0.0168,0.0208,0.0222,0.0254,0.0285,0.0337,0.0436
0.3724,0.4784,0.5978,0.0364,0.1149,0.0504,0.0619,0.0796,0.0994,0.8645,0.9436,0.8924,0.0579,0.0591,0.0664,0.142474,0.016941605,6.03e-05,0.19126775,-0.7162015,0.0062,0.0104,0.0113,0.0153,0.0164,0.0199,0.021,0.0248,0.0272,0.0377
0.3759,0.4374,0.7561,0.0494,0.1153,0.0689,0.0794,0.0828,0.1023,0.9938,0.923,0.8906,0.0949,0.0954,0.0974,0.179788,0.025420962,8.3e-05,-0.1175886,-0.7089222,0.0128,0.0166,0.0201,0.0233,0.0261,0.0282,0.0313,0.0349,0.037,0.0447
0.3611,0.4482,0.5568,0.0395,0.1422,0.058,0.0714,0.1055,0.1293,0.822,0.8666,0.9803,0.0589,0.0818,0.0852,0.182753,0.02141743,8.92e-05,0.06949733,-0.7072322,0.0094,0.0112,0.0153,0.0199,0.0213,0.0244,0.0262,0.0303,0.0346,0.0472
0.3832,0.4036,0.8985,0.0499,0.1343,0.0652,0.0893,0.1024,0.1218,0.9905,0.9513,0.9657,0.0618,0.0872,0.0994,0.197462,0.0353373,0.00014211,-0.2078079,0.119864924,0.0191,0.0254,0.0303,0.0332,0.0358,0.0397,0.0421,0.0452,0.0499,0.0682
0.3878,0.4815,0.7217,0.0493,0.1338,0.0628,0.083,0.0971,0.1154,0.9319,0.9958,0.9322,0.0669,0.0714,0.0784,0.114085,0.01870795,6.72e-05,0.105457701,-0.6824875,0.0068,0.0109,0.0144,0.0156,0.0197,0.0209,0.0232,0.0263,0.0299,0.0415
0.367,0.4374,0.5088,0.0359,0.1325,0.0526,0.079,0.1012,0.1175,0.8021,0.971,0.9963,0.0716,0.0852,0.0926,0.187915,0.021422911,9.58e-05,0.247811429,-0.3787894,0.0098,0.0117,0.0156,0.0189,0.0211,0.0239,0.0261,0.0297,0.0345,0.0512
0.4163,0.442,0.9029,0.0454,0.1461,0.061,0.0897,0.1132,0.1205,0.9322,0.8805,0.9861,0.0505,0.0569,0.0878,0.128954,0.024737437,7.26e-05,-0.2371711,-0.3946767,0.0133,0.0169,0.0202,0.0223,0.0253,0.0269,0.0299,0.0325,0.0353,0.0456
0.383,0.4579,0.5177,0.0382,0.1205,0.0453,0.0668,0.0854,0.0972,0.9768,0.8347,0.8606,0.0861,0.087,0.0968,0.153433,0.015976391,4.91e-05,0.04199403,-0.8973079,0.006,0.0101,0.0116,0.0152,0.016,0.0183,0.0202,0.0222,0.0258,0.0335
0.3999,0.4397,0.5794,0.0404,0.1231,0.0639,0.0719,0.0846,0.1069,0.9698,0.9427,0.8807,0.0761,0.083,0.0945,0.154536,0.02050968,8.51e-05,0.035676909,-0.8712796,0.0076,0.0113,0.0149,0.0174,0.0206,0.0238,0.026,0.0298,0.0332,0.0406
0.3537,0.4653,0.684,0.047,0.112,0.0568,0.0781,0.0833,0.0978,0.8152,0.9309,0.9965,0.0558,0.0565,0.0998,0.175249,0.02198738,8.59e-05,0.03879629,-0.7395062,0.0104,0.0132,0.0156,0.0198,0.0212,0.0247,0.027,0.0311,0.0342,0.0458
0.4143,0.4057,0.5342,0.0489,0.1477,0.0674,0.1003,0.1088,0.1143,0.938,0.9812,0.9537,0.0623,0.0795,0.0862,0.169112,0.023974707,0.00010704,-0.0145273,-0.7632532,0.0099,0.0143,0.0182,0.0213,0.0246,0.0267,0.0307,0.0337,0.0373,0.0477
0.3687,0.446,0.6329,0.0438,0.1129,0.0525,0.0671,0.0769,0.0965,0.8782,0.9026,0.9699,0.0533,0.0799,0.0987,0.179111,0.02041776,7.6e-05,-0.0064241,-0.8044196,0.0088,0.0116,0.015,0.0178,0.0204,0.0231,0.0256,0.0284,0.0322,0.0403
0.3904,0.4607,0.848,0.0461,0.1374,0.062,0.0788,0.1137,0.1183,0.9858,0.8447,0.8916,0.0559,0.06,0.0703,0.137486,0.02319868,7.01e-05,-0.0402786,-0.5863963,0.0118,0.0156,0.0186,0.0211,0.0233,0.0254,0.0277,0.0313,0.0343,0.043
0.3557,0.4746,0.839,0.0359,0.13,0.0525,0.0652,0.0962,0.0994,0.9346,0.8644,0.8299,0.0577,0.0623,0.0717,0.162846,0.023468325,8.04e-05,0.09275448,-0.5907613,0.012,0.0159,0.0183,0.0206,0.0229,0.026,0.0281,0.0313,0.0361,0.045
0.3522,0.4626,0.9105,0.0442,0.1463,0.0752,0.0922,0.1004,0.1342,0.9606,0.878,0.8279,0.0594,0.0923,0.0963,0.163192,0.032434168,0.00012544,-0.1714058,-0.1943452,0.019,0.0234,0.0264,0.0302,0.0326,0.0353,0.0389,0.0421,0.0469,0.061
0.4048,0.4842,0.9488,0.0489,0.1421,0.0633,0.0803,0.126,0.1276,0.9693,0.8995,0.8906,0.0531,0.0857,0.0874,0.08958,0.02435017,7.1e-05,-0.350486,-0.3862817,0.0124,0.0165,0.0211,0.0223,0.0252,0.0267,0.0298,0.0318,0.0351,0.0439
0.3956,0.4993,0.7336,0.0451,0.1175,0.0523,0.0699,0.0702,0.1043,0.8705,0.9467,0.8169,0.06,0.0743,0.0972,0.096064,0.014817575,4.49e-05,0.09408376,-0.9595637,0.0057,0.0089,0.0104,0.0115,0.0148,0.016,0.0196,0.0214,0.0245,0.0308
0.3677,0.4224,0.7851,0.0499,0.1132,0.0652,0.0808,0.0953,0.0981,0.8954,0.8003,0.8533,0.071,0.0731,0.0898,0.200219,0.02840066,9.96e-05,-0.0564758,-0.442586,0.0159,0.0206,0.0225,0.0262,0.0279,0.0312,0.0354,0.0373,0.0414,0.055
0.4033,0.4712,0.6221,0.0374,0.1275,0.0579,0.0628,0.0793,0.1021,0.8406,0.8159,0.8182,0.0777,0.0783,0.0855,0.117912,0.017053688,5.88e-05,0.06032012,-0.8932751,0.0062,0.0102,0.0112,0.0151,0.0163,0.0198,0.0213,0.0245,0.0268,0.0367
0.3594,0.4576,0.8836,0.0371,0.133,0.0684,0.0787,0.1043,0.1138,0.8696,0.9639,0.9119,0.0578,0.0683,0.0729,0.176931,0.03143937,0.00012709,-0.0918676,-0.4331735,0.0156,0.0207,0.0253,0.0287,0.0312,0.0354,0.0373,0.042,0.0464,0.0592
0.4127,0.4711,0.6723,0.0454,0.1152,0.0626,0.0797,0.0984,0.1038,0.9202,0.8143,0.8949,0.0538,0.0929,0.0986,0.108855,0.0174947,6.31e-05,0.07255921,-0.9199146,0.0062,0.0108,0.0122,0.015,0.017,0.0205,0.0219,0.0254,0.0281,0.0354
0.4072,0.463,0.9446,0.0422,0.1172,0.0646,0.0664,0.0895,0.0976,0.9698,0.893,0.8383,0.0824,0.0844,0.0915,0.121547,0.02448009,7.25e-05,-0.3645117,-0.3942635,0.012,0.017,0.0206,0.0225,0.0251,0.0267,0.0301,0.0321,0.0354,0.0418
0.383,0.4036,0.5948,0.0375,0.1493,0.0529,0.0609,0.1159,0.1231,0.9667,0.8641,0.9119,0.0652,0.0866,0.0918,0.20624,0.02255702,9.22e-05,0.07020745,-0.6953729,0.0098,0.0136,0.0164,0.0204,0.0218,0.0251,0.0279,0.0313,0.0358,0.0472
0.4088,0.4193,0.9183,0.041,0.118,0.0581,0.0696,0.0837,0.0964,0.8458,0.8062,0.8814,0.0582,0.0731,0.0928,0.166176,0.025914804,7.67e-05,-0.3516823,-0.3145376,0.0153,0.0191,0.0211,0.0252,0.0263,0.0288,0.031,0.0346,0.0367,0.045
0.401,0.4611,0.8906,0.0437,0.1268,0.0537,0.0821,0.0976,0.1001,0.8279,0.9799,0.952,0.0531,0.0625,0.0902,0.130033,0.022258582,5.81e-05,-0.2281235,-0.454594,0.0115,0.0153,0.0188,0.0205,0.0225,0.0252,0.0264,0.0295,0.0321,0.0406
0.355,0.411,0.8838,0.0454,0.1153,0.0657,0.0736,0.0846,0.1039,0.8944,0.9091,0.8058,0.0561,0.0787,0.0861,0.229533,0.03387253,0.00012945,-0.2088458,-0.1751611,0.0195,0.0252,0.0273,0.0316,0.0342,0.0371,0.04,0.0437,0.0483,0.0612
0.3734,0.4392,0.7999,0.0499,0.1127,0.0606,0.068,0.0831,0.1065,0.9162,0.8132,0.8928,0.0524,0.0823,0.0826,0.181196,0.02576602,8.48e-05,-0.0207112,-0.4922328,0.0143,0.0172,0.0205,0.0233,0.0253,0.0282,0.0312,0.035,0.0376,0.051
0.3839,0.4751,0.9173,0.0421,0.1299,0.0612,0.0645,0.0957,0.1123,0.9807,0.9518,0.9436,0.0657,0.0819,0.0876,0.131737,0.025964845,8.33e-05,-0.1662481,-0.3981144,0.0139,0.0185,0.0211,0.0242,0.0257,0.0286,0.0312,0.0348,0.0376,0.0472
0.3824,0.452,0.5383,0.0473,0.1169,0.0655,0.0737,0.0932,0.0998,0.943,0.8475,0.9097,0.0563,0.0706,0.0843,0.162111,0.021397486,9.02e-05,0.01424734,-0.8448949,0.009,0.0119,0.0156,0.0192,0.0214,0.0244,0.0265,0.0304,0.0345,0.0427
0.4105,0.4888,0.8811,0.0413,0.1293,0.06,0.0761,0.0965,0.1118,0.8276,0.8455,0.9934,0.0503,0.0873,0.0905,0.090709,0.017437208,4.35e-05,-0.0441461,-0.7524547,0.0093,0.0109,0.0144,0.0154,0.0169,0.02,0.021,0.0236,0.0262,0.0316
0.4052,0.4184,0.5263,0.0452,0.1194,0.0583,0.0762,0.0877,0.1032,0.8484,0.9129,0.9779,0.0568,0.0931,0.099,0.169868,0.01978656,7.52e-05,-0.0457466,-0.9348795,0.0068,0.0108,0.014,0.0163,0.0205,0.0224,0.0252,0.0279,0.0315,0.0384
0.3631,0.4637,0.6119,0.0488,0.1152,0.0583,0.0714,0.096,0.0971,0.8136,0.8769,0.9527,0.0597,0.0624,0.0639,0.165036,0.020425723,8.24e-05,0.08555372,-0.7164185,0.0092,0.0108,0.0146,0.0175,0.0208,0.0232,0.0255,0.0288,0.0321,0.0472
0.3603,0.4042,0.5923,0.0473,0.1153,0.0617,0.0676,0.095,0.1046,0.9379,0.8634,0.8689,0.0536,0.0536,0.0999,0.22542,0.025915916,0.00012007,0.157771805,-0.524068,0.0111,0.0149,0.0205,0.0227,0.026,0.0287,0.0321,0.0354,0.0403,0.0561
0.3602,0.4344,0.5933,0.0419,0.1128,0.0523,0.0612,0.0782,0.0998,0.8319,0.8282,0.9587,0.0849,0.0899,0.0945,0.200398,0.019917426,6.79e-05,-0.092077,-0.825303,0.0086,0.0112,0.0144,0.0172,0.0206,0.0223,0.025,0.0276,0.0309,0.0384
0.3574,0.4258,0.7903,0.0352,0.1189,0.0486,0.0617,0.0853,0.098,0.8597,0.9475,0.9509,0.0812,0.093,0.0938,0.209908,0.025112338,8.66e-05,0.092964824,-0.47210379,0.0129,0.0159,0.0209,0.0225,0.0249,0.027,0.0304,0.0334,0.0374,0.0495
0.3647,0.437,0.8496,0.0401,0.1373,0.0443,0.0857,0.0901,0.1216,0.8126,0.8907,0.9155,0.0713,0.0927,0.0995,0.191129,0.027717578,0.00010173,0.033594118,-0.3472762,0.0139,0.0198,0.0222,0.0244,0.0274,0.031,0.0333,0.0362,0.0408,0.0566
0.3688,0.4332,0.7042,0.0479,0.1186,0.0662,0.0716,0.0926,0.1056,0.8683,0.8027,0.851,0.0524,0.0871,0.0937,0.189302,0.026232307,0.00010495,0.010564922,-0.6933721,0.0115,0.0161,0.0199,0.023,0.0262,0.03,0.0319,0.0357,0.0399,0.0502
0.3972,0.4731,0.9005,0.0416,0.1391,0.0585,0.0917,0.0955,0.1231,0.8562,0.9901,0.96,0.0624,0.0866,0.0919,0.120822,0.024310187,7.1e-05,-0.244911,-0.5406013,0.0121,0.0159,0.0202,0.0218,0.0247,0.0271,0.0295,0.0319,0.0352,0.0415
0.3525,0.4102,0.6948,0.0401,0.1133,0.0532,0.0669,0.0824,0.1007,0.8721,0.9056,0.8266,0.0566,0.0679,0.0838,0.227736,0.025040932,8.69e-05,0.06960546,-0.4848569,0.0119,0.016,0.0197,0.0216,0.0248,0.0275,0.0307,0.0332,0.0369,0.0515
0.3749,0.4637,0.8633,0.0431,0.1257,0.0657,0.0715,0.0952,0.1114,0.8628,0.9969,0.9295,0.0592,0.0879,0.0914,0.152727,0.02473063,7e-05,-0.2179288,-0.4632598,0.0148,0.0165,0.0211,0.0224,0.0254,0.0271,0.0302,0.032,0.0354,0.0439
0.3532,0.4826,0.6368,0.0487,0.1488,0.0669,0.0816,0.1093,0.1267,0.8803,0.8635,0.8826,0.0572,0.0798,0.0929,0.15453,0.02682621,0.00016709,0.327675443,-0.4337092,0.0105,0.0145,0.0193,0.0224,0.026,0.0304,0.0332,0.0374,0.045,0.0604
0.3627,0.4236,0.6009,0.0418,0.1162,0.0658,0.069,0.0874,0.1041,0.9268,0.9876,0.9023,0.0762,0.0783,0.0817,0.20783,0.024713039,0.00010444,-0.0437018,-0.8027753,0.0107,0.015,0.0188,0.0214,0.0249,0.0274,0.0311,0.0349,0.0383,0.0502
0.3505,0.4646,0.8586,0.0418,0.1165,0.0543,0.0788,0.0803,0.1088,0.8093,0.9793,0.9916,0.0708,0.0773,0.087,0.177097,0.026429273,8.74e-05,-0.0084892,-0.3117567,0.0151,0.0191,0.0211,0.0247,0.0266,0.0291,0.0321,0.0347,0.0383,0.0534
0.3873,0.4046,0.7547,0.0434,0.1345,0.0542,0.0837,0.0929,0.1061,0.9646,0.8088,0.8895,0.0742,0.0779,0.094,0.19674,0.02438848,7.64e-05,-0.0331388,-0.5336197,0.0116,0.0158,0.0207,0.0223,0.0243,0.0264,0.0297,0.0324,0.0358,0.0495
0.3899,0.4407,0.5475,0.0412,0.1227,0.0563,0.0743,0.0904,0.1115,0.824,0.9196,0.8424,0.0515,0.0538,0.0678,0.163045,0.019348703,7.74e-05,0.109661361,-0.7936416,0.0067,0.0109,0.0144,0.0163,0.0197,0.0216,0.025,0.0273,0.0315,0.0406
0.4111,0.4168,0.7289,0.0377,0.13,0.056,0.0597,0.0848,0.1161,0.882,0.8739,0.9995,0.0726,0.0799,0.0925,0.167646,0.019234142,5.71e-05,-0.031392,-0.7684149,0.01,0.0111,0.0151,0.0162,0.0198,0.0211,0.0242,0.0257,0.0292,0.0367
0.3641,0.4265,0.671,0.0454,0.1494,0.0624,0.0855,0.1066,0.1255,0.9982,0.8686,0.9549,0.0784,0.0808,0.0923,0.203779,0.02774363,0.00012652,0.144041414,-0.5351382,0.0127,0.0173,0.0209,0.0247,0.0273,0.0309,0.0349,0.0374,0.0429,0.0589
0.3584,0.495,0.6675,0.035,0.1119,0.0556,0.0623,0.0874,0.0939,0.8663,0.8644,0.9214,0.0511,0.0724,0.0858,0.139899,0.01846236,6.97e-05,0.159637606,-0.6307601,0.0066,0.0107,0.0141,0.0157,0.0191,0.0208,0.0228,0.026,0.0297,0.0409
0.4184,0.437,0.6614,0.0416,0.1307,0.061,0.0797,0.1047,0.1103,0.8924,0.9171,0.9787,0.0611,0.086,0.0941,0.138384,0.01906924,6.83e-05,0.012042796,-0.8449009,0.0072,0.0109,0.0142,0.0161,0.0194,0.0211,0.0246,0.0261,0.0303,0.04
0.388,0.4944,0.5666,0.0397,0.1194,0.0598,0.0628,0.0793,0.1084,0.9106,0.9486,0.8036,0.0647,0.0698,0.0916,0.108762,0.015856515,5.06e-05,0.06473907,-0.9485756,0.0059,0.0096,0.011,0.0146,0.0157,0.0178,0.0207,0.0223,0.0256,0.032
0.3977,0.4227,0.8774,0.0479,0.1118,0.064,0.0687,0.0989,0.1014,0.8373,0.8814,0.8037,0.0548,0.0703,0.0819,0.173257,0.027898056,8.44e-05,-0.3886593,-0.3983693,0.0146,0.02,0.0229,0.0258,0.0285,0.0313,0.0338,0.0361,0.0395,0.0456
0.4112,0.4944,0.7956,0.0469,0.1451,0.0588,0.1031,0.1133,0.1258,0.9432,0.9284,0.9115,0.0666,0.0805,0.0847,0.083685,0.018274557,7.15e-05,0.223345337,-0.6733878,0.0066,0.0105,0.0128,0.0154,0.0177,0.0206,0.0227,0.0263,0.0297,0.0409
0.3673,0.4612,0.7178,0.0412,0.1409,0.07,0.0701,0.1024,0.1255,0.9994,0.8637,0.9032,0.0505,0.0723,0.097,0.163064,0.023263084,8.87e-05,-0.0274471,-0.8281577,0.0111,0.0152,0.0167,0.0201,0.024,0.0261,0.029,0.0319,0.036,0.0442
0.3711,0.4078,0.9364,0.0353,0.1234,0.0584,0.0668,0.0822,0.1059,0.9829,0.8582,0.9611,0.0631,0.0663,0.0793,0.216637,0.0312787,0.00010771,-0.4661712,-0.1207832,0.0162,0.0226,0.026,0.0294,0.0323,0.0351,0.0379,0.0404,0.0434,0.0572
0.4189,0.4829,0.6359,0.0499,0.1118,0.0665,0.0719,0.0888,0.1016,0.8764,0.8547,0.8951,0.0541,0.0707,0.0881,0.087568,0.016640354,5.38e-05,-0.0166366,-0.9668618,0.006,0.01,0.0115,0.015,0.0159,0.0198,0.021,0.024,0.0265,0.0324
0.407,0.4628,0.5641,0.047,0.1342,0.0638,0.0791,0.0813,0.1116,0.9618,0.8945,0.9456,0.0922,0.0938,0.0974,0.127632,0.02015892,8.71e-05,0.113612028,-0.8152684,0.0068,0.0112,0.0148,0.0166,0.0207,0.0223,0.0252,0.0291,0.0325,0.0424
0.3558,0.4758,0.736,0.0382,0.1487,0.0574,0.0722,0.1073,0.1142,0.9076,0.8426,0.8474,0.058,0.066,0.0888,0.156153,0.022791583,9.09e-05,0.04151287,-0.7407957,0.0108,0.0135,0.0164,0.02,0.0222,0.0255,0.0281,0.0319,0.0352,0.0456
0.3501,0.4665,0.8384,0.046,0.1432,0.065,0.0816,0.1,0.1185,0.9438,0.9243,0.8974,0.0781,0.0784,0.0911,0.173082,0.030766734,0.00012697,-0.0050536,-0.5860852,0.015,0.0201,0.0246,0.0272,0.0307,0.0352,0.0373,0.041,0.0459,0.0594
0.4018,0.4832,0.788,0.0463,0.125,0.0574,0.0754,0.1007,0.1046,0.8618,0.8376,0.8439,0.0641,0.0672,0.0715,0.099658,0.017925619,6.22e-05,0.106402578,-0.8035839,0.0065,0.0106,0.0121,0.0156,0.0179,0.0206,0.0225,0.0254,0.0284,0.0374
0.3629,0.4378,0.5248,0.0364,0.1429,0.0632,0.0801,0.0869,0.1093,0.9212,0.9135,0.8983,0.0536,0.0679,0.0903,0.19339,0.025275233,0.00013185,0.11861257,-0.6884107,0.0106,0.0154,0.0195,0.0217,0.0255,0.028,0.0323,0.0358,0.0409,0.0541
0.3592,0.4163,0.6249,0.0431,0.1329,0.0737,0.084,0.107,0.1206,0.8581,0.9975,0.9624,0.0642,0.0645,0.0669,0.217411,0.028346654,0.0001288,0.07130057,-0.7487418,0.0138,0.0174,0.0216,0.0257,0.0274,0.0313,0.0358,0.04,0.0443,0.055
0.3853,0.4731,0.8774,0.0416,0.1408,0.0715,0.0832,0.0941,0.1084,0.9946,0.8222,0.9825,0.0557,0.0879,0.0937,0.135578,0.026047592,8.31e-05,-0.1956642,-0.5872015,0.0152,0.0179,0.0207,0.0251,0.0263,0.0288,0.0314,0.0355,0.0377,0.045
0.3864,0.43,0.5683,0.0453,0.1267,0.0645,0.0845,0.0905,0.1155,0.9153,0.8973,0.8367,0.0583,0.0689,0.084,0.175864,0.023345511,0.0001047,0.023288194,-0.7370351,0.0099,0.0141,0.0165,0.0213,0.0245,0.0264,0.0298,0.0329,0.0366,0.0492
0.3836,0.412,0.7957,0.0427,0.1414,0.0596,0.0828,0.0994,0.1203,0.8823,0.9648,0.8495,0.0514,0.0704,0.0901,0.196836,0.026639336,8.03e-05,-0.1897627,-0.5085171,0.0143,0.0198,0.0215,0.0246,0.0266,0.0296,0.0317,0.0351,0.0381,0.0469
0.3868,0.4453,0.5372,0.0391,0.1244,0.0731,0.0732,0.0852,0.112,0.8018,0.8138,0.9786,0.0527,0.0749,0.0899,0.15943,0.019099114,7.14e-05,0.03094637,-0.8395368,0.0066,0.0106,0.0138,0.0157,0.0201,0.0214,0.0241,0.0269,0.0306,0.0384
0.3559,0.4601,0.5021,0.0425,0.1209,0.052,0.0732,0.0975,0.1027,0.9597,0.8429,0.8242,0.0785,0.0851,0.0965,0.176141,0.02038417,7.84e-05,0.00394861,-0.6853572,0.0086,0.0123,0.0146,0.0183,0.0206,0.023,0.0251,0.0279,0.0319,0.0461
0.4041,0.4691,0.8291,0.0432,0.1471,0.0497,0.0773,0.1081,0.1359,0.8518,0.8505,0.8946,0.0538,0.0724,0.0943,0.115618,0.020038994,6.16e-05,0.06882808,-0.6189191,0.0098,0.0122,0.0152,0.0172,0.0201,0.0219,0.0249,0.0265,0.0309,0.0403
0.3985,0.4051,0.8581,0.0372,0.1207,0.0527,0.0808,0.0926,0.1001,0.8266,0.8466,0.8824,0.0546,0.0789,0.0926,0.189753,0.026465774,8.22e-05,-0.2109381,-0.3976907,0.0143,0.0186,0.0216,0.0251,0.0268,0.0293,0.0318,0.0344,0.0381,0.0485
0.3731,0.431,0.906,0.0431,0.112,0.062,0.065,0.0764,0.0979,0.9189,0.8526,0.8691,0.0712,0.0885,0.0907,0.188963,0.02875184,9.04e-05,-0.4242829,-0.3329406,0.0153,0.0209,0.0244,0.0262,0.0296,0.032,0.0353,0.0368,0.0405,0.0474
0.3656,0.4799,0.5752,0.0356,0.1257,0.0527,0.0775,0.1067,0.1104,0.8666,0.9135,0.964,0.0553,0.0616,0.0922,0.146253,0.02033746,8.69e-05,0.117611818,-0.7425889,0.007,0.0119,0.0141,0.017,0.0202,0.0226,0.0257,0.0289,0.0329,0.0456
0.3679,0.4288,0.7916,0.0478,0.1386,0.0624,0.0916,0.1078,0.125,0.853,0.9121,0.8846,0.0585,0.0628,0.0864,0.190596,0.030786902,0.00012991,-0.0169557,-0.7413957,0.0162,0.0209,0.0251,0.0269,0.0309,0.035,0.0371,0.042,0.0467,0.0548
0.3982,0.4785,0.812,0.0407,0.1287,0.0554,0.0783,0.0935,0.1158,0.8305,0.888,0.8309,0.0742,0.0912,0.0972,0.118089,0.01964446,6.62e-05,0.169813931,-0.4945551,0.0097,0.0119,0.0153,0.0168,0.0205,0.0218,0.0246,0.0263,0.0308,0.0433
0.4115,0.4156,0.6846,0.0386,0.1483,0.0571,0.1099,0.11,0.1347,0.9497,0.9091,0.8013,0.0595,0.0609,0.0879,0.166122,0.02214736,8.27e-05,0.137068094,-0.4848796,0.0104,0.0143,0.0161,0.0195,0.0217,0.0246,0.0268,0.0306,0.0346,0.0502
0.3683,0.4632,0.8314,0.0485,0.1371,0.0669,0.0987,0.1023,0.1262,0.8379,0.8985,0.9402,0.0753,0.0789,0.0808,0.159712,0.02965037,0.0001231,0.107890002,-0.514849,0.0149,0.0193,0.023,0.0257,0.0294,0.0326,0.0356,0.04,0.0454,0.0579
0.3559,0.444,0.5891,0.0471,0.1331,0.0655,0.0863,0.0917,0.1105,0.8725,0.9996,0.9161,0.0702,0.0767,0.0937,0.191097,0.024470448,0.00010879,0.03911182,-0.7092704,0.0104,0.0148,0.0188,0.022,0.0242,0.0267,0.0307,0.034,0.0388,0.0495
0.3859,0.4735,0.5392,0.0407,0.1138,0.0544,0.0746,0.0866,0.1044,0.8549,0.8374,0.8569,0.068,0.0709,0.0978,0.136053,0.01984767,8.27e-05,0.162490454,-0.6545612,0.0069,0.0115,0.0151,0.0168,0.0207,0.022,0.0251,0.0278,0.0327,0.0436
0.4049,0.444,0.7612,0.0356,0.1422,0.0563,0.0824,0.1144,0.1253,0.8186,0.9228,0.9534,0.0502,0.0548,0.0932,0.140646,0.02049919,6.79e-05,0.03567402,-0.6576658,0.0102,0.0125,0.0157,0.0182,0.0202,0.0229,0.0257,0.028,0.0313,0.0442
0.4085,0.4993,0.7879,0.0461,0.1324,0.0634,0.0835,0.0991,0.119,0.8674,0.9589,0.9841,0.0674,0.0783,0.0792,0.080396,0.01658019,5.6e-05,0.08235446,-0.8980217,0.0061,0.0105,0.0119,0.0146,0.0161,0.0194,0.0211,0.0242,0.0265,0.0354
0.3983,0.4962,0.6442,0.0379,0.13,0.0591,0.0741,0.1007,0.1029,0.8687,0.9108,0.9777,0.0581,0.0747,0.0974,0.101621,0.016859375,6.08e-05,0.11979273,-0.8673674,0.0061,0.0101,0.011,0.0148,0.0159,0.0195,0.0211,0.0244,0.0268,0.0364
0.3816,0.4341,0.5885,0.0471,0.1435,0.061,0.084,0.0957,0.1278,0.8434,0.8613,0.9031,0.081,0.0901,0.0949,0.173812,0.023891573,0.00011046,0.120081837,-0.5307425,0.0103,0.0146,0.0178,0.0209,0.024,0.0265,0.0298,0.0326,0.0374,0.0512
0.3736,0.4841,0.876,0.0413,0.1496,0.0587,0.0886,0.1057,0.128,0.8255,0.9405,0.8357,0.0686,0.0756,0.0863,0.129759,0.02409625,7.78e-05,0.08401567,-0.3237033,0.0116,0.0158,0.0201,0.0213,0.0243,0.0259,0.029,0.0316,0.0359,0.0472
0.3575,0.4559,0.5605,0.0445,0.1213,0.0617,0.0778,0.088,0.1057,0.8122,0.8194,0.8675,0.061,0.0859,0.0975,0.179189,0.023701726,0.00011318,0.08583019,-0.706939,0.01,0.0142,0.0168,0.0202,0.0234,0.0264,0.0303,0.034,0.0375,0.05
0.388,0.4445,0.8128,0.0431,0.1252,0.0632,0.0691,0.0848,0.1089,0.9468,0.882,0.8993,0.058,0.0635,0.0713,0.154611,0.02311468,6.75e-05,-0.0922515,-0.6562215,0.0116,0.0153,0.0193,0.0207,0.0237,0.0257,0.0279,0.0311,0.0345,0.0406
0.3568,0.4076,0.7765,0.0363,0.1305,0.0612,0.0751,0.1012,0.1185,0.983,0.8512,0.8483,0.0703,0.0726,0.0976,0.227145,0.028698171,9.62e-05,-0.0702919,-0.360375,0.0159,0.0205,0.0244,0.0265,0.0291,0.0317,0.0346,0.0369,0.0411,0.0536
0.3837,0.4841,0.6102,0.0408,0.1354,0.0593,0.0726,0.1012,0.1107,0.993,0.9368,0.8237,0.0585,0.0703,0.0711,0.128006,0.01831701,7.49e-05,0.212340226,-0.7426309,0.0064,0.0104,0.0125,0.0154,0.018,0.0207,0.0227,0.0263,0.0303,0.0409
0.3963,0.4635,0.9231,0.0474,0.1195,0.0589,0.0804,0.0922,0.1061,0.9586,0.8602,0.872,0.0502,0.0526,0.0763,0.135028,0.025409878,7.97e-05,-0.2229144,-0.3100027,0.0135,0.0182,0.0208,0.0236,0.0253,0.0276,0.031,0.0334,0.0366,0.0464
0.3574,0.405,0.8668,0.0465,0.1119,0.062,0.0784,0.087,0.096,0.8656,0.9185,0.8514,0.0515,0.0532,0.0691,0.230487,0.03258317,0.00011612,-0.2656191,-0.2700221,0.0194,0.0233,0.0264,0.0298,0.0333,0.0357,0.0388,0.0418,0.046,0.0568
0.386,0.4827,0.8472,0.0393,0.1254,0.0586,0.0678,0.1005,0.1057,0.874,0.9149,0.9084,0.0771,0.0796,0.0848,0.123534,0.021516898,6.7e-05,0.150031612,-0.3489124,0.0113,0.0153,0.0166,0.0195,0.0211,0.0237,0.0261,0.0282,0.0322,0.045
0.3868,0.4714,0.7276,0.0374,0.1302,0.0559,0.0714,0.0985,0.1081,0.9657,0.9796,0.9519,0.0538,0.0855,0.09,0.135983,0.020610663,8.71e-05,0.246918642,-0.4964369,0.0093,0.0108,0.0144,0.0172,0.0205,0.0228,0.0252,0.0286,0.0333,0.0464
0.4143,0.4629,0.8898,0.0403,0.1303,0.0522,0.0681,0.0991,0.1072,0.8571,0.8975,0.8854,0.0574,0.0721,0.1,0.115301,0.02118194,6.07e-05,0.019904921,-0.4554516,0.0111,0.0149,0.0163,0.0199,0.0213,0.0235,0.0255,0.0278,0.0316,0.043
0.4164,0.4698,0.6671,0.0477,0.1127,0.0539,0.0668,0.086,0.1039,0.9665,0.8911,0.9143,0.0627,0.0873,0.088,0.104253,0.015922877,5.13e-05,0.04906753,-1.0001265,0.0059,0.0096,0.0111,0.0146,0.0157,0.018,0.0208,0.0225,0.0259,0.032
0.4076,0.4025,0.5992,0.0356,0.1391,0.0667,0.0798,0.0945,0.1234,0.872,0.8801,0.9371,0.0602,0.0946,0.0968,0.176462,0.02230114,8.93e-05,-0.0302964,-0.8052875,0.01,0.0138,0.0164,0.0207,0.0221,0.0253,0.028,0.0318,0.0347,0.0436
0.3916,0.4754,0.788,0.0449,0.1468,0.0569,0.0814,0.0906,0.1165,0.9073,0.9521,0.9597,0.0712,0.0848,0.0861,0.121252,0.020643631,7.77e-05,0.297505743,-0.1991237,0.0099,0.0116,0.0152,0.0177,0.0213,0.0227,0.0251,0.0277,0.0325,0.0495
0.41,0.4199,0.5415,0.0355,0.1446,0.0502,0.0834,0.0851,0.1264,0.8733,0.918,0.9575,0.0504,0.052,0.0626,0.156612,0.01813247,6.87e-05,0.145360435,-0.7415078,0.0065,0.0104,0.013,0.0152,0.0176,0.0203,0.0231,0.0257,0.0295,0.0403
0.3984,0.4387,0.5629,0.0452,0.1201,0.0682,0.0795,0.0894,0.0966,0.9144,0.8195,0.8497,0.0578,0.0853,0.0872,0.152912,0.0199553,7.58e-05,-0.0283641,-0.8515605,0.0071,0.0111,0.0145,0.017,0.021,0.0224,0.025,0.0276,0.0316,0.0394
0.3761,0.4018,0.8742,0.042,0.1123,0.0644,0.0742,0.0953,0.1008,0.9753,0.9111,0.968,0.0607,0.0872,0.0989,0.213214,0.03179348,0.00010451,-0.3947775,-0.2411231,0.0191,0.0229,0.0264,0.0301,0.033,0.0354,0.038,0.0408,0.0444,0.0532
0.3541,0.4647,0.8566,0.0409,0.1171,0.0518,0.0633,0.0785,0.0927,0.91,0.8146,0.8407,0.0657,0.068,0.0754,0.172949,0.023574402,6.71e-05,-0.1397996,-0.5175948,0.0122,0.016,0.02,0.0215,0.0242,0.0258,0.0282,0.0315,0.0343,0.043
0.3635,0.4518,0.5338,0.0428,0.1358,0.0555,0.0926,0.1022,0.1146,0.8642,0.8845,0.8542,0.0632,0.0767,0.0852,0.177141,0.023897651,0.00012313,0.302537342,-0.2457877,0.0095,0.0136,0.0166,0.0202,0.024,0.0262,0.0304,0.0333,0.0382,0.0602
0.3769,0.4403,0.881,0.0384,0.1103,0.0461,0.0646,0.0797,0.096,0.8379,0.8615,0.8874,0.0603,0.0785,0.0949,0.171712,0.02409381,7.09e-05,-0.1053529,-0.3798238,0.013,0.0166,0.0197,0.0215,0.0253,0.0264,0.029,0.0311,0.0357,0.045
0.3965,0.4943,0.5415,0.0354,0.1113,0.0495,0.0578,0.0842,0.0941,0.8471,0.9151,0.8423,0.0774,0.0938,0.0956,0.104545,0.01445009,4.3e-05,0.166847155,-0.8580707,0.0057,0.0077,0.0105,0.0115,0.0149,0.016,0.0183,0.0209,0.0235,0.032
0.3691,0.4589,0.945,0.0471,0.1201,0.0621,0.0806,0.0919,0.1024,0.9024,0.9874,0.847,0.0544,0.0944,0.0986,0.16603,0.030818475,0.00011499,-0.286441,-0.1219294,0.0154,0.0217,0.0253,0.0289,0.0317,0.0348,0.0366,0.0404,0.0442,0.0583
0.3592,0.417,0.8023,0.0418,0.1249,0.0576,0.0777,0.0846,0.1147,0.9871,0.8478,0.8499,0.0598,0.0785,0.0857,0.218149,0.027041015,8.63e-05,-0.094781,-0.4101534,0.015,0.0191,0.0217,0.0244,0.0268,0.0302,0.0322,0.0358,0.0392,0.051
0.3558,0.49,0.9493,0.0434,0.1478,0.0542,0.0832,0.0876,0.1311,0.8493,0.8652,0.9757,0.0571,0.0592,0.066,0.142266,0.027485552,9.42e-05,-0.3072538,-0.3206355,0.0148,0.0198,0.0225,0.0253,0.0279,0.0304,0.0335,0.0362,0.0394,0.0522
0.4133,0.4375,0.8096,0.048,0.1485,0.0608,0.0823,0.1125,0.1318,0.8722,0.9792,0.9079,0.0689,0.0867,0.0971,0.137108,0.02293721,7.36e-05,-0.0306049,-0.7128278,0.0116,0.0155,0.0175,0.0201,0.0226,0.0258,0.0281,0.031,0.0346,0.0442
0.3915,0.4721,0.5799,0.0472,0.1485,0.0717,0.0944,0.1026,0.1285,0.9809,0.9108,0.8081,0.0532,0.075,0.0822,0.125049,0.02050231,8.44e-05,-0.0499742,-0.9635526,0.0067,0.011,0.0145,0.0176,0.0213,0.024,0.0257,0.0293,0.0324,0.0394
0.3688,0.432,0.7417,0.039,0.1112,0.0487,0.0717,0.0839,0.1044,0.9018,0.9579,0.9062,0.072,0.091,0.0957,0.19552,0.02374182,8.56e-05,0.172835302,-0.3229129,0.0113,0.0154,0.019,0.0207,0.0238,0.0256,0.0287,0.0319,0.0353,0.0517
0.3826,0.4637,0.5151,0.0394,0.1448,0.0471,0.0852,0.0916,0.1314,0.9645,0.8244,0.8856,0.0841,0.0878,0.0968,0.146672,0.01919488,8.1e-05,0.233990879,-0.5717306,0.0068,0.0114,0.0151,0.0164,0.0193,0.0212,0.0253,0.0267,0.0311,0.045
0.4095,0.4642,0.5128,0.039,0.1345,0.0548,0.0833,0.0919,0.1146,0.8374,0.8659,0.8754,0.0869,0.0889,0.0935,0.115654,0.018319312,7.22e-05,0.133218427,-0.783747,0.0065,0.0106,0.0123,0.0155,0.018,0.021,0.0233,0.0256,0.0298,0.0424
0.3838,0.4119,0.9224,0.0438,0.1206,0.0693,0.0887,0.0911,0.1059,0.9305,0.8661,0.8687,0.0734,0.0838,0.0978,0.195253,0.03416763,0.00012541,-0.4482933,-0.2152891,0.0204,0.0249,0.0283,0.0321,0.0349,0.0378,0.0406,0.044,0.0479,0.0559
0.3587,0.4949,0.8398,0.0499,0.1427,0.0768,0.0952,0.1096,0.1184,0.8647,0.8197,0.985,0.0609,0.0694,0.0911,0.135355,0.02626974,8.84e-05,-0.0493205,-0.5995803,0.0138,0.0176,0.021,0.0242,0.0258,0.029,0.0316,0.0352,0.039,0.0472
0.4122,0.4234,0.8068,0.0464,0.1322,0.0637,0.0709,0.0924,0.1094,0.8659,0.8914,0.8745,0.0905,0.096,0.0973,0.158599,0.024779768,7.88e-05,-0.1118494,-0.677413,0.0125,0.0162,0.0196,0.022,0.0255,0.0273,0.0305,0.0324,0.0366,0.0442
0.39,0.4239,0.8881,0.0383,0.1241,0.0487,0.0725,0.0962,0.1005,0.8618,0.8586,0.8258,0.0691,0.0841,0.0971,0.178275,0.02691553,8.57e-05,-0.1902003,-0.4098158,0.0145,0.0195,0.0218,0.0253,0.0272,0.0296,0.0322,0.0349,0.0394,0.0485
0.4192,0.4913,0.8075,0.0425,0.1348,0.0645,0.0746,0.1048,0.1142,0.9895,0.9795,0.859,0.0712,0.0814,0.0949,0.080692,0.01638484,5.32e-05,0.09752757,-0.8894742,0.006,0.0101,0.0115,0.0151,0.016,0.0187,0.0211,0.0231,0.026,0.0332
0.3669,0.4608,0.7097,0.0383,0.1348,0.0536,0.0768,0.0895,0.1081,0.8818,0.8999,0.9093,0.0525,0.0571,0.0671,0.165215,0.023271705,0.00011294,0.27697452,-0.5568687,0.0105,0.0146,0.0165,0.0202,0.0219,0.0258,0.0291,0.0332,0.038,0.0532
0.3969,0.4202,0.5993,0.0415,0.1124,0.0573,0.0741,0.0854,0.1036,0.9164,0.8383,0.9715,0.0525,0.0673,0.0946,0.176137,0.020294781,7.81e-05,0.02499554,-0.8348456,0.0088,0.0115,0.015,0.0176,0.0207,0.0227,0.0256,0.0282,0.0323,0.0418
0.3997,0.4043,0.6738,0.0485,0.1483,0.0691,0.0878,0.0985,0.1251,0.9206,0.8987,0.8876,0.0547,0.0658,0.0998,0.182915,0.02753557,0.00012387,0.07397558,-0.6320863,0.012,0.0166,0.0214,0.0243,0.0273,0.031,0.0338,0.0371,0.0422,0.0559
0.3702,0.492,0.8311,0.0393,0.129,0.0614,0.0779,0.0852,0.1171,0.9127,0.8044,0.8164,0.0599,0.0849,0.0978,0.131616,0.021804804,6.96e-05,0.00527754,-0.6684486,0.011,0.015,0.0163,0.0207,0.0219,0.0249,0.0263,0.0295,0.0327,0.0439
0.3947,0.4676,0.5404,0.0498,0.1288,0.0707,0.0879,0.0887,0.1113,0.92,0.8915,0.9128,0.0662,0.0699,0.0775,0.125458,0.022112072,0.00011033,0.160973411,-0.8235677,0.0094,0.0112,0.0149,0.0187,0.0217,0.0254,0.0283,0.0321,0.036,0.0485
0.4027,0.4788,0.5219,0.0353,0.1152,0.0533,0.0629,0.0942,0.1044,0.8585,0.9888,0.869,0.094,0.0978,0.0991,0.112529,0.015234273,4.82e-05,0.115385264,-0.9234212,0.0058,0.0093,0.0108,0.0125,0.0153,0.0169,0.0203,0.0216,0.0248,0.032
0.3594,0.4835,0.735,0.0468,0.1116,0.053,0.0663,0.0927,0.1019,0.8272,0.8967,0.8446,0.0681,0.0722,0.0808,0.148771,0.02027322,7.47e-05,0.186904064,-0.3684426,0.0097,0.0114,0.0149,0.0173,0.021,0.0225,0.0257,0.0272,0.032,0.0492
0.4148,0.483,0.5485,0.0385,0.1197,0.0556,0.0588,0.0929,0.1103,0.9217,0.8433,0.8793,0.0705,0.0712,0.0852,0.097233,0.015597006,5.28e-05,0.147249544,-0.9347569,0.0059,0.0096,0.0112,0.0134,0.0148,0.0177,0.0203,0.0224,0.0257,0.0339
0.3896,0.4826,0.741,0.0401,0.1459,0.052,0.0926,0.1163,0.1266,0.9388,0.9662,0.9811,0.0713,0.0808,0.0824,0.111182,0.01981486,8.98e-05,0.244469341,-0.7317315,0.0068,0.0111,0.0147,0.0162,0.0201,0.0218,0.0251,0.0284,0.0333,0.043
0.3661,0.4432,0.5431,0.0386,0.1154,0.0518,0.0816,0.0923,0.107,0.9465,0.8004,0.8608,0.06,0.0908,0.0957,0.181404,0.020131207,8.12e-05,0.125655637,-0.6079803,0.008,0.0106,0.0143,0.0171,0.0204,0.0223,0.025,0.0277,0.0323,0.0464
0.3757,0.4745,0.6485,0.0411,0.1344,0.0663,0.0747,0.0805,0.1187,0.8782,0.8394,0.8327,0.079,0.0883,0.0992,0.139196,0.020914562,8.43e-05,-0.0205703,-0.8480439,0.0088,0.0118,0.0153,0.019,0.0212,0.024,0.0259,0.0295,0.0328,0.0424
0.4171,0.4054,0.7034,0.047,0.1491,0.0773,0.0788,0.1009,0.1366,0.9892,0.8976,0.8778,0.0627,0.0842,0.095,0.168081,0.02433716,9.04e-05,-0.0258491,-0.7592077,0.0119,0.0147,0.0196,0.0211,0.0241,0.0264,0.0303,0.0335,0.0369,0.0461
0.396,0.4133,0.8667,0.0358,0.1486,0.0615,0.0791,0.0947,0.1333,0.84,0.9135,0.8313,0.0612,0.0778,0.081,0.177607,0.027019935,8.36e-05,-0.2578665,-0.4706826,0.0144,0.0198,0.0215,0.0246,0.0267,0.0302,0.0328,0.0356,0.0392,0.0464
0.4047,0.4803,0.5403,0.0425,0.1291,0.0546,0.0804,0.1021,0.1022,0.8003,0.9122,0.9288,0.0843,0.0865,0.0884,0.111891,0.017248987,6.32e-05,0.189331253,-0.6920841,0.0063,0.0098,0.0116,0.0145,0.0164,0.0205,0.0218,0.0246,0.0274,0.0394
0.3921,0.4432,0.6441,0.0369,0.1278,0.0499,0.0619,0.0963,0.1125,0.9958,0.9908,0.8066,0.0782,0.0934,0.0983,0.155331,0.017417671,5.78e-05,0.06992621,-0.7460449,0.0065,0.0102,0.0121,0.0148,0.0169,0.0207,0.0219,0.0245,0.027,0.0394
0.372,0.4295,0.6755,0.0411,0.1456,0.0584,0.077,0.0983,0.1274,0.8215,0.883,0.8908,0.0836,0.0909,0.0969,0.182327,0.025558342,0.00011903,0.100335561,-0.679529,0.0113,0.016,0.0203,0.0221,0.026,0.0278,0.0317,0.0362,0.0407,0.055
0.416,0.4235,0.8854,0.0356,0.1453,0.0641,0.0708,0.1101,0.1261,0.9926,0.876,0.8097,0.0617,0.0673,0.0708,0.152501,0.024083807,6.83e-05,-0.2629788,-0.488053,0.0123,0.0159,0.0202,0.0214,0.0245,0.027,0.029,0.0316,0.035,0.0415
0.4021,0.4877,0.7848,0.0398,0.1491,0.0778,0.0905,0.1016,0.13,0.8145,0.9518,0.8849,0.0528,0.0677,0.0768,0.101414,0.02031225,7.85e-05,0.06333398,-0.8630966,0.0089,0.0115,0.0148,0.0171,0.0203,0.0227,0.0258,0.029,0.0326,0.0406
0.3874,0.4867,0.6631,0.05,0.1419,0.0702,0.086,0.1047,0.1251,0.9401,0.899,0.8939,0.0629,0.0668,0.075,0.110849,0.02097897,0.00010084,0.143160807,-0.8877989,0.0068,0.0114,0.0152,0.0174,0.0212,0.0243,0.0261,0.0309,0.0348,0.0433
0.3595,0.426,0.6469,0.0462,0.1301,0.0534,0.0769,0.0974,0.1174,0.9091,0.802,0.8692,0.0511,0.0794,0.0954,0.207212,0.023916315,8.61e-05,0.05351022,-0.488435,0.0109,0.0151,0.0192,0.0218,0.0251,0.0264,0.0295,0.0324,0.0357,0.0492
0.3866,0.4433,0.8567,0.0401,0.1358,0.0546,0.0731,0.1086,0.1186,0.974,0.8598,0.9369,0.0516,0.0546,0.0801,0.158597,0.024659824,7.37e-05,-0.1262136,-0.4924528,0.0144,0.0164,0.0209,0.0223,0.0253,0.0269,0.0299,0.032,0.0358,0.0439
0.3934,0.4259,0.7048,0.0397,0.1475,0.0647,0.0798,0.0921,0.128,0.9271,0.972,0.8182,0.0577,0.0796,0.0807,0.170849,0.02261794,7.8e-05,0.02530375,-0.664203,0.0102,0.0141,0.0169,0.0204,0.0222,0.0249,0.0273,0.031,0.0347,0.0464
0.3861,0.4006,0.7682,0.0484,0.123,0.0634,0.0735,0.1049,0.1128,0.9029,0.8756,0.9553,0.0728,0.0873,0.0941,0.202422,0.027856877,8.88e-05,-0.1624742,-0.5269183,0.015,0.0191,0.0224,0.0254,0.0279,0.0311,0.0339,0.0361,0.04,0.0497
0.4091,0.4293,0.5226,0.037,0.1377,0.0432,0.0807,0.1053,0.1174,0.9266,0.8748,0.8654,0.0576,0.0736,0.077,0.152508,0.0176279,6.57e-05,0.168099016,-0.7397942,0.0064,0.01,0.0119,0.0149,0.0171,0.0198,0.0218,0.0252,0.0282,0.04
0.3773,0.4404,0.8776,0.0466,0.1403,0.0686,0.0861,0.0948,0.1267,0.8848,0.9558,0.812,0.0605,0.0675,0.0777,0.17609,0.029542182,9.98e-05,-0.3042367,-0.4427378,0.016,0.0206,0.0241,0.0267,0.0304,0.0324,0.0361,0.0391,0.0422,0.051
0.4101,0.457,0.5492,0.0489,0.1242,0.07,0.0803,0.0962,0.1059,0.9631,0.8528,0.9477,0.0675,0.0766,0.0887,0.124292,0.01958868,7.65e-05,0.00458148,-0.9389968,0.0066,0.0106,0.0139,0.016,0.0202,0.0219,0.0249,0.0279,0.0316,0.0384
0.3815,0.486,0.6303,0.0411,0.1496,0.0623,0.0807,0.1001,0.1364,0.8148,0.9977,0.9235,0.064,0.078,0.0884,0.121816,0.019103022,7.53e-05,0.06083218,-0.883715,0.0065,0.0105,0.0138,0.0156,0.0202,0.0216,0.0247,0.0267,0.031,0.0391
0.3983,0.4225,0.5223,0.047,0.1102,0.0639,0.0749,0.0955,0.0958,0.9229,0.9083,0.9927,0.0587,0.0707,0.08,0.173382,0.02123315,8.68e-05,0.00978558,-0.7817477,0.0091,0.0122,0.0157,0.0194,0.0217,0.0248,0.0264,0.03,0.0337,0.0439
0.3959,0.4707,0.8043,0.0425,0.1415,0.059,0.086,0.1028,0.1269,0.8806,0.8599,0.9656,0.0686,0.0785,0.0829,0.117582,0.019629984,6.13e-05,0.04793724,-0.6903896,0.0093,0.0116,0.0146,0.0167,0.0206,0.0218,0.0244,0.0263,0.0305,0.0394
0.3753,0.4935,0.7538,0.0443,0.1392,0.0634,0.0756,0.0911,0.1035,0.9685,0.8741,0.8778,0.0547,0.0703,0.0763,0.121829,0.019715428,7.64e-05,0.108965544,-0.83319445,0.0086,0.0111,0.0144,0.0164,0.0196,0.0215,0.025,0.0275,0.0318,0.04
0.4158,0.4531,0.6695,0.0405,0.1138,0.0572,0.0601,0.0747,0.1033,0.8994,0.8949,0.9159,0.0697,0.0826,0.0872,0.121654,0.01693845,5.75e-05,0.06264645,-0.893088,0.0061,0.0107,0.0121,0.0149,0.0165,0.02,0.0214,0.025,0.0268,0.0354
0.3804,0.4746,0.659,0.0385,0.1392,0.0568,0.0715,0.1074,0.1295,0.8109,0.9393,0.9569,0.0602,0.078,0.082,0.141667,0.019899868,8.63e-05,0.285690476,-0.4219759,0.0069,0.0106,0.0142,0.0166,0.0203,0.0216,0.0249,0.0278,0.0319,0.0472
0.3697,0.4267,0.8344,0.0494,0.1181,0.0641,0.0787,0.0937,0.1028,0.9269,0.8795,0.9871,0.0506,0.072,0.0953,0.194174,0.029545786,0.00010137,-0.1768639,-0.4475944,0.0161,0.0206,0.0247,0.0269,0.0303,0.033,0.0354,0.0386,0.0425,0.0532
0.3801,0.4153,0.8144,0.0456,0.1368,0.0658,0.0785,0.0956,0.124,0.86,0.829,0.8599,0.0585,0.0777,0.092,0.198873,0.03110974,0.00011935,0.031225593,-0.2810736,0.016,0.021,0.0252,0.0272,0.0312,0.0336,0.037,0.0404,0.0451,0.0602
0.3617,0.4739,0.6343,0.0373,0.132,0.0654,0.0765,0.1021,0.1166,0.937,0.9017,0.9572,0.0643,0.0819,0.0941,0.15914,0.02376205,0.00011987,0.152671665,-0.7356921,0.0099,0.014,0.0163,0.0212,0.0244,0.0264,0.0301,0.0337,0.0389,0.0492
0.3859,0.4292,0.907,0.043,0.1497,0.0606,0.0931,0.1221,0.1323,0.8121,0.9811,0.9764,0.0512,0.082,0.0913,0.16402,0.030492734,0.00011723,-0.145285,-0.2879375,0.0157,0.0209,0.0248,0.0277,0.0309,0.0346,0.0365,0.0404,0.0442,0.0585
0.4087,0.4909,0.9173,0.0368,0.1425,0.0612,0.0703,0.1053,0.1173,0.9604,0.9757,0.8206,0.077,0.0798,0.0844,0.090228,0.020382109,5.7e-05,-0.0099605,-0.5566362,0.0103,0.0138,0.0153,0.0182,0.0211,0.0222,0.0248,0.0268,0.0305,0.0394
0.3793,0.4267,0.7282,0.0487,0.1495,0.0643,0.0882,0.1144,0.1396,0.9032,0.8169,0.965,0.0842,0.0896,0.0932,0.18169,0.02686997,0.00010168,-0.0202684,-0.6732943,0.0136,0.0174,0.0207,0.0239,0.0263,0.0301,0.0325,0.0364,0.0402,0.051
0.3852,0.4563,0.7327,0.0466,0.1343,0.0669,0.0868,0.0888,0.1249,0.9411,0.8196,0.8565,0.0634,0.0835,0.089,0.146674,0.02194141,7.72e-05,0.00631981,-0.7542641,0.0104,0.0143,0.0158,0.0201,0.0213,0.0244,0.0272,0.0303,0.0338,0.0415
0.3995,0.4594,0.6076,0.05,0.1192,0.0677,0.0852,0.0962,0.1069,0.8787,0.8861,0.9313,0.0834,0.091,0.0961,0.135132,0.020954555,9.12e-05,0.08483642,-0.7854422,0.0082,0.0107,0.0146,0.0184,0.0208,0.0237,0.0259,0.0303,0.0343,0.0464
0.3724,0.4225,0.5744,0.0395,0.1327,0.0663,0.0837,0.0878,0.1142,0.9285,0.8832,0.9784,0.0578,0.0751,0.0816,0.197307,0.02443526,0.00011214,0.08022227,-0.735333,0.0103,0.0145,0.0179,0.0216,0.0251,0.0267,0.0307,0.0342,0.0388,0.049
0.3689,0.4619,0.8692,0.0422,0.1264,0.0588,0.063,0.084,0.1101,0.8419,0.9513,0.9392,0.0577,0.0766,0.0908,0.162151,0.02578222,7.6e-05,-0.2667274,-0.4781863,0.0137,0.0186,0.0207,0.0239,0.0261,0.0285,0.0316,0.0336,0.0366,0.0458
0.3966,0.4185,0.662,0.0445,0.1257,0.0587,0.07,0.0884,0.117,0.9136,0.9505,0.904,0.0679,0.0842,0.09,0.178429,0.022798046,8.79e-05,-0.0611112,-0.8550887,0.0106,0.0149,0.0164,0.021,0.0225,0.0258,0.0289,0.0317,0.035,0.0439
0.3882,0.4882,0.6482,0.049,0.1402,0.0561,0.0925,0.1143,0.1171,0.9227,0.9594,0.8829,0.0753,0.087,0.0876,0.110738,0.019541365,8.02e-05,0.169145585,-0.6605516,0.0069,0.0114,0.0151,0.0164,0.0194,0.0214,0.025,0.0273,0.0317,0.0442
0.3873,0.4231,0.7147,0.0458,0.1343,0.0575,0.0823,0.1023,0.1211,0.8508,0.9468,0.9708,0.0617,0.0817,0.0909,0.181692,0.02448934,8.9e-05,0.028396982,-0.6023256,0.0108,0.0153,0.0202,0.0216,0.0248,0.0267,0.0301,0.0325,0.0365,0.0474
0.4017,0.4288,0.7432,0.0358,0.1101,0.048,0.0706,0.079,0.0899,0.8328,0.9132,0.8248,0.0546,0.0861,0.0924,0.164186,0.018639608,5.54e-05,0.0129143,-0.7759482,0.0101,0.0119,0.0146,0.0161,0.019,0.0211,0.0228,0.0259,0.0289,0.0357
0.4086,0.4267,0.5594,0.0471,0.1124,0.0581,0.0696,0.0892,0.0954,0.8674,0.997,0.9326,0.0652,0.0726,0.0882,0.159663,0.018675566,6.86e-05,-0.0009182,-0.9319236,0.0064,0.0106,0.0146,0.0158,0.0194,0.0209,0.0242,0.0259,0.0303,0.0367
0.3691,0.4361,0.887,0.0389,0.1366,0.0555,0.0592,0.0863,0.1195,0.9783,0.8409,0.8272,0.0528,0.0617,0.0683,0.188064,0.02525343,7.04e-05,-0.3707996,-0.3672719,0.0152,0.0181,0.0207,0.025,0.0261,0.0275,0.0303,0.0327,0.0362,0.045
0.4078,0.4865,0.8543,0.0485,0.1208,0.0657,0.0709,0.0893,0.1105,0.9317,0.8528,0.8902,0.0631,0.0718,0.09,0.100086,0.020268157,6.29e-05,-0.0249083,-0.7609947,0.0104,0.0118,0.0158,0.0177,0.0206,0.0221,0.0254,0.0274,0.0309,0.0377
0.3512,0.463,0.8659,0.0355,0.1257,0.061,0.0789,0.0906,0.1167,0.8144,0.8964,0.8272,0.0601,0.0693,0.071,0.177793,0.02786983,0.00010254,-0.021826,-0.4640217,0.0153,0.0197,0.0216,0.0254,0.0279,0.031,0.0339,0.0369,0.0408,0.0532
0.3666,0.4099,0.5222,0.0473,0.1149,0.0569,0.0783,0.0935,0.0975,0.8847,0.8672,0.851,0.0653,0.0815,0.093,0.218561,0.025207463,0.00011801,0.04671607,-0.6904821,0.011,0.0159,0.0202,0.022,0.0259,0.0275,0.0313,0.0359,0.0405,0.055
0.379,0.4956,0.621,0.0412,0.1476,0.0521,0.075,0.1165,0.1343,0.8448,0.83,0.8931,0.0547,0.0554,0.0857,0.113519,0.019128779,8.35e-05,0.221928095,-0.7143474,0.0066,0.0108,0.0142,0.0158,0.019,0.0213,0.0245,0.027,0.0315,0.0427
0.4036,0.4524,0.5792,0.0386,0.128,0.0585,0.076,0.1052,0.1166,0.8589,0.8012,0.8466,0.0536,0.0595,0.0925,0.133446,0.01929715,7.27e-05,-0.0187292,-0.8718521,0.0067,0.011,0.0145,0.0166,0.02,0.0218,0.0254,0.0272,0.0308,0.0409
0.4111,0.4224,0.6163,0.0425,0.1357,0.0691,0.0753,0.0915,0.1086,0.9224,0.8419,0.8441,0.0567,0.0818,0.0956,0.158314,0.020626428,7.88e-05,-0.0628258,-0.9103184,0.0086,0.0113,0.0148,0.0182,0.0213,0.024,0.0256,0.029,0.0322,0.0394
0.4187,0.4054,0.6754,0.0458,0.145,0.0676,0.0826,0.1059,0.1186,0.9392,0.9914,0.8034,0.0856,0.0921,0.096,0.168021,0.02272121,8.64e-05,-0.0334317,-0.8436197,0.0107,0.0147,0.0165,0.0207,0.0227,0.0254,0.0283,0.032,0.0349,0.043
0.3539,0.4947,0.8659,0.0475,0.1152,0.0605,0.0792,0.0823,0.101,0.9433,0.9793,0.9566,0.0624,0.074,0.099,0.144979,0.0269881,0.00011231,0.27109588,-0.1582973,0.0134,0.0179,0.0208,0.0241,0.0262,0.0294,0.033,0.0362,0.0415,0.0589
0.4062,0.4717,0.8919,0.0486,0.1275,0.0575,0.0798,0.0946,0.1059,0.8237,0.9113,0.9092,0.0593,0.0677,0.0883,0.110881,0.0223696,6.47e-05,-0.0606075,-0.503643,0.0117,0.0155,0.0175,0.0211,0.0223,0.0251,0.0267,0.0298,0.0323,0.0439
0.3684,0.4348,0.7876,0.0463,0.117,0.0634,0.0777,0.0955,0.1012,0.984,0.9404,0.806,0.0866,0.0867,0.0979,0.192149,0.02708861,9.25e-05,-0.044344,-0.4629528,0.0148,0.0193,0.0212,0.0246,0.0267,0.0298,0.0328,0.0356,0.0391,0.0522
0.3759,0.4214,0.9149,0.0408,0.1186,0.0506,0.0661,0.0955,0.1078,0.9635,0.9187,0.928,0.0524,0.054,0.0859,0.190982,0.028459374,9.45e-05,-0.2478217,-0.2081424,0.016,0.0208,0.0246,0.0262,0.0292,0.0318,0.0347,0.0365,0.0407,0.0541
0.4047,0.4666,0.6665,0.0389,0.1466,0.063,0.0752,0.0986,0.1282,0.9647,0.912,0.9631,0.0654,0.0731,0.0751,0.12017,0.019403673,7.73e-05,0.12239238,-0.7334637,0.0067,0.011,0.0145,0.0159,0.0201,0.0213,0.0243,0.0274,0.0314,0.0415
0.3583,0.4735,0.7981,0.0413,0.1262,0.0589,0.0703,0.0933,0.1003,0.8216,0.9625,0.9062,0.075,0.0861,0.0969,0.159903,0.022910952,7.19e-05,-0.0152176,-0.636027,0.0118,0.0143,0.0181,0.0206,0.0228,0.0253,0.0271,0.0307,0.0342,0.0453
0.3674,0.4306,0.5371,0.0446,0.115,0.0584,0.082,0.0932,0.0969,0.9818,0.8968,0.8676,0.0734,0.0837,0.0901,0.19456,0.022284637,9.52e-05,0.037874517,-0.7566537,0.0095,0.0124,0.0159,0.0203,0.022,0.0251,0.0279,0.0312,0.0354,0.0469
0.4136,0.4772,0.8053,0.0404,0.1476,0.0709,0.0971,0.1172,0.1174,0.8148,0.8511,0.9951,0.0719,0.0733,0.0857,0.100235,0.018338426,5.89e-05,0.01345121,-0.8633515,0.008,0.0115,0.0143,0.0156,0.0185,0.0209,0.0227,0.0257,0.0289,0.0354
0.4023,0.4509,0.9182,0.0387,0.1372,0.0674,0.0704,0.092,0.1044,0.9124,0.8978,0.9192,0.0695,0.091,0.093,0.138066,0.027680977,8.94e-05,-0.3188486,-0.4531368,0.0146,0.0203,0.0219,0.0252,0.0282,0.031,0.034,0.0363,0.04,0.0472
0.4087,0.4579,0.5287,0.0366,0.1245,0.0543,0.0731,0.0909,0.1052,0.9586,0.9755,0.9345,0.0603,0.0714,0.0965,0.128815,0.01817347,6.94e-05,0.150732918,-0.7419,0.0065,0.0104,0.0131,0.0153,0.0179,0.0204,0.0228,0.0257,0.03,0.0403
0.3529,0.4376,0.8092,0.037,0.1252,0.0721,0.0732,0.0864,0.0992,0.8621,0.8766,0.8483,0.0581,0.0675,0.0789,0.196688,0.03024618,0.00011731,-0.0411458,-0.5383849,0.0149,0.021,0.0238,0.0267,0.0305,0.0333,0.0365,0.0406,0.0448,0.0552
0.4122,0.4535,0.8564,0.0389,0.1118,0.0558,0.0731,0.0763,0.0869,0.8229,0.9621,0.9405,0.0676,0.0695,0.0884,0.126906,0.019244262,4.86e-05,-0.075686,-0.6365203,0.0109,0.0125,0.0152,0.0171,0.0204,0.0214,0.0234,0.0259,0.0284,0.0357
0.4048,0.4781,0.6417,0.0363,0.1368,0.0611,0.0676,0.0923,0.1217,0.9915,0.8539,0.9609,0.0643,0.0717,0.0791,0.110873,0.016415762,5.53e-05,0.121620158,-0.8410697,0.0061,0.0104,0.0119,0.0146,0.0159,0.019,0.021,0.0231,0.0262,0.0354
0.3927,0.4272,0.5621,0.0453,0.1419,0.0661,0.0863,0.101,0.1119,0.9231,0.926,0.9345,0.0619,0.078,0.0841,0.17158,0.024008073,0.00011147,0.07114506,-0.6756006,0.0103,0.0146,0.0179,0.0209,0.024,0.0265,0.0302,0.0337,0.0383,0.051
0.3598,0.4221,0.6551,0.0491,0.15,0.0714,0.1068,0.1204,0.1296,0.9347,0.8767,0.8531,0.0543,0.075,0.09,0.201408,0.02950974,0.00012294,-0.0402544,-0.7475934,0.0154,0.0202,0.0232,0.0261,0.03,0.0334,0.036,0.0402,0.0448,0.0541
0.3646,0.4769,0.7133,0.0351,0.1478,0.0618,0.0898,0.1027,0.1196,0.8264,0.8793,0.9107,0.055,0.0614,0.077,0.149709,0.02348478,0.00011833,0.312340872,-0.4770926,0.0104,0.0139,0.0166,0.0204,0.0228,0.0262,0.0291,0.0333,0.0381,0.0534
0.3592,0.4407,0.7093,0.0386,0.1441,0.0618,0.064,0.0903,0.116,0.9755,0.9064,0.8643,0.0724,0.0738,0.0999,0.192519,0.024091485,8.48e-05,-0.022593,-0.6421597,0.012,0.0148,0.0196,0.0211,0.024,0.0261,0.03,0.0326,0.0358,0.0461
0.3771,0.4358,0.9095,0.0485,0.1227,0.0603,0.0761,0.0854,0.1061,0.8617,0.9616,0.918,0.0586,0.0895,0.0964,0.181043,0.02953729,9.44e-05,-0.3648502,-0.13954,0.0161,0.0213,0.0246,0.0273,0.0305,0.0324,0.0357,0.0375,0.0417,0.051
0.418,0.4573,0.9116,0.0401,0.1241,0.0492,0.0843,0.0942,0.115,0.8238,0.8656,0.8829,0.0682,0.0685,0.0845,0.11758,0.022033469,6.15e-05,-0.1201061,-0.4449159,0.0112,0.015,0.0178,0.0204,0.0214,0.0243,0.0266,0.0287,0.0322,0.0415
0.4045,0.4616,0.8605,0.0417,0.1446,0.0778,0.0789,0.1033,0.1195,0.8932,0.9817,0.8188,0.0763,0.0776,0.0851,0.127783,0.025127566,8.17e-05,-0.0983807,-0.6038353,0.0129,0.0162,0.02,0.0221,0.0254,0.0273,0.0308,0.0333,0.0367,0.0456
0.3861,0.4977,0.5909,0.0433,0.1233,0.0594,0.0741,0.0749,0.1083,0.879,0.8953,0.9009,0.0703,0.0823,0.0823,0.106512,0.018171061,7.22e-05,0.143086617,-0.8731596,0.0064,0.0101,0.0119,0.0149,0.0176,0.0211,0.0234,0.0256,0.03,0.0394
0.3619,0.4301,0.7662,0.0429,0.1344,0.0676,0.0725,0.0939,0.1133,0.9754,0.8662,0.9405,0.0733,0.0908,0.0982,0.198757,0.028243,0.0001065,0.021369501,-0.5776192,0.015,0.0195,0.0216,0.0252,0.028,0.0307,0.0341,0.0374,0.042,0.0522
0.3508,0.4765,0.7251,0.0454,0.1196,0.0577,0.0721,0.093,0.1056,0.8514,0.9783,0.9396,0.0759,0.0814,0.087,0.163483,0.022324311,8.06e-05,-0.0260012,-0.7418743,0.011,0.0152,0.0167,0.02,0.0221,0.0257,0.027,0.0305,0.0351,0.045
0.4154,0.4915,0.7669,0.0381,0.1136,0.0568,0.0761,0.0922,0.1019,0.9468,0.9108,0.958,0.0751,0.0807,0.0994,0.08559,0.016389219,6.04e-05,0.185858031,-0.8700828,0.006,0.0101,0.0117,0.0144,0.0157,0.0189,0.0211,0.0238,0.0268,0.0354
0.4142,0.4503,0.6672,0.0443,0.1108,0.0535,0.0668,0.0791,0.1025,0.9347,0.8975,0.9862,0.054,0.0623,0.0836,0.128685,0.01689199,5.73e-05,0.03752397,-0.9513984,0.0061,0.0106,0.012,0.0148,0.0165,0.0202,0.0214,0.0249,0.0268,0.0354
0.4029,0.4529,0.5454,0.047,0.1212,0.0603,0.0769,0.097,0.1034,0.9369,0.8858,0.8306,0.0823,0.0849,0.0943,0.137371,0.018995017,7.2e-05,0.015531067,-0.9022481,0.0065,0.0108,0.015,0.0162,0.02,0.0211,0.025,0.0266,0.0306,0.0377
0.4156,0.4127,0.5843,0.039,0.1155,0.0481,0.0721,0.0742,0.0933,0.8294,0.9364,0.8034,0.0816,0.092,0.0941,0.168194,0.016657828,5.41e-05,0.05426683,-0.8831524,0.0061,0.0106,0.0119,0.0146,0.0161,0.0201,0.0211,0.0235,0.026,0.035
0.3877,0.4336,0.8636,0.0407,0.1262,0.0524,0.0589,0.1027,0.1167,0.901,0.871,0.9661,0.0813,0.0922,0.0944,0.173263,0.024666106,7.66e-05,-0.0987734,-0.4354992,0.0133,0.0168,0.0206,0.0222,0.0254,0.0271,0.0294,0.0324,0.0363,0.0482
0.3932,0.432,0.8269,0.0497,0.1475,0.0745,0.0763,0.1026,0.1092,0.8126,0.961,0.9444,0.0765,0.0889,0.0909,0.164045,0.027679304,9.58e-05,-0.0733444,-0.5298248,0.0149,0.019,0.0217,0.0253,0.0272,0.0307,0.0338,0.0364,0.0406,0.0502
0.3588,0.4079,0.8336,0.048,0.1176,0.0641,0.0749,0.0863,0.1052,0.8644,0.9132,0.8754,0.0648,0.0721,0.0726,0.223993,0.03258323,0.00010704,-0.4137996,-0.3369072,0.0197,0.0245,0.0273,0.0308,0.034,0.0361,0.0395,0.042,0.0453,0.0536
0.4024,0.4904,0.7817,0.0437,0.1355,0.0573,0.0746,0.0972,0.1281,0.9658,0.9918,0.9762,0.0892,0.0912,0.0973,0.088429,0.017299224,6.59e-05,0.279176818,-0.5455002,0.0064,0.01,0.0117,0.0148,0.016,0.02,0.0212,0.0244,0.0282,0.0415
0.3993,0.4841,0.9213,0.0472,0.148,0.0708,0.1005,0.1081,0.1157,0.8418,0.826,0.9233,0.0609,0.085,0.094,0.10635,0.026124195,7.82e-05,-0.3610999,-0.4063325,0.0153,0.019,0.0212,0.0254,0.0265,0.0293,0.0315,0.0351,0.0369,0.045
0.3593,0.4379,0.9017,0.0398,0.1119,0.0508,0.0739,0.0859,0.0938,0.9382,0.9362,0.8986,0.0611,0.0729,0.0792,0.196297,0.02935282,9.77e-05,-0.2592534,-0.3287358,0.0159,0.0208,0.0241,0.0265,0.0299,0.0321,0.0358,0.038,0.0421,0.051
0.3765,0.438,0.8563,0.0362,0.1251,0.05,0.0687,0.0882,0.1042,0.8793,0.9489,0.8611,0.0803,0.0897,0.0922,0.17865,0.024285369,7.25e-05,-0.077455,-0.4017719,0.0131,0.0164,0.0203,0.0216,0.0246,0.026,0.0293,0.0317,0.0357,0.0472
0.3952,0.4774,0.7375,0.0451,0.1168,0.0652,0.0681,0.0817,0.1027,0.9175,0.8908,0.9141,0.0663,0.0737,0.0789,0.119455,0.019230375,6.8e-05,0.00979702,-0.8505583,0.0083,0.0109,0.014,0.016,0.0204,0.0216,0.0246,0.0266,0.0306,0.0391
0.4186,0.4517,0.6045,0.0394,0.1264,0.062,0.0729,0.0755,0.1143,0.9807,0.8536,0.826,0.0644,0.0794,0.0843,0.122465,0.01628298,5.44e-05,0.07940374,-0.9176984,0.0059,0.01,0.0115,0.0152,0.0161,0.0191,0.0204,0.023,0.0263,0.0335
0.3689,0.4516,0.91,0.0474,0.131,0.062,0.082,0.0831,0.1176,0.9745,0.8294,0.9723,0.0617,0.0824,0.0832,0.167295,0.030282188,0.00010793,-0.235627,-0.2490423,0.0156,0.0217,0.0251,0.0277,0.0311,0.0335,0.0361,0.0391,0.0428,0.0559
0.3932,0.4049,0.6416,0.0482,0.138,0.0638,0.0765,0.1016,0.1249,0.8141,0.9274,0.8364,0.0579,0.064,0.0881,0.195086,0.02389719,8.95e-05,-0.0460808,-0.8191193,0.0115,0.0157,0.0187,0.0208,0.0252,0.0265,0.0297,0.0328,0.0366,0.045
0.3678,0.4997,0.717,0.047,0.1379,0.0734,0.0925,0.1103,0.1219,0.8809,0.8896,0.9524,0.0516,0.0806,0.0935,0.116945,0.02284144,0.00011632,0.130419537,-0.8889371,0.0095,0.0113,0.0153,0.0202,0.0221,0.026,0.0292,0.0332,0.0378,0.0485
0.3772,0.4144,0.6707,0.0483,0.1223,0.062,0.0719,0.0919,0.1117,0.8644,0.9865,0.845,0.0546,0.0695,0.0832,0.199833,0.02318638,7.69e-05,-0.0823648,-0.7138889,0.0114,0.0154,0.0182,0.0214,0.0244,0.0259,0.0285,0.0313,0.0349,0.0439
0.3814,0.468,0.8259,0.0433,0.1141,0.0521,0.0785,0.0876,0.0992,0.8959,0.9437,0.8003,0.0789,0.084,0.084,0.145082,0.02116256,6.09e-05,0.02862164,-0.5064864,0.0109,0.0147,0.0161,0.0202,0.0212,0.0233,0.0251,0.0272,0.0314,0.0424
0.39,0.478,0.6515,0.0381,0.1175,0.0525,0.0691,0.083,0.101,0.8403,0.8215,0.8351,0.0725,0.0995,0.0996,0.12528,0.018324972,7.74e-05,0.249244368,-0.689220793,0.0065,0.0105,0.0123,0.0155,0.0177,0.0209,0.0234,0.026,0.0309,0.043
0.3798,0.4434,0.776,0.0389,0.1253,0.0535,0.062,0.0711,0.1093,0.8392,0.817,0.9924,0.0527,0.0737,0.0941,0.169599,0.01905088,4.93e-05,-0.0972946,-0.7389321,0.0105,0.0121,0.0149,0.0166,0.0203,0.0211,0.0229,0.0255,0.0277,0.035
0.3765,0.4498,0.9027,0.0428,0.1196,0.0548,0.076,0.098,0.1076,0.9855,0.8516,0.9046,0.0641,0.0707,0.0917,0.166877,0.02658921,8.76e-05,-0.1597254,-0.420982,0.0142,0.0199,0.0213,0.0245,0.0261,0.0295,0.0317,0.0354,0.039,0.0472
0.3712,0.438,0.945,0.0363,0.126,0.0519,0.0666,0.1012,0.1087,0.8002,0.9228,0.808,0.0576,0.0799,0.0999,0.18151,0.02707247,8.8e-05,-0.3892628,-0.2813826,0.0141,0.0205,0.0224,0.0257,0.0269,0.0305,0.0328,0.035,0.0387,0.049
0.3761,0.4135,0.6821,0.0417,0.1254,0.0608,0.0714,0.0967,0.118,0.8534,0.8258,0.8644,0.0625,0.0638,0.0839,0.206125,0.026632101,0.00010424,0.00587753,-0.6576013,0.0122,0.0165,0.0204,0.0239,0.026,0.0295,0.0326,0.0357,0.0406,0.052
0.4136,0.4264,0.7799,0.0422,0.1126,0.0597,0.065,0.0867,0.0988,0.9508,0.9423,0.953,0.055,0.0836,0.0856,0.151695,0.021492052,6.24e-05,-0.076124,-0.6912881,0.0104,0.014,0.0162,0.0204,0.0215,0.0241,0.0261,0.0285,0.0318,0.0391
0.3873,0.4179,0.6155,0.0468,0.1469,0.0677,0.0755,0.1019,0.1366,0.9618,0.9536,0.91,0.0504,0.0531,0.0687,0.176104,0.02464273,0.00011518,0.07650815,-0.7807059,0.0106,0.0149,0.0184,0.0211,0.0243,0.027,0.031,0.0356,0.0396,0.051
0.367,0.4846,0.9284,0.0353,0.1319,0.044,0.0807,0.1033,0.1102,0.8448,0.9723,0.9412,0.0614,0.0636,0.0749,0.139509,0.023721328,7.23e-05,-0.1934194,-0.5418999,0.0118,0.0156,0.0201,0.0213,0.0241,0.0261,0.0286,0.0317,0.0353,0.0418
0.4142,0.4491,0.5934,0.0372,0.1321,0.0525,0.0733,0.0983,0.122,0.9909,0.8262,0.8149,0.0626,0.0667,0.0721,0.127196,0.01542032,4.84e-05,0.07750807,-0.9705168,0.0058,0.0094,0.0109,0.0131,0.0155,0.0171,0.0204,0.0219,0.0251,0.032
0.3873,0.4647,0.6428,0.036,0.122,0.0483,0.078,0.0809,0.1094,0.8399,0.9554,0.9448,0.0649,0.0802,0.0918,0.1382,0.017471609,6.49e-05,0.194204095,-0.6072696,0.0065,0.0105,0.0123,0.0154,0.0166,0.0208,0.0221,0.0252,0.0281,0.0439
0.3641,0.4235,0.6175,0.0388,0.1255,0.0524,0.0729,0.0924,0.1038,0.8393,0.9534,0.9623,0.0638,0.0708,0.0991,0.204542,0.022881166,9.39e-05,0.114982518,-0.5688652,0.0103,0.0143,0.0165,0.0198,0.0223,0.0255,0.028,0.032,0.0356,0.05
0.4168,0.4666,0.8015,0.0373,0.1284,0.054,0.0686,0.0944,0.1126,0.9003,0.992,0.9366,0.0516,0.0576,0.0828,0.11004,0.01720671,5.15e-05,0.08991621,-0.7343843,0.0067,0.0112,0.0123,0.0149,0.0165,0.0203,0.0212,0.0245,0.0263,0.035
0.355,0.4633,0.587,0.0497,0.1432,0.0574,0.1027,0.1082,0.1236,0.8003,0.8369,0.8217,0.0665,0.077,0.0897,0.173059,0.02797314,0.00017167,0.08111579,-0.8679313,0.0104,0.0148,0.0194,0.0238,0.0274,0.032,0.0358,0.0404,0.0461,0.0579
0.3879,0.4224,0.5965,0.0366,0.1438,0.0512,0.0872,0.0873,0.1346,0.9249,0.8374,0.8955,0.0587,0.079,0.0927,0.176981,0.020650886,8.03e-05,0.049757446,-0.7363469,0.0094,0.0123,0.0144,0.0183,0.0207,0.0231,0.0258,0.0287,0.0325,0.0453
0.3795,0.4339,0.8628,0.0476,0.1321,0.0629,0.082,0.1044,0.116,0.8866,0.8311,0.8093,0.065,0.0652,0.0672,0.177467,0.028931001,9.63e-05,-0.197711,-0.3007737,0.0162,0.0208,0.0247,0.0263,0.0298,0.0324,0.0352,0.0372,0.0412,0.0541
0.4136,0.4167,0.8914,0.0437,0.1355,0.062,0.0891,0.0987,0.1225,0.8808,0.9813,0.8623,0.0506,0.0573,0.0777,0.160185,0.02750434,8.07e-05,-0.45306,-0.3374945,0.0158,0.0199,0.0226,0.026,0.0276,0.0307,0.0336,0.0361,0.0389,0.045
0.3886,0.4559,0.6695,0.0448,0.129,0.0649,0.0818,0.0891,0.1218,0.8814,0.9545,0.9028,0.0605,0.0816,0.0925,0.149937,0.022368608,0.00010306,0.117399204,-0.7686459,0.0095,0.0113,0.0156,0.0203,0.0218,0.0252,0.028,0.0317,0.0361,0.0474
0.3613,0.4693,0.8951,0.0448,0.1411,0.0707,0.0943,0.1032,0.1273,0.919,0.8756,0.8392,0.0668,0.0724,0.079,0.156378,0.031993485,0.00013324,-0.0551779,-0.4458815,0.0164,0.0213,0.0255,0.0292,0.0319,0.0347,0.0381,0.0423,0.0471,0.0602
0.3885,0.4094,0.8674,0.0438,0.1245,0.0815,0.0888,0.0973,0.1146,0.8687,0.9025,0.9927,0.0662,0.0807,0.0855,0.193209,0.03345928,0.00012043,-0.3046146,-0.2794071,0.0202,0.0238,0.0275,0.0307,0.0341,0.0367,0.0398,0.0429,0.0474,0.0568
0.3796,0.4911,0.7123,0.0388,0.1359,0.0619,0.0829,0.0881,0.1217,0.8841,0.8684,0.8885,0.0797,0.0814,0.0843,0.116572,0.0198488,8.59e-05,0.21567472,-0.6284956,0.007,0.0104,0.0138,0.0161,0.02,0.0218,0.0249,0.0281,0.0326,0.0464
0.3982,0.4386,0.5225,0.0364,0.1325,0.0518,0.0805,0.0894,0.1127,0.8686,0.8746,0.9713,0.0651,0.091,0.0943,0.158358,0.018419374,7.13e-05,0.16789423,-0.7063314,0.0066,0.0106,0.0123,0.0154,0.0187,0.0207,0.0232,0.0262,0.0299,0.0415
0.3923,0.4354,0.6363,0.0421,0.1342,0.0643,0.0685,0.0954,0.1126,0.9117,0.8239,0.9811,0.0597,0.0895,0.0919,0.168271,0.020862802,7.75e-05,-0.070268,-0.8485695,0.009,0.0118,0.0152,0.0192,0.0208,0.0246,0.026,0.0292,0.0326,0.0403
0.3831,0.4793,0.9299,0.0397,0.1459,0.0602,0.0804,0.1019,0.1107,0.9946,0.854,0.93,0.0668,0.0882,0.0917,0.123155,0.02556516,8.54e-05,-0.1128269,-0.4501751,0.0135,0.0174,0.0206,0.023,0.0251,0.0276,0.0312,0.0342,0.0376,0.0464
0.3554,0.4715,0.6887,0.036,0.1335,0.049,0.0803,0.1001,0.1267,0.8803,0.9346,0.9599,0.0735,0.0824,0.0906,0.16572,0.021943761,9.37e-05,0.181061806,-0.5571732,0.0097,0.0122,0.0156,0.0201,0.0215,0.0247,0.0268,0.0307,0.0352,0.0474
0.3966,0.4586,0.8135,0.0437,0.1433,0.0589,0.088,0.11,0.1326,0.86,0.9315,0.9565,0.07,0.0701,0.0908,0.129525,0.02294323,7.74e-05,0.07830619,-0.4974451,0.0116,0.0157,0.0175,0.0204,0.0226,0.0259,0.0271,0.0306,0.0352,0.045
0.3553,0.4294,0.5223,0.0458,0.1381,0.0607,0.0867,0.0964,0.114,0.8147,0.8493,0.912,0.0513,0.0665,0.0948,0.211206,0.02587494,0.00013074,0.119945422,-0.5392467,0.0104,0.0146,0.0188,0.0224,0.0255,0.029,0.0324,0.0358,0.0408,0.0572
0.4053,0.4246,0.9228,0.0432,0.1109,0.0619,0.0783,0.0807,0.0983,0.913,0.8698,0.8565,0.0614,0.0758,0.0879,0.165205,0.027988691,8.28e-05,-0.5118928,-0.1949935,0.0145,0.0202,0.0237,0.0262,0.0291,0.0314,0.0337,0.0358,0.039,0.0456
0.4039,0.4269,0.647,0.0445,0.1425,0.0661,0.0724,0.1069,0.117,0.8386,0.936,0.9649,0.0678,0.0786,0.0967,0.161926,0.021853,8.45e-05,-0.0566932,-0.8533307,0.0097,0.0124,0.0159,0.0204,0.0216,0.0246,0.0269,0.0307,0.035,0.0424
0.3865,0.4489,0.9492,0.0359,0.1376,0.0655,0.073,0.1099,0.1271,0.9309,0.8742,0.8397,0.0546,0.0653,0.0661,0.150514,0.029413197,0.0001038,-0.4507891,-0.3292984,0.015,0.0204,0.0246,0.0271,0.0307,0.0332,0.0359,0.0386,0.0418,0.0502
0.4043,0.4366,0.6447,0.0453,0.1161,0.0566,0.0755,0.0799,0.0957,0.8353,0.8331,0.819,0.0659,0.0896,0.0896,0.155747,0.020356653,8.34e-05,0.14130358,-0.7286261,0.009,0.0118,0.0153,0.0166,0.021,0.0224,0.0257,0.0286,0.0324,0.0439
0.4126,0.4114,0.6572,0.0358,0.1127,0.056,0.067,0.0874,0.0942,0.8967,0.851,0.9172,0.0658,0.0714,0.0879,0.168418,0.01913236,6.09e-05,-0.0508284,-0.8251557,0.0099,0.011,0.015,0.0161,0.0197,0.0211,0.0243,0.0259,0.0297,0.0367
0.3982,0.4245,0.9164,0.0484,0.1393,0.0725,0.0837,0.0996,0.1245,0.8335,0.8579,0.8204,0.0814,0.0898,0.0922,0.162943,0.03369168,0.00012698,-0.4504318,-0.3685009,0.0201,0.0252,0.0272,0.0315,0.0355,0.0377,0.0413,0.045,0.0475,0.0548
0.3743,0.4464,0.7786,0.0472,0.1144,0.068,0.0728,0.0854,0.1027,0.8013,0.9144,0.9027,0.0504,0.0602,0.0997,0.174493,0.025952856,9e-05,-0.085141,-0.7123534,0.0126,0.0168,0.0208,0.0236,0.0256,0.0289,0.0316,0.0353,0.0388,0.0472
0.3932,0.4704,0.8387,0.0485,0.1157,0.0642,0.0745,0.0892,0.0973,0.838,0.9667,0.8736,0.0544,0.0607,0.0981,0.094387,0.019542122,9.51e-05,-0.2104317,-1.271014,0.0057,0.0065,0.0141,0.0164,0.0205,0.0245,0.0263,0.0301,0.0313,0.0339
0.357,0.4301,0.8974,0.0403,0.1137,0.049,0.063,0.0897,0.0912,0.8558,0.9437,0.9388,0.0521,0.0614,0.0677,0.208853,0.02802304,8.9e-05,-0.1946395,-0.1785146,0.0155,0.0201,0.0233,0.0253,0.0281,0.0311,0.0331,0.0356,0.0406,0.0517
0.3754,0.4691,0.6917,0.0376,0.1488,0.057,0.0754,0.1118,0.1339,0.9481,0.9799,0.9271,0.0676,0.0697,0.0697,0.143688,0.02156988,0.00010425,0.309199125,-0.5039067,0.0098,0.0116,0.0152,0.018,0.0205,0.0239,0.0267,0.0309,0.0357,0.0515
0.3637,0.4342,0.832,0.0467,0.1257,0.0599,0.0748,0.0961,0.1153,0.8967,0.9975,0.9585,0.0569,0.0711,0.0828,0.193346,0.028444882,9.88e-05,-0.0942899,-0.476942,0.0157,0.0201,0.0226,0.0258,0.0286,0.0316,0.0346,0.0373,0.041,0.0532
0.3748,0.4878,0.6095,0.0427,0.1163,0.0573,0.0814,0.0955,0.099,0.9362,0.9404,0.9197,0.0521,0.057,0.0776,0.127661,0.020226365,9.24e-05,0.21006989,-0.7134505,0.0068,0.0114,0.0151,0.0164,0.0209,0.0224,0.0257,0.0287,0.0334,0.0439
0.3949,0.4882,0.59,0.0424,0.1379,0.0558,0.0925,0.1001,0.1209,0.8449,0.971,0.809,0.0826,0.0946,0.0982,0.110564,0.01704961,6.37e-05,0.214824315,-0.6802601,0.0063,0.0096,0.0115,0.0146,0.0164,0.0196,0.0213,0.0249,0.0274,0.0403
0.3847,0.4651,0.9324,0.0406,0.1488,0.047,0.0826,0.1071,0.1394,0.9504,0.9238,0.8948,0.0535,0.0745,0.0784,0.141746,0.026466382,9.18e-05,-0.1011119,-0.3522251,0.0143,0.0186,0.0218,0.024,0.0262,0.0295,0.0319,0.0348,0.0387,0.0495
0.358,0.4955,0.8514,0.0373,0.1324,0.0572,0.062,0.0822,0.1263,0.8456,0.9559,0.8725,0.0562,0.0839,0.0842,0.140722,0.021777011,6.53e-05,0.04490185,-0.4284229,0.0115,0.0139,0.0165,0.0199,0.0215,0.0238,0.0261,0.029,0.0321,0.0453
0.3825,0.4285,0.8333,0.0434,0.1233,0.0649,0.0846,0.0955,0.1085,0.8768,0.9753,0.9225,0.0593,0.0642,0.0851,0.183643,0.028367458,9.7e-05,-0.1088696,-0.3888929,0.0154,0.02,0.0234,0.0258,0.0288,0.0311,0.0341,0.0368,0.0413,0.0524
0.3948,0.4791,0.8637,0.0413,0.1245,0.0563,0.0849,0.0903,0.1038,0.9474,0.819,0.9277,0.0548,0.058,0.0612,0.117045,0.02033705,6.1e-05,0.09555163,-0.5733378,0.0103,0.0138,0.0154,0.0178,0.0201,0.0219,0.0251,0.027,0.0312,0.0403
0.3534,0.4768,0.5557,0.0366,0.131,0.0542,0.0698,0.0878,0.1059,0.9656,0.833,0.8689,0.0678,0.0681,0.0928,0.15905,0.01918548,7.5e-05,0.130371639,-0.6456395,0.0069,0.0115,0.0152,0.0164,0.0194,0.0213,0.0252,0.027,0.0311,0.0447
0.392,0.4556,0.525,0.0424,0.1135,0.0637,0.0638,0.0803,0.1005,0.9289,0.8347,0.8924,0.0572,0.0896,0.0934,0.144047,0.01898052,7.07e-05,-0.0014593,-0.8702366,0.0066,0.0106,0.014,0.0159,0.0205,0.0217,0.0243,0.0262,0.0306,0.0394
0.4084,0.4564,0.7796,0.0412,0.1353,0.0497,0.0853,0.096,0.1259,0.8537,0.9999,0.8275,0.0772,0.0814,0.0869,0.12785,0.017480207,4.81e-05,-0.0275482,-0.7570261,0.0095,0.0114,0.0141,0.0152,0.0171,0.0204,0.0213,0.0245,0.026,0.035
0.4093,0.4764,0.7692,0.0449,0.1299,0.0613,0.0719,0.0927,0.1141,0.9817,0.858,0.9084,0.0547,0.0733,0.0965,0.109326,0.017809723,6e-05,0.029469309,-0.9194672,0.0064,0.0111,0.0124,0.0151,0.0173,0.0207,0.022,0.0253,0.028,0.035
0.359,0.42,0.5356,0.0449,0.129,0.0559,0.0764,0.0871,0.1055,0.9122,0.8325,0.8861,0.0644,0.0799,0.0914,0.210571,0.02390223,0.00010449,0.03526342,-0.6470184,0.0102,0.0145,0.0179,0.0217,0.024,0.0264,0.03,0.0333,0.0372,0.0495
0.4001,0.4377,0.8421,0.0467,0.1321,0.061,0.0902,0.1057,0.1213,0.8904,0.9517,0.8994,0.0502,0.0649,0.0806,0.154356,0.026180829,8.36e-05,-0.0716857,-0.3507379,0.0148,0.0188,0.0209,0.0242,0.026,0.0291,0.0314,0.0343,0.0376,0.0524
0.3974,0.4852,0.6566,0.0353,0.1167,0.063,0.0687,0.0759,0.0992,0.8373,0.978,0.9153,0.061,0.0793,0.0875,0.114982,0.016891753,6.03e-05,0.136308127,-0.8431213,0.0061,0.0102,0.0111,0.015,0.016,0.0196,0.021,0.0243,0.0269,0.0367
0.3934,0.4209,0.8443,0.043,0.149,0.0582,0.1016,0.1027,0.1315,0.9878,0.8672,0.8666,0.0722,0.077,0.088,0.178916,0.027407675,8.94e-05,-0.1442821,-0.3931973,0.0152,0.0197,0.0217,0.0251,0.0276,0.0303,0.033,0.0356,0.0396,0.0524
0.4096,0.4153,0.6033,0.0446,0.1489,0.0759,0.078,0.1027,0.1368,0.8747,0.9779,0.8005,0.0781,0.0828,0.0988,0.163297,0.021545835,8.46e-05,-0.0474869,-0.8509004,0.0093,0.0121,0.0155,0.02,0.0214,0.0246,0.0267,0.0307,0.0341,0.0418
0.4103,0.4328,0.6468,0.0489,0.1198,0.0565,0.0772,0.1026,0.1055,0.9854,0.8166,0.9116,0.0528,0.0732,0.0917,0.151888,0.018729892,6.48e-05,0.05132086,-0.8160568,0.0074,0.0107,0.0147,0.0158,0.0194,0.0207,0.0238,0.0256,0.0298,0.0367
0.3572,0.4165,0.5799,0.0388,0.1365,0.0585,0.0812,0.1068,0.1188,0.9778,0.9964,0.9796,0.0583,0.0612,0.0974,0.21356,0.027186165,0.00013784,0.08149067,-0.679043,0.0111,0.0154,0.0211,0.0234,0.0266,0.031,0.034,0.0376,0.0428,0.0566
0.3536,0.4095,0.5811,0.0499,0.1482,0.0727,0.0795,0.1185,0.1325,0.8409,0.933,0.8051,0.0559,0.06,0.0625,0.229952,0.028740648,0.00013365,0.013198974,-0.7372836,0.0124,0.0178,0.0222,0.0256,0.0285,0.0323,0.0355,0.0392,0.0441,0.0561
0.4156,0.493,0.7251,0.0392,0.1241,0.0507,0.075,0.0944,0.1089,0.8686,0.9446,0.8104,0.0657,0.085,0.0944,0.085975,0.014386514,4.42e-05,0.15286985,-0.9578138,0.0057,0.0069,0.0104,0.0115,0.0148,0.016,0.0184,0.021,0.0238,0.032
0.3712,0.4511,0.5889,0.0413,0.1123,0.0461,0.0712,0.0863,0.089,0.8018,0.8823,0.8772,0.0511,0.0623,0.0869,0.17213,0.019729255,8.15e-05,0.182038367,-0.6137071,0.0069,0.0115,0.0151,0.0164,0.0208,0.0221,0.0252,0.0274,0.0316,0.0439
0.361,0.4029,0.7474,0.0401,0.1101,0.0495,0.0674,0.0732,0.092,0.8317,0.9569,0.8864,0.076,0.0811,0.0848,0.231641,0.024095359,6.79e-05,-0.1444063,-0.5195266,0.0128,0.0165,0.0198,0.0218,0.0254,0.0264,0.029,0.0313,0.0356,0.045
0.3651,0.4895,0.662,0.045,0.1287,0.0652,0.0885,0.0904,0.1096,0.8144,0.8128,0.9727,0.056,0.0582,0.0823,0.139132,0.01992651,7.88e-05,0.0111145,-0.883722,0.0069,0.0111,0.0145,0.0169,0.0201,0.0224,0.0255,0.0279,0.032,0.0403
0.3795,0.4785,0.8275,0.0376,0.1395,0.0602,0.0728,0.1064,0.1152,0.8021,0.8105,0.997,0.0556,0.0628,0.0982,0.134504,0.019900243,5.77e-05,0.00206944,-0.7167243,0.0104,0.0118,0.0157,0.0173,0.0204,0.0213,0.0251,0.0265,0.0303,0.0377
0.3716,0.4917,0.9376,0.0371,0.1399,0.0467,0.0686,0.0981,0.1238,0.8909,0.9476,0.9135,0.0679,0.0851,0.0921,0.126202,0.024920604,8.57e-05,0.00129603,-0.2975831,0.0128,0.0164,0.0196,0.0222,0.0247,0.0268,0.0303,0.0332,0.0369,0.0497
0.3516,0.4262,0.5669,0.0455,0.1414,0.0677,0.0826,0.1091,0.1246,0.9203,0.969,0.98,0.0812,0.0934,0.0957,0.212594,0.028280492,0.00013723,0.00709443,-0.5707548,0.0121,0.0175,0.0215,0.0252,0.0286,0.0321,0.0357,0.0393,0.0431,0.0589
0.3885,0.4632,0.8148,0.0481,0.1239,0.0701,0.0741,0.1024,0.1084,0.8213,0.9055,0.8574,0.053,0.0649,0.0829,0.141086,0.02401118,7.93e-05,-0.0369367,-0.6810325,0.0121,0.0161,0.0193,0.021,0.0252,0.0264,0.0293,0.032,0.0362,0.045
0.3694,0.426,0.9349,0.0447,0.1275,0.0615,0.0779,0.0928,0.1106,0.9795,0.9577,0.8576,0.0553,0.0712,0.0879,0.198109,0.033035795,0.00012249,-0.393732,-0.1170111,0.0184,0.0243,0.0278,0.0311,0.0346,0.0364,0.0402,0.0425,0.0464,0.0585
0.4073,0.4374,0.6873,0.0497,0.1369,0.087,0.0976,0.1052,0.1152,0.8439,0.9874,0.9415,0.0658,0.0832,0.0885,0.143373,0.023776679,9.37e-05,-0.1196267,-0.863157,0.0111,0.0155,0.0179,0.0208,0.0253,0.0266,0.03,0.0327,0.0365,0.045
0.384,0.4622,0.5625,0.0446,0.1155,0.0598,0.0767,0.0776,0.1033,0.8604,0.831,0.9743,0.0601,0.07,0.0775,0.150846,0.018489765,6.56e-05,0.00011152,-0.8928337,0.0065,0.0108,0.015,0.0162,0.0199,0.021,0.0233,0.0262,0.03,0.0381
0.4025,0.4153,0.5595,0.0409,0.1332,0.0657,0.0735,0.0948,0.1055,0.9073,0.9909,0.9022,0.056,0.0739,0.0967,0.179035,0.02181349,8.91e-05,-0.0366223,-0.8667212,0.0093,0.0122,0.0158,0.0203,0.0215,0.0246,0.0269,0.0308,0.0352,0.0424
0.3502,0.4567,0.8432,0.0471,0.1494,0.0589,0.0965,0.1151,0.122,0.89,0.8435,0.9639,0.0567,0.0587,0.0661,0.182427,0.031123712,0.00014422,0.332346812,0.229531974,0.0165,0.0201,0.0252,0.0275,0.0306,0.0347,0.0371,0.0411,0.0462,0.0707
0.3522,0.4721,0.855,0.0475,0.1495,0.0673,0.0832,0.1102,0.1226,0.8015,0.9016,0.8397,0.0554,0.0721,0.0878,0.168668,0.030739944,0.00013212,0.09568862,-0.4956654,0.0156,0.0215,0.0238,0.0266,0.03,0.0336,0.0368,0.0409,0.0464,0.057
0.3674,0.4603,0.8484,0.0366,0.142,0.0543,0.0874,0.089,0.1182,0.8785,0.9228,0.8388,0.056,0.0754,0.0989,0.163156,0.02647975,0.00010767,0.20710541,-0.4117506,0.0143,0.017,0.0209,0.0237,0.026,0.0288,0.0324,0.0356,0.0409,0.0541
0.4153,0.4591,0.8619,0.0437,0.1193,0.0514,0.0694,0.0963,0.1001,0.9267,0.887,0.8434,0.066,0.0848,0.0901,0.117665,0.01958218,5.05e-05,-0.0792375,-0.6360852,0.0103,0.0124,0.0154,0.0174,0.02,0.0213,0.0242,0.0256,0.0286,0.0367
0.4133,0.4607,0.9289,0.0384,0.1434,0.0616,0.0855,0.1016,0.1361,0.9565,0.8268,0.9176,0.067,0.092,0.0971,0.119732,0.024904688,8.26e-05,-0.1569325,-0.4386497,0.0113,0.0168,0.0207,0.0222,0.0252,0.0273,0.0305,0.0328,0.0364,0.0474
0.413,0.4776,0.9307,0.0404,0.1241,0.0465,0.0837,0.0986,0.1058,0.911,0.9372,0.8839,0.0601,0.078,0.0859,0.100739,0.021046281,6.41e-05,0.19347571,0.006509,0.0113,0.0154,0.0165,0.0193,0.0207,0.0226,0.0257,0.0269,0.0309,0.045
0.3601,0.4,0.8568,0.0489,0.119,0.0583,0.0646,0.0784,0.1031,0.9024,0.9743,0.8954,0.0545,0.0569,0.097,0.234251,0.030173439,9.31e-05,-0.3819062,-0.1886736,0.0166,0.0213,0.025,0.0281,0.0307,0.0334,0.0357,0.0387,0.042,0.052
0.4182,0.4229,0.808,0.0395,0.1229,0.0596,0.0803,0.1014,0.1079,0.8162,0.9092,0.9757,0.0509,0.0601,0.0637,0.149149,0.02145073,5.86e-05,-0.098884,-0.664266,0.0108,0.0152,0.0166,0.0201,0.0215,0.0245,0.0257,0.0283,0.0314,0.0374
0.4176,0.4524,0.5762,0.0394,0.1306,0.0589,0.0644,0.0948,0.1131,0.9482,0.8335,0.9511,0.0583,0.0765,0.0784,0.120302,0.017046,5.67e-05,0.050790525,-0.8487145,0.0061,0.0108,0.0121,0.0149,0.0165,0.0203,0.0213,0.0246,0.0266,0.035
0.4134,0.4054,0.7884,0.0391,0.1164,0.0481,0.0639,0.0805,0.0958,0.9824,0.9368,0.8091,0.0528,0.0835,0.0854,0.176954,0.019736257,4.85e-05,-0.1372441,-0.6379119,0.0105,0.0139,0.0158,0.0183,0.0205,0.0219,0.0247,0.0258,0.0286,0.0374
0.3727,0.4758,0.7501,0.039,0.1255,0.0536,0.0674,0.0815,0.111,0.861,0.9105,0.9403,0.0596,0.0873,0.0931,0.139888,0.019818659,7.49e-05,0.233453912,-0.4253428,0.0093,0.0107,0.0142,0.0166,0.0201,0.0215,0.0244,0.0268,0.0317,0.0464
0.3627,0.4939,0.8994,0.0351,0.1223,0.045,0.0825,0.0896,0.1145,0.8877,0.8437,0.8437,0.0662,0.0858,0.0974,0.137187,0.02439775,9.01e-05,0.169849984,-0.3478359,0.0115,0.0156,0.019,0.0212,0.0241,0.0265,0.0297,0.0322,0.0368,0.0502
0.4046,0.4565,0.6238,0.036,0.1488,0.0571,0.096,0.1123,0.1278,0.9783,0.9686,0.8721,0.0505,0.054,0.0605,0.124401,0.01890443,8e-05,0.248690657,-0.5074048,0.0066,0.011,0.0141,0.016,0.0197,0.0217,0.0247,0.0265,0.0305,0.0439
0.3769,0.49,0.6564,0.0392,0.1246,0.0548,0.0824,0.0859,0.1139,0.8381,0.856,0.9698,0.0518,0.0555,0.0964,0.122276,0.017353284,6.52e-05,0.176023682,-0.775529,0.0062,0.0105,0.0114,0.0155,0.0168,0.0204,0.0215,0.0255,0.0284,0.0381
0.3806,0.4533,0.5299,0.0413,0.1361,0.0528,0.0891,0.1017,0.1198,0.956,0.9714,0.9712,0.0511,0.055,0.0779,0.154864,0.022979738,0.00012411,0.276205637,-0.5957772,0.0099,0.012,0.0159,0.0198,0.022,0.0255,0.0292,0.033,0.0384,0.0524
0.3562,0.4961,0.6578,0.0356,0.1394,0.0517,0.0724,0.107,0.1109,0.9954,0.86,0.8777,0.0556,0.0826,0.086,0.139707,0.01837279,6.78e-05,0.09234672,-0.7671529,0.0065,0.0103,0.0136,0.0151,0.0188,0.0211,0.023,0.0259,0.0295,0.0391
0.3922,0.4299,0.6872,0.0477,0.1116,0.0525,0.065,0.084,0.1019,0.8321,0.8205,0.8807,0.0521,0.0531,0.0694,0.174291,0.020177599,6.48e-05,0.012812984,-0.6965327,0.0094,0.0117,0.0148,0.0177,0.0209,0.022,0.0251,0.0269,0.031,0.0391
0.4197,0.4885,0.8441,0.0385,0.118,0.0466,0.0659,0.0865,0.1046,0.9198,0.9428,0.9288,0.0778,0.0837,0.0969,0.084307,0.015280671,4.64e-05,0.274266424,-0.5212222,0.0061,0.0102,0.0115,0.0125,0.0151,0.0166,0.0197,0.0213,0.0249,0.0354
0.3925,0.4447,0.7802,0.044,0.1148,0.0584,0.0647,0.0842,0.094,0.9801,0.8816,0.9749,0.0584,0.0747,0.0867,0.156513,0.021336647,6.13e-05,-0.0833782,-0.6783784,0.0105,0.0142,0.0163,0.0195,0.021,0.0243,0.0256,0.0283,0.0318,0.04
0.3798,0.4965,0.8049,0.0496,0.1309,0.0734,0.0895,0.0979,0.1114,0.9572,0.8485,0.8,0.0627,0.0654,0.0789,0.117766,0.02190514,8.26e-05,0.018268934,-0.8536162,0.0102,0.0127,0.0158,0.0202,0.0215,0.0245,0.0267,0.0306,0.0351,0.0424
0.3566,0.4088,0.6733,0.0427,0.143,0.0575,0.0817,0.0996,0.1223,0.8417,0.8728,0.8988,0.0725,0.0807,0.0808,0.227272,0.02867574,0.00012301,0.113997159,-0.5354313,0.0133,0.0191,0.0223,0.0256,0.0282,0.0319,0.0348,0.0381,0.0431,0.0561
0.359,0.4133,0.5681,0.0498,0.1173,0.062,0.068,0.0912,0.1126,0.9428,0.9643,0.909,0.065,0.0909,0.0942,0.219351,0.02624196,0.0001177,-0.0594161,-0.7701051,0.0109,0.0155,0.0195,0.0233,0.0263,0.0301,0.0331,0.0361,0.0403,0.0497
0.4125,0.401,0.6409,0.0386,0.1206,0.0571,0.0672,0.0887,0.1114,0.9088,0.9,0.8558,0.0641,0.0673,0.088,0.178499,0.021060228,7.65e-05,-0.0047482,-0.7882799,0.0097,0.0122,0.0156,0.02,0.0212,0.0239,0.0256,0.0293,0.0327,0.0424
0.3693,0.4779,0.8802,0.0351,0.133,0.0576,0.0809,0.0876,0.1071,0.9491,0.8802,0.9513,0.0614,0.0671,0.0731,0.145408,0.02556875,8.9e-05,0.07410964,-0.3193766,0.0144,0.0165,0.0202,0.0228,0.0251,0.0276,0.0309,0.0333,0.0384,0.0517
0.4069,0.4657,0.5504,0.0444,0.1483,0.0743,0.0818,0.0859,0.1307,0.93,0.8937,0.9506,0.0548,0.0603,0.0645,0.11423,0.01978311,8.49e-05,0.158171993,-0.7475028,0.0069,0.0115,0.0152,0.0166,0.0196,0.0219,0.0258,0.0283,0.0324,0.0447
0.4168,0.4054,0.8379,0.0391,0.1264,0.0572,0.0719,0.08,0.099,0.8517,0.9017,0.9281,0.0725,0.074,0.0817,0.171963,0.02362585,6.46e-05,-0.2015897,-0.5306723,0.0123,0.0159,0.0203,0.0214,0.024,0.0255,0.0281,0.0309,0.035,0.0424
0.3869,0.4103,0.6629,0.0459,0.1176,0.0576,0.069,0.0873,0.1126,0.856,0.9924,0.9545,0.0665,0.0807,0.0991,0.197301,0.022783597,7.86e-05,-0.0545952,-0.7344714,0.011,0.015,0.0173,0.0208,0.0229,0.0254,0.0277,0.0317,0.0345,0.043
0.3907,0.4069,0.642,0.0402,0.1495,0.0592,0.0802,0.1125,0.1165,0.9055,0.939,0.894,0.0546,0.0781,0.0941,0.191316,0.02499831,0.00011027,0.147538808,-0.4182448,0.0112,0.0158,0.0201,0.0219,0.0255,0.0272,0.0309,0.035,0.0381,0.0543
0.4146,0.4451,0.689,0.0456,0.136,0.0553,0.0695,0.1145,0.1205,0.8649,0.8598,0.8065,0.0694,0.0836,0.0884,0.13379,0.01969501,7.3e-05,-0.0201003,-0.9088447,0.0077,0.0111,0.0153,0.0167,0.0203,0.0216,0.0254,0.0275,0.0313,0.0377
0.4152,0.4159,0.7698,0.042,0.1214,0.0548,0.0749,0.0944,0.0988,0.8817,0.8064,0.9081,0.0752,0.0793,0.0919,0.158487,0.021100436,6.16e-05,-0.0798815,-0.7656564,0.0103,0.0138,0.0157,0.0199,0.0213,0.0236,0.0258,0.0283,0.0316,0.0391
0.3763,0.464,0.8899,0.0407,0.1489,0.0636,0.081,0.1047,0.1294,0.8002,0.9999,0.8232,0.0885,0.0935,0.0996,0.151854,0.025337508,7.47e-05,-0.2850828,-0.5165693,0.0147,0.0175,0.021,0.0235,0.0255,0.0278,0.0312,0.0336,0.0362,0.043
0.3581,0.4689,0.6864,0.0432,0.147,0.0878,0.0886,0.1065,0.1222,0.9762,0.9342,0.9595,0.0562,0.0886,0.0954,0.156295,0.029297306,0.00017034,0.07351706,-0.9238468,0.0115,0.0162,0.0216,0.025,0.0284,0.0328,0.0369,0.0419,0.0477,0.0559
0.3636,0.4699,0.6929,0.0459,0.1475,0.0573,0.0887,0.111,0.1323,0.8758,0.896,0.9698,0.0674,0.0739,0.0928,0.151214,0.022544765,9.38e-05,0.132710339,-0.4725778,0.0101,0.0141,0.0162,0.0197,0.0223,0.0254,0.0275,0.031,0.0354,0.0502
0.3905,0.4733,0.7023,0.0352,0.1115,0.0443,0.0623,0.0776,0.1031,0.819,0.8748,0.8506,0.0523,0.0647,0.0916,0.128512,0.016234536,5.74e-05,0.228891349,-0.7325757,0.0061,0.0102,0.0111,0.0149,0.016,0.0178,0.0207,0.0229,0.0262,0.0377
0.4103,0.4075,0.5564,0.036,0.1221,0.0487,0.0737,0.08,0.1163,0.955,0.8216,0.9908,0.0647,0.0706,0.0947,0.174653,0.017931982,6.34e-05,0.06673011,-0.8190821,0.0064,0.0106,0.0126,0.0158,0.0177,0.0205,0.0221,0.0255,0.0284,0.0377
0.3748,0.4469,0.5754,0.0361,0.1325,0.0475,0.0615,0.0856,0.1209,0.9986,0.8217,0.8278,0.0536,0.0639,0.0758,0.173276,0.01682542,5.42e-05,0.052248198,-0.7861764,0.0063,0.0105,0.0115,0.0155,0.0166,0.0201,0.0211,0.0239,0.0264,0.0381
0.3953,0.432,0.8511,0.047,0.1146,0.0613,0.0817,0.093,0.098,0.855,0.9136,0.8036,0.0732,0.0744,0.087,0.166146,0.02556075,7.19e-05,-0.3152897,-0.4756135,0.0148,0.0179,0.0212,0.0242,0.0258,0.0281,0.0313,0.0336,0.0358,0.043
0.3709,0.4027,0.7941,0.0367,0.1406,0.0475,0.0838,0.1066,0.1292,0.8578,0.8311,0.8604,0.062,0.0675,0.0679,0.213009,0.028678267,0.00011653,0.126873419,-0.4912323,0.014,0.0201,0.0224,0.0255,0.0279,0.0314,0.0343,0.038,0.0434,0.0559
0.3758,0.4079,0.5401,0.046,0.1415,0.0586,0.0823,0.114,0.1229,0.9186,0.9722,0.9809,0.0791,0.091,0.0955,0.204675,0.025942975,0.0001209,-0.0206672,-0.6861683,0.0111,0.0158,0.0201,0.0232,0.0262,0.0296,0.0328,0.0359,0.04,0.0532
0.3868,0.4061,0.8565,0.0464,0.1175,0.0613,0.0742,0.0948,0.1048,0.8413,0.897,0.9075,0.0636,0.0764,0.0822,0.196816,0.028670313,8.83e-05,-0.3105182,-0.3745094,0.0155,0.0213,0.025,0.0264,0.0294,0.032,0.0344,0.0373,0.0409,0.0492
0.4129,0.4434,0.8576,0.0415,0.1358,0.0543,0.0681,0.0972,0.115,0.8965,0.9239,0.9846,0.0515,0.0559,0.082,0.131825,0.02093651,5.46e-05,-0.1282218,-0.5640743,0.0107,0.0144,0.0162,0.0195,0.0208,0.0238,0.0255,0.0274,0.0307,0.0403
0.3539,0.456,0.5262,0.0475,0.113,0.0685,0.0832,0.0859,0.1,0.8511,0.9235,0.8319,0.0601,0.0687,0.084,0.182303,0.02273873,9.85e-05,0.03383314,-0.6753556,0.0097,0.0138,0.0159,0.0207,0.0224,0.026,0.0286,0.0316,0.0353,0.0485
0.371,0.4229,0.5765,0.0497,0.117,0.0695,0.074,0.084,0.1054,0.8836,0.9645,0.9505,0.0545,0.08,0.0965,0.197555,0.024193529,0.00010158,-0.07603,-0.8640914,0.0111,0.0155,0.0184,0.021,0.0254,0.0268,0.0305,0.0346,0.037,0.045
0.3904,0.4415,0.941,0.046,0.1402,0.0616,0.0887,0.0978,0.1133,0.9307,0.925,0.9536,0.0676,0.0861,0.0929,0.156517,0.03224348,0.00012928,-0.260671,-0.2154696,0.0156,0.0232,0.0266,0.0301,0.0324,0.0362,0.0385,0.0418,0.0462,0.0594
0.3591,0.4789,0.6007,0.0441,0.1267,0.0602,0.0705,0.1027,0.1054,0.8329,0.9608,0.9953,0.0549,0.0945,0.0976,0.154094,0.021172,9.58e-05,0.168432595,-0.6693043,0.0071,0.0109,0.0148,0.0188,0.0211,0.024,0.0263,0.0302,0.0348,0.0469
0.3621,0.4092,0.7365,0.0414,0.1331,0.0512,0.0933,0.0936,0.1132,0.9674,0.8414,0.8692,0.0691,0.0715,0.0791,0.220815,0.026705601,9.3e-05,0.009489,-0.5142414,0.0147,0.0183,0.0209,0.0243,0.0262,0.0295,0.0323,0.0354,0.0394,0.0524
0.4189,0.4774,0.7735,0.0456,0.1373,0.0672,0.0859,0.0986,0.1136,0.9713,0.9131,0.8372,0.0737,0.0829,0.0921,0.094873,0.01720949,5.72e-05,0.06130256,-0.8617129,0.0062,0.0109,0.0121,0.0149,0.0166,0.0204,0.0214,0.0248,0.0268,0.035
0.3594,0.467,0.8318,0.0461,0.1379,0.0698,0.0723,0.1067,0.1277,0.8106,0.9974,0.9694,0.0567,0.0603,0.0702,0.165805,0.026950561,8.89e-05,-0.1566954,-0.5768692,0.0141,0.0198,0.0214,0.0247,0.0267,0.0303,0.0321,0.0357,0.0394,0.0472
0.4024,0.4623,0.7576,0.0356,0.1269,0.063,0.0675,0.0941,0.1099,0.8887,0.9752,0.9227,0.0671,0.0789,0.0888,0.125346,0.01884934,6.23e-05,0.03758416,-0.8031511,0.0099,0.011,0.015,0.0161,0.0198,0.0211,0.024,0.0258,0.0297,0.0374
0.3877,0.4162,0.5124,0.0412,0.1355,0.0539,0.0938,0.0983,0.126,0.8662,0.9641,0.8333,0.0598,0.0882,0.0894,0.190622,0.021883878,9.18e-05,0.05327509,-0.6826399,0.0097,0.0121,0.0156,0.0206,0.0222,0.0246,0.0269,0.0309,0.0348,0.0495
0.3976,0.4137,0.5984,0.0442,0.1274,0.0639,0.0652,0.1059,0.1103,0.9173,0.9174,0.8597,0.083,0.089,0.0924,0.179295,0.022954195,9.57e-05,0.0036865,-0.7632416,0.0098,0.0138,0.0169,0.0207,0.0228,0.0254,0.0288,0.0318,0.0362,0.0472
0.4175,0.4397,0.8581,0.0399,0.1427,0.056,0.0816,0.0954,0.1206,0.9724,0.8677,0.8413,0.051,0.0553,0.0965,0.131238,0.020981124,5.51e-05,-0.1732161,-0.6215134,0.0106,0.0149,0.016,0.0197,0.0209,0.0236,0.0252,0.0271,0.031,0.0367
0.4199,0.4722,0.8273,0.0416,0.128,0.057,0.0747,0.0811,0.1146,0.952,0.8823,0.8506,0.0767,0.0847,0.0943,0.101312,0.01721442,4.9e-05,-0.0414481,-0.8993992,0.0069,0.0108,0.0124,0.0154,0.0166,0.0204,0.0214,0.0247,0.0261,0.0328
0.3574,0.426,0.6372,0.0406,0.1163,0.0553,0.075,0.0897,0.0966,0.9633,0.9041,0.8102,0.0537,0.0873,0.0922,0.209689,0.02356956,9.56e-05,0.0545335,-0.6476863,0.0107,0.0149,0.0177,0.0207,0.0237,0.0259,0.0293,0.0322,0.0366,0.0512
0.3952,0.4917,0.782,0.0453,0.1497,0.0622,0.0792,0.1287,0.1305,0.8871,0.9587,0.9525,0.0598,0.0865,0.095,0.101708,0.019603321,7.85e-05,0.223637187,-0.513147,0.0071,0.0106,0.0141,0.0163,0.0203,0.0217,0.0249,0.0274,0.0313,0.0474
0.3535,0.4943,0.5866,0.0435,0.1198,0.0595,0.0693,0.0863,0.1008,0.8377,0.8879,0.9177,0.0532,0.071,0.0761,0.143839,0.020733627,0.00010111,0.342283,-0.4897177,0.0071,0.011,0.0147,0.0168,0.0198,0.0224,0.0258,0.0302,0.0351,0.05
0.3903,0.4381,0.8366,0.0443,0.128,0.0597,0.0598,0.1021,0.115,0.9335,0.8157,0.9264,0.0518,0.0555,0.0954,0.167161,0.02473434,7.33e-05,-0.1490711,-0.4906786,0.0143,0.0167,0.0201,0.0223,0.0257,0.0268,0.0297,0.0322,0.0362,0.045
0.384,0.439,0.7117,0.0445,0.1117,0.0592,0.0721,0.0886,0.0917,0.8636,0.9558,0.9035,0.0681,0.073,0.0801,0.169575,0.021947527,7.84e-05,0.00675782,-0.7588692,0.0106,0.0146,0.0162,0.0203,0.0218,0.0247,0.0268,0.0307,0.0339,0.043
0.3664,0.4384,0.8148,0.0408,0.1405,0.0645,0.082,0.0943,0.128,0.9949,0.898,0.9488,0.0519,0.0767,0.0791,0.182968,0.028451647,0.00010766,0.04685547,-0.5009528,0.0154,0.0199,0.0218,0.0256,0.0282,0.0313,0.0344,0.0379,0.0425,0.0532
0.3901,0.4417,0.7039,0.0411,0.1371,0.0566,0.0796,0.097,0.1152,0.8021,0.9454,0.9596,0.0594,0.0797,0.0885,0.160285,0.02060219,6.76e-05,-0.0020921,-0.6866086,0.0101,0.0124,0.0156,0.0182,0.0209,0.0229,0.0252,0.0276,0.0318,0.0427
0.3736,0.4624,0.9361,0.0457,0.1447,0.0596,0.0895,0.1014,0.1192,0.8441,0.8635,0.9059,0.0507,0.0537,0.0879,0.14846,0.030879537,0.00011483,-0.3311919,-0.1974287,0.0154,0.0215,0.0252,0.0287,0.032,0.0348,0.0372,0.0405,0.0437,0.0579
0.3998,0.4325,0.6555,0.0472,0.1303,0.0751,0.077,0.1025,0.1085,0.9891,0.9549,0.9313,0.0753,0.0884,0.0948,0.162245,0.02434517,0.00010833,0.029414871,-0.7291797,0.0103,0.0146,0.0181,0.0219,0.0242,0.0268,0.0309,0.0341,0.0379,0.0495
0.4089,0.403,0.6703,0.0374,0.1232,0.0646,0.0738,0.089,0.0963,0.8887,0.833,0.969,0.0684,0.0735,0.0979,0.180967,0.02111611,7.17e-05,-0.0460288,-0.8190269,0.0097,0.0131,0.0153,0.0194,0.0215,0.024,0.0256,0.0294,0.0322,0.0394
0.4035,0.4294,0.5764,0.0365,0.1115,0.0545,0.0622,0.0901,0.0987,0.8275,0.9328,0.8361,0.0621,0.0765,0.078,0.160528,0.01784999,6.15e-05,-0.0043732,-0.9097186,0.0063,0.0103,0.0122,0.0152,0.0177,0.0211,0.0224,0.0253,0.0281,0.0361
0.3783,0.411,0.5623,0.0364,0.1301,0.0445,0.0792,0.0931,0.1096,0.868,0.939,0.8027,0.0685,0.0936,0.0976,0.201258,0.019893899,7.66e-05,0.138176317,-0.6214912,0.0091,0.012,0.0156,0.0169,0.0199,0.0219,0.0256,0.0269,0.0315,0.045
0.3626,0.4932,0.5259,0.0431,0.1104,0.0674,0.075,0.0926,0.1001,0.8882,0.9523,0.823,0.0615,0.0715,0.072,0.139634,0.020532708,9.46e-05,0.28861045,-0.5188441,0.007,0.0108,0.0146,0.0174,0.0207,0.0228,0.0259,0.0289,0.0338,0.0482
0.3702,0.4221,0.7398,0.043,0.1105,0.0661,0.068,0.082,0.1019,0.8425,0.8324,0.9314,0.0551,0.0595,0.0759,0.201222,0.02538163,8.43e-05,-0.1489364,-0.8223319,0.0125,0.0162,0.021,0.0224,0.0257,0.0283,0.0312,0.0347,0.0374,0.0439
0.3825,0.4347,0.8884,0.0379,0.1328,0.061,0.0716,0.0895,0.114,0.9427,0.9144,0.8572,0.0654,0.0722,0.0736,0.173243,0.02807512,9.19e-05,-0.236828,-0.3308797,0.0153,0.0199,0.0229,0.0253,0.0283,0.0314,0.0336,0.0361,0.0407,0.0517
0.3506,0.4801,0.7065,0.0392,0.1204,0.057,0.065,0.0881,0.0965,0.8111,0.8421,0.8748,0.0514,0.0523,0.0857,0.162082,0.021588653,8.69e-05,0.09636849,-0.6998805,0.01,0.0127,0.0162,0.0193,0.0212,0.0253,0.0265,0.03,0.0352,0.045
0.3869,0.4373,0.9332,0.0368,0.1334,0.0558,0.069,0.0872,0.1154,0.9802,0.8777,0.9038,0.057,0.0814,0.0894,0.171876,0.02743986,8.96e-05,-0.3175136,-0.2565822,0.0146,0.0208,0.0228,0.0253,0.0274,0.0307,0.0331,0.0355,0.0395,0.0495
0.4011,0.4809,0.881,0.0423,0.1245,0.0683,0.0782,0.0915,0.1153,0.9257,0.9245,0.838,0.0533,0.0869,0.0924,0.109702,0.022577822,6.27e-05,-0.1228529,-0.5108663,0.0114,0.0152,0.0186,0.0206,0.0228,0.0254,0.027,0.03,0.033,0.0406
0.4144,0.4231,0.834,0.0356,0.1468,0.0494,0.092,0.0947,0.1217,0.9146,0.9296,0.9534,0.0586,0.0853,0.0874,0.156274,0.023880424,7.99e-05,0.112408133,-0.2735036,0.0114,0.0155,0.0189,0.0208,0.0237,0.0261,0.0287,0.0318,0.0355,0.05
0.4081,0.4864,0.6826,0.0419,0.136,0.0627,0.0892,0.0947,0.1085,0.8414,0.8775,0.8264,0.0532,0.0591,0.0959,0.097947,0.01793382,7.19e-05,0.175263687,-0.7760814,0.0063,0.01,0.0119,0.015,0.0172,0.0203,0.0228,0.0257,0.0298,0.0403
0.3612,0.4583,0.9063,0.0449,0.126,0.0585,0.076,0.0908,0.109,0.8228,0.9635,0.9084,0.0748,0.0865,0.0915,0.174979,0.02916015,0.00010243,-0.1896295,-0.3561806,0.0163,0.0211,0.0252,0.0266,0.0291,0.0319,0.0359,0.0379,0.0422,0.055
0.3906,0.4137,0.5406,0.0472,0.1121,0.0603,0.0757,0.0839,0.0947,0.9677,0.9781,0.9803,0.0707,0.0958,0.0989,0.186673,0.022465076,9.38e-05,0.00324964,-0.7470776,0.01,0.0132,0.0161,0.0199,0.0219,0.0255,0.0277,0.0315,0.0351,0.0456
0.4114,0.4401,0.887,0.0382,0.1331,0.0482,0.0949,0.0961,0.1181,0.9902,0.968,0.8805,0.0836,0.0885,0.0963,0.142575,0.02326864,6.96e-05,-0.0285774,-0.3438606,0.0111,0.0154,0.0198,0.0211,0.0236,0.0255,0.0277,0.0307,0.0345,0.0469
0.406,0.4607,0.8126,0.0465,0.1299,0.0643,0.072,0.0983,0.1129,0.8498,0.9614,0.8678,0.0501,0.0679,0.0892,0.122375,0.02024239,6.05e-05,-0.0472066,-0.777889,0.0104,0.0122,0.0158,0.0177,0.0206,0.0221,0.0254,0.0272,0.0309,0.0377
0.3858,0.4029,0.7144,0.0378,0.1471,0.0572,0.0975,0.1027,0.1151,0.865,0.8222,0.8058,0.0659,0.0879,0.0891,0.20018,0.02652296,9.65e-05,-0.0088993,-0.6532148,0.014,0.017,0.0215,0.0236,0.0261,0.0297,0.0324,0.0355,0.0396,0.0495
0.3828,0.4892,0.6753,0.0466,0.1278,0.0715,0.0782,0.1019,0.1192,0.9456,0.8917,0.8554,0.0583,0.076,0.0969,0.117756,0.020037922,8.74e-05,0.165965413,-0.7636383,0.0068,0.0113,0.0149,0.0165,0.0205,0.0221,0.0253,0.0283,0.0333,0.043
0.3754,0.4487,0.8157,0.0362,0.1228,0.0568,0.0685,0.0872,0.1017,0.8319,0.9211,0.9045,0.0534,0.0763,0.0796,0.166842,0.023742764,7.02e-05,-0.1623938,-0.6529947,0.012,0.0159,0.02,0.0217,0.0246,0.0259,0.0291,0.0318,0.0345,0.0433
0.3858,0.4698,0.8864,0.0417,0.1151,0.0537,0.0833,0.0941,0.1013,0.848,0.8981,0.9376,0.0686,0.0766,0.0998,0.134778,0.023787536,7.2e-05,-0.1166759,-0.5245659,0.012,0.016,0.02,0.0216,0.0244,0.0259,0.0286,0.0317,0.0348,0.043
0.3647,0.403,0.6049,0.0446,0.1443,0.0687,0.0851,0.1008,0.1144,0.9687,0.9591,0.9375,0.0701,0.0702,0.0785,0.224419,0.029230533,0.00013352,0.0222559,-0.6798744,0.013,0.0191,0.0225,0.0252,0.0296,0.0328,0.0357,0.0397,0.0445,0.0566
0.4197,0.4342,0.8571,0.0364,0.1359,0.0589,0.0819,0.0895,0.1269,0.9012,0.9106,0.9919,0.0682,0.0684,0.099,0.135561,0.022100616,6.25e-05,-0.1323138,-0.6032282,0.0111,0.0149,0.0174,0.0204,0.0218,0.0246,0.027,0.0293,0.0321,0.0415
0.3541,0.4218,0.6939,0.0491,0.1478,0.0683,0.0865,0.1192,0.1336,0.9122,0.8003,0.9138,0.0574,0.0575,0.0998,0.21207,0.0313662,0.00014591,-0.0300544,-0.7936545,0.0146,0.02,0.0248,0.0271,0.0314,0.0348,0.0389,0.043,0.0476,0.0606
0.3678,0.4829,0.9079,0.0485,0.1247,0.0771,0.0888,0.1033,0.1179,0.8307,0.8665,0.8821,0.05,0.0531,0.0979,0.142222,0.0332413,0.00015055,-0.0163669,-0.4154104,0.0174,0.0218,0.0263,0.0303,0.0331,0.0363,0.0398,0.0439,0.0496,0.061
0.3872,0.4463,0.9364,0.0466,0.1147,0.0591,0.0794,0.0827,0.0871,0.8329,0.8066,0.997,0.0687,0.0687,0.0823,0.160281,0.0255944,7.44e-05,-0.5091165,-0.301723,0.0146,0.0189,0.0216,0.0245,0.0259,0.0292,0.0315,0.0334,0.0358,0.0433
0.3697,0.4225,0.6747,0.047,0.1131,0.0582,0.0793,0.0836,0.1028,0.9966,0.8062,0.8333,0.0782,0.0902,0.0929,0.201695,0.021955,7.25e-05,0.023205951,-0.6610171,0.0111,0.015,0.0163,0.0207,0.022,0.025,0.0266,0.03,0.0332,0.0439
0.4144,0.471,0.8253,0.0494,0.131,0.0598,0.0878,0.1055,0.1171,0.9901,0.9132,0.912,0.0761,0.0792,0.0818,0.109121,0.02001799,5.76e-05,-0.0282133,-0.7061573,0.0097,0.0126,0.0147,0.0173,0.0205,0.0218,0.0245,0.0271,0.0301,0.0384
0.35,0.4368,0.9157,0.0487,0.1476,0.0713,0.0933,0.0992,0.1313,0.8931,0.8005,0.9286,0.0505,0.0613,0.0909,0.208318,0.03939103,0.00017825,-0.3028317,-0.126515,0.021,0.0281,0.0338,0.0371,0.0402,0.0443,0.047,0.0503,0.0563,0.0711
0.3905,0.465,0.5678,0.0414,0.1246,0.0562,0.0675,0.101,0.1059,0.9132,0.9184,0.872,0.0591,0.0664,0.0693,0.131174,0.01877976,7.4e-05,0.143143102,-0.7346465,0.0066,0.0108,0.0136,0.0156,0.0198,0.0211,0.0239,0.0264,0.0306,0.0418
0.3517,0.4829,0.7119,0.047,0.1219,0.0606,0.075,0.0921,0.109,0.8523,0.8664,0.9234,0.0511,0.061,0.0731,0.153795,0.0226203,0.00010813,0.40038374,-0.2263697,0.0104,0.0136,0.0163,0.0199,0.0215,0.0251,0.0279,0.0319,0.0363,0.0532
0.3781,0.4534,0.5102,0.0411,0.1245,0.0575,0.0684,0.0962,0.1052,0.9728,0.9479,0.832,0.0538,0.0702,0.0906,0.159442,0.019705117,7.54e-05,0.021043761,-0.8536804,0.0069,0.0109,0.0142,0.0165,0.0206,0.0219,0.0251,0.0271,0.0316,0.0391
0.3511,0.4031,0.933,0.0476,0.1136,0.0557,0.0634,0.0831,0.1072,0.9068,0.9954,0.92,0.0547,0.0595,0.0852,0.23814,0.033311049,0.00012226,-0.4474103,-0.1595307,0.0186,0.0243,0.0279,0.0317,0.0343,0.0369,0.0396,0.0426,0.0471,0.0561
0.4119,0.4812,0.8631,0.0417,0.1474,0.0595,0.0854,0.0909,0.1107,0.8207,0.9746,0.8295,0.0771,0.0823,0.0837,0.100149,0.01812556,4.83e-05,-0.0150427,-0.7372101,0.01,0.0117,0.0144,0.0156,0.0181,0.0207,0.0216,0.0249,0.0269,0.035
0.4157,0.4375,0.7453,0.044,0.1289,0.0736,0.0748,0.097,0.1112,0.8416,0.8982,0.8199,0.0503,0.058,0.0816,0.137013,0.021634655,8.58e-05,0.129663525,-0.7782607,0.0101,0.0125,0.0159,0.0192,0.0215,0.0246,0.0265,0.0306,0.0345,0.0436
0.4179,0.4066,0.6683,0.0421,0.1433,0.0658,0.0867,0.0936,0.1036,0.9786,0.9643,0.9995,0.0587,0.0669,0.0805,0.166492,0.02224538,8.17e-05,0.06651376,-0.6556926,0.01,0.0137,0.0162,0.0201,0.0215,0.0246,0.027,0.031,0.0342,0.0464
0.4051,0.4361,0.8469,0.0485,0.1266,0.0585,0.0849,0.0929,0.1061,0.9683,0.8887,0.9653,0.0796,0.0854,0.0975,0.147416,0.024422452,6.89e-05,-0.1786904,-0.490459,0.0145,0.0167,0.02,0.0221,0.0255,0.0265,0.0293,0.0318,0.0359,0.045
0.4126,0.4654,0.9327,0.0362,0.1457,0.0587,0.078,0.09,0.1198,0.8378,0.8122,0.8791,0.056,0.0697,0.0912,0.112831,0.02340766,6.78e-05,-0.2090781,-0.421233,0.012,0.0161,0.0202,0.0215,0.0241,0.0256,0.0277,0.0313,0.0342,0.043
0.382,0.4927,0.5502,0.0433,0.1494,0.0702,0.0886,0.098,0.126,0.9543,0.9961,0.8624,0.0586,0.0606,0.0975,0.108798,0.019666466,8.35e-05,0.17485226,-0.6859427,0.0068,0.0114,0.0151,0.0164,0.0195,0.0215,0.0253,0.028,0.0317,0.0442
0.3745,0.4886,0.6881,0.0386,0.1246,0.0553,0.0833,0.0898,0.1052,0.859,0.8816,0.881,0.06,0.0641,0.0832,0.130985,0.020371622,0.0001004,0.532214753,0.202376962,0.0073,0.0114,0.0154,0.017,0.0207,0.0222,0.0259,0.0281,0.0349,0.055
0.3903,0.4823,0.8904,0.0494,0.1219,0.0607,0.0791,0.0872,0.1048,0.8963,0.9882,0.962,0.0621,0.0815,0.0924,0.124232,0.023894897,6.87e-05,-0.1521443,-0.4285559,0.0121,0.0162,0.0203,0.0215,0.0245,0.026,0.029,0.0315,0.0351,0.0474
0.3835,0.4685,0.8812,0.048,0.1462,0.0587,0.0961,0.1055,0.124,0.8994,0.8342,0.8385,0.0884,0.0897,0.0951,0.134719,0.027267706,0.00010083,0.00706796,-0.3895214,0.0133,0.0185,0.0217,0.0245,0.0269,0.0305,0.0328,0.0363,0.0398,0.0555
0.4035,0.4302,0.6478,0.0378,0.1214,0.0528,0.0783,0.085,0.1042,0.9747,0.8595,0.8161,0.0863,0.0874,0.0979,0.160768,0.017888891,5.8e-05,-0.0336464,-0.9046735,0.0064,0.0113,0.0126,0.0154,0.0181,0.0208,0.0224,0.0254,0.0277,0.0354
0.3958,0.4117,0.7169,0.041,0.1452,0.0656,0.0887,0.0969,0.1232,0.9733,0.9249,0.9854,0.0624,0.0806,0.0946,0.187354,0.026909267,0.0001043,0.07875586,-0.6034176,0.0141,0.0167,0.0206,0.024,0.0259,0.0297,0.0326,0.0356,0.0411,0.0517
0.3814,0.4041,0.769,0.0454,0.1237,0.0561,0.0727,0.0889,0.1068,0.8971,0.8196,0.8774,0.0568,0.062,0.0691,0.204337,0.02580174,8e-05,-0.1054739,-0.5690582,0.0138,0.0173,0.0209,0.0239,0.0257,0.0284,0.0312,0.0345,0.0371,0.0469
0.4003,0.4725,0.6075,0.0471,0.1325,0.0753,0.0841,0.1076,0.1212,0.9899,0.9912,0.9455,0.0512,0.0623,0.0744,0.118119,0.022771071,0.00011744,0.142259093,-0.7375744,0.0099,0.0118,0.0162,0.0201,0.0221,0.0258,0.0297,0.0334,0.0366,0.0539
0.3968,0.4357,0.9132,0.0421,0.1377,0.0793,0.0803,0.0849,0.1153,0.9299,0.8626,0.8541,0.0639,0.0834,0.095,0.159126,0.03124651,0.00010901,-0.321156,-0.1694184,0.0171,0.0222,0.0259,0.0297,0.0323,0.0348,0.0364,0.0401,0.0444,0.0539
0.3678,0.4999,0.7849,0.0449,0.1185,0.0669,0.0692,0.0922,0.1058,0.916,0.8576,0.9276,0.0675,0.0779,0.0808,0.128063,0.021101075,7.19e-05,0.018157826,-0.666065,0.0102,0.0125,0.0159,0.0193,0.0213,0.0241,0.0259,0.0289,0.0326,0.043
0.3693,0.4724,0.8507,0.0423,0.1244,0.047,0.0624,0.0955,0.1099,0.8502,0.9909,0.8132,0.0618,0.0689,0.0994,0.152164,0.02014532,5.22e-05,-0.086239,-0.5630618,0.0104,0.014,0.0155,0.0187,0.0202,0.0219,0.0248,0.026,0.0297,0.04
0.4155,0.4596,0.8104,0.0397,0.1212,0.0613,0.0819,0.0893,0.1071,0.8368,0.9379,0.9136,0.0752,0.0878,0.093,0.11753,0.019717709,6.09e-05,-0.0044122,-0.7663549,0.0094,0.0115,0.0146,0.0167,0.0206,0.0218,0.0246,0.0266,0.0303,0.0391
0.3877,0.4959,0.6636,0.0413,0.1439,0.0637,0.0744,0.0961,0.1152,0.8175,0.986,0.8685,0.0571,0.0776,0.0866,0.105267,0.016939419,5.79e-05,0.03928101,-0.932076,0.006,0.0103,0.0118,0.0155,0.0165,0.0197,0.0211,0.0251,0.0269,0.0335
0.3795,0.4784,0.8719,0.0465,0.123,0.0623,0.0682,0.0975,0.1068,0.8521,0.9981,0.919,0.0585,0.0682,0.0867,0.135049,0.023289692,6.71e-05,-0.1479594,-0.5675922,0.0117,0.0155,0.0199,0.0211,0.0236,0.0257,0.0277,0.0311,0.0345,0.0418
0.3949,0.425,0.7464,0.0378,0.1466,0.0822,0.0831,0.1064,0.1259,0.8086,0.9662,0.8543,0.0514,0.0583,0.0632,0.174885,0.025558888,8.8e-05,-0.0046762,-0.6316237,0.0128,0.0168,0.0207,0.023,0.0258,0.0281,0.0309,0.0343,0.0379,0.0482
0.4065,0.4356,0.822,0.0446,0.126,0.0638,0.064,0.0973,0.1056,0.9823,0.933,0.9296,0.0783,0.0946,0.0948,0.147723,0.02301334,6.25e-05,-0.1895167,-0.5661713,0.0116,0.0154,0.0193,0.0207,0.0242,0.0256,0.0275,0.0306,0.0329,0.0403
0.3778,0.466,0.8728,0.0485,0.1492,0.0671,0.0935,0.1125,0.1298,0.8065,0.9145,0.9068,0.0927,0.0963,0.0997,0.143872,0.029806204,0.00010952,-0.1523192,-0.5724591,0.0161,0.0206,0.0246,0.0268,0.0303,0.0334,0.0359,0.0397,0.0433,0.0534
0.3879,0.4084,0.5427,0.0495,0.1134,0.07,0.072,0.086,0.1014,0.9618,0.8364,0.824,0.0549,0.0843,0.0933,0.195719,0.022149526,9.06e-05,-0.0313892,-0.8597357,0.0097,0.0125,0.0161,0.0204,0.0219,0.0251,0.0276,0.0316,0.0348,0.043
0.4044,0.423,0.6687,0.045,0.1278,0.0633,0.0798,0.0906,0.1041,0.853,0.801,0.9076,0.0642,0.0717,0.0855,0.163399,0.02112707,7.51e-05,-0.0511339,-0.8478604,0.0096,0.0125,0.0154,0.0193,0.0208,0.0246,0.0261,0.0298,0.0328,0.0403
0.3801,0.4469,0.7726,0.0372,0.1314,0.0539,0.0878,0.1006,0.1239,0.9873,0.8618,0.9067,0.0535,0.0556,0.0586,0.167628,0.022914528,8.03e-05,0.136051325,-0.5637556,0.0117,0.0141,0.0172,0.0201,0.022,0.0251,0.0272,0.0312,0.035,0.0456
0.3797,0.4969,0.5696,0.0483,0.1367,0.0655,0.0941,0.1069,0.1189,0.9616,0.9645,0.8613,0.0509,0.0778,0.0951,0.110577,0.021122957,9.82e-05,0.228216959,-0.5715792,0.007,0.0109,0.0148,0.0183,0.0209,0.024,0.0259,0.0303,0.035,0.0472
0.3596,0.4622,0.6085,0.0428,0.1246,0.0564,0.0639,0.0878,0.1063,0.8537,0.9386,0.9108,0.0584,0.06,0.0826,0.169259,0.021094136,9.06e-05,0.105342958,-0.7218283,0.0092,0.0124,0.0147,0.0188,0.0208,0.0237,0.0259,0.0301,0.0339,0.0461
0.3521,0.4366,0.6494,0.0369,0.1426,0.0539,0.0905,0.0985,0.119,0.9283,0.8041,0.8424,0.0512,0.0646,0.0657,0.202606,0.02406039,0.00010738,0.299726015,-0.3393808,0.011,0.0155,0.0182,0.0211,0.0246,0.0262,0.0297,0.0335,0.0373,0.0541
0.3944,0.482,0.7385,0.0402,0.1143,0.0601,0.0799,0.0806,0.0928,0.9677,0.912,0.874,0.0528,0.0539,0.056,0.115184,0.01759544,6.35e-05,0.104280313,-0.8893378,0.0062,0.011,0.0123,0.0151,0.0171,0.0207,0.0218,0.0257,0.0285,0.0357
0.3523,0.4128,0.8865,0.0378,0.144,0.0521,0.0858,0.1146,0.1161,0.9741,0.9025,0.8689,0.0719,0.095,0.0961,0.221395,0.03328903,0.00012934,-0.1683593,-0.1351557,0.0192,0.0248,0.0269,0.0312,0.0339,0.0365,0.0395,0.0429,0.0467,0.0612
0.4189,0.4127,0.6847,0.0358,0.1334,0.0626,0.0876,0.0998,0.1193,0.9304,0.803,0.9907,0.068,0.0745,0.0786,0.159664,0.020078789,6.65e-05,-0.0130767,-0.8067762,0.0092,0.0115,0.0146,0.0171,0.0208,0.022,0.0253,0.027,0.0311,0.0391
0.3932,0.4654,0.75,0.0385,0.124,0.0612,0.0652,0.0825,0.1084,0.8148,0.8029,0.9914,0.0561,0.0745,0.0787,0.136038,0.017371192,5.42e-05,0.07658906,-0.7921773,0.0064,0.0111,0.0122,0.0149,0.0166,0.0202,0.0211,0.0246,0.0269,0.0346
0.3578,0.4095,0.6301,0.0358,0.1391,0.0494,0.0737,0.1015,0.1157,0.8563,0.8155,0.8335,0.0575,0.0722,0.0935,0.228002,0.02548355,0.00010444,0.03129276,-0.6166496,0.0114,0.0158,0.0198,0.0224,0.0254,0.0286,0.0311,0.0345,0.039,0.0522
0.3908,0.4888,0.7117,0.0422,0.1177,0.0503,0.0765,0.0792,0.1029,0.9054,0.9537,0.8198,0.0597,0.0694,0.0901,0.112358,0.015878701,5.38e-05,0.199823244,-0.7449336,0.006,0.01,0.0108,0.0145,0.0155,0.0177,0.0202,0.0223,0.0254,0.0367
0.3863,0.473,0.6016,0.036,0.1412,0.0605,0.0873,0.0908,0.1196,0.8157,0.9326,0.838,0.0712,0.0754,0.0894,0.129597,0.01881565,7.73e-05,0.169265332,-0.7601784,0.0065,0.0105,0.014,0.0157,0.0193,0.0209,0.0246,0.0266,0.0311,0.0406
0.4124,0.4434,0.9497,0.041,0.1483,0.0602,0.0838,0.101,0.1258,0.8524,0.8881,0.9422,0.0518,0.0841,0.0875,0.13066,0.02710372,9e-05,-0.3721726,-0.2673096,0.0139,0.0202,0.0227,0.0257,0.0277,0.0302,0.0326,0.0356,0.0385,0.0482
0.3921,0.4561,0.7579,0.0389,0.1306,0.0634,0.0765,0.0938,0.1129,0.8518,0.9152,0.9093,0.0563,0.0887,0.0889,0.144673,0.02256797,8.06e-05,0.02692214,-0.6888897,0.011,0.015,0.0169,0.0208,0.0222,0.0253,0.0277,0.0311,0.0344,0.0436
0.3856,0.4287,0.5353,0.0381,0.1342,0.0559,0.0792,0.0989,0.1112,0.8115,0.8331,0.8328,0.062,0.0847,0.0997,0.178489,0.02321744,0.00010894,0.048381207,-0.7518101,0.0097,0.0137,0.0158,0.0209,0.0235,0.0263,0.0295,0.0329,0.0366,0.0485
0.3885,0.47,0.732,0.0403,0.1344,0.0738,0.0776,0.0888,0.0988,0.965,0.8463,0.9413,0.0518,0.0917,0.0952,0.131412,0.020892829,8.16e-05,0.046077807,-0.8634227,0.0091,0.0118,0.0152,0.0181,0.0206,0.0239,0.0261,0.0302,0.0334,0.0406
0.3526,0.4285,0.8794,0.0373,0.1471,0.0523,0.0806,0.0958,0.1335,0.9441,0.8884,0.9565,0.0605,0.0802,0.0966,0.201269,0.030991283,0.00011487,-0.1499299,-0.424836,0.0169,0.0216,0.0254,0.0272,0.0314,0.0346,0.0365,0.0404,0.0453,0.0539
0.3905,0.4852,0.8876,0.0442,0.1212,0.0625,0.0639,0.09,0.0997,0.8082,0.8231,0.8322,0.0514,0.0591,0.0971,0.116473,0.022375997,6.64e-05,-0.0734547,-0.5881166,0.0111,0.015,0.0174,0.0204,0.0223,0.0252,0.0268,0.0304,0.0332,0.0406
0.3902,0.42,0.6615,0.0436,0.1458,0.0769,0.0835,0.1075,0.1358,0.9239,0.9701,0.8444,0.0582,0.0668,0.0819,0.176942,0.025550233,9.73e-05,-0.105701,-0.7448876,0.0108,0.0157,0.0205,0.0228,0.0256,0.0289,0.0315,0.0351,0.0386,0.0472
0.3864,0.421,0.8347,0.0364,0.1447,0.0652,0.0749,0.0876,0.1274,0.9919,0.9585,0.8135,0.0633,0.0765,0.0804,0.183483,0.026305693,7.72e-05,-0.2829617,-0.512369,0.0152,0.0188,0.0208,0.025,0.0265,0.0293,0.0316,0.0349,0.0375,0.0442
0.4041,0.4675,0.7336,0.0448,0.112,0.058,0.0726,0.0836,0.1031,0.951,0.8042,0.8246,0.0534,0.0562,0.0627,0.123051,0.01657414,4.99e-05,0.04933567,-0.8498016,0.0062,0.0106,0.0119,0.0154,0.0163,0.0193,0.0205,0.0231,0.0261,0.0335
0.4098,0.4278,0.5179,0.0351,0.1143,0.0589,0.0679,0.0814,0.0994,0.9955,0.9492,0.9211,0.06,0.0703,0.0923,0.155745,0.018268295,6.41e-05,0.011025127,-0.864473,0.0064,0.0107,0.0144,0.0159,0.0193,0.0209,0.0235,0.0256,0.0289,0.0374
0.3799,0.4039,0.6759,0.0445,0.1216,0.0507,0.0682,0.0929,0.1091,0.8547,0.905,0.8223,0.0541,0.071,0.0723,0.206977,0.022636027,7.2e-05,0.016689906,-0.5254739,0.0116,0.0156,0.0175,0.0204,0.0225,0.0257,0.0268,0.03,0.0349,0.045
0.3882,0.4479,0.7158,0.05,0.1394,0.0614,0.0897,0.1063,0.1277,0.9437,0.9514,0.9431,0.0559,0.0863,0.0946,0.154908,0.025521404,0.00011367,0.200394552,-0.3978653,0.0111,0.0149,0.0204,0.0225,0.0254,0.0279,0.0316,0.0349,0.0396,0.0561
0.3573,0.4117,0.684,0.0484,0.121,0.0601,0.0793,0.1005,0.1078,0.976,0.8144,0.8025,0.0562,0.0567,0.057,0.224327,0.02502028,8.14e-05,-0.0600363,-0.6531445,0.0128,0.0158,0.0199,0.0218,0.0253,0.0271,0.0307,0.0334,0.0365,0.0456
0.3822,0.4548,0.6919,0.045,0.1303,0.064,0.0794,0.087,0.1123,0.8881,0.9242,0.9948,0.0618,0.0648,0.0661,0.154816,0.021248526,8.14e-05,0.08935762,-0.7252139,0.01,0.0124,0.0157,0.0189,0.0216,0.0246,0.0263,0.03,0.033,0.0439
0.3971,0.4002,0.7967,0.047,0.1307,0.0586,0.0919,0.0979,0.1224,0.8835,0.9256,0.8723,0.0707,0.099,0.0997,0.190461,0.028354414,9.49e-05,-0.1631694,-0.5247558,0.0151,0.0194,0.0225,0.0258,0.0284,0.0319,0.0347,0.0369,0.0406,0.05
0.3671,0.459,0.7712,0.0467,0.15,0.0588,0.0929,0.1133,0.1288,0.9189,0.878,0.8739,0.0742,0.0939,0.0941,0.159362,0.02594203,0.00010063,0.133594302,-0.4860362,0.0121,0.0163,0.0201,0.0228,0.0255,0.0287,0.0312,0.0348,0.039,0.0522
0.3574,0.4238,0.9133,0.0404,0.1316,0.0497,0.091,0.0955,0.1112,0.8733,0.8062,0.9827,0.053,0.0669,0.084,0.206547,0.029461097,0.00010215,-0.2075964,-0.1919467,0.0151,0.0215,0.0243,0.027,0.0301,0.0325,0.035,0.0378,0.0416,0.0559
0.3712,0.4925,0.8809,0.0423,0.1256,0.0619,0.0873,0.0901,0.1177,0.9996,0.8227,0.8442,0.0571,0.059,0.0936,0.126324,0.022488926,6.25e-05,-0.1105063,-0.4884897,0.0117,0.0155,0.018,0.0209,0.0224,0.025,0.0268,0.0299,0.033,0.043
0.3645,0.4336,0.5209,0.0483,0.1257,0.0676,0.0761,0.0983,0.1015,0.8382,0.9801,0.975,0.0603,0.0706,0.0864,0.196524,0.0248395,0.00012246,0.08682232,-0.7039898,0.0105,0.015,0.019,0.0211,0.0248,0.0277,0.0309,0.035,0.0395,0.0522
0.3637,0.4099,0.8509,0.0406,0.1173,0.0552,0.0703,0.0805,0.0991,0.9811,0.9607,0.9989,0.051,0.055,0.0819,0.219984,0.02932769,9.88e-05,-0.1450418,-0.2136225,0.0153,0.0214,0.0243,0.027,0.0299,0.0324,0.0349,0.0376,0.0416,0.0561
0.3615,0.4393,0.8222,0.0448,0.1201,0.0617,0.0825,0.0853,0.1089,0.8165,0.9008,0.9297,0.0572,0.0744,0.0873,0.19268,0.028713331,0.00010033,-0.0571743,-0.4120316,0.0157,0.0202,0.0234,0.0261,0.0291,0.032,0.0347,0.0375,0.0412,0.0532
0.3674,0.4384,0.9143,0.0441,0.14,0.0636,0.0779,0.1003,0.1229,0.9588,0.9117,0.9124,0.0643,0.072,0.0742,0.185164,0.03279187,0.00012613,-0.3070534,-0.3931601,0.0182,0.023,0.0264,0.0302,0.0328,0.0365,0.0406,0.0431,0.0468,0.0552
0.3875,0.4193,0.6958,0.0489,0.1176,0.0644,0.0811,0.0843,0.0967,0.8793,0.8307,0.856,0.0706,0.0772,0.0959,0.186935,0.0245642,9.11e-05,-0.0469368,-0.8106269,0.0118,0.016,0.0193,0.0215,0.0255,0.0267,0.0303,0.035,0.0369,0.045
0.3884,0.4062,0.8313,0.044,0.1377,0.0702,0.0769,0.0845,0.1247,0.9157,0.9951,0.806,0.0598,0.0622,0.0649,0.202302,0.02814959,8.71e-05,-0.2748366,-0.4324253,0.0154,0.0206,0.0238,0.026,0.0285,0.031,0.0339,0.0366,0.0405,0.0482
0.3543,0.4014,0.8618,0.0414,0.1227,0.0674,0.0804,0.0843,0.0939,0.8781,0.9657,0.9483,0.0541,0.0555,0.059,0.239445,0.03622544,0.00016412,-0.1549646,-0.3808047,0.0206,0.0246,0.0297,0.0329,0.0369,0.0402,0.0439,0.0475,0.0529,0.0663
0.3537,0.4551,0.9019,0.0468,0.1101,0.0571,0.0777,0.0792,0.0923,0.8855,0.9818,0.8435,0.0517,0.0679,0.098,0.186803,0.027756474,8.14e-05,-0.3647777,-0.1793318,0.015,0.0208,0.0241,0.0262,0.0284,0.0306,0.0329,0.0352,0.0395,0.0485
0.3878,0.4588,0.6004,0.0422,0.1168,0.0561,0.0727,0.0822,0.1081,0.9601,0.9644,0.9993,0.0667,0.0722,0.0901,0.141576,0.019277503,7.9e-05,0.193497984,-0.5875053,0.0067,0.0111,0.0147,0.0162,0.0201,0.0216,0.0246,0.0269,0.0311,0.043
0.3645,0.462,0.8464,0.0355,0.1363,0.0525,0.0667,0.0932,0.1148,0.8003,0.8075,0.9147,0.057,0.0741,0.078,0.162108,0.02236242,6.31e-05,-0.0720105,-0.542637,0.0117,0.0155,0.0175,0.0211,0.0223,0.0252,0.0267,0.0298,0.0325,0.0439
0.3749,0.4895,0.7592,0.0357,0.1418,0.0594,0.0735,0.1137,0.1234,0.9988,0.8445,0.8292,0.0606,0.0829,0.088,0.126954,0.01894019,6.89e-05,0.123439705,-0.7298977,0.0078,0.0108,0.0139,0.0156,0.0195,0.0215,0.024,0.0259,0.0304,0.0394
0.3836,0.4324,0.9149,0.0488,0.1499,0.0861,0.0894,0.0964,0.1387,0.8185,0.916,0.9125,0.0524,0.0829,0.0943,0.169362,0.03569424,0.00014558,-0.2807661,-0.2763439,0.0201,0.0258,0.0294,0.0328,0.0358,0.0395,0.0428,0.0464,0.051,0.0612
0.3879,0.4938,0.827,0.0471,0.1432,0.0615,0.0733,0.0869,0.127,0.9672,0.97,0.9278,0.0896,0.0936,0.0984,0.10751,0.02131173,8.28e-05,0.249282764,-0.4535238,0.0099,0.0121,0.0154,0.0196,0.0212,0.0242,0.026,0.0296,0.034,0.0477
0.3936,0.4998,0.871,0.0354,0.1496,0.0706,0.0883,0.116,0.13,0.9669,0.88,0.8507,0.0614,0.0688,0.0809,0.093075,0.020653897,6.95e-05,0.156043683,-0.6283906,0.0101,0.0122,0.0153,0.0182,0.0205,0.0221,0.0253,0.028,0.032,0.0415
0.3825,0.4582,0.8195,0.0494,0.1351,0.0622,0.0723,0.1045,0.11,0.9316,0.8998,0.8728,0.0653,0.0658,0.0978,0.150247,0.0254928,8.5e-05,-0.0493478,-0.6069447,0.013,0.0168,0.0208,0.0229,0.0254,0.0278,0.031,0.0346,0.0371,0.0474
0.3928,0.4308,0.8534,0.0411,0.1395,0.0575,0.0725,0.1027,0.1091,0.8273,0.9311,0.8602,0.0607,0.0851,0.0885,0.165429,0.024825633,7.25e-05,-0.201914171,-0.51141291,0.0145,0.0168,0.0208,0.0225,0.0251,0.0271,0.0304,0.0329,0.0352,0.043
0.3524,0.4914,0.5259,0.0455,0.1373,0.067,0.0794,0.0997,0.1227,0.8113,0.9613,0.9765,0.0642,0.0754,0.0808,0.145493,0.021975282,0.00010187,0.144376011,-0.7062433,0.0095,0.0113,0.0151,0.0195,0.0217,0.0253,0.0277,0.0311,0.0353,0.0485
0.397,0.4033,0.9272,0.0454,0.13,0.0589,0.0881,0.0964,0.1108,0.9182,0.8924,0.8936,0.0778,0.0886,0.0902,0.195601,0.0323727,0.00011805,-0.3507208,-0.0559667,0.0179,0.0245,0.0266,0.0308,0.0328,0.0353,0.0382,0.0415,0.046,0.0602
0.3751,0.423,0.6378,0.0497,0.1395,0.0726,0.0832,0.1021,0.127,0.8393,0.9199,0.9983,0.0776,0.0912,0.0949,0.19044,0.02607852,0.0001112,-0.0359266,-0.7465983,0.0111,0.0157,0.0196,0.0231,0.0259,0.0299,0.0327,0.0358,0.04,0.0497
0.4164,0.4802,0.7043,0.0356,0.1414,0.0593,0.0644,0.098,0.1158,0.8847,0.8663,0.8836,0.0526,0.0762,0.0891,0.098863,0.016793548,6.27e-05,0.22691544,-0.7661954,0.0061,0.0102,0.0111,0.015,0.0161,0.0197,0.0212,0.0248,0.0273,0.0374
0.402,0.4506,0.8623,0.0425,0.1236,0.057,0.0612,0.1007,0.1076,0.8896,0.8153,0.8397,0.0598,0.0748,0.0934,0.138142,0.021885893,5.75e-05,-0.1942024,-0.5640548,0.0111,0.0149,0.0172,0.0201,0.0219,0.0249,0.0261,0.0287,0.032,0.0403
0.3674,0.4785,0.5837,0.0435,0.114,0.0543,0.0676,0.0855,0.1076,0.9809,0.9871,0.9578,0.073,0.0796,0.0813,0.145494,0.020172061,8.87e-05,0.266408337,-0.4810298,0.0069,0.0106,0.0143,0.0169,0.0205,0.0222,0.0251,0.028,0.0321,0.0469
0.3599,0.4291,0.918,0.0411,0.1181,0.0547,0.0582,0.0883,0.1056,0.8641,0.8879,0.8934,0.0692,0.0709,0.0812,0.201022,0.030269993,0.00010775,-0.2686801,-0.2611617,0.0154,0.0216,0.0249,0.0273,0.0308,0.0334,0.0364,0.0402,0.0434,0.0552
0.3967,0.4521,0.5261,0.0478,0.1472,0.0721,0.0908,0.1052,0.1134,0.8058,0.907,0.9063,0.0563,0.0693,0.0999,0.13796,0.02195155,9.77e-05,0.05367735,-0.8093193,0.0093,0.0126,0.015,0.0195,0.0217,0.0248,0.0271,0.0311,0.0358,0.0453
0.3777,0.4956,0.5535,0.0368,0.1108,0.0615,0.0634,0.0824,0.094,0.906,0.9934,0.8599,0.0637,0.0847,0.0921,0.120698,0.017415346,6.4e-05,0.07196416,-0.9720289,0.0061,0.0107,0.0121,0.0149,0.0169,0.0205,0.0219,0.0255,0.0281,0.0354
0.4003,0.473,0.8857,0.0386,0.1329,0.061,0.0823,0.0899,0.1208,0.9589,0.8016,0.8595,0.0573,0.0622,0.0937,0.121869,0.021779337,6.02e-05,-0.1485097,-0.6039109,0.0108,0.0144,0.0167,0.0206,0.0218,0.0244,0.0263,0.0286,0.0318,0.0391
0.411,0.452,0.5641,0.0438,0.1261,0.0496,0.0771,0.0917,0.1108,0.9886,0.8481,0.9431,0.0525,0.0653,0.0806,0.127422,0.01653622,5.54e-05,0.109572595,-0.7572675,0.0062,0.0094,0.0113,0.0142,0.0158,0.0194,0.0212,0.0234,0.0263,0.0391
0.3668,0.4113,0.7231,0.0375,0.1102,0.0564,0.081,0.0847,0.0897,0.9401,0.9219,0.884,0.0634,0.0657,0.0798,0.215184,0.02605372,9.01e-05,-0.0211642,-0.6300096,0.0139,0.0165,0.0212,0.0243,0.0261,0.0287,0.0317,0.0344,0.0393,0.049
0.4005,0.4718,0.8845,0.0425,0.1363,0.0632,0.097,0.105,0.1141,0.9986,0.9194,0.8135,0.0512,0.0571,0.0654,0.119261,0.02223786,6.05e-05,-0.1564009,-0.5308468,0.0114,0.0151,0.0178,0.0202,0.0221,0.025,0.0263,0.0297,0.0326,0.0403
0.3844,0.4256,0.8342,0.0484,0.131,0.065,0.0804,0.0968,0.109,0.9406,0.8032,0.9559,0.051,0.07,0.077,0.182751,0.028151132,8.84e-05,-0.2773078,-0.4820306,0.0151,0.0206,0.0233,0.0258,0.0288,0.0315,0.035,0.0366,0.0401,0.0477
0.398,0.4533,0.676,0.0444,0.1349,0.0592,0.068,0.0968,0.1164,0.9877,0.8258,0.8512,0.0686,0.0691,0.0973,0.143794,0.018417964,6.52e-05,0.04136948,-0.877175,0.0065,0.0106,0.0137,0.0156,0.0192,0.0206,0.0234,0.0256,0.0292,0.0367
0.3593,0.4142,0.7215,0.0462,0.1411,0.0692,0.087,0.0966,0.1352,0.9229,0.9054,0.8799,0.0514,0.0654,0.0677,0.21405,0.0327911,0.00018076,0.288513039,-0.3769085,0.016,0.0201,0.0249,0.0279,0.0324,0.0355,0.0404,0.0439,0.0508,0.0687
0.3745,0.4854,0.5868,0.036,0.1108,0.048,0.0683,0.0693,0.0824,0.9431,0.8768,0.8222,0.0715,0.0756,0.0875,0.13566,0.016217055,5.57e-05,0.172171307,-0.7823495,0.006,0.0102,0.0117,0.0144,0.0156,0.0184,0.0209,0.0228,0.0261,0.0354
0.4068,0.4302,0.8295,0.0432,0.1295,0.0713,0.0845,0.0961,0.1194,0.8453,0.8629,0.9727,0.0599,0.0789,0.0804,0.158332,0.025329394,7.81e-05,-0.1607039,-0.6162659,0.0151,0.0169,0.0203,0.0226,0.0259,0.0273,0.0307,0.0341,0.0367,0.045
0.3982,0.4717,0.8254,0.045,0.1392,0.0559,0.0916,0.1075,0.1173,0.8092,0.8522,0.861,0.0636,0.0672,0.0691,0.115904,0.022064213,7.69e-05,0.06984865,-0.6550589,0.0106,0.0144,0.0158,0.02,0.0212,0.0254,0.0269,0.0302,0.0344,0.0412
0.3813,0.4405,0.9062,0.0463,0.1226,0.0586,0.0826,0.0975,0.1113,0.8734,0.9031,0.9103,0.052,0.0844,0.0868,0.165891,0.030655093,0.00010829,-0.1916188,-0.1958293,0.0164,0.0218,0.0252,0.0277,0.0311,0.0337,0.0365,0.0402,0.044,0.0552
0.4166,0.4229,0.8636,0.0472,0.1306,0.0654,0.0908,0.1075,0.1126,0.9484,0.9031,0.8285,0.0797,0.09,0.0988,0.149562,0.026164785,8.03e-05,-0.2360994,-0.4631967,0.014,0.0192,0.0212,0.0243,0.026,0.0294,0.0315,0.0348,0.0373,0.0472
0.3944,0.4851,0.5717,0.0388,0.1404,0.052,0.0691,0.0905,0.1297,0.8029,0.9711,0.8777,0.0684,0.0691,0.0704,0.110295,0.01534006,4.76e-05,0.137812313,-0.7987097,0.0059,0.0099,0.0114,0.014,0.0151,0.0167,0.0203,0.0214,0.0251,0.035
0.3513,0.4182,0.7951,0.0371,0.1225,0.0516,0.0691,0.0937,0.1034,0.9325,0.8222,0.8651,0.0829,0.09,0.0985,0.224538,0.02755199,9.13e-05,-0.1403776,-0.5208913,0.0153,0.0198,0.0217,0.0254,0.0278,0.0309,0.0336,0.0362,0.0399,0.0532
0.3593,0.463,0.5081,0.0486,0.1497,0.0718,0.0858,0.1151,0.145,0.8639,0.8988,0.8485,0.0545,0.0903,0.0942,0.172012,0.028495187,0.00018474,0.248485635,-0.451615,0.0115,0.0159,0.0212,0.0241,0.0281,0.032,0.036,0.0408,0.0461,0.0667
0.3622,0.4674,0.566,0.0371,0.1105,0.0555,0.0561,0.0806,0.0913,0.8774,0.8479,0.9712,0.057,0.064,0.0899,0.165248,0.018261628,6.74e-05,0.120299588,-0.7449527,0.0065,0.0105,0.0138,0.0154,0.0183,0.0204,0.0229,0.0257,0.0296,0.0403
0.3566,0.4735,0.9045,0.0498,0.1258,0.0626,0.0802,0.0992,0.114,0.8687,0.834,0.9228,0.059,0.0767,0.0895,0.162137,0.03067113,0.00011718,-0.1225222,-0.3038515,0.0157,0.0209,0.0252,0.0271,0.0313,0.0336,0.0364,0.04,0.0449,0.0604
0.3818,0.4056,0.879,0.0499,0.1243,0.0698,0.0805,0.0953,0.1123,0.8395,0.8591,0.8325,0.0534,0.0722,0.0733,0.201524,0.03450183,0.00013391,-0.2944966,-0.2453638,0.0195,0.0251,0.0287,0.032,0.0348,0.038,0.0411,0.0448,0.0487,0.0604
0.3594,0.4211,0.7153,0.0389,0.1337,0.0671,0.0853,0.1006,0.117,0.9059,0.904,0.9666,0.0537,0.0857,0.0934,0.207816,0.02880075,0.0001231,0.148761344,-0.5330421,0.0135,0.0195,0.0223,0.0255,0.0281,0.0316,0.0346,0.038,0.044,0.0559
0.3777,0.4648,0.8716,0.0454,0.1409,0.066,0.0841,0.1003,0.119,0.989,0.9719,0.8541,0.0506,0.052,0.0568,0.144546,0.02733616,9.67e-05,-0.1455386,-0.5753051,0.0145,0.0192,0.0221,0.0245,0.0269,0.0307,0.0335,0.0361,0.0404,0.0495
0.4069,0.4427,0.9237,0.0464,0.1261,0.0651,0.0779,0.0896,0.1194,0.9738,0.8607,0.9338,0.0517,0.0624,0.0842,0.142311,0.02743095,8.78e-05,-0.359941,-0.3918313,0.0146,0.0205,0.0224,0.0257,0.0273,0.031,0.0333,0.0358,0.0396,0.049
0.3737,0.4919,0.7728,0.0484,0.1104,0.0567,0.0724,0.0876,0.0968,0.8925,0.8753,0.9524,0.0565,0.0571,0.0978,0.127614,0.019853197,7.68e-05,0.177205949,-0.6916035,0.009,0.0115,0.0149,0.0163,0.0204,0.0216,0.0246,0.0271,0.0319,0.0424
0.3798,0.468,0.6526,0.0365,0.145,0.0613,0.0745,0.0989,0.1269,0.8454,0.9303,0.825,0.0523,0.0551,0.06,0.139832,0.01906502,7.55e-05,0.157295329,-0.7188975,0.0068,0.0113,0.0149,0.0161,0.0191,0.0207,0.0247,0.0269,0.0309,0.0442
0.3623,0.4641,0.851,0.0394,0.1479,0.0576,0.0711,0.1158,0.1171,0.8374,0.8244,0.801,0.0851,0.0865,0.0918,0.162462,0.02838894,0.00013258,0.450482996,0.186874141,0.0144,0.0196,0.0217,0.0247,0.0275,0.0304,0.034,0.0368,0.0433,0.0628
0.3522,0.4245,0.8311,0.0351,0.1398,0.0537,0.0766,0.1038,0.1269,0.9086,0.9782,0.9205,0.072,0.0794,0.0909,0.210685,0.02941061,0.00010752,-0.0452066,-0.4988444,0.0158,0.0203,0.0241,0.0261,0.0294,0.0322,0.0351,0.0388,0.0432,0.0524
0.4187,0.4251,0.9085,0.043,0.1363,0.0632,0.0864,0.09,0.1227,0.9476,0.945,0.8262,0.0617,0.0802,0.0895,0.14601,0.027033432,8.11e-05,-0.394922,-0.3250237,0.0144,0.0202,0.0218,0.0251,0.0274,0.0305,0.0322,0.0355,0.0382,0.0472
0.3551,0.4308,0.5635,0.0406,0.1113,0.056,0.0803,0.087,0.0982,0.9166,0.9484,0.8383,0.0535,0.0568,0.0788,0.205045,0.022794892,9.43e-05,0.03321832,-0.708485,0.0098,0.0138,0.0167,0.0207,0.0226,0.0255,0.0283,0.0316,0.0359,0.0474
0.3759,0.4872,0.898,0.0399,0.1197,0.052,0.0686,0.0869,0.1025,0.8581,0.8604,0.8606,0.0809,0.0844,0.0919,0.130007,0.023791154,8.27e-05,0.09946323,-0.4768391,0.0122,0.0149,0.0193,0.0206,0.0234,0.0259,0.0285,0.0321,0.0356,0.0456
0.3898,0.4735,0.5381,0.0352,0.1188,0.0453,0.0711,0.0752,0.1005,0.9661,0.8935,0.963,0.0537,0.0751,0.0983,0.131677,0.01677339,6.27e-05,0.270267384,-0.558412,0.0063,0.0097,0.0115,0.0146,0.0157,0.0198,0.021,0.0237,0.0275,0.0415
0.3648,0.4098,0.5099,0.0437,0.1461,0.0579,0.0868,0.1129,0.128,0.9965,0.8225,0.9916,0.0511,0.0523,0.0754,0.213298,0.02511327,0.00012877,0.241501121,-0.336037,0.0105,0.0142,0.0188,0.0211,0.0251,0.0271,0.0313,0.0354,0.0398,0.06
0.4104,0.4826,0.7162,0.0363,0.1469,0.0542,0.0842,0.0897,0.1162,0.8803,0.9814,0.9552,0.0571,0.0758,0.0878,0.09378,0.015914398,5.43e-05,0.162414769,-0.8260591,0.0059,0.01,0.0116,0.0142,0.0154,0.0177,0.0207,0.0222,0.0257,0.035
0.4113,0.4861,0.7651,0.0483,0.1137,0.06,0.0745,0.0883,0.1005,0.8166,0.9197,0.8985,0.0642,0.0839,0.0891,0.093541,0.016442655,5.14e-05,-0.0015146,-0.9553361,0.006,0.0101,0.0115,0.015,0.0159,0.0194,0.0211,0.023,0.0257,0.0328
0.4076,0.4615,0.7887,0.0394,0.1143,0.0604,0.0648,0.0746,0.1096,0.8692,0.8759,0.9664,0.0684,0.0731,0.0739,0.12173,0.017668416,5.11e-05,0.00727166,-0.7797403,0.0094,0.0112,0.0138,0.0149,0.0177,0.0201,0.0216,0.0244,0.0274,0.0339
0.3931,0.4891,0.5898,0.0431,0.1324,0.0562,0.0784,0.1104,0.1146,0.9283,0.9344,0.8468,0.0503,0.0752,0.0832,0.109161,0.019066725,7.87e-05,0.189435165,-0.6922538,0.0066,0.0107,0.0141,0.0158,0.0195,0.0212,0.0248,0.0266,0.0314,0.0406
0.3633,0.4748,0.6145,0.0394,0.1355,0.0661,0.0914,0.0927,0.1244,0.9645,0.8902,0.8314,0.0656,0.0854,0.0957,0.154197,0.022493941,0.0001006,0.01905387,-0.8636324,0.0096,0.0127,0.0164,0.0198,0.0221,0.0259,0.0282,0.0319,0.0363,0.045
0.3664,0.4536,0.8709,0.0451,0.1495,0.0574,0.0945,0.1145,0.1341,0.9546,0.8889,0.8033,0.0521,0.0636,0.0837,0.172209,0.02928898,0.00010454,-0.1351442,-0.3991174,0.0159,0.0206,0.0246,0.0267,0.0297,0.0328,0.0352,0.0382,0.0425,0.0534
0.3827,0.4293,0.8908,0.0499,0.1222,0.0611,0.0777,0.0908,0.1127,0.804,0.9029,0.9502,0.0623,0.0639,0.0709,0.177351,0.02831092,8.32e-05,-0.4461278,-0.2099355,0.0153,0.0212,0.025,0.0263,0.0293,0.0318,0.0339,0.0362,0.0398,0.049
0.3952,0.4427,0.7511,0.0477,0.1478,0.0674,0.0962,0.1161,0.1329,0.8441,0.8258,0.8852,0.0799,0.0808,0.0968,0.151053,0.026110101,0.00010615,0.110634444,-0.5744593,0.012,0.0162,0.0202,0.0232,0.0257,0.029,0.0319,0.0353,0.0398,0.0524
0.3694,0.4504,0.8363,0.0455,0.1163,0.0579,0.0773,0.0815,0.0992,0.859,0.8131,0.8944,0.0836,0.0892,0.0932,0.172941,0.026310315,8.63e-05,-0.1081192,-0.5050723,0.0142,0.0177,0.0217,0.0239,0.0262,0.0296,0.032,0.0345,0.0381,0.0495
0.3561,0.431,0.6381,0.0372,0.1345,0.0596,0.0605,0.0947,0.116,0.9676,0.9832,0.853,0.088,0.0882,0.0986,0.201972,0.02374203,9.91e-05,0.050003568,-0.6977323,0.0103,0.0143,0.0171,0.0212,0.0247,0.0266,0.0296,0.0327,0.0366,0.0485
0.396,0.4582,0.5815,0.0422,0.1194,0.0562,0.0604,0.0938,0.1113,0.8559,0.8903,0.8333,0.0553,0.0586,0.075,0.140685,0.017657303,6.1e-05,0.04874842,-0.8420873,0.0063,0.0105,0.012,0.0156,0.0177,0.0204,0.0222,0.0252,0.0276,0.0374
0.3684,0.4685,0.7206,0.0464,0.1177,0.0695,0.0718,0.0724,0.1043,0.9321,0.8948,0.9517,0.0519,0.0617,0.0903,0.154906,0.022460581,8.5e-05,-0.0074336,-0.7812178,0.0105,0.0147,0.0164,0.0206,0.022,0.0252,0.0276,0.0315,0.0347,0.043
0.3855,0.4713,0.5536,0.0361,0.1464,0.0464,0.0888,0.104,0.1333,0.8535,0.8756,0.9522,0.0614,0.0767,0.0839,0.128918,0.017630671,6.64e-05,0.213229356,-0.6274076,0.0064,0.0102,0.0122,0.015,0.0169,0.0201,0.0213,0.0257,0.0287,0.0412
0.3774,0.4547,0.5736,0.0389,0.1323,0.0587,0.0621,0.102,0.127,0.9796,0.9903,0.8389,0.0677,0.0839,0.0864,0.154795,0.020039013,8.25e-05,0.05695631,-0.8462327,0.0068,0.0112,0.0147,0.0167,0.0205,0.0226,0.0255,0.0281,0.0322,0.0418
0.3693,0.4071,0.5112,0.0433,0.1438,0.0635,0.0808,0.1096,0.1239,0.8023,0.8586,0.9777,0.0616,0.0696,0.0746,0.213932,0.02391576,0.00010833,0.053328041,-0.7043169,0.0102,0.0144,0.0173,0.0203,0.0239,0.0266,0.0305,0.0336,0.0375,0.0497
0.379,0.4856,0.5421,0.0398,0.1402,0.0583,0.0804,0.0998,0.1029,0.9466,0.9629,0.9969,0.0545,0.0666,0.083,0.126627,0.01986198,8.75e-05,0.231624281,-0.6006541,0.0069,0.0106,0.0142,0.0166,0.0203,0.0221,0.0256,0.0283,0.0324,0.0482
0.3995,0.4428,0.6391,0.0376,0.1182,0.0499,0.0634,0.0785,0.1026,0.8212,0.814,0.9833,0.0524,0.054,0.0798,0.15147,0.015436923,4.47e-05,0.021981635,-0.9397351,0.0059,0.0096,0.0109,0.0143,0.0154,0.0169,0.0201,0.0216,0.0253,0.0316
0.3543,0.4414,0.5301,0.0453,0.1287,0.064,0.0809,0.1045,0.1109,0.8474,0.8107,0.9667,0.0656,0.0744,0.0859,0.192388,0.02293103,9.54e-05,-0.021827,-0.7053068,0.0101,0.0144,0.0168,0.0201,0.023,0.0261,0.0287,0.0318,0.0358,0.0505
0.3771,0.4726,0.918,0.0456,0.1351,0.0657,0.0891,0.0939,0.1179,0.919,0.8526,0.9486,0.0707,0.0786,0.0959,0.136197,0.028531641,0.00010281,-0.0822853,-0.3070101,0.0155,0.0201,0.0236,0.0256,0.0286,0.0309,0.0341,0.0372,0.0415,0.0522
0.3763,0.4861,0.7008,0.0478,0.1109,0.0663,0.0745,0.0833,0.1047,0.8019,0.8099,0.9126,0.058,0.0827,0.09,0.132084,0.01943663,7.22e-05,-0.0060719,-0.8870877,0.007,0.0108,0.0141,0.0161,0.0205,0.0218,0.025,0.0269,0.0308,0.0391
0.3655,0.4968,0.9446,0.0499,0.1489,0.0787,0.0859,0.0941,0.1332,0.9591,0.9486,0.8509,0.0517,0.0589,0.0657,0.123164,0.032827622,0.0001342,-0.2093872,-0.2931516,0.0178,0.0241,0.0265,0.0303,0.0328,0.0358,0.0394,0.0431,0.048,0.0606
0.3551,0.46,0.9392,0.0429,0.1274,0.0556,0.0709,0.0943,0.1212,0.8012,0.8544,0.997,0.0507,0.0612,0.0742,0.177335,0.027575064,8.93e-05,-0.3539109,-0.2341949,0.0144,0.0206,0.023,0.0259,0.0282,0.0305,0.0332,0.0358,0.0395,0.0485
0.3546,0.4735,0.884,0.0354,0.1118,0.0489,0.0734,0.0807,0.094,0.9376,0.8423,0.9543,0.0682,0.0687,0.0972,0.165221,0.024625283,7.96e-05,0.00442149,-0.3628375,0.0135,0.0159,0.0208,0.0222,0.0254,0.0267,0.0298,0.0327,0.036,0.0492
0.3866,0.4669,0.5839,0.0459,0.1282,0.0615,0.0681,0.0935,0.1081,0.8506,0.8104,0.9618,0.0659,0.0759,0.0921,0.139979,0.01815186,6.43e-05,-0.007838,-0.9182007,0.0063,0.0112,0.0141,0.0155,0.0187,0.0209,0.0229,0.0258,0.0288,0.0354
0.4014,0.4481,0.5363,0.0462,0.1173,0.0643,0.0708,0.0734,0.1029,0.809,0.8555,0.9175,0.0838,0.089,0.0992,0.143906,0.019048852,7.03e-05,-0.0564297,-0.9653804,0.0064,0.0107,0.0147,0.0159,0.0197,0.0214,0.0246,0.0266,0.0305,0.0367
0.4116,0.4865,0.9208,0.0482,0.1409,0.0567,0.095,0.0985,0.1245,0.947,0.8876,0.8781,0.0593,0.0728,0.0914,0.091952,0.0223546,6.67e-05,-0.0047574,-0.3895538,0.0117,0.0155,0.0175,0.021,0.0222,0.025,0.0264,0.0295,0.0329,0.0439
0.4098,0.4156,0.5158,0.0421,0.1391,0.0534,0.0699,0.0961,0.1151,0.8959,0.8912,0.8127,0.0523,0.0604,0.1,0.160002,0.019442392,7.78e-05,0.025573952,-0.9444291,0.0066,0.0106,0.0139,0.0159,0.0204,0.0219,0.0252,0.0272,0.0313,0.0391
0.3993,0.495,0.541,0.0384,0.1339,0.0515,0.0792,0.1011,0.1061,0.8529,0.8268,0.9098,0.0606,0.0649,0.0873,0.097664,0.01591951,5.49e-05,0.249167955,-0.6506229,0.006,0.0101,0.0116,0.0142,0.0154,0.0176,0.0206,0.0222,0.0259,0.0354
0.4058,0.4867,0.5086,0.0379,0.1378,0.0613,0.0626,0.1051,0.1159,0.8054,0.9972,0.8618,0.0811,0.0814,0.0942,0.098004,0.015153271,4.87e-05,0.126641338,-0.9344175,0.0058,0.0094,0.011,0.0125,0.0156,0.0168,0.0197,0.0215,0.0254,0.0335
0.4099,0.4455,0.8704,0.0414,0.1498,0.0917,0.0925,0.1211,0.1235,0.9936,0.9116,0.8296,0.0827,0.0918,0.098,0.128237,0.027273994,8.74e-05,-0.1848753,-0.502294,0.0145,0.02,0.0216,0.0248,0.0272,0.0306,0.0328,0.0359,0.0393,0.0472
0.3951,0.467,0.8031,0.0359,0.1486,0.0652,0.0799,0.1143,0.1164,0.9045,0.8781,0.8273,0.0801,0.0935,0.0974,0.118373,0.02173917,7.89e-05,0.109843355,-0.5531891,0.01,0.0136,0.0159,0.0201,0.0214,0.0244,0.0262,0.03,0.0339,0.0472
0.3503,0.4443,0.7652,0.0388,0.1204,0.0633,0.067,0.0921,0.0971,0.9645,0.8774,0.915,0.0809,0.0995,0.0998,0.198575,0.02673264,9.27e-05,-0.0649726,-0.6879902,0.0138,0.0178,0.0212,0.0245,0.0262,0.0295,0.0324,0.0359,0.0397,0.0474
0.3807,0.4633,0.5744,0.0371,0.1232,0.0543,0.0834,0.0908,0.1096,0.8263,0.8559,0.9651,0.0513,0.0534,0.059,0.150577,0.018176254,7.08e-05,0.260852878,-0.4207326,0.0067,0.0113,0.0131,0.0149,0.0178,0.0204,0.0222,0.0251,0.0293,0.0461
0.4083,0.4912,0.8961,0.0408,0.1464,0.0617,0.0678,0.1033,0.1181,0.9907,0.8254,0.8391,0.063,0.0659,0.0873,0.09051,0.018017484,4.47e-05,-0.050229835,-0.677509695,0.01,0.0117,0.0142,0.0154,0.0185,0.0202,0.0215,0.0243,0.027,0.0339
0.3862,0.4141,0.9155,0.0461,0.1284,0.0588,0.0853,0.1047,0.1125,0.8719,0.835,0.9653,0.0731,0.081,0.0842,0.192544,0.030609647,0.0001103,-0.339627,-0.3547809,0.016,0.021,0.025,0.0283,0.0313,0.0342,0.0368,0.0405,0.0445,0.0515
0.3608,0.4551,0.8824,0.0416,0.1101,0.0619,0.0679,0.0847,0.0881,0.9457,0.901,0.8462,0.0802,0.084,0.0949,0.175033,0.027067899,8.34e-05,-0.284432,-0.413878,0.0148,0.0189,0.0217,0.0249,0.0271,0.0306,0.0331,0.0355,0.0382,0.0497
0.3526,0.4517,0.5064,0.0361,0.1301,0.0513,0.0939,0.0941,0.106,0.8946,0.8967,0.9536,0.0696,0.0919,0.0992,0.18671,0.0236968,0.0001194,0.214270021,-0.539529,0.01,0.0143,0.0167,0.0201,0.0232,0.0262,0.0301,0.0329,0.0385,0.0502
0.3521,0.4039,0.6844,0.0444,0.1242,0.0562,0.079,0.0957,0.1084,0.9077,0.878,0.947,0.0534,0.0549,0.066,0.236969,0.029090322,0.00013071,0.115675681,-0.6948963,0.0132,0.0189,0.022,0.0253,0.0281,0.0318,0.0359,0.0403,0.0446,0.0552
0.3788,0.4352,0.528,0.0359,0.1397,0.0553,0.0834,0.1067,0.1168,0.9652,0.9588,0.9489,0.056,0.0581,0.0818,0.17433,0.02302749,0.00011972,0.238537286,-0.5985726,0.01,0.0121,0.0161,0.0199,0.0224,0.0256,0.0292,0.0328,0.0377,0.0524
0.4191,0.4825,0.6664,0.0469,0.1482,0.0558,0.0716,0.1052,0.1344,0.9672,0.9177,0.8552,0.0597,0.0887,0.0976,0.086047,0.015811307,5.47e-05,0.188620649,-0.8255785,0.0059,0.0099,0.0115,0.0142,0.0154,0.0176,0.0207,0.0224,0.0259,0.0354
0.4012,0.4568,0.8461,0.0473,0.1449,0.0713,0.0991,0.0996,0.12,0.88,0.912,0.96,0.0854,0.087,0.0957,0.124077,0.024929361,7.85e-05,-0.1038651,-0.6317206,0.0132,0.0162,0.0201,0.0218,0.0246,0.0269,0.0307,0.0335,0.0363,0.0461
0.4137,0.445,0.6276,0.0431,0.1232,0.0519,0.0678,0.0861,0.1078,0.9682,0.8479,0.9916,0.0677,0.0823,0.0997,0.133447,0.016653859,5.81e-05,0.143292125,-0.8383027,0.0061,0.0101,0.011,0.0148,0.0158,0.0192,0.0206,0.0242,0.0266,0.0364
0.4119,0.4101,0.5299,0.0489,0.1137,0.0594,0.0751,0.0932,0.1012,0.8212,0.9704,0.8714,0.0565,0.0581,0.0684,0.171462,0.018865443,6.52e-05,-0.0781282,-0.9367974,0.0065,0.0116,0.0145,0.0163,0.0203,0.0214,0.0251,0.0264,0.0299,0.0357
0.3782,0.4021,0.7488,0.0403,0.1124,0.0521,0.0701,0.081,0.1017,0.8869,0.8646,0.8947,0.0701,0.0704,0.0822,0.214165,0.025064506,8.11e-05,0.011797379,-0.5280712,0.0132,0.0164,0.0205,0.022,0.025,0.0271,0.0304,0.0331,0.0366,0.0472
0.3614,0.4199,0.6866,0.0357,0.1394,0.0505,0.0801,0.0869,0.1229,0.9597,0.8414,0.9675,0.0654,0.0899,0.0956,0.206642,0.02462194,0.00010363,0.260122983,-0.3388753,0.0113,0.0157,0.0196,0.0212,0.0249,0.027,0.0304,0.0338,0.0376,0.0534
0.4192,0.426,0.708,0.0371,0.1152,0.0582,0.0642,0.0804,0.107,0.9082,0.8972,0.947,0.0533,0.0605,0.0812,0.146341,0.01891412,6.52e-05,0.07492095,-0.7906826,0.0099,0.0109,0.015,0.0161,0.0197,0.0211,0.0245,0.0259,0.0301,0.0374
0.3979,0.4679,0.6062,0.0446,0.1258,0.0587,0.0797,0.1012,0.1191,0.8398,0.8958,0.9966,0.0699,0.0808,0.0901,0.125259,0.01760685,6.11e-05,0.00050558,-0.9473626,0.0062,0.011,0.0123,0.0152,0.0174,0.0206,0.022,0.0254,0.0277,0.0354
0.3902,0.4525,0.6674,0.0446,0.1181,0.0678,0.0758,0.0865,0.0976,0.9264,0.8877,0.9096,0.0534,0.0793,0.096,0.151319,0.02226201,9.62e-05,0.055078068,-0.8591512,0.0096,0.0124,0.0159,0.0201,0.0217,0.0248,0.0273,0.0318,0.0358,0.0427
0.3598,0.4635,0.6856,0.0373,0.1245,0.0545,0.0746,0.0919,0.1094,0.977,0.9448,0.9739,0.0627,0.0658,0.0665,0.165279,0.023485316,0.00012581,0.400293679,-0.3046942,0.009,0.0126,0.0159,0.0207,0.0227,0.0258,0.0292,0.0331,0.0383,0.0561
0.3682,0.4822,0.9406,0.0382,0.1124,0.047,0.0824,0.0866,0.0927,0.8312,0.9989,0.8114,0.0571,0.0587,0.093,0.142149,0.02256591,6.47e-05,-0.2823676,-0.4467256,0.0112,0.0155,0.02,0.021,0.0228,0.0248,0.0267,0.0299,0.0328,0.0424
0.3724,0.4169,0.649,0.0458,0.1204,0.0559,0.0779,0.094,0.1107,0.9852,0.8298,0.8828,0.0648,0.0699,0.1,0.205624,0.022960503,8.2e-05,-0.0315821,-0.7346084,0.0111,0.0152,0.0168,0.0212,0.0231,0.0257,0.0281,0.0313,0.0351,0.0439
0.4018,0.4532,0.8947,0.0417,0.1372,0.0614,0.0744,0.0973,0.1292,0.8928,0.9891,0.8055,0.065,0.0777,0.088,0.134624,0.023355356,6.25e-05,-0.3118481,-0.4757777,0.012,0.0159,0.0197,0.0213,0.0248,0.026,0.0282,0.031,0.0335,0.0406
0.3779,0.4422,0.6677,0.0369,0.1355,0.0519,0.0638,0.0714,0.1019,0.814,0.826,0.9908,0.0511,0.0696,0.095,0.176102,0.01767933,5.49e-05,0.00916381,-0.8206785,0.0065,0.0105,0.0125,0.0152,0.0172,0.0209,0.0219,0.0248,0.0275,0.0361
0.411,0.4148,0.5076,0.04,0.1287,0.0637,0.0706,0.0917,0.1105,0.8343,0.9388,0.8372,0.0603,0.083,0.0866,0.169046,0.01979609,7.45e-05,-0.0857727,-0.9513015,0.0066,0.011,0.0152,0.0171,0.0206,0.0227,0.0254,0.0275,0.0311,0.0374
0.4086,0.4401,0.6254,0.0498,0.1185,0.0602,0.0692,0.0971,0.1055,0.9102,0.8407,0.989,0.0546,0.0568,0.0896,0.143703,0.018353504,6.52e-05,-0.0281535,-0.9872742,0.0063,0.0112,0.0141,0.0154,0.0197,0.021,0.0233,0.0258,0.0294,0.035
0.3992,0.4505,0.7185,0.0371,0.119,0.0628,0.0751,0.082,0.1027,0.939,0.83,0.8035,0.0559,0.0567,0.0891,0.1464,0.01890886,6.12e-05,0.026210304,-0.7614934,0.0099,0.0109,0.0148,0.0159,0.0195,0.0208,0.0241,0.0255,0.0294,0.0367
0.3525,0.4218,0.9497,0.0374,0.1365,0.0663,0.0703,0.0836,0.1059,0.8889,0.9162,0.8996,0.0554,0.0863,0.0931,0.221259,0.03777128,0.00017492,-0.3430316,-0.3169496,0.0208,0.026,0.0312,0.0357,0.0385,0.0422,0.0455,0.0492,0.0543,0.0644
0.4102,0.4676,0.8095,0.0424,0.1173,0.0555,0.0703,0.0863,0.1052,0.8397,0.9934,0.8441,0.0528,0.0724,0.0807,0.115812,0.016554833,4.45e-05,0.037386212,-0.8032548,0.0066,0.0105,0.0117,0.015,0.0162,0.0186,0.0208,0.0224,0.0258,0.032
0.359,0.4976,0.6617,0.0356,0.1474,0.0598,0.0839,0.1109,0.1212,0.8553,0.8047,0.8876,0.0639,0.0753,0.0871,0.131689,0.02214294,0.0001233,0.49010595,-0.0571582,0.0076,0.0118,0.0148,0.0183,0.0208,0.0242,0.0272,0.0318,0.0369,0.0579
0.3764,0.4992,0.7603,0.0437,0.1463,0.0616,0.0942,0.0955,0.1256,0.8767,0.9914,0.9941,0.052,0.0641,0.0962,0.119042,0.022097419,0.00010522,0.220116601,-0.6301617,0.0098,0.0116,0.0155,0.0189,0.0211,0.0249,0.0274,0.0313,0.0362,0.0502
0.3883,0.4757,0.6482,0.0481,0.1106,0.0563,0.0724,0.0884,0.0999,0.8912,0.8704,0.8192,0.0696,0.0792,0.0863,0.125751,0.01839237,6.84e-05,0.04811915,-0.8199626,0.0065,0.0106,0.0142,0.0154,0.0196,0.0209,0.0234,0.0264,0.0292,0.0415
0.4139,0.4011,0.8583,0.0352,0.149,0.0635,0.098,0.1063,0.1341,0.8289,0.8954,0.9819,0.0883,0.0895,0.0989,0.179339,0.02804124,8.77e-05,-0.2561071,-0.3860207,0.0149,0.0206,0.0231,0.0261,0.0284,0.031,0.0336,0.0361,0.0405,0.0485
0.3676,0.4082,0.5746,0.0434,0.1376,0.0578,0.0828,0.1009,0.1265,0.8305,0.828,0.8396,0.0655,0.0666,0.0717,0.21631,0.02723795,0.00014052,0.123663489,-0.717296,0.0111,0.0151,0.0206,0.0232,0.0264,0.0305,0.0341,0.0379,0.0431,0.0552
0.4099,0.4025,0.6473,0.0408,0.1117,0.0579,0.065,0.0859,0.0924,0.8558,0.8834,0.9877,0.0739,0.0744,0.0997,0.18232,0.01913165,6.07e-05,-0.037527,-0.8245705,0.01,0.0111,0.0152,0.0163,0.0201,0.0215,0.0246,0.0259,0.0295,0.0374
0.3572,0.4436,0.8341,0.0457,0.1284,0.0597,0.0715,0.1065,0.1081,0.9698,0.8408,0.9976,0.0552,0.084,0.0895,0.195014,0.028150118,8.91e-05,-0.2082714,-0.3873103,0.0157,0.0202,0.023,0.026,0.0288,0.0315,0.0342,0.0365,0.0401,0.0532
0.4117,0.469,0.7407,0.0397,0.1416,0.0575,0.074,0.1114,0.1234,0.8373,0.887,0.8245,0.0568,0.0568,0.076,0.108153,0.017548132,6.35e-05,0.158050822,-0.7557752,0.0064,0.0106,0.0115,0.0157,0.0171,0.0204,0.0215,0.0255,0.0284,0.0381
0.3988,0.4992,0.6677,0.0409,0.1202,0.06,0.0824,0.0905,0.1116,0.9096,0.8561,0.8075,0.0728,0.0748,0.0805,0.095334,0.016276594,5.42e-05,0.118500356,-0.8326736,0.006,0.0103,0.0118,0.0145,0.0158,0.0188,0.0209,0.0229,0.026,0.0354
0.3544,0.4047,0.6622,0.0399,0.1214,0.0695,0.0714,0.0841,0.1085,0.8472,0.8281,0.9646,0.0608,0.0851,0.0899,0.234731,0.026567589,9.01e-05,-0.1676962,-0.69876,0.0133,0.0172,0.0209,0.0241,0.0262,0.0299,0.0326,0.0352,0.0394,0.0461
0.3823,0.4303,0.7531,0.0483,0.1269,0.0686,0.0836,0.1007,0.1022,0.8264,0.987,0.9486,0.0558,0.0813,0.0817,0.174978,0.025023332,7.89e-05,-0.1212869,-0.656758,0.0128,0.0166,0.02,0.0223,0.0258,0.027,0.0304,0.0333,0.0366,0.045
0.4134,0.4296,0.8271,0.0393,0.117,0.0558,0.0807,0.0963,0.0971,0.8779,0.8631,0.8167,0.0733,0.0802,0.0939,0.151605,0.02282124,6.73e-05,-0.0896687,-0.6315034,0.0115,0.0153,0.0179,0.0209,0.0226,0.0249,0.027,0.0304,0.0342,0.0424
0.3872,0.4977,0.6988,0.0354,0.1152,0.0509,0.0671,0.078,0.0985,0.9515,0.9279,0.9868,0.0686,0.0711,0.0924,0.106976,0.015819158,5.45e-05,0.222557553,-0.6941912,0.0061,0.0089,0.0108,0.0136,0.0149,0.0174,0.0208,0.0221,0.0258,0.0391
0.381,0.4094,0.9483,0.0411,0.1145,0.0576,0.069,0.0908,0.0942,0.8056,0.8825,0.847,0.0531,0.095,0.0987,0.205752,0.031252566,0.0001146,-0.3969408,-0.1765245,0.0151,0.0227,0.0263,0.0293,0.0321,0.0344,0.0372,0.0405,0.0443,0.0559
0.4088,0.4467,0.7078,0.0418,0.1214,0.0665,0.074,0.0829,0.0962,0.8919,0.9683,0.9161,0.0646,0.0879,0.0985,0.134688,0.01974048,7.17e-05,0.020247084,-0.8286162,0.0087,0.0113,0.0146,0.0168,0.0199,0.0219,0.0252,0.0273,0.0316,0.0403
0.3966,0.4026,0.9205,0.0418,0.1196,0.0551,0.0761,0.0795,0.1099,0.901,0.8633,0.9593,0.0683,0.069,0.0982,0.193582,0.028167777,9.02e-05,-0.3652473,-0.2477503,0.0154,0.0202,0.0239,0.0259,0.029,0.0312,0.0339,0.0366,0.0398,0.0522
0.4035,0.4096,0.8247,0.0446,0.1204,0.0691,0.0793,0.0819,0.1036,0.9402,0.9425,0.9804,0.0522,0.0769,0.096,0.175738,0.027320443,9.22e-05,-0.1291177,-0.6182884,0.0144,0.0199,0.0215,0.0247,0.0268,0.0305,0.0328,0.0363,0.0399,0.0472
0.3756,0.4421,0.8689,0.0479,0.1315,0.0623,0.0798,0.103,0.1241,0.9331,0.8733,0.8723,0.0637,0.0866,0.095,0.174473,0.030033675,0.00010998,-0.0982197,-0.3949782,0.0155,0.0213,0.0242,0.0271,0.0305,0.033,0.0357,0.0389,0.0438,0.0559
0.373,0.4704,0.7513,0.036,0.1332,0.0684,0.0696,0.1033,0.1073,0.9481,0.9594,0.9956,0.0509,0.0754,0.0866,0.14811,0.023523327,0.00010197,0.177794544,-0.6165339,0.0106,0.0146,0.017,0.0202,0.0233,0.0255,0.0294,0.0324,0.037,0.051
0.3696,0.4375,0.786,0.0427,0.1147,0.0638,0.0642,0.0818,0.0927,0.8988,0.9005,0.9352,0.0659,0.0745,0.0809,0.187838,0.026129916,9.06e-05,-0.0139881,-0.556383,0.0147,0.0169,0.0207,0.024,0.0261,0.0291,0.0322,0.035,0.0385,0.0532
0.3889,0.4158,0.5238,0.0352,0.1294,0.0533,0.0828,0.1045,0.1048,0.9955,0.9963,0.8464,0.0568,0.0599,0.0849,0.187436,0.021182243,8.74e-05,0.04732892,-0.7959181,0.009,0.012,0.0156,0.0186,0.0212,0.024,0.0259,0.0302,0.0341,0.0427
0.3883,0.4805,0.6914,0.0397,0.1306,0.0716,0.075,0.1008,0.1179,0.8455,0.816,0.9896,0.0686,0.0729,0.0746,0.122012,0.018334675,6.81e-05,0.08431435,-0.8802886,0.0065,0.0103,0.0133,0.015,0.0183,0.0211,0.0232,0.0261,0.0298,0.0391
0.411,0.4362,0.7977,0.047,0.131,0.0589,0.072,0.1098,0.1177,0.9416,0.9026,0.9915,0.0883,0.0961,0.0964,0.140801,0.021828017,6.26e-05,-0.1193378,-0.6631745,0.0108,0.0146,0.0168,0.0199,0.0218,0.0249,0.0262,0.0291,0.0323,0.0403
0.4078,0.4112,0.7308,0.0404,0.1384,0.0538,0.0738,0.0944,0.1055,0.9358,0.934,0.974,0.0503,0.0738,0.087,0.176477,0.022205124,6.82e-05,-0.0411643,-0.6268428,0.0115,0.0155,0.0169,0.02,0.022,0.0255,0.0266,0.0297,0.0331,0.045
0.4104,0.4528,0.8987,0.0361,0.1402,0.0599,0.0849,0.1022,0.125,0.8138,0.906,0.9791,0.0565,0.0744,0.0851,0.125317,0.022692635,5.97e-05,-0.2758077,-0.4763828,0.0116,0.0155,0.0193,0.0206,0.0231,0.0254,0.027,0.0301,0.0327,0.0403
0.4045,0.4976,0.7902,0.0399,0.1453,0.0703,0.0759,0.1163,0.1363,0.8746,0.8324,0.8982,0.0505,0.062,0.0627,0.086988,0.018105901,7.09e-05,0.224038525,-0.7211946,0.0064,0.0102,0.0121,0.0148,0.0173,0.0208,0.0222,0.0258,0.0298,0.0391
0.4072,0.4173,0.7958,0.0442,0.1243,0.0632,0.0808,0.0848,0.1098,0.9538,0.8254,0.8132,0.0804,0.094,0.0945,0.164726,0.023174503,6.8e-05,-0.2089014,-0.7465156,0.0112,0.0149,0.0188,0.0214,0.024,0.0255,0.0281,0.0313,0.0343,0.0394
0.3661,0.4546,0.8751,0.0407,0.1279,0.0576,0.0813,0.0857,0.1129,0.9313,0.9863,0.8239,0.0574,0.0777,0.0821,0.173076,0.026655529,8.02e-05,-0.1715533,-0.2591035,0.0151,0.0192,0.0218,0.0243,0.0265,0.0295,0.0317,0.0353,0.038,0.051
0.3854,0.4959,0.8202,0.0455,0.1287,0.0637,0.0784,0.1034,0.1156,0.8783,0.9645,0.8416,0.0652,0.0806,0.0977,0.11231,0.01993686,6.2e-05,0.04357493,-0.6564755,0.0095,0.0118,0.0148,0.0171,0.0206,0.0218,0.0248,0.0267,0.0307,0.0391
0.3683,0.4793,0.8146,0.0423,0.1326,0.0583,0.0721,0.1035,0.1194,0.9313,0.8641,0.8944,0.061,0.0614,0.086,0.136806,0.02253526,7.42e-05,0.0686285,-0.6046991,0.0113,0.0153,0.0166,0.021,0.0222,0.0252,0.0269,0.0306,0.0346,0.0439
0.3525,0.4568,0.9209,0.0419,0.1446,0.0501,0.0746,0.1165,0.1308,0.9659,0.9274,0.9178,0.0754,0.0768,0.0911,0.175296,0.03040046,0.0001266,0.03103842,-0.2208975,0.0155,0.0207,0.0244,0.027,0.0304,0.034,0.0363,0.0403,0.0446,0.0585
0.3961,0.4689,0.6465,0.0474,0.1496,0.0624,0.102,0.1111,0.1322,0.979,0.9942,0.898,0.0568,0.0625,0.0824,0.123462,0.02143222,9.81e-05,0.146476521,-0.7263741,0.0092,0.011,0.0149,0.0192,0.0212,0.0244,0.0267,0.0306,0.0353,0.0472
0.3844,0.4998,0.6656,0.0351,0.1218,0.0524,0.0719,0.0889,0.1051,0.9053,0.8171,0.8519,0.0594,0.0706,0.0988,0.108371,0.01626956,5.81e-05,0.189590917,-0.8203571,0.006,0.0099,0.0107,0.0144,0.0155,0.0183,0.0212,0.0234,0.0269,0.0361
0.3568,0.4444,0.6484,0.0401,0.1408,0.0564,0.0933,0.108,0.1155,0.8683,0.8936,0.8574,0.0569,0.082,0.0839,0.187284,0.02664735,0.00015601,0.57680467,0.45574102,0.0101,0.0161,0.0191,0.023,0.026,0.0291,0.033,0.0362,0.0427,0.0695
0.3882,0.4896,0.6759,0.041,0.1393,0.0695,0.0714,0.106,0.1222,0.9464,0.8579,0.8945,0.0518,0.0644,0.0898,0.109145,0.01932493,7.86e-05,0.09210617,-0.8172353,0.0067,0.011,0.0146,0.0161,0.0202,0.0216,0.0246,0.0271,0.0313,0.0427
0.4167,0.4382,0.8175,0.0411,0.1187,0.0649,0.0823,0.086,0.1119,0.8429,0.9964,0.9927,0.0717,0.0735,0.0795,0.137002,0.021543564,6.13e-05,-0.072506,-0.6785886,0.0106,0.0142,0.0164,0.0206,0.0217,0.0241,0.0256,0.0288,0.032,0.0394
0.3519,0.4748,0.6742,0.0486,0.123,0.0741,0.0835,0.096,0.1077,0.8054,0.9564,0.9213,0.0586,0.0872,0.09,0.16714,0.02488251,0.00010743,-0.0052471,-0.741581,0.0104,0.0149,0.0201,0.0218,0.0252,0.0279,0.0313,0.0352,0.0384,0.0477
0.3801,0.4582,0.5488,0.0415,0.1208,0.0499,0.0738,0.0976,0.1062,0.992,0.8351,0.9173,0.0615,0.0795,0.0874,0.153518,0.018107643,6.69e-05,0.07335308,-0.8583872,0.0064,0.0107,0.0125,0.0159,0.0179,0.0208,0.0228,0.026,0.0293,0.0381
0.35,0.4908,0.7091,0.0351,0.1279,0.056,0.0676,0.0924,0.1094,0.9923,0.8239,0.9089,0.078,0.078,0.0963,0.15007,0.020050147,8.13e-05,0.187858198,-0.6377212,0.0088,0.0116,0.0151,0.0167,0.0205,0.022,0.0252,0.0279,0.0324,0.043
0.3863,0.4666,0.8649,0.0367,0.1393,0.0509,0.0901,0.0927,0.1115,0.8428,0.8466,0.8052,0.0615,0.0654,0.0997,0.142912,0.02463564,9.06e-05,0.205270591,-0.2880778,0.0119,0.0158,0.0194,0.0211,0.0243,0.026,0.0298,0.0328,0.0372,0.0517
0.3916,0.4704,0.5817,0.0494,0.137,0.0593,0.0779,0.1172,0.1251,0.8191,0.8963,0.8393,0.0848,0.0873,0.0998,0.125787,0.02025361,8.51e-05,0.108245063,-0.7361183,0.0072,0.0118,0.0155,0.0169,0.0202,0.0227,0.026,0.0283,0.0325,0.045
0.3695,0.41,0.6708,0.041,0.1493,0.0594,0.0683,0.1097,0.1327,0.8843,0.8507,0.9334,0.068,0.0832,0.0868,0.210119,0.02635739,0.00010555,0.02170467,-0.6134205,0.0119,0.0167,0.0207,0.0242,0.0261,0.0298,0.0329,0.0356,0.0396,0.0539
0.3818,0.4549,0.5358,0.0439,0.1281,0.0636,0.0809,0.0983,0.1209,0.907,0.9251,0.8813,0.0555,0.0671,0.0905,0.152058,0.021089506,8.63e-05,0.03665048,-0.731562,0.0092,0.0124,0.0147,0.0192,0.0207,0.0239,0.0264,0.0296,0.0334,0.0456
0.4021,0.4021,0.9289,0.0433,0.1154,0.0492,0.0696,0.0804,0.0973,0.8949,0.865,0.8095,0.0591,0.08,0.0926,0.186747,0.02628976,7.82e-05,-0.3994826,-0.24754,0.0139,0.02,0.0217,0.0247,0.0267,0.0293,0.0314,0.0346,0.0367,0.0469
0.3775,0.4388,0.5596,0.0391,0.1428,0.0677,0.0845,0.1133,0.1144,0.8357,0.8659,0.8678,0.0696,0.0771,0.0961,0.171719,0.02458295,0.00013018,0.213873669,-0.6226241,0.0106,0.0151,0.0171,0.0213,0.0251,0.0269,0.0308,0.0351,0.041,0.0543
0.387,0.4633,0.8606,0.0429,0.1359,0.0617,0.0722,0.1007,0.1117,0.8836,0.9269,0.9344,0.0573,0.0604,0.0626,0.139108,0.02519551,9.04e-05,0.08440299,-0.4116784,0.0125,0.0161,0.0196,0.0221,0.0253,0.0273,0.0307,0.0337,0.0376,0.0502
0.3708,0.4306,0.5178,0.0468,0.1444,0.0672,0.0917,0.1197,0.1363,0.8951,0.9468,0.9916,0.0685,0.0833,0.0962,0.184978,0.02541579,0.00012282,0.05852652,-0.6996444,0.0107,0.0152,0.0193,0.0213,0.025,0.0284,0.032,0.0356,0.0407,0.0515
0.3629,0.4328,0.6747,0.0482,0.1471,0.0599,0.0843,0.1013,0.1211,0.9026,0.8449,0.8172,0.089,0.0907,0.0911,0.193617,0.025819145,0.00010837,0.128961246,-0.549533,0.0118,0.0165,0.0207,0.0223,0.026,0.0279,0.0316,0.0359,0.0403,0.055
0.4174,0.4369,0.9192,0.0372,0.1399,0.0621,0.0727,0.0891,0.1251,0.9113,0.8367,0.8221,0.0736,0.0801,0.0962,0.135906,0.02482918,7.26e-05,-0.3566652,-0.4766937,0.0139,0.0169,0.0208,0.0228,0.025,0.027,0.0303,0.0327,0.036,0.0424
0.3708,0.4303,0.719,0.0366,0.1351,0.0586,0.0809,0.0847,0.1,0.9059,0.8497,0.975,0.0699,0.0889,0.0915,0.195789,0.023910162,8.58e-05,0.029856899,-0.6897086,0.012,0.0146,0.0191,0.0208,0.0238,0.0259,0.0298,0.0325,0.0362,0.0461
0.3552,0.4588,0.8231,0.043,0.1499,0.0669,0.0902,0.102,0.1314,0.9259,0.8345,0.8631,0.0736,0.0747,0.0917,0.173366,0.031242007,0.00013067,0.07741984,-0.4516655,0.0156,0.0206,0.0249,0.027,0.0312,0.0342,0.0374,0.0406,0.0466,0.06
0.4111,0.4935,0.5741,0.0418,0.1353,0.059,0.0766,0.0991,0.1194,0.8289,0.9601,0.9397,0.0582,0.0591,0.0896,0.083822,0.01520227,4.79e-05,0.0659323,-1.0384823,0.0057,0.0101,0.0107,0.0118,0.0156,0.0168,0.0204,0.0212,0.0254,0.03
0.3926,0.455,0.7199,0.0465,0.1475,0.0658,0.0826,0.089,0.1281,0.947,0.935,0.9862,0.0503,0.0827,0.0929,0.139484,0.02165612,8.11e-05,0.01071642,-0.7050223,0.0097,0.0128,0.0155,0.0198,0.0213,0.0243,0.0266,0.0305,0.0335,0.0464
0.3566,0.4989,0.7496,0.0374,0.1255,0.0488,0.0618,0.0943,0.1096,0.8059,0.9889,0.9842,0.051,0.0631,0.0668,0.140027,0.01853007,6.73e-05,0.186945919,-0.6351792,0.0072,0.0109,0.0141,0.0157,0.0189,0.0207,0.0227,0.0261,0.0299,0.0409
0.4099,0.4724,0.9027,0.0428,0.1409,0.0669,0.0927,0.1034,0.134,0.8666,0.8331,0.8185,0.072,0.0736,0.0985,0.105887,0.02417258,7.41e-05,-0.1446178,-0.5498259,0.0122,0.016,0.0202,0.0216,0.0245,0.0263,0.0293,0.0322,0.0357,0.0427
0.3716,0.4735,0.5513,0.0485,0.1184,0.0615,0.0791,0.096,0.1015,0.8204,0.9487,0.984,0.0509,0.0552,0.0951,0.150804,0.020933767,9.19e-05,0.108075975,-0.7620666,0.0079,0.0117,0.0153,0.018,0.0211,0.0241,0.0261,0.0303,0.0337,0.043
0.3876,0.4634,0.8921,0.043,0.1478,0.06,0.0975,0.105,0.1317,0.9076,0.9112,0.9875,0.0558,0.0671,0.0898,0.139232,0.02749034,9.18e-05,-0.2294578,-0.5204524,0.0146,0.0201,0.0221,0.0255,0.0269,0.0309,0.0333,0.036,0.0406,0.049
0.3815,0.4936,0.5028,0.0482,0.111,0.0689,0.069,0.0843,0.0981,0.892,0.8771,0.8017,0.0567,0.0911,0.0995,0.11802,0.019563018,7.79e-05,0.023105574,-0.9299878,0.0065,0.0109,0.0151,0.0165,0.0203,0.0215,0.0253,0.0275,0.0318,0.0377
0.3517,0.4187,0.77,0.0465,0.1483,0.072,0.09,0.1081,0.1326,0.8514,0.8012,0.8299,0.0797,0.086,0.0946,0.21934,0.035877923,0.00018388,0.309361446,-0.0143032,0.0189,0.0238,0.0284,0.0314,0.0351,0.0391,0.0421,0.0465,0.0528,0.0726
0.3967,0.445,0.7722,0.0457,0.1117,0.0518,0.0701,0.0823,0.0943,0.9374,0.8021,0.9087,0.0541,0.0866,0.0954,0.151397,0.01958677,5.48e-05,-0.0822486,-0.760365,0.0101,0.0113,0.0152,0.017,0.0198,0.0214,0.0245,0.0263,0.0295,0.0364
0.4097,0.4609,0.5034,0.0416,0.1231,0.0578,0.0876,0.0879,0.1043,0.9137,0.8933,0.9335,0.0807,0.0945,0.0978,0.120869,0.01879226,7.31e-05,0.08647504,-0.7943553,0.0065,0.0104,0.0137,0.0154,0.0197,0.0214,0.0241,0.0264,0.0301,0.0391
0.3736,0.4227,0.8933,0.0366,0.1388,0.0522,0.0765,0.1088,0.1248,0.9343,0.892,0.8149,0.0768,0.0809,0.0898,0.193865,0.028448567,9.28e-05,-0.3120958,-0.3590173,0.0153,0.0198,0.0233,0.0263,0.0299,0.0315,0.0348,0.0366,0.0405,0.0502
0.4038,0.4637,0.9145,0.0454,0.1485,0.0828,0.0923,0.1184,0.1266,0.8653,0.8712,0.9535,0.0588,0.0673,0.0995,0.121677,0.029043792,0.00010098,-0.2455724,-0.3817718,0.0156,0.0204,0.0237,0.026,0.0295,0.0321,0.0358,0.038,0.0416,0.051
0.3516,0.4665,0.5519,0.0485,0.1361,0.0735,0.0744,0.083,0.1197,0.9014,0.9468,0.8569,0.057,0.0935,0.0973,0.172359,0.024755696,0.0001254,0.104418947,-0.7047011,0.0094,0.0134,0.0181,0.0217,0.0245,0.0272,0.0312,0.0355,0.0398,0.0555
0.3579,0.4644,0.8855,0.0389,0.134,0.0513,0.079,0.1032,0.1203,0.8088,0.8027,0.9011,0.0607,0.0617,0.0837,0.167232,0.02697673,0.00010044,0.05911252,-0.3487813,0.0149,0.0191,0.0211,0.0245,0.0263,0.0296,0.0325,0.0354,0.0403,0.0524
0.4006,0.4103,0.5935,0.0362,0.1483,0.0523,0.0674,0.0958,0.117,0.8614,0.9107,0.965,0.0586,0.0649,0.0921,0.175094,0.019234405,7.1e-05,0.08453083,-0.749717,0.0077,0.0111,0.0146,0.0158,0.0199,0.0212,0.0241,0.0271,0.0309,0.0415
0.3915,0.4989,0.7709,0.0483,0.1283,0.0572,0.0905,0.0994,0.1144,0.9641,0.8277,0.8679,0.056,0.0661,0.0678,0.103591,0.017895433,6.69e-05,0.205499388,-0.7202021,0.0065,0.0101,0.0117,0.0145,0.0166,0.0204,0.0222,0.0253,0.0291,0.0384
0.4098,0.4999,0.9313,0.0467,0.1395,0.0623,0.0775,0.0955,0.1188,0.8861,0.969,0.8142,0.0728,0.0947,0.0951,0.07867,0.019485477,4.84e-05,-0.1753634,-0.6871697,0.0109,0.0125,0.0152,0.0172,0.0205,0.0213,0.0243,0.0257,0.0284,0.035
0.3835,0.4385,0.5784,0.05,0.1149,0.0596,0.0742,0.0847,0.1014,0.9074,0.9501,0.8521,0.0526,0.0538,0.0561,0.171035,0.02077615,8.53e-05,0.046447567,-0.8428886,0.009,0.0119,0.0155,0.018,0.0213,0.0242,0.026,0.0295,0.0335,0.0436
0.3707,0.4981,0.9131,0.0498,0.1119,0.0564,0.0771,0.0982,0.1011,0.8192,0.8031,0.8698,0.0728,0.0861,0.0998,0.120644,0.025190722,8.71e-05,0.028481537,-0.3413056,0.0139,0.0163,0.021,0.0226,0.0257,0.0269,0.0307,0.0334,0.0373,0.0492
0.3971,0.4506,0.8288,0.0456,0.1109,0.055,0.0695,0.0826,0.0943,0.8974,0.8958,0.9556,0.0533,0.0722,0.0931,0.147966,0.02194176,6.11e-05,-0.1312236,-0.6271257,0.011,0.0147,0.017,0.0201,0.0219,0.025,0.0261,0.0294,0.0322,0.0403
0.3995,0.4662,0.7649,0.05,0.1243,0.0588,0.0767,0.0981,0.1073,0.8604,0.9894,0.9635,0.064,0.0761,0.0936,0.124877,0.019743077,6.84e-05,0.04821181,-0.8322947,0.0101,0.0112,0.0153,0.0168,0.0202,0.0219,0.025,0.0271,0.0309,0.0374
0.3613,0.4851,0.546,0.0417,0.1442,0.0552,0.0912,0.1176,0.1333,0.9467,0.9294,0.9322,0.0949,0.0952,0.0991,0.142702,0.024111382,0.00013361,0.266369074,-0.5266682,0.0103,0.0132,0.017,0.0211,0.0246,0.0268,0.0305,0.0353,0.0406,0.055
0.3837,0.4592,0.6375,0.0487,0.1173,0.0651,0.0801,0.0922,0.1125,0.8038,0.9527,0.8229,0.0513,0.0521,0.0535,0.148984,0.01944794,7.27e-05,0.014012341,-0.9209902,0.0073,0.0109,0.015,0.0163,0.0202,0.0219,0.025,0.027,0.0309,0.0374
0.4058,0.4286,0.9081,0.0371,0.1316,0.054,0.0815,0.0948,0.1133,0.9665,0.993,0.9775,0.0528,0.0588,0.0612,0.152699,0.025906373,8.04e-05,-0.2724652,-0.3852198,0.0135,0.0191,0.0207,0.0239,0.0261,0.0285,0.0314,0.0339,0.0371,0.0456
0.3813,0.4244,0.6255,0.0357,0.1492,0.0544,0.0654,0.1102,0.1389,0.9894,0.8255,0.98,0.0609,0.0618,0.0846,0.185097,0.02115159,8.18e-05,0.114897226,-0.6357453,0.0099,0.0127,0.0161,0.019,0.0208,0.0247,0.0262,0.0292,0.0338,0.045
0.36,0.461,0.9493,0.0435,0.1299,0.0553,0.0821,0.0895,0.1048,0.8308,0.8191,0.8644,0.0563,0.0725,0.0843,0.16729,0.031479034,0.000138074,-0.152263824,-0.45159321,0.0148,0.0206,0.0249,0.0285,0.0316,0.0352,0.0388,0.0413,0.0464,0.0572
0.3597,0.4534,0.7382,0.0465,0.1193,0.0638,0.088,0.0891,0.1016,0.9593,0.9828,0.9272,0.0645,0.091,0.0918,0.181563,0.027184634,0.00012045,0.187121947,-0.598803,0.0122,0.0169,0.0211,0.0248,0.0264,0.0299,0.0334,0.0367,0.0422,0.0543
0.395,0.4896,0.5882,0.0433,0.1483,0.0676,0.0774,0.1075,0.1225,0.8484,0.889,0.9946,0.0576,0.0624,0.0953,0.11046,0.018610903,7.29e-05,0.08280363,-0.8947179,0.0064,0.0106,0.0132,0.0159,0.0196,0.0211,0.0245,0.026,0.0304,0.0374
0.4122,0.461,0.8213,0.0464,0.118,0.0665,0.0671,0.0834,0.1073,0.8731,0.8004,0.9732,0.054,0.079,0.0928,0.12099,0.018855264,5.06e-05,-0.1383375,-0.8051493,0.01,0.0119,0.0144,0.0166,0.0198,0.0209,0.0235,0.0257,0.0282,0.0339
0.3678,0.4581,0.8556,0.0381,0.144,0.0713,0.0769,0.0999,0.1272,0.8871,0.8163,0.8987,0.0519,0.0534,0.0727,0.163005,0.030126503,0.0001205,-0.0325617,-0.4831269,0.0151,0.0198,0.0239,0.0264,0.0303,0.0339,0.0363,0.04,0.0448,0.0579
0.3849,0.45,0.5849,0.0366,0.1475,0.0437,0.0733,0.1082,0.1305,0.8634,0.8647,0.883,0.077,0.0814,0.0961,0.153797,0.019360978,8.48e-05,0.29175993,-0.5658723,0.0068,0.0113,0.015,0.0163,0.0192,0.0211,0.0253,0.0275,0.032,0.0447
0.3776,0.4984,0.7362,0.0476,0.1306,0.0652,0.079,0.1045,0.1078,0.8702,0.9709,0.9969,0.0681,0.087,0.0897,0.115506,0.020565748,8.9e-05,0.131218624,-0.7963806,0.008,0.0116,0.0152,0.0173,0.0208,0.023,0.0256,0.03,0.0337,0.043
0.3831,0.4845,0.9418,0.0409,0.1324,0.0618,0.0675,0.0835,0.1167,0.83,0.9016,0.9799,0.0884,0.0923,0.0998,0.127592,0.02527916,7.9e-05,-0.304305,-0.4134504,0.0127,0.0177,0.0214,0.0239,0.0257,0.0277,0.0308,0.0334,0.0363,0.0439
0.4064,0.4822,0.6528,0.0418,0.1192,0.0577,0.0741,0.0916,0.1026,0.9951,0.8976,0.8995,0.085,0.0938,0.0983,0.10687,0.016532722,5.8e-05,0.144162431,-0.8206636,0.006,0.0103,0.0119,0.0146,0.016,0.0192,0.0211,0.0235,0.0265,0.0354
0.363,0.4341,0.9488,0.0442,0.1124,0.0602,0.0684,0.0893,0.0975,0.8165,0.8547,0.8974,0.057,0.06,0.0978,0.199403,0.03170385,0.00011345,-0.5223937,-0.2127921,0.0162,0.0231,0.0263,0.0301,0.0331,0.0354,0.0382,0.0411,0.0447,0.0524
0.4021,0.4586,0.5179,0.04,0.1365,0.0534,0.0703,0.0887,0.1206,0.9354,0.9452,0.9898,0.0519,0.0676,0.089,0.128362,0.01780553,6.64e-05,0.107781726,-0.8202832,0.0063,0.01,0.0118,0.0149,0.0174,0.021,0.0224,0.0251,0.0287,0.0394
0.3695,0.406,0.8943,0.0433,0.132,0.0549,0.077,0.0968,0.1126,0.841,0.9558,0.8477,0.0788,0.0918,0.0946,0.218503,0.03074888,9.93e-05,-0.4485649,-0.1724065,0.0166,0.0216,0.0253,0.0291,0.0319,0.034,0.0364,0.0401,0.043,0.0517
0.3982,0.4975,0.7794,0.0477,0.1104,0.0666,0.0724,0.0823,0.1016,0.8162,0.8943,0.9685,0.0549,0.0571,0.078,0.097214,0.01674238,5.5e-05,0.07810629,-0.9155352,0.0061,0.0104,0.0118,0.0154,0.0163,0.0194,0.0207,0.025,0.0267,0.0335
0.3916,0.4272,0.5361,0.0433,0.1179,0.0635,0.0694,0.0751,0.1024,0.8688,0.8955,0.9821,0.0566,0.0744,0.0847,0.177636,0.019925937,7.37e-05,-0.0647203,-0.9013682,0.0076,0.0112,0.0155,0.0173,0.0207,0.0224,0.0258,0.0279,0.0317,0.0381
0.3841,0.4637,0.6075,0.0441,0.1364,0.0605,0.0892,0.1001,0.1136,0.9336,0.891,0.8671,0.0558,0.0681,0.0992,0.141884,0.021060353,9.7e-05,0.12797898,-0.7713445,0.007,0.0107,0.0146,0.0178,0.0211,0.0243,0.0265,0.0305,0.0346,0.0472
0.3803,0.4979,0.9145,0.048,0.1476,0.0729,0.0739,0.1133,0.1186,0.8482,0.9974,0.8904,0.0687,0.069,0.072,0.10789,0.024246942,6.91e-05,-0.2982094,-0.4980149,0.0122,0.0159,0.0203,0.0217,0.0247,0.0272,0.0294,0.0318,0.035,0.0415
0.386,0.4621,0.833,0.0457,0.1117,0.0564,0.067,0.0816,0.0994,0.937,0.9225,0.9599,0.0655,0.0703,0.0968,0.144348,0.022455254,6.65e-05,-0.0028878,-0.5324307,0.0115,0.0153,0.0176,0.0208,0.022,0.0249,0.0268,0.0302,0.0332,0.043
0.3987,0.4246,0.9448,0.0353,0.1385,0.0502,0.0824,0.0883,0.1041,0.8949,0.8579,0.8912,0.0508,0.0513,0.0604,0.165028,0.027857523,0.0001032,-0.2283239,-0.255134,0.0152,0.0205,0.0225,0.0261,0.028,0.0311,0.0348,0.0368,0.0405,0.055
0.4038,0.478,0.5368,0.0426,0.1373,0.06,0.0731,0.0924,0.1102,0.808,0.9428,0.8387,0.0742,0.0824,0.087,0.109709,0.016559674,5.71e-05,0.09620906,-0.9292052,0.006,0.0103,0.0118,0.0145,0.0158,0.0201,0.0211,0.0246,0.0262,0.035
0.3598,0.4274,0.8891,0.0399,0.1302,0.0635,0.0766,0.0951,0.1131,0.9682,0.929,0.9019,0.0742,0.0801,0.0953,0.201468,0.03196983,0.00010996,-0.3593823,-0.3073656,0.019,0.0233,0.0262,0.0301,0.0331,0.0355,0.0381,0.0414,0.0451,0.0539
0.3831,0.4109,0.5248,0.0385,0.1368,0.0661,0.087,0.1008,0.1132,0.9361,0.819,0.9663,0.0593,0.0693,0.0774,0.19679,0.02342522,0.0001005,-0.0602546,-0.8488722,0.0098,0.0138,0.0171,0.0209,0.0241,0.0259,0.0303,0.0325,0.0363,0.0472
0.4197,0.4941,0.5341,0.0385,0.1305,0.0449,0.0763,0.093,0.1152,0.8965,0.9668,0.8633,0.0535,0.0551,0.0715,0.0811,0.013711521,4.41e-05,0.364276727,-0.6708662,0.0056,0.0063,0.0099,0.011,0.013,0.0154,0.017,0.0205,0.0226,0.032
0.3537,0.4877,0.8224,0.0391,0.1281,0.0505,0.066,0.083,0.1075,0.8106,0.8582,0.9725,0.0645,0.0688,0.0813,0.148834,0.020154316,6.09e-05,0.05102201,-0.6286761,0.0098,0.0125,0.0149,0.0176,0.0209,0.0221,0.0246,0.0266,0.0308,0.0394
0.3735,0.4863,0.7731,0.0425,0.1334,0.0604,0.0701,0.0951,0.1203,0.8372,0.9318,0.8051,0.0502,0.0749,0.0885,0.131945,0.01962381,6.22e-05,-0.0415383,-0.8103564,0.0091,0.0114,0.0145,0.0167,0.0206,0.0218,0.0248,0.0267,0.0303,0.0391
0.3927,0.4658,0.7125,0.0352,0.141,0.0538,0.0713,0.0847,0.1253,0.8794,0.9789,0.9644,0.0518,0.0884,0.0905,0.133418,0.01890585,7.47e-05,0.231365659,-0.5093665,0.0068,0.0104,0.0137,0.0156,0.0198,0.0211,0.0242,0.0261,0.0306,0.0472
0.3505,0.4643,0.9439,0.0423,0.1383,0.0655,0.0725,0.0989,0.1247,0.9963,0.9991,0.9185,0.0545,0.0596,0.0736,0.169846,0.03433577,0.00015402,-0.1811019,-0.2162697,0.0172,0.0237,0.0283,0.032,0.0352,0.0372,0.0416,0.045,0.05,0.0638
0.4056,0.452,0.6096,0.0379,0.1305,0.054,0.0753,0.1056,0.1125,0.8931,0.8958,0.8614,0.0583,0.0598,0.0927,0.129024,0.018906429,7.65e-05,0.178638665,-0.6674025,0.0067,0.0113,0.0151,0.0163,0.0192,0.0209,0.0251,0.0265,0.0306,0.045
0.3677,0.4221,0.8025,0.0441,0.1314,0.0619,0.0649,0.0971,0.1075,0.973,0.8409,0.8809,0.0545,0.0682,0.0936,0.202917,0.02671576,8.16e-05,-0.1667715,-0.5123978,0.0144,0.0193,0.0217,0.0251,0.0268,0.0294,0.032,0.0347,0.039,0.0485
0.4011,0.4139,0.6691,0.0478,0.1161,0.0542,0.0811,0.091,0.1045,0.9559,0.8314,0.9427,0.0729,0.0842,0.0947,0.180977,0.022232833,7.92e-05,-0.0386975,-0.7400494,0.0109,0.0152,0.0167,0.0199,0.0221,0.0257,0.0269,0.0304,0.0344,0.045
0.3835,0.4582,0.7522,0.0373,0.1342,0.0522,0.0574,0.0859,0.1216,0.9377,0.8445,0.995,0.086,0.0871,0.0995,0.152758,0.018761785,5.79e-05,0.04812181,-0.6917219,0.0088,0.0111,0.0141,0.0158,0.0194,0.0212,0.0231,0.0258,0.0289,0.0391
0.3834,0.4425,0.5653,0.0431,0.1236,0.0631,0.08,0.0971,0.1092,0.8918,0.8111,0.8472,0.0827,0.0913,0.0958,0.166868,0.022577709,9.95e-05,-0.0138133,-0.8590031,0.0095,0.0127,0.0162,0.0197,0.0224,0.0258,0.0286,0.0316,0.0361,0.0442
0.3801,0.4581,0.5381,0.0458,0.133,0.0704,0.0795,0.0826,0.119,0.9968,0.8369,0.9549,0.0744,0.0788,0.0992,0.156509,0.022074069,9.92e-05,0.033526638,-0.8498488,0.0092,0.0123,0.0159,0.0206,0.0221,0.0253,0.0278,0.0314,0.0354,0.0439
0.3812,0.4747,0.5091,0.0362,0.1368,0.0547,0.0779,0.1075,0.1087,0.8088,0.9513,0.9538,0.0584,0.0837,0.0892,0.135327,0.018570578,7.13e-05,0.08608516,-0.8681485,0.0064,0.0107,0.0139,0.016,0.0197,0.0209,0.0245,0.0262,0.0302,0.0377
0.4183,0.4271,0.7539,0.0448,0.1465,0.0698,0.0726,0.1046,0.1297,0.9692,0.8641,0.8151,0.0618,0.0668,0.0876,0.144022,0.02123884,6.82e-05,-0.0419304,-0.798754,0.01,0.0137,0.0154,0.0197,0.0214,0.0239,0.0261,0.0289,0.032,0.0391
0.353,0.4857,0.6401,0.0475,0.1445,0.0734,0.0856,0.0915,0.1224,0.8707,0.9849,0.9735,0.0507,0.0527,0.0807,0.155146,0.026420629,0.00016045,0.163639249,-0.8171565,0.0093,0.0134,0.0187,0.0223,0.0257,0.0295,0.0337,0.0382,0.0439,0.0555
0.4186,0.4875,0.7253,0.0469,0.142,0.0658,0.0778,0.1,0.1204,0.859,0.9358,0.8169,0.079,0.0855,0.0992,0.086463,0.01652873,5.87e-05,0.100464991,-0.9615063,0.0059,0.0099,0.0115,0.0152,0.0162,0.0194,0.0207,0.025,0.0268,0.0335
0.3527,0.4968,0.5151,0.0399,0.1338,0.0564,0.0693,0.103,0.1207,0.8807,0.8277,0.9435,0.0631,0.0769,0.0795,0.139866,0.020504085,8.87e-05,0.146698462,-0.6956068,0.0074,0.012,0.0142,0.0172,0.0202,0.0227,0.0259,0.0291,0.0332,0.0456
0.4186,0.4043,0.519,0.0396,0.1472,0.0575,0.068,0.0906,0.1248,0.9952,0.9061,0.9127,0.0671,0.078,0.0925,0.161546,0.018907105,6.72e-05,-0.0717688,-0.9121037,0.0065,0.0108,0.015,0.0162,0.02,0.0216,0.0248,0.026,0.0297,0.0374
0.3725,0.4576,0.9328,0.037,0.1208,0.0451,0.0564,0.092,0.0998,0.8293,0.9547,0.9774,0.057,0.0608,0.0629,0.161526,0.02368631,7.32e-05,-0.1534352,-0.3812665,0.0123,0.0164,0.0196,0.0213,0.0251,0.0262,0.0281,0.0311,0.0356,0.045
0.3862,0.4009,0.8059,0.0363,0.1102,0.0472,0.0691,0.0716,0.0989,0.9852,0.8299,0.9555,0.0523,0.0599,0.0642,0.207791,0.022209238,5.54e-05,-0.201079,-0.456066,0.0116,0.0152,0.0184,0.0204,0.0223,0.0251,0.0262,0.029,0.0319,0.0403
0.3832,0.4562,0.764,0.0351,0.1458,0.0758,0.0811,0.1106,0.132,0.8864,0.9232,0.9322,0.0726,0.0853,0.0992,0.146302,0.02621061,0.00012261,0.207455374,-0.6568307,0.0114,0.0157,0.0196,0.022,0.0253,0.0287,0.032,0.0365,0.0417,0.0515
0.4143,0.4923,0.5431,0.0412,0.1478,0.0899,0.0963,0.1006,0.1253,0.9345,0.9402,0.9165,0.0677,0.0756,0.0838,0.075201,0.02060379,0.00010152,0.223085038,-0.8155154,0.0068,0.0113,0.015,0.0168,0.0208,0.0225,0.026,0.0303,0.0348,0.0436
0.3544,0.402,0.7517,0.047,0.1281,0.0616,0.0816,0.0881,0.1155,0.8037,0.8793,0.9473,0.0649,0.0721,0.0874,0.237138,0.02981957,0.00010329,-0.1605024,-0.478209,0.0153,0.0214,0.0239,0.027,0.0302,0.033,0.0358,0.0391,0.0424,0.057
0.351,0.4298,0.6023,0.0497,0.1169,0.0641,0.0751,0.0861,0.1098,0.885,0.829,0.8427,0.0668,0.0749,0.0956,0.210524,0.026041549,0.00011335,-0.0088088,-0.6925027,0.0111,0.0157,0.0197,0.0231,0.0261,0.0297,0.0318,0.0359,0.0404,0.0502
0.3883,0.4899,0.9383,0.0362,0.1215,0.0678,0.0701,0.0888,0.1056,0.9009,0.8718,0.8347,0.0507,0.0545,0.0565,0.109987,0.025638844,9.14e-05,-0.108583,-0.5361364,0.0138,0.0169,0.02,0.0225,0.0255,0.0278,0.0319,0.035,0.0382,0.05
0.3528,0.4227,0.9342,0.0393,0.1213,0.0553,0.076,0.0983,0.1069,0.8785,0.9816,0.9346,0.0565,0.0604,0.0968,0.215557,0.03305168,0.00013681,-0.1466235,-0.1103929,0.0173,0.0233,0.0269,0.0306,0.0344,0.0364,0.039,0.0429,0.0482,0.0642
0.3855,0.4736,0.7208,0.0491,0.1387,0.0593,0.0808,0.1018,0.1143,0.8226,0.883,0.8834,0.0571,0.0825,0.0904,0.126213,0.02091895,8.75e-05,0.141489173,-0.7334989,0.0091,0.0118,0.0154,0.0179,0.0209,0.0233,0.0256,0.0298,0.034,0.0427
0.4196,0.4412,0.7799,0.0411,0.1471,0.0605,0.069,0.0999,0.1263,0.8686,0.9898,0.8525,0.0937,0.0976,0.0993,0.127958,0.019205131,6.01e-05,-0.0266037,-0.8060993,0.01,0.011,0.015,0.0162,0.0197,0.0211,0.0243,0.0257,0.0297,0.0367
0.3797,0.4474,0.6569,0.0441,0.1105,0.0519,0.0679,0.0962,0.102,0.8254,0.9752,0.9542,0.064,0.0775,0.0817,0.165687,0.01952677,7.08e-05,0.07301113,-0.7172277,0.0089,0.0115,0.015,0.0165,0.0204,0.0218,0.0248,0.027,0.0312,0.043
0.411,0.4839,0.8665,0.0486,0.1408,0.066,0.0871,0.1045,0.133,0.8119,0.8832,0.9236,0.087,0.0888,0.0918,0.088143,0.020165666,5.91e-05,-0.0607684,-0.763745,0.0103,0.0122,0.0155,0.0181,0.0203,0.022,0.0248,0.0268,0.031,0.0367
0.4013,0.4397,0.594,0.0434,0.1422,0.0531,0.0918,0.0973,0.1272,0.999,0.952,0.8363,0.0611,0.0879,0.0904,0.148072,0.01954581,7.77e-05,0.0905079,-0.768512,0.0069,0.0116,0.0152,0.0165,0.0196,0.0219,0.0256,0.0279,0.0317,0.0447
0.4019,0.4979,0.7986,0.0414,0.1329,0.0517,0.0817,0.0959,0.1235,0.9296,0.9197,0.8794,0.0554,0.0892,0.0978,0.089232,0.01717145,6.6e-05,0.294192527,-0.6496616,0.0063,0.0095,0.0112,0.014,0.0156,0.0195,0.0214,0.0244,0.0283,0.0384
0.3837,0.4095,0.8412,0.0483,0.1287,0.0612,0.0785,0.1021,0.117,0.8733,0.8384,0.9737,0.0529,0.0886,0.0959,0.198002,0.0281604,8.75e-05,-0.2961559,-0.4426738,0.0153,0.0206,0.024,0.026,0.0285,0.0311,0.034,0.0368,0.0404,0.0482
0.3527,0.4911,0.7912,0.0388,0.138,0.0735,0.087,0.0992,0.125,0.9009,0.8152,0.97,0.0857,0.094,0.0962,0.150989,0.026236553,0.00011044,0.140394138,-0.5835184,0.0119,0.0166,0.0206,0.023,0.0259,0.029,0.0327,0.0358,0.0408,0.0541
0.38,0.4265,0.8027,0.0489,0.1113,0.0646,0.0849,0.0879,0.0971,0.9262,0.9539,0.9967,0.0741,0.084,0.0937,0.183837,0.027630065,9.24e-05,-0.0958844,-0.4613119,0.0149,0.0191,0.0219,0.0254,0.0273,0.0308,0.0334,0.0362,0.04,0.0502
0.4078,0.415,0.7451,0.041,0.12,0.0543,0.0688,0.097,0.1039,0.9794,0.9866,0.9998,0.0651,0.0767,0.0847,0.172268,0.022653137,7.61e-05,0.05608199,-0.5945167,0.0116,0.0141,0.0171,0.0201,0.022,0.0251,0.0271,0.0306,0.0343,0.0456
0.3953,0.46,0.887,0.0411,0.1251,0.0569,0.0758,0.0793,0.1067,0.8883,0.8707,0.864,0.0668,0.0869,0.0908,0.13406,0.024336632,7.76e-05,0.02268947,-0.3267755,0.0128,0.0161,0.0194,0.0215,0.0244,0.0265,0.0296,0.0318,0.0361,0.0502
0.399,0.4554,0.5404,0.0447,0.1333,0.0633,0.0846,0.1017,0.1077,0.8297,0.979,0.9783,0.0609,0.0893,0.0925,0.137838,0.020495955,8.65e-05,0.08374004,-0.7717297,0.0074,0.0118,0.0154,0.0171,0.0201,0.0233,0.0261,0.0292,0.0322,0.0442
0.399,0.4515,0.6085,0.0468,0.1349,0.0578,0.0993,0.1021,0.1201,0.8785,0.8875,0.9386,0.0613,0.0921,0.0953,0.138288,0.02129735,9.56e-05,0.168408387,-0.5595611,0.0072,0.0112,0.0151,0.0187,0.0217,0.025,0.0264,0.0298,0.0339,0.049
0.3868,0.4345,0.8538,0.0456,0.1343,0.0677,0.0822,0.0942,0.1071,0.9081,0.905,0.9322,0.0534,0.0595,0.0783,0.173266,0.029662025,0.0001087,-0.1209525,-0.5087341,0.0162,0.0209,0.0249,0.0266,0.0302,0.0324,0.036,0.0395,0.0432,0.0543
0.375,0.4247,0.5084,0.0483,0.1444,0.066,0.0867,0.0982,0.1304,0.9556,0.8282,0.9188,0.0891,0.0911,0.0972,0.18747,0.024741054,0.00011781,-0.0182881,-0.773182,0.0104,0.0148,0.0187,0.0211,0.0248,0.0278,0.0317,0.0345,0.0391,0.0517
0.3944,0.4045,0.8938,0.0496,0.119,0.0644,0.0776,0.0965,0.1009,0.879,0.99,0.8803,0.0515,0.0555,0.0849,0.190912,0.02885151,8.78e-05,-0.4745525,-0.3032683,0.0154,0.0209,0.0244,0.0262,0.0302,0.032,0.0352,0.0371,0.0404,0.0472
0.3708,0.4461,0.6243,0.0456,0.1174,0.0555,0.0727,0.0888,0.1045,0.9164,0.9455,0.903,0.0625,0.0848,0.0889,0.176035,0.021865715,8.97e-05,0.09200043,-0.6396377,0.0095,0.0124,0.0155,0.0198,0.0214,0.0244,0.0268,0.0308,0.0344,0.0464
0.3909,0.4243,0.6265,0.0396,0.1442,0.0629,0.0991,0.1034,0.1162,0.855,0.9835,0.8947,0.0526,0.0614,0.0618,0.172269,0.022330911,8.92e-05,-0.0049045,-0.8487949,0.0101,0.0131,0.0161,0.0203,0.0219,0.025,0.0273,0.0315,0.0354,0.0427
0.4131,0.4571,0.7991,0.0444,0.146,0.0607,0.0817,0.0929,0.1246,0.8417,0.8002,0.8874,0.0516,0.0552,0.0642,0.11903,0.020233651,6.53e-05,0.00707599,-0.757267,0.0096,0.0119,0.0151,0.0173,0.0202,0.0224,0.0253,0.0277,0.0311,0.0403
0.3914,0.4324,0.9428,0.0401,0.1231,0.0668,0.0823,0.097,0.1107,0.9724,0.9541,0.8539,0.0543,0.0564,0.0852,0.163732,0.03114954,0.00011287,-0.4735318,-0.2365595,0.016,0.0223,0.026,0.0295,0.0322,0.0347,0.0371,0.0405,0.0446,0.0524
0.3687,0.4825,0.5024,0.0459,0.1459,0.0633,0.0899,0.1137,0.1364,0.8056,0.9103,0.8269,0.0606,0.0628,0.0807,0.13976,0.02252962,0.00011093,0.120681377,-0.7988838,0.0096,0.0116,0.0156,0.0192,0.0219,0.0256,0.0289,0.032,0.0366,0.0502
0.4182,0.4396,0.6289,0.0387,0.1207,0.0595,0.082,0.0832,0.0985,0.9029,0.8225,0.8783,0.081,0.0852,0.0957,0.1348,0.01795056,6.3e-05,0.023255993,-0.9022443,0.0063,0.0112,0.0126,0.0154,0.0179,0.0209,0.0225,0.0259,0.0286,0.0357
0.3554,0.4359,0.9463,0.0379,0.1192,0.0476,0.0563,0.0887,0.0929,0.8746,0.9508,0.9841,0.0675,0.0917,0.0956,0.202484,0.028927539,0.00010964,-0.0958546,-0.1527977,0.014,0.0211,0.0238,0.0266,0.0293,0.0319,0.0343,0.0374,0.0422,0.0561
0.4098,0.4495,0.5085,0.0382,0.1381,0.0496,0.087,0.1002,0.1176,0.9851,0.9265,0.9061,0.0811,0.0841,0.0943,0.13045,0.017577798,6.51e-05,0.171921266,-0.6628905,0.0064,0.0101,0.012,0.015,0.0171,0.0201,0.0221,0.0253,0.0283,0.0406
0.4021,0.4757,0.8828,0.0384,0.1274,0.0497,0.0806,0.0852,0.1069,0.8636,0.9679,0.9649,0.0679,0.0845,0.085,0.113588,0.019910805,5.41e-05,0.02443386,-0.4675372,0.0103,0.0139,0.0153,0.0175,0.0201,0.0216,0.0248,0.0261,0.0295,0.0403
0.3939,0.43,0.8574,0.043,0.1127,0.0589,0.0744,0.0814,0.0973,0.9931,0.991,0.9664,0.0826,0.0829,0.0929,0.170804,0.026638112,7.88e-05,-0.2502343,-0.4250193,0.0142,0.0197,0.0214,0.0245,0.0265,0.0299,0.0322,0.0349,0.0378,0.0464
0.3555,0.4827,0.6393,0.0415,0.1235,0.054,0.0842,0.0921,0.1037,0.8393,0.9229,0.9508,0.0661,0.0745,0.0957,0.154998,0.021885901,0.00010714,0.232772131,-0.7139949,0.0093,0.011,0.0151,0.0196,0.0212,0.0245,0.0271,0.0313,0.0363,0.0472
0.3675,0.4458,0.6658,0.0493,0.1488,0.069,0.0884,0.1015,0.1315,0.8984,0.8347,0.9088,0.0542,0.0707,0.0821,0.174737,0.027051145,0.00013942,0.213916065,-0.3886206,0.012,0.0157,0.0204,0.0233,0.0268,0.0302,0.0339,0.0368,0.0425,0.0628
0.3532,0.4963,0.5059,0.0495,0.1162,0.055,0.0786,0.0922,0.1005,0.8531,0.9911,0.8317,0.0547,0.077,0.082,0.147127,0.01930222,7.44e-05,0.043219303,-0.8374113,0.0067,0.011,0.0145,0.0158,0.0201,0.0213,0.0245,0.0275,0.0309,0.0415
0.3981,0.4658,0.7856,0.0391,0.1351,0.0488,0.0749,0.0883,0.1298,0.8043,0.8022,0.9603,0.0743,0.088,0.0978,0.125967,0.01644676,4.44e-05,0.03713384,-0.6931386,0.0065,0.0103,0.0111,0.0148,0.0157,0.0186,0.0211,0.0221,0.0251,0.0361
0.3684,0.4455,0.8701,0.047,0.1436,0.0656,0.0981,0.1018,0.1285,0.9792,0.887,0.9156,0.0802,0.0942,0.0948,0.175677,0.03181031,0.00011244,-0.2410354,-0.4477216,0.0186,0.022,0.0259,0.0298,0.0329,0.0354,0.0377,0.0415,0.0457,0.0541
0.3545,0.4121,0.8113,0.0461,0.1403,0.0665,0.0814,0.0908,0.121,0.807,0.855,0.8363,0.0648,0.0819,0.0981,0.222183,0.03323854,0.00012638,-0.0864797,-0.2862267,0.0194,0.023,0.0269,0.031,0.0337,0.0361,0.0396,0.0429,0.0475,0.0622
0.4048,0.4416,0.6892,0.0358,0.1213,0.0637,0.064,0.0826,0.1051,0.8939,0.8844,0.8901,0.0608,0.0691,0.0841,0.14819,0.02034151,7.67e-05,0.06526022,-0.7506584,0.009,0.0117,0.0149,0.0175,0.0204,0.0223,0.026,0.0282,0.0319,0.0412
0.3814,0.4167,0.7607,0.0361,0.1208,0.0433,0.0717,0.0771,0.1036,0.901,0.9193,0.8582,0.0725,0.0798,0.0862,0.192515,0.021697903,6.55e-05,0.07525922,-0.4524542,0.0103,0.014,0.0164,0.02,0.0212,0.0239,0.0257,0.0288,0.0326,0.0464
0.3881,0.4007,0.9016,0.0402,0.1263,0.0728,0.0911,0.0923,0.1031,0.9483,0.9424,0.9005,0.0597,0.0856,0.0919,0.20139,0.03453461,0.00012429,-0.4937597,-0.1980733,0.019,0.0246,0.029,0.0328,0.0358,0.039,0.0411,0.0445,0.0483,0.0572
0.4157,0.4925,0.649,0.0393,0.1433,0.0565,0.074,0.1011,0.1266,0.8029,0.9569,0.8661,0.0526,0.0729,0.0919,0.087577,0.014896401,4.56e-05,0.09007316,-0.9835581,0.0058,0.0091,0.0106,0.0118,0.0152,0.0166,0.0201,0.0213,0.0243,0.032
0.3865,0.4488,0.6802,0.0455,0.1425,0.0613,0.09,0.0903,0.1095,0.8001,0.8281,0.9442,0.0767,0.0828,0.0928,0.158278,0.020885659,7.45e-05,-0.0206375,-0.8113662,0.0097,0.0122,0.0156,0.0185,0.0211,0.0239,0.0256,0.0291,0.0326,0.0427
0.4164,0.4896,0.7787,0.0394,0.1249,0.0517,0.0693,0.0951,0.1104,0.8464,0.8027,0.9226,0.0722,0.0834,0.0943,0.081665,0.013877655,4.09e-05,0.20559888,-0.8537284,0.0056,0.0063,0.0099,0.011,0.0143,0.0152,0.0169,0.0207,0.0223,0.0308
0.4023,0.4432,0.8483,0.0404,0.1251,0.0652,0.0867,0.0889,0.1107,0.9861,0.8606,0.911,0.0577,0.0853,0.0927,0.144512,0.023859436,6.94e-05,-0.1970064,-0.62199,0.0119,0.0156,0.0201,0.0214,0.0243,0.0262,0.0288,0.0317,0.0353,0.0418
0.3501,0.4499,0.9032,0.0392,0.148,0.0714,0.0895,0.0968,0.113,0.9723,0.8954,0.9972,0.0815,0.0869,0.0935,0.193288,0.03559705,0.0001402,-0.2834451,-0.1589501,0.0207,0.0248,0.0296,0.0338,0.0362,0.0402,0.0423,0.0456,0.0506,0.0636
0.3528,0.4169,0.8926,0.0477,0.117,0.0592,0.0646,0.0896,0.0932,0.8511,0.88,0.881,0.0715,0.0849,0.0875,0.222202,0.03374469,0.00014,-0.118154,-0.1439037,0.0181,0.0239,0.0265,0.0314,0.0343,0.0372,0.0408,0.0441,0.0485,0.068
0.3927,0.4633,0.5808,0.0416,0.1496,0.059,0.0685,0.1233,0.1282,0.985,0.9183,0.9122,0.0602,0.0847,0.0903,0.130667,0.019880023,8.92e-05,0.261150633,-0.507334,0.0068,0.0106,0.0142,0.0167,0.0203,0.0221,0.0256,0.0283,0.0325,0.0482
0.3985,0.404,0.5707,0.0455,0.1219,0.066,0.0776,0.0837,0.0988,0.9275,0.903,0.8548,0.0509,0.063,0.0877,0.187867,0.022445101,9.11e-05,7.53e-05,-0.7594695,0.0104,0.0133,0.0161,0.0201,0.022,0.0248,0.0275,0.0314,0.035,0.0461
0.405,0.4194,0.5146,0.0353,0.1145,0.0505,0.0591,0.0759,0.0978,0.9806,0.9689,0.8714,0.0532,0.0595,0.0865,0.169821,0.0170262,5.48e-05,0.015720324,-0.8661022,0.0062,0.0109,0.0122,0.015,0.0167,0.0202,0.0214,0.0248,0.0264,0.0354
0.3541,0.4878,0.7872,0.0481,0.1205,0.0575,0.0857,0.0932,0.1112,0.9405,0.9018,0.9575,0.0508,0.091,0.094,0.152651,0.026915862,0.00014549,0.5241943,0.02337595,0.0121,0.0155,0.0198,0.0232,0.026,0.0286,0.0322,0.0363,0.0428,0.0606
0.3707,0.4839,0.7274,0.0418,0.1408,0.0476,0.0883,0.0973,0.1242,0.915,0.831,0.928,0.0593,0.0683,0.0736,0.138072,0.020700713,9.81e-05,0.454900021,-0.2038665,0.0096,0.0111,0.0147,0.0166,0.0196,0.0224,0.0254,0.029,0.0348,0.0497
0.3997,0.4914,0.9072,0.0357,0.1464,0.0669,0.0898,0.0952,0.1306,0.956,0.8973,0.9994,0.0805,0.0811,0.0904,0.097208,0.02377841,7.91e-05,-0.0150959,-0.6050323,0.0118,0.0159,0.0194,0.0215,0.0245,0.0259,0.0287,0.0322,0.0357,0.0436
0.352,0.4844,0.9319,0.0394,0.1461,0.0543,0.0711,0.0979,0.1214,0.825,0.9422,0.9768,0.0534,0.0791,0.0882,0.156239,0.027524879,0.0001,0.00104845,-0.1760424,0.0156,0.0204,0.022,0.0256,0.0269,0.0304,0.0324,0.0364,0.0411,0.0548
0.3606,0.4346,0.5849,0.0363,0.1414,0.0612,0.0863,0.0873,0.1097,0.9598,0.8141,0.9001,0.0538,0.0752,0.0937,0.194262,0.023062952,9.65e-05,-0.0323517,-0.7965329,0.0105,0.0135,0.0167,0.0203,0.0233,0.026,0.0294,0.0325,0.0357,0.0458
0.4051,0.4625,0.6661,0.0382,0.1135,0.0493,0.0763,0.0898,0.0925,0.992,0.9443,0.8225,0.0551,0.0671,0.0712,0.127133,0.015752839,5.24e-05,0.229507413,-0.6381543,0.0061,0.009,0.0108,0.0136,0.0149,0.0172,0.0206,0.0219,0.0256,0.0391
0.4126,0.4616,0.833,0.0417,0.111,0.0498,0.0587,0.0918,0.0968,0.8698,0.8778,0.9083,0.0558,0.059,0.0658,0.120589,0.017895898,4.64e-05,0.016012041,-0.6458813,0.0101,0.0117,0.0143,0.0155,0.0176,0.0206,0.0214,0.0246,0.0263,0.035
0.4134,0.4749,0.7947,0.0379,0.1262,0.0573,0.0734,0.0993,0.1121,0.8732,0.8875,0.835,0.0543,0.0672,0.0825,0.106535,0.017838602,6.12e-05,0.273707328,-0.4367346,0.0075,0.0107,0.0132,0.0152,0.0171,0.02,0.0219,0.0253,0.0283,0.0406
0.3705,0.4717,0.7471,0.0356,0.118,0.053,0.055,0.0899,0.1097,0.9457,0.8614,0.8833,0.0763,0.081,0.0825,0.150519,0.018898459,6.03e-05,0.01923735,-0.7175758,0.0087,0.011,0.0141,0.0159,0.0198,0.0213,0.0237,0.0259,0.0291,0.0391
0.4181,0.4527,0.8155,0.0381,0.1161,0.0579,0.0643,0.0903,0.1026,0.9035,0.993,0.8173,0.0655,0.0741,0.0945,0.122279,0.017448707,4.53e-05,-0.0418119,-0.7718214,0.0093,0.0109,0.0145,0.0156,0.0171,0.0203,0.0213,0.0239,0.0265,0.032
0.3918,0.4566,0.6825,0.0408,0.1289,0.0512,0.0837,0.0899,0.1122,0.9813,0.9064,0.8084,0.0678,0.0797,0.0939,0.145374,0.018309099,6.49e-05,0.09408339,-0.7462111,0.0067,0.0107,0.0139,0.0154,0.0184,0.0205,0.0235,0.0257,0.0291,0.0403
0.3649,0.4728,0.5023,0.0468,0.1172,0.0593,0.0713,0.092,0.1103,0.85,0.9442,0.8632,0.0619,0.0715,0.0841,0.155618,0.020678976,8.84e-05,0.136434547,-0.7015303,0.0084,0.0119,0.0155,0.0173,0.0201,0.0233,0.0261,0.0294,0.033,0.0442
0.3738,0.4089,0.7995,0.0413,0.1446,0.052,0.0831,0.1038,0.1169,0.863,0.8141,0.9181,0.0896,0.0954,0.0962,0.212712,0.027685697,9.38e-05,0.08878167,-0.1438767,0.0146,0.0189,0.0219,0.0248,0.0274,0.0301,0.0329,0.0361,0.0402,0.0572
0.3902,0.4279,0.8889,0.0362,0.1408,0.0471,0.0679,0.0797,0.1237,0.9274,0.9058,0.9588,0.0862,0.0888,0.0969,0.169467,0.024227,7.51e-05,-0.0237903,-0.3115602,0.0132,0.0161,0.0201,0.0214,0.0242,0.026,0.0291,0.0319,0.0355,0.0464
0.3813,0.4042,0.5264,0.0352,0.1121,0.0552,0.0695,0.0722,0.0997,0.9205,0.8804,0.8222,0.0732,0.0791,0.087,0.208897,0.020610981,7.63e-05,-0.0462589,-0.8300271,0.0089,0.0116,0.0151,0.0187,0.0204,0.0239,0.0256,0.0287,0.0322,0.04
0.3872,0.4938,0.6467,0.0399,0.1236,0.0605,0.0683,0.0963,0.1102,0.9761,0.8758,0.8402,0.0559,0.0888,0.0999,0.112349,0.016698287,5.68e-05,0.119597766,-0.7732427,0.0061,0.0101,0.011,0.0149,0.0159,0.0193,0.0206,0.0237,0.0265,0.0364
0.4011,0.4219,0.548,0.036,0.1114,0.0453,0.0739,0.0865,0.0947,0.9408,0.9995,0.8436,0.0733,0.0887,0.0949,0.169548,0.01691269,5.63e-05,0.08908434,-0.7442415,0.0063,0.0098,0.0116,0.0145,0.0164,0.0203,0.0216,0.0241,0.0262,0.0394
0.4081,0.4858,0.5603,0.0389,0.116,0.051,0.0789,0.0799,0.0922,0.9923,0.8733,0.8924,0.0521,0.0535,0.0934,0.099946,0.014435175,4.25e-05,0.127322638,-0.9042106,0.0057,0.0075,0.0105,0.0116,0.0149,0.0161,0.0184,0.0209,0.0232,0.032
0.3553,0.4281,0.5202,0.0463,0.1413,0.0631,0.0765,0.0919,0.1088,0.9676,0.8378,0.8378,0.0631,0.0727,0.0801,0.208526,0.023597954,0.00010435,0.024159604,-0.7072932,0.0101,0.0143,0.0171,0.0215,0.0237,0.0262,0.03,0.0329,0.0368,0.0495
0.4154,0.4294,0.6718,0.0488,0.1195,0.0647,0.0793,0.0982,0.1045,0.9456,0.889,0.8553,0.0544,0.0666,0.0796,0.149103,0.02025105,7.3e-05,0.034169507,-0.7571605,0.0091,0.0117,0.015,0.0174,0.0204,0.0226,0.0256,0.0281,0.0316,0.0406
0.416,0.4705,0.6698,0.0417,0.1197,0.0518,0.0834,0.0934,0.1113,0.9568,0.9569,0.8202,0.0533,0.0612,0.0719,0.104496,0.015533346,5.04e-05,0.143442283,-0.8831072,0.0059,0.0097,0.0112,0.0137,0.0158,0.0173,0.0199,0.0218,0.0258,0.0335
0.4184,0.4064,0.8327,0.0488,0.1137,0.0566,0.0676,0.0862,0.0998,0.87,0.9052,0.8375,0.0531,0.0607,0.065,0.165776,0.02311742,6.17e-05,-0.2347368,-0.5793756,0.0116,0.0152,0.0196,0.0213,0.0238,0.0258,0.0272,0.0307,0.0331,0.0391
0.4047,0.4205,0.604,0.05,0.1411,0.0663,0.0829,0.1057,0.1183,0.9412,0.8498,0.8347,0.0734,0.0942,0.0995,0.163733,0.021916001,9.09e-05,0.01740932,-0.8209331,0.0099,0.0129,0.0153,0.0198,0.0213,0.0244,0.0271,0.0312,0.0347,0.0461
0.3912,0.4785,0.7342,0.0392,0.1123,0.0515,0.0596,0.0835,0.0976,0.974,0.8226,0.9635,0.0697,0.082,0.0972,0.122979,0.016357982,5.3e-05,0.117878065,-0.8455119,0.0061,0.0104,0.0117,0.0143,0.0155,0.0184,0.0207,0.0235,0.0259,0.0346
0.3534,0.4232,0.9072,0.0476,0.138,0.057,0.0782,0.1006,0.1277,0.8899,0.9682,0.96,0.0901,0.0915,0.0956,0.211808,0.03607377,0.00017307,0.08733795,0.159380293,0.02,0.0247,0.0299,0.0329,0.0354,0.0388,0.0429,0.0467,0.053,0.0757
0.3939,0.4985,0.7733,0.0392,0.1197,0.0466,0.0608,0.0937,0.1026,0.8385,0.8396,0.9624,0.0511,0.0539,0.0856,0.100569,0.01383218,3.78e-05,0.191580317,-0.7262105,0.0057,0.0072,0.0104,0.0113,0.0146,0.0156,0.017,0.0203,0.0219,0.032
0.3701,0.4535,0.8736,0.0432,0.1185,0.0558,0.0818,0.0854,0.1011,0.8396,0.9621,0.8955,0.0535,0.0767,0.0858,0.171989,0.0268561,9.04e-05,-0.100246,-0.4383749,0.0145,0.0189,0.0219,0.0253,0.0266,0.03,0.0326,0.0352,0.0391,0.0492
0.3641,0.4739,0.824,0.043,0.1205,0.0454,0.0762,0.0855,0.1046,0.9707,0.8884,0.9374,0.0773,0.0788,0.0807,0.153774,0.023254946,9.01e-05,0.27830151,-0.4578673,0.0107,0.0148,0.0176,0.0207,0.0222,0.0255,0.0279,0.0318,0.0366,0.0482
0.3817,0.4966,0.7073,0.0414,0.1198,0.0612,0.0736,0.0912,0.1142,0.8465,0.9013,0.8132,0.0582,0.0709,0.0724,0.113939,0.01885933,7.91e-05,0.190873259,-0.8027828,0.0065,0.0105,0.0138,0.0155,0.0191,0.0207,0.0246,0.0266,0.0316,0.0403
0.3866,0.4683,0.5257,0.0431,0.1397,0.0576,0.0999,0.1035,0.1234,0.8843,0.8062,0.9355,0.0651,0.07,0.0972,0.130492,0.019773694,8.5e-05,0.27794213,-0.36625,0.0069,0.0107,0.0142,0.0158,0.0204,0.022,0.0254,0.0276,0.0317,0.0485
0.3786,0.456,0.63,0.0425,0.1126,0.0674,0.0717,0.077,0.0972,0.8051,0.9706,0.9341,0.0844,0.089,0.0913,0.160427,0.020238569,7.68e-05,-0.0042529,-0.8127394,0.0086,0.0115,0.015,0.0175,0.0205,0.0228,0.0257,0.0283,0.0318,0.0406
0.3656,0.4626,0.6963,0.0455,0.1404,0.068,0.0731,0.1083,0.1187,0.9306,0.8986,0.9357,0.0752,0.08,0.0904,0.158522,0.024397235,0.00011248,0.2935261,-0.2808243,0.011,0.0155,0.0184,0.0214,0.025,0.0266,0.0302,0.0339,0.0375,0.0543
0.3997,0.4445,0.7936,0.0371,0.1195,0.0599,0.0723,0.0793,0.1094,0.9931,0.84,0.9526,0.0528,0.0794,0.0915,0.147354,0.020364349,5.86e-05,-0.0865587,-0.7464024,0.0105,0.013,0.0159,0.0184,0.0207,0.0223,0.0254,0.0271,0.0307,0.0377
0.3921,0.4849,0.5344,0.0408,0.1168,0.0564,0.0712,0.0968,0.1011,0.9359,0.9505,0.9045,0.0534,0.0552,0.0588,0.111479,0.017463364,6.77e-05,0.187535498,-0.7408301,0.0063,0.0098,0.0117,0.0148,0.0168,0.0199,0.0219,0.0253,0.0284,0.0403
0.3581,0.4,0.825,0.04,0.1337,0.0526,0.0777,0.0983,0.117,0.8969,0.8808,0.9352,0.0584,0.0656,0.0963,0.237227,0.03142452,0.00013003,0.155158807,-0.1414752,0.0162,0.0211,0.0254,0.0277,0.0314,0.0338,0.0368,0.0406,0.046,0.0604
0.408,0.4449,0.6887,0.044,0.1112,0.0579,0.074,0.0854,0.0983,0.8497,0.8271,0.924,0.0722,0.0832,0.0835,0.141347,0.01826413,6.17e-05,0.011857955,-0.8715367,0.0065,0.0106,0.0143,0.0155,0.0187,0.0204,0.0231,0.0258,0.0289,0.0364
0.4196,0.4038,0.7199,0.0444,0.1196,0.0538,0.0767,0.0885,0.1043,0.9294,0.9625,0.9202,0.0544,0.0657,0.0705,0.166154,0.0208855,6.19e-05,-0.0990123,-0.7180332,0.0102,0.0139,0.0158,0.0192,0.0207,0.0239,0.0255,0.0277,0.0312,0.04
0.3636,0.4346,0.6898,0.0366,0.1453,0.0543,0.0708,0.1197,0.1203,0.8268,0.9528,0.8589,0.0604,0.0644,0.0986,0.184638,0.022543667,8.25e-05,0.08070742,-0.5707151,0.0112,0.0137,0.0167,0.02,0.0219,0.0251,0.0271,0.0307,0.0344,0.0456
0.3671,0.4945,0.6815,0.0491,0.1275,0.0639,0.0814,0.0973,0.1137,0.9031,0.9776,0.8638,0.0563,0.0704,0.0808,0.128187,0.020314937,8.29e-05,0.03612446,-0.8736906,0.0077,0.0115,0.015,0.0171,0.0208,0.0228,0.0253,0.029,0.0326,0.0424
0.3559,0.4035,0.6227,0.0388,0.1118,0.0491,0.0661,0.0748,0.0945,0.8834,0.8897,0.9458,0.0632,0.0653,0.0832,0.235618,0.02376288,9.14e-05,0.09520093,-0.5100933,0.0107,0.0148,0.0182,0.0217,0.0237,0.026,0.0296,0.0324,0.0359,0.0495
0.3881,0.4555,0.6456,0.0435,0.1194,0.0552,0.0709,0.0796,0.109,0.8672,0.9214,0.9839,0.051,0.053,0.0675,0.151016,0.01816864,6.23e-05,0.03933536,-0.8201568,0.0065,0.0108,0.0147,0.016,0.018,0.0208,0.0227,0.026,0.0289,0.0381
0.4064,0.4749,0.5787,0.0382,0.1288,0.0661,0.0746,0.083,0.1114,0.929,0.8932,0.8889,0.0554,0.0836,0.096,0.110776,0.01841313,7.04e-05,0.123743729,-0.7762868,0.0065,0.0105,0.0138,0.0155,0.0186,0.0205,0.0239,0.0258,0.0301,0.0403
0.3644,0.4047,0.8283,0.039,0.1331,0.0598,0.0633,0.1,0.109,0.8971,0.8017,0.8051,0.0681,0.0824,0.0842,0.222406,0.028787496,9.64e-05,-0.1549419,-0.43465,0.0158,0.0203,0.024,0.026,0.0292,0.0316,0.0345,0.0377,0.0415,0.0524
0.3984,0.4103,0.628,0.0498,0.1174,0.0678,0.0813,0.0962,0.1097,0.9021,0.9898,0.9792,0.0595,0.0726,0.0865,0.182162,0.02448006,9.79e-05,-0.0779147,-0.7327415,0.0106,0.0149,0.0196,0.0222,0.0247,0.027,0.0308,0.0338,0.037,0.0495
0.3885,0.4809,0.7996,0.0461,0.1303,0.064,0.0826,0.0873,0.1137,0.9426,0.9111,0.8281,0.0545,0.0796,0.0918,0.121844,0.021100091,7.67e-05,0.149775885,-0.6581365,0.0102,0.0124,0.0157,0.0182,0.0211,0.0236,0.0258,0.0293,0.0332,0.043
0.4073,0.4362,0.7644,0.0357,0.147,0.0572,0.0888,0.1018,0.1264,0.9511,0.8857,0.9596,0.0606,0.0746,0.0937,0.139868,0.02124003,7e-05,0.09922589,-0.4127818,0.0103,0.014,0.0156,0.0196,0.0217,0.0247,0.0262,0.0287,0.0324,0.0492
0.3839,0.4291,0.515,0.0417,0.1467,0.0728,0.0864,0.0922,0.1169,0.8395,0.862,0.8851,0.0757,0.0901,0.0996,0.1744,0.02490674,0.00011788,-0.0260407,-0.8131372,0.0102,0.0146,0.0189,0.0221,0.0257,0.0275,0.0318,0.0351,0.0393,0.0492
0.4104,0.4809,0.7077,0.0467,0.115,0.0613,0.0682,0.0854,0.1036,0.9576,0.999,0.8876,0.0566,0.0758,0.0903,0.102889,0.01664316,5.54e-05,0.03689773,-0.9455766,0.0061,0.0104,0.0119,0.0146,0.0161,0.0202,0.0212,0.0244,0.026,0.035
0.3701,0.4391,0.778,0.049,0.1273,0.0604,0.0668,0.0941,0.1194,0.893,0.8882,0.8755,0.0696,0.076,0.0987,0.183288,0.0276789,0.0001138,0.159479969,-0.4348638,0.015,0.0187,0.0214,0.0251,0.0267,0.0307,0.0337,0.0362,0.0416,0.0539
0.4141,0.4073,0.7799,0.0383,0.1306,0.0559,0.0715,0.0878,0.1033,0.9236,0.9046,0.9202,0.0643,0.0778,0.0813,0.171212,0.023298721,7.46e-05,0.08865113,-0.4171907,0.0111,0.0151,0.0185,0.0214,0.0233,0.0258,0.0272,0.0311,0.0346,0.049
0.3682,0.4331,0.7904,0.0439,0.1491,0.0538,0.0721,0.1096,0.1225,0.9661,0.9671,0.8842,0.0616,0.0673,0.0951,0.185862,0.02672798,9.49e-05,0.035210644,-0.4994993,0.0144,0.018,0.0206,0.0239,0.0265,0.0301,0.0318,0.0356,0.0397,0.0502
0.4121,0.4355,0.9199,0.0494,0.1166,0.0609,0.0792,0.0867,0.1079,0.852,0.9054,0.9537,0.0562,0.0585,0.0775,0.147086,0.026376235,7.94e-05,-0.3762723,-0.2572621,0.0137,0.0195,0.0211,0.0247,0.0267,0.0297,0.0318,0.0341,0.037,0.0456
0.4198,0.4641,0.7993,0.0422,0.125,0.0475,0.0752,0.0885,0.1078,0.857,0.9457,0.8631,0.0612,0.0702,0.0822,0.111387,0.0166201,4.81e-05,0.08557481,-0.6927309,0.0064,0.0111,0.0122,0.0148,0.0162,0.019,0.021,0.0227,0.0259,0.0354
0.3949,0.4803,0.8947,0.0412,0.1301,0.0641,0.082,0.1019,0.106,0.8978,0.9264,0.8096,0.0653,0.0751,0.076,0.115028,0.023731676,7.31e-05,-0.0859601,-0.5009805,0.0124,0.0151,0.0195,0.0212,0.0237,0.026,0.0286,0.0314,0.035,0.0453
0.3715,0.4302,0.5321,0.042,0.1117,0.0663,0.0707,0.0797,0.0999,0.9949,0.848,0.9258,0.0509,0.0763,0.0983,0.191449,0.021747534,8.89e-05,-0.0824067,-0.9256835,0.009,0.0121,0.0154,0.0199,0.0212,0.0256,0.0278,0.0309,0.0344,0.0412
0.3712,0.4304,0.6935,0.0361,0.1351,0.0467,0.069,0.096,0.1175,0.9394,0.8023,0.9795,0.0574,0.0706,0.0967,0.188916,0.02044594,6.87e-05,0.08408616,-0.6470147,0.0098,0.012,0.0152,0.0182,0.0205,0.0222,0.0251,0.028,0.0316,0.0415
0.371,0.4635,0.567,0.0472,0.1284,0.0569,0.0754,0.1007,0.1128,0.8979,0.9623,0.882,0.0901,0.0944,0.0982,0.153948,0.020614264,8.52e-05,0.0957444,-0.7124157,0.0087,0.012,0.0155,0.0176,0.0202,0.0235,0.026,0.0289,0.0325,0.0442
0.3686,0.4863,0.722,0.0472,0.1426,0.0595,0.0879,0.1169,0.1252,0.9364,0.9347,0.8765,0.0681,0.0868,0.097,0.133527,0.02431498,0.00012768,0.229489799,-0.6832375,0.0103,0.0146,0.0165,0.0203,0.0238,0.026,0.0308,0.0344,0.0404,0.0517
0.4014,0.469,0.8078,0.0488,0.1493,0.0738,0.0972,0.0975,0.129,0.9945,0.8743,0.8612,0.0589,0.0765,0.0829,0.123514,0.02280594,7.53e-05,0.00832747,-0.7035835,0.0111,0.0148,0.0175,0.0204,0.022,0.0258,0.0279,0.031,0.0346,0.0412
0.3579,0.4079,0.904,0.045,0.1269,0.0671,0.0769,0.0943,0.1076,0.8764,0.9116,0.9355,0.0605,0.0732,0.0946,0.223884,0.03574602,0.00014248,-0.3383337,-0.1341391,0.0208,0.0252,0.0299,0.0348,0.037,0.0396,0.043,0.0461,0.0504,0.0648
0.3692,0.4837,0.5942,0.0447,0.149,0.0609,0.0858,0.1056,0.1235,0.8941,0.9268,0.8797,0.0504,0.0711,0.0889,0.131562,0.021314109,9.82e-05,0.152053435,-0.6706165,0.0071,0.0108,0.0148,0.0194,0.0212,0.0244,0.0265,0.0307,0.035,0.0472
0.4185,0.4096,0.8979,0.0397,0.1238,0.0555,0.0609,0.0876,0.0983,0.8277,0.963,0.9319,0.0518,0.0629,0.0634,0.166747,0.023579689,6.42e-05,-0.3157955,-0.4220293,0.0123,0.0162,0.0197,0.0214,0.0247,0.0258,0.0281,0.0312,0.034,0.0403
0.376,0.4064,0.516,0.0428,0.1492,0.0764,0.0915,0.1168,0.1278,0.8215,0.8027,0.9016,0.0601,0.063,0.0866,0.197622,0.026154866,0.00012374,0.00597233,-0.6454915,0.011,0.0158,0.0201,0.0236,0.026,0.0295,0.0326,0.0358,0.0407,0.0524
0.3797,0.4336,0.7775,0.0414,0.1181,0.0522,0.07,0.0967,0.1067,0.9277,0.907,0.8168,0.0654,0.0657,0.0816,0.180002,0.02265802,6.72e-05,0.06061792,-0.3694656,0.012,0.0144,0.0181,0.0205,0.0225,0.025,0.0267,0.0296,0.033,0.0453
0.3792,0.4544,0.6901,0.0384,0.1401,0.0627,0.0862,0.0985,0.121,0.8525,0.9213,0.8785,0.0542,0.0694,0.0961,0.151784,0.02214035,9.72e-05,0.264363721,-0.4510712,0.01,0.0132,0.0157,0.0204,0.0221,0.0242,0.0266,0.0309,0.0356,0.0495
0.3973,0.4605,0.5362,0.0363,0.1356,0.0556,0.07,0.0982,0.1104,0.9138,0.8492,0.942,0.0583,0.0647,0.0756,0.13286,0.017752858,6.43e-05,0.110939097,-0.7602842,0.0064,0.0101,0.0121,0.0148,0.0172,0.0208,0.022,0.0254,0.0279,0.0391
0.4166,0.4468,0.6347,0.0416,0.1484,0.0579,0.0859,0.0965,0.1347,0.8083,0.8094,0.8582,0.0793,0.0815,0.0857,0.121584,0.01876276,7.5e-05,0.181438714,-0.6271093,0.0067,0.0113,0.0149,0.0163,0.0191,0.0208,0.0248,0.0265,0.0303,0.045
0.3601,0.4253,0.5557,0.0383,0.1412,0.0695,0.0905,0.1144,0.1279,0.9186,0.8351,0.9369,0.0653,0.0732,0.0955,0.204932,0.027995495,0.00017038,0.300451896,-0.3880869,0.012,0.016,0.0211,0.0238,0.0272,0.0312,0.0348,0.0396,0.0457,0.0667
0.4036,0.4165,0.8309,0.0491,0.1377,0.0587,0.0867,0.1033,0.1197,0.8547,0.8643,0.8177,0.0756,0.0759,0.0938,0.163963,0.02744046,9.31e-05,-0.1172733,-0.5527739,0.0147,0.0188,0.0215,0.0248,0.0271,0.0307,0.0335,0.0361,0.04,0.0497
0.4171,0.4486,0.6723,0.0426,0.1354,0.0673,0.0801,0.1079,0.1186,0.8531,0.8791,0.8868,0.0733,0.0789,0.0805,0.125725,0.020224657,8.24e-05,0.106515555,-0.7462957,0.0084,0.0115,0.015,0.0169,0.0206,0.0225,0.0253,0.0282,0.0325,0.0427
0.376,0.4314,0.5094,0.0498,0.1114,0.0604,0.0741,0.0835,0.1014,0.9835,0.8206,0.9303,0.0612,0.0651,0.0688,0.187835,0.02115685,8.54e-05,-0.0376252,-0.880078,0.0089,0.0117,0.0152,0.0197,0.021,0.0242,0.0271,0.0299,0.0337,0.0415
0.3939,0.4028,0.9401,0.0486,0.1432,0.0646,0.0914,0.1088,0.128,0.8158,0.9029,0.8027,0.0633,0.0749,0.0974,0.191059,0.03461854,0.00013775,-0.5034807,-0.2524757,0.0186,0.0243,0.0292,0.0329,0.0357,0.0389,0.0418,0.045,0.049,0.0566
0.3529,0.493,0.837,0.0381,0.1485,0.075,0.0863,0.1106,0.1328,0.8284,0.9878,0.8284,0.0656,0.0785,0.0819,0.144129,0.026389653,9.04e-05,-0.096881,-0.6582885,0.0139,0.0177,0.0212,0.0247,0.0265,0.0292,0.0319,0.0354,0.0396,0.0482
0.3526,0.4209,0.5844,0.0373,0.1457,0.0615,0.0833,0.113,0.1159,0.8755,0.9,0.8062,0.0701,0.0736,0.0921,0.210965,0.027188274,0.0001408,0.07333564,-0.7520443,0.0114,0.0164,0.0209,0.0249,0.0267,0.0307,0.035,0.0384,0.0438,0.0548
0.4165,0.4811,0.9208,0.0497,0.1376,0.0673,0.0993,0.1008,0.1188,0.9046,0.8308,0.8948,0.0651,0.0906,0.0925,0.095759,0.02513859,8.04e-05,-0.1188475,-0.3709858,0.0139,0.0166,0.021,0.0225,0.0257,0.027,0.0306,0.0332,0.036,0.049
0.3785,0.4751,0.9379,0.0377,0.1235,0.0494,0.072,0.0939,0.1084,0.985,0.8986,0.8437,0.0512,0.0517,0.081,0.140608,0.023749409,7.05e-05,-0.1940455,-0.2091415,0.0109,0.0161,0.0201,0.0215,0.0241,0.0257,0.0283,0.0311,0.0344,0.0464
0.4195,0.4007,0.6878,0.0399,0.1289,0.0636,0.0671,0.0837,0.1081,0.9909,0.8574,0.8455,0.055,0.0808,0.0945,0.172395,0.019351358,5.64e-05,-0.0633307,-0.7577081,0.01,0.0111,0.0151,0.0166,0.0197,0.0211,0.0241,0.0261,0.0295,0.0364
0.3585,0.4589,0.9149,0.0363,0.1428,0.054,0.0935,0.1101,0.1179,0.9464,0.9462,0.966,0.061,0.0667,0.0838,0.17151,0.03266695,0.00014448,-0.1220213,-0.5188917,0.0165,0.0217,0.0254,0.0295,0.0334,0.0361,0.0396,0.0434,0.0493,0.0579
0.4148,0.4116,0.6117,0.0464,0.1172,0.0661,0.0839,0.0913,0.099,0.9793,0.9489,0.8474,0.059,0.0744,0.0774,0.168255,0.021091124,8.03e-05,-0.0255723,-0.8656437,0.0092,0.012,0.0154,0.0193,0.0209,0.0247,0.0263,0.0301,0.0333,0.0406
0.4123,0.4837,0.6844,0.0452,0.1395,0.066,0.0759,0.0982,0.1203,0.9222,0.9164,0.9312,0.0601,0.0912,0.0946,0.089946,0.01799479,6.68e-05,0.08418478,-0.8437593,0.0064,0.0103,0.0127,0.0151,0.0179,0.0202,0.0225,0.0255,0.0292,0.04
0.376,0.4425,0.733,0.0411,0.1274,0.0596,0.0748,0.0959,0.1057,0.8903,0.8787,0.9938,0.0564,0.0798,0.0935,0.173525,0.022065258,6.89e-05,-0.0160222,-0.6075094,0.0115,0.0139,0.0166,0.0199,0.0213,0.0247,0.0266,0.0298,0.033,0.0456
0.3987,0.4235,0.854,0.0421,0.1159,0.0694,0.07,0.0849,0.1034,0.8563,0.9249,0.911,0.0544,0.0603,0.0764,0.170276,0.026964448,8.75e-05,-0.1618965,-0.5461464,0.0144,0.0199,0.0214,0.0246,0.0264,0.03,0.0321,0.0358,0.0395,0.0472
0.3896,0.4291,0.7765,0.0434,0.1284,0.0631,0.0765,0.0943,0.1169,0.8588,0.8244,0.9986,0.055,0.0774,0.0999,0.172817,0.022876677,6.83e-05,-0.0688638,-0.6374397,0.0116,0.0154,0.0181,0.021,0.023,0.0253,0.0275,0.0309,0.0337,0.043
0.3589,0.4701,0.6847,0.0484,0.1388,0.0689,0.0952,0.1026,0.1206,0.8776,0.8146,0.9925,0.0811,0.0869,0.0958,0.159856,0.023850794,0.00010077,0.04062918,-0.609981,0.0105,0.0148,0.0181,0.0209,0.0239,0.0263,0.0301,0.0328,0.0369,0.051
0.37,0.4112,0.6467,0.036,0.1123,0.0507,0.0696,0.0813,0.0969,0.8307,0.9312,0.948,0.054,0.062,0.0794,0.214776,0.02227352,8.31e-05,0.118768835,-0.5868406,0.0112,0.0136,0.0161,0.02,0.0214,0.0244,0.0267,0.0307,0.0344,0.0461
0.4119,0.454,0.7312,0.0376,0.1401,0.0579,0.0609,0.1025,0.1226,0.8946,0.9979,0.9448,0.055,0.0828,0.0963,0.126538,0.01780027,5.95e-05,0.058221914,-0.8048646,0.0065,0.0105,0.0124,0.0154,0.0176,0.0202,0.022,0.0249,0.0275,0.0367
0.3512,0.4638,0.5227,0.037,0.1331,0.058,0.0817,0.0937,0.111,0.9183,0.9164,0.8618,0.0597,0.0901,0.0997,0.177217,0.02405123,0.00012784,0.390865058,-0.0565642,0.0093,0.0136,0.0169,0.0202,0.0242,0.0265,0.0298,0.0336,0.0381,0.0594
0.4184,0.4767,0.7316,0.0371,0.1484,0.0726,0.0763,0.1017,0.1351,0.807,0.8462,0.991,0.0748,0.0817,0.0857,0.093661,0.016604687,5.84e-05,0.11383228,-0.902079081,0.006,0.0103,0.0118,0.0145,0.0159,0.0201,0.0211,0.0246,0.0264,0.035
0.3587,0.4639,0.9326,0.0392,0.1293,0.0525,0.0816,0.0983,0.1141,0.9683,0.9473,0.9739,0.059,0.0645,0.069,0.166137,0.032494198,0.000162407,0.049451964,-0.475076273,0.0159,0.0216,0.0253,0.0284,0.032,0.0354,0.0399,0.0438,0.0501,0.0628
0.3564,0.4293,0.5318,0.0411,0.114,0.0549,0.0554,0.0771,0.1039,0.8826,0.8876,0.9112,0.0549,0.0805,0.094,0.203455,0.021961555,9.28e-05,0.074809313,-0.59901357,0.0096,0.012,0.016,0.0202,0.022,0.0254,0.0275,0.0303,0.0346,0.0482
0.3705,0.4497,0.8626,0.0466,0.1417,0.0647,0.0941,0.1027,0.129,0.9273,0.8892,0.9863,0.0641,0.0834,0.0901,0.165729,0.029925123,0.000119681,0.10892721,-0.162633051,0.0155,0.0208,0.0236,0.0268,0.0296,0.0329,0.036,0.0404,0.0441,0.0634
0.4149,0.4548,0.6804,0.0366,0.1298,0.0571,0.0794,0.0957,0.1201,0.9507,0.8559,0.8647,0.0542,0.0855,0.098,0.124904,0.017440259,6.19e-05,0.091121297,-0.885644095,0.0062,0.0103,0.0112,0.0151,0.0166,0.0198,0.0218,0.0252,0.0277,0.0364
0.3535,0.472,0.7347,0.0399,0.1233,0.0587,0.0847,0.0894,0.096,0.8639,0.8623,0.9761,0.0515,0.0781,0.0804,0.165476,0.022242631,8.39e-05,0.167754111,-0.526263309,0.0101,0.0139,0.0165,0.0204,0.0216,0.0247,0.0267,0.0307,0.0353,0.0474
0.3797,0.4929,0.6631,0.0482,0.1264,0.062,0.0847,0.0936,0.1156,0.8186,0.8373,0.8079,0.0553,0.0748,0.0822,0.118392,0.021382867,0.000108786,0.22291345,-0.811608227,0.007,0.0108,0.0145,0.017,0.0211,0.0248,0.0272,0.0315,0.0354,0.0485
0.363,0.429,0.9175,0.0474,0.1313,0.0697,0.0838,0.0843,0.1195,0.8882,0.897,0.8447,0.0521,0.0888,0.0987,0.199187,0.036588644,0.000153188,-0.275348441,-0.297441154,0.021,0.0254,0.0305,0.0346,0.0367,0.0409,0.0435,0.0482,0.0528,0.0638
0.4048,0.4481,0.7644,0.0402,0.1353,0.05,0.0779,0.0995,0.124,0.9265,0.8498,0.9864,0.0551,0.0639,0.0947,0.131737,0.018371531,5.71e-05,0.072727505,-0.677100593,0.01,0.011,0.015,0.016,0.0181,0.0207,0.0223,0.0255,0.0281,0.0377
0.3553,0.4045,0.7061,0.0433,0.1183,0.0534,0.0722,0.0935,0.1067,0.9503,0.8203,0.8776,0.0858,0.0862,0.0896,0.235357,0.026652795,9.69e-05,0.071496526,-0.516332296,0.0147,0.0174,0.0209,0.0245,0.0264,0.0294,0.0325,0.0356,0.0398,0.0532
0.3565,0.4855,0.7253,0.0404,0.111,0.0581,0.0676,0.0905,0.0961,0.854,0.9691,0.9029,0.0587,0.0782,0.0928,0.153412,0.020629987,7.78e-05,0.129228649,-0.564146884,0.0098,0.0125,0.0146,0.0181,0.0203,0.0229,0.0256,0.0282,0.0324,0.0456
0.4133,0.4798,0.9348,0.0466,0.1394,0.0674,0.0897,0.1113,0.1299,0.8715,0.8472,0.9822,0.056,0.0642,0.0801,0.100715,0.024569883,7.04e-05,-0.404331073,-0.426039916,0.0125,0.0169,0.0203,0.0228,0.0254,0.0271,0.0301,0.0324,0.0352,0.0403
0.3535,0.4727,0.7168,0.0356,0.1243,0.0422,0.0597,0.0874,0.0984,0.8567,0.9063,0.8669,0.0506,0.0673,0.0679,0.167922,0.019332331,6.85e-05,0.097215624,-0.723162011,0.0088,0.0113,0.0145,0.0164,0.0197,0.0214,0.0249,0.0267,0.0308,0.0406
0.38,0.4655,0.8228,0.0464,0.1467,0.064,0.0893,0.1094,0.114,0.9542,0.9929,0.8077,0.0565,0.0875,0.0985,0.145485,0.025045171,9.5e-05,0.193670627,-0.391062413,0.012,0.0162,0.02,0.0215,0.0251,0.0272,0.0305,0.0339,0.0383,0.0532
0.4074,0.4006,0.504,0.0371,0.1426,0.0626,0.0746,0.0823,0.1139,0.925,0.8685,0.827,0.0646,0.0752,0.0771,0.184264,0.020657391,8.22e-05,0.039549384,-0.753286944,0.0089,0.0119,0.0155,0.0182,0.0212,0.024,0.0256,0.0294,0.0328,0.0433
0.412,0.4535,0.9101,0.037,0.1358,0.0604,0.0683,0.0901,0.1084,0.8475,0.9212,0.9279,0.0665,0.0788,0.0915,0.130516,0.023818596,6.99e-05,-0.206378096,-0.494083885,0.0123,0.0162,0.0203,0.0216,0.0244,0.026,0.0286,0.032,0.0347,0.043
0.3935,0.4338,0.7437,0.0486,0.1312,0.0658,0.0772,0.0856,0.1152,0.9137,0.9473,0.9585,0.0708,0.0982,0.0994,0.163011,0.024804488,9.29e-05,-0.028192345,-0.785909317,0.0121,0.0149,0.0197,0.0213,0.0251,0.0269,0.031,0.0339,0.0375,0.0458
0.4048,0.4298,0.5012,0.0417,0.1461,0.0581,0.0904,0.1165,0.1273,0.8386,0.893,0.8459,0.0529,0.0538,0.0603,0.154207,0.020540416,9.18e-05,0.204058162,-0.642985793,0.007,0.0107,0.0144,0.0172,0.0207,0.0228,0.0255,0.0295,0.0341,0.0472
0.3667,0.4032,0.6388,0.0366,0.1223,0.0633,0.0761,0.0821,0.1142,0.8505,0.9147,0.8313,0.0521,0.056,0.0953,0.22589,0.026125299,0.000108085,0.054073572,-0.658233878,0.0118,0.0163,0.0203,0.0233,0.0261,0.0291,0.0325,0.0357,0.04,0.0532
0.3653,0.4092,0.7861,0.0428,0.112,0.0528,0.078,0.0848,0.092,0.9266,0.9441,0.9845,0.0872,0.0897,0.0918,0.219429,0.02736783,9.35e-05,-0.010501402,-0.404102747,0.0152,0.0196,0.0215,0.0252,0.0275,0.0304,0.033,0.0356,0.0402,0.0532
0.3884,0.4729,0.5853,0.0438,0.1336,0.0635,0.0752,0.0992,0.1148,0.8521,0.861,0.8705,0.0656,0.0737,0.087,0.125938,0.01988901,7.89e-05,0.025399048,-0.876780238,0.0067,0.011,0.0143,0.0166,0.0209,0.0222,0.0251,0.0279,0.0318,0.0394
0.408,0.4898,0.5423,0.0462,0.1323,0.0677,0.0752,0.0914,0.1226,0.9129,0.9235,0.8128,0.0597,0.0759,0.0808,0.092726,0.01736272,6.02e-05,0.03391059,-0.9241085,0.0062,0.0108,0.0121,0.0149,0.0168,0.0205,0.0215,0.025,0.0273,0.035
0.3738,0.4571,0.58,0.048,0.1399,0.0806,0.0819,0.1126,0.1283,0.8976,0.9485,0.8983,0.0517,0.0655,0.0984,0.154072,0.026070008,0.0001342,0.024643055,-0.7101143,0.0107,0.0155,0.02,0.023,0.0263,0.0298,0.0332,0.0363,0.0411,0.0532
0.3886,0.4824,0.6385,0.0439,0.131,0.0508,0.0766,0.092,0.1173,0.9823,0.9775,0.8867,0.0676,0.0796,0.0951,0.117874,0.01788969,6.99e-05,0.210618331,-0.713385,0.0063,0.01,0.0118,0.0146,0.0169,0.0207,0.0222,0.0257,0.0291,0.0391
0.3777,0.453,0.8958,0.0468,0.1352,0.0605,0.0935,0.1033,0.1179,0.9635,0.9643,0.8791,0.0617,0.0675,0.0727,0.163308,0.031070311,0.00011995,-0.1239494,-0.3790907,0.0164,0.022,0.0246,0.028,0.0311,0.0342,0.0367,0.0407,0.0453,0.0568
0.3747,0.4749,0.5085,0.0483,0.1456,0.0616,0.0946,0.1088,0.1237,0.9481,0.93,0.9756,0.0661,0.0757,0.0775,0.137787,0.02242519,0.00010617,0.11120317,-0.7477164,0.0095,0.0114,0.0154,0.0203,0.022,0.0256,0.0284,0.032,0.0359,0.0485
0.3655,0.4249,0.9076,0.0424,0.1497,0.0524,0.0957,0.1066,0.1222,0.887,0.9771,0.8289,0.0531,0.0536,0.0581,0.198005,0.030845089,0.00012277,-0.0362297,-0.1254383,0.0158,0.0212,0.0255,0.0273,0.0311,0.0334,0.0359,0.0401,0.0456,0.061
0.3937,0.4891,0.6446,0.0472,0.1149,0.0615,0.0745,0.0807,0.1,0.9833,0.9851,0.8571,0.0546,0.0606,0.0884,0.109251,0.017157963,6.18e-05,0.109835597,-0.8798568,0.0062,0.0104,0.0113,0.0154,0.0165,0.0202,0.0213,0.0251,0.0276,0.0377
0.3701,0.469,0.6034,0.0384,0.1489,0.0688,0.0728,0.1169,0.13,0.8238,0.9039,0.9675,0.0667,0.0712,0.0767,0.148111,0.02138027,9.43e-05,0.146217738,-0.582429,0.0095,0.0114,0.0153,0.0186,0.0207,0.0242,0.0266,0.0305,0.0344,0.0497
0.3962,0.4608,0.7121,0.0413,0.1304,0.0544,0.0752,0.0957,0.1152,0.825,0.9449,0.9911,0.0738,0.077,0.0955,0.135608,0.018384402,6.57e-05,0.06531246,-0.8349974,0.0066,0.0108,0.0138,0.016,0.0191,0.021,0.0231,0.0261,0.0298,0.0381
0.4075,0.4891,0.9337,0.0384,0.1198,0.0556,0.0813,0.0907,0.097,0.8769,0.8676,0.9798,0.0904,0.0963,0.0984,0.097219,0.020206552,5.06e-05,-0.2166294,-0.4850793,0.0105,0.0148,0.0158,0.0192,0.0204,0.0221,0.0247,0.0261,0.029,0.0367
0.3778,0.4231,0.7141,0.0436,0.1252,0.0594,0.0684,0.0915,0.1128,0.8594,0.9549,0.8482,0.0618,0.0632,0.0933,0.19511,0.02339794,7.55e-05,-0.0810946,-0.7271947,0.0115,0.0155,0.0184,0.0214,0.0243,0.0257,0.0288,0.0318,0.0348,0.0433
0.3506,0.4856,0.8181,0.0397,0.114,0.0444,0.065,0.0716,0.0925,0.8581,0.8393,0.8621,0.0918,0.0924,0.0977,0.158196,0.021963018,7.78e-05,0.199382874,-0.4711273,0.0102,0.0139,0.0162,0.0201,0.0215,0.0243,0.0263,0.0298,0.0343,0.0469
0.3915,0.459,0.6541,0.0463,0.1409,0.0564,0.0782,0.108,0.1103,0.9092,0.9927,0.8834,0.0525,0.0542,0.0939,0.136575,0.019136568,7.25e-05,0.05524084,-0.7817507,0.0067,0.011,0.0144,0.0157,0.0199,0.0211,0.0253,0.027,0.0305,0.0412
0.3502,0.4859,0.8993,0.0384,0.1151,0.0515,0.0584,0.0851,0.0923,0.9768,0.8679,0.9803,0.0853,0.0921,0.096,0.157286,0.02507808,8.1e-05,-0.0472097,-0.4581452,0.0136,0.0169,0.0206,0.022,0.025,0.0271,0.0303,0.0328,0.0369,0.0472
0.3695,0.4931,0.663,0.0415,0.1404,0.0477,0.085,0.101,0.1241,0.895,0.924,0.8337,0.0579,0.0829,0.0953,0.128388,0.019311656,8.53e-05,0.275868917,-0.6271628,0.0067,0.0109,0.0145,0.016,0.0193,0.0213,0.0242,0.027,0.0324,0.0427
0.3977,0.4425,0.7343,0.0478,0.1233,0.0708,0.0744,0.0969,0.1135,0.8953,0.8981,0.8122,0.0576,0.0847,0.098,0.153575,0.023699702,8.74e-05,-0.018942,-0.7202492,0.0115,0.0157,0.0187,0.0208,0.0251,0.0263,0.0293,0.0322,0.0363,0.045
0.4001,0.4852,0.7185,0.0414,0.1169,0.0525,0.0754,0.081,0.087,0.8276,0.8835,0.86,0.0575,0.0734,0.095,0.107652,0.016312539,5.74e-05,0.21539809,-0.7258612,0.0061,0.0102,0.011,0.0149,0.0159,0.0189,0.0208,0.0236,0.026,0.0374
0.3886,0.4935,0.7838,0.0441,0.1144,0.0543,0.0717,0.0903,0.1045,0.9303,0.8032,0.966,0.0707,0.0904,0.0944,0.11299,0.01741529,5.48e-05,0.05655626,-0.7970509,0.0064,0.0112,0.0123,0.015,0.0168,0.0204,0.0214,0.0248,0.0268,0.035
0.3734,0.4233,0.593,0.0465,0.111,0.061,0.0753,0.0814,0.1008,0.928,0.9893,0.8119,0.0673,0.091,0.0936,0.198746,0.02168579,8.1e-05,-0.0139903,-0.7386235,0.0099,0.0125,0.0159,0.0203,0.0215,0.0243,0.0262,0.0301,0.0341,0.0424
0.4189,0.4733,0.7947,0.0383,0.138,0.0609,0.0754,0.1074,0.1169,0.8677,0.996,0.9854,0.0686,0.0832,0.0926,0.100149,0.01756838,5.76e-05,0.09604168,-0.7340746,0.0065,0.0107,0.0121,0.0157,0.0171,0.0203,0.0214,0.0251,0.0273,0.0377
0.379,0.4125,0.9384,0.0451,0.1227,0.0565,0.0798,0.0844,0.1076,0.8893,0.9342,0.8404,0.0544,0.0632,0.0829,0.198341,0.03188298,0.00011712,-0.453045,-0.2354546,0.0167,0.0231,0.0263,0.0304,0.0335,0.0356,0.0383,0.0411,0.0451,0.0539
0.3612,0.4029,0.7346,0.0439,0.14,0.0731,0.0773,0.106,0.1139,0.9038,0.8368,0.9044,0.0689,0.0774,0.0818,0.22314,0.03289536,0.00015125,0.06115557,-0.5864329,0.0161,0.0216,0.0247,0.0292,0.0335,0.0363,0.0406,0.0438,0.0493,0.0636
0.4181,0.4338,0.5601,0.0407,0.1173,0.053,0.0771,0.0971,0.0999,0.9653,0.8447,0.8855,0.0593,0.0828,0.0946,0.138163,0.016972368,5.59e-05,0.00181509,-0.9162839,0.0062,0.0104,0.0114,0.0153,0.0166,0.0201,0.0216,0.0248,0.0265,0.0374
0.4012,0.433,0.7759,0.0489,0.1105,0.0603,0.0819,0.0852,0.0968,0.8345,0.8695,0.8518,0.0673,0.0867,0.0993,0.161052,0.02387677,8.35e-05,0.00351628,-0.7322694,0.0107,0.015,0.0197,0.0211,0.0242,0.0258,0.0296,0.0321,0.0361,0.0472
0.3925,0.498,0.7297,0.0477,0.1277,0.0606,0.0851,0.1035,0.1097,0.8741,0.9741,0.9629,0.0517,0.0733,0.0787,0.097013,0.017488615,6.21e-05,0.09810765,-0.8068209,0.0062,0.0103,0.0113,0.0153,0.017,0.02,0.0217,0.0247,0.0276,0.0367
0.3903,0.4017,0.7234,0.0402,0.1477,0.0683,0.0837,0.0877,0.1199,0.9919,0.9138,0.8523,0.052,0.0919,0.0931,0.198943,0.025540396,8.4e-05,-0.0945237,-0.6844016,0.013,0.0167,0.0208,0.0232,0.0255,0.0281,0.0312,0.0348,0.0368,0.0474
0.4152,0.4618,0.9461,0.0483,0.1467,0.0864,0.0981,0.1116,0.1294,0.8531,0.8998,0.8059,0.0581,0.0645,0.0998,0.115227,0.03075744,0.00010933,-0.3449663,-0.1862128,0.0166,0.022,0.0257,0.0284,0.0316,0.0346,0.0362,0.0399,0.0439,0.0539
0.3501,0.4233,0.7412,0.0423,0.1266,0.0592,0.0862,0.0878,0.1146,0.9964,0.9198,0.9441,0.0525,0.0592,0.08,0.219361,0.029320127,0.00011672,0.026290869,-0.5865562,0.0141,0.0205,0.0229,0.0261,0.0292,0.0323,0.0354,0.0387,0.0434,0.0559
0.4167,0.4582,0.9191,0.0404,0.1197,0.0497,0.0845,0.0941,0.1057,0.9726,0.9285,0.8026,0.0723,0.0948,0.0962,0.116741,0.02103364,5.35e-05,-0.2500985,-0.5039897,0.0107,0.015,0.0165,0.0198,0.0209,0.0235,0.0252,0.0271,0.0308,0.0367
0.3752,0.4212,0.9268,0.0373,0.1353,0.051,0.0721,0.0872,0.1185,0.9581,0.8556,0.8096,0.052,0.0613,0.0773,0.196502,0.02719974,8.59e-05,-0.3035448,-0.1786844,0.0146,0.0207,0.0226,0.0258,0.027,0.0304,0.0328,0.0354,0.0385,0.0492
0.3727,0.4933,0.8474,0.0462,0.1453,0.06,0.0846,0.1007,0.1415,0.9866,0.8879,0.8428,0.0769,0.093,0.0972,0.12491,0.023124216,7.97e-05,0.057713691,-0.6918827,0.0117,0.0156,0.0173,0.0203,0.0226,0.0259,0.0278,0.0312,0.0359,0.045
0.369,0.4268,0.6581,0.0399,0.1185,0.0609,0.075,0.0783,0.1035,0.9391,0.8169,0.959,0.0681,0.0706,0.0957,0.197022,0.023171604,8.39e-05,-0.0406985,-0.7175278,0.0111,0.0152,0.0174,0.0213,0.0242,0.0259,0.0284,0.0314,0.0354,0.0439
0.3554,0.4478,0.5407,0.0457,0.1206,0.0619,0.0679,0.0857,0.1107,0.8428,0.99,0.9377,0.0774,0.0821,0.0999,0.191079,0.022813271,9.72e-05,-0.0292379,-0.7901946,0.0097,0.0138,0.017,0.0208,0.0234,0.0259,0.0286,0.0318,0.0363,0.0482
0.3724,0.4259,0.7411,0.0479,0.1218,0.062,0.0768,0.0948,0.1101,0.901,0.8133,0.9404,0.0511,0.06,0.0858,0.19718,0.026262779,8.92e-05,-0.0767243,-0.6357749,0.0142,0.0173,0.0204,0.0236,0.0263,0.0299,0.0316,0.0352,0.039,0.0502
0.4148,0.4882,0.9481,0.043,0.1412,0.0664,0.0691,0.0982,0.1228,0.899,0.9498,0.9327,0.0551,0.0715,0.0933,0.093031,0.024177437,6.68e-05,-0.3889875,-0.3860252,0.0125,0.0168,0.0201,0.0222,0.0251,0.0264,0.0297,0.0317,0.0346,0.0403
0.399,0.4109,0.9345,0.0372,0.1353,0.0501,0.0785,0.0909,0.1211,0.9275,0.8739,0.8471,0.0802,0.0915,0.0999,0.175854,0.026915384,8.26e-05,-0.425379,-0.2305662,0.0142,0.0205,0.0222,0.0253,0.0274,0.0303,0.0323,0.0356,0.0379,0.0477
0.4085,0.4073,0.5842,0.0484,0.1326,0.0668,0.0876,0.0995,0.1242,0.9861,0.9071,0.8882,0.0673,0.0746,0.0785,0.17139,0.02259497,8.88e-05,-0.125079,-0.8563163,0.0097,0.0142,0.0162,0.0203,0.0226,0.0262,0.0285,0.0314,0.035,0.0412
0.4038,0.4641,0.8454,0.0418,0.1391,0.0562,0.0809,0.1084,0.1197,0.8927,0.909,0.8171,0.0665,0.0717,0.0969,0.118268,0.02134828,6.76e-05,0.05081828,-0.6609007,0.0108,0.0145,0.0159,0.0202,0.0212,0.0237,0.0255,0.0289,0.0324,0.0424
0.4135,0.4551,0.9299,0.0477,0.1201,0.062,0.0764,0.0793,0.1027,0.906,0.8003,0.9019,0.0682,0.0755,0.0993,0.12436,0.024611028,7.04e-05,-0.383708,-0.4836202,0.0141,0.0168,0.0203,0.0221,0.0258,0.0276,0.0306,0.0321,0.0351,0.0412
0.408,0.4505,0.6422,0.0484,0.1354,0.0621,0.0779,0.1002,0.1206,0.8049,0.9366,0.8715,0.0514,0.0636,0.067,0.13208,0.01857153,6.86e-05,0.03426939,-0.907204,0.0065,0.0105,0.0137,0.0153,0.019,0.0214,0.024,0.0259,0.0302,0.0394
0.3622,0.4881,0.6861,0.0476,0.1459,0.0635,0.0779,0.116,0.1393,0.9183,0.9252,0.8858,0.0743,0.0842,0.0888,0.136865,0.02341034,0.00011336,0.16336975,-0.6024507,0.0099,0.014,0.0162,0.0198,0.0231,0.026,0.0298,0.0332,0.0372,0.0497
0.3706,0.4607,0.9442,0.0389,0.1355,0.0507,0.0709,0.095,0.1126,0.9057,0.9947,0.9835,0.0648,0.067,0.0675,0.154003,0.02867016,0.00011874,-0.0435029,-0.329032,0.0137,0.0193,0.0229,0.0254,0.0287,0.0317,0.0347,0.038,0.0435,0.0579
0.4097,0.4745,0.8532,0.0471,0.1208,0.0685,0.0731,0.085,0.1131,0.9019,0.9312,0.969,0.0619,0.0725,0.0849,0.108694,0.020708306,6.01e-05,-0.0104132,-0.6780367,0.0102,0.0137,0.0153,0.019,0.0211,0.0225,0.0255,0.0271,0.0312,0.0391
0.3934,0.4301,0.9108,0.0462,0.1269,0.0643,0.0692,0.1058,0.1143,0.9399,0.899,0.8858,0.0613,0.0759,0.0981,0.166691,0.02963826,9.76e-05,-0.348297,-0.2576682,0.0163,0.021,0.025,0.0274,0.0306,0.0334,0.0357,0.0385,0.0417,0.0532
0.3894,0.4704,0.8023,0.0418,0.1291,0.058,0.0731,0.0939,0.1163,0.9205,0.9204,0.9202,0.0501,0.059,0.062,0.126938,0.021467538,7.89e-05,0.118581145,-0.7219495,0.0104,0.0127,0.016,0.0191,0.0215,0.0245,0.0261,0.0297,0.0339,0.0436
0.4193,0.4256,0.8981,0.0434,0.1173,0.0655,0.083,0.09,0.1031,0.9192,0.9231,0.8599,0.0686,0.074,0.0822,0.142626,0.025758745,7.5e-05,-0.3359573,-0.3915962,0.015,0.0189,0.0216,0.0246,0.0261,0.0286,0.0311,0.0339,0.0364,0.0439
0.4102,0.4333,0.6969,0.0357,0.1443,0.0489,0.0694,0.1064,0.1086,0.9414,0.8477,0.8628,0.0522,0.0615,0.065,0.146065,0.017234095,5.4e-05,0.080867362,-0.763468589,0.0064,0.0112,0.0124,0.0151,0.0167,0.0202,0.0214,0.0248,0.0266,0.0354
0.3563,0.4387,0.8991,0.0369,0.1121,0.0485,0.0586,0.0704,0.0925,0.8932,0.9327,0.9893,0.0502,0.0659,0.0785,0.199463,0.02563906,7.88e-05,-0.2325133,-0.4089956,0.014,0.0175,0.0212,0.0246,0.0262,0.0284,0.0308,0.0336,0.0368,0.0485
0.4153,0.4132,0.6752,0.0384,0.1355,0.0703,0.0901,0.1005,0.1154,0.9935,0.9823,0.9985,0.0807,0.0889,0.0962,0.159312,0.023554254,9.72e-05,0.126117267,-0.6548625,0.0104,0.0143,0.0168,0.021,0.0236,0.0263,0.0291,0.0324,0.0365,0.0485
0.3882,0.4488,0.7546,0.0358,0.1382,0.0587,0.0721,0.089,0.1202,0.9586,0.992,0.9756,0.0783,0.0855,0.0984,0.14841,0.022597453,9.16e-05,0.200209747,-0.4413754,0.0105,0.0144,0.0164,0.0198,0.0223,0.0247,0.0275,0.0311,0.0359,0.051
0.3603,0.4572,0.8641,0.0444,0.1445,0.0611,0.0749,0.1095,0.1285,0.9083,0.9533,0.9707,0.0641,0.0665,0.0906,0.164304,0.03051328,0.00012681,-0.0166674,-0.5380945,0.0152,0.0198,0.0239,0.027,0.0305,0.034,0.0368,0.0406,0.0454,0.0574
0.4118,0.4246,0.8007,0.0458,0.1221,0.07,0.0703,0.1031,0.1048,0.955,0.8581,0.8439,0.0518,0.0802,0.0904,0.153082,0.023338273,6.93e-05,-0.1264423,-0.6678944,0.0115,0.0153,0.0198,0.0211,0.0237,0.0258,0.0279,0.0314,0.0348,0.0418
0.3907,0.4392,0.5728,0.0366,0.1439,0.0662,0.0777,0.1054,0.1233,0.9211,0.9262,0.9593,0.0695,0.0713,0.0922,0.154784,0.022350985,9.79e-05,-0.0001132,-0.866615,0.0096,0.0128,0.0164,0.0197,0.022,0.0258,0.0283,0.0317,0.036,0.045
0.3572,0.4587,0.8101,0.0434,0.113,0.0534,0.073,0.0807,0.1031,0.8669,0.9473,0.8168,0.0835,0.0989,0.0998,0.178131,0.02359329,6.83e-05,0.00583867,-0.1982484,0.0117,0.0158,0.0191,0.021,0.0235,0.0259,0.0275,0.0312,0.0342,0.05
0.3503,0.4182,0.5408,0.0379,0.1168,0.0606,0.0709,0.0902,0.1002,0.8652,0.9983,0.9589,0.0792,0.0818,0.0944,0.22605,0.024505382,0.00010668,0.03433568,-0.6231367,0.0105,0.0148,0.0191,0.0221,0.0246,0.0269,0.0307,0.0336,0.038,0.0495
0.3932,0.4667,0.848,0.0367,0.1123,0.0621,0.0817,0.0886,0.1068,0.8371,0.853,0.9257,0.0597,0.0612,0.0862,0.131752,0.02221602,6.79e-05,-0.0877934,-0.7272512,0.0108,0.0146,0.0169,0.02,0.0221,0.0251,0.0267,0.0302,0.0333,0.0403
0.3676,0.4156,0.8057,0.0453,0.1216,0.0634,0.0745,0.0962,0.1131,0.9924,0.9358,0.9661,0.0599,0.06,0.0704,0.205428,0.029808351,0.00010665,-0.039405,-0.3819137,0.0156,0.02,0.024,0.0268,0.0298,0.0327,0.0355,0.0392,0.0436,0.0572
0.4146,0.4482,0.9089,0.0455,0.1301,0.0597,0.0803,0.0872,0.1183,0.9727,0.9094,0.8891,0.0642,0.065,0.0882,0.129563,0.02438591,6.96e-05,-0.3129371,-0.4573373,0.0141,0.0163,0.0202,0.0219,0.0257,0.0272,0.0298,0.0317,0.0352,0.0412
0.3983,0.4581,0.6474,0.0444,0.1427,0.0576,0.0867,0.0897,0.1208,0.8978,0.8575,0.9194,0.0607,0.0658,0.08,0.133089,0.01958953,7.8e-05,0.09527488,-0.7860587,0.0068,0.0111,0.0145,0.0158,0.02,0.0213,0.0256,0.0278,0.0315,0.0412
0.4039,0.4865,0.759,0.046,0.1337,0.0625,0.0857,0.1071,0.1192,0.9718,0.8126,0.9931,0.0507,0.0608,0.0833,0.096532,0.017421558,6.13e-05,0.111311739,-0.826277,0.0063,0.0103,0.0112,0.0151,0.0166,0.0197,0.0216,0.0249,0.0278,0.0364
0.3886,0.4329,0.7372,0.0381,0.1232,0.0538,0.0606,0.0975,0.1092,0.9315,0.8591,0.9227,0.064,0.0795,0.0848,0.171918,0.02166564,7.17e-05,0.012733525,-0.6558666,0.0107,0.0146,0.0162,0.0202,0.0215,0.0242,0.026,0.0297,0.033,0.0427
0.3746,0.486,0.9023,0.036,0.1167,0.0505,0.0679,0.0828,0.1052,0.9276,0.8815,0.8525,0.0742,0.0791,0.0883,0.133166,0.022396246,6.26e-05,-0.1383829,-0.4924991,0.0114,0.0152,0.0181,0.0204,0.0225,0.0253,0.0267,0.03,0.033,0.0406
0.3831,0.4744,0.8709,0.0407,0.1126,0.0555,0.0654,0.0824,0.0932,0.8339,0.9335,0.9397,0.0527,0.0581,0.0675,0.13726,0.021675297,6.2e-05,-0.0455453,-0.5791497,0.0111,0.0147,0.0163,0.02,0.0211,0.0251,0.0265,0.029,0.0319,0.0412
0.3792,0.4862,0.607,0.047,0.143,0.0573,0.0916,0.0942,0.1298,0.8634,0.8669,0.8426,0.0566,0.0859,0.0914,0.123446,0.021327589,9.92e-05,0.166505635,-0.670077,0.0071,0.011,0.0148,0.0179,0.0213,0.0249,0.027,0.0305,0.0345,0.0485
0.4006,0.4015,0.5428,0.0419,0.1299,0.0519,0.079,0.0913,0.1201,0.8225,0.8756,0.9235,0.051,0.0555,0.0801,0.18609,0.0201312,7.39e-05,-0.0244321,-0.8278733,0.0088,0.0115,0.0149,0.0174,0.0205,0.0226,0.0254,0.0281,0.0315,0.0415
0.3649,0.4578,0.6105,0.0483,0.1139,0.0627,0.0816,0.0936,0.101,0.8202,0.9936,0.9168,0.0836,0.0849,0.0894,0.17009,0.021629153,8.72e-05,-0.0224999,-0.8141475,0.0093,0.0122,0.0158,0.0199,0.0216,0.0246,0.0267,0.0305,0.0343,0.0427
0.4109,0.4632,0.7597,0.0493,0.113,0.0586,0.0736,0.0904,0.1033,0.8281,0.919,0.9467,0.0544,0.0795,0.0846,0.121846,0.01838089,5.7e-05,-0.002053,-0.7564157,0.0086,0.0109,0.0141,0.0157,0.0189,0.0204,0.0228,0.0253,0.0282,0.04
0.4198,0.4834,0.924,0.0465,0.1356,0.0622,0.092,0.0973,0.129,0.8347,0.9943,0.8983,0.0837,0.0864,0.0938,0.087997,0.021177732,5.9e-05,-0.1426027,-0.6339348,0.0108,0.0153,0.0165,0.0202,0.0212,0.0242,0.0261,0.0283,0.0316,0.0381
0.351,0.4175,0.9366,0.0374,0.1315,0.0535,0.0781,0.0999,0.117,0.8916,0.8437,0.8187,0.0575,0.0805,0.0977,0.220008,0.03440152,0.00014697,-0.2889816,-0.2680723,0.019,0.0253,0.0277,0.0323,0.0351,0.0384,0.0413,0.0454,0.0487,0.0618
0.3642,0.4248,0.8844,0.0496,0.1195,0.0613,0.076,0.0932,0.1067,0.8233,0.8693,0.8834,0.0724,0.079,0.0896,0.202244,0.03214168,0.00011294,-0.2749216,-0.2367053,0.0189,0.0231,0.0266,0.0299,0.0327,0.0353,0.0384,0.0413,0.0454,0.0561
0.4065,0.4543,0.6438,0.0366,0.1274,0.0476,0.0754,0.0967,0.097,0.8784,0.8804,0.9196,0.064,0.0839,0.0939,0.1349,0.017144815,6.14e-05,0.180697724,-0.675761,0.0063,0.0098,0.0116,0.0145,0.0164,0.0205,0.0217,0.0244,0.0271,0.0394
0.3679,0.408,0.7675,0.0396,0.1199,0.0586,0.0653,0.0913,0.0934,0.9994,0.821,0.8343,0.0604,0.0606,0.0806,0.218738,0.02385789,6.28e-05,-0.2424667,-0.5719148,0.0124,0.0161,0.0203,0.0216,0.0244,0.0259,0.029,0.0314,0.0342,0.0427
0.3677,0.482,0.9383,0.0416,0.1273,0.0526,0.0751,0.0975,0.1015,0.9087,0.9228,0.9338,0.0504,0.0703,0.0738,0.146725,0.029532892,0.0001274,-0.0253059,-0.4954882,0.0138,0.0205,0.0231,0.026,0.0292,0.0321,0.0359,0.0403,0.045,0.0552
0.3747,0.4807,0.5178,0.0488,0.126,0.061,0.0793,0.0957,0.1125,0.8092,0.9365,0.8853,0.0502,0.066,0.0895,0.13736,0.020413854,8.95e-05,0.194065254,-0.6103836,0.0069,0.0107,0.0145,0.0172,0.0206,0.0226,0.0255,0.0289,0.0324,0.0472
0.3555,0.4093,0.6667,0.0473,0.1254,0.0551,0.0709,0.0932,0.109,0.9602,0.8897,0.9378,0.0515,0.052,0.0638,0.228328,0.027075827,0.00012171,0.294460001,-0.272128,0.0126,0.0168,0.0201,0.0236,0.0259,0.0296,0.0332,0.0362,0.0414,0.0579
0.3503,0.4338,0.7308,0.043,0.1459,0.0595,0.0846,0.1026,0.1292,0.9801,0.8308,0.9759,0.0683,0.0856,0.0983,0.20618,0.028955372,0.00012114,0.07184442,-0.5511775,0.0139,0.0187,0.0223,0.0253,0.0286,0.0324,0.0354,0.039,0.0438,0.0579
0.4058,0.4342,0.5095,0.0448,0.1347,0.0508,0.0799,0.1056,0.1255,0.9676,0.9961,0.9108,0.0608,0.0632,0.0796,0.143907,0.01929533,7.82e-05,0.129277506,-0.784162,0.0067,0.0111,0.0145,0.016,0.0203,0.0215,0.0244,0.0268,0.0313,0.0424
0.3957,0.4891,0.5244,0.049,0.1227,0.0679,0.0721,0.0913,0.1086,0.9453,0.8793,0.905,0.0594,0.0937,0.096,0.109044,0.01890538,7.46e-05,0.0508569,-0.9423199,0.0064,0.0105,0.0146,0.0158,0.0195,0.0209,0.0244,0.0265,0.0313,0.0367
0.4196,0.4277,0.8782,0.0398,0.1184,0.0546,0.0738,0.0812,0.1105,0.8544,0.8729,0.9437,0.0544,0.0813,0.0871,0.143981,0.021722601,5.29e-05,-0.306803,-0.4890218,0.0111,0.0156,0.0176,0.0205,0.0214,0.025,0.026,0.0281,0.0312,0.0377
0.3979,0.4749,0.5879,0.0487,0.1152,0.0595,0.0781,0.0907,0.0911,0.9062,0.8696,0.8972,0.0605,0.0808,0.0868,0.11989,0.019096978,7.32e-05,0.0174844,-0.8920437,0.0065,0.0106,0.0139,0.0158,0.0205,0.0218,0.0245,0.0266,0.031,0.0394
0.3842,0.4999,0.5312,0.0456,0.122,0.0678,0.0717,0.0947,0.1062,0.8478,0.8762,0.8276,0.0624,0.0677,0.0976,0.10628,0.019382551,8.13e-05,0.112847777,-0.8355751,0.0066,0.0107,0.0142,0.0162,0.0198,0.0218,0.0251,0.0274,0.0318,0.0406
0.3546,0.4191,0.6801,0.0481,0.1163,0.0591,0.0644,0.0889,0.0966,0.8354,0.9052,0.8132,0.0735,0.0833,0.095,0.219222,0.025653703,9.61e-05,0.03283765,-0.5849576,0.0116,0.016,0.0197,0.0225,0.0256,0.0279,0.0318,0.0349,0.0383,0.05
0.4101,0.4823,0.5542,0.0423,0.1311,0.0544,0.081,0.0908,0.1167,0.9114,0.8488,0.8136,0.0514,0.086,0.0873,0.10247,0.0165154,5.8e-05,0.100347888,-0.9103924,0.006,0.0101,0.0109,0.0148,0.0159,0.0194,0.0208,0.0242,0.0264,0.0367
0.3733,0.4735,0.7592,0.0405,0.1365,0.059,0.0779,0.1058,0.1064,0.9934,0.8986,0.8699,0.0504,0.0862,0.0986,0.146061,0.02109224,7.71e-05,0.135482707,-0.6281519,0.0104,0.0128,0.0161,0.0187,0.0207,0.023,0.0262,0.029,0.0328,0.045
0.3952,0.4209,0.7963,0.0365,0.1496,0.0576,0.0784,0.0996,0.1265,0.8902,0.9085,0.9047,0.0558,0.0689,0.0701,0.166314,0.024901207,8.48e-05,0.124594864,-0.3402994,0.0127,0.0161,0.0195,0.0219,0.025,0.0269,0.0303,0.0323,0.0367,0.0502
0.384,0.4986,0.8612,0.037,0.1413,0.0561,0.0863,0.1022,0.1193,0.8431,0.955,0.9127,0.0894,0.0901,0.0985,0.105921,0.02111846,7.83e-05,0.23676558,-0.568662,0.0103,0.0125,0.0157,0.0181,0.021,0.0232,0.0256,0.029,0.0335,0.043
0.3936,0.4801,0.5933,0.0468,0.148,0.0755,0.092,0.1105,0.127,0.9955,0.9706,0.8521,0.0522,0.0772,0.0983,0.118511,0.022471305,0.00010974,0.104364358,-0.8645135,0.0093,0.0126,0.0151,0.0197,0.0214,0.0255,0.028,0.0325,0.0371,0.0458
0.3971,0.4257,0.9298,0.0376,0.1413,0.0628,0.0782,0.0962,0.1251,0.8117,0.8648,0.8058,0.0508,0.0866,0.0872,0.168712,0.02983783,0.00010536,-0.3103329,-0.2371479,0.0164,0.0216,0.0256,0.0272,0.0305,0.0332,0.0363,0.0393,0.0429,0.055
0.3997,0.4901,0.6357,0.0403,0.1309,0.053,0.0677,0.0957,0.1044,0.8175,0.9851,0.9579,0.0625,0.0656,0.0906,0.10664,0.016184821,5.55e-05,0.08201343,-0.9798118,0.006,0.0101,0.0116,0.0143,0.0155,0.0193,0.021,0.0231,0.0259,0.035
0.3932,0.4081,0.5813,0.0422,0.1363,0.0541,0.086,0.099,0.1211,0.9567,0.9683,0.8203,0.0552,0.0754,0.0853,0.189377,0.021512265,8.12e-05,-0.002279,-0.7227879,0.0102,0.0131,0.0153,0.0197,0.0212,0.024,0.0261,0.0301,0.0335,0.0461
0.403,0.4641,0.5438,0.037,0.1476,0.0482,0.0883,0.1076,0.1293,0.9649,0.9432,0.8935,0.0596,0.0633,0.0946,0.116041,0.017362877,6.72e-05,0.300591027,-0.419749,0.0064,0.0104,0.0122,0.0154,0.0165,0.0194,0.0214,0.0251,0.0281,0.0442
0.3976,0.4375,0.8252,0.0434,0.1451,0.0578,0.073,0.1003,0.1265,0.9952,0.904,0.8923,0.0956,0.0959,0.0998,0.155364,0.023289637,6.94e-05,-0.0468529,-0.5929406,0.0119,0.0158,0.019,0.0213,0.0237,0.0254,0.0279,0.0312,0.0344,0.0433
0.3797,0.4414,0.5735,0.0415,0.148,0.0594,0.0898,0.1168,0.1299,0.8473,0.9306,0.8576,0.0685,0.0776,0.0857,0.164692,0.022927467,0.00010682,0.06565099,-0.7723168,0.0096,0.013,0.0157,0.0206,0.0223,0.0261,0.0291,0.0324,0.0365,0.0485
0.404,0.4129,0.9306,0.0436,0.1401,0.0552,0.0856,0.1123,0.1235,0.84,0.9764,0.9129,0.0557,0.0732,0.0998,0.167572,0.028717418,0.000103,-0.309521,-0.3667837,0.0152,0.0203,0.024,0.026,0.0293,0.0318,0.0346,0.0377,0.0418,0.0522
0.386,0.4467,0.7085,0.0368,0.1291,0.053,0.0697,0.1015,0.1136,0.8739,0.8265,0.8191,0.0606,0.0673,0.0766,0.159408,0.020695265,7.62e-05,0.114911194,-0.5874479,0.0095,0.0111,0.0148,0.0184,0.0207,0.023,0.0252,0.0284,0.0324,0.0464
0.3735,0.4082,0.6766,0.0446,0.1236,0.0604,0.0628,0.0985,0.1118,0.8675,0.8794,0.9075,0.0789,0.0795,0.0932,0.213588,0.02612392,9.74e-05,-0.032587,-0.6478796,0.0116,0.016,0.0213,0.0233,0.0259,0.0295,0.0321,0.0351,0.039,0.0495
0.3866,0.4057,0.6843,0.0433,0.1399,0.0735,0.0875,0.0931,0.1201,0.8359,0.8374,0.8545,0.0582,0.0601,0.0737,0.193554,0.028569414,0.00012877,0.109367892,-0.6362384,0.0128,0.0178,0.0218,0.0251,0.0279,0.0315,0.0351,0.0387,0.044,0.0552
0.3513,0.4091,0.7383,0.0375,0.13,0.0713,0.075,0.0909,0.1151,0.9853,0.8023,0.8992,0.0563,0.0921,0.0962,0.234969,0.029451461,0.00010102,-0.1859964,-0.6056687,0.0156,0.0203,0.0238,0.0265,0.03,0.0327,0.0357,0.039,0.042,0.0512
0.412,0.4597,0.514,0.0479,0.1397,0.0626,0.0872,0.0893,0.1172,0.9187,0.8985,0.9841,0.0564,0.0837,0.0931,0.116696,0.018361466,7.16e-05,0.15089024,-0.7734354,0.0064,0.0101,0.013,0.0148,0.018,0.0208,0.0232,0.026,0.0299,0.0384
0.3504,0.4815,0.6885,0.0418,0.135,0.068,0.079,0.0942,0.1127,0.9859,0.8431,0.9649,0.0596,0.085,0.0868,0.162192,0.024145274,0.00011018,0.07953975,-0.7563661,0.0104,0.0146,0.0177,0.0205,0.024,0.0267,0.0305,0.0344,0.0389,0.0502
0.4088,0.4118,0.6824,0.0379,0.1284,0.0529,0.0776,0.0808,0.0959,0.9895,0.8429,0.8964,0.0586,0.0732,0.0805,0.17552,0.019056772,5.84e-05,-0.0095682,-0.7637046,0.01,0.011,0.015,0.0161,0.0196,0.0209,0.0241,0.0256,0.0292,0.0367
0.3503,0.435,0.9169,0.038,0.1409,0.0485,0.0675,0.0964,0.1151,0.9897,0.9395,0.8366,0.0756,0.0967,0.0975,0.211175,0.02985353,0.00010882,-0.202675,-0.2263153,0.0149,0.0215,0.0247,0.0274,0.0306,0.0329,0.0354,0.0385,0.0429,0.0559
0.386,0.4853,0.759,0.0465,0.1117,0.0722,0.0738,0.0827,0.1018,0.9586,0.9882,0.9385,0.0519,0.0579,0.0847,0.123081,0.021255971,8.29e-05,-0.0146301,-0.8754621,0.0093,0.012,0.0152,0.0196,0.0209,0.0252,0.0269,0.0304,0.0334,0.0412
0.3852,0.4671,0.6119,0.0408,0.1475,0.0725,0.0838,0.0931,0.1225,0.8838,0.9385,0.8907,0.0807,0.0851,0.0906,0.141804,0.022042003,9.6e-05,0.030215648,-0.8307609,0.0093,0.0124,0.016,0.0206,0.022,0.0252,0.0276,0.0312,0.0355,0.0439
0.3773,0.4069,0.7529,0.0402,0.1383,0.0542,0.0889,0.0928,0.1112,0.8724,0.8999,0.8936,0.0661,0.0688,0.0785,0.206556,0.02782933,0.00011041,0.149611107,-0.4940302,0.0154,0.0199,0.0217,0.0254,0.0269,0.0307,0.0346,0.0371,0.0422,0.0548
0.3616,0.4574,0.7386,0.0483,0.1433,0.0673,0.0886,0.104,0.1239,0.8259,0.8578,0.8308,0.0832,0.0865,0.0884,0.170861,0.027659122,0.00011748,0.07901064,-0.6543038,0.0142,0.017,0.021,0.025,0.0274,0.0309,0.0342,0.0374,0.0419,0.0532
0.399,0.4597,0.7454,0.0483,0.1215,0.0552,0.0885,0.0904,0.0972,0.9159,0.8702,0.9858,0.0501,0.0586,0.0987,0.136761,0.01954002,6.34e-05,-0.0274575,-0.8098488,0.0089,0.0111,0.0142,0.0162,0.0203,0.0217,0.0245,0.027,0.0299,0.0384
0.4124,0.4589,0.7692,0.0427,0.1323,0.0767,0.0793,0.0884,0.1096,0.9282,0.9888,0.9533,0.0571,0.0603,0.0777,0.1158,0.020533608,7.49e-05,0.014373009,-0.8509033,0.0092,0.0117,0.015,0.0176,0.0204,0.0232,0.0256,0.0287,0.0324,0.0403
0.3637,0.4674,0.5727,0.0378,0.1219,0.0571,0.0692,0.0956,0.1139,0.9485,0.9461,0.8926,0.0897,0.0914,0.0936,0.158881,0.021595375,9.29e-05,0.05242533,-0.8150285,0.0091,0.0121,0.0157,0.0193,0.0215,0.0246,0.0268,0.031,0.0347,0.043
0.4164,0.4639,0.6684,0.0368,0.1201,0.047,0.0675,0.0843,0.1165,0.8109,0.9824,0.9763,0.066,0.0717,0.0846,0.114684,0.015092477,4.75e-05,0.146029928,-0.8697839,0.0058,0.0093,0.0108,0.0123,0.0152,0.0162,0.0199,0.0212,0.0246,0.0324
0.3661,0.4625,0.8172,0.0459,0.1265,0.0714,0.072,0.0843,0.1038,0.9357,0.9278,0.9386,0.0552,0.0854,0.0919,0.164877,0.02935982,0.00013411,0.130593406,-0.555706,0.0139,0.0189,0.0225,0.0256,0.0291,0.0328,0.0361,0.0404,0.0451,0.0587
0.4095,0.4305,0.7228,0.0427,0.1183,0.0613,0.0692,0.095,0.1042,0.9931,0.8754,0.8797,0.0522,0.077,0.0964,0.148257,0.019240998,6.02e-05,-0.0723707,-0.8699824,0.01,0.012,0.0149,0.0167,0.0204,0.0215,0.0252,0.0265,0.0299,0.0357
0.4049,0.4873,0.5725,0.043,0.136,0.0567,0.0696,0.0945,0.1238,0.8703,0.8528,0.8998,0.0663,0.068,0.0916,0.10216,0.017014598,6.37e-05,0.185158634,-0.7919102,0.0061,0.0101,0.0111,0.015,0.016,0.0196,0.0211,0.0246,0.0273,0.0367
0.3703,0.4028,0.9211,0.0359,0.1116,0.0454,0.0688,0.0761,0.0979,0.8215,0.9143,0.9199,0.0544,0.0552,0.0828,0.219418,0.028087332,9.45e-05,-0.178993,-0.0829384,0.0142,0.0209,0.0232,0.026,0.0282,0.0311,0.0333,0.0359,0.0399,0.0559
0.3725,0.4728,0.6663,0.0485,0.1133,0.059,0.0747,0.0885,0.106,0.9336,0.8628,0.8713,0.0661,0.0837,0.0898,0.147777,0.0207145,8.52e-05,0.0842871,-0.7994384,0.009,0.012,0.0155,0.0174,0.0213,0.0238,0.026,0.0295,0.033,0.0439
0.353,0.4042,0.5739,0.0456,0.1418,0.0771,0.0807,0.109,0.1343,0.9859,0.8764,0.9815,0.0545,0.0655,0.0808,0.226684,0.03060313,0.00016232,0.06495349,-0.7686992,0.0133,0.0188,0.0226,0.0266,0.0305,0.0353,0.0377,0.0422,0.048,0.0594
0.378,0.4378,0.8224,0.0439,0.1183,0.057,0.0581,0.0916,0.1095,0.8173,0.9195,0.8568,0.0524,0.0683,0.0942,0.178264,0.024064686,6.97e-05,-0.1713014,-0.585246,0.0122,0.0161,0.0203,0.0218,0.0246,0.0264,0.0295,0.032,0.0348,0.043
0.399,0.4253,0.6501,0.0442,0.1331,0.0597,0.0735,0.0943,0.1132,0.837,0.8043,0.9432,0.0772,0.0871,0.0913,0.165763,0.02009176,7.1e-05,-0.0606381,-0.9016953,0.0101,0.0113,0.0156,0.0175,0.0207,0.0224,0.0258,0.0284,0.0315,0.0381
0.3575,0.458,0.7097,0.0478,0.1268,0.0589,0.0819,0.0976,0.1158,0.8878,0.9545,0.9967,0.0582,0.0637,0.0912,0.176727,0.024722032,0.00010468,0.204077234,-0.4155799,0.0109,0.0143,0.0191,0.0217,0.0244,0.0268,0.0303,0.0337,0.0384,0.0552
0.3751,0.4668,0.7856,0.0423,0.1197,0.0579,0.0812,0.0967,0.1046,0.8461,0.8353,0.9207,0.0926,0.096,0.0994,0.145926,0.021971609,7.54e-05,0.03366317,-0.6828071,0.0108,0.0149,0.0164,0.0206,0.0219,0.0249,0.0268,0.0299,0.0336,0.0436
0.3538,0.4294,0.9145,0.0463,0.1227,0.0669,0.0832,0.0844,0.1079,0.8205,0.813,0.9744,0.0788,0.0898,0.0978,0.210366,0.03293505,0.00011817,-0.4674867,-0.2545339,0.0199,0.025,0.027,0.0308,0.0347,0.0364,0.04,0.043,0.0468,0.0543
0.3804,0.4394,0.9492,0.049,0.1292,0.06,0.0864,0.0939,0.1057,0.9936,0.9889,0.9131,0.0582,0.0833,0.0929,0.168285,0.032639,0.0001229,-0.4905477,-0.2725121,0.0171,0.0251,0.027,0.0307,0.0347,0.0368,0.0404,0.0428,0.0464,0.055
0.3561,0.4651,0.8937,0.035,0.1201,0.0645,0.0764,0.0893,0.1026,0.8341,0.8122,0.872,0.0686,0.0817,0.0916,0.168594,0.029255215,0.00010646,-0.1615019,-0.4523484,0.0156,0.0202,0.0241,0.0261,0.0296,0.0323,0.035,0.0382,0.0428,0.0522
0.4172,0.4997,0.5969,0.0357,0.1431,0.0616,0.0754,0.1143,0.1159,0.9315,0.996,0.9201,0.0859,0.0938,0.0998,0.070768,0.015646459,5.12e-05,0.0733645,-1.0020334,0.0058,0.0093,0.0109,0.0141,0.0155,0.0176,0.0206,0.0223,0.0255,0.032
0.4071,0.4018,0.6493,0.047,0.1335,0.0684,0.0787,0.0993,0.1274,0.9024,0.833,0.9237,0.054,0.0781,0.0949,0.173692,0.02323743,8.98e-05,-0.003043,-0.7366855,0.0113,0.0139,0.017,0.0205,0.0233,0.0254,0.029,0.0321,0.0356,0.0461
0.3934,0.4682,0.8859,0.0373,0.1153,0.0581,0.0623,0.0932,0.1052,0.9214,0.8863,0.9282,0.0651,0.0662,0.0859,0.126853,0.02264214,6.51e-05,-0.0898926,-0.5407483,0.0116,0.0151,0.0186,0.0205,0.0221,0.0257,0.0274,0.0303,0.0329,0.0412
0.382,0.423,0.5453,0.0399,0.1159,0.051,0.068,0.0811,0.1061,0.8867,0.8362,0.8717,0.069,0.073,0.085,0.186664,0.020205712,7.75e-05,0.059566619,-0.6766107,0.009,0.0119,0.0155,0.0172,0.02,0.0225,0.0257,0.0281,0.0315,0.0442
0.4196,0.4091,0.5359,0.0451,0.1453,0.077,0.0858,0.1042,0.1249,0.8233,0.983,0.8198,0.0517,0.0899,0.0989,0.167121,0.02120613,8.72e-05,0.016618191,-0.8326185,0.009,0.0119,0.0155,0.02,0.0213,0.0241,0.026,0.03,0.0345,0.0424
0.4092,0.4421,0.8401,0.0422,0.1257,0.0573,0.0651,0.0937,0.1081,0.8063,0.8207,0.8542,0.0679,0.0713,0.0945,0.137807,0.021797756,6.22e-05,-0.0684849,-0.6249849,0.0109,0.0146,0.0167,0.0199,0.0216,0.0249,0.0261,0.0291,0.0323,0.0403
0.3668,0.4049,0.5635,0.0381,0.1439,0.0548,0.0763,0.1042,0.1145,0.9603,0.8585,0.9033,0.0552,0.0774,0.0796,0.218843,0.023990755,0.000104494,0.100208843,-0.574579806,0.0106,0.0149,0.0182,0.021,0.0239,0.0264,0.0298,0.0327,0.0372,0.0512
0.4082,0.4265,0.8637,0.0477,0.1391,0.0594,0.0724,0.1145,0.1151,0.9659,0.9661,0.8607,0.0634,0.0692,0.0776,0.157016,0.026159174,7.99e-05,-0.225863017,-0.46747238,0.0141,0.0198,0.0212,0.0243,0.0258,0.029,0.0315,0.035,0.0376,0.0472
0.3504,0.4082,0.5403,0.0428,0.135,0.0716,0.0785,0.0888,0.1223,0.8379,0.9164,0.9744,0.0714,0.0757,0.081,0.234979,0.027795505,0.00013219,0.011890785,-0.689049801,0.0119,0.0167,0.0205,0.0243,0.0274,0.0316,0.0349,0.0384,0.0435,0.0579
0.3743,0.4712,0.672,0.0402,0.1258,0.0572,0.0743,0.0924,0.1097,0.9259,0.865,0.8642,0.0509,0.0649,0.0919,0.147738,0.02078136,8.62e-05,0.086434958,-0.726581455,0.0091,0.0121,0.0143,0.0184,0.0207,0.0232,0.0259,0.0293,0.0331,0.0453
0.3981,0.4978,0.7732,0.0355,0.1408,0.0638,0.0698,0.0982,0.1114,0.8188,0.8536,0.9809,0.0595,0.0659,0.0989,0.097662,0.016277469,5.44e-05,0.096637458,-0.934550413,0.006,0.01,0.0115,0.0151,0.0161,0.019,0.0204,0.0232,0.0262,0.0335
0.3525,0.4408,0.7105,0.0371,0.1391,0.0629,0.0668,0.0921,0.1132,0.9866,0.9154,0.942,0.0556,0.0741,0.0871,0.193353,0.02575174,0.000102503,0.052420419,-0.633603045,0.0113,0.0157,0.0209,0.0227,0.026,0.0282,0.0318,0.0346,0.0397,0.0492
0.3593,0.4982,0.6075,0.0424,0.1216,0.0514,0.0598,0.0818,0.1005,0.9238,0.9155,0.9257,0.0519,0.0891,0.0936,0.139836,0.019486433,7.95e-05,0.187972002,-0.636078411,0.0069,0.0114,0.015,0.0162,0.0206,0.0219,0.025,0.0272,0.0315,0.0439
0.3541,0.4733,0.5064,0.0407,0.1239,0.0512,0.0748,0.0806,0.1113,0.9507,0.999,0.8375,0.0574,0.0587,0.0663,0.166235,0.019360944,8.13e-05,0.231250431,-0.615372831,0.0068,0.0113,0.0149,0.0161,0.0203,0.0218,0.0249,0.0271,0.0316,0.0439
0.3893,0.4448,0.5661,0.0351,0.1141,0.0453,0.0747,0.0907,0.0967,0.9645,0.8529,0.8236,0.0589,0.0663,0.0963,0.159708,0.016561988,5.54e-05,0.15613853,-0.708879971,0.0062,0.0095,0.0112,0.014,0.0155,0.0188,0.0209,0.0232,0.0267,0.0384
0.3587,0.4785,0.9427,0.0383,0.1207,0.0592,0.0621,0.0919,0.1077,0.9717,0.835,0.8651,0.0817,0.0899,0.0929,0.156798,0.026999695,8.65e-05,-0.413933145,-0.409616834,0.0153,0.0195,0.022,0.0257,0.0269,0.0301,0.0326,0.036,0.0393,0.045
0.3692,0.4275,0.555,0.0494,0.117,0.0642,0.0796,0.0953,0.1069,0.8638,0.9504,0.8926,0.0613,0.082,0.0912,0.193918,0.0243709,0.000107653,-0.048129217,-0.747018396,0.0101,0.0146,0.0188,0.0217,0.0253,0.0275,0.0304,0.0341,0.0376,0.0482
0.3803,0.445,0.7989,0.0439,0.1372,0.0588,0.0865,0.1091,0.1299,0.8369,0.8563,0.8817,0.0571,0.0648,0.0833,0.167717,0.027034049,0.000106696,0.167178187,-0.461752424,0.015,0.0173,0.0212,0.0248,0.0264,0.0299,0.0321,0.0363,0.0411,0.0543
0.4166,0.4286,0.6441,0.0456,0.1441,0.0576,0.0957,0.1112,0.1279,0.805,0.8776,0.9932,0.0647,0.0718,0.0861,0.148012,0.018991986,6.69e-05,0.01815929,-0.882606103,0.0077,0.011,0.0152,0.0164,0.0201,0.0212,0.0251,0.0267,0.0305,0.0381
0.3666,0.4097,0.7531,0.0425,0.1432,0.0726,0.084,0.1188,0.1243,0.8479,0.8125,0.9315,0.0738,0.0762,0.0845,0.214811,0.030973925,0.000120695,-0.068404826,-0.618279445,0.0159,0.0205,0.0243,0.0273,0.0312,0.0346,0.0375,0.0412,0.0458,0.0579
0.4142,0.4202,0.6028,0.0352,0.1429,0.0565,0.087,0.0917,0.1228,0.9266,0.9068,0.8212,0.0836,0.0883,0.0994,0.161345,0.020133862,7.85e-05,0.0553251,-0.780570729,0.0085,0.0116,0.0151,0.017,0.0207,0.0221,0.025,0.0276,0.0321,0.0424
0.377,0.4968,0.5025,0.0361,0.1214,0.0537,0.0736,0.0896,0.1022,0.9563,0.8196,0.9465,0.0733,0.0745,0.0966,0.123077,0.018051313,7.71e-05,0.346072494,-0.449300561,0.0065,0.0106,0.0124,0.0157,0.0169,0.0201,0.0228,0.0263,0.03,0.0447
0.4151,0.4569,0.6068,0.0467,0.1378,0.0762,0.0884,0.0889,0.1136,0.9631,0.8144,0.918,0.0543,0.0578,0.0762,0.122843,0.019375789,7.77e-05,0.030392796,-0.965728045,0.0066,0.0106,0.0139,0.0159,0.0205,0.0219,0.0247,0.0273,0.0317,0.0394
0.3519,0.4493,0.5064,0.043,0.1291,0.0611,0.0781,0.1179,0.1186,0.9366,0.9676,0.9536,0.0606,0.0674,0.0953,0.193068,0.026564361,0.00013865,-0.006845174,-0.783142888,0.0103,0.0147,0.0209,0.0232,0.0262,0.0301,0.0339,0.0374,0.0421,0.057
0.4057,0.4705,0.6995,0.0413,0.1459,0.0618,0.0944,0.1001,0.1149,0.8236,0.9964,0.8886,0.057,0.0656,0.0703,0.114807,0.017498456,6.19e-05,0.05881202,-0.9369754,0.0062,0.0103,0.0112,0.0151,0.0167,0.0199,0.0221,0.0252,0.028,0.0364
0.396,0.4914,0.7626,0.04,0.1332,0.0594,0.0663,0.0907,0.1174,0.8864,0.9381,0.8496,0.0695,0.08,0.0935,0.098543,0.016702977,5.84e-05,0.176128451,-0.7185526,0.0062,0.0103,0.0112,0.0152,0.0163,0.0199,0.0209,0.024,0.0266,0.0377
0.3616,0.4069,0.6054,0.043,0.1392,0.0783,0.0845,0.1004,0.1081,0.9618,0.9714,0.8403,0.0694,0.0804,0.0867,0.2223,0.02967251,0.00014027,0.013953988,-0.6822546,0.0136,0.0192,0.0218,0.0262,0.0301,0.0331,0.0367,0.0407,0.0454,0.061
0.4118,0.4772,0.8824,0.0401,0.1238,0.0598,0.0686,0.0905,0.1105,0.9685,0.8579,0.8249,0.0575,0.0715,0.0729,0.104087,0.018810658,5.02e-05,0.01762154,-0.6591801,0.0104,0.012,0.0148,0.0162,0.0201,0.0209,0.0222,0.0253,0.0282,0.035
0.4149,0.4573,0.661,0.0424,0.1323,0.0707,0.072,0.0902,0.1131,0.9395,0.9213,0.8732,0.0536,0.0656,0.0822,0.118226,0.020068085,8.75e-05,0.06196786,-0.9380214,0.0067,0.0111,0.0147,0.0164,0.0207,0.0225,0.0253,0.0294,0.0327,0.0424
0.3778,0.4235,0.5784,0.0468,0.1457,0.0713,0.1043,0.1129,0.1143,0.8208,0.9702,0.871,0.0731,0.0745,0.0983,0.189748,0.026083096,0.00012689,-0.0025133,-0.7972224,0.0106,0.0144,0.0204,0.0228,0.0263,0.0297,0.0332,0.0366,0.0408,0.0561
0.3997,0.4523,0.6789,0.0421,0.1158,0.0508,0.0707,0.086,0.1019,0.862,0.8702,0.9967,0.0623,0.0682,0.0785,0.141168,0.016666762,5.27e-05,0.05108625,-0.9093084,0.0061,0.0103,0.0116,0.0151,0.016,0.0193,0.0212,0.0244,0.0262,0.0328
0.3764,0.4769,0.6472,0.0472,0.1176,0.0601,0.0804,0.0805,0.1052,0.8992,0.9126,0.8388,0.0542,0.0568,0.0705,0.139557,0.019551776,7.69e-05,0.0809943,-0.7954698,0.0069,0.0112,0.0147,0.0162,0.0205,0.0217,0.0246,0.027,0.0311,0.0424
0.3808,0.4491,0.9131,0.0452,0.1297,0.0586,0.0708,0.0922,0.1106,0.8071,0.8258,0.8736,0.0582,0.079,0.0867,0.163009,0.028143558,8.85e-05,-0.3511058,-0.3204008,0.0152,0.0207,0.0242,0.0261,0.0287,0.0309,0.0339,0.0367,0.0403,0.0482
0.4147,0.4969,0.8648,0.0371,0.145,0.0575,0.0947,0.1145,0.1248,0.9624,0.8669,0.8945,0.0612,0.0729,0.0956,0.074535,0.017201553,5.57e-05,0.234736444,-0.5202209,0.0066,0.0102,0.0118,0.0145,0.0162,0.0199,0.0214,0.0238,0.0268,0.0391
0.3698,0.492,0.5054,0.0355,0.1257,0.0474,0.0808,0.0954,0.0976,0.804,0.8078,0.9256,0.0649,0.0685,0.089,0.133641,0.017512862,6.77e-05,0.253015671,-0.5953936,0.0064,0.0102,0.012,0.0151,0.0166,0.0205,0.0216,0.0247,0.0282,0.0424
0.4144,0.4638,0.7823,0.0456,0.1422,0.0655,0.0914,0.0982,0.1279,0.8842,0.9391,0.9932,0.0758,0.0928,0.0959,0.112481,0.02039725,7e-05,-0.0041572,-0.7805631,0.0092,0.0117,0.0149,0.0178,0.0211,0.0228,0.0251,0.0277,0.0316,0.0394
0.4082,0.4762,0.6201,0.0463,0.134,0.0622,0.0829,0.1108,0.1259,0.8723,0.8119,0.8128,0.0517,0.0651,0.0736,0.102884,0.018215854,7e-05,0.117955276,-0.8537426,0.0064,0.0102,0.0127,0.0149,0.0179,0.021,0.0231,0.0261,0.0298,0.0391
0.382,0.4116,0.7125,0.0411,0.126,0.0535,0.0881,0.0889,0.1188,0.9924,0.828,0.9627,0.0756,0.0807,0.0837,0.200835,0.02430858,8.57e-05,0.145406571,-0.2878261,0.0116,0.0158,0.0195,0.0212,0.0245,0.0263,0.0295,0.0322,0.0357,0.0522
0.3512,0.438,0.7133,0.0435,0.1265,0.063,0.0757,0.0924,0.1086,0.9252,0.8161,0.8112,0.0521,0.0606,0.0794,0.204385,0.025529504,9.48e-05,0.00878082,-0.7151579,0.0115,0.0158,0.0209,0.0226,0.0253,0.0281,0.0315,0.0346,0.0384,0.0495
0.3981,0.4453,0.5345,0.0385,0.1398,0.0558,0.0752,0.1096,0.1227,0.845,0.8719,0.8305,0.0508,0.0541,0.0655,0.14505,0.019947363,8.79e-05,0.196447016,-0.6903345,0.007,0.0104,0.0139,0.0163,0.0201,0.022,0.025,0.0283,0.0329,0.0464
0.4176,0.4343,0.7536,0.0385,0.1481,0.0602,0.0875,0.1131,0.1323,0.9087,0.9316,0.8474,0.0501,0.0763,0.0938,0.136898,0.02160333,7.96e-05,0.132382445,-0.5887972,0.0098,0.0133,0.0155,0.0197,0.0211,0.024,0.026,0.03,0.0337,0.0464
0.4028,0.4432,0.6986,0.0492,0.1354,0.0576,0.079,0.1015,0.1182,0.9467,0.9139,0.9379,0.0632,0.076,0.0881,0.140247,0.021480112,8.37e-05,0.02182229,-0.764904,0.0099,0.0127,0.015,0.0194,0.0213,0.0241,0.0265,0.0299,0.0338,0.0453
0.401,0.4095,0.7618,0.0352,0.14,0.0546,0.0632,0.1082,0.1259,0.9789,0.9171,0.899,0.0588,0.0671,0.0682,0.182033,0.02205804,6.05e-05,-0.0926026,-0.6250846,0.0111,0.0149,0.0172,0.0201,0.0218,0.0249,0.0261,0.0295,0.0325,0.0403
0.3691,0.413,0.6489,0.0351,0.1395,0.0484,0.0705,0.1121,0.1264,0.9397,0.9519,0.8852,0.0521,0.0593,0.0611,0.201143,0.023311134,0.00010648,0.350822726,-0.3008315,0.0108,0.0151,0.0169,0.0206,0.0226,0.0258,0.0283,0.0324,0.0366,0.0541
0.4094,0.4333,0.7181,0.0385,0.1217,0.0711,0.0731,0.0769,0.1062,0.8793,0.9511,0.9877,0.0635,0.0675,0.0939,0.149631,0.02130607,8.04e-05,0.044950015,-0.7943916,0.0098,0.0123,0.0157,0.0189,0.0212,0.0241,0.0261,0.0299,0.0336,0.0427
0.3565,0.4245,0.7276,0.0406,0.1183,0.0519,0.0731,0.087,0.0998,0.9281,0.8882,0.9602,0.059,0.0667,0.0712,0.208317,0.024859827,9.08e-05,0.126378891,-0.5287479,0.0115,0.0156,0.0206,0.0222,0.0244,0.0267,0.0305,0.0336,0.0374,0.0495
0.4182,0.4443,0.7225,0.0352,0.1345,0.0546,0.0819,0.0936,0.1113,0.889,0.9553,0.9762,0.0881,0.0939,0.0961,0.129067,0.0181268,6.11e-05,0.09811899,-0.7343693,0.0067,0.0104,0.0134,0.0148,0.0177,0.0207,0.0223,0.025,0.0287,0.0384
0.4019,0.4615,0.7136,0.0425,0.1296,0.0619,0.0835,0.0862,0.1149,0.9694,0.9041,0.9289,0.0706,0.0865,0.0921,0.12645,0.019783297,7.49e-05,0.06348106,-0.7522213,0.0086,0.0114,0.0149,0.0166,0.0206,0.0217,0.0247,0.0272,0.0313,0.0424
0.3727,0.4802,0.6129,0.0357,0.1202,0.0568,0.0771,0.0911,0.1019,0.9757,0.9695,0.916,0.0571,0.0734,0.0884,0.139493,0.02027803,8.8e-05,0.205663102,-0.5537074,0.007,0.0108,0.0147,0.0175,0.0207,0.0225,0.0257,0.0284,0.033,0.0482
0.3856,0.4318,0.8047,0.0365,0.1325,0.0591,0.0797,0.1038,0.1154,0.8961,0.8107,0.8543,0.0539,0.0565,0.0964,0.171928,0.024995605,7.8e-05,-0.1186596,-0.5868204,0.0129,0.0164,0.0205,0.0226,0.0252,0.0275,0.0306,0.0331,0.0361,0.0469
0.4009,0.4564,0.8331,0.0425,0.1382,0.0511,0.0714,0.0992,0.1231,0.9781,0.9151,0.8079,0.0518,0.0587,0.0753,0.137345,0.019720924,5.05e-05,-0.0462386,-0.6022686,0.0103,0.0139,0.0154,0.0174,0.02,0.0216,0.0248,0.0261,0.0294,0.0406
0.3697,0.4511,0.5074,0.0474,0.1481,0.078,0.0992,0.1014,0.1348,0.9243,0.9095,0.8497,0.0517,0.0518,0.081,0.164644,0.026306982,0.00014056,0.06360524,-0.7777995,0.0108,0.0157,0.0203,0.0229,0.0262,0.0299,0.0333,0.0369,0.0423,0.0543
0.4071,0.4972,0.5886,0.0442,0.141,0.0649,0.0718,0.0953,0.1263,0.958,0.8442,0.9366,0.0624,0.0696,0.0995,0.083997,0.016539848,5.68e-05,0.112743816,-0.8719579,0.006,0.0103,0.0118,0.0145,0.0159,0.0201,0.0211,0.0234,0.0261,0.035
0.4057,0.4142,0.9121,0.0483,0.138,0.0692,0.0856,0.1103,0.111,0.945,0.8115,0.9812,0.0629,0.0777,0.0805,0.171327,0.03136793,0.00011199,-0.4373519,-0.3346174,0.0163,0.0216,0.0255,0.0292,0.0321,0.035,0.0377,0.0414,0.045,0.052
0.4067,0.4503,0.92,0.0463,0.1222,0.0605,0.0825,0.0912,0.1031,0.8994,0.9464,0.9893,0.0561,0.0584,0.0741,0.135259,0.02571622,7.63e-05,-0.3608146,-0.4070273,0.015,0.0187,0.0205,0.0247,0.0263,0.0288,0.0312,0.0344,0.0364,0.0442
0.3894,0.4673,0.9394,0.0449,0.1459,0.0663,0.0781,0.0951,0.1302,0.9405,0.8468,0.9082,0.0619,0.0793,0.0916,0.142643,0.019303965,6.34e-05,-0.0857941,-0.8299454,0.01,0.0111,0.0153,0.0168,0.0203,0.0213,0.025,0.0263,0.0299,0.0377
